dataset,model,horizon,n,skill,mae_skill,alpha,alpha_ci_low,alpha_ci_high,skill_vp,collapse_flag,inflation_flag,near_ideal_flag,low_sample_flag,station_id,station_name,province,station_type,station_class,lat,lon,altitude_m,dem_code
e1_rr_43004006_10_M,hgb_direct,1,1591,0.103728580496874,0.0781548145958026,0.376074242659997,0.328623371714954,0.4342159955402204,0.0390096473525584,True,False,False,False,43004006_10_M,Alcanar Montecarlo,Tarragona,Rural Remote/Industrial,rural,40.57987,0.55352,6,ES2091A
e1_rr_43004006_10_M,hgb_direct,2,1576,0.18795894002857,0.1660326651917788,0.1861569334216844,0.1611888432963424,0.2170001423155395,0.0349898598849088,True,False,False,False,43004006_10_M,Alcanar Montecarlo,Tarragona,Rural Remote/Industrial,rural,40.57987,0.55352,6,ES2091A
e1_rr_43004006_10_M,hgb_direct,3,1564,0.2046229908886579,0.184776945086996,0.1518557039721447,0.1316067389789749,0.1778987814727998,0.0310731683302829,True,False,False,False,43004006_10_M,Alcanar Montecarlo,Tarragona,Rural Remote/Industrial,rural,40.57987,0.55352,6,ES2091A
e1_rr_43004006_10_M,hgb_direct,4,1555,0.215590860929647,0.2060218241824551,0.1251208686231342,0.1079415767231142,0.1470163457419749,0.0269749157867267,True,False,False,False,43004006_10_M,Alcanar Montecarlo,Tarragona,Rural Remote/Industrial,rural,40.57987,0.55352,6,ES2091A
e1_rr_43004006_10_M,hgb_direct,5,1545,0.2186248261975821,0.2075334988237768,0.1121446179421103,0.0956271125824897,0.1314750927001017,0.0245175976065881,True,False,False,False,43004006_10_M,Alcanar Montecarlo,Tarragona,Rural Remote/Industrial,rural,40.57987,0.55352,6,ES2091A
e1_rr_43004006_10_M,hgb_direct,6,1536,0.2081437289157878,0.1917420460298584,0.1106734635199595,0.0939219305181243,0.131355290889967,0.0230359873890697,True,False,False,False,43004006_10_M,Alcanar Montecarlo,Tarragona,Rural Remote/Industrial,rural,40.57987,0.55352,6,ES2091A
e1_rr_43004006_10_M,hgb_direct,7,1531,0.2130963128597638,0.1927298392195728,0.104554865301192,0.0876289023913298,0.1238829498055542,0.0222802562872332,True,False,False,False,43004006_10_M,Alcanar Montecarlo,Tarragona,Rural Remote/Industrial,rural,40.57987,0.55352,6,ES2091A
e1_rr_43004006_10_M,ridge_direct,1,1591,0.128625916508676,0.1063152507932326,0.3451439989374161,0.3011394977355802,0.3956912317530375,0.0443944631907946,True,False,False,False,43004006_10_M,Alcanar Montecarlo,Tarragona,Rural Remote/Industrial,rural,40.57987,0.55352,6,ES2091A
e1_rr_43004006_10_M,ridge_direct,2,1576,0.204680525336187,0.1828678530104481,0.1267397598758236,0.1083776742469426,0.148904288454455,0.0259411606323657,True,False,False,False,43004006_10_M,Alcanar Montecarlo,Tarragona,Rural Remote/Industrial,rural,40.57987,0.55352,6,ES2091A
e1_rr_43004006_10_M,ridge_direct,3,1564,0.2213798303652635,0.2005489192302614,0.0878895256467329,0.0744747660446738,0.1025145411319025,0.0194569682785572,True,False,False,False,43004006_10_M,Alcanar Montecarlo,Tarragona,Rural Remote/Industrial,rural,40.57987,0.55352,6,ES2091A
e1_rr_43004006_10_M,ridge_direct,4,1555,0.23655466684523,0.2240574500901945,0.0608637044708837,0.052075997781343,0.0714861817363046,0.0143975933340764,True,False,False,False,43004006_10_M,Alcanar Montecarlo,Tarragona,Rural Remote/Industrial,rural,40.57987,0.55352,6,ES2091A
e1_rr_43004006_10_M,ridge_direct,5,1545,0.2427821288378928,0.2270922157461803,0.0476801842783944,0.0403861569980074,0.0558365166836861,0.0115758966424916,True,False,False,False,43004006_10_M,Alcanar Montecarlo,Tarragona,Rural Remote/Industrial,rural,40.57987,0.55352,6,ES2091A
e1_rr_43004006_10_M,ridge_direct,6,1536,0.232453240995234,0.2156404957921219,0.045750489520756,0.038606264639942,0.0540859530239877,0.0106348495662182,True,False,False,False,43004006_10_M,Alcanar Montecarlo,Tarragona,Rural Remote/Industrial,rural,40.57987,0.55352,6,ES2091A
e1_rr_43004006_10_M,ridge_direct,7,1531,0.2380460713536182,0.2146530628700322,0.0356362152008328,0.0301610480044682,0.0418960398556852,0.0084830610264703,True,False,False,False,43004006_10_M,Alcanar Montecarlo,Tarragona,Rural Remote/Industrial,rural,40.57987,0.55352,6,ES2091A
e1_rr_43004006_10_M,sarima,1,139,0.1732234237266809,0.1589686663454376,0.400901661898133,0.2877011254958084,0.5593443231463125,0.0694455584517108,True,False,False,False,43004006_10_M,Alcanar Montecarlo,Tarragona,Rural Remote/Industrial,rural,40.57987,0.55352,6,ES2091A
e1_rr_43004006_10_M,sarima,2,140,0.1070412537572573,0.1900623015123954,0.0686182167819132,0.0397126238774611,0.130876404652398,0.0073449799549232,True,False,False,False,43004006_10_M,Alcanar Montecarlo,Tarragona,Rural Remote/Industrial,rural,40.57987,0.55352,6,ES2091A
e1_rr_43004006_10_M,sarima,3,139,0.1411739429638495,0.2019524815632161,0.0362429414181897,0.0214403546270129,0.0631812946370035,0.0051165589446136,True,False,False,False,43004006_10_M,Alcanar Montecarlo,Tarragona,Rural Remote/Industrial,rural,40.57987,0.55352,6,ES2091A
e1_rr_43004006_10_M,sarima,4,139,0.2783017057520477,0.2982777355539354,0.0296646388285738,0.0192990027443008,0.0476569775120657,0.0082557195865105,True,False,False,False,43004006_10_M,Alcanar Montecarlo,Tarragona,Rural Remote/Industrial,rural,40.57987,0.55352,6,ES2091A
e1_rr_43004006_10_M,sarima,5,138,0.3046558772964027,0.3134364596246051,0.0182730867821913,0.0121928049674292,0.0286158463634172,0.0055670032845417,True,False,False,False,43004006_10_M,Alcanar Montecarlo,Tarragona,Rural Remote/Industrial,rural,40.57987,0.55352,6,ES2091A
e1_rr_43004006_10_M,sarima,6,135,0.195033387928608,0.1929255593320509,0.0116791612520069,0.0071440112275573,0.0191657242162771,0.0022778263871434,True,False,False,False,43004006_10_M,Alcanar Montecarlo,Tarragona,Rural Remote/Industrial,rural,40.57987,0.55352,6,ES2091A
e1_rr_43004006_10_M,sarima,7,137,0.1777609772683028,0.2176223793963203,0.0073894960256389,0.004577380017403,0.011761850370513,0.0013135640350378,True,False,False,False,43004006_10_M,Alcanar Montecarlo,Tarragona,Rural Remote/Industrial,rural,40.57987,0.55352,6,ES2091A
e1_rr_43004006_10_M,seasonal_naive,1,1591,-0.3267573734019842,-0.3861054416945984,0.9931952863887789,0.8298467262351672,1.1891052754473137,-0.3245338830556288,False,False,False,False,43004006_10_M,Alcanar Montecarlo,Tarragona,Rural Remote/Industrial,rural,40.57987,0.55352,6,ES2091A
e1_rr_43004006_10_M,seasonal_naive,2,1576,-0.088035602367134,-0.101841060051071,0.9979459719152048,0.8442461063404071,1.194540816096729,-0.08785477476741,False,False,False,False,43004006_10_M,Alcanar Montecarlo,Tarragona,Rural Remote/Industrial,rural,40.57987,0.55352,6,ES2091A
e1_rr_43004006_10_M,seasonal_naive,3,1564,-0.0461902771879771,-0.0511385682318092,0.9996567411127206,0.8456281419988073,1.2043282517511114,-0.0461744219648264,False,False,False,False,43004006_10_M,Alcanar Montecarlo,Tarragona,Rural Remote/Industrial,rural,40.57987,0.55352,6,ES2091A
e1_rr_43004006_10_M,seasonal_naive,4,1555,-0.0146249697631157,-0.0084299518112918,1.0030419413945857,0.8476523500519388,1.1934769731028334,-0.0146694580640326,False,False,False,False,43004006_10_M,Alcanar Montecarlo,Tarragona,Rural Remote/Industrial,rural,40.57987,0.55352,6,ES2091A
e1_rr_43004006_10_M,seasonal_naive,5,1545,-0.0016277486088154,0.0015884877245611,1.0136178496111714,0.8491398424899498,1.210566563021663,-0.001649915044575,False,False,False,False,43004006_10_M,Alcanar Montecarlo,Tarragona,Rural Remote/Industrial,rural,40.57987,0.55352,6,ES2091A
e1_rr_43004006_10_M,seasonal_naive,6,1536,-0.0120091121216361,-0.0081177527318272,1.0121771626439202,0.8502509316437278,1.2149782207285853,-0.0121553490331503,False,False,False,False,43004006_10_M,Alcanar Montecarlo,Tarragona,Rural Remote/Industrial,rural,40.57987,0.55352,6,ES2091A
e1_rr_43004006_10_M,seasonal_naive,7,1531,0.0,0.0,1.016447213758479,0.8540878927108585,1.228530559546018,0.0,False,False,False,False,43004006_10_M,Alcanar Montecarlo,Tarragona,Rural Remote/Industrial,rural,40.57987,0.55352,6,ES2091A
e1_rr_43004006_10_M,stl_ridge_direct,1,1591,-1.701669355329821,-2.411703729636585,1.6562655347887043,1.4181771350601655,1.9526495316913464,-2.8184163048388955,False,True,False,False,43004006_10_M,Alcanar Montecarlo,Tarragona,Rural Remote/Industrial,rural,40.57987,0.55352,6,ES2091A
e1_rr_43004006_10_M,stl_ridge_direct,2,1576,-1.2309873925324215,-1.7298029485236914,1.5213711031585424,1.2931297825798884,1.805558694052677,-1.872788647351308,False,True,False,False,43004006_10_M,Alcanar Montecarlo,Tarragona,Rural Remote/Industrial,rural,40.57987,0.55352,6,ES2091A
e1_rr_43004006_10_M,stl_ridge_direct,3,1564,-1.1443500610402515,-1.6158023242722583,1.4709249873761483,1.2490342099867195,1.7547404795124293,-1.6832530990895267,False,False,False,False,43004006_10_M,Alcanar Montecarlo,Tarragona,Rural Remote/Industrial,rural,40.57987,0.55352,6,ES2091A
e1_rr_43004006_10_M,stl_ridge_direct,4,1555,-1.0815538526023285,-1.5158028981416796,1.3991661173639582,1.190492149679021,1.6500234295934424,-1.5132735046656307,False,False,False,False,43004006_10_M,Alcanar Montecarlo,Tarragona,Rural Remote/Industrial,rural,40.57987,0.55352,6,ES2091A
e1_rr_43004006_10_M,stl_ridge_direct,5,1545,-1.0537849889006274,-1.5013799334303526,1.3401640848422014,1.1249904190242836,1.5872897157721937,-1.4122447952704589,False,False,False,False,43004006_10_M,Alcanar Montecarlo,Tarragona,Rural Remote/Industrial,rural,40.57987,0.55352,6,ES2091A
e1_rr_43004006_10_M,stl_ridge_direct,6,1536,-1.07024958819381,-1.5295132221706202,1.2789331684329437,1.0783152501907889,1.529651011906199,-1.3687776968427627,False,False,False,False,43004006_10_M,Alcanar Montecarlo,Tarragona,Rural Remote/Industrial,rural,40.57987,0.55352,6,ES2091A
e1_rr_43004006_10_M,stl_ridge_direct,7,1531,-1.0415742825236487,-1.5078692516675205,1.2389146522285048,1.043718984228155,1.4870612252272395,-1.290421640002941,False,False,False,False,43004006_10_M,Alcanar Montecarlo,Tarragona,Rural Remote/Industrial,rural,40.57987,0.55352,6,ES2091A
e1_rr_08019043_10_M,hgb_direct,1,1155,0.1021735567303114,0.055915504849535,0.427546585153835,0.3487031733930501,0.522018285516673,0.0436839552730662,True,False,False,False,08019043_10_M,Barcelona L'Eixample,Barcelona,Urban/Traffic,urban,41.3853,2.1538,26,ES1438A
e1_rr_08019043_10_M,hgb_direct,2,1148,0.163238871893256,0.1085333531730483,0.187087164323822,0.1525795303880134,0.22888419163012,0.0305398976499289,True,False,False,False,08019043_10_M,Barcelona L'Eixample,Barcelona,Urban/Traffic,urban,41.3853,2.1538,26,ES1438A
e1_rr_08019043_10_M,hgb_direct,3,1139,0.1727921424890255,0.1297415488956819,0.140052726156596,0.1123696670808646,0.1736822618208888,0.024200010614027,True,False,False,False,08019043_10_M,Barcelona L'Eixample,Barcelona,Urban/Traffic,urban,41.3853,2.1538,26,ES1438A
e1_rr_08019043_10_M,hgb_direct,4,1134,0.2097880649835267,0.1613845316277194,0.1234736239907905,0.1007750249943412,0.1513154397518133,0.0259032926535315,True,False,False,False,08019043_10_M,Barcelona L'Eixample,Barcelona,Urban/Traffic,urban,41.3853,2.1538,26,ES1438A
e1_rr_08019043_10_M,hgb_direct,5,1127,0.2215068839392947,0.1772753354417343,0.1145614192038644,0.09203074186002,0.1424365845586801,0.0253761429875112,True,False,False,False,08019043_10_M,Barcelona L'Eixample,Barcelona,Urban/Traffic,urban,41.3853,2.1538,26,ES1438A
e1_rr_08019043_10_M,hgb_direct,6,1123,0.211973683970957,0.1734548969602218,0.1217399134952659,0.0988164987782127,0.1519428744572094,0.0258056579498971,True,False,False,False,08019043_10_M,Barcelona L'Eixample,Barcelona,Urban/Traffic,urban,41.3853,2.1538,26,ES1438A
e1_rr_08019043_10_M,hgb_direct,7,1118,0.1996196637650724,0.1587227558067296,0.1326391874911526,0.1099257015176674,0.1639971289195355,0.0264773900090562,True,False,False,False,08019043_10_M,Barcelona L'Eixample,Barcelona,Urban/Traffic,urban,41.3853,2.1538,26,ES1438A
e1_rr_08019043_10_M,ridge_direct,1,1155,0.1010158366992278,0.0677207114007497,0.452494510795521,0.3593824705292734,0.5770283605186582,0.0457091116098173,True,False,False,False,08019043_10_M,Barcelona L'Eixample,Barcelona,Urban/Traffic,urban,41.3853,2.1538,26,ES1438A
e1_rr_08019043_10_M,ridge_direct,2,1148,0.1715787853161801,0.1172012638973778,0.1534845238091154,0.1200156646891977,0.1939543942895592,0.0263346881600003,True,False,False,False,08019043_10_M,Barcelona L'Eixample,Barcelona,Urban/Traffic,urban,41.3853,2.1538,26,ES1438A
e1_rr_08019043_10_M,ridge_direct,3,1139,0.192936628558989,0.1438909583700193,0.0870445557726668,0.0702438767502485,0.1100413452847401,0.0167940831251932,True,False,False,False,08019043_10_M,Barcelona L'Eixample,Barcelona,Urban/Traffic,urban,41.3853,2.1538,26,ES1438A
e1_rr_08019043_10_M,ridge_direct,4,1134,0.2288559054895049,0.1774110795193062,0.0604679047283705,0.0493753537110956,0.0742874630540247,0.0138384370896643,True,False,False,False,08019043_10_M,Barcelona L'Eixample,Barcelona,Urban/Traffic,urban,41.3853,2.1538,26,ES1438A
e1_rr_08019043_10_M,ridge_direct,5,1127,0.2439065175608544,0.2003758372935035,0.0529418189048877,0.0428108566502099,0.0660122839319686,0.0129128546824285,True,False,False,False,08019043_10_M,Barcelona L'Eixample,Barcelona,Urban/Traffic,urban,41.3853,2.1538,26,ES1438A
e1_rr_08019043_10_M,ridge_direct,6,1123,0.2355384411314679,0.1919321005423291,0.0516576460973275,0.0417012970409821,0.0649858325453345,0.0121673614342855,True,False,False,False,08019043_10_M,Barcelona L'Eixample,Barcelona,Urban/Traffic,urban,41.3853,2.1538,26,ES1438A
e1_rr_08019043_10_M,ridge_direct,7,1118,0.2144950641625439,0.1717894427511335,0.0521697521493046,0.0429283372531313,0.0659057812985951,0.0111901543346091,True,False,False,False,08019043_10_M,Barcelona L'Eixample,Barcelona,Urban/Traffic,urban,41.3853,2.1538,26,ES1438A
e1_rr_08019043_10_M,sarima,1,143,0.0884018398166911,0.0822390113266854,0.5003396450888176,0.3280820694166249,0.7680347247265976,0.0442309451590817,False,False,False,False,08019043_10_M,Barcelona L'Eixample,Barcelona,Urban/Traffic,urban,41.3853,2.1538,26,ES1438A
e1_rr_08019043_10_M,sarima,2,144,0.277205994207367,0.1988933887338261,0.3009172521351125,0.1885671778884403,0.4861515845134646,0.0834160660522628,True,False,False,False,08019043_10_M,Barcelona L'Eixample,Barcelona,Urban/Traffic,urban,41.3853,2.1538,26,ES1438A
e1_rr_08019043_10_M,sarima,3,141,0.3511822451715841,0.2916277436755047,0.1469481211691042,0.0932773566789325,0.2329800484192394,0.0516055711159119,True,False,False,False,08019043_10_M,Barcelona L'Eixample,Barcelona,Urban/Traffic,urban,41.3853,2.1538,26,ES1438A
e1_rr_08019043_10_M,sarima,4,141,0.3475563250897877,0.2948068117829754,0.0730700051912946,0.0503712065808239,0.1067018489756957,0.025395942478578,True,False,False,False,08019043_10_M,Barcelona L'Eixample,Barcelona,Urban/Traffic,urban,41.3853,2.1538,26,ES1438A
e1_rr_08019043_10_M,sarima,5,143,0.3500120881633911,0.3203343239920243,0.076352772161282,0.0494396435130312,0.1224022550747445,0.0267243932212339,True,False,False,False,08019043_10_M,Barcelona L'Eixample,Barcelona,Urban/Traffic,urban,41.3853,2.1538,26,ES1438A
e1_rr_08019043_10_M,sarima,6,143,0.2736650568810841,0.264971657977505,0.0733142187388907,0.0441972547639669,0.1347744871767662,0.0200635398413707,True,False,False,False,08019043_10_M,Barcelona L'Eixample,Barcelona,Urban/Traffic,urban,41.3853,2.1538,26,ES1438A
e1_rr_08019043_10_M,sarima,7,142,0.301993472892385,0.2769154908732871,0.1657410463117063,0.1152422490709029,0.2384038330486861,0.0500527141764898,True,False,False,False,08019043_10_M,Barcelona L'Eixample,Barcelona,Urban/Traffic,urban,41.3853,2.1538,26,ES1438A
e1_rr_08019043_10_M,seasonal_naive,1,1155,-0.3666812426404486,-0.4927415478288739,0.8389731502564657,0.6378496691953693,1.082387018029611,-0.3076357172780126,False,False,False,False,08019043_10_M,Barcelona L'Eixample,Barcelona,Urban/Traffic,urban,41.3853,2.1538,26,ES1438A
e1_rr_08019043_10_M,seasonal_naive,2,1148,-0.1169428731225386,-0.1627371256655887,0.8444726540735621,0.6571208750774215,1.1086754876188871,-0.0987550584407779,False,False,False,False,08019043_10_M,Barcelona L'Eixample,Barcelona,Urban/Traffic,urban,41.3853,2.1538,26,ES1438A
e1_rr_08019043_10_M,seasonal_naive,3,1139,-0.0578820795071113,-0.065900249666144,0.8484427934472593,0.6493655778704148,1.1044926419813197,-0.0491096332275498,False,False,False,False,08019043_10_M,Barcelona L'Eixample,Barcelona,Urban/Traffic,urban,41.3853,2.1538,26,ES1438A
e1_rr_08019043_10_M,seasonal_naive,4,1134,0.0242710819101389,0.0086466615185492,0.8223697389430261,0.6348467064880335,1.0402987190152473,0.0199598032943057,False,False,True,False,08019043_10_M,Barcelona L'Eixample,Barcelona,Urban/Traffic,urban,41.3853,2.1538,26,ES1438A
e1_rr_08019043_10_M,seasonal_naive,5,1127,0.0488689806912669,0.0447673256388941,0.8320481286869505,0.6363939507886521,1.1013134714079156,0.0406613439350073,False,False,True,False,08019043_10_M,Barcelona L'Eixample,Barcelona,Urban/Traffic,urban,41.3853,2.1538,26,ES1438A
e1_rr_08019043_10_M,seasonal_naive,6,1123,0.031190865681792,0.0271707092251792,0.8632973445864804,0.6775589688461007,1.1285592739981756,0.0269269915184446,False,False,True,False,08019043_10_M,Barcelona L'Eixample,Barcelona,Urban/Traffic,urban,41.3853,2.1538,26,ES1438A
e1_rr_08019043_10_M,seasonal_naive,7,1118,0.0,0.0,0.8888571097663708,0.6991455322774364,1.1818069202588604,0.0,False,False,False,False,08019043_10_M,Barcelona L'Eixample,Barcelona,Urban/Traffic,urban,41.3853,2.1538,26,ES1438A
e1_rr_08019043_10_M,stl_ridge_direct,1,1155,-2.171519499093407,-3.4854669540342584,1.4619840340426025,1.1529313869635407,1.8429085638386415,-3.1747268372867508,False,False,False,False,08019043_10_M,Barcelona L'Eixample,Barcelona,Urban/Traffic,urban,41.3853,2.1538,26,ES1438A
e1_rr_08019043_10_M,stl_ridge_direct,2,1148,-1.6578988183861658,-2.5942875892667976,1.268620879947843,1.023020634515012,1.5972817750665709,-2.103245057845547,False,False,False,False,08019043_10_M,Barcelona L'Eixample,Barcelona,Urban/Traffic,urban,41.3853,2.1538,26,ES1438A
e1_rr_08019043_10_M,stl_ridge_direct,3,1139,-1.5356848875275615,-2.3168049220934464,1.2381031197853476,0.9849583166030916,1.5481315452177733,-1.9013362502550848,False,False,False,False,08019043_10_M,Barcelona L'Eixample,Barcelona,Urban/Traffic,urban,41.3853,2.1538,26,ES1438A
e1_rr_08019043_10_M,stl_ridge_direct,4,1134,-1.3629155131951038,-2.1152044788254134,1.1598241645699974,0.929728477254029,1.4390175942348469,-1.5807423464710006,False,False,False,False,08019043_10_M,Barcelona L'Eixample,Barcelona,Urban/Traffic,urban,41.3853,2.1538,26,ES1438A
e1_rr_08019043_10_M,stl_ridge_direct,5,1127,-1.3077555514784214,-2.0113376611460136,1.123708096534114,0.8799550242584273,1.4407275577821974,-1.4695355014837377,False,False,False,False,08019043_10_M,Barcelona L'Eixample,Barcelona,Urban/Traffic,urban,41.3853,2.1538,26,ES1438A
e1_rr_08019043_10_M,stl_ridge_direct,6,1123,-1.3601694716656518,-2.0743813548716177,1.0933431447620363,0.8691329045228487,1.403902067916546,-1.4871319675602417,False,False,False,False,08019043_10_M,Barcelona L'Eixample,Barcelona,Urban/Traffic,urban,41.3853,2.1538,26,ES1438A
e1_rr_08019043_10_M,stl_ridge_direct,7,1118,-1.4519747750391638,-2.167742446054025,1.104502413785505,0.877438016410315,1.4565587049761628,-1.6037096437864222,False,False,False,False,08019043_10_M,Barcelona L'Eixample,Barcelona,Urban/Traffic,urban,41.3853,2.1538,26,ES1438A
e1_rr_45153999_10_M,hgb_direct,1,1551,0.1150643208678378,0.0489059290447814,0.370345752367743,0.2564083580551974,0.5467941417133827,0.0426135824824827,True,False,False,False,45153999_10_M,San Pablo de los Montes,Toledo,Rural Remote/Background,rural,39.54633,-4.35042,923,ES0001R
e1_rr_45153999_10_M,hgb_direct,2,1546,0.2092429186473708,0.1319772330175439,0.1959595717602163,0.1402155983926818,0.287026129654984,0.0410031527319965,True,False,False,False,45153999_10_M,San Pablo de los Montes,Toledo,Rural Remote/Background,rural,39.54633,-4.35042,923,ES0001R
e1_rr_45153999_10_M,hgb_direct,3,1539,0.242048725240239,0.1742958668522156,0.1440520786916048,0.1016561527542672,0.2079852942664793,0.0348676220155095,True,False,False,False,45153999_10_M,San Pablo de los Montes,Toledo,Rural Remote/Background,rural,39.54633,-4.35042,923,ES0001R
e1_rr_45153999_10_M,hgb_direct,4,1536,0.2573729018469566,0.2066565164052896,0.1170497934823449,0.0809832628105532,0.1713802362271153,0.0301254450091381,True,False,False,False,45153999_10_M,San Pablo de los Montes,Toledo,Rural Remote/Background,rural,39.54633,-4.35042,923,ES0001R
e1_rr_45153999_10_M,hgb_direct,5,1533,0.2624578096915761,0.2206347298881108,0.1003603894924744,0.0712208646961085,0.1513615810556105,0.0263403680059883,True,False,False,False,45153999_10_M,San Pablo de los Montes,Toledo,Rural Remote/Background,rural,39.54633,-4.35042,923,ES0001R
e1_rr_45153999_10_M,hgb_direct,6,1529,0.2654950040980207,0.2258581721663677,0.0859820925754303,0.0595169683517804,0.1296568363254319,0.0228278160206702,True,False,False,False,45153999_10_M,San Pablo de los Montes,Toledo,Rural Remote/Background,rural,39.54633,-4.35042,923,ES0001R
e1_rr_45153999_10_M,hgb_direct,7,1526,0.2660563699960706,0.2260473105061421,0.0770980570668335,0.0542314945582125,0.1168542971002863,0.0205124291969516,True,False,False,False,45153999_10_M,San Pablo de los Montes,Toledo,Rural Remote/Background,rural,39.54633,-4.35042,923,ES0001R
e1_rr_45153999_10_M,ridge_direct,1,1551,0.0990226175122347,0.0322171578921048,0.3867358522080297,0.2277626491178915,0.6404800924345228,0.0382955963714638,True,False,False,False,45153999_10_M,San Pablo de los Montes,Toledo,Rural Remote/Background,rural,39.54633,-4.35042,923,ES0001R
e1_rr_45153999_10_M,ridge_direct,2,1546,0.1863445512844097,0.1065429202804422,0.1596756955081631,0.0967064792328421,0.2764717779087018,0.0297546958304946,True,False,False,False,45153999_10_M,San Pablo de los Montes,Toledo,Rural Remote/Background,rural,39.54633,-4.35042,923,ES0001R
e1_rr_45153999_10_M,ridge_direct,3,1539,0.228613020293565,0.1701960626946838,0.0954284219450966,0.0573461554034744,0.1603108926416171,0.0218161797627172,True,False,False,False,45153999_10_M,San Pablo de los Montes,Toledo,Rural Remote/Background,rural,39.54633,-4.35042,923,ES0001R
e1_rr_45153999_10_M,ridge_direct,4,1536,0.2459764884341624,0.2034850474855543,0.0666727310557073,0.0398983779357203,0.1150746855649481,0.0163999242593982,True,False,False,False,45153999_10_M,San Pablo de los Montes,Toledo,Rural Remote/Background,rural,39.54633,-4.35042,923,ES0001R
e1_rr_45153999_10_M,ridge_direct,5,1533,0.2550826002632598,0.2238415966965238,0.0517127844284953,0.0325473819855639,0.0879030450450708,0.013191031518874,True,False,False,False,45153999_10_M,San Pablo de los Montes,Toledo,Rural Remote/Background,rural,39.54633,-4.35042,923,ES0001R
e1_rr_45153999_10_M,ridge_direct,6,1529,0.2690557962497393,0.241651484804885,0.037428969426976,0.0235399485696127,0.061245174631582,0.0100704811719822,True,False,False,False,45153999_10_M,San Pablo de los Montes,Toledo,Rural Remote/Background,rural,39.54633,-4.35042,923,ES0001R
e1_rr_45153999_10_M,ridge_direct,7,1526,0.2750357126630899,0.2519388322875983,0.0311837895233881,0.0202244817145985,0.0504084698983155,0.0085766557751008,True,False,False,False,45153999_10_M,San Pablo de los Montes,Toledo,Rural Remote/Background,rural,39.54633,-4.35042,923,ES0001R
e1_rr_45153999_10_M,sarima,1,172,0.2396727309555365,0.0431514087635689,0.6381633285041324,0.2679158591219567,1.3798958108609107,0.1529503477382605,False,False,False,False,45153999_10_M,San Pablo de los Montes,Toledo,Rural Remote/Background,rural,39.54633,-4.35042,923,ES0001R
e1_rr_45153999_10_M,sarima,2,172,0.1774258367720855,0.0454209240163411,0.2202700441905004,0.109168757023733,0.4185396466816393,0.0390815969063238,True,False,False,False,45153999_10_M,San Pablo de los Montes,Toledo,Rural Remote/Background,rural,39.54633,-4.35042,923,ES0001R
e1_rr_45153999_10_M,sarima,3,171,0.2318158404109052,0.1320196019348836,0.1821744811097952,0.071313124434385,0.4441728819029324,0.0422309304398877,True,False,False,False,45153999_10_M,San Pablo de los Montes,Toledo,Rural Remote/Background,rural,39.54633,-4.35042,923,ES0001R
e1_rr_45153999_10_M,sarima,4,171,0.3251345432077729,0.2115412040454185,0.2686605297420877,0.1187519775128114,0.6983684669857266,0.0873508186156519,True,False,False,False,45153999_10_M,San Pablo de los Montes,Toledo,Rural Remote/Background,rural,39.54633,-4.35042,923,ES0001R
e1_rr_45153999_10_M,sarima,5,172,0.1374056385704037,0.1758060687003384,0.0809976612314301,0.0262465364625534,0.4770957834427998,0.0111295353642138,True,False,False,False,45153999_10_M,San Pablo de los Montes,Toledo,Rural Remote/Background,rural,39.54633,-4.35042,923,ES0001R
e1_rr_45153999_10_M,sarima,6,171,0.2806629406708948,0.1959323332181189,0.177110849378435,0.0992993682841077,0.3284638181903594,0.0497084518112714,True,False,False,False,45153999_10_M,San Pablo de los Montes,Toledo,Rural Remote/Background,rural,39.54633,-4.35042,923,ES0001R
e1_rr_45153999_10_M,sarima,7,170,0.2456842246219249,0.1897031324283381,0.1213166146310791,0.0665953203987699,0.2826535433454756,0.0298055783993935,True,False,False,False,45153999_10_M,San Pablo de los Montes,Toledo,Rural Remote/Background,rural,39.54633,-4.35042,923,ES0001R
e1_rr_45153999_10_M,seasonal_naive,1,1551,-0.4159662044150629,-0.7413342053629823,1.01192033985413,0.6038161860872191,1.691513215171739,-0.4209246629395229,False,False,False,False,45153999_10_M,San Pablo de los Montes,Toledo,Rural Remote/Background,rural,39.54633,-4.35042,923,ES0001R
e1_rr_45153999_10_M,seasonal_naive,2,1546,-0.1331498688846224,-0.2928635364960534,1.0068733262496827,0.6147273414658357,1.7178074886551358,-0.1340650513735689,False,False,False,False,45153999_10_M,San Pablo de los Montes,Toledo,Rural Remote/Background,rural,39.54633,-4.35042,923,ES0001R
e1_rr_45153999_10_M,seasonal_naive,3,1539,-0.0516130270429018,-0.1361999423797175,1.0095068819897202,0.6181093296165623,1.6455970881306103,-0.0521037060001309,False,False,False,False,45153999_10_M,San Pablo de los Montes,Toledo,Rural Remote/Background,rural,39.54633,-4.35042,923,ES0001R
e1_rr_45153999_10_M,seasonal_naive,4,1536,-0.0261561623455426,-0.0692738192738191,1.0128685990277055,0.6173071504677783,1.6713514821744655,-0.0264927555108709,False,False,False,False,45153999_10_M,San Pablo de los Montes,Toledo,Rural Remote/Background,rural,39.54633,-4.35042,923,ES0001R
e1_rr_45153999_10_M,seasonal_naive,5,1533,-0.0162438485117353,-0.0322729672650474,1.01792738975774,0.6255007991819513,1.6825401877805095,-0.0165350583151708,False,False,False,False,45153999_10_M,San Pablo de los Montes,Toledo,Rural Remote/Background,rural,39.54633,-4.35042,923,ES0001R
e1_rr_45153999_10_M,seasonal_naive,6,1529,-0.0024146556211568,-0.0116331968544873,1.0271759122099229,0.6141591457265405,1.7231755801816475,-0.0024802760903345,False,False,False,False,45153999_10_M,San Pablo de los Montes,Toledo,Rural Remote/Background,rural,39.54633,-4.35042,923,ES0001R
e1_rr_45153999_10_M,seasonal_naive,7,1526,0.0,0.0,1.0284455264144607,0.6118628376462397,1.7372540250057384,0.0,False,False,False,False,45153999_10_M,San Pablo de los Montes,Toledo,Rural Remote/Background,rural,39.54633,-4.35042,923,ES0001R
e1_rr_45153999_10_M,stl_ridge_direct,1,1551,-0.7259622309266258,-1.8339337526952904,1.5409984423296128,1.010010484719932,2.4089163261160276,-1.118706667048061,False,True,False,False,45153999_10_M,San Pablo de los Montes,Toledo,Rural Remote/Background,rural,39.54633,-4.35042,923,ES0001R
e1_rr_45153999_10_M,stl_ridge_direct,2,1546,-0.4165294653919269,-1.142165298495735,1.402304675458886,0.921667051315948,2.2745977858953004,-0.5841012167854893,False,False,False,False,45153999_10_M,San Pablo de los Montes,Toledo,Rural Remote/Background,rural,39.54633,-4.35042,923,ES0001R
e1_rr_45153999_10_M,stl_ridge_direct,3,1539,-0.3217620031065469,-0.8916104870022619,1.370783664310688,0.8721502606531827,2.1785179436466167,-0.4410660976543393,False,False,False,False,45153999_10_M,San Pablo de los Montes,Toledo,Rural Remote/Background,rural,39.54633,-4.35042,923,ES0001R
e1_rr_45153999_10_M,stl_ridge_direct,4,1536,-0.2791293572497817,-0.7789763059554498,1.3098333657987526,0.8402991743820097,2.085085120127921,-0.365612945499724,False,False,False,False,45153999_10_M,San Pablo de los Montes,Toledo,Rural Remote/Background,rural,39.54633,-4.35042,923,ES0001R
e1_rr_45153999_10_M,stl_ridge_direct,5,1533,-0.2687080506875132,-0.7205418065356413,1.309974518850065,0.8372393238383221,2.122909258569203,-0.352000699410514,False,False,False,False,45153999_10_M,San Pablo de los Montes,Toledo,Rural Remote/Background,rural,39.54633,-4.35042,923,ES0001R
e1_rr_45153999_10_M,stl_ridge_direct,6,1529,-0.2474924925103676,-0.6767574874618192,1.298934625770637,0.7856497672609737,2.1635751047787797,-0.3214765681399964,False,False,False,False,45153999_10_M,San Pablo de los Montes,Toledo,Rural Remote/Background,rural,39.54633,-4.35042,923,ES0001R
e1_rr_45153999_10_M,stl_ridge_direct,7,1526,-0.2440201136139301,-0.6545325486049549,1.300128726471384,0.7798100716035182,2.195257751889333,-0.3172575595462814,False,False,False,False,45153999_10_M,San Pablo de los Montes,Toledo,Rural Remote/Background,rural,39.54633,-4.35042,923,ES0001R
e1_rr_08019028_10_M,hgb_direct,1,1437,0.0583157156074484,0.0413996606752581,0.4868172835872158,0.4051049327613906,0.5801982747507438,0.0283890982624626,True,False,False,False,08019028_10_M,Barcelona Pl. Universitat,Barcelona,Urban/Traffic,urban,41.3874,2.1649,24,ES0559A
e1_rr_08019028_10_M,hgb_direct,2,1426,0.1493379889837482,0.1140512059881404,0.2714382781701528,0.2220535088958319,0.329858058949095,0.0405360465951418,True,False,False,False,08019028_10_M,Barcelona Pl. Universitat,Barcelona,Urban/Traffic,urban,41.3874,2.1649,24,ES0559A
e1_rr_08019028_10_M,hgb_direct,3,1418,0.1872927696137173,0.1434055189833757,0.2109236472030908,0.171999465950076,0.2604085624802949,0.0395044740616934,True,False,False,False,08019028_10_M,Barcelona Pl. Universitat,Barcelona,Urban/Traffic,urban,41.3874,2.1649,24,ES0559A
e1_rr_08019028_10_M,hgb_direct,4,1410,0.2111964495825539,0.171366538441134,0.1652173413795293,0.1327315042173648,0.1990665124113425,0.0348933159088253,True,False,False,False,08019028_10_M,Barcelona Pl. Universitat,Barcelona,Urban/Traffic,urban,41.3874,2.1649,24,ES0559A
e1_rr_08019028_10_M,hgb_direct,5,1402,0.2213452387118556,0.1846742996164693,0.1455148725792733,0.1175786455466418,0.1762861274458452,0.0322090242071845,True,False,False,False,08019028_10_M,Barcelona Pl. Universitat,Barcelona,Urban/Traffic,urban,41.3874,2.1649,24,ES0559A
e1_rr_08019028_10_M,hgb_direct,6,1400,0.2102879401035242,0.1744056106676998,0.1394818002924061,0.1162385957732613,0.1681079395642427,0.0293313404654212,True,False,False,False,08019028_10_M,Barcelona Pl. Universitat,Barcelona,Urban/Traffic,urban,41.3874,2.1649,24,ES0559A
e1_rr_08019028_10_M,hgb_direct,7,1396,0.1934338929203042,0.151954123878943,0.1392610973275853,0.1134769882845326,0.1697611987094305,0.0269378161884282,True,False,False,False,08019028_10_M,Barcelona Pl. Universitat,Barcelona,Urban/Traffic,urban,41.3874,2.1649,24,ES0559A
e1_rr_08019028_10_M,ridge_direct,1,1437,0.0957226917093506,0.0748570865033184,0.4782794231677706,0.3919980323124551,0.5715128515531229,0.0457821937748145,True,False,False,False,08019028_10_M,Barcelona Pl. Universitat,Barcelona,Urban/Traffic,urban,41.3874,2.1649,24,ES0559A
e1_rr_08019028_10_M,ridge_direct,2,1426,0.173415931794217,0.1415427664717268,0.2050816290799438,0.1642927810867125,0.256309989133469,0.0355644218007744,True,False,False,False,08019028_10_M,Barcelona Pl. Universitat,Barcelona,Urban/Traffic,urban,41.3874,2.1649,24,ES0559A
e1_rr_08019028_10_M,ridge_direct,3,1418,0.2158768626386846,0.1692332927520503,0.1171170561980712,0.0948637098880885,0.1433836121653691,0.0252828626535181,True,False,False,False,08019028_10_M,Barcelona Pl. Universitat,Barcelona,Urban/Traffic,urban,41.3874,2.1649,24,ES0559A
e1_rr_08019028_10_M,ridge_direct,4,1410,0.2384420224427619,0.196403169991194,0.0783212220636009,0.0640993183397958,0.0949114579697229,0.0186750705890336,True,False,False,False,08019028_10_M,Barcelona Pl. Universitat,Barcelona,Urban/Traffic,urban,41.3874,2.1649,24,ES0559A
e1_rr_08019028_10_M,ridge_direct,5,1402,0.2460380050527101,0.2053600828436949,0.0672592137262516,0.0552105835135464,0.0821649082328192,0.0165483227666208,True,False,False,False,08019028_10_M,Barcelona Pl. Universitat,Barcelona,Urban/Traffic,urban,41.3874,2.1649,24,ES0559A
e1_rr_08019028_10_M,ridge_direct,6,1400,0.2312505921946567,0.1906723201418169,0.0631500670098657,0.0520976873216059,0.0768152122891367,0.0146034903931637,True,False,False,False,08019028_10_M,Barcelona Pl. Universitat,Barcelona,Urban/Traffic,urban,41.3874,2.1649,24,ES0559A
e1_rr_08019028_10_M,ridge_direct,7,1396,0.2140867506929954,0.1719454092457114,0.0588970012489588,0.0479449537447063,0.0711441052402321,0.0126090676229508,True,False,False,False,08019028_10_M,Barcelona Pl. Universitat,Barcelona,Urban/Traffic,urban,41.3874,2.1649,24,ES0559A
e1_rr_08019028_10_M,sarima,1,167,0.0498714823828565,0.047712843071246,0.5285289595264814,0.3817061477829657,0.671648570016676,0.0263585226938543,False,False,False,False,08019028_10_M,Barcelona Pl. Universitat,Barcelona,Urban/Traffic,urban,41.3874,2.1649,24,ES0559A
e1_rr_08019028_10_M,sarima,2,168,0.2116698580537701,0.1902577285990624,0.3257796190175865,0.193763929047418,0.5279867694377748,0.0689577257142638,True,False,False,False,08019028_10_M,Barcelona Pl. Universitat,Barcelona,Urban/Traffic,urban,41.3874,2.1649,24,ES0559A
e1_rr_08019028_10_M,sarima,3,168,0.2897654817087807,0.2050606702780749,0.1875884536789086,0.1002999724040848,0.3392317274483099,0.0543566586432742,True,False,False,False,08019028_10_M,Barcelona Pl. Universitat,Barcelona,Urban/Traffic,urban,41.3874,2.1649,24,ES0559A
e1_rr_08019028_10_M,sarima,4,162,0.2234398368823777,0.1997036958746046,0.1106475496724064,0.0546077457587672,0.239547161136872,0.0247230704502372,True,False,False,False,08019028_10_M,Barcelona Pl. Universitat,Barcelona,Urban/Traffic,urban,41.3874,2.1649,24,ES0559A
e1_rr_08019028_10_M,sarima,5,164,0.2533513756625635,0.2094495375832739,0.1068566464279028,0.054764615013658,0.2130433492060452,0.0270722783711973,True,False,False,False,08019028_10_M,Barcelona Pl. Universitat,Barcelona,Urban/Traffic,urban,41.3874,2.1649,24,ES0559A
e1_rr_08019028_10_M,sarima,6,166,0.3016932608525395,0.2118957470485397,0.0964059051915106,0.0678362608998836,0.1360187221158122,0.0290850119026675,True,False,False,False,08019028_10_M,Barcelona Pl. Universitat,Barcelona,Urban/Traffic,urban,41.3874,2.1649,24,ES0559A
e1_rr_08019028_10_M,sarima,7,166,0.1649501916789183,0.1796800316478388,0.0846784629760311,0.0505241873745028,0.1476609857783066,0.0139677286989725,True,False,False,False,08019028_10_M,Barcelona Pl. Universitat,Barcelona,Urban/Traffic,urban,41.3874,2.1649,24,ES0559A
e1_rr_08019028_10_M,seasonal_naive,1,1437,-0.4668429588312475,-0.5341873824411574,1.0101543481715576,0.7859801371200003,1.260010545304712,-0.4715834447766601,False,False,False,False,08019028_10_M,Barcelona Pl. Universitat,Barcelona,Urban/Traffic,urban,41.3874,2.1649,24,ES0559A
e1_rr_08019028_10_M,seasonal_naive,2,1426,-0.1410000482483162,-0.1475259006526676,1.0336716465812406,0.796436686375287,1.3353932351791222,-0.1457477520408713,False,False,False,False,08019028_10_M,Barcelona Pl. Universitat,Barcelona,Urban/Traffic,urban,41.3874,2.1649,24,ES0559A
e1_rr_08019028_10_M,seasonal_naive,3,1418,-0.0319305642739513,-0.0376400298730394,1.0418481020058352,0.8055429759772877,1.307860602322752,-0.0332667977847914,False,False,False,False,08019028_10_M,Barcelona Pl. Universitat,Barcelona,Urban/Traffic,urban,41.3874,2.1649,24,ES0559A
e1_rr_08019028_10_M,seasonal_naive,4,1410,0.0295791208592276,0.0263907632328685,1.0092325802106017,0.7880609161365321,1.2892901571916884,0.0298522124651194,False,False,True,False,08019028_10_M,Barcelona Pl. Universitat,Barcelona,Urban/Traffic,urban,41.3874,2.1649,24,ES0559A
e1_rr_08019028_10_M,seasonal_naive,5,1402,0.0419688754038303,0.0387193654902351,1.0194150074656816,0.8021873078813638,1.283738340445074,0.0427837014331219,False,False,True,False,08019028_10_M,Barcelona Pl. Universitat,Barcelona,Urban/Traffic,urban,41.3874,2.1649,24,ES0559A
e1_rr_08019028_10_M,seasonal_naive,6,1400,0.0240886986380554,0.0212549158308702,1.0167201895731222,0.7896230895542486,1.2947337304129,0.0244914662458534,False,False,True,False,08019028_10_M,Barcelona Pl. Universitat,Barcelona,Urban/Traffic,urban,41.3874,2.1649,24,ES0559A
e1_rr_08019028_10_M,seasonal_naive,7,1396,0.0,0.0,1.024994007541155,0.7956596435259458,1.2919912634497197,0.0,False,False,False,False,08019028_10_M,Barcelona Pl. Universitat,Barcelona,Urban/Traffic,urban,41.3874,2.1649,24,ES0559A
e1_rr_08019028_10_M,stl_ridge_direct,1,1437,-2.4690058772971235,-3.7890642477156113,1.7660733676421996,1.4369962164295758,2.1176914982496013,-4.360445524446514,False,True,False,False,08019028_10_M,Barcelona Pl. Universitat,Barcelona,Urban/Traffic,urban,41.3874,2.1649,24,ES0559A
e1_rr_08019028_10_M,stl_ridge_direct,2,1426,-1.764445465860332,-2.654974202946331,1.61483468791144,1.3087962778497413,1.9870665924347,-2.849287743199324,False,True,False,False,08019028_10_M,Barcelona Pl. Universitat,Barcelona,Urban/Traffic,urban,41.3874,2.1649,24,ES0559A
e1_rr_08019028_10_M,stl_ridge_direct,3,1418,-1.525396974602772,-2.351611324566705,1.5341989615084088,1.2393744332910863,1.8766721977388685,-2.3402624543236414,False,True,False,False,08019028_10_M,Barcelona Pl. Universitat,Barcelona,Urban/Traffic,urban,41.3874,2.1649,24,ES0559A
e1_rr_08019028_10_M,stl_ridge_direct,4,1410,-1.391100133068624,-2.164986023101551,1.451376733069777,1.155540517468873,1.7926311630456029,-2.019010366506072,False,False,False,False,08019028_10_M,Barcelona Pl. Universitat,Barcelona,Urban/Traffic,urban,41.3874,2.1649,24,ES0559A
e1_rr_08019028_10_M,stl_ridge_direct,5,1402,-1.3655138199972372,-2.143830020964508,1.421840893697212,1.1421409034393857,1.7685729552258511,-1.9415433901807655,False,False,False,False,08019028_10_M,Barcelona Pl. Universitat,Barcelona,Urban/Traffic,urban,41.3874,2.1649,24,ES0559A
e1_rr_08019028_10_M,stl_ridge_direct,6,1400,-1.4098851703391788,-2.2068760498412416,1.363761182404448,1.0667514094037154,1.7291525455974306,-1.9227466669562552,False,False,False,False,08019028_10_M,Barcelona Pl. Universitat,Barcelona,Urban/Traffic,urban,41.3874,2.1649,24,ES0559A
e1_rr_08019028_10_M,stl_ridge_direct,7,1396,-1.4597939020576325,-2.2668703455938797,1.320755067642129,1.0272161650546234,1.6592356940797723,-1.9280301938556952,False,False,False,False,08019028_10_M,Barcelona Pl. Universitat,Barcelona,Urban/Traffic,urban,41.3874,2.1649,24,ES0559A
e1_rr_08019054_10_M,hgb_direct,1,1427,0.0831603025834692,0.0469374603095035,0.4784559928007614,0.3875161799939831,0.5992584213865642,0.0397885451341854,True,False,False,False,08019054_10_M,Barcelona Vall d'Hebron,Barcelona,Urban/Background,urban,41.42608,2.14799,136,ES1856A
e1_rr_08019054_10_M,hgb_direct,2,1416,0.1490533332906917,0.1038771872563606,0.2676040929025354,0.214880045565413,0.3389737193430939,0.0398872820493548,True,False,False,False,08019054_10_M,Barcelona Vall d'Hebron,Barcelona,Urban/Background,urban,41.42608,2.14799,136,ES1856A
e1_rr_08019054_10_M,hgb_direct,3,1406,0.1906232180478182,0.131252628530788,0.1919385476994885,0.1514646320560868,0.244442163802259,0.0365879436299011,True,False,False,False,08019054_10_M,Barcelona Vall d'Hebron,Barcelona,Urban/Background,urban,41.42608,2.14799,136,ES1856A
e1_rr_08019054_10_M,hgb_direct,4,1398,0.2213341926173715,0.1660586218682692,0.1397435541776441,0.1126249853357255,0.1824372341307836,0.0309300267373907,True,False,False,False,08019054_10_M,Barcelona Vall d'Hebron,Barcelona,Urban/Background,urban,41.42608,2.14799,136,ES1856A
e1_rr_08019054_10_M,hgb_direct,5,1387,0.2251296367038612,0.1745858106051939,0.1286265653859761,0.1023164918991181,0.1639906363627238,0.0289576519358102,True,False,False,False,08019054_10_M,Barcelona Vall d'Hebron,Barcelona,Urban/Background,urban,41.42608,2.14799,136,ES1856A
e1_rr_08019054_10_M,hgb_direct,6,1379,0.2279357404271512,0.1914777346874968,0.1144594643368189,0.092158632525449,0.1435139817937461,0.0260894027525079,True,False,False,False,08019054_10_M,Barcelona Vall d'Hebron,Barcelona,Urban/Background,urban,41.42608,2.14799,136,ES1856A
e1_rr_08019054_10_M,hgb_direct,7,1372,0.2284391268807913,0.1819131221934279,0.1114271071261027,0.0893742211268177,0.1391827330739058,0.0254543110627393,True,False,False,False,08019054_10_M,Barcelona Vall d'Hebron,Barcelona,Urban/Background,urban,41.42608,2.14799,136,ES1856A
e1_rr_08019054_10_M,ridge_direct,1,1427,0.0899674181183064,0.0702300443454957,0.5024007945076104,0.3812309186877979,0.6704129032730054,0.0451997023424355,False,False,False,False,08019054_10_M,Barcelona Vall d'Hebron,Barcelona,Urban/Background,urban,41.42608,2.14799,136,ES1856A
e1_rr_08019054_10_M,ridge_direct,2,1416,0.1619833464910797,0.119404266693429,0.2148681236988795,0.1587464561857758,0.2928941063599899,0.0348050577310037,True,False,False,False,08019054_10_M,Barcelona Vall d'Hebron,Barcelona,Urban/Background,urban,41.42608,2.14799,136,ES1856A
e1_rr_08019054_10_M,ridge_direct,3,1406,0.2048635621429519,0.150313350903269,0.1036284494035679,0.0791773520408269,0.1386836745769052,0.0212296932841655,True,False,False,False,08019054_10_M,Barcelona Vall d'Hebron,Barcelona,Urban/Background,urban,41.42608,2.14799,136,ES1856A
e1_rr_08019054_10_M,ridge_direct,4,1398,0.2359319290957044,0.1891948982866392,0.0640560352918663,0.0500217356812156,0.0842678129461265,0.0151128639766325,True,False,False,False,08019054_10_M,Barcelona Vall d'Hebron,Barcelona,Urban/Background,urban,41.42608,2.14799,136,ES1856A
e1_rr_08019054_10_M,ridge_direct,5,1387,0.2418495686973673,0.2001058180721274,0.0520849594053753,0.0403347080194766,0.0686704770251493,0.0125967249678099,True,False,False,False,08019054_10_M,Barcelona Vall d'Hebron,Barcelona,Urban/Background,urban,41.42608,2.14799,136,ES1856A
e1_rr_08019054_10_M,ridge_direct,6,1379,0.2394442363308918,0.2076122712247693,0.0524299312809306,0.0410006179883295,0.0674491210199398,0.0125540448564435,True,False,False,False,08019054_10_M,Barcelona Vall d'Hebron,Barcelona,Urban/Background,urban,41.42608,2.14799,136,ES1856A
e1_rr_08019054_10_M,ridge_direct,7,1372,0.243312278413993,0.2029026529366793,0.0476823269101211,0.0367604474474007,0.061599610113675,0.0116016956005824,True,False,False,False,08019054_10_M,Barcelona Vall d'Hebron,Barcelona,Urban/Background,urban,41.42608,2.14799,136,ES1856A
e1_rr_08019054_10_M,sarima,1,166,0.0304005862439483,0.0108664739198013,0.5034984906442423,0.2529197426218526,0.9989461630741808,0.015306649288528,False,False,False,False,08019054_10_M,Barcelona Vall d'Hebron,Barcelona,Urban/Background,urban,41.42608,2.14799,136,ES1856A
e1_rr_08019054_10_M,sarima,2,166,0.1377498104989916,0.1039519105350149,0.2583873606121182,0.1224586302400222,0.5734280850121629,0.0355928099596538,True,False,False,False,08019054_10_M,Barcelona Vall d'Hebron,Barcelona,Urban/Background,urban,41.42608,2.14799,136,ES1856A
e1_rr_08019054_10_M,sarima,3,162,0.2136490298162952,0.1361960284619284,0.1546676983772574,0.0835982404329118,0.2761530765790261,0.0330446037022204,True,False,False,False,08019054_10_M,Barcelona Vall d'Hebron,Barcelona,Urban/Background,urban,41.42608,2.14799,136,ES1856A
e1_rr_08019054_10_M,sarima,4,165,0.2707287212862288,0.1803993256979261,0.1054183736843379,0.0638313641230603,0.1650236486258137,0.0285397815076346,True,False,False,False,08019054_10_M,Barcelona Vall d'Hebron,Barcelona,Urban/Background,urban,41.42608,2.14799,136,ES1856A
e1_rr_08019054_10_M,sarima,5,164,0.2685241117039193,0.2539245570907107,0.0453523092591534,0.0211562202583629,0.1153114457954992,0.0121781885575356,True,False,False,False,08019054_10_M,Barcelona Vall d'Hebron,Barcelona,Urban/Background,urban,41.42608,2.14799,136,ES1856A
e1_rr_08019054_10_M,sarima,6,168,0.2414224701188877,0.2293613436728621,0.0452619296430699,0.0212126030399238,0.0980662198330366,0.0109272468567772,True,False,False,False,08019054_10_M,Barcelona Vall d'Hebron,Barcelona,Urban/Background,urban,41.42608,2.14799,136,ES1856A
e1_rr_08019054_10_M,sarima,7,163,0.269179533278804,0.2031911190849699,0.0611578853172643,0.0393428874357285,0.0927252200006469,0.0164624510260198,True,False,False,False,08019054_10_M,Barcelona Vall d'Hebron,Barcelona,Urban/Background,urban,41.42608,2.14799,136,ES1856A
e1_rr_08019054_10_M,seasonal_naive,1,1427,-0.5223950754286957,-0.6665295792470736,1.0316675800192845,0.7612111848545337,1.378510676198024,-0.538938063281514,False,False,False,False,08019054_10_M,Barcelona Vall d'Hebron,Barcelona,Urban/Background,urban,41.42608,2.14799,136,ES1856A
e1_rr_08019054_10_M,seasonal_naive,2,1416,-0.1957364906676268,-0.2397326939511919,1.0295531170014132,0.7664835202732707,1.3951708236094902,-0.2015211140777731,False,False,False,False,08019054_10_M,Barcelona Vall d'Hebron,Barcelona,Urban/Background,urban,41.42608,2.14799,136,ES1856A
e1_rr_08019054_10_M,seasonal_naive,3,1406,-0.0905203809493915,-0.1186267112212999,1.0360109936512831,0.779750027549162,1.415534753642581,-0.0937801098130717,False,False,False,False,08019054_10_M,Barcelona Vall d'Hebron,Barcelona,Urban/Background,urban,41.42608,2.14799,136,ES1856A
e1_rr_08019054_10_M,seasonal_naive,4,1398,-0.0291933436399971,-0.0384000643351862,1.034708897782465,0.7537100686811533,1.4374043278379425,-0.0302066124203261,False,False,False,False,08019054_10_M,Barcelona Vall d'Hebron,Barcelona,Urban/Background,urban,41.42608,2.14799,136,ES1856A
e1_rr_08019054_10_M,seasonal_naive,5,1387,0.0005560740029667,-0.0079155672823219,0.9875261325216846,0.7263568961413227,1.3611372189851898,0.0005491376095455,False,False,True,False,08019054_10_M,Barcelona Vall d'Hebron,Barcelona,Urban/Background,urban,41.42608,2.14799,136,ES1856A
e1_rr_08019054_10_M,seasonal_naive,6,1379,-0.0031472716763187,0.0003940576112229,0.9916536929600756,0.7574013042844795,1.34401154343344,-0.00312100358057,False,False,False,False,08019054_10_M,Barcelona Vall d'Hebron,Barcelona,Urban/Background,urban,41.42608,2.14799,136,ES1856A
e1_rr_08019054_10_M,seasonal_naive,7,1372,0.0,0.0,0.989712580456612,0.7213069092883534,1.341167641950187,0.0,False,False,False,False,08019054_10_M,Barcelona Vall d'Hebron,Barcelona,Urban/Background,urban,41.42608,2.14799,136,ES1856A
e1_rr_08019054_10_M,stl_ridge_direct,1,1427,-2.1103657081918863,-3.5171811478335826,1.7214391156878543,1.3642221656041904,2.1882672333098103,-3.632866078487813,False,True,False,False,08019054_10_M,Barcelona Vall d'Hebron,Barcelona,Urban/Background,urban,41.42608,2.14799,136,ES1856A
e1_rr_08019054_10_M,stl_ridge_direct,2,1416,-1.495891942768893,-2.4293414780015743,1.546757242420682,1.2086924862631732,2.027188280937924,-2.3137816963565294,False,True,False,False,08019054_10_M,Barcelona Vall d'Hebron,Barcelona,Urban/Background,urban,41.42608,2.14799,136,ES1856A
e1_rr_08019054_10_M,stl_ridge_direct,3,1406,-1.2900035884016372,-2.1157767847830593,1.4647140366755795,1.1392658894608176,1.9265662603931244,-1.8894863632937449,False,False,False,False,08019054_10_M,Barcelona Vall d'Hebron,Barcelona,Urban/Background,urban,41.42608,2.14799,136,ES1856A
e1_rr_08019054_10_M,stl_ridge_direct,4,1398,-1.163854574148011,-1.8993168758586496,1.4187841090073938,1.0837210097770298,1.9113760413593073,-1.6512583749967658,False,False,False,False,08019054_10_M,Barcelona Vall d'Hebron,Barcelona,Urban/Background,urban,41.42608,2.14799,136,ES1856A
e1_rr_08019054_10_M,stl_ridge_direct,5,1387,-1.1071900799370795,-1.819246882379196,1.329690718940255,0.999193179296516,1.7947411121839865,-1.4722203733950536,False,False,False,False,08019054_10_M,Barcelona Vall d'Hebron,Barcelona,Urban/Background,urban,41.42608,2.14799,136,ES1856A
e1_rr_08019054_10_M,stl_ridge_direct,6,1379,-1.1128474847224537,-1.8017141426804524,1.2802919822079488,0.9805257007539492,1.692543614840908,-1.42476971211044,False,False,False,False,08019054_10_M,Barcelona Vall d'Hebron,Barcelona,Urban/Background,urban,41.42608,2.14799,136,ES1856A
e1_rr_08019054_10_M,stl_ridge_direct,7,1372,-1.1022050723044847,-1.8020922410727187,1.2524728915193897,0.9226302882133464,1.6901242410658572,-1.380481973956536,False,False,False,False,08019054_10_M,Barcelona Vall d'Hebron,Barcelona,Urban/Background,urban,41.42608,2.14799,136,ES1856A
e1_rr_44216001_10_M,hgb_direct,1,1715,0.0890765265794398,0.0479106163991702,0.3297492152033837,0.2464698050180576,0.4360499371023661,0.0293729147326136,True,False,False,False,44216001_10_M,Teruel,Teruel,Urban/Background,urban,40.33639,-1.10667,915,ES1421A
e1_rr_44216001_10_M,hgb_direct,2,1711,0.1942345432191011,0.1420852997468159,0.1506270846127895,0.1113266082393605,0.2062378155785161,0.02925698297619,True,False,False,False,44216001_10_M,Teruel,Teruel,Urban/Background,urban,40.33639,-1.10667,915,ES1421A
e1_rr_44216001_10_M,hgb_direct,3,1709,0.2210488631819168,0.1913037751955921,0.1069756314195129,0.0794052562838796,0.1443258593241215,0.023646841713451,True,False,False,False,44216001_10_M,Teruel,Teruel,Urban/Background,urban,40.33639,-1.10667,915,ES1421A
e1_rr_44216001_10_M,hgb_direct,4,1707,0.2323564595252979,0.2267135871795802,0.0877831133727737,0.0647576100240616,0.1177228694364813,0.0203969734294055,True,False,False,False,44216001_10_M,Teruel,Teruel,Urban/Background,urban,40.33639,-1.10667,915,ES1421A
e1_rr_44216001_10_M,hgb_direct,5,1705,0.2489036207464984,0.2321496456660573,0.0793410116518209,0.0566481653506511,0.1101165351733069,0.0197482650738283,True,False,False,False,44216001_10_M,Teruel,Teruel,Urban/Background,urban,40.33639,-1.10667,915,ES1421A
e1_rr_44216001_10_M,hgb_direct,6,1703,0.2580962179906262,0.2336322864958073,0.0690379275965746,0.0496541420628349,0.0963532463971247,0.0178184280105866,True,False,False,False,44216001_10_M,Teruel,Teruel,Urban/Background,urban,40.33639,-1.10667,915,ES1421A
e1_rr_44216001_10_M,hgb_direct,7,1701,0.2645383767963849,0.241931835426053,0.0629724631361665,0.046348231963393,0.0863976195368006,0.0166586331809116,True,False,False,False,44216001_10_M,Teruel,Teruel,Urban/Background,urban,40.33639,-1.10667,915,ES1421A
e1_rr_44216001_10_M,ridge_direct,1,1715,0.1104253459187939,0.0650004290584751,0.4082926859463594,0.2753045328103659,0.5661254540109881,0.0450858610817402,True,False,False,False,44216001_10_M,Teruel,Teruel,Urban/Background,urban,40.33639,-1.10667,915,ES1421A
e1_rr_44216001_10_M,ridge_direct,2,1711,0.1954639461190745,0.1430163130869441,0.1474327422244373,0.1021083928552755,0.2137263889183941,0.0288177855823448,True,False,False,False,44216001_10_M,Teruel,Teruel,Urban/Background,urban,40.33639,-1.10667,915,ES1421A
e1_rr_44216001_10_M,ridge_direct,3,1709,0.2258278220537054,0.19404135291653,0.087936425954919,0.0602146350998267,0.1244554512632183,0.0198584915525863,True,False,False,False,44216001_10_M,Teruel,Teruel,Urban/Background,urban,40.33639,-1.10667,915,ES1421A
e1_rr_44216001_10_M,ridge_direct,4,1707,0.2420492495829339,0.2329021475548077,0.0601787779696501,0.0420346818842581,0.0852136483162588,0.0145662280483718,True,False,False,False,44216001_10_M,Teruel,Teruel,Urban/Background,urban,40.33639,-1.10667,915,ES1421A
e1_rr_44216001_10_M,ridge_direct,5,1705,0.2584146780694506,0.2407656669367889,0.0468295165761375,0.032027926132599,0.0677741370853263,0.0121014344501705,True,False,False,False,44216001_10_M,Teruel,Teruel,Urban/Background,urban,40.33639,-1.10667,915,ES1421A
e1_rr_44216001_10_M,ridge_direct,6,1703,0.2703207399425587,0.2493877543691346,0.0356947279542019,0.0250450913903952,0.0523598025159424,0.0096490252726282,True,False,False,False,44216001_10_M,Teruel,Teruel,Urban/Background,urban,40.33639,-1.10667,915,ES1421A
e1_rr_44216001_10_M,ridge_direct,7,1701,0.2750255319309996,0.2629962650371363,0.0305440738351143,0.0209663164838566,0.0437142757411468,0.008400400153842,True,False,False,False,44216001_10_M,Teruel,Teruel,Urban/Background,urban,40.33639,-1.10667,915,ES1421A
e1_rr_44216001_10_M,sarima,1,176,0.0228935506098526,-0.030311630225837,0.3067914304963427,0.1656232103490376,0.5645348536755662,0.007023545140737,True,False,False,False,44216001_10_M,Teruel,Teruel,Urban/Background,urban,40.33639,-1.10667,915,ES1421A
e1_rr_44216001_10_M,sarima,2,173,0.0859779041474871,0.0631058771303085,0.1221562818130573,0.0690412286717261,0.2177527743435733,0.0105027410887364,True,False,False,False,44216001_10_M,Teruel,Teruel,Urban/Background,urban,40.33639,-1.10667,915,ES1421A
e1_rr_44216001_10_M,sarima,3,174,0.0712915491603985,0.0992167194071655,0.0480868332296009,0.0267657519178669,0.0964032523800023,0.0034281848351559,True,False,False,False,44216001_10_M,Teruel,Teruel,Urban/Background,urban,40.33639,-1.10667,915,ES1421A
e1_rr_44216001_10_M,sarima,4,174,0.0635097699465022,0.0242453392843119,0.0300165628996245,0.0193856039584527,0.0523808722181481,0.0019063450043398,True,False,False,False,44216001_10_M,Teruel,Teruel,Urban/Background,urban,40.33639,-1.10667,915,ES1421A
e1_rr_44216001_10_M,sarima,5,174,0.0654818122472855,0.0132293912637566,0.0205832216106314,0.0100231057140768,0.052647794454669,0.0013478266529516,True,False,False,False,44216001_10_M,Teruel,Teruel,Urban/Background,urban,40.33639,-1.10667,915,ES1421A
e1_rr_44216001_10_M,sarima,6,174,0.2131811579523137,0.1728304212833513,0.0330835446133913,0.0215751232654593,0.0525850021687783,0.0070527883498498,True,False,False,False,44216001_10_M,Teruel,Teruel,Urban/Background,urban,40.33639,-1.10667,915,ES1421A
e1_rr_44216001_10_M,sarima,7,172,0.1847786766248785,0.1837905282279673,0.0333854206973176,0.0195932295589104,0.0588959118503428,0.0061689138550151,True,False,False,False,44216001_10_M,Teruel,Teruel,Urban/Background,urban,40.33639,-1.10667,915,ES1421A
e1_rr_44216001_10_M,seasonal_naive,1,1715,-0.5298804010487466,-0.7621230398069962,1.0166469191397804,0.6627072969894845,1.5203787934857558,-0.5387012772387595,False,False,False,False,44216001_10_M,Teruel,Teruel,Urban/Background,urban,40.33639,-1.10667,915,ES1421A
e1_rr_44216001_10_M,seasonal_naive,2,1711,-0.1319152568402384,-0.2427647259107932,1.0095557133800994,0.6492042926285608,1.534854800420739,-0.1331758012250659,False,False,False,False,44216001_10_M,Teruel,Teruel,Urban/Background,urban,40.33639,-1.10667,915,ES1421A
e1_rr_44216001_10_M,seasonal_naive,3,1709,-0.0671576324218659,-0.1085553784255675,1.0045540548596343,0.6760999686872412,1.47272845066334,-0.0674634719641582,False,False,False,False,44216001_10_M,Teruel,Teruel,Urban/Background,urban,40.33639,-1.10667,915,ES1421A
e1_rr_44216001_10_M,seasonal_naive,4,1707,-0.037878975850824,-0.0421790105804973,0.9974497608941156,0.6640334100893706,1.4958392512924634,-0.0377823754053183,False,False,False,False,44216001_10_M,Teruel,Teruel,Urban/Background,urban,40.33639,-1.10667,915,ES1421A
e1_rr_44216001_10_M,seasonal_naive,5,1705,-0.0202409383586945,-0.0307604671033894,1.0261259861097831,0.6568895753482655,1.6088419526675024,-0.0207697528331027,False,False,False,False,44216001_10_M,Teruel,Teruel,Urban/Background,urban,40.33639,-1.10667,915,ES1421A
e1_rr_44216001_10_M,seasonal_naive,6,1703,-0.004678418568369,-0.0181677346665727,1.0309384262584087,0.6857153579069677,1.6575965198467222,-0.0048231614762524,False,False,False,False,44216001_10_M,Teruel,Teruel,Urban/Background,urban,40.33639,-1.10667,915,ES1421A
e1_rr_44216001_10_M,seasonal_naive,7,1701,0.0,0.0,1.0293579508285111,0.6764813028119795,1.5253137607752505,0.0,False,False,False,False,44216001_10_M,Teruel,Teruel,Urban/Background,urban,40.33639,-1.10667,915,ES1421A
e1_rr_44216001_10_M,stl_ridge_direct,1,1715,-1.1401601018448315,-2.2198814965615385,1.61254194976722,1.1154125228196607,2.2426710267385928,-1.8385559936756568,False,True,False,False,44216001_10_M,Teruel,Teruel,Urban/Background,urban,40.33639,-1.10667,915,ES1421A
e1_rr_44216001_10_M,stl_ridge_direct,2,1711,-0.6260709387183585,-1.3276020615774664,1.4332100951172826,0.9735471707157924,2.0783294443011338,-0.897291189630705,False,False,False,False,44216001_10_M,Teruel,Teruel,Urban/Background,urban,40.33639,-1.10667,915,ES1421A
e1_rr_44216001_10_M,stl_ridge_direct,3,1709,-0.5306681536142857,-1.083629516861354,1.366432458348089,0.9685534123214194,1.9545745057879915,-0.7251221897102095,False,False,False,False,44216001_10_M,Teruel,Teruel,Urban/Background,urban,40.33639,-1.10667,915,ES1421A
e1_rr_44216001_10_M,stl_ridge_direct,4,1707,-0.4867776099678345,-0.9599919386967728,1.3167199649726944,0.901100138221138,1.893815069121219,-0.640949797546339,False,False,False,False,44216001_10_M,Teruel,Teruel,Urban/Background,urban,40.33639,-1.10667,915,ES1421A
e1_rr_44216001_10_M,stl_ridge_direct,5,1705,-0.4623634645879388,-0.9453700521969024,1.3137782738705877,0.869951284678453,1.998646719448108,-0.6074430744071668,False,False,False,False,44216001_10_M,Teruel,Teruel,Urban/Background,urban,40.33639,-1.10667,915,ES1421A
e1_rr_44216001_10_M,stl_ridge_direct,6,1703,-0.4343459222364314,-0.9136210037696428,1.279855364435307,0.8697242455256492,2.0167192384867088,-0.5558999585948975,False,False,False,False,44216001_10_M,Teruel,Teruel,Urban/Background,urban,40.33639,-1.10667,915,ES1421A
e1_rr_44216001_10_M,stl_ridge_direct,7,1701,-0.422329671789202,-0.8727380409219001,1.254711970858534,0.8311701954597372,1.8433757812361071,-0.5299020948426674,False,False,False,False,44216001_10_M,Teruel,Teruel,Urban/Background,urban,40.33639,-1.10667,915,ES1421A
e1_rr_08019052_10_M,hgb_direct,1,1731,0.0999574863552733,0.0695787107503802,0.4446283854495581,0.3701139557567287,0.5314273794419566,0.0444439357717414,True,False,False,False,08019052_10_M,Barcelona El Port Vell,Barcelona,Suburban/Industrial,industrial,41.37494,2.18684,1,ES1870A
e1_rr_08019052_10_M,hgb_direct,2,1725,0.1586166165421074,0.1095101389399342,0.2279273815595763,0.1915585802395747,0.2756373661523828,0.0361530700802819,True,False,False,False,08019052_10_M,Barcelona El Port Vell,Barcelona,Suburban/Industrial,industrial,41.37494,2.18684,1,ES1870A
e1_rr_08019052_10_M,hgb_direct,3,1720,0.1853038395262949,0.1465637525317722,0.1793951021930146,0.149223658269307,0.2209516322242022,0.0332426012285776,True,False,False,False,08019052_10_M,Barcelona El Port Vell,Barcelona,Suburban/Industrial,industrial,41.37494,2.18684,1,ES1870A
e1_rr_08019052_10_M,hgb_direct,4,1716,0.2006604230219609,0.1632684673787914,0.1438399136095002,0.1197597457368905,0.1739698190220621,0.0288629779123246,True,False,False,False,08019052_10_M,Barcelona El Port Vell,Barcelona,Suburban/Industrial,industrial,41.37494,2.18684,1,ES1870A
e1_rr_08019052_10_M,hgb_direct,5,1713,0.1932196696590293,0.1603998683503646,0.1420174190422324,0.11748393008774,0.1685187273539862,0.027440558793168,True,False,False,False,08019052_10_M,Barcelona El Port Vell,Barcelona,Suburban/Industrial,industrial,41.37494,2.18684,1,ES1870A
e1_rr_08019052_10_M,hgb_direct,6,1711,0.1928103370552878,0.1500136656109074,0.1385339733596975,0.1145699805829317,0.1698505269750521,0.0267107820970915,True,False,False,False,08019052_10_M,Barcelona El Port Vell,Barcelona,Suburban/Industrial,industrial,41.37494,2.18684,1,ES1870A
e1_rr_08019052_10_M,hgb_direct,7,1709,0.2009361696148172,0.1687057247744124,0.1410527721448125,0.1161000433932304,0.1689568661636729,0.0283426037483302,True,False,False,False,08019052_10_M,Barcelona El Port Vell,Barcelona,Suburban/Industrial,industrial,41.37494,2.18684,1,ES1870A
e1_rr_08019052_10_M,ridge_direct,1,1731,0.100794494639045,0.0635389429597499,0.4496741335183056,0.3645544206352935,0.5466906812341557,0.045324677040228,True,False,False,False,08019052_10_M,Barcelona El Port Vell,Barcelona,Suburban/Industrial,industrial,41.37494,2.18684,1,ES1870A
e1_rr_08019052_10_M,ridge_direct,2,1725,0.1671060445667238,0.1083018061489989,0.1886691901511851,0.1508939998667056,0.2328237111634605,0.0315277620977716,True,False,False,False,08019052_10_M,Barcelona El Port Vell,Barcelona,Suburban/Industrial,industrial,41.37494,2.18684,1,ES1870A
e1_rr_08019052_10_M,ridge_direct,3,1720,0.1964613215895463,0.146577753066419,0.1136939722155105,0.0934506632960367,0.1407800528698445,0.0223364680382243,True,False,False,False,08019052_10_M,Barcelona El Port Vell,Barcelona,Suburban/Industrial,industrial,41.37494,2.18684,1,ES1870A
e1_rr_08019052_10_M,ridge_direct,4,1716,0.2165857753883291,0.1684086532920224,0.0796024494446228,0.0654375246581282,0.0981153739590259,0.0172407582357739,True,False,False,False,08019052_10_M,Barcelona El Port Vell,Barcelona,Suburban/Industrial,industrial,41.37494,2.18684,1,ES1870A
e1_rr_08019052_10_M,ridge_direct,5,1713,0.2089065771095802,0.1632177867512509,0.0737490248027839,0.0598024030228217,0.0904608844723986,0.0154066563367191,True,False,False,False,08019052_10_M,Barcelona El Port Vell,Barcelona,Suburban/Industrial,industrial,41.37494,2.18684,1,ES1870A
e1_rr_08019052_10_M,ridge_direct,6,1711,0.2077036038099634,0.1495540111883021,0.0699766671852484,0.0560393148526027,0.0868265142211046,0.0145344059569865,True,False,False,False,08019052_10_M,Barcelona El Port Vell,Barcelona,Suburban/Industrial,industrial,41.37494,2.18684,1,ES1870A
e1_rr_08019052_10_M,ridge_direct,7,1709,0.221331252041439,0.1747855142807207,0.0677550965539448,0.0546022166006885,0.0823070601132805,0.0149963203524732,True,False,False,False,08019052_10_M,Barcelona El Port Vell,Barcelona,Suburban/Industrial,industrial,41.37494,2.18684,1,ES1870A
e1_rr_08019052_10_M,sarima,1,180,0.225417232158123,0.1541395805953244,0.7978366381107133,0.595365261272419,1.04173171181671,0.179846126677259,False,False,False,False,08019052_10_M,Barcelona El Port Vell,Barcelona,Suburban/Industrial,industrial,41.37494,2.18684,1,ES1870A
e1_rr_08019052_10_M,sarima,2,180,0.3028664269010346,0.1865770855174454,0.40652298776083,0.2864504318804872,0.5479716781051482,0.1231221647562556,True,False,False,False,08019052_10_M,Barcelona El Port Vell,Barcelona,Suburban/Industrial,industrial,41.37494,2.18684,1,ES1870A
e1_rr_08019052_10_M,sarima,3,176,0.3635306557978943,0.2635735904440535,0.2966304018433697,0.2231563995244013,0.3882581362642243,0.1078342445117131,True,False,False,False,08019052_10_M,Barcelona El Port Vell,Barcelona,Suburban/Industrial,industrial,41.37494,2.18684,1,ES1870A
e1_rr_08019052_10_M,sarima,4,178,0.3327437167071805,0.252410460149738,0.1149175062786864,0.0807709454810428,0.1596793429177026,0.0382380781538908,True,False,False,False,08019052_10_M,Barcelona El Port Vell,Barcelona,Suburban/Industrial,industrial,41.37494,2.18684,1,ES1870A
e1_rr_08019052_10_M,sarima,5,180,0.2570871062658924,0.2211485219183149,0.0851224583671629,0.0605295266221141,0.1218029812335513,0.0218838864998528,True,False,False,False,08019052_10_M,Barcelona El Port Vell,Barcelona,Suburban/Industrial,industrial,41.37494,2.18684,1,ES1870A
e1_rr_08019052_10_M,sarima,6,180,0.2719703049404761,0.2000809681470355,0.0666365630513324,0.0473497990717497,0.0922760771321711,0.0181231663732561,True,False,False,False,08019052_10_M,Barcelona El Port Vell,Barcelona,Suburban/Industrial,industrial,41.37494,2.18684,1,ES1870A
e1_rr_08019052_10_M,sarima,7,179,0.3268401965305357,0.2494441107132441,0.1057172624870537,0.0806794684327191,0.1395388581478459,0.0345526508479388,True,False,False,False,08019052_10_M,Barcelona El Port Vell,Barcelona,Suburban/Industrial,industrial,41.37494,2.18684,1,ES1870A
e1_rr_08019052_10_M,seasonal_naive,1,1731,-0.4226660906422903,-0.5306020234398476,0.9869162245106438,0.772192796465755,1.2609309493290974,-0.4171360224053627,False,False,False,False,08019052_10_M,Barcelona El Port Vell,Barcelona,Suburban/Industrial,industrial,41.37494,2.18684,1,ES1870A
e1_rr_08019052_10_M,seasonal_naive,2,1725,-0.1470092648506853,-0.1986010688462749,0.9929140605474328,0.7888396057180481,1.2599939441520966,-0.1459675661009869,False,False,False,False,08019052_10_M,Barcelona El Port Vell,Barcelona,Suburban/Industrial,industrial,41.37494,2.18684,1,ES1870A
e1_rr_08019052_10_M,seasonal_naive,3,1720,-0.0658851666687303,-0.0861639250872321,0.9925306971875212,0.7744587793513454,1.2772330284470574,-0.0653930504080309,False,False,False,False,08019052_10_M,Barcelona El Port Vell,Barcelona,Suburban/Industrial,industrial,41.37494,2.18684,1,ES1870A
e1_rr_08019052_10_M,seasonal_naive,4,1716,-0.0213629737522804,-0.0316794151492587,0.9934469628307764,0.7905210442083996,1.2650457426622934,-0.0212229813912365,False,False,False,False,08019052_10_M,Barcelona El Port Vell,Barcelona,Suburban/Industrial,industrial,41.37494,2.18684,1,ES1870A
e1_rr_08019052_10_M,seasonal_naive,5,1713,-0.0305419571186007,-0.0333037603221184,1.01076141065923,0.8028061582716504,1.2901355741023466,-0.0308706316614905,False,False,False,False,08019052_10_M,Barcelona El Port Vell,Barcelona,Suburban/Industrial,industrial,41.37494,2.18684,1,ES1870A
e1_rr_08019052_10_M,seasonal_naive,6,1711,-0.0264110345798069,-0.0457787935452593,1.0144519334982938,0.7870391887403797,1.3127219604677094,-0.0267927250951754,False,False,False,False,08019052_10_M,Barcelona El Port Vell,Barcelona,Suburban/Industrial,industrial,41.37494,2.18684,1,ES1870A
e1_rr_08019052_10_M,seasonal_naive,7,1709,0.0,0.0,1.016937402337008,0.7963681952859012,1.2869357353831448,0.0,False,False,False,False,08019052_10_M,Barcelona El Port Vell,Barcelona,Suburban/Industrial,industrial,41.37494,2.18684,1,ES1870A
e1_rr_08019052_10_M,stl_ridge_direct,1,1731,-1.9979901739483257,-3.160755807961636,1.7906974344495048,1.445433991942364,2.2107107455198336,-3.5777958785445865,False,True,False,False,08019052_10_M,Barcelona El Port Vell,Barcelona,Suburban/Industrial,industrial,41.37494,2.18684,1,ES1870A
e1_rr_08019052_10_M,stl_ridge_direct,2,1725,-1.4688396735544145,-2.330949181824954,1.6171520940263626,1.33258813075912,2.0105567144638923,-2.37533715387752,False,True,False,False,08019052_10_M,Barcelona El Port Vell,Barcelona,Suburban/Industrial,industrial,41.37494,2.18684,1,ES1870A
e1_rr_08019052_10_M,stl_ridge_direct,3,1720,-1.3032972070423945,-2.035306058483864,1.5181198779424134,1.2294596591877482,1.8956026632706673,-1.9785613968778883,False,True,False,False,08019052_10_M,Barcelona El Port Vell,Barcelona,Suburban/Industrial,industrial,41.37494,2.18684,1,ES1870A
e1_rr_08019052_10_M,stl_ridge_direct,4,1716,-1.2147754731731355,-1.8970905840933172,1.4686061528880838,1.1904259312301746,1.8474365134221993,-1.7840267342796,False,False,False,False,08019052_10_M,Barcelona El Port Vell,Barcelona,Suburban/Industrial,industrial,41.37494,2.18684,1,ES1870A
e1_rr_08019052_10_M,stl_ridge_direct,5,1713,-1.2450785657120482,-1.925705357258008,1.4413658927554949,1.158271165876918,1.8084441660776855,-1.7946137784182774,False,False,False,False,08019052_10_M,Barcelona El Port Vell,Barcelona,Suburban/Industrial,industrial,41.37494,2.18684,1,ES1870A
e1_rr_08019052_10_M,stl_ridge_direct,6,1711,-1.239413422297413,-1.9765077948377017,1.3858101027922156,1.0920429588527236,1.779632087509417,-1.7175916421560296,False,False,False,False,08019052_10_M,Barcelona El Port Vell,Barcelona,Suburban/Industrial,industrial,41.37494,2.18684,1,ES1870A
e1_rr_08019052_10_M,stl_ridge_direct,7,1709,-1.1851703393464763,-1.8527837231344355,1.3705380834373673,1.0807608293970088,1.719920121608917,-1.624321085434734,False,False,False,False,08019052_10_M,Barcelona El Port Vell,Barcelona,Suburban/Industrial,industrial,41.37494,2.18684,1,ES1870A
e1_rr_50008001_10_M,hgb_direct,1,1654,0.0846597532126622,0.052437248592101,0.432872242323901,0.3854174446310152,0.4906601748002929,0.0366468572077531,True,False,False,False,50008001_10_M,Alagon,Zaragoza,Suburban/Traffic,urban,41.7628,-1.1433,235,ES1418A
e1_rr_50008001_10_M,hgb_direct,2,1648,0.1670035556514706,0.1444820710606057,0.225581201831729,0.1938708092482366,0.261226358568877,0.0376728627940307,True,False,False,False,50008001_10_M,Alagon,Zaragoza,Suburban/Traffic,urban,41.7628,-1.1433,235,ES1418A
e1_rr_50008001_10_M,hgb_direct,3,1645,0.1988231978650368,0.1789696823619762,0.1715873705065659,0.1452875210346656,0.2000383651520749,0.0341155497173683,True,False,False,False,50008001_10_M,Alagon,Zaragoza,Suburban/Traffic,urban,41.7628,-1.1433,235,ES1418A
e1_rr_50008001_10_M,hgb_direct,4,1642,0.2061545569068243,0.188367270811484,0.1588697375123192,0.1335745266961816,0.1860670470514822,0.0327517203427556,True,False,False,False,50008001_10_M,Alagon,Zaragoza,Suburban/Traffic,urban,41.7628,-1.1433,235,ES1418A
e1_rr_50008001_10_M,hgb_direct,5,1639,0.2210477892411335,0.204187571931889,0.157997717084472,0.1317116021281213,0.1862787520548361,0.0349250460666686,True,False,False,False,50008001_10_M,Alagon,Zaragoza,Suburban/Traffic,urban,41.7628,-1.1433,235,ES1418A
e1_rr_50008001_10_M,hgb_direct,6,1637,0.2114337080941231,0.1976429591802294,0.145932343014624,0.1266601961856605,0.1687918469855544,0.0308550164144454,True,False,False,False,50008001_10_M,Alagon,Zaragoza,Suburban/Traffic,urban,41.7628,-1.1433,235,ES1418A
e1_rr_50008001_10_M,hgb_direct,7,1634,0.2095606027768186,0.1919625233465122,0.1420807853693969,0.1229518235450638,0.1640089845959375,0.0297745350250146,True,False,False,False,50008001_10_M,Alagon,Zaragoza,Suburban/Traffic,urban,41.7628,-1.1433,235,ES1418A
e1_rr_50008001_10_M,ridge_direct,1,1654,0.1059603614978836,0.0686559737292972,0.4175368143953776,0.366566836457835,0.4727099031580823,0.0442423517920089,True,False,False,False,50008001_10_M,Alagon,Zaragoza,Suburban/Traffic,urban,41.7628,-1.1433,235,ES1418A
e1_rr_50008001_10_M,ridge_direct,2,1648,0.1878363144274183,0.161416195167287,0.1750717102833572,0.1518303504996641,0.1996837439823743,0.0328848248201305,True,False,False,False,50008001_10_M,Alagon,Zaragoza,Suburban/Traffic,urban,41.7628,-1.1433,235,ES1418A
e1_rr_50008001_10_M,ridge_direct,3,1645,0.2229593657752616,0.2018930531004239,0.1119357999049645,0.0976896033523865,0.1275262128965374,0.0249571349543574,True,False,False,False,50008001_10_M,Alagon,Zaragoza,Suburban/Traffic,urban,41.7628,-1.1433,235,ES1418A
e1_rr_50008001_10_M,ridge_direct,4,1642,0.2314734407010295,0.2112039488345978,0.0935955092405453,0.0809458199342856,0.1066315057257148,0.021664874558074,True,False,False,False,50008001_10_M,Alagon,Zaragoza,Suburban/Traffic,urban,41.7628,-1.1433,235,ES1418A
e1_rr_50008001_10_M,ridge_direct,5,1639,0.2390790125694282,0.2209994326159795,0.0837018230282301,0.0721556110407436,0.0961120083251264,0.0200113491998502,True,False,False,False,50008001_10_M,Alagon,Zaragoza,Suburban/Traffic,urban,41.7628,-1.1433,235,ES1418A
e1_rr_50008001_10_M,ridge_direct,6,1637,0.2307674704489263,0.2092948230202916,0.078326572667953,0.0685748678789617,0.0900772020000903,0.0180752250435175,True,False,False,False,50008001_10_M,Alagon,Zaragoza,Suburban/Traffic,urban,41.7628,-1.1433,235,ES1418A
e1_rr_50008001_10_M,ridge_direct,7,1634,0.2282345519486226,0.2074647783920927,0.0767109231644982,0.0668542371991586,0.0882155355216272,0.0175080831780144,True,False,False,False,50008001_10_M,Alagon,Zaragoza,Suburban/Traffic,urban,41.7628,-1.1433,235,ES1418A
e1_rr_50008001_10_M,sarima,1,174,0.0843731339435583,0.0499436391635946,0.4555358478862475,0.3040794781034349,0.6870984955857301,0.0384349871097987,True,False,False,False,50008001_10_M,Alagon,Zaragoza,Suburban/Traffic,urban,41.7628,-1.1433,235,ES1418A
e1_rr_50008001_10_M,sarima,2,175,0.1339127840841226,0.1576568985917067,0.157973594626209,0.0915883022972671,0.2869523007293574,0.0211546838681722,True,False,False,False,50008001_10_M,Alagon,Zaragoza,Suburban/Traffic,urban,41.7628,-1.1433,235,ES1418A
e1_rr_50008001_10_M,sarima,3,176,0.2550870112436245,0.2545051932299758,0.1205610695719694,0.0843852015446188,0.1834734628287698,0.0307535629094483,True,False,False,False,50008001_10_M,Alagon,Zaragoza,Suburban/Traffic,urban,41.7628,-1.1433,235,ES1418A
e1_rr_50008001_10_M,sarima,4,173,0.2076539480198088,0.2189399397952088,0.0547151344105457,0.0375228743528115,0.0837474810600372,0.0113618136767843,True,False,False,False,50008001_10_M,Alagon,Zaragoza,Suburban/Traffic,urban,41.7628,-1.1433,235,ES1418A
e1_rr_50008001_10_M,sarima,5,176,0.2141559040956496,0.2019104555006192,0.02456882094914,0.0170504126676648,0.0368084545761052,0.0052615580629272,True,False,False,False,50008001_10_M,Alagon,Zaragoza,Suburban/Traffic,urban,41.7628,-1.1433,235,ES1418A
e1_rr_50008001_10_M,sarima,6,174,0.2159494494037475,0.1802642415217459,0.0270007863183342,0.0192782924339372,0.0380528514329628,0.0058308049389125,True,False,False,False,50008001_10_M,Alagon,Zaragoza,Suburban/Traffic,urban,41.7628,-1.1433,235,ES1418A
e1_rr_50008001_10_M,sarima,7,174,0.1719703737327858,0.1464363726597515,0.0337263693592652,0.0251462561622837,0.0477050570454664,0.0057999363433628,True,False,False,False,50008001_10_M,Alagon,Zaragoza,Suburban/Traffic,urban,41.7628,-1.1433,235,ES1418A
e1_rr_50008001_10_M,seasonal_naive,1,1654,-0.4542819177939778,-0.5445454545454547,0.9920133925120616,0.846660959709326,1.1604356520032937,-0.4506537464276894,False,False,False,False,50008001_10_M,Alagon,Zaragoza,Suburban/Traffic,urban,41.7628,-1.1433,235,ES1418A
e1_rr_50008001_10_M,seasonal_naive,2,1648,-0.0988469281936628,-0.1162892943504068,0.9997813584215014,0.862181945536441,1.1670999956405903,-0.0988253161452527,False,False,False,False,50008001_10_M,Alagon,Zaragoza,Suburban/Traffic,urban,41.7628,-1.1433,235,ES1418A
e1_rr_50008001_10_M,seasonal_naive,3,1645,-0.0104451906971025,-0.0118519499437197,0.9743238693501788,0.8376325212662421,1.1233858971778892,-0.0101769986161014,False,False,False,False,50008001_10_M,Alagon,Zaragoza,Suburban/Traffic,urban,41.7628,-1.1433,235,ES1418A
e1_rr_50008001_10_M,seasonal_naive,4,1642,0.0061734964084948,0.0104881522724328,0.9821481584941124,0.8438868363224944,1.146809065513973,0.0060632881290731,False,False,True,False,50008001_10_M,Alagon,Zaragoza,Suburban/Traffic,urban,41.7628,-1.1433,235,ES1418A
e1_rr_50008001_10_M,seasonal_naive,5,1639,0.0215743195368932,0.0250737463126844,0.988322475370984,0.8396302036234272,1.1520450548389434,0.0213223848891468,False,False,True,False,50008001_10_M,Alagon,Zaragoza,Suburban/Traffic,urban,41.7628,-1.1433,235,ES1418A
e1_rr_50008001_10_M,seasonal_naive,6,1637,0.0076283491589894,0.0096329080968496,0.9955002916141974,0.8598288487758543,1.1583672580734488,0.0075940238123088,False,False,True,False,50008001_10_M,Alagon,Zaragoza,Suburban/Traffic,urban,41.7628,-1.1433,235,ES1418A
e1_rr_50008001_10_M,seasonal_naive,7,1634,0.0,0.0,1.0005973581401912,0.8627276013046873,1.165191581191941,0.0,False,False,False,False,50008001_10_M,Alagon,Zaragoza,Suburban/Traffic,urban,41.7628,-1.1433,235,ES1418A
e1_rr_50008001_10_M,stl_ridge_direct,1,1654,-1.5770204627131492,-2.155446952089734,1.7798855086703778,1.5463208823161807,2.027623806468296,-2.806915868459788,False,True,False,False,50008001_10_M,Alagon,Zaragoza,Suburban/Traffic,urban,41.7628,-1.1433,235,ES1418A
e1_rr_50008001_10_M,stl_ridge_direct,2,1648,-0.9727806008019416,-1.3244398049207593,1.6494318536043893,1.4447230538625735,1.897879045688704,-1.604535309531138,False,True,False,False,50008001_10_M,Alagon,Zaragoza,Suburban/Traffic,urban,41.7628,-1.1433,235,ES1418A
e1_rr_50008001_10_M,stl_ridge_direct,3,1645,-0.8119718622900411,-1.1065072179517972,1.5446812319558,1.3484156301586196,1.7771990018735744,-1.254237696555626,False,True,False,False,50008001_10_M,Alagon,Zaragoza,Suburban/Traffic,urban,41.7628,-1.1433,235,ES1418A
e1_rr_50008001_10_M,stl_ridge_direct,4,1642,-0.7772349668460992,-1.0617534851604606,1.4726645500494773,1.2767130329935952,1.7127011823434486,-1.144606382733131,False,False,False,False,50008001_10_M,Alagon,Zaragoza,Suburban/Traffic,urban,41.7628,-1.1433,235,ES1418A
e1_rr_50008001_10_M,stl_ridge_direct,5,1639,-0.7489442276330229,-1.0344945069701224,1.4187819405739974,1.2246353124186324,1.627627179905851,-1.062588544662874,False,False,False,False,50008001_10_M,Alagon,Zaragoza,Suburban/Traffic,urban,41.7628,-1.1433,235,ES1418A
e1_rr_50008001_10_M,stl_ridge_direct,6,1637,-0.7631393700244054,-1.056415860492713,1.3465655237612384,1.1713168670645164,1.5596216968313286,-1.0276171654997348,False,False,False,False,50008001_10_M,Alagon,Zaragoza,Suburban/Traffic,urban,41.7628,-1.1433,235,ES1418A
e1_rr_50008001_10_M,stl_ridge_direct,7,1634,-0.7703892884850547,-1.0731902784661522,1.303947013027621,1.1213866368690897,1.5132604657599318,-1.0045468115885612,False,False,False,False,50008001_10_M,Alagon,Zaragoza,Suburban/Traffic,urban,41.7628,-1.1433,235,ES1418A
e1_rr_08019045_10_M,hgb_direct,1,1486,0.0981343420721223,0.0648147981309918,0.4360918645718678,0.351762472210798,0.5298781065139108,0.0427955882127653,True,False,False,False,08019045_10_M,Barcelona Zona Universitaria,Barcelona,Urban/Background,urban,41.3849,2.1196,24,ES0567A
e1_rr_08019045_10_M,hgb_direct,2,1476,0.1507049702509407,0.1345487266764223,0.2263860517111045,0.1805703617788714,0.2816902377852308,0.0341175031883499,True,False,False,False,08019045_10_M,Barcelona Zona Universitaria,Barcelona,Urban/Background,urban,41.3849,2.1196,24,ES0567A
e1_rr_08019045_10_M,hgb_direct,3,1467,0.1821960317857415,0.156394498492723,0.1443859922189581,0.1143032945924439,0.1840324582565714,0.0263065548277411,True,False,False,False,08019045_10_M,Barcelona Zona Universitaria,Barcelona,Urban/Background,urban,41.3849,2.1196,24,ES0567A
e1_rr_08019045_10_M,hgb_direct,4,1459,0.2167163652989592,0.1914457973283838,0.0954931110293624,0.0755869804117155,0.1190607245660257,0.0206949199333733,True,False,False,False,08019045_10_M,Barcelona Zona Universitaria,Barcelona,Urban/Background,urban,41.3849,2.1196,24,ES0567A
e1_rr_08019045_10_M,hgb_direct,5,1454,0.2181701627557102,0.1970116536365469,0.0890719463894342,0.0716490132546555,0.1117214785466407,0.0194328410407507,True,False,False,False,08019045_10_M,Barcelona Zona Universitaria,Barcelona,Urban/Background,urban,41.3849,2.1196,24,ES0567A
e1_rr_08019045_10_M,hgb_direct,6,1451,0.2119144262615816,0.1822374295541527,0.0810139061455848,0.065658799261354,0.0991571038040271,0.0171680154400512,True,False,False,False,08019045_10_M,Barcelona Zona Universitaria,Barcelona,Urban/Background,urban,41.3849,2.1196,24,ES0567A
e1_rr_08019045_10_M,hgb_direct,7,1447,0.2070338077574712,0.1737863908797117,0.0791106016272115,0.0640339248930259,0.0974284399790582,0.016378569088866,True,False,False,False,08019045_10_M,Barcelona Zona Universitaria,Barcelona,Urban/Background,urban,41.3849,2.1196,24,ES0567A
e1_rr_08019045_10_M,ridge_direct,1,1486,0.0941855775586321,0.0723799475184064,0.4433900563206617,0.33929927630132,0.5793091996237094,0.0417609485383159,True,False,False,False,08019045_10_M,Barcelona Zona Universitaria,Barcelona,Urban/Background,urban,41.3849,2.1196,24,ES0567A
e1_rr_08019045_10_M,ridge_direct,2,1476,0.1609789723725999,0.1445649526167536,0.1763445609768441,0.1308285053911489,0.2301677026325289,0.0283877662095496,True,False,False,False,08019045_10_M,Barcelona Zona Universitaria,Barcelona,Urban/Background,urban,41.3849,2.1196,24,ES0567A
e1_rr_08019045_10_M,ridge_direct,3,1467,0.2035490639221941,0.1758641196945819,0.0847586291291365,0.0657766840572084,0.1084547340525736,0.0172525396185641,True,False,False,False,08019045_10_M,Barcelona Zona Universitaria,Barcelona,Urban/Background,urban,41.3849,2.1196,24,ES0567A
e1_rr_08019045_10_M,ridge_direct,4,1459,0.2360155704601227,0.2144438700517079,0.0476688167541653,0.0379851694068432,0.0595201887749247,0.0112505829793933,True,False,False,False,08019045_10_M,Barcelona Zona Universitaria,Barcelona,Urban/Background,urban,41.3849,2.1196,24,ES0567A
e1_rr_08019045_10_M,ridge_direct,5,1454,0.2413268123381637,0.2218807673748132,0.0432605714863025,0.0341776252372201,0.0545510771344762,0.0104399358167166,True,False,False,False,08019045_10_M,Barcelona Zona Universitaria,Barcelona,Urban/Background,urban,41.3849,2.1196,24,ES0567A
e1_rr_08019045_10_M,ridge_direct,6,1451,0.2358624863847505,0.2115094316942306,0.0368235896488206,0.0293474614024482,0.046113243988754,0.0086853034121826,True,False,False,False,08019045_10_M,Barcelona Zona Universitaria,Barcelona,Urban/Background,urban,41.3849,2.1196,24,ES0567A
e1_rr_08019045_10_M,ridge_direct,7,1447,0.2329908239005792,0.2047108981047585,0.0339551103942123,0.0270574734268313,0.0426170686559638,0.0079112291463826,True,False,False,False,08019045_10_M,Barcelona Zona Universitaria,Barcelona,Urban/Background,urban,41.3849,2.1196,24,ES0567A
e1_rr_08019045_10_M,sarima,1,170,0.152067846604338,0.0435699774968315,0.7606391377573289,0.3199198520390021,1.662071015602453,0.1156687557217374,False,False,False,False,08019045_10_M,Barcelona Zona Universitaria,Barcelona,Urban/Background,urban,41.3849,2.1196,24,ES0567A
e1_rr_08019045_10_M,sarima,2,166,0.2279081871399637,0.1165709933049941,0.2933102725800243,0.0987642162598061,0.7925739538165246,0.0668478124932419,True,False,False,False,08019045_10_M,Barcelona Zona Universitaria,Barcelona,Urban/Background,urban,41.3849,2.1196,24,ES0567A
e1_rr_08019045_10_M,sarima,3,167,0.3007737474075614,0.1742267524220502,0.1706555822445473,0.0895279763245953,0.3431640325968113,0.0513287189877118,True,False,False,False,08019045_10_M,Barcelona Zona Universitaria,Barcelona,Urban/Background,urban,41.3849,2.1196,24,ES0567A
e1_rr_08019045_10_M,sarima,4,168,0.3269467632766175,0.1894174790512893,0.0797308475249661,0.045784129765717,0.1460625579377897,0.0260677425315891,True,False,False,False,08019045_10_M,Barcelona Zona Universitaria,Barcelona,Urban/Background,urban,41.3849,2.1196,24,ES0567A
e1_rr_08019045_10_M,sarima,5,169,0.3685045295534584,0.2525272964494319,0.0671574041430181,0.0435160160587923,0.1042662600682388,0.0247478076197543,True,False,False,False,08019045_10_M,Barcelona Zona Universitaria,Barcelona,Urban/Background,urban,41.3849,2.1196,24,ES0567A
e1_rr_08019045_10_M,sarima,6,170,0.2941841202772949,0.2174316058352218,0.0489673729445369,0.0292155401225973,0.0782685590979013,0.0144054235319788,True,False,False,False,08019045_10_M,Barcelona Zona Universitaria,Barcelona,Urban/Background,urban,41.3849,2.1196,24,ES0567A
e1_rr_08019045_10_M,sarima,7,170,0.2974094654665165,0.161755793760071,0.0198994323456124,0.0124324211303356,0.0317087252717002,0.0059182795369956,True,False,False,False,08019045_10_M,Barcelona Zona Universitaria,Barcelona,Urban/Background,urban,41.3849,2.1196,24,ES0567A
e1_rr_08019045_10_M,seasonal_naive,1,1486,-0.4576093599344706,-0.5879205102236336,0.970720929782561,0.7277860995264345,1.2838970974458488,-0.4442109833527919,False,False,False,False,08019045_10_M,Barcelona Zona Universitaria,Barcelona,Urban/Background,urban,41.3849,2.1196,24,ES0567A
e1_rr_08019045_10_M,seasonal_naive,2,1476,-0.1754867510055717,-0.192098500407666,0.9794323854265083,0.7309223458868779,1.2935503531726675,-0.1718774071481348,False,False,False,False,08019045_10_M,Barcelona Zona Universitaria,Barcelona,Urban/Background,urban,41.3849,2.1196,24,ES0567A
e1_rr_08019045_10_M,seasonal_naive,3,1467,-0.0636489062014111,-0.0726697670936771,0.9757033615661312,0.7237288174578951,1.2893383544716743,-0.0621024517407241,False,False,False,False,08019045_10_M,Barcelona Zona Universitaria,Barcelona,Urban/Background,urban,41.3849,2.1196,24,ES0567A
e1_rr_08019045_10_M,seasonal_naive,4,1459,0.000513310917791,0.002256920050583,0.9748072326737028,0.7201360406857972,1.2801427890335717,0.000500379195273,False,False,True,False,08019045_10_M,Barcelona Zona Universitaria,Barcelona,Urban/Background,urban,41.3849,2.1196,24,ES0567A
e1_rr_08019045_10_M,seasonal_naive,5,1454,0.0096181391011882,0.0234296031999723,0.9818523299688944,0.7358572457139864,1.30334233865694,0.0094435922864665,False,False,True,False,08019045_10_M,Barcelona Zona Universitaria,Barcelona,Urban/Background,urban,41.3849,2.1196,24,ES0567A
e1_rr_08019045_10_M,seasonal_naive,6,1451,0.0057623139017154,0.0111527410240955,0.9607184802411152,0.7244321253827576,1.2996289610764955,0.0055359614543282,False,False,True,False,08019045_10_M,Barcelona Zona Universitaria,Barcelona,Urban/Background,urban,41.3849,2.1196,24,ES0567A
e1_rr_08019045_10_M,seasonal_naive,7,1447,0.0,0.0,0.9767204926369416,0.7406577899725629,1.3044945049385803,0.0,False,False,False,False,08019045_10_M,Barcelona Zona Universitaria,Barcelona,Urban/Background,urban,41.3849,2.1196,24,ES0567A
e1_rr_08019045_10_M,stl_ridge_direct,1,1486,-2.0510811305465904,-3.3562576569765596,1.690872896533437,1.3248643918671623,2.091464597299169,-3.46811749223239,False,True,False,False,08019045_10_M,Barcelona Zona Universitaria,Barcelona,Urban/Background,urban,41.3849,2.1196,24,ES0567A
e1_rr_08019045_10_M,stl_ridge_direct,2,1476,-1.486377026514044,-2.3129556865726046,1.488918527754045,1.1592874834535478,1.8975393091419115,-2.2130942940047253,False,False,False,False,08019045_10_M,Barcelona Zona Universitaria,Barcelona,Urban/Background,urban,41.3849,2.1196,24,ES0567A
e1_rr_08019045_10_M,stl_ridge_direct,3,1467,-1.259809414325558,-1.996955679818485,1.3982542231729098,1.0851637650717416,1.7800756259755723,-1.7615338339737017,False,False,False,False,08019045_10_M,Barcelona Zona Universitaria,Barcelona,Urban/Background,urban,41.3849,2.1196,24,ES0567A
e1_rr_08019045_10_M,stl_ridge_direct,4,1459,-1.1244847357631755,-1.7978436389014787,1.341194188461469,1.0238971017369152,1.7094378332205629,-1.5081523926192018,False,False,False,False,08019045_10_M,Barcelona Zona Universitaria,Barcelona,Urban/Background,urban,41.3849,2.1196,24,ES0567A
e1_rr_08019045_10_M,stl_ridge_direct,5,1454,-1.102560533528839,-1.752373694310042,1.3119822232464655,1.0031010344995397,1.703719142311121,-1.4465398200429755,False,False,False,False,08019045_10_M,Barcelona Zona Universitaria,Barcelona,Urban/Background,urban,41.3849,2.1196,24,ES0567A
e1_rr_08019045_10_M,stl_ridge_direct,6,1451,-1.0969200028271249,-1.7770469793924455,1.2320718869299625,0.9420966612190994,1.6179981564299355,-1.3514842976944357,False,False,False,False,08019045_10_M,Barcelona Zona Universitaria,Barcelona,Urban/Background,urban,41.3849,2.1196,24,ES0567A
e1_rr_08019045_10_M,stl_ridge_direct,7,1447,-1.1140258564241523,-1.814980919669016,1.2289068855444327,0.9371431988321862,1.6313333531082344,-1.3690340456341743,False,False,False,False,08019045_10_M,Barcelona Zona Universitaria,Barcelona,Urban/Background,urban,41.3849,2.1196,24,ES0567A
e1_rr_daily,hgb_direct,1,1274,0.0545432047835262,0.0307519963616089,0.2980932035616973,0.1884424537123804,0.4861930870857883,0.016258958646443,True,False,False,False,03014002_10_M,Elx-Agroalimentari,Alicante,Suburban/Industrial,industrial,38.24222,-0.68278,44,ES1624A
e1_rr_daily,hgb_direct,2,1251,0.2074180430237674,0.1405576467484952,0.1637044787714371,0.1040902626227652,0.2710188859519727,0.0339552626209973,True,False,False,False,03014002_10_M,Elx-Agroalimentari,Alicante,Suburban/Industrial,industrial,38.24222,-0.68278,44,ES1624A
e1_rr_daily,hgb_direct,3,1241,0.2358890778091833,0.185704695020168,0.1295924754776451,0.0808687514389984,0.2197395669445194,0.0305694495314309,True,False,False,False,03014002_10_M,Elx-Agroalimentari,Alicante,Suburban/Industrial,industrial,38.24222,-0.68278,44,ES1624A
e1_rr_daily,hgb_direct,4,1234,0.2421463973791151,0.1903690953316565,0.1194146001058735,0.0757641350136067,0.2039975959283241,0.0289158152101049,True,False,False,False,03014002_10_M,Elx-Agroalimentari,Alicante,Suburban/Industrial,industrial,38.24222,-0.68278,44,ES1624A
e1_rr_daily,hgb_direct,5,1228,0.2536119461106551,0.2153576599538288,0.1040043978229446,0.066548586290539,0.1786594602504055,0.0263767577359437,True,False,False,False,03014002_10_M,Elx-Agroalimentari,Alicante,Suburban/Industrial,industrial,38.24222,-0.68278,44,ES1624A
e1_rr_daily,hgb_direct,6,1224,0.2508762662428327,0.2143140689968438,0.1012726638807586,0.0655037592460075,0.1698373394107718,0.0254069077868701,True,False,False,False,03014002_10_M,Elx-Agroalimentari,Alicante,Suburban/Industrial,industrial,38.24222,-0.68278,44,ES1624A
e1_rr_daily,hgb_direct,7,1215,0.2378516414402605,0.1874614703961721,0.1020102009595247,0.0640845964548978,0.1724203965678531,0.0242632937418738,True,False,False,False,03014002_10_M,Elx-Agroalimentari,Alicante,Suburban/Industrial,industrial,38.24222,-0.68278,44,ES1624A
e1_rr_daily,ridge_direct,1,1274,0.1068243052570685,0.0606217026697125,0.2648966469796901,0.1528093908207748,0.4680395826970427,0.0282974002785323,True,False,False,False,03014002_10_M,Elx-Agroalimentari,Alicante,Suburban/Industrial,industrial,38.24222,-0.68278,44,ES1624A
e1_rr_daily,ridge_direct,2,1251,0.2264146319696041,0.1745066859246035,0.0798748738835058,0.0434895701670495,0.1449169124578384,0.0180848401739525,True,False,False,False,03014002_10_M,Elx-Agroalimentari,Alicante,Suburban/Industrial,industrial,38.24222,-0.68278,44,ES1624A
e1_rr_daily,ridge_direct,3,1241,0.2578848238331962,0.2238600172752354,0.0371668686742623,0.0200783158584169,0.0719005649509484,0.0095847713804936,True,False,False,False,03014002_10_M,Elx-Agroalimentari,Alicante,Suburban/Industrial,industrial,38.24222,-0.68278,44,ES1624A
e1_rr_daily,ridge_direct,4,1234,0.2715063488548955,0.2422163820744006,0.0234841531430121,0.0131472312494685,0.0441773207126412,0.0063760966758084,True,False,False,False,03014002_10_M,Elx-Agroalimentari,Alicante,Suburban/Industrial,industrial,38.24222,-0.68278,44,ES1624A
e1_rr_daily,ridge_direct,5,1228,0.2781987813347364,0.2497286843660431,0.0290588671451635,0.0163603785374959,0.0543165823981337,0.0080841414267525,True,False,False,False,03014002_10_M,Elx-Agroalimentari,Alicante,Suburban/Industrial,industrial,38.24222,-0.68278,44,ES1624A
e1_rr_daily,ridge_direct,6,1224,0.2800379270533902,0.2613624587873081,0.0367634559025588,0.0217891403804402,0.0640211959546268,0.0102951619822712,True,False,False,False,03014002_10_M,Elx-Agroalimentari,Alicante,Suburban/Industrial,industrial,38.24222,-0.68278,44,ES1624A
e1_rr_daily,ridge_direct,7,1215,0.2717268157502217,0.2441776798139534,0.0330594389894317,0.0190272433093208,0.0588204791604954,0.008983136087087,True,False,False,False,03014002_10_M,Elx-Agroalimentari,Alicante,Suburban/Industrial,industrial,38.24222,-0.68278,44,ES1624A
e1_rr_daily,sarima,1,136,-0.0460140053356599,0.0198270420151025,0.0517967942749496,0.0231625705431422,0.3484350166629408,-0.0023833779681376,True,False,False,False,03014002_10_M,Elx-Agroalimentari,Alicante,Suburban/Industrial,industrial,38.24222,-0.68278,44,ES1624A
e1_rr_daily,sarima,2,132,-0.0070258483928693,0.0941493883010384,0.0301821838606212,0.0161016264667108,0.0822796087643233,-0.0002120554479704,True,False,False,False,03014002_10_M,Elx-Agroalimentari,Alicante,Suburban/Industrial,industrial,38.24222,-0.68278,44,ES1624A
e1_rr_daily,sarima,3,132,0.2339225517747595,0.2000327627116493,0.028385158746944,0.0175166891009858,0.0497985833977127,0.0066399287666167,True,False,False,False,03014002_10_M,Elx-Agroalimentari,Alicante,Suburban/Industrial,industrial,38.24222,-0.68278,44,ES1624A
e1_rr_daily,sarima,4,134,0.2479131466958791,0.2371125556202226,0.0116666885308638,0.007351491953463,0.0184374693212541,0.0028923254652071,True,False,False,False,03014002_10_M,Elx-Agroalimentari,Alicante,Suburban/Industrial,industrial,38.24222,-0.68278,44,ES1624A
e1_rr_daily,sarima,5,130,0.127818294381531,0.2356483884672777,0.003095626624963,0.0012284151913386,0.0136833952427133,0.0003956777152448,True,False,False,False,03014002_10_M,Elx-Agroalimentari,Alicante,Suburban/Industrial,industrial,38.24222,-0.68278,44,ES1624A
e1_rr_daily,sarima,6,128,0.08973280811703,0.2330161350257278,0.0016483196066309,0.0005795223181391,0.0135936635208856,0.0001479083469773,True,False,False,False,03014002_10_M,Elx-Agroalimentari,Alicante,Suburban/Industrial,industrial,38.24222,-0.68278,44,ES1624A
e1_rr_daily,sarima,7,127,0.2217535084576362,0.2628796148505148,0.0049555503436443,0.0024950776382019,0.0112620136969754,0.0010989106750415,True,False,False,False,03014002_10_M,Elx-Agroalimentari,Alicante,Suburban/Industrial,industrial,38.24222,-0.68278,44,ES1624A
e1_rr_daily,seasonal_naive,1,1274,-0.5820662647666237,-0.6883644207587869,1.3124697247858397,0.7068030222076783,2.3897665697034416,-0.7639443503253722,False,False,False,False,03014002_10_M,Elx-Agroalimentari,Alicante,Suburban/Industrial,industrial,38.24222,-0.68278,44,ES1624A
e1_rr_daily,seasonal_naive,2,1251,-0.1912908811513025,-0.2445844069090561,1.3108098487646214,0.7156397177922106,2.485257564705202,-0.25074597099199,False,False,False,False,03014002_10_M,Elx-Agroalimentari,Alicante,Suburban/Industrial,industrial,38.24222,-0.68278,44,ES1624A
e1_rr_daily,seasonal_naive,3,1241,-0.1141022420372301,-0.1150034770514603,1.296043414361797,0.6892680216396284,2.4971335522370697,-0.1478814593562678,False,False,False,False,03014002_10_M,Elx-Agroalimentari,Alicante,Suburban/Industrial,industrial,38.24222,-0.68278,44,ES1624A
e1_rr_daily,seasonal_naive,4,1234,-0.0732680967064896,-0.0524516344229486,1.2401768615386688,0.6281834095421628,2.358726152060335,-0.0908653982243659,False,False,False,False,03014002_10_M,Elx-Agroalimentari,Alicante,Suburban/Industrial,industrial,38.24222,-0.68278,44,ES1624A
e1_rr_daily,seasonal_naive,5,1228,-0.0561755911083006,-0.0280343007915566,1.220635100988062,0.6253671634961016,2.360031215851241,-0.0685698983255445,False,False,False,False,03014002_10_M,Elx-Agroalimentari,Alicante,Suburban/Industrial,industrial,38.24222,-0.68278,44,ES1624A
e1_rr_daily,seasonal_naive,6,1224,-0.0173186221478531,0.0003273858241937,1.0710752538159911,0.5537778737872376,1.9804253538955383,-0.018549547612755,False,False,False,False,03014002_10_M,Elx-Agroalimentari,Alicante,Suburban/Industrial,industrial,38.24222,-0.68278,44,ES1624A
e1_rr_daily,seasonal_naive,7,1215,0.0,0.0,0.964750532639048,0.4946707925801352,1.963716783645498,0.0,False,False,False,False,03014002_10_M,Elx-Agroalimentari,Alicante,Suburban/Industrial,industrial,38.24222,-0.68278,44,ES1624A
e1_rr_daily,stl_ridge_direct,1,1274,-1.28855624225073,-2.5889439562243672,1.642356629381014,0.9370706422559412,2.8778181800859604,-2.1162688867907744,False,True,False,False,03014002_10_M,Elx-Agroalimentari,Alicante,Suburban/Industrial,industrial,38.24222,-0.68278,44,ES1624A
e1_rr_daily,stl_ridge_direct,2,1251,-0.747120424710628,-1.683656618741169,1.472850521013925,0.8225480868124159,2.764382660435487,-1.1003967067951934,False,False,False,False,03014002_10_M,Elx-Agroalimentari,Alicante,Suburban/Industrial,industrial,38.24222,-0.68278,44,ES1624A
e1_rr_daily,stl_ridge_direct,3,1241,-0.6248225401105085,-1.4202440410794268,1.3700053749435843,0.753459453516461,2.604122545043634,-0.8560102383373,False,False,False,False,03014002_10_M,Elx-Agroalimentari,Alicante,Suburban/Industrial,industrial,38.24222,-0.68278,44,ES1624A
e1_rr_daily,stl_ridge_direct,4,1234,-0.5566452254443988,-1.287368576297188,1.283954012930507,0.6763298848647751,2.4305512783619783,-0.7147068709879425,False,False,False,False,03014002_10_M,Elx-Agroalimentari,Alicante,Suburban/Industrial,industrial,38.24222,-0.68278,44,ES1624A
e1_rr_daily,stl_ridge_direct,5,1228,-0.5291724152501194,-1.245294686079045,1.242907748574815,0.6525042110630257,2.3776539177905924,-0.657712495246423,False,False,False,False,03014002_10_M,Elx-Agroalimentari,Alicante,Suburban/Industrial,industrial,38.24222,-0.68278,44,ES1624A
e1_rr_daily,stl_ridge_direct,6,1224,-0.4975317643858783,-1.2088846419873582,1.0940319424526166,0.5784618701815323,2.001270198788714,-0.5443156426229601,False,False,False,False,03014002_10_M,Elx-Agroalimentari,Alicante,Suburban/Industrial,industrial,38.24222,-0.68278,44,ES1624A
e1_rr_daily,stl_ridge_direct,7,1215,-0.4921674853675131,-1.258162599357703,0.9797059419083552,0.5155807492115586,1.9668550772409856,-0.482179409828646,False,False,False,False,03014002_10_M,Elx-Agroalimentari,Alicante,Suburban/Industrial,industrial,38.24222,-0.68278,44,ES1624A
e1_rr_zarra_emep,hgb_direct,1,1463,0.0576745356631105,0.0396183216905552,0.3867637663588691,0.2960169217324584,0.5065192595450757,0.0223064206360635,True,False,False,False,46263999_10_M,Zarra-EMEP,Valencia,Rural Remote EMEP,rural,39.08278,-1.10083,855,ES0012R
e1_rr_zarra_emep,hgb_direct,2,1459,0.1944010198200222,0.1649672245044421,0.1955083502333943,0.1473734114465048,0.2634889502686902,0.0380070226687019,True,False,False,False,46263999_10_M,Zarra-EMEP,Valencia,Rural Remote EMEP,rural,39.08278,-1.10083,855,ES0012R
e1_rr_zarra_emep,hgb_direct,3,1456,0.2313148450813498,0.1978577662858186,0.1340004470383874,0.1004914637273831,0.179609306698824,0.0309962926475162,True,False,False,False,46263999_10_M,Zarra-EMEP,Valencia,Rural Remote EMEP,rural,39.08278,-1.10083,855,ES0012R
e1_rr_zarra_emep,hgb_direct,4,1456,0.2350524348857933,0.21504104860998,0.1079540983125341,0.0833993217826968,0.1478344347312909,0.0253748736642614,True,False,False,False,46263999_10_M,Zarra-EMEP,Valencia,Rural Remote EMEP,rural,39.08278,-1.10083,855,ES0012R
e1_rr_zarra_emep,hgb_direct,5,1454,0.2158380294562084,0.2195588212605539,0.0928018694326719,0.0688824994536194,0.1300361573240956,0.0200301726282002,True,False,False,False,46263999_10_M,Zarra-EMEP,Valencia,Rural Remote EMEP,rural,39.08278,-1.10083,855,ES0012R
e1_rr_zarra_emep,hgb_direct,6,1451,0.2122987011351359,0.2327743778918961,0.0793759082652726,0.0593390741494589,0.1080603113496876,0.016851402226139,True,False,False,False,46263999_10_M,Zarra-EMEP,Valencia,Rural Remote EMEP,rural,39.08278,-1.10083,855,ES0012R
e1_rr_zarra_emep,hgb_direct,7,1449,0.2047846046271658,0.2314577884086556,0.0783525631458926,0.0594777635119875,0.1101970302143788,0.0160453986653566,True,False,False,False,46263999_10_M,Zarra-EMEP,Valencia,Rural Remote EMEP,rural,39.08278,-1.10083,855,ES0012R
e1_rr_zarra_emep,ridge_direct,1,1463,0.0852153086153748,0.040955131635905,0.4755109408749368,0.3604085978865746,0.6327164245264522,0.0405208115766449,True,False,False,False,46263999_10_M,Zarra-EMEP,Valencia,Rural Remote EMEP,rural,39.08278,-1.10083,855,ES0012R
e1_rr_zarra_emep,ridge_direct,2,1459,0.1800284101493156,0.1345517132038337,0.2289217304349452,0.1648063463714843,0.3359898576493338,0.0412124151788333,True,False,False,False,46263999_10_M,Zarra-EMEP,Valencia,Rural Remote EMEP,rural,39.08278,-1.10083,855,ES0012R
e1_rr_zarra_emep,ridge_direct,3,1456,0.2189869172535209,0.1727309087735601,0.1419788223533167,0.1023245649600228,0.202482936914306,0.0310915046224381,True,False,False,False,46263999_10_M,Zarra-EMEP,Valencia,Rural Remote EMEP,rural,39.08278,-1.10083,855,ES0012R
e1_rr_zarra_emep,ridge_direct,4,1456,0.2246462771083498,0.1951830965426945,0.1077596206531649,0.0792047131992093,0.1549362885895986,0.0242077976023415,True,False,False,False,46263999_10_M,Zarra-EMEP,Valencia,Rural Remote EMEP,rural,39.08278,-1.10083,855,ES0012R
e1_rr_zarra_emep,ridge_direct,5,1454,0.2077774999457512,0.206477386736708,0.0874297364441652,0.0640603521838526,0.1254531655869989,0.0181659320592845,True,False,False,False,46263999_10_M,Zarra-EMEP,Valencia,Rural Remote EMEP,rural,39.08278,-1.10083,855,ES0012R
e1_rr_zarra_emep,ridge_direct,6,1451,0.208160151566629,0.2246109684857281,0.0783494121830458,0.0569192607082027,0.1089875128334925,0.0163092255151791,True,False,False,False,46263999_10_M,Zarra-EMEP,Valencia,Rural Remote EMEP,rural,39.08278,-1.10083,855,ES0012R
e1_rr_zarra_emep,ridge_direct,7,1449,0.2064613695421264,0.2229202785407752,0.0677558416154959,0.0489061216056428,0.0975477480471905,0.0139889638544146,True,False,False,False,46263999_10_M,Zarra-EMEP,Valencia,Rural Remote EMEP,rural,39.08278,-1.10083,855,ES0012R
e1_rr_zarra_emep,sarima,1,169,0.1461155756160355,0.0446618407242519,0.5307389325344523,0.3659265304370757,0.8454571117978119,0.0775492246291117,False,False,False,False,46263999_10_M,Zarra-EMEP,Valencia,Rural Remote EMEP,rural,39.08278,-1.10083,855,ES0012R
e1_rr_zarra_emep,sarima,2,172,0.0782767753261056,0.058712847187699,0.1499568563458232,0.0745471395448263,0.3178686259429381,0.011738139152791,True,False,False,False,46263999_10_M,Zarra-EMEP,Valencia,Rural Remote EMEP,rural,39.08278,-1.10083,855,ES0012R
e1_rr_zarra_emep,sarima,3,174,0.0876360349409425,0.11109603141654,0.0506705876995868,0.0216455172531446,0.2595976122266222,0.004440569394119,True,False,False,False,46263999_10_M,Zarra-EMEP,Valencia,Rural Remote EMEP,rural,39.08278,-1.10083,855,ES0012R
e1_rr_zarra_emep,sarima,4,170,0.2495542186014008,0.126578130628377,0.0903109842064008,0.0518645289505321,0.1679592353061872,0.0225374870947518,True,False,False,False,46263999_10_M,Zarra-EMEP,Valencia,Rural Remote EMEP,rural,39.08278,-1.10083,855,ES0012R
e1_rr_zarra_emep,sarima,5,170,0.3270361752893018,0.1493508801027308,0.0797103120027165,0.0546028427903462,0.112884376167749,0.0260681555684853,True,False,False,False,46263999_10_M,Zarra-EMEP,Valencia,Rural Remote EMEP,rural,39.08278,-1.10083,855,ES0012R
e1_rr_zarra_emep,sarima,6,169,0.3003059777732562,0.1618686429419009,0.0850048078825685,0.0563129916865279,0.141463003310473,0.0255274519466025,True,False,False,False,46263999_10_M,Zarra-EMEP,Valencia,Rural Remote EMEP,rural,39.08278,-1.10083,855,ES0012R
e1_rr_zarra_emep,sarima,7,172,0.1495592589263198,0.1302531525825593,0.0397630068284785,0.0211310315215104,0.0909860094737592,0.0059469258339494,True,False,False,False,46263999_10_M,Zarra-EMEP,Valencia,Rural Remote EMEP,rural,39.08278,-1.10083,855,ES0012R
e1_rr_zarra_emep,seasonal_naive,1,1463,-0.7016714016935104,-0.8389117889530091,1.313613457248389,0.8639874112893935,2.0019031085903585,-0.9217249958309354,False,False,False,False,46263999_10_M,Zarra-EMEP,Valencia,Rural Remote EMEP,rural,39.08278,-1.10083,855,ES0012R
e1_rr_zarra_emep,seasonal_naive,2,1459,-0.2256678692312941,-0.3039952996474735,1.295507767133707,0.8615211687532615,1.9715202037967916,-0.2923544773816551,False,False,False,False,46263999_10_M,Zarra-EMEP,Valencia,Rural Remote EMEP,rural,39.08278,-1.10083,855,ES0012R
e1_rr_zarra_emep,seasonal_naive,3,1456,-0.099388999661014,-0.1436120609263289,1.1810735501461755,0.7750524164193516,1.7832877075666262,-0.1173857186751108,False,False,False,False,46263999_10_M,Zarra-EMEP,Valencia,Rural Remote EMEP,rural,39.08278,-1.10083,855,ES0012R
e1_rr_zarra_emep,seasonal_naive,4,1456,-0.0723208467300837,-0.089651790093183,1.116622568561022,0.7479677790921189,1.71780372863529,-0.080755089636254,False,False,False,False,46263999_10_M,Zarra-EMEP,Valencia,Rural Remote EMEP,rural,39.08278,-1.10083,855,ES0012R
e1_rr_zarra_emep,seasonal_naive,5,1454,-0.0301146774267071,-0.0336731830511645,0.8661511534785976,0.5647334314171897,1.3427205561524318,-0.0260838625897782,False,False,False,False,46263999_10_M,Zarra-EMEP,Valencia,Rural Remote EMEP,rural,39.08278,-1.10083,855,ES0012R
e1_rr_zarra_emep,seasonal_naive,6,1451,-0.0069080095242777,-0.0071141919007662,0.7914481731281748,0.5318388566364672,1.2157387435413678,-0.0054673315179416,False,False,False,False,46263999_10_M,Zarra-EMEP,Valencia,Rural Remote EMEP,rural,39.08278,-1.10083,855,ES0012R
e1_rr_zarra_emep,seasonal_naive,7,1449,0.0,0.0,0.7535175583894964,0.504326047101287,1.1675143053302963,0.0,False,False,False,False,46263999_10_M,Zarra-EMEP,Valencia,Rural Remote EMEP,rural,39.08278,-1.10083,855,ES0012R
e1_rr_zarra_emep,stl_ridge_direct,1,1463,-1.243273564187279,-2.370604109475911,1.9811487271746209,1.4202858787583386,2.805814977532868,-2.4631098392194817,False,True,False,False,46263999_10_M,Zarra-EMEP,Valencia,Rural Remote EMEP,rural,39.08278,-1.10083,855,ES0012R
e1_rr_zarra_emep,stl_ridge_direct,2,1459,-0.6772051326064006,-1.4466730798538858,1.8166911587040944,1.2572759835908505,2.649693806088227,-1.230272577035082,False,True,False,False,46263999_10_M,Zarra-EMEP,Valencia,Rural Remote EMEP,rural,39.08278,-1.10083,855,ES0012R
e1_rr_zarra_emep,stl_ridge_direct,3,1456,-0.5039775306055656,-1.1615667967836578,1.6141794357141774,1.1080226947018708,2.3591208374471555,-0.8135101659655165,False,True,False,False,46263999_10_M,Zarra-EMEP,Valencia,Rural Remote EMEP,rural,39.08278,-1.10083,855,ES0012R
e1_rr_zarra_emep,stl_ridge_direct,4,1456,-0.4473887200197133,-1.0455608626694626,1.4863231574296032,1.040557936054168,2.1961120262489233,-0.664964214938089,False,False,False,False,46263999_10_M,Zarra-EMEP,Valencia,Rural Remote EMEP,rural,39.08278,-1.10083,855,ES0012R
e1_rr_zarra_emep,stl_ridge_direct,5,1454,-0.3732407032105855,-0.9354373599654348,1.1827497847885304,0.8043352799290286,1.7910097079662874,-0.4414503613966397,False,False,False,False,46263999_10_M,Zarra-EMEP,Valencia,Rural Remote EMEP,rural,39.08278,-1.10083,855,ES0012R
e1_rr_zarra_emep,stl_ridge_direct,6,1451,-0.3430493175813982,-0.8848384245490126,1.0952809994232502,0.7676404199089177,1.6301703435279242,-0.3757353994120178,False,False,False,False,46263999_10_M,Zarra-EMEP,Valencia,Rural Remote EMEP,rural,39.08278,-1.10083,855,ES0012R
e1_rr_zarra_emep,stl_ridge_direct,7,1449,-0.3157186396243172,-0.8583920249308237,1.01750765830664,0.7128860798421168,1.5328712687819064,-0.3212461336878969,False,False,False,False,46263999_10_M,Zarra-EMEP,Valencia,Rural Remote EMEP,rural,39.08278,-1.10083,855,ES0012R
e1_rr_43004005_10_M,hgb_direct,1,1513,0.0825095674380311,0.0455959429529417,0.4472329047300538,0.3734108789613355,0.5324755423914509,0.0369009935133309,True,False,False,False,43004005_10_M,Alcanar Llar de Jubilats,Tarragona,Rural Near-city/Industrial,rural,40.55282,0.52998,7,ES2017A
e1_rr_43004005_10_M,hgb_direct,2,1506,0.1491276983719101,0.1160433606476333,0.2203492515436525,0.1822970037174236,0.2657875433868069,0.0328601767206779,True,False,False,False,43004005_10_M,Alcanar Llar de Jubilats,Tarragona,Rural Near-city/Industrial,rural,40.55282,0.52998,7,ES2017A
e1_rr_43004005_10_M,hgb_direct,3,1499,0.1614387247026361,0.1322682516510858,0.1571593075670126,0.127552383242307,0.1910858095779123,0.0253715981887678,True,False,False,False,43004005_10_M,Alcanar Llar de Jubilats,Tarragona,Rural Near-city/Industrial,rural,40.55282,0.52998,7,ES2017A
e1_rr_43004005_10_M,hgb_direct,4,1491,0.1973635493963782,0.1706475694562372,0.1254287678784028,0.1003686153056986,0.1549072640596502,0.024755066824896,True,False,False,False,43004005_10_M,Alcanar Llar de Jubilats,Tarragona,Rural Near-city/Industrial,rural,40.55282,0.52998,7,ES2017A
e1_rr_43004005_10_M,hgb_direct,5,1482,0.2122394069568375,0.1765433586890396,0.0941318370262501,0.0760081105848343,0.1157230112451111,0.0199784852662089,True,False,False,False,43004005_10_M,Alcanar Llar de Jubilats,Tarragona,Rural Near-city/Industrial,rural,40.55282,0.52998,7,ES2017A
e1_rr_43004005_10_M,hgb_direct,6,1474,0.2038831608350912,0.1792261698199304,0.0950831695901777,0.0776994917231359,0.1182919267527289,0.0193858571582644,True,False,False,False,43004005_10_M,Alcanar Llar de Jubilats,Tarragona,Rural Near-city/Industrial,rural,40.55282,0.52998,7,ES2017A
e1_rr_43004005_10_M,hgb_direct,7,1469,0.2178902670666233,0.1947545156862709,0.0875479223831554,0.0712236352803044,0.108166293475048,0.0190758401891937,True,False,False,False,43004005_10_M,Alcanar Llar de Jubilats,Tarragona,Rural Near-city/Industrial,rural,40.55282,0.52998,7,ES2017A
e1_rr_43004005_10_M,ridge_direct,1,1513,0.1043771266752907,0.0629420582841622,0.415793107156367,0.3452461703224008,0.4991932671556691,0.0433992898163728,True,False,False,False,43004005_10_M,Alcanar Llar de Jubilats,Tarragona,Rural Near-city/Industrial,rural,40.55282,0.52998,7,ES2017A
e1_rr_43004005_10_M,ridge_direct,2,1506,0.1737851287279077,0.1405585291886415,0.1709816964203485,0.1372826023109734,0.212020725226791,0.0297140761225263,True,False,False,False,43004005_10_M,Alcanar Llar de Jubilats,Tarragona,Rural Near-city/Industrial,rural,40.55282,0.52998,7,ES2017A
e1_rr_43004005_10_M,ridge_direct,3,1499,0.1895872857958079,0.1627867822443562,0.0985308889047165,0.0796921522082037,0.1238482297532793,0.0186802037944934,True,False,False,False,43004005_10_M,Alcanar Llar de Jubilats,Tarragona,Rural Near-city/Industrial,rural,40.55282,0.52998,7,ES2017A
e1_rr_43004005_10_M,ridge_direct,4,1491,0.2203488841826861,0.2000154416241147,0.0491729863008958,0.0397591069447984,0.0601605138248279,0.0108352126633329,True,False,False,False,43004005_10_M,Alcanar Llar de Jubilats,Tarragona,Rural Near-city/Industrial,rural,40.55282,0.52998,7,ES2017A
e1_rr_43004005_10_M,ridge_direct,5,1482,0.2343299165213771,0.1991336644839015,0.0326642324711901,0.0267706593191024,0.0393634394306735,0.0076542068682088,True,False,False,False,43004005_10_M,Alcanar Llar de Jubilats,Tarragona,Rural Near-city/Industrial,rural,40.55282,0.52998,7,ES2017A
e1_rr_43004005_10_M,ridge_direct,6,1474,0.2296002117316347,0.2037482181893554,0.0305645436182837,0.0251484278979688,0.0374450992859147,0.0070176256862387,True,False,False,False,43004005_10_M,Alcanar Llar de Jubilats,Tarragona,Rural Near-city/Industrial,rural,40.55282,0.52998,7,ES2017A
e1_rr_43004005_10_M,ridge_direct,7,1469,0.2419475603259524,0.2233372133281762,0.026375047385708,0.0215021137150433,0.032409549265502,0.0063813783684534,True,False,False,False,43004005_10_M,Alcanar Llar de Jubilats,Tarragona,Rural Near-city/Industrial,rural,40.55282,0.52998,7,ES2017A
e1_rr_43004005_10_M,sarima,1,165,0.0222567812982883,0.0809242344908706,0.2674366581098201,0.1509786966094533,0.4596120728991674,0.0059522792106953,True,False,False,False,43004005_10_M,Alcanar Llar de Jubilats,Tarragona,Rural Near-city/Industrial,rural,40.55282,0.52998,7,ES2017A
e1_rr_43004005_10_M,sarima,2,168,0.0418672969534698,0.0818622519297163,0.1196333937348953,0.0793023450189299,0.1841529314202369,0.0050087268210502,True,False,False,False,43004005_10_M,Alcanar Llar de Jubilats,Tarragona,Rural Near-city/Industrial,rural,40.55282,0.52998,7,ES2017A
e1_rr_43004005_10_M,sarima,3,162,0.0415278060949625,0.1093823880297836,0.0691456451854457,0.0483728812462554,0.1048399497831501,0.0028714669455722,True,False,False,False,43004005_10_M,Alcanar Llar de Jubilats,Tarragona,Rural Near-city/Industrial,rural,40.55282,0.52998,7,ES2017A
e1_rr_43004005_10_M,sarima,4,161,0.170385188531993,0.207753102261512,0.0415208678384987,0.0278018631545317,0.0656665822383487,0.0070745408946745,True,False,False,False,43004005_10_M,Alcanar Llar de Jubilats,Tarragona,Rural Near-city/Industrial,rural,40.55282,0.52998,7,ES2017A
e1_rr_43004005_10_M,sarima,5,159,0.1350599014555196,0.1396506955121543,0.0316141281588943,0.0209461499970407,0.0493603956804615,0.0042698010337424,True,False,False,False,43004005_10_M,Alcanar Llar de Jubilats,Tarragona,Rural Near-city/Industrial,rural,40.55282,0.52998,7,ES2017A
e1_rr_43004005_10_M,sarima,6,160,0.2015098283533729,0.2024867149829613,0.0311211514936012,0.0187243767484191,0.0483930159676302,0.0062712178956349,True,False,False,False,43004005_10_M,Alcanar Llar de Jubilats,Tarragona,Rural Near-city/Industrial,rural,40.55282,0.52998,7,ES2017A
e1_rr_43004005_10_M,sarima,7,159,0.1887875480506626,0.1861085248249632,0.0287783888640554,0.016906700117793,0.0476057821629113,0.0054330014704935,True,False,False,False,43004005_10_M,Alcanar Llar de Jubilats,Tarragona,Rural Near-city/Industrial,rural,40.55282,0.52998,7,ES2017A
e1_rr_43004005_10_M,seasonal_naive,1,1513,-0.4705907946525709,-0.6023202228811622,1.022647862590112,0.8160194117505254,1.2841378396459775,-0.481248670306034,False,False,False,False,43004005_10_M,Alcanar Llar de Jubilats,Tarragona,Rural Near-city/Industrial,rural,40.55282,0.52998,7,ES2017A
e1_rr_43004005_10_M,seasonal_naive,2,1506,-0.1746273090153716,-0.2183675125005195,1.0465578891700649,0.8156297235127502,1.3207524263766848,-0.1827575879145759,False,False,False,False,43004005_10_M,Alcanar Llar de Jubilats,Tarragona,Rural Near-city/Industrial,rural,40.55282,0.52998,7,ES2017A
e1_rr_43004005_10_M,seasonal_naive,3,1499,-0.1188339221514591,-0.1415860603619465,1.0475739169886649,0.8222203381268655,1.3046473935352298,-0.12448731729933,False,False,False,False,43004005_10_M,Alcanar Llar de Jubilats,Tarragona,Rural Near-city/Industrial,rural,40.55282,0.52998,7,ES2017A
e1_rr_43004005_10_M,seasonal_naive,4,1491,-0.0473076693024721,-0.0611646291526879,1.036204510488659,0.8108368092055839,1.315814026564558,-0.0490204203119274,False,False,False,False,43004005_10_M,Alcanar Llar de Jubilats,Tarragona,Rural Near-city/Industrial,rural,40.55282,0.52998,7,ES2017A
e1_rr_43004005_10_M,seasonal_naive,5,1482,-0.0149397006753866,-0.0419950204913874,1.0331211093894197,0.8083455612017664,1.303947327225194,-0.0154345201357012,False,False,False,False,43004005_10_M,Alcanar Llar de Jubilats,Tarragona,Rural Near-city/Industrial,rural,40.55282,0.52998,7,ES2017A
e1_rr_43004005_10_M,seasonal_naive,6,1474,-0.0191827794486592,-0.0291225083696677,1.034870113048145,0.8137491008775077,1.288297148995947,-0.0198516851366115,False,False,False,False,43004005_10_M,Alcanar Llar de Jubilats,Tarragona,Rural Near-city/Industrial,rural,40.55282,0.52998,7,ES2017A
e1_rr_43004005_10_M,seasonal_naive,7,1469,0.0,0.0,1.0383755755133606,0.8146773398056365,1.3007130729069063,0.0,False,False,False,False,43004005_10_M,Alcanar Llar de Jubilats,Tarragona,Rural Near-city/Industrial,rural,40.55282,0.52998,7,ES2017A
e1_rr_43004005_10_M,stl_ridge_direct,1,1513,-1.736948984690982,-2.692410454505086,1.7382910333109234,1.4429162634319914,2.1186892313105297,-3.0193228454068466,False,True,False,False,43004005_10_M,Alcanar Llar de Jubilats,Tarragona,Rural Near-city/Industrial,rural,40.55282,0.52998,7,ES2017A
e1_rr_43004005_10_M,stl_ridge_direct,2,1506,-1.2333100253323654,-1.8552674558798856,1.596631303724902,1.290151234396158,1.955811643758001,-1.9691413936434063,False,True,False,False,43004005_10_M,Alcanar Llar de Jubilats,Tarragona,Rural Near-city/Industrial,rural,40.55282,0.52998,7,ES2017A
e1_rr_43004005_10_M,stl_ridge_direct,3,1499,-1.122676075447314,-1.6738920039327518,1.4963358331121368,1.221456814516042,1.8375275007927712,-1.6799004406695206,False,False,False,False,43004005_10_M,Alcanar Llar de Jubilats,Tarragona,Rural Near-city/Industrial,rural,40.55282,0.52998,7,ES2017A
e1_rr_43004005_10_M,stl_ridge_direct,4,1491,-0.984541186056348,-1.4883138756658152,1.4034827909733103,1.1174517023436628,1.7374869810092837,-1.3817866116345368,False,False,False,False,43004005_10_M,Alcanar Llar de Jubilats,Tarragona,Rural Near-city/Industrial,rural,40.55282,0.52998,7,ES2017A
e1_rr_43004005_10_M,stl_ridge_direct,5,1482,-0.9170455140463598,-1.4486417088678394,1.32142698702763,1.042099743775487,1.6558023368567136,-1.2118086905934855,False,False,False,False,43004005_10_M,Alcanar Llar de Jubilats,Tarragona,Rural Near-city/Industrial,rural,40.55282,0.52998,7,ES2017A
e1_rr_43004005_10_M,stl_ridge_direct,6,1474,-0.9125925903309258,-1.414302248628673,1.2563150394097653,0.996804880258372,1.5574725717898383,-1.1465037960866569,False,False,False,False,43004005_10_M,Alcanar Llar de Jubilats,Tarragona,Rural Near-city/Industrial,rural,40.55282,0.52998,7,ES2017A
e1_rr_43004005_10_M,stl_ridge_direct,7,1469,-0.8708483180589193,-1.343629232059124,1.2344458382197825,0.978677390919782,1.5344923090444598,-1.0750150819485302,False,False,False,False,43004005_10_M,Alcanar Llar de Jubilats,Tarragona,Rural Near-city/Industrial,rural,40.55282,0.52998,7,ES2017A
e1_rr_22125001_10_M,hgb_direct,1,1499,0.0658780575519581,0.0191356359366173,0.544090062862485,0.4806592951087229,0.6220486011363242,0.0358435964747032,False,False,False,False,22125001_10_M,Huesca,Huesca,Urban/Traffic,urban,42.13611,-0.40389,488,ES1417A
e1_rr_22125001_10_M,hgb_direct,2,1488,0.1466647056443955,0.0982795467345989,0.266817231027285,0.2288502615886098,0.3101302216586722,0.0391326706494694,True,False,False,False,22125001_10_M,Huesca,Huesca,Urban/Traffic,urban,42.13611,-0.40389,488,ES1417A
e1_rr_22125001_10_M,hgb_direct,3,1480,0.1852059195971299,0.1537643558467374,0.1620643707804204,0.1406508879423842,0.1870063797018596,0.0300152808243179,True,False,False,False,22125001_10_M,Huesca,Huesca,Urban/Traffic,urban,42.13611,-0.40389,488,ES1417A
e1_rr_22125001_10_M,hgb_direct,4,1475,0.2134784483810844,0.187372239868792,0.1122661701184632,0.0978379369435417,0.1302525719813654,0.0239664078025763,True,False,False,False,22125001_10_M,Huesca,Huesca,Urban/Traffic,urban,42.13611,-0.40389,488,ES1417A
e1_rr_22125001_10_M,hgb_direct,5,1476,0.2226269730998128,0.2085218530404644,0.0827552574156867,0.0723147121105513,0.0967912250738512,0.0184235524665501,True,False,False,False,22125001_10_M,Huesca,Huesca,Urban/Traffic,urban,42.13611,-0.40389,488,ES1417A
e1_rr_22125001_10_M,hgb_direct,6,1474,0.2249282147411214,0.2124190069692189,0.078592780757209,0.068666708879119,0.0903618676044633,0.0176777338672593,True,False,False,False,22125001_10_M,Huesca,Huesca,Urban/Traffic,urban,42.13611,-0.40389,488,ES1417A
e1_rr_22125001_10_M,hgb_direct,7,1473,0.2269217096230159,0.2061809678352703,0.0836911235755352,0.0724991469041196,0.0969031636194599,0.0189913328420315,True,False,False,False,22125001_10_M,Huesca,Huesca,Urban/Traffic,urban,42.13611,-0.40389,488,ES1417A
e1_rr_22125001_10_M,ridge_direct,1,1499,0.0899913882371304,0.0476293933395582,0.4947090084535672,0.4341728938090559,0.5683406696173714,0.0445195504441508,True,False,False,False,22125001_10_M,Huesca,Huesca,Urban/Traffic,urban,42.13611,-0.40389,488,ES1417A
e1_rr_22125001_10_M,ridge_direct,2,1488,0.1625051073504467,0.1206664758349457,0.1926319858321604,0.1680037519515012,0.2235154879968528,0.0313036815367849,True,False,False,False,22125001_10_M,Huesca,Huesca,Urban/Traffic,urban,42.13611,-0.40389,488,ES1417A
e1_rr_22125001_10_M,ridge_direct,3,1480,0.1982633813027889,0.1690051741051541,0.1053565420650167,0.0901517786772402,0.1230698193735983,0.0208883442721797,True,False,False,False,22125001_10_M,Huesca,Huesca,Urban/Traffic,urban,42.13611,-0.40389,488,ES1417A
e1_rr_22125001_10_M,ridge_direct,4,1475,0.2253165049660748,0.2005488493619627,0.0632921131551645,0.0543958846827368,0.0741395937198072,0.014260757728039,True,False,False,False,22125001_10_M,Huesca,Huesca,Urban/Traffic,urban,42.13611,-0.40389,488,ES1417A
e1_rr_22125001_10_M,ridge_direct,5,1476,0.2363710388763534,0.2193249803897897,0.0391294359120388,0.033993756710722,0.0462335234773624,0.0092490654171743,True,False,False,False,22125001_10_M,Huesca,Huesca,Urban/Traffic,urban,42.13611,-0.40389,488,ES1417A
e1_rr_22125001_10_M,ridge_direct,6,1474,0.2426977596252166,0.2288779912030405,0.0275201542836734,0.0238013774817138,0.0321831138126399,0.0066790797891878,True,False,False,False,22125001_10_M,Huesca,Huesca,Urban/Traffic,urban,42.13611,-0.40389,488,ES1417A
e1_rr_22125001_10_M,ridge_direct,7,1473,0.2484886052354199,0.2295827406655053,0.0240964653584172,0.0206564133503371,0.0283094720051923,0.0059876970680167,True,False,False,False,22125001_10_M,Huesca,Huesca,Urban/Traffic,urban,42.13611,-0.40389,488,ES1417A
e1_rr_22125001_10_M,sarima,1,168,0.0811923919386752,0.0557265052232188,0.574150209152127,0.4510837329220554,0.7306663695535043,0.0466166288131518,False,False,False,False,22125001_10_M,Huesca,Huesca,Urban/Traffic,urban,42.13611,-0.40389,488,ES1417A
e1_rr_22125001_10_M,sarima,2,167,0.1587614133554286,0.1205652208944084,0.2660492234066146,0.1705939555072878,0.4354586359546724,0.0422383507301483,True,False,False,False,22125001_10_M,Huesca,Huesca,Urban/Traffic,urban,42.13611,-0.40389,488,ES1417A
e1_rr_22125001_10_M,sarima,3,165,0.1794296071239648,0.1309784398160371,0.1449874713767845,0.0989235526135298,0.2204368213886401,0.0260150450270335,True,False,False,False,22125001_10_M,Huesca,Huesca,Urban/Traffic,urban,42.13611,-0.40389,488,ES1417A
e1_rr_22125001_10_M,sarima,4,164,0.2298152657230086,0.2121345962449244,0.0559295031790735,0.0334216776252862,0.0989410687695295,0.0128534536348546,True,False,False,False,22125001_10_M,Huesca,Huesca,Urban/Traffic,urban,42.13611,-0.40389,488,ES1417A
e1_rr_22125001_10_M,sarima,5,163,0.3339968187699137,0.3374449601162449,0.0490197138362109,0.0307231606718002,0.0767989865323913,0.0163724284783059,True,False,False,False,22125001_10_M,Huesca,Huesca,Urban/Traffic,urban,42.13611,-0.40389,488,ES1417A
e1_rr_22125001_10_M,sarima,6,169,0.3371266868999995,0.3227768196584178,0.0305963277156596,0.0208713442029722,0.0444137694401895,0.0103148385940869,True,False,False,False,22125001_10_M,Huesca,Huesca,Urban/Traffic,urban,42.13611,-0.40389,488,ES1417A
e1_rr_22125001_10_M,sarima,7,163,0.2416453535293454,0.2742969617949035,0.0311635816101488,0.017144708773797,0.0616899846845449,0.007530534695425,True,False,False,False,22125001_10_M,Huesca,Huesca,Urban/Traffic,urban,42.13611,-0.40389,488,ES1417A
e1_rr_22125001_10_M,seasonal_naive,1,1499,-0.6219167266933707,-0.7819985825655562,1.0089158549297432,0.8565266469056557,1.2006215028251324,-0.6274616460069495,False,False,False,False,22125001_10_M,Huesca,Huesca,Urban/Traffic,urban,42.13611,-0.40389,488,ES1417A
e1_rr_22125001_10_M,seasonal_naive,2,1488,-0.2185080380855206,-0.2843592122899265,1.0031998683691996,0.8600604078622179,1.179455820527101,-0.2192072350450063,False,False,False,False,22125001_10_M,Huesca,Huesca,Urban/Traffic,urban,42.13611,-0.40389,488,ES1417A
e1_rr_22125001_10_M,seasonal_naive,3,1480,-0.1100061131073608,-0.1327352618088613,1.0217641125071335,0.8781875220764415,1.2037032591147738,-0.1124002985295018,False,False,False,False,22125001_10_M,Huesca,Huesca,Urban/Traffic,urban,42.13611,-0.40389,488,ES1417A
e1_rr_22125001_10_M,seasonal_naive,4,1475,-0.042653666784745,-0.0552410361983186,1.0096249978419385,0.861663051988379,1.203301215765735,-0.0430642082354989,False,False,False,False,22125001_10_M,Huesca,Huesca,Urban/Traffic,urban,42.13611,-0.40389,488,ES1417A
e1_rr_22125001_10_M,seasonal_naive,5,1476,-0.0167514406296003,-0.0122694334650856,1.0082847449434178,0.8531011861432009,1.206232638088044,-0.0168902220426513,False,False,False,False,22125001_10_M,Huesca,Huesca,Urban/Traffic,urban,42.13611,-0.40389,488,ES1417A
e1_rr_22125001_10_M,seasonal_naive,6,1474,-0.0063009753792186,-0.0031907060459788,1.01311059664435,0.8528643696575948,1.1900231158966172,-0.0063835849258815,False,False,False,False,22125001_10_M,Huesca,Huesca,Urban/Traffic,urban,42.13611,-0.40389,488,ES1417A
e1_rr_22125001_10_M,seasonal_naive,7,1473,0.0,0.0,1.014252454196186,0.864587419949361,1.1866606697397124,0.0,False,False,False,False,22125001_10_M,Huesca,Huesca,Urban/Traffic,urban,42.13611,-0.40389,488,ES1417A
e1_rr_22125001_10_M,stl_ridge_direct,1,1499,-1.6566203307545484,-2.274505556957001,1.7691529178559249,1.5421611653378402,2.058758244766238,-2.930814691933856,False,True,False,False,22125001_10_M,Huesca,Huesca,Urban/Traffic,urban,42.13611,-0.40389,488,ES1417A
e1_rr_22125001_10_M,stl_ridge_direct,2,1488,-1.016607839183413,-1.3792663709940087,1.581823452074154,1.379674964064161,1.843119632073243,-1.6080941215827529,False,True,False,False,22125001_10_M,Huesca,Huesca,Urban/Traffic,urban,42.13611,-0.40389,488,ES1417A
e1_rr_22125001_10_M,stl_ridge_direct,3,1480,-0.8352210916413987,-1.109677630133883,1.5032139478641224,1.2921924107736245,1.7566644318318625,-1.2555159945056489,False,True,False,False,22125001_10_M,Huesca,Huesca,Urban/Traffic,urban,42.13611,-0.40389,488,ES1417A
e1_rr_22125001_10_M,stl_ridge_direct,4,1475,-0.7125130310509078,-0.9626627314081306,1.4017498357595457,1.2040840759703604,1.6506803926332894,-0.998765024252146,False,False,False,False,22125001_10_M,Huesca,Huesca,Urban/Traffic,urban,42.13611,-0.40389,488,ES1417A
e1_rr_22125001_10_M,stl_ridge_direct,5,1476,-0.6582253557761379,-0.8778562352047512,1.3168979002075991,1.129530836385246,1.5701106290019606,-0.8668155888849959,False,False,False,False,22125001_10_M,Huesca,Huesca,Urban/Traffic,urban,42.13611,-0.40389,488,ES1417A
e1_rr_22125001_10_M,stl_ridge_direct,6,1474,-0.6349028276566269,-0.8590109399562647,1.2540037402205562,1.0575075555758051,1.468100884486171,-0.7961705205580173,False,False,False,False,22125001_10_M,Huesca,Huesca,Urban/Traffic,urban,42.13611,-0.40389,488,ES1417A
e1_rr_22125001_10_M,stl_ridge_direct,7,1473,-0.6188295002731432,-0.8483451997901845,1.2146075508045262,1.035300212114917,1.4232836834700302,-0.7516349836923514,False,False,False,False,22125001_10_M,Huesca,Huesca,Urban/Traffic,urban,42.13611,-0.40389,488,ES1417A
e1_rr_44013007_10_M,hgb_direct,1,1603,0.1775177996783613,0.1253935984155115,0.2549308919802796,0.2151228865075618,0.3061312611156013,0.0452547710143812,True,False,False,False,44013007_10_M,Alcaniz Capuchinos,Teruel,Urban/Industrial,industrial,41.05417,-0.13889,340,ES1966A
e1_rr_44013007_10_M,hgb_direct,2,1594,0.255330757399563,0.2514794509723028,0.1790067720440561,0.1505428462370132,0.2144099806177441,0.0457059346856597,True,False,False,False,44013007_10_M,Alcaniz Capuchinos,Teruel,Urban/Industrial,industrial,41.05417,-0.13889,340,ES1966A
e1_rr_44013007_10_M,hgb_direct,3,1586,0.2812110307095371,0.2866719600922993,0.1722648621392002,0.1437230312667208,0.2076003930788033,0.0484427794372008,True,False,False,False,44013007_10_M,Alcaniz Capuchinos,Teruel,Urban/Industrial,industrial,41.05417,-0.13889,340,ES1966A
e1_rr_44013007_10_M,hgb_direct,4,1578,0.3031680632945924,0.308548597057625,0.1639615075882175,0.1365724448814473,0.1949847244110494,0.0497078927103815,True,False,False,False,44013007_10_M,Alcaniz Capuchinos,Teruel,Urban/Industrial,industrial,41.05417,-0.13889,340,ES1966A
e1_rr_44013007_10_M,hgb_direct,5,1570,0.308210842418793,0.3150931505070468,0.1525465858102478,0.1254418774518707,0.1818632134882789,0.0470165117206871,True,False,False,False,44013007_10_M,Alcaniz Capuchinos,Teruel,Urban/Industrial,industrial,41.05417,-0.13889,340,ES1966A
e1_rr_44013007_10_M,hgb_direct,6,1561,0.24511340003398,0.2383745849895258,0.1567231404507468,0.131713185467962,0.1891198142668901,0.0384149418198855,True,False,False,False,44013007_10_M,Alcaniz Capuchinos,Teruel,Urban/Industrial,industrial,41.05417,-0.13889,340,ES1966A
e1_rr_44013007_10_M,hgb_direct,7,1557,0.1973628481456341,0.1709464066760722,0.1549100925947006,0.131335063132112,0.1853562801532709,0.030573497080994,True,False,False,False,44013007_10_M,Alcaniz Capuchinos,Teruel,Urban/Industrial,industrial,41.05417,-0.13889,340,ES1966A
e1_rr_44013007_10_M,ridge_direct,1,1603,0.1752973486195908,0.118872978315791,0.2217177026388803,0.1853077089243889,0.2729805298074559,0.0388665254146225,True,False,False,False,44013007_10_M,Alcaniz Capuchinos,Teruel,Urban/Industrial,industrial,41.05417,-0.13889,340,ES1966A
e1_rr_44013007_10_M,ridge_direct,2,1594,0.2664130977185105,0.2530498926305335,0.1072560413397015,0.0897211637679467,0.1296536449049694,0.0285744142223345,True,False,False,False,44013007_10_M,Alcaniz Capuchinos,Teruel,Urban/Industrial,industrial,41.05417,-0.13889,340,ES1966A
e1_rr_44013007_10_M,ridge_direct,3,1586,0.2881627091350546,0.2838198163169233,0.1066452379078153,0.0898755359279769,0.1308349135327033,0.0307311806718685,True,False,False,False,44013007_10_M,Alcaniz Capuchinos,Teruel,Urban/Industrial,industrial,41.05417,-0.13889,340,ES1966A
e1_rr_44013007_10_M,ridge_direct,4,1578,0.3088733708188462,0.3056697257576232,0.1039998472269582,0.0859440635652061,0.124502321866766,0.0321227833776356,True,False,False,False,44013007_10_M,Alcaniz Capuchinos,Teruel,Urban/Industrial,industrial,41.05417,-0.13889,340,ES1966A
e1_rr_44013007_10_M,ridge_direct,5,1570,0.3129306888179469,0.3083405792675355,0.0990128220275772,0.0815777982860706,0.1202510035680979,0.0309841505988985,True,False,False,False,44013007_10_M,Alcaniz Capuchinos,Teruel,Urban/Industrial,industrial,41.05417,-0.13889,340,ES1966A
e1_rr_44013007_10_M,ridge_direct,6,1561,0.2493738878694332,0.2287016284273932,0.0962317811370601,0.0798157379449896,0.11699147764586,0.023997693398749,True,False,False,False,44013007_10_M,Alcaniz Capuchinos,Teruel,Urban/Industrial,industrial,41.05417,-0.13889,340,ES1966A
e1_rr_44013007_10_M,ridge_direct,7,1557,0.197585292614929,0.1614720303724741,0.0954568783902243,0.0778935219803227,0.1167058553857613,0.0188608752488401,True,False,False,False,44013007_10_M,Alcaniz Capuchinos,Teruel,Urban/Industrial,industrial,41.05417,-0.13889,340,ES1966A
e1_rr_44013007_10_M,sarima,1,169,0.2827535876450319,0.2207003933843241,0.3160887131912814,0.1880836813053029,0.5519771803880322,0.0893752176689363,True,False,False,False,44013007_10_M,Alcaniz Capuchinos,Teruel,Urban/Industrial,industrial,41.05417,-0.13889,340,ES1966A
e1_rr_44013007_10_M,sarima,2,168,0.2498636860340478,0.27618879071041,0.169327974852276,0.1111051308583829,0.2656101710453062,0.0423089119452702,True,False,False,False,44013007_10_M,Alcaniz Capuchinos,Teruel,Urban/Industrial,industrial,41.05417,-0.13889,340,ES1966A
e1_rr_44013007_10_M,sarima,3,167,0.2254989150616876,0.2396293184561689,0.0951125746527263,0.0601017086539348,0.1610254713762866,0.0214477823929135,True,False,False,False,44013007_10_M,Alcaniz Capuchinos,Teruel,Urban/Industrial,industrial,41.05417,-0.13889,340,ES1966A
e1_rr_44013007_10_M,sarima,4,165,0.3456940523163669,0.314852048211207,0.1292207512102377,0.0873157552541885,0.2045280848706898,0.0446708451292321,True,False,False,False,44013007_10_M,Alcaniz Capuchinos,Teruel,Urban/Industrial,industrial,41.05417,-0.13889,340,ES1966A
e1_rr_44013007_10_M,sarima,5,166,0.4255155230163081,0.35655700495642,0.1727053594917063,0.1193344922328317,0.2524862373163948,0.0734888113718329,True,False,False,False,44013007_10_M,Alcaniz Capuchinos,Teruel,Urban/Industrial,industrial,41.05417,-0.13889,340,ES1966A
e1_rr_44013007_10_M,sarima,6,164,0.3727806481608267,0.2700281227823473,0.1473892809312945,0.0952621848480216,0.233070661385278,0.0549438716775261,True,False,False,False,44013007_10_M,Alcaniz Capuchinos,Teruel,Urban/Industrial,industrial,41.05417,-0.13889,340,ES1966A
e1_rr_44013007_10_M,sarima,7,162,0.2950720028002277,0.147270297033199,0.2247738108580405,0.1593209847377007,0.3234948370811463,0.0663244585469215,True,False,False,False,44013007_10_M,Alcaniz Capuchinos,Teruel,Urban/Industrial,industrial,41.05417,-0.13889,340,ES1966A
e1_rr_44013007_10_M,seasonal_naive,1,1603,-0.104380397576949,-0.1633355540750611,0.9561430660924822,0.7809843188065277,1.1907366101194854,-0.0998025933791763,False,False,False,False,44013007_10_M,Alcaniz Capuchinos,Teruel,Urban/Industrial,industrial,41.05417,-0.13889,340,ES1966A
e1_rr_44013007_10_M,seasonal_naive,2,1594,0.0812794304513576,0.1061893724783242,0.9562178400490232,0.7725312018396522,1.195632299683255,0.0777208414266119,False,False,True,False,44013007_10_M,Alcaniz Capuchinos,Teruel,Urban/Industrial,industrial,41.05417,-0.13889,340,ES1966A
e1_rr_44013007_10_M,seasonal_naive,3,1586,0.1146749843368366,0.1500164446637066,0.958138617666905,0.7796560832021256,1.202953773061766,0.1098745309734706,False,False,True,False,44013007_10_M,Alcaniz Capuchinos,Teruel,Urban/Industrial,industrial,41.05417,-0.13889,340,ES1966A
e1_rr_44013007_10_M,seasonal_naive,4,1578,0.1416152432936309,0.1758016555493048,0.9711118253489696,0.780917415080114,1.1932381336555928,0.1375242374121163,False,False,True,False,44013007_10_M,Alcaniz Capuchinos,Teruel,Urban/Industrial,industrial,41.05417,-0.13889,340,ES1966A
e1_rr_44013007_10_M,seasonal_naive,5,1570,0.1476407771009743,0.1778226620884669,0.9676357823094124,0.7793671959186603,1.2027981010259312,0.1428624988508708,False,False,True,False,44013007_10_M,Alcaniz Capuchinos,Teruel,Urban/Industrial,industrial,41.05417,-0.13889,340,ES1966A
e1_rr_44013007_10_M,seasonal_naive,6,1561,0.0700515760710263,0.0826712670813093,0.9626560300122128,0.7660328160414249,1.1986208377083345,0.0674355721166327,False,False,True,False,44013007_10_M,Alcaniz Capuchinos,Teruel,Urban/Industrial,industrial,41.05417,-0.13889,340,ES1966A
e1_rr_44013007_10_M,seasonal_naive,7,1557,0.0,0.0,0.9865587802590254,0.7855598971026861,1.2434841989108991,0.0,False,False,False,False,44013007_10_M,Alcaniz Capuchinos,Teruel,Urban/Industrial,industrial,41.05417,-0.13889,340,ES1966A
e1_rr_44013007_10_M,stl_ridge_direct,1,1603,-0.8425952129837566,-1.384483724333201,1.3266581079910795,1.0987371263191776,1.6372573906355414,-1.1178357710593712,False,False,False,False,44013007_10_M,Alcaniz Capuchinos,Teruel,Urban/Industrial,industrial,41.05417,-0.13889,340,ES1966A
e1_rr_44013007_10_M,stl_ridge_direct,2,1594,-0.5350037841217283,-0.8412859312062402,1.2608645996195706,1.0299284956307273,1.5641610281203049,-0.6745673320615982,False,False,False,False,44013007_10_M,Alcaniz Capuchinos,Teruel,Urban/Industrial,industrial,41.05417,-0.13889,340,ES1966A
e1_rr_44013007_10_M,stl_ridge_direct,3,1586,-0.4808067098766881,-0.758584225156228,1.2448063087216623,1.0268276115457724,1.5424900412422928,-0.5985112257302073,False,False,False,False,44013007_10_M,Alcaniz Capuchinos,Teruel,Urban/Industrial,industrial,41.05417,-0.13889,340,ES1966A
e1_rr_44013007_10_M,stl_ridge_direct,4,1578,-0.4452792700300121,-0.7129484098856844,1.2583480959650586,1.0272418132232768,1.5273466302438103,-0.5603163216149769,False,False,False,False,44013007_10_M,Alcaniz Capuchinos,Teruel,Urban/Industrial,industrial,41.05417,-0.13889,340,ES1966A
e1_rr_44013007_10_M,stl_ridge_direct,5,1570,-0.4319504101058393,-0.7133904970737124,1.2035493991443058,0.9787259401134568,1.4657955140500127,-0.5198736565430193,False,False,False,False,44013007_10_M,Alcaniz Capuchinos,Teruel,Urban/Industrial,industrial,41.05417,-0.13889,340,ES1966A
e1_rr_44013007_10_M,stl_ridge_direct,6,1561,-0.5570212652415933,-0.90578477197487,1.1635577969715525,0.9410531628395647,1.4330360729292702,-0.648126436250815,False,False,False,False,44013007_10_M,Alcaniz Capuchinos,Teruel,Urban/Industrial,industrial,41.05417,-0.13889,340,ES1966A
e1_rr_44013007_10_M,stl_ridge_direct,7,1557,-0.6688362634208787,-1.0794408168088117,1.1597385721543234,0.9333217285461726,1.4490793450190875,-0.7756752131447627,False,False,False,False,44013007_10_M,Alcaniz Capuchinos,Teruel,Urban/Industrial,industrial,41.05417,-0.13889,340,ES1966A
e1_rr_08019004_10_M,hgb_direct,1,1354,0.0921807124535031,0.0575869000384625,0.4932608970988938,0.4269491772547829,0.562908092565732,0.0454691409200301,True,False,False,False,08019004_10_M,Barcelona El Poblenou,Barcelona,Urban/Background,urban,41.40388,2.20452,3,ES0691A
e1_rr_08019004_10_M,hgb_direct,2,1347,0.1415381101030542,0.0889774888683464,0.228797926679686,0.1987132156243236,0.2640362124912785,0.0323836261377399,True,False,False,False,08019004_10_M,Barcelona El Poblenou,Barcelona,Urban/Background,urban,41.40388,2.20452,3,ES0691A
e1_rr_08019004_10_M,hgb_direct,3,1347,0.1396250003658291,0.1017419083086965,0.1810466567753779,0.1521964229999476,0.2139926581898478,0.0252786395184942,True,False,False,False,08019004_10_M,Barcelona El Poblenou,Barcelona,Urban/Background,urban,41.40388,2.20452,3,ES0691A
e1_rr_08019004_10_M,hgb_direct,4,1345,0.1739263808280868,0.1381478731892093,0.1664879570472411,0.1400685507127571,0.1959235350574391,0.0289566478206886,True,False,False,False,08019004_10_M,Barcelona El Poblenou,Barcelona,Urban/Background,urban,41.40388,2.20452,3,ES0691A
e1_rr_08019004_10_M,hgb_direct,5,1339,0.1781520023341559,0.1480526782292127,0.1636868542880254,0.1388983529330625,0.1926943283673437,0.0291611408471909,True,False,False,False,08019004_10_M,Barcelona El Poblenou,Barcelona,Urban/Background,urban,41.40388,2.20452,3,ES0691A
e1_rr_08019004_10_M,hgb_direct,6,1334,0.1723830195311023,0.1452409562682671,0.1602703255826596,0.1377506978407814,0.1856497195248361,0.0276278826651717,True,False,False,False,08019004_10_M,Barcelona El Poblenou,Barcelona,Urban/Background,urban,41.40388,2.20452,3,ES0691A
e1_rr_08019004_10_M,hgb_direct,7,1331,0.1773667396297504,0.1514290810081403,0.1498721832153405,0.12907163112997,0.1760269185636069,0.0265823404980975,True,False,False,False,08019004_10_M,Barcelona El Poblenou,Barcelona,Urban/Background,urban,41.40388,2.20452,3,ES0691A
e1_rr_08019004_10_M,ridge_direct,1,1354,0.0943243775351351,0.0594310394166119,0.4496270936663591,0.3842840612832213,0.5277603353025264,0.0424107957330112,True,False,False,False,08019004_10_M,Barcelona El Poblenou,Barcelona,Urban/Background,urban,41.40388,2.20452,3,ES0691A
e1_rr_08019004_10_M,ridge_direct,2,1347,0.154548389101721,0.1010047256079613,0.1609637657642549,0.138665959001139,0.1887987590185354,0.0248766907026123,True,False,False,False,08019004_10_M,Barcelona El Poblenou,Barcelona,Urban/Background,urban,41.40388,2.20452,3,ES0691A
e1_rr_08019004_10_M,ridge_direct,3,1347,0.1724499766895078,0.12600589468302,0.1077307067742243,0.0910785878253576,0.1264949163573289,0.0185781578719591,True,False,False,False,08019004_10_M,Barcelona El Poblenou,Barcelona,Urban/Background,urban,41.40388,2.20452,3,ES0691A
e1_rr_08019004_10_M,ridge_direct,4,1345,0.1931347302833304,0.1507284713871459,0.0892195824291956,0.0744986683083295,0.1044023985490911,0.017231399988454,True,False,False,False,08019004_10_M,Barcelona El Poblenou,Barcelona,Urban/Background,urban,41.40388,2.20452,3,ES0691A
e1_rr_08019004_10_M,ridge_direct,5,1339,0.1962058714941025,0.1523405538573233,0.0820849807316869,0.0693850785260848,0.0966613402286798,0.0161055551810372,True,False,False,False,08019004_10_M,Barcelona El Poblenou,Barcelona,Urban/Background,urban,41.40388,2.20452,3,ES0691A
e1_rr_08019004_10_M,ridge_direct,6,1334,0.1849014807417228,0.1418811338431851,0.0796839983999663,0.0671698283320678,0.0933558630798148,0.0147336892955748,True,False,False,False,08019004_10_M,Barcelona El Poblenou,Barcelona,Urban/Background,urban,41.40388,2.20452,3,ES0691A
e1_rr_08019004_10_M,ridge_direct,7,1331,0.1937724808632817,0.1564965901018831,0.0786673417884791,0.0664270666872285,0.0921069986194326,0.0152435659812733,True,False,False,False,08019004_10_M,Barcelona El Poblenou,Barcelona,Urban/Background,urban,41.40388,2.20452,3,ES0691A
e1_rr_08019004_10_M,sarima,1,168,0.1730314846340155,0.1546231400487125,0.6771638168436921,0.5113125821216461,0.8688415378544859,0.1171706605689005,False,False,False,False,08019004_10_M,Barcelona El Poblenou,Barcelona,Urban/Background,urban,41.40388,2.20452,3,ES0691A
e1_rr_08019004_10_M,sarima,2,163,0.1717646426509906,0.1572618029146215,0.1772685608132157,0.1080903941801378,0.2962670531530136,0.0304484710013374,True,False,False,False,08019004_10_M,Barcelona El Poblenou,Barcelona,Urban/Background,urban,41.40388,2.20452,3,ES0691A
e1_rr_08019004_10_M,sarima,3,164,0.1719743752560671,0.1652609941903451,0.0973974413707909,0.0609136562602758,0.1553767011983781,0.0167498641312811,True,False,False,False,08019004_10_M,Barcelona El Poblenou,Barcelona,Urban/Background,urban,41.40388,2.20452,3,ES0691A
e1_rr_08019004_10_M,sarima,4,170,0.1474739550710023,0.1747143738287773,0.0794556864526517,0.0504949886273498,0.1306517883387656,0.011717644334054,True,False,False,False,08019004_10_M,Barcelona El Poblenou,Barcelona,Urban/Background,urban,41.40388,2.20452,3,ES0691A
e1_rr_08019004_10_M,sarima,5,162,0.1761310788915725,0.2400427444565597,0.0624273231953539,0.0442651305252555,0.0907555286465666,0.0109953917867105,True,False,False,False,08019004_10_M,Barcelona El Poblenou,Barcelona,Urban/Background,urban,41.40388,2.20452,3,ES0691A
e1_rr_08019004_10_M,sarima,6,164,0.2215627116342742,0.2010625719382996,0.0926560652069176,0.0667894458358874,0.1307136421321467,0.0205291290566068,True,False,False,False,08019004_10_M,Barcelona El Poblenou,Barcelona,Urban/Background,urban,41.40388,2.20452,3,ES0691A
e1_rr_08019004_10_M,sarima,7,162,0.1955251442414819,0.1935989940768611,0.1188884007372056,0.0825207260075543,0.1730935656385925,0.0232456717027812,True,False,False,False,08019004_10_M,Barcelona El Poblenou,Barcelona,Urban/Background,urban,41.40388,2.20452,3,ES0691A
e1_rr_08019004_10_M,seasonal_naive,1,1354,-0.4323755797878224,-0.5175960009739744,1.003125553722795,0.8332721527360455,1.196758870531845,-0.4337269928908738,False,False,False,False,08019004_10_M,Barcelona El Poblenou,Barcelona,Urban/Background,urban,41.40388,2.20452,3,ES0691A
e1_rr_08019004_10_M,seasonal_naive,2,1347,-0.1543808755737401,-0.1825838606708854,1.012096862237834,0.8452278045476941,1.2245212531906402,-0.1562483997577118,False,False,False,False,08019004_10_M,Barcelona El Poblenou,Barcelona,Urban/Background,urban,41.40388,2.20452,3,ES0691A
e1_rr_08019004_10_M,seasonal_naive,3,1347,-0.0634043639071335,-0.075954011741683,0.9423932409049296,0.7794009434748631,1.1397014886038888,-0.059751843989959,False,False,False,False,08019004_10_M,Barcelona El Poblenou,Barcelona,Urban/Background,urban,41.40388,2.20452,3,ES0691A
e1_rr_08019004_10_M,seasonal_naive,4,1345,-0.0143425630382794,-0.0186442947883982,0.947552091369671,0.7877572913508258,1.1418368565605266,-0.0135903256025229,False,False,False,False,08019004_10_M,Barcelona El Poblenou,Barcelona,Urban/Background,urban,41.40388,2.20452,3,ES0691A
e1_rr_08019004_10_M,seasonal_naive,5,1339,-0.0030093646451514,-0.0065764500455509,0.9461688622838936,0.7823387665811574,1.1456212176200846,-0.0028473671225002,False,False,False,False,08019004_10_M,Barcelona El Poblenou,Barcelona,Urban/Background,urban,41.40388,2.20452,3,ES0691A
e1_rr_08019004_10_M,seasonal_naive,6,1334,-0.0152529826608716,-0.0140968484299925,0.946583162328856,0.779239332607844,1.139553515833296,-0.014438216562075,False,False,False,False,08019004_10_M,Barcelona El Poblenou,Barcelona,Urban/Background,urban,41.40388,2.20452,3,ES0691A
e1_rr_08019004_10_M,seasonal_naive,7,1331,0.0,0.0,0.9314517720999232,0.7795691943087272,1.1258973662612608,0.0,False,False,False,False,08019004_10_M,Barcelona El Poblenou,Barcelona,Urban/Background,urban,41.40388,2.20452,3,ES0691A
e1_rr_08019004_10_M,stl_ridge_direct,1,1354,-2.505607302169429,-3.528790183312158,1.7793076794101776,1.5369982388191985,2.0617316436457274,-4.458246314336282,False,True,False,False,08019004_10_M,Barcelona El Poblenou,Barcelona,Urban/Background,urban,41.40388,2.20452,3,ES0691A
e1_rr_08019004_10_M,stl_ridge_direct,2,1347,-1.8903041027331748,-2.6216399483838395,1.619134270563257,1.391962980688651,1.895958269840861,-3.060656154521611,False,True,False,False,08019004_10_M,Barcelona El Poblenou,Barcelona,Urban/Background,urban,41.40388,2.20452,3,ES0691A
e1_rr_08019004_10_M,stl_ridge_direct,3,1347,-1.6663184200296062,-2.332787679834096,1.461083119319735,1.235369677890338,1.7331420837987848,-2.434629714916789,False,False,False,False,08019004_10_M,Barcelona El Poblenou,Barcelona,Urban/Background,urban,41.40388,2.20452,3,ES0691A
e1_rr_08019004_10_M,stl_ridge_direct,4,1345,-1.5445356711096188,-2.143643722418896,1.4317801262179086,1.208397907359909,1.7060290669618965,-2.2114354781293923,False,False,False,False,08019004_10_M,Barcelona El Poblenou,Barcelona,Urban/Background,urban,41.40388,2.20452,3,ES0691A
e1_rr_08019004_10_M,stl_ridge_direct,5,1339,-1.5216837927435356,-2.115656376271734,1.386685659845838,1.1693440905510335,1.6749394619102465,-2.110097094217287,False,False,False,False,08019004_10_M,Barcelona El Poblenou,Barcelona,Urban/Background,urban,41.40388,2.20452,3,ES0691A
e1_rr_08019004_10_M,stl_ridge_direct,6,1334,-1.5595723455572248,-2.1598131530556373,1.3203885774173785,1.1007636222028907,1.5760081462756608,-2.0592415107297883,False,False,False,False,08019004_10_M,Barcelona El Poblenou,Barcelona,Urban/Background,urban,41.40388,2.20452,3,ES0691A
e1_rr_08019004_10_M,stl_ridge_direct,7,1331,-1.5117208994212774,-2.0958939310238174,1.2641836659591137,1.064378319312807,1.5127770202987572,-1.9110928685373991,False,False,False,False,08019004_10_M,Barcelona El Poblenou,Barcelona,Urban/Background,urban,41.40388,2.20452,3,ES0691A
e1_rr_08263007_10_M,hgb_direct,1,1453,0.0884719477668266,0.0606146013052373,0.3837805239824234,0.3436735912785469,0.4258847101803614,0.0339538104716983,True,False,False,False,08263007_10_M,Sant Vicenc dels Horts Alaba,Barcelona,Suburban/Industrial,industrial,41.40077,1.99963,65,ES2011A
e1_rr_08263007_10_M,hgb_direct,2,1439,0.145078733969171,0.1225340312478184,0.269557821979543,0.2402448842514113,0.3030833680008176,0.0391071075442792,True,False,False,False,08263007_10_M,Sant Vicenc dels Horts Alaba,Barcelona,Suburban/Industrial,industrial,41.40077,1.99963,65,ES2011A
e1_rr_08263007_10_M,hgb_direct,3,1429,0.169206569233,0.136415764018048,0.2130680694682566,0.1876691302407492,0.2389915811518518,0.0360525170478222,True,False,False,False,08263007_10_M,Sant Vicenc dels Horts Alaba,Barcelona,Suburban/Industrial,industrial,41.40077,1.99963,65,ES2011A
e1_rr_08263007_10_M,hgb_direct,4,1425,0.1836993830176825,0.15001801449412,0.1860794064516731,0.1649988940194041,0.2086946791126193,0.0341826721574689,True,False,False,False,08263007_10_M,Sant Vicenc dels Horts Alaba,Barcelona,Suburban/Industrial,industrial,41.40077,1.99963,65,ES2011A
e1_rr_08263007_10_M,hgb_direct,5,1422,0.1886994658645023,0.1538389932612804,0.1731554836469667,0.1532199788835837,0.1952680437038249,0.0326743472756922,True,False,False,False,08263007_10_M,Sant Vicenc dels Horts Alaba,Barcelona,Suburban/Industrial,industrial,41.40077,1.99963,65,ES2011A
e1_rr_08263007_10_M,hgb_direct,6,1420,0.1921135452081522,0.1677975365628258,0.1752020180331816,0.1539705703027389,0.1979293022765475,0.0336586808119771,True,False,False,False,08263007_10_M,Sant Vicenc dels Horts Alaba,Barcelona,Suburban/Industrial,industrial,41.40077,1.99963,65,ES2011A
e1_rr_08263007_10_M,hgb_direct,7,1420,0.1946795146150034,0.170443232998949,0.1714838477711416,0.1521905016952627,0.1944067456374329,0.0333843922483989,True,False,False,False,08263007_10_M,Sant Vicenc dels Horts Alaba,Barcelona,Suburban/Industrial,industrial,41.40077,1.99963,65,ES2011A
e1_rr_08263007_10_M,ridge_direct,1,1453,0.1041602467073767,0.0719384409281209,0.3327788550361783,0.2972102141887688,0.3699735012085127,0.0346623276395666,True,False,False,False,08263007_10_M,Sant Vicenc dels Horts Alaba,Barcelona,Suburban/Industrial,industrial,41.40077,1.99963,65,ES2011A
e1_rr_08263007_10_M,ridge_direct,2,1439,0.1610480624057648,0.1399198823822338,0.1947410232754327,0.1737212378579166,0.220833817146788,0.0313626644694243,True,False,False,False,08263007_10_M,Sant Vicenc dels Horts Alaba,Barcelona,Suburban/Industrial,industrial,41.40077,1.99963,65,ES2011A
e1_rr_08263007_10_M,ridge_direct,3,1429,0.1862218871144705,0.1447513370991293,0.1406019449237301,0.1243384053235365,0.1569822936612858,0.0261831595156618,True,False,False,False,08263007_10_M,Sant Vicenc dels Horts Alaba,Barcelona,Suburban/Industrial,industrial,41.40077,1.99963,65,ES2011A
e1_rr_08263007_10_M,ridge_direct,4,1425,0.2005978354559584,0.1644072586067104,0.1077907044929924,0.096173189099125,0.120477656328622,0.0216225820035671,True,False,False,False,08263007_10_M,Sant Vicenc dels Horts Alaba,Barcelona,Suburban/Industrial,industrial,41.40077,1.99963,65,ES2011A
e1_rr_08263007_10_M,ridge_direct,5,1422,0.2067350474146534,0.1741543797654586,0.0997394380175426,0.0888264379321668,0.1121379378651876,0.0206196374476675,True,False,False,False,08263007_10_M,Sant Vicenc dels Horts Alaba,Barcelona,Suburban/Industrial,industrial,41.40077,1.99963,65,ES2011A
e1_rr_08263007_10_M,ridge_direct,6,1420,0.2077827187819166,0.1797758288860885,0.1020453424746294,0.0911688272914343,0.1138688931602568,0.0212032586984102,True,False,False,False,08263007_10_M,Sant Vicenc dels Horts Alaba,Barcelona,Suburban/Industrial,industrial,41.40077,1.99963,65,ES2011A
e1_rr_08263007_10_M,ridge_direct,7,1420,0.2103560636531474,0.176069127135571,0.0971770815963663,0.0854743323150993,0.1088860080782981,0.0204417883619123,True,False,False,False,08263007_10_M,Sant Vicenc dels Horts Alaba,Barcelona,Suburban/Industrial,industrial,41.40077,1.99963,65,ES2011A
e1_rr_08263007_10_M,sarima,1,169,0.0993725370844336,0.0535185191657012,0.3248148910055473,0.2401745352684585,0.4530206036831136,0.032277679802025,True,False,False,False,08263007_10_M,Sant Vicenc dels Horts Alaba,Barcelona,Suburban/Industrial,industrial,41.40077,1.99963,65,ES2011A
e1_rr_08263007_10_M,sarima,2,165,0.19405822779013,0.1636874464960008,0.1798831418911527,0.1319251723942348,0.2467241216853149,0.0349078037247176,True,False,False,False,08263007_10_M,Sant Vicenc dels Horts Alaba,Barcelona,Suburban/Industrial,industrial,41.40077,1.99963,65,ES2011A
e1_rr_08263007_10_M,sarima,3,161,0.191857435364914,0.1676220711852263,0.1421666841035241,0.1054043141066665,0.1954526868442332,0.027275735406436,True,False,False,False,08263007_10_M,Sant Vicenc dels Horts Alaba,Barcelona,Suburban/Industrial,industrial,41.40077,1.99963,65,ES2011A
e1_rr_08263007_10_M,sarima,4,165,0.1841325265401857,0.1422899243591597,0.0960901005311189,0.0715735478515365,0.1295819533729515,0.0176933129862953,True,False,False,False,08263007_10_M,Sant Vicenc dels Horts Alaba,Barcelona,Suburban/Industrial,industrial,41.40077,1.99963,65,ES2011A
e1_rr_08263007_10_M,sarima,5,160,0.1836420493204251,0.1847182902656629,0.0639425233518534,0.041951455612968,0.0957105914385088,0.0117425360270535,True,False,False,False,08263007_10_M,Sant Vicenc dels Horts Alaba,Barcelona,Suburban/Industrial,industrial,41.40077,1.99963,65,ES2011A
e1_rr_08263007_10_M,sarima,6,165,0.26069363016219,0.1984370451053535,0.051751262299468,0.0410798052883957,0.0672685746510344,0.0134912244343239,True,False,False,False,08263007_10_M,Sant Vicenc dels Horts Alaba,Barcelona,Suburban/Industrial,industrial,41.40077,1.99963,65,ES2011A
e1_rr_08263007_10_M,sarima,7,157,0.1844278062705571,0.2106462910995935,0.0515293459020014,0.0357465059595049,0.0724697384532146,0.0095034442232628,True,False,False,False,08263007_10_M,Sant Vicenc dels Horts Alaba,Barcelona,Suburban/Industrial,industrial,41.40077,1.99963,65,ES2011A
e1_rr_08263007_10_M,seasonal_naive,1,1453,-0.383298637635568,-0.4483284659630366,0.9742570966081,0.8595414499548639,1.109845507376924,-0.3734314178366686,False,False,False,False,08263007_10_M,Sant Vicenc dels Horts Alaba,Barcelona,Suburban/Industrial,industrial,41.40077,1.99963,65,ES2011A
e1_rr_08263007_10_M,seasonal_naive,2,1439,-0.1404410377780562,-0.1417934680780712,0.9739262733215928,0.853790666158144,1.1165210460168942,-0.1367792165445993,False,False,False,False,08263007_10_M,Sant Vicenc dels Horts Alaba,Barcelona,Suburban/Industrial,industrial,41.40077,1.99963,65,ES2011A
e1_rr_08263007_10_M,seasonal_naive,3,1429,-0.0629121480808287,-0.0788557641764271,0.9644675252676356,0.8488327339974693,1.0879631758216082,-0.0606767237687878,False,False,False,False,08263007_10_M,Sant Vicenc dels Horts Alaba,Barcelona,Suburban/Industrial,industrial,41.40077,1.99963,65,ES2011A
e1_rr_08263007_10_M,seasonal_naive,4,1425,-0.0237864919267476,-0.0322165684264872,0.9540526178044144,0.8325461958364301,1.0702358490992123,-0.0226935648910971,False,False,False,False,08263007_10_M,Sant Vicenc dels Horts Alaba,Barcelona,Suburban/Industrial,industrial,41.40077,1.99963,65,ES2011A
e1_rr_08263007_10_M,seasonal_naive,5,1422,-0.0077838570079351,-0.0105455522882833,0.943379351172422,0.8259268884167629,1.070698898911795,-0.0073431299737647,False,False,False,False,08263007_10_M,Sant Vicenc dels Horts Alaba,Barcelona,Suburban/Industrial,industrial,41.40077,1.99963,65,ES2011A
e1_rr_08263007_10_M,seasonal_naive,6,1420,-0.0055556432566503,-0.005964245421608,0.958029199502358,0.8449691825723683,1.0847446368247455,-0.0053224684618893,False,False,False,False,08263007_10_M,Sant Vicenc dels Horts Alaba,Barcelona,Suburban/Industrial,industrial,41.40077,1.99963,65,ES2011A
e1_rr_08263007_10_M,seasonal_naive,7,1420,0.0,0.0,0.9809845504734416,0.8548536925210607,1.1218936254275835,0.0,False,False,False,False,08263007_10_M,Sant Vicenc dels Horts Alaba,Barcelona,Suburban/Industrial,industrial,41.40077,1.99963,65,ES2011A
e1_rr_08263007_10_M,stl_ridge_direct,1,1453,-2.0457534006621914,-2.787056228140679,1.8211396846394468,1.6265500811965192,2.0344541708265864,-3.725602702932019,False,True,False,False,08263007_10_M,Sant Vicenc dels Horts Alaba,Barcelona,Suburban/Industrial,industrial,41.40077,1.99963,65,ES2011A
e1_rr_08263007_10_M,stl_ridge_direct,2,1439,-1.5344974092140813,-2.003516157677429,1.7315059814131324,1.5378852007884447,1.9630924265496488,-2.656991442517137,False,True,False,False,08263007_10_M,Sant Vicenc dels Horts Alaba,Barcelona,Suburban/Industrial,industrial,41.40077,1.99963,65,ES2011A
e1_rr_08263007_10_M,stl_ridge_direct,3,1429,-1.3624677467930977,-1.837630762333867,1.634856584758954,1.4552858488679288,1.8280726003084196,-2.227439367366391,False,True,False,False,08263007_10_M,Sant Vicenc dels Horts Alaba,Barcelona,Suburban/Industrial,industrial,41.40077,1.99963,65,ES2011A
e1_rr_08263007_10_M,stl_ridge_direct,4,1425,-1.2678564750248338,-1.7067504501838369,1.557639195772878,1.3787865940639528,1.7352482127787747,-1.974862940113118,False,True,False,False,08263007_10_M,Sant Vicenc dels Horts Alaba,Barcelona,Suburban/Industrial,industrial,41.40077,1.99963,65,ES2011A
e1_rr_08263007_10_M,stl_ridge_direct,5,1422,-1.2276209952361,-1.65161525461538,1.48441718740466,1.304989906436007,1.6808456219099646,-1.8223017049472807,False,False,False,False,08263007_10_M,Sant Vicenc dels Horts Alaba,Barcelona,Suburban/Industrial,industrial,41.40077,1.99963,65,ES2011A
e1_rr_08263007_10_M,stl_ridge_direct,6,1420,-1.232865305372576,-1.6680613208297357,1.439215296820355,1.2802718790902188,1.621831611471786,-1.7743586064113095,False,False,False,False,08263007_10_M,Sant Vicenc dels Horts Alaba,Barcelona,Suburban/Industrial,industrial,41.40077,1.99963,65,ES2011A
e1_rr_08263007_10_M,stl_ridge_direct,7,1420,-1.2292286681342413,-1.6613594514031824,1.3986628282688447,1.2268564784812237,1.5833370408779748,-1.719276445561783,False,False,False,False,08263007_10_M,Sant Vicenc dels Horts Alaba,Barcelona,Suburban/Industrial,industrial,41.40077,1.99963,65,ES2011A
e1_rr_valencia_vivers,hgb_direct,1,1479,0.0737028562176991,0.0596212710204185,0.3983085699378004,0.3336982845196715,0.479669420272664,0.029356479260403,True,False,False,False,46250043_10_M,Valencia-Vivers,Valencia,Urban/Residential,urban,39.47806,-0.36833,11,ES1619A
e1_rr_valencia_vivers,hgb_direct,2,1470,0.1774493329506257,0.1357409986943543,0.2276565180998454,0.1870348804001253,0.2758310724343535,0.0403974972786796,True,False,False,False,46250043_10_M,Valencia-Vivers,Valencia,Urban/Residential,urban,39.47806,-0.36833,11,ES1619A
e1_rr_valencia_vivers,hgb_direct,3,1461,0.1936365310565044,0.177696092445735,0.1743030932925223,0.1425082179399673,0.220822646401223,0.0337514463375822,True,False,False,False,46250043_10_M,Valencia-Vivers,Valencia,Urban/Residential,urban,39.47806,-0.36833,11,ES1619A
e1_rr_valencia_vivers,hgb_direct,4,1454,0.2098397119173544,0.1919655096351372,0.166030269559121,0.1358718281690388,0.2078731070171668,0.0348397439338466,True,False,False,False,46250043_10_M,Valencia-Vivers,Valencia,Urban/Residential,urban,39.47806,-0.36833,11,ES1619A
e1_rr_valencia_vivers,hgb_direct,5,1446,0.2272714588000408,0.209520219475904,0.141670633012025,0.1172081184879643,0.1765052863499612,0.0321976914337681,True,False,False,False,46250043_10_M,Valencia-Vivers,Valencia,Urban/Residential,urban,39.47806,-0.36833,11,ES1619A
e1_rr_valencia_vivers,hgb_direct,6,1442,0.2271196289010981,0.2056307490350408,0.1376383175254458,0.1116679128103234,0.1726530202155096,0.0312603635989507,True,False,False,False,46250043_10_M,Valencia-Vivers,Valencia,Urban/Residential,urban,39.47806,-0.36833,11,ES1619A
e1_rr_valencia_vivers,hgb_direct,7,1434,0.2324995866841183,0.2167495224079333,0.1377291348256422,0.1086303237264767,0.1753968879658102,0.032021966921323,True,False,False,False,46250043_10_M,Valencia-Vivers,Valencia,Urban/Residential,urban,39.47806,-0.36833,11,ES1619A
e1_rr_valencia_vivers,ridge_direct,1,1479,0.0954615809187324,0.0694247682976496,0.4094559265345033,0.3360609905857341,0.497424373315308,0.039087310063528,True,False,False,False,46250043_10_M,Valencia-Vivers,Valencia,Urban/Residential,urban,39.47806,-0.36833,11,ES1619A
e1_rr_valencia_vivers,ridge_direct,2,1470,0.1751919655401376,0.1301544488670417,0.2039809647315113,0.1608509721220528,0.2549765482195767,0.0357358261440869,True,False,False,False,46250043_10_M,Valencia-Vivers,Valencia,Urban/Residential,urban,39.47806,-0.36833,11,ES1619A
e1_rr_valencia_vivers,ridge_direct,3,1461,0.2036271928039161,0.1872014092189917,0.1390712374635772,0.1083713493761264,0.1800878371125537,0.028318685684475,True,False,False,False,46250043_10_M,Valencia-Vivers,Valencia,Urban/Residential,urban,39.47806,-0.36833,11,ES1619A
e1_rr_valencia_vivers,ridge_direct,4,1454,0.224281046700267,0.2090636305819392,0.1065038690738099,0.0835400670624057,0.1364451828955902,0.0238867992335022,True,False,False,False,46250043_10_M,Valencia-Vivers,Valencia,Urban/Residential,urban,39.47806,-0.36833,11,ES1619A
e1_rr_valencia_vivers,ridge_direct,5,1446,0.2415127594814469,0.2346651607330779,0.0851907029917788,0.0666630710083559,0.1094770227675314,0.0205746417617088,True,False,False,False,46250043_10_M,Valencia-Vivers,Valencia,Urban/Residential,urban,39.47806,-0.36833,11,ES1619A
e1_rr_valencia_vivers,ridge_direct,6,1442,0.243808200468329,0.2378803497813306,0.0832435346307274,0.0654207631513778,0.1082283382080046,0.0202954563789406,True,False,False,False,46250043_10_M,Valencia-Vivers,Valencia,Urban/Residential,urban,39.47806,-0.36833,11,ES1619A
e1_rr_valencia_vivers,ridge_direct,7,1434,0.2528761794349226,0.2499011397865528,0.0788981438848862,0.0615531795985725,0.1022912837512665,0.0199514611901168,True,False,False,False,46250043_10_M,Valencia-Vivers,Valencia,Urban/Residential,urban,39.47806,-0.36833,11,ES1619A
e1_rr_valencia_vivers,sarima,1,164,-0.0003945639331983,0.0389488531183624,0.2379911763936314,0.1345772307149071,0.4854083877354261,-9.390273462436164e-05,True,False,False,False,46250043_10_M,Valencia-Vivers,Valencia,Urban/Residential,urban,39.47806,-0.36833,11,ES1619A
e1_rr_valencia_vivers,sarima,2,161,0.0834838533052333,0.1056555050318956,0.1959483067795404,0.1384280805886679,0.2856199143175423,0.016358519698592,True,False,False,False,46250043_10_M,Valencia-Vivers,Valencia,Urban/Residential,urban,39.47806,-0.36833,11,ES1619A
e1_rr_valencia_vivers,sarima,3,159,0.0721950437874847,0.1316186966716467,0.0999983260357166,0.0597711909898005,0.1723890583848555,0.0072193835268237,True,False,False,False,46250043_10_M,Valencia-Vivers,Valencia,Urban/Residential,urban,39.47806,-0.36833,11,ES1619A
e1_rr_valencia_vivers,sarima,4,157,0.0819500730133631,0.084494296006786,0.0988392694635904,0.0714309352904249,0.1379249884279331,0.0080998853491287,True,False,False,False,46250043_10_M,Valencia-Vivers,Valencia,Urban/Residential,urban,39.47806,-0.36833,11,ES1619A
e1_rr_valencia_vivers,sarima,5,155,0.0983651097829665,0.1314166865412233,0.0570212800703697,0.0355812239531429,0.0941135015422073,0.0056089044740872,True,False,False,False,46250043_10_M,Valencia-Vivers,Valencia,Urban/Residential,urban,39.47806,-0.36833,11,ES1619A
e1_rr_valencia_vivers,sarima,6,152,0.0745176164127247,0.1304776648595678,0.0431905865424544,0.0260824537656826,0.0705632271387612,0.0032184595606112,True,False,False,False,46250043_10_M,Valencia-Vivers,Valencia,Urban/Residential,urban,39.47806,-0.36833,11,ES1619A
e1_rr_valencia_vivers,sarima,7,150,0.0879552510145857,0.1606694714592874,0.0481976751531805,0.0284109753786799,0.0812320589734592,0.0042392386164174,True,False,False,False,46250043_10_M,Valencia-Vivers,Valencia,Urban/Residential,urban,39.47806,-0.36833,11,ES1619A
e1_rr_valencia_vivers,seasonal_naive,1,1479,-0.4438639354608544,-0.5523853528936122,0.9538241780581492,0.7446798446534642,1.2292735013586011,-0.4233681534106048,False,False,False,False,46250043_10_M,Valencia-Vivers,Valencia,Urban/Residential,urban,39.47806,-0.36833,11,ES1619A
e1_rr_valencia_vivers,seasonal_naive,2,1470,-0.1360530432519417,-0.1939597909839694,0.9609014232062976,0.7385968961633729,1.252392967044213,-0.1307335628923387,False,False,False,False,46250043_10_M,Valencia-Vivers,Valencia,Urban/Residential,urban,39.47806,-0.36833,11,ES1619A
e1_rr_valencia_vivers,seasonal_naive,3,1461,-0.0674372924665198,-0.0796927508401343,0.9590829414038564,0.747235974433032,1.2784729950667384,-0.0646779568191019,False,False,False,False,46250043_10_M,Valencia-Vivers,Valencia,Urban/Residential,urban,39.47806,-0.36833,11,ES1619A
e1_rr_valencia_vivers,seasonal_naive,4,1454,-0.0274306035024072,-0.0411139554728106,0.9589923607481556,0.7395369339941499,1.2503255677248315,-0.0263057392095201,False,False,False,False,46250043_10_M,Valencia-Vivers,Valencia,Urban/Residential,urban,39.47806,-0.36833,11,ES1619A
e1_rr_valencia_vivers,seasonal_naive,5,1446,0.0067135953802639,0.0007475517679601,0.9456671811049956,0.7267246708612204,1.2518337622447016,0.0063488268183336,False,False,True,False,46250043_10_M,Valencia-Vivers,Valencia,Urban/Residential,urban,39.47806,-0.36833,11,ES1619A
e1_rr_valencia_vivers,seasonal_naive,6,1442,0.0036071155015449,-0.0030195515965878,0.9590342318769222,0.7443556766948644,1.2761022599070624,0.0034593472443154,False,False,True,False,46250043_10_M,Valencia-Vivers,Valencia,Urban/Residential,urban,39.47806,-0.36833,11,ES1619A
e1_rr_valencia_vivers,seasonal_naive,7,1434,0.0,0.0,1.0185440431591548,0.7763961942076131,1.3383556544770778,0.0,False,False,False,False,46250043_10_M,Valencia-Vivers,Valencia,Urban/Residential,urban,39.47806,-0.36833,11,ES1619A
e1_rr_valencia_vivers,stl_ridge_direct,1,1479,-1.8736892893431936,-2.959165064126106,1.6856322471913925,1.3596596609104106,2.0894228351574333,-3.1583510873340104,False,True,False,False,46250043_10_M,Valencia-Vivers,Valencia,Urban/Residential,urban,39.47806,-0.36833,11,ES1619A
e1_rr_valencia_vivers,stl_ridge_direct,2,1470,-1.2860808095729626,-2.0545007911959803,1.613287612190759,1.2680296218641396,2.025371977086007,-2.074818238360322,False,True,False,False,46250043_10_M,Valencia-Vivers,Valencia,Urban/Residential,urban,39.47806,-0.36833,11,ES1619A
e1_rr_valencia_vivers,stl_ridge_direct,3,1461,-1.1474680904284966,-1.7492361311992737,1.568946933786211,1.2413164298318675,2.0321855588694464,-1.8003165420953084,False,True,False,False,46250043_10_M,Valencia-Vivers,Valencia,Urban/Residential,urban,39.47806,-0.36833,11,ES1619A
e1_rr_valencia_vivers,stl_ridge_direct,4,1454,-1.0642590297717889,-1.6517841368605448,1.5156793289218131,1.178100367047634,1.969045231454141,-1.6130754120434851,False,True,False,False,46250043_10_M,Valencia-Vivers,Valencia,Urban/Residential,urban,39.47806,-0.36833,11,ES1619A
e1_rr_valencia_vivers,stl_ridge_direct,5,1446,-0.9795753624667698,-1.5298079344845252,1.4195039500312814,1.109048701932421,1.839312066014422,-1.390511096374904,False,False,False,False,46250043_10_M,Valencia-Vivers,Valencia,Urban/Residential,urban,39.47806,-0.36833,11,ES1619A
e1_rr_valencia_vivers,stl_ridge_direct,6,1442,-0.9851565128204168,-1.551005340495243,1.3757719827485042,1.0802504029698332,1.819951630847217,-1.355350728960547,False,False,False,False,46250043_10_M,Valencia-Vivers,Valencia,Urban/Residential,urban,39.47806,-0.36833,11,ES1619A
e1_rr_valencia_vivers,stl_ridge_direct,7,1434,-0.9766908202120924,-1.5411849970760203,1.3939915818758062,1.0848391028355382,1.8253485361122277,-1.361498781471033,False,False,False,False,46250043_10_M,Valencia-Vivers,Valencia,Urban/Residential,urban,39.47806,-0.36833,11,ES1619A
