dataset,station,model,horizon,threshold_type,threshold_value,recall,precision,f1,flag_rate,base_rate,station_id,station_name,station_type,province
e1_rr_08019004_10_M,08019004_10_M,hgb_direct,1,abs_50,50.0,0.1666666666666666,0.4,0.2352941176470588,0.0036927621861152,0.0088626292466765,08019004_10_M,Barcelona El Poblenou,Urban/Background,Barcelona
e1_rr_08019004_10_M,08019004_10_M,hgb_direct,1,p75,28.828914327917285,0.4120171673819742,0.5748502994011976,0.48,0.1233382570162481,0.1720827178729689,08019004_10_M,Barcelona El Poblenou,Urban/Background,Barcelona
e1_rr_08019004_10_M,08019004_10_M,hgb_direct,1,p90,35.16906203840473,0.1149425287356321,0.217391304347826,0.150375939849624,0.0339734121122599,0.0642540620384047,08019004_10_M,Barcelona El Poblenou,Urban/Background,Barcelona
e1_rr_08019004_10_M,08019004_10_M,hgb_direct,2,abs_50,50.0,0.0,,,0.0,0.0096510764662212,08019004_10_M,Barcelona El Poblenou,Urban/Background,Barcelona
e1_rr_08019004_10_M,08019004_10_M,hgb_direct,2,p75,28.831607275426876,0.2121212121212121,0.3769230769230769,0.2714681440443213,0.0965107646622123,0.1714922048997773,08019004_10_M,Barcelona El Poblenou,Urban/Background,Barcelona
e1_rr_08019004_10_M,08019004_10_M,hgb_direct,2,p90,35.17281365998515,0.0465116279069767,0.3636363636363636,0.0824742268041237,0.0081662954714179,0.0638455827765404,08019004_10_M,Barcelona El Poblenou,Urban/Background,Barcelona
e1_rr_08019004_10_M,08019004_10_M,hgb_direct,3,abs_50,50.0,0.0,,,0.0,0.0111358574610244,08019004_10_M,Barcelona El Poblenou,Urban/Background,Barcelona
e1_rr_08019004_10_M,08019004_10_M,hgb_direct,3,p75,28.827004454342983,0.1982758620689655,0.3770491803278688,0.2598870056497175,0.0905716406829992,0.1722345953971789,08019004_10_M,Barcelona El Poblenou,Urban/Background,Barcelona
e1_rr_08019004_10_M,08019004_10_M,hgb_direct,3,p90,35.167297698589465,0.0,0.0,,0.0066815144766146,0.0660727542687453,08019004_10_M,Barcelona El Poblenou,Urban/Background,Barcelona
e1_rr_08019004_10_M,08019004_10_M,hgb_direct,4,abs_50,50.0,0.0,,,0.0,0.0111524163568773,08019004_10_M,Barcelona El Poblenou,Urban/Background,Barcelona
e1_rr_08019004_10_M,08019004_10_M,hgb_direct,4,p75,28.82587360594796,0.1983122362869198,0.3821138211382114,0.2611111111111111,0.091449814126394,0.1762081784386617,08019004_10_M,Barcelona El Poblenou,Urban/Background,Barcelona
e1_rr_08019004_10_M,08019004_10_M,hgb_direct,4,p90,35.16591821561339,0.0,0.0,,0.0044609665427509,0.0676579925650557,08019004_10_M,Barcelona El Poblenou,Urban/Background,Barcelona
e1_rr_08019004_10_M,08019004_10_M,hgb_direct,5,abs_50,50.0,0.0,,,0.0,0.0104555638536221,08019004_10_M,Barcelona El Poblenou,Urban/Background,Barcelona
e1_rr_08019004_10_M,08019004_10_M,hgb_direct,5,p75,28.82520537714712,0.1757322175732217,0.3387096774193548,0.2314049586776859,0.09260642270351,0.1784914115011202,08019004_10_M,Barcelona El Poblenou,Urban/Background,Barcelona
e1_rr_08019004_10_M,08019004_10_M,hgb_direct,5,p90,35.16529499626587,0.0219780219780219,0.25,0.0404040404040404,0.0059746079163554,0.0679611650485436,08019004_10_M,Barcelona El Poblenou,Urban/Background,Barcelona
e1_rr_08019004_10_M,08019004_10_M,hgb_direct,6,abs_50,50.0,0.0,,,0.0,0.0097451274362818,08019004_10_M,Barcelona El Poblenou,Urban/Background,Barcelona
e1_rr_08019004_10_M,08019004_10_M,hgb_direct,6,p75,28.826686656671665,0.175,0.4,0.2434782608695652,0.0787106446776611,0.1799100449775112,08019004_10_M,Barcelona El Poblenou,Urban/Background,Barcelona
e1_rr_08019004_10_M,08019004_10_M,hgb_direct,6,p90,35.167383808095956,0.0,0.0,,0.0044977511244377,0.0689655172413793,08019004_10_M,Barcelona El Poblenou,Urban/Background,Barcelona
e1_rr_08019004_10_M,08019004_10_M,hgb_direct,7,abs_50,50.0,0.0,,,0.0,0.0097670924117205,08019004_10_M,Barcelona El Poblenou,Urban/Background,Barcelona
e1_rr_08019004_10_M,08019004_10_M,hgb_direct,7,p75,28.825131480090157,0.15,0.3185840707964602,0.2039660056657224,0.0848985725018782,0.1803155522163786,08019004_10_M,Barcelona El Poblenou,Urban/Background,Barcelona
e1_rr_08019004_10_M,08019004_10_M,hgb_direct,7,p90,35.165266716754324,0.0,0.0,,0.0022539444027047,0.0706235912847483,08019004_10_M,Barcelona El Poblenou,Urban/Background,Barcelona
e1_rr_08019004_10_M,08019004_10_M,persistence,1,abs_50,50.0,0.25,0.2307692307692307,0.24,0.0096011816838995,0.0088626292466765,08019004_10_M,Barcelona El Poblenou,Urban/Background,Barcelona
e1_rr_08019004_10_M,08019004_10_M,persistence,1,p75,28.828914327917285,0.5321888412017167,0.5344827586206896,0.5333333333333332,0.1713441654357459,0.1720827178729689,08019004_10_M,Barcelona El Poblenou,Urban/Background,Barcelona
e1_rr_08019004_10_M,08019004_10_M,persistence,1,p90,35.16906203840473,0.3103448275862069,0.313953488372093,0.3121387283236994,0.0635155096011816,0.0642540620384047,08019004_10_M,Barcelona El Poblenou,Urban/Background,Barcelona
e1_rr_08019004_10_M,08019004_10_M,persistence,2,abs_50,50.0,0.0769230769230769,0.0769230769230769,0.0769230769230769,0.0096510764662212,0.0096510764662212,08019004_10_M,Barcelona El Poblenou,Urban/Background,Barcelona
e1_rr_08019004_10_M,08019004_10_M,persistence,2,p75,28.831607275426876,0.3852813852813853,0.3852813852813853,0.3852813852813853,0.1714922048997773,0.1714922048997773,08019004_10_M,Barcelona El Poblenou,Urban/Background,Barcelona
e1_rr_08019004_10_M,08019004_10_M,persistence,2,p90,35.17281365998515,0.1511627906976744,0.1529411764705882,0.1520467836257309,0.0631031922791388,0.0638455827765404,08019004_10_M,Barcelona El Poblenou,Urban/Background,Barcelona
e1_rr_08019004_10_M,08019004_10_M,persistence,3,abs_50,50.0,0.0,0.0,,0.0096510764662212,0.0111358574610244,08019004_10_M,Barcelona El Poblenou,Urban/Background,Barcelona
e1_rr_08019004_10_M,08019004_10_M,persistence,3,p75,28.827004454342983,0.3362068965517241,0.3362068965517241,0.3362068965517241,0.1722345953971789,0.1722345953971789,08019004_10_M,Barcelona El Poblenou,Urban/Background,Barcelona
e1_rr_08019004_10_M,08019004_10_M,persistence,3,p90,35.167297698589465,0.1011235955056179,0.1058823529411764,0.1034482758620689,0.0631031922791388,0.0660727542687453,08019004_10_M,Barcelona El Poblenou,Urban/Background,Barcelona
e1_rr_08019004_10_M,08019004_10_M,persistence,4,abs_50,50.0,0.0,0.0,,0.0089219330855018,0.0111524163568773,08019004_10_M,Barcelona El Poblenou,Urban/Background,Barcelona
e1_rr_08019004_10_M,08019004_10_M,persistence,4,p75,28.82587360594796,0.2953586497890295,0.3153153153153153,0.3050108932461873,0.1650557620817843,0.1762081784386617,08019004_10_M,Barcelona El Poblenou,Urban/Background,Barcelona
e1_rr_08019004_10_M,08019004_10_M,persistence,4,p90,35.16591821561339,0.0879120879120879,0.0963855421686747,0.0919540229885057,0.0617100371747211,0.0676579925650557,08019004_10_M,Barcelona El Poblenou,Urban/Background,Barcelona
e1_rr_08019004_10_M,08019004_10_M,persistence,5,abs_50,50.0,0.0,0.0,,0.0097087378640776,0.0104555638536221,08019004_10_M,Barcelona El Poblenou,Urban/Background,Barcelona
e1_rr_08019004_10_M,08019004_10_M,persistence,5,p75,28.82520537714712,0.301255230125523,0.3185840707964602,0.3096774193548387,0.1687826736370425,0.1784914115011202,08019004_10_M,Barcelona El Poblenou,Urban/Background,Barcelona
e1_rr_08019004_10_M,08019004_10_M,persistence,5,p90,35.16529499626587,0.1758241758241758,0.1904761904761904,0.1828571428571428,0.0627333831217326,0.0679611650485436,08019004_10_M,Barcelona El Poblenou,Urban/Background,Barcelona
e1_rr_08019004_10_M,08019004_10_M,persistence,6,abs_50,50.0,0.0769230769230769,0.0833333333333333,0.08,0.0089955022488755,0.0097451274362818,08019004_10_M,Barcelona El Poblenou,Urban/Background,Barcelona
e1_rr_08019004_10_M,08019004_10_M,persistence,6,p75,28.826686656671665,0.3125,0.3303964757709251,0.3211991434689508,0.1701649175412294,0.1799100449775112,08019004_10_M,Barcelona El Poblenou,Urban/Background,Barcelona
e1_rr_08019004_10_M,08019004_10_M,persistence,6,p90,35.167383808095956,0.1521739130434782,0.1647058823529411,0.1581920903954802,0.0637181409295352,0.0689655172413793,08019004_10_M,Barcelona El Poblenou,Urban/Background,Barcelona
e1_rr_08019004_10_M,08019004_10_M,persistence,7,abs_50,50.0,0.0,0.0,,0.0097670924117205,0.0097670924117205,08019004_10_M,Barcelona El Poblenou,Urban/Background,Barcelona
e1_rr_08019004_10_M,08019004_10_M,persistence,7,p75,28.825131480090157,0.3041666666666666,0.3273542600896861,0.3153347732181425,0.1675432006010518,0.1803155522163786,08019004_10_M,Barcelona El Poblenou,Urban/Background,Barcelona
e1_rr_08019004_10_M,08019004_10_M,persistence,7,p90,35.165266716754324,0.1063829787234042,0.119047619047619,0.1123595505617977,0.0631104432757325,0.0706235912847483,08019004_10_M,Barcelona El Poblenou,Urban/Background,Barcelona
e1_rr_08019004_10_M,08019004_10_M,ridge_direct,1,abs_50,50.0,0.0833333333333333,0.25,0.125,0.0029542097488921,0.0088626292466765,08019004_10_M,Barcelona El Poblenou,Urban/Background,Barcelona
e1_rr_08019004_10_M,08019004_10_M,ridge_direct,1,p75,28.828914327917285,0.3948497854077253,0.5443786982248521,0.4577114427860696,0.1248153618906942,0.1720827178729689,08019004_10_M,Barcelona El Poblenou,Urban/Background,Barcelona
e1_rr_08019004_10_M,08019004_10_M,ridge_direct,1,p90,35.16906203840473,0.1379310344827586,0.3529411764705882,0.1983471074380165,0.0251107828655834,0.0642540620384047,08019004_10_M,Barcelona El Poblenou,Urban/Background,Barcelona
e1_rr_08019004_10_M,08019004_10_M,ridge_direct,2,abs_50,50.0,0.0,,,0.0,0.0096510764662212,08019004_10_M,Barcelona El Poblenou,Urban/Background,Barcelona
e1_rr_08019004_10_M,08019004_10_M,ridge_direct,2,p75,28.831607275426876,0.1645021645021645,0.4086021505376344,0.2345679012345679,0.0690423162583518,0.1714922048997773,08019004_10_M,Barcelona El Poblenou,Urban/Background,Barcelona
e1_rr_08019004_10_M,08019004_10_M,ridge_direct,2,p90,35.17281365998515,0.0,0.0,,0.0037119524870081,0.0638455827765404,08019004_10_M,Barcelona El Poblenou,Urban/Background,Barcelona
e1_rr_08019004_10_M,08019004_10_M,ridge_direct,3,abs_50,50.0,0.0,,,0.0,0.0111358574610244,08019004_10_M,Barcelona El Poblenou,Urban/Background,Barcelona
e1_rr_08019004_10_M,08019004_10_M,ridge_direct,3,p75,28.827004454342983,0.1293103448275862,0.4545454545454545,0.2013422818791946,0.0489977728285077,0.1722345953971789,08019004_10_M,Barcelona El Poblenou,Urban/Background,Barcelona
e1_rr_08019004_10_M,08019004_10_M,ridge_direct,3,p90,35.167297698589465,0.0,0.0,,0.0007423904974016,0.0660727542687453,08019004_10_M,Barcelona El Poblenou,Urban/Background,Barcelona
e1_rr_08019004_10_M,08019004_10_M,ridge_direct,4,abs_50,50.0,0.0,,,0.0,0.0111524163568773,08019004_10_M,Barcelona El Poblenou,Urban/Background,Barcelona
e1_rr_08019004_10_M,08019004_10_M,ridge_direct,4,p75,28.82587360594796,0.1139240506329113,0.54,0.1881533101045296,0.037174721189591,0.1762081784386617,08019004_10_M,Barcelona El Poblenou,Urban/Background,Barcelona
e1_rr_08019004_10_M,08019004_10_M,ridge_direct,4,p90,35.16591821561339,0.0,,,0.0,0.0676579925650557,08019004_10_M,Barcelona El Poblenou,Urban/Background,Barcelona
e1_rr_08019004_10_M,08019004_10_M,ridge_direct,5,abs_50,50.0,0.0,,,0.0,0.0104555638536221,08019004_10_M,Barcelona El Poblenou,Urban/Background,Barcelona
e1_rr_08019004_10_M,08019004_10_M,ridge_direct,5,p75,28.82520537714712,0.0920502092050209,0.5,0.1554770318021201,0.0328603435399551,0.1784914115011202,08019004_10_M,Barcelona El Poblenou,Urban/Background,Barcelona
e1_rr_08019004_10_M,08019004_10_M,ridge_direct,5,p90,35.16529499626587,0.0,,,0.0,0.0679611650485436,08019004_10_M,Barcelona El Poblenou,Urban/Background,Barcelona
e1_rr_08019004_10_M,08019004_10_M,ridge_direct,6,abs_50,50.0,0.0,,,0.0,0.0097451274362818,08019004_10_M,Barcelona El Poblenou,Urban/Background,Barcelona
e1_rr_08019004_10_M,08019004_10_M,ridge_direct,6,p75,28.826686656671665,0.0916666666666666,0.5641025641025641,0.1577060931899641,0.0292353823088455,0.1799100449775112,08019004_10_M,Barcelona El Poblenou,Urban/Background,Barcelona
e1_rr_08019004_10_M,08019004_10_M,ridge_direct,6,p90,35.167383808095956,0.0,,,0.0,0.0689655172413793,08019004_10_M,Barcelona El Poblenou,Urban/Background,Barcelona
e1_rr_08019004_10_M,08019004_10_M,ridge_direct,7,abs_50,50.0,0.0,,,0.0,0.0097670924117205,08019004_10_M,Barcelona El Poblenou,Urban/Background,Barcelona
e1_rr_08019004_10_M,08019004_10_M,ridge_direct,7,p75,28.825131480090157,0.0833333333333333,0.4761904761904761,0.1418439716312056,0.0315552216378662,0.1803155522163786,08019004_10_M,Barcelona El Poblenou,Urban/Background,Barcelona
e1_rr_08019004_10_M,08019004_10_M,ridge_direct,7,p90,35.165266716754324,0.0,,,0.0,0.0706235912847483,08019004_10_M,Barcelona El Poblenou,Urban/Background,Barcelona
e1_rr_08019004_10_M,08019004_10_M,sarima,1,abs_50,50.0,0.0,,,0.0,0.0059523809523809,08019004_10_M,Barcelona El Poblenou,Urban/Background,Barcelona
e1_rr_08019004_10_M,08019004_10_M,sarima,1,p75,29.39311377245509,0.2692307692307692,0.3333333333333333,0.2978723404255319,0.1257485029940119,0.155688622754491,08019004_10_M,Barcelona El Poblenou,Urban/Background,Barcelona
e1_rr_08019004_10_M,08019004_10_M,sarima,1,p90,35.57167664670659,0.4,0.4444444444444444,0.4210526315789474,0.0538922155688622,0.059880239520958,08019004_10_M,Barcelona El Poblenou,Urban/Background,Barcelona
e1_rr_08019004_10_M,08019004_10_M,sarima,2,abs_50,50.0,0.0,,,0.0,0.0184049079754601,08019004_10_M,Barcelona El Poblenou,Urban/Background,Barcelona
e1_rr_08019004_10_M,08019004_10_M,sarima,2,p75,29.43564814814815,0.15625,0.5,0.238095238095238,0.0617283950617283,0.1975308641975308,08019004_10_M,Barcelona El Poblenou,Urban/Background,Barcelona
e1_rr_08019004_10_M,08019004_10_M,sarima,2,p90,35.631790123456796,0.0625,1.0,0.1176470588235294,0.0061728395061728,0.0987654320987654,08019004_10_M,Barcelona El Poblenou,Urban/Background,Barcelona
e1_rr_08019004_10_M,08019004_10_M,sarima,3,abs_50,50.0,0.0,,,0.0,0.0304878048780487,08019004_10_M,Barcelona El Poblenou,Urban/Background,Barcelona
e1_rr_08019004_10_M,08019004_10_M,sarima,3,p75,29.43726993865031,0.05,1.0,0.0952380952380952,0.0122699386503067,0.2453987730061349,08019004_10_M,Barcelona El Poblenou,Urban/Background,Barcelona
e1_rr_08019004_10_M,08019004_10_M,sarima,3,p90,35.62079754601227,0.0,,,0.0,0.1104294478527607,08019004_10_M,Barcelona El Poblenou,Urban/Background,Barcelona
e1_rr_08019004_10_M,08019004_10_M,sarima,4,abs_50,50.0,0.0,,,0.0,0.0235294117647058,08019004_10_M,Barcelona El Poblenou,Urban/Background,Barcelona
e1_rr_08019004_10_M,08019004_10_M,sarima,4,p75,29.412426035502957,0.0,0.0,,0.0059171597633136,0.2071005917159763,08019004_10_M,Barcelona El Poblenou,Urban/Background,Barcelona
e1_rr_08019004_10_M,08019004_10_M,sarima,4,p90,35.59934911242603,0.0,,,0.0,0.0828402366863905,08019004_10_M,Barcelona El Poblenou,Urban/Background,Barcelona
e1_rr_08019004_10_M,08019004_10_M,sarima,5,abs_50,50.0,0.0,,,0.0,0.0246913580246913,08019004_10_M,Barcelona El Poblenou,Urban/Background,Barcelona
e1_rr_08019004_10_M,08019004_10_M,sarima,5,p75,29.40263975155279,0.0,,,0.0,0.1739130434782608,08019004_10_M,Barcelona El Poblenou,Urban/Background,Barcelona
e1_rr_08019004_10_M,08019004_10_M,sarima,5,p90,35.58267080745342,0.0,,,0.0,0.062111801242236,08019004_10_M,Barcelona El Poblenou,Urban/Background,Barcelona
e1_rr_08019004_10_M,08019004_10_M,sarima,6,abs_50,50.0,0.0,,,0.0,0.0121951219512195,08019004_10_M,Barcelona El Poblenou,Urban/Background,Barcelona
e1_rr_08019004_10_M,08019004_10_M,sarima,6,p75,29.466871165644175,0.0,,,0.0,0.1901840490797546,08019004_10_M,Barcelona El Poblenou,Urban/Background,Barcelona
e1_rr_08019004_10_M,08019004_10_M,sarima,6,p90,35.66417177914111,0.0,,,0.0,0.0797546012269938,08019004_10_M,Barcelona El Poblenou,Urban/Background,Barcelona
e1_rr_08019004_10_M,08019004_10_M,sarima,7,abs_50,50.0,0.0,,,0.0,0.0061728395061728,08019004_10_M,Barcelona El Poblenou,Urban/Background,Barcelona
e1_rr_08019004_10_M,08019004_10_M,sarima,7,p75,29.45621118012422,0.0,,,0.0,0.186335403726708,08019004_10_M,Barcelona El Poblenou,Urban/Background,Barcelona
e1_rr_08019004_10_M,08019004_10_M,sarima,7,p90,35.659751552795036,0.0,,,0.0,0.0807453416149068,08019004_10_M,Barcelona El Poblenou,Urban/Background,Barcelona
e1_rr_08019004_10_M,08019004_10_M,seasonal_naive,1,abs_50,50.0,0.0,0.0,,0.0103397341211226,0.0088626292466765,08019004_10_M,Barcelona El Poblenou,Urban/Background,Barcelona
e1_rr_08019004_10_M,08019004_10_M,seasonal_naive,1,p75,28.828914327917285,0.2703862660944206,0.2850678733031674,0.2775330396475771,0.1632200886262924,0.1720827178729689,08019004_10_M,Barcelona El Poblenou,Urban/Background,Barcelona
e1_rr_08019004_10_M,08019004_10_M,seasonal_naive,1,p90,35.16906203840473,0.1149425287356321,0.1162790697674418,0.1156069364161849,0.0635155096011816,0.0642540620384047,08019004_10_M,Barcelona El Poblenou,Urban/Background,Barcelona
e1_rr_08019004_10_M,08019004_10_M,seasonal_naive,2,abs_50,50.0,0.0,0.0,,0.0103934669636228,0.0096510764662212,08019004_10_M,Barcelona El Poblenou,Urban/Background,Barcelona
e1_rr_08019004_10_M,08019004_10_M,seasonal_naive,2,p75,28.831607275426876,0.2813852813852814,0.2914798206278027,0.2863436123348017,0.1655530809205642,0.1714922048997773,08019004_10_M,Barcelona El Poblenou,Urban/Background,Barcelona
e1_rr_08019004_10_M,08019004_10_M,seasonal_naive,2,p90,35.17281365998515,0.1162790697674418,0.1149425287356321,0.1156069364161849,0.0645879732739421,0.0638455827765404,08019004_10_M,Barcelona El Poblenou,Urban/Background,Barcelona
e1_rr_08019004_10_M,08019004_10_M,seasonal_naive,3,abs_50,50.0,0.0,0.0,,0.0096510764662212,0.0111358574610244,08019004_10_M,Barcelona El Poblenou,Urban/Background,Barcelona
e1_rr_08019004_10_M,08019004_10_M,seasonal_naive,3,p75,28.827004454342983,0.293103448275862,0.3022222222222222,0.2975929978118162,0.1670378619153674,0.1722345953971789,08019004_10_M,Barcelona El Poblenou,Urban/Background,Barcelona
e1_rr_08019004_10_M,08019004_10_M,seasonal_naive,3,p90,35.167297698589465,0.1123595505617977,0.1162790697674418,0.1142857142857142,0.0638455827765404,0.0660727542687453,08019004_10_M,Barcelona El Poblenou,Urban/Background,Barcelona
e1_rr_08019004_10_M,08019004_10_M,seasonal_naive,4,abs_50,50.0,0.0,0.0,,0.0104089219330855,0.0111524163568773,08019004_10_M,Barcelona El Poblenou,Urban/Background,Barcelona
e1_rr_08019004_10_M,08019004_10_M,seasonal_naive,4,p75,28.82587360594796,0.3037974683544304,0.3116883116883117,0.3076923076923077,0.1717472118959107,0.1762081784386617,08019004_10_M,Barcelona El Poblenou,Urban/Background,Barcelona
e1_rr_08019004_10_M,08019004_10_M,seasonal_naive,4,p90,35.16591821561339,0.1208791208791208,0.125,0.1229050279329608,0.0654275092936803,0.0676579925650557,08019004_10_M,Barcelona El Poblenou,Urban/Background,Barcelona
e1_rr_08019004_10_M,08019004_10_M,seasonal_naive,5,abs_50,50.0,0.0,0.0,,0.0104555638536221,0.0104555638536221,08019004_10_M,Barcelona El Poblenou,Urban/Background,Barcelona
e1_rr_08019004_10_M,08019004_10_M,seasonal_naive,5,p75,28.82520537714712,0.2970711297071129,0.3141592920353982,0.3053763440860215,0.1687826736370425,0.1784914115011202,08019004_10_M,Barcelona El Poblenou,Urban/Background,Barcelona
e1_rr_08019004_10_M,08019004_10_M,seasonal_naive,5,p90,35.16529499626587,0.1098901098901098,0.1149425287356321,0.1123595505617977,0.0649738610903659,0.0679611650485436,08019004_10_M,Barcelona El Poblenou,Urban/Background,Barcelona
e1_rr_08019004_10_M,08019004_10_M,seasonal_naive,6,abs_50,50.0,0.0,0.0,,0.0104947526236881,0.0097451274362818,08019004_10_M,Barcelona El Poblenou,Urban/Background,Barcelona
e1_rr_08019004_10_M,08019004_10_M,seasonal_naive,6,p75,28.826686656671665,0.3041666666666666,0.3258928571428571,0.3146551724137931,0.1679160419790105,0.1799100449775112,08019004_10_M,Barcelona El Poblenou,Urban/Background,Barcelona
e1_rr_08019004_10_M,08019004_10_M,seasonal_naive,6,p90,35.167383808095956,0.108695652173913,0.1176470588235294,0.1129943502824858,0.0637181409295352,0.0689655172413793,08019004_10_M,Barcelona El Poblenou,Urban/Background,Barcelona
e1_rr_08019004_10_M,08019004_10_M,seasonal_naive,7,abs_50,50.0,0.0,0.0,,0.0097670924117205,0.0097670924117205,08019004_10_M,Barcelona El Poblenou,Urban/Background,Barcelona
e1_rr_08019004_10_M,08019004_10_M,seasonal_naive,7,p75,28.825131480090157,0.3041666666666666,0.3273542600896861,0.3153347732181425,0.1675432006010518,0.1803155522163786,08019004_10_M,Barcelona El Poblenou,Urban/Background,Barcelona
e1_rr_08019004_10_M,08019004_10_M,seasonal_naive,7,p90,35.165266716754324,0.1063829787234042,0.119047619047619,0.1123595505617977,0.0631104432757325,0.0706235912847483,08019004_10_M,Barcelona El Poblenou,Urban/Background,Barcelona
e1_rr_08019004_10_M,08019004_10_M,stl_ridge_direct,1,abs_50,50.0,0.6666666666666666,0.0218579234972677,0.0423280423280423,0.2703101920236336,0.0088626292466765,08019004_10_M,Barcelona El Poblenou,Urban/Background,Barcelona
e1_rr_08019004_10_M,08019004_10_M,stl_ridge_direct,1,p75,28.828914327917285,0.9957081545064378,0.1766945925361767,0.3001293661060802,0.9697193500738552,0.1720827178729689,08019004_10_M,Barcelona El Poblenou,Urban/Background,Barcelona
e1_rr_08019004_10_M,08019004_10_M,stl_ridge_direct,1,p90,35.16906203840473,0.9655172413793104,0.0730434782608695,0.1358124494745351,0.8493353028064993,0.0642540620384047,08019004_10_M,Barcelona El Poblenou,Urban/Background,Barcelona
e1_rr_08019004_10_M,08019004_10_M,stl_ridge_direct,2,abs_50,50.0,0.5384615384615384,0.0174563591022443,0.0338164251207729,0.2976985894580549,0.0096510764662212,08019004_10_M,Barcelona El Poblenou,Urban/Background,Barcelona
e1_rr_08019004_10_M,08019004_10_M,stl_ridge_direct,2,p75,28.831607275426876,0.9956709956709956,0.1737160120845921,0.2958199356913183,0.9829250185597624,0.1714922048997773,08019004_10_M,Barcelona El Poblenou,Urban/Background,Barcelona
e1_rr_08019004_10_M,08019004_10_M,stl_ridge_direct,2,p90,35.17281365998515,0.9418604651162792,0.0685279187817258,0.1277602523659306,0.8775055679287305,0.0638455827765404,08019004_10_M,Barcelona El Poblenou,Urban/Background,Barcelona
e1_rr_08019004_10_M,08019004_10_M,stl_ridge_direct,3,abs_50,50.0,0.5333333333333333,0.0192307692307692,0.037122969837587,0.3088344469190794,0.0111358574610244,08019004_10_M,Barcelona El Poblenou,Urban/Background,Barcelona
e1_rr_08019004_10_M,08019004_10_M,stl_ridge_direct,3,p75,28.827004454342983,1.0,0.1741741741741741,0.2966751918158567,0.9888641425389756,0.1722345953971789,08019004_10_M,Barcelona El Poblenou,Urban/Background,Barcelona
e1_rr_08019004_10_M,08019004_10_M,stl_ridge_direct,3,p90,35.167297698589465,0.9325842696629212,0.0689941812136325,0.1284829721362229,0.8930957683741648,0.0660727542687453,08019004_10_M,Barcelona El Poblenou,Urban/Background,Barcelona
e1_rr_08019004_10_M,08019004_10_M,stl_ridge_direct,4,abs_50,50.0,0.5333333333333333,0.0193236714975845,0.0372960372960372,0.3078066914498141,0.0111524163568773,08019004_10_M,Barcelona El Poblenou,Urban/Background,Barcelona
e1_rr_08019004_10_M,08019004_10_M,stl_ridge_direct,4,p75,28.82587360594796,1.0,0.1769977595220313,0.3007614213197969,0.995539033457249,0.1762081784386617,08019004_10_M,Barcelona El Poblenou,Urban/Background,Barcelona
e1_rr_08019004_10_M,08019004_10_M,stl_ridge_direct,4,p90,35.16591821561339,0.945054945054945,0.0715474209650582,0.1330239752513534,0.8936802973977696,0.0676579925650557,08019004_10_M,Barcelona El Poblenou,Urban/Background,Barcelona
e1_rr_08019004_10_M,08019004_10_M,stl_ridge_direct,5,abs_50,50.0,0.4285714285714285,0.0147420147420147,0.0285035629453681,0.3039581777445855,0.0104555638536221,08019004_10_M,Barcelona El Poblenou,Urban/Background,Barcelona
e1_rr_08019004_10_M,08019004_10_M,stl_ridge_direct,5,p75,28.82520537714712,1.0,0.1788922155688622,0.3034920634920635,0.9977595220313666,0.1784914115011202,08019004_10_M,Barcelona El Poblenou,Urban/Background,Barcelona
e1_rr_08019004_10_M,08019004_10_M,stl_ridge_direct,5,p90,35.16529499626587,0.956043956043956,0.0717821782178217,0.133537989255564,0.9051530993278566,0.0679611650485436,08019004_10_M,Barcelona El Poblenou,Urban/Background,Barcelona
e1_rr_08019004_10_M,08019004_10_M,stl_ridge_direct,6,abs_50,50.0,0.3846153846153846,0.0124688279301745,0.0241545893719806,0.300599700149925,0.0097451274362818,08019004_10_M,Barcelona El Poblenou,Urban/Background,Barcelona
e1_rr_08019004_10_M,08019004_10_M,stl_ridge_direct,6,p75,28.826686656671665,1.0,0.1799100449775112,0.3049555273189326,1.0,0.1799100449775112,08019004_10_M,Barcelona El Poblenou,Urban/Background,Barcelona
e1_rr_08019004_10_M,08019004_10_M,stl_ridge_direct,6,p90,35.167383808095956,0.9565217391304348,0.0725474031327287,0.1348659003831417,0.909295352323838,0.0689655172413793,08019004_10_M,Barcelona El Poblenou,Urban/Background,Barcelona
e1_rr_08019004_10_M,08019004_10_M,stl_ridge_direct,7,abs_50,50.0,0.3846153846153846,0.0126582278481012,0.0245098039215686,0.2967693463561232,0.0097670924117205,08019004_10_M,Barcelona El Poblenou,Urban/Background,Barcelona
e1_rr_08019004_10_M,08019004_10_M,stl_ridge_direct,7,p75,28.825131480090157,1.0,0.1803155522163786,0.305537873965627,1.0,0.1803155522163786,08019004_10_M,Barcelona El Poblenou,Urban/Background,Barcelona
e1_rr_08019004_10_M,08019004_10_M,stl_ridge_direct,7,p90,35.165266716754324,0.9574468085106383,0.0732899022801303,0.1361573373676248,0.9226145755071374,0.0706235912847483,08019004_10_M,Barcelona El Poblenou,Urban/Background,Barcelona
e1_rr_08019028_10_M,08019028_10_M,hgb_direct,1,abs_50,50.0,0.1612903225806451,0.3333333333333333,0.217391304347826,0.0104384133611691,0.0215727209464161,08019028_10_M,Barcelona Pl. Universitat,Urban/Traffic,Barcelona
e1_rr_08019028_10_M,08019028_10_M,hgb_direct,1,p75,31.721555323590813,0.4574468085106383,0.645,0.5352697095435685,0.139178844815588,0.1962421711899791,08019028_10_M,Barcelona Pl. Universitat,Urban/Traffic,Barcelona
e1_rr_08019028_10_M,08019028_10_M,hgb_direct,1,p90,39.136590118302024,0.3333333333333333,0.5,0.4,0.0501043841336116,0.0751565762004175,08019028_10_M,Barcelona Pl. Universitat,Urban/Traffic,Barcelona
e1_rr_08019028_10_M,08019028_10_M,hgb_direct,2,abs_50,50.0,0.0,0.0,,0.002805049088359,0.0210378681626928,08019028_10_M,Barcelona Pl. Universitat,Urban/Traffic,Barcelona
e1_rr_08019028_10_M,08019028_10_M,hgb_direct,2,p75,31.72314165497896,0.2846975088967972,0.4938271604938271,0.3611738148984199,0.1136044880785413,0.197054698457223,08019028_10_M,Barcelona Pl. Universitat,Urban/Traffic,Barcelona
e1_rr_08019028_10_M,08019028_10_M,hgb_direct,2,p90,39.138548387096776,0.1698113207547169,0.4186046511627907,0.2416107382550335,0.0301542776998597,0.0743338008415147,08019028_10_M,Barcelona Pl. Universitat,Urban/Traffic,Barcelona
e1_rr_08019028_10_M,08019028_10_M,hgb_direct,3,abs_50,50.0,0.0,,,0.0,0.0204513399153737,08019028_10_M,Barcelona Pl. Universitat,Urban/Traffic,Barcelona
e1_rr_08019028_10_M,08019028_10_M,hgb_direct,3,p75,31.725599435825107,0.2258064516129032,0.4144736842105263,0.2923433874709976,0.1071932299012694,0.196755994358251,08019028_10_M,Barcelona Pl. Universitat,Urban/Traffic,Barcelona
e1_rr_08019028_10_M,08019028_10_M,hgb_direct,3,p90,39.14160789844852,0.0943396226415094,0.3846153846153846,0.1515151515151515,0.0183356840620592,0.0747531734837799,08019028_10_M,Barcelona Pl. Universitat,Urban/Traffic,Barcelona
e1_rr_08019028_10_M,08019028_10_M,hgb_direct,4,abs_50,50.0,0.0,,,0.0,0.0212765957446808,08019028_10_M,Barcelona Pl. Universitat,Urban/Traffic,Barcelona
e1_rr_08019028_10_M,08019028_10_M,hgb_direct,4,p75,31.72822695035461,0.1601423487544484,0.3658536585365853,0.2227722772277227,0.0872340425531914,0.1992907801418439,08019028_10_M,Barcelona Pl. Universitat,Urban/Traffic,Barcelona
e1_rr_08019028_10_M,08019028_10_M,hgb_direct,4,p90,39.14529787234043,0.0560747663551401,0.375,0.097560975609756,0.0113475177304964,0.075886524822695,08019028_10_M,Barcelona Pl. Universitat,Urban/Traffic,Barcelona
e1_rr_08019028_10_M,08019028_10_M,hgb_direct,5,abs_50,50.0,0.0,,,0.0,0.021398002853067,08019028_10_M,Barcelona Pl. Universitat,Urban/Traffic,Barcelona
e1_rr_08019028_10_M,08019028_10_M,hgb_direct,5,p75,31.730545649072752,0.1357142857142857,0.3247863247863248,0.1914357682619647,0.0834522111269614,0.1997146932952924,08019028_10_M,Barcelona Pl. Universitat,Urban/Traffic,Barcelona
e1_rr_08019028_10_M,08019028_10_M,hgb_direct,5,p90,39.14793152639088,0.0283018867924528,0.2727272727272727,0.0512820512820512,0.0078459343794579,0.0756062767475035,08019028_10_M,Barcelona Pl. Universitat,Urban/Traffic,Barcelona
e1_rr_08019028_10_M,08019028_10_M,hgb_direct,6,abs_50,50.0,0.0,,,0.0,0.0221428571428571,08019028_10_M,Barcelona Pl. Universitat,Urban/Traffic,Barcelona
e1_rr_08019028_10_M,08019028_10_M,hgb_direct,6,p75,31.730107142857143,0.1459074733096085,0.3504273504273504,0.2060301507537688,0.0835714285714285,0.2007142857142857,08019028_10_M,Barcelona Pl. Universitat,Urban/Traffic,Barcelona
e1_rr_08019028_10_M,08019028_10_M,hgb_direct,6,p90,39.146771428571434,0.0185185185185185,0.3333333333333333,0.0350877192982456,0.0042857142857142,0.0771428571428571,08019028_10_M,Barcelona Pl. Universitat,Urban/Traffic,Barcelona
e1_rr_08019028_10_M,08019028_10_M,hgb_direct,7,abs_50,50.0,0.0,,,0.0,0.0222063037249283,08019028_10_M,Barcelona Pl. Universitat,Urban/Traffic,Barcelona
e1_rr_08019028_10_M,08019028_10_M,hgb_direct,7,p75,31.73090974212035,0.1519434628975265,0.3333333333333333,0.2087378640776699,0.0924068767908309,0.2027220630372493,08019028_10_M,Barcelona Pl. Universitat,Urban/Traffic,Barcelona
e1_rr_08019028_10_M,08019028_10_M,hgb_direct,7,p90,39.14689828080229,0.0,0.0,,0.0064469914040114,0.079512893982808,08019028_10_M,Barcelona Pl. Universitat,Urban/Traffic,Barcelona
e1_rr_08019028_10_M,08019028_10_M,persistence,1,abs_50,50.0,0.3548387096774194,0.3666666666666666,0.360655737704918,0.0208768267223382,0.0215727209464161,08019028_10_M,Barcelona Pl. Universitat,Urban/Traffic,Barcelona
e1_rr_08019028_10_M,08019028_10_M,persistence,1,p75,31.721555323590813,0.5851063829787234,0.5892857142857143,0.5871886120996441,0.1948503827418232,0.1962421711899791,08019028_10_M,Barcelona Pl. Universitat,Urban/Traffic,Barcelona
e1_rr_08019028_10_M,08019028_10_M,persistence,1,p90,39.136590118302024,0.5185185185185185,0.5283018867924528,0.5233644859813084,0.0737647877522616,0.0751565762004175,08019028_10_M,Barcelona Pl. Universitat,Urban/Traffic,Barcelona
e1_rr_08019028_10_M,08019028_10_M,persistence,2,abs_50,50.0,0.1333333333333333,0.1290322580645161,0.1311475409836065,0.0217391304347826,0.0210378681626928,08019028_10_M,Barcelona Pl. Universitat,Urban/Traffic,Barcelona
e1_rr_08019028_10_M,08019028_10_M,persistence,2,p75,31.72314165497896,0.4448398576512455,0.4448398576512455,0.4448398576512455,0.197054698457223,0.197054698457223,08019028_10_M,Barcelona Pl. Universitat,Urban/Traffic,Barcelona
e1_rr_08019028_10_M,08019028_10_M,persistence,2,p90,39.138548387096776,0.3396226415094339,0.3302752293577982,0.3348837209302326,0.076437587657784,0.0743338008415147,08019028_10_M,Barcelona Pl. Universitat,Urban/Traffic,Barcelona
e1_rr_08019028_10_M,08019028_10_M,persistence,3,abs_50,50.0,0.0689655172413793,0.064516129032258,0.0666666666666666,0.0218617771509167,0.0204513399153737,08019028_10_M,Barcelona Pl. Universitat,Urban/Traffic,Barcelona
e1_rr_08019028_10_M,08019028_10_M,persistence,3,p75,31.725599435825107,0.3978494623655914,0.3978494623655914,0.3978494623655913,0.196755994358251,0.196755994358251,08019028_10_M,Barcelona Pl. Universitat,Urban/Traffic,Barcelona
e1_rr_08019028_10_M,08019028_10_M,persistence,3,p90,39.14160789844852,0.2735849056603773,0.2660550458715596,0.2697674418604651,0.0768688293370945,0.0747531734837799,08019028_10_M,Barcelona Pl. Universitat,Urban/Traffic,Barcelona
e1_rr_08019028_10_M,08019028_10_M,persistence,4,abs_50,50.0,0.0666666666666666,0.064516129032258,0.0655737704918032,0.0219858156028368,0.0212765957446808,08019028_10_M,Barcelona Pl. Universitat,Urban/Traffic,Barcelona
e1_rr_08019028_10_M,08019028_10_M,persistence,4,p75,31.72822695035461,0.3380782918149466,0.3467153284671533,0.3423423423423424,0.1943262411347517,0.1992907801418439,08019028_10_M,Barcelona Pl. Universitat,Urban/Traffic,Barcelona
e1_rr_08019028_10_M,08019028_10_M,persistence,4,p90,39.14529787234043,0.1869158878504672,0.1886792452830188,0.1877934272300469,0.075177304964539,0.075886524822695,08019028_10_M,Barcelona Pl. Universitat,Urban/Traffic,Barcelona
e1_rr_08019028_10_M,08019028_10_M,persistence,5,abs_50,50.0,0.0333333333333333,0.03125,0.032258064516129,0.0228245363766048,0.021398002853067,08019028_10_M,Barcelona Pl. Universitat,Urban/Traffic,Barcelona
e1_rr_08019028_10_M,08019028_10_M,persistence,5,p75,31.730545649072752,0.3357142857142857,0.3405797101449275,0.3381294964028777,0.1968616262482168,0.1997146932952924,08019028_10_M,Barcelona Pl. Universitat,Urban/Traffic,Barcelona
e1_rr_08019028_10_M,08019028_10_M,persistence,5,p90,39.14793152639088,0.160377358490566,0.1559633027522936,0.1581395348837209,0.0777460770328102,0.0756062767475035,08019028_10_M,Barcelona Pl. Universitat,Urban/Traffic,Barcelona
e1_rr_08019028_10_M,08019028_10_M,persistence,6,abs_50,50.0,0.064516129032258,0.0625,0.0634920634920634,0.0228571428571428,0.0221428571428571,08019028_10_M,Barcelona Pl. Universitat,Urban/Traffic,Barcelona
e1_rr_08019028_10_M,08019028_10_M,persistence,6,p75,31.730107142857143,0.3416370106761566,0.3428571428571428,0.3422459893048128,0.2,0.2007142857142857,08019028_10_M,Barcelona Pl. Universitat,Urban/Traffic,Barcelona
e1_rr_08019028_10_M,08019028_10_M,persistence,6,p90,39.146771428571434,0.1851851851851851,0.1801801801801801,0.182648401826484,0.0792857142857142,0.0771428571428571,08019028_10_M,Barcelona Pl. Universitat,Urban/Traffic,Barcelona
e1_rr_08019028_10_M,08019028_10_M,persistence,7,abs_50,50.0,0.032258064516129,0.032258064516129,0.032258064516129,0.0222063037249283,0.0222063037249283,08019028_10_M,Barcelona Pl. Universitat,Urban/Traffic,Barcelona
e1_rr_08019028_10_M,08019028_10_M,persistence,7,p75,31.73090974212035,0.3250883392226148,0.3309352517985611,0.3279857397504456,0.1991404011461318,0.2027220630372493,08019028_10_M,Barcelona Pl. Universitat,Urban/Traffic,Barcelona
e1_rr_08019028_10_M,08019028_10_M,persistence,7,p90,39.14689828080229,0.2252252252252252,0.2272727272727272,0.2262443438914027,0.0787965616045845,0.079512893982808,08019028_10_M,Barcelona Pl. Universitat,Urban/Traffic,Barcelona
e1_rr_08019028_10_M,08019028_10_M,ridge_direct,1,abs_50,50.0,0.1612903225806451,0.5555555555555556,0.25,0.0062630480167014,0.0215727209464161,08019028_10_M,Barcelona Pl. Universitat,Urban/Traffic,Barcelona
e1_rr_08019028_10_M,08019028_10_M,ridge_direct,1,p75,31.721555323590813,0.5070921985815603,0.6745283018867925,0.5789473684210527,0.1475295755045233,0.1962421711899791,08019028_10_M,Barcelona Pl. Universitat,Urban/Traffic,Barcelona
e1_rr_08019028_10_M,08019028_10_M,ridge_direct,1,p90,39.136590118302024,0.287037037037037,0.5166666666666667,0.369047619047619,0.0417536534446764,0.0751565762004175,08019028_10_M,Barcelona Pl. Universitat,Urban/Traffic,Barcelona
e1_rr_08019028_10_M,08019028_10_M,ridge_direct,2,abs_50,50.0,0.0,0.0,,0.002805049088359,0.0210378681626928,08019028_10_M,Barcelona Pl. Universitat,Urban/Traffic,Barcelona
e1_rr_08019028_10_M,08019028_10_M,ridge_direct,2,p75,31.72314165497896,0.2740213523131672,0.5347222222222222,0.3623529411764705,0.1009817671809256,0.197054698457223,08019028_10_M,Barcelona Pl. Universitat,Urban/Traffic,Barcelona
e1_rr_08019028_10_M,08019028_10_M,ridge_direct,2,p90,39.138548387096776,0.0660377358490566,0.4117647058823529,0.1138211382113821,0.0119214586255259,0.0743338008415147,08019028_10_M,Barcelona Pl. Universitat,Urban/Traffic,Barcelona
e1_rr_08019028_10_M,08019028_10_M,ridge_direct,3,abs_50,50.0,0.0,,,0.0,0.0204513399153737,08019028_10_M,Barcelona Pl. Universitat,Urban/Traffic,Barcelona
e1_rr_08019028_10_M,08019028_10_M,ridge_direct,3,p75,31.725599435825107,0.1827956989247312,0.51,0.2691292875989445,0.0705218617771509,0.196755994358251,08019028_10_M,Barcelona Pl. Universitat,Urban/Traffic,Barcelona
e1_rr_08019028_10_M,08019028_10_M,ridge_direct,3,p90,39.14160789844852,0.0,0.0,,0.004231311706629,0.0747531734837799,08019028_10_M,Barcelona Pl. Universitat,Urban/Traffic,Barcelona
e1_rr_08019028_10_M,08019028_10_M,ridge_direct,4,abs_50,50.0,0.0,,,0.0,0.0212765957446808,08019028_10_M,Barcelona Pl. Universitat,Urban/Traffic,Barcelona
e1_rr_08019028_10_M,08019028_10_M,ridge_direct,4,p75,31.72822695035461,0.1316725978647686,0.4743589743589743,0.2061281337047353,0.0553191489361702,0.1992907801418439,08019028_10_M,Barcelona Pl. Universitat,Urban/Traffic,Barcelona
e1_rr_08019028_10_M,08019028_10_M,ridge_direct,4,p90,39.14529787234043,0.0093457943925233,1.0,0.0185185185185185,0.000709219858156,0.075886524822695,08019028_10_M,Barcelona Pl. Universitat,Urban/Traffic,Barcelona
e1_rr_08019028_10_M,08019028_10_M,ridge_direct,5,abs_50,50.0,0.0,,,0.0,0.021398002853067,08019028_10_M,Barcelona Pl. Universitat,Urban/Traffic,Barcelona
e1_rr_08019028_10_M,08019028_10_M,ridge_direct,5,p75,31.730545649072752,0.1178571428571428,0.4520547945205479,0.1869688385269121,0.0520684736091298,0.1997146932952924,08019028_10_M,Barcelona Pl. Universitat,Urban/Traffic,Barcelona
e1_rr_08019028_10_M,08019028_10_M,ridge_direct,5,p90,39.14793152639088,0.0,,,0.0,0.0756062767475035,08019028_10_M,Barcelona Pl. Universitat,Urban/Traffic,Barcelona
e1_rr_08019028_10_M,08019028_10_M,ridge_direct,6,abs_50,50.0,0.0,,,0.0,0.0221428571428571,08019028_10_M,Barcelona Pl. Universitat,Urban/Traffic,Barcelona
e1_rr_08019028_10_M,08019028_10_M,ridge_direct,6,p75,31.730107142857143,0.1032028469750889,0.4202898550724637,0.1657142857142857,0.0492857142857142,0.2007142857142857,08019028_10_M,Barcelona Pl. Universitat,Urban/Traffic,Barcelona
e1_rr_08019028_10_M,08019028_10_M,ridge_direct,6,p90,39.146771428571434,0.0,,,0.0,0.0771428571428571,08019028_10_M,Barcelona Pl. Universitat,Urban/Traffic,Barcelona
e1_rr_08019028_10_M,08019028_10_M,ridge_direct,7,abs_50,50.0,0.0,,,0.0,0.0222063037249283,08019028_10_M,Barcelona Pl. Universitat,Urban/Traffic,Barcelona
e1_rr_08019028_10_M,08019028_10_M,ridge_direct,7,p75,31.73090974212035,0.0989399293286219,0.4590163934426229,0.1627906976744186,0.0436962750716332,0.2027220630372493,08019028_10_M,Barcelona Pl. Universitat,Urban/Traffic,Barcelona
e1_rr_08019028_10_M,08019028_10_M,ridge_direct,7,p90,39.14689828080229,0.0,,,0.0,0.079512893982808,08019028_10_M,Barcelona Pl. Universitat,Urban/Traffic,Barcelona
e1_rr_08019028_10_M,08019028_10_M,sarima,1,abs_50,50.0,0.3333333333333333,1.0,0.5,0.0059880239520958,0.0179640718562874,08019028_10_M,Barcelona Pl. Universitat,Urban/Traffic,Barcelona
e1_rr_08019028_10_M,08019028_10_M,sarima,1,p75,32.269578313253014,0.4482758620689655,0.5909090909090909,0.5098039215686274,0.1325301204819277,0.1746987951807229,08019028_10_M,Barcelona Pl. Universitat,Urban/Traffic,Barcelona
e1_rr_08019028_10_M,08019028_10_M,sarima,1,p90,39.810481927710846,0.1818181818181818,0.3333333333333333,0.2352941176470588,0.036144578313253,0.0662650602409638,08019028_10_M,Barcelona Pl. Universitat,Urban/Traffic,Barcelona
e1_rr_08019028_10_M,08019028_10_M,sarima,2,abs_50,50.0,0.0,0.0,,0.0059523809523809,0.0178571428571428,08019028_10_M,Barcelona Pl. Universitat,Urban/Traffic,Barcelona
e1_rr_08019028_10_M,08019028_10_M,sarima,2,p75,32.23517964071856,0.21875,0.4666666666666667,0.2978723404255319,0.0898203592814371,0.1916167664670658,08019028_10_M,Barcelona Pl. Universitat,Urban/Traffic,Barcelona
e1_rr_08019028_10_M,08019028_10_M,sarima,2,p90,39.77946107784431,0.0909090909090909,0.2,0.125,0.029940119760479,0.0658682634730539,08019028_10_M,Barcelona Pl. Universitat,Urban/Traffic,Barcelona
e1_rr_08019028_10_M,08019028_10_M,sarima,3,abs_50,50.0,0.0,,,0.0,0.0238095238095238,08019028_10_M,Barcelona Pl. Universitat,Urban/Traffic,Barcelona
e1_rr_08019028_10_M,08019028_10_M,sarima,3,p75,32.23697604790419,0.0384615384615384,0.1428571428571428,0.0606060606060606,0.0419161676646706,0.155688622754491,08019028_10_M,Barcelona Pl. Universitat,Urban/Traffic,Barcelona
e1_rr_08019028_10_M,08019028_10_M,sarima,3,p90,39.78209580838324,0.0,0.0,,0.0119760479041916,0.0419161676646706,08019028_10_M,Barcelona Pl. Universitat,Urban/Traffic,Barcelona
e1_rr_08019028_10_M,08019028_10_M,sarima,4,abs_50,50.0,0.0,,,0.0,0.0246913580246913,08019028_10_M,Barcelona Pl. Universitat,Urban/Traffic,Barcelona
e1_rr_08019028_10_M,08019028_10_M,sarima,4,p75,32.30636645962733,0.0666666666666666,0.6666666666666666,0.1212121212121212,0.0186335403726708,0.186335403726708,08019028_10_M,Barcelona Pl. Universitat,Urban/Traffic,Barcelona
e1_rr_08019028_10_M,08019028_10_M,sarima,4,p90,39.88341614906832,0.0,0.0,,0.0062111801242236,0.0683229813664596,08019028_10_M,Barcelona Pl. Universitat,Urban/Traffic,Barcelona
e1_rr_08019028_10_M,08019028_10_M,sarima,5,abs_50,50.0,0.0,,,0.0,0.024390243902439,08019028_10_M,Barcelona Pl. Universitat,Urban/Traffic,Barcelona
e1_rr_08019028_10_M,08019028_10_M,sarima,5,p75,32.29601226993865,0.0,0.0,,0.0184049079754601,0.1901840490797546,08019028_10_M,Barcelona Pl. Universitat,Urban/Traffic,Barcelona
e1_rr_08019028_10_M,08019028_10_M,sarima,5,p90,39.85533742331288,0.0,0.0,,0.0061349693251533,0.0797546012269938,08019028_10_M,Barcelona Pl. Universitat,Urban/Traffic,Barcelona
e1_rr_08019028_10_M,08019028_10_M,sarima,6,abs_50,50.0,0.0,,,0.0,0.0180722891566265,08019028_10_M,Barcelona Pl. Universitat,Urban/Traffic,Barcelona
e1_rr_08019028_10_M,08019028_10_M,sarima,6,p75,32.26060606060606,0.0,0.0,,0.006060606060606,0.2484848484848484,08019028_10_M,Barcelona Pl. Universitat,Urban/Traffic,Barcelona
e1_rr_08019028_10_M,08019028_10_M,sarima,6,p90,39.79860606060606,0.0,,,0.0,0.0727272727272727,08019028_10_M,Barcelona Pl. Universitat,Urban/Traffic,Barcelona
e1_rr_08019028_10_M,08019028_10_M,sarima,7,abs_50,50.0,0.0,,,0.0,0.036144578313253,08019028_10_M,Barcelona Pl. Universitat,Urban/Traffic,Barcelona
e1_rr_08019028_10_M,08019028_10_M,sarima,7,p75,32.25878787878788,0.09375,0.4285714285714285,0.1538461538461538,0.0424242424242424,0.1939393939393939,08019028_10_M,Barcelona Pl. Universitat,Urban/Traffic,Barcelona
e1_rr_08019028_10_M,08019028_10_M,sarima,7,p90,39.79787878787879,0.0,,,0.0,0.103030303030303,08019028_10_M,Barcelona Pl. Universitat,Urban/Traffic,Barcelona
e1_rr_08019028_10_M,08019028_10_M,seasonal_naive,1,abs_50,50.0,0.032258064516129,0.0344827586206896,0.0333333333333333,0.0201809324982602,0.0215727209464161,08019028_10_M,Barcelona Pl. Universitat,Urban/Traffic,Barcelona
e1_rr_08019028_10_M,08019028_10_M,seasonal_naive,1,p75,31.721555323590813,0.3120567375886525,0.3154121863799283,0.3137254901960784,0.1941544885177453,0.1962421711899791,08019028_10_M,Barcelona Pl. Universitat,Urban/Traffic,Barcelona
e1_rr_08019028_10_M,08019028_10_M,seasonal_naive,1,p90,39.136590118302024,0.1759259259259259,0.1792452830188679,0.1775700934579439,0.0737647877522616,0.0751565762004175,08019028_10_M,Barcelona Pl. Universitat,Urban/Traffic,Barcelona
e1_rr_08019028_10_M,08019028_10_M,seasonal_naive,2,abs_50,50.0,0.0333333333333333,0.0344827586206896,0.0338983050847457,0.020336605890603,0.0210378681626928,08019028_10_M,Barcelona Pl. Universitat,Urban/Traffic,Barcelona
e1_rr_08019028_10_M,08019028_10_M,seasonal_naive,2,p75,31.72314165497896,0.3060498220640569,0.3104693140794224,0.3082437275985663,0.1942496493688639,0.197054698457223,08019028_10_M,Barcelona Pl. Universitat,Urban/Traffic,Barcelona
e1_rr_08019028_10_M,08019028_10_M,seasonal_naive,2,p90,39.138548387096776,0.1886792452830188,0.1886792452830188,0.1886792452830188,0.0743338008415147,0.0743338008415147,08019028_10_M,Barcelona Pl. Universitat,Urban/Traffic,Barcelona
e1_rr_08019028_10_M,08019028_10_M,seasonal_naive,3,abs_50,50.0,0.0344827586206896,0.0357142857142857,0.0350877192982456,0.0197461212976022,0.0204513399153737,08019028_10_M,Barcelona Pl. Universitat,Urban/Traffic,Barcelona
e1_rr_08019028_10_M,08019028_10_M,seasonal_naive,3,p75,31.725599435825107,0.3118279569892473,0.3186813186813186,0.3152173913043478,0.192524682651622,0.196755994358251,08019028_10_M,Barcelona Pl. Universitat,Urban/Traffic,Barcelona
e1_rr_08019028_10_M,08019028_10_M,seasonal_naive,3,p90,39.14160789844852,0.1981132075471698,0.2019230769230769,0.1999999999999999,0.0733427362482369,0.0747531734837799,08019028_10_M,Barcelona Pl. Universitat,Urban/Traffic,Barcelona
e1_rr_08019028_10_M,08019028_10_M,seasonal_naive,4,abs_50,50.0,0.0333333333333333,0.037037037037037,0.0350877192982456,0.0191489361702127,0.0212765957446808,08019028_10_M,Barcelona Pl. Universitat,Urban/Traffic,Barcelona
e1_rr_08019028_10_M,08019028_10_M,seasonal_naive,4,p75,31.72822695035461,0.3131672597864768,0.3247232472324723,0.3188405797101449,0.1921985815602837,0.1992907801418439,08019028_10_M,Barcelona Pl. Universitat,Urban/Traffic,Barcelona
e1_rr_08019028_10_M,08019028_10_M,seasonal_naive,4,p90,39.14529787234043,0.2149532710280373,0.2211538461538461,0.2180094786729857,0.0737588652482269,0.075886524822695,08019028_10_M,Barcelona Pl. Universitat,Urban/Traffic,Barcelona
e1_rr_08019028_10_M,08019028_10_M,seasonal_naive,5,abs_50,50.0,0.0333333333333333,0.0357142857142857,0.0344827586206896,0.0199714693295292,0.021398002853067,08019028_10_M,Barcelona Pl. Universitat,Urban/Traffic,Barcelona
e1_rr_08019028_10_M,08019028_10_M,seasonal_naive,5,p75,31.730545649072752,0.3178571428571428,0.3284132841328413,0.323049001814882,0.1932952924393723,0.1997146932952924,08019028_10_M,Barcelona Pl. Universitat,Urban/Traffic,Barcelona
e1_rr_08019028_10_M,08019028_10_M,seasonal_naive,5,p90,39.14793152639088,0.2169811320754717,0.2169811320754717,0.2169811320754717,0.0756062767475035,0.0756062767475035,08019028_10_M,Barcelona Pl. Universitat,Urban/Traffic,Barcelona
e1_rr_08019028_10_M,08019028_10_M,seasonal_naive,6,abs_50,50.0,0.032258064516129,0.0344827586206896,0.0333333333333333,0.0207142857142857,0.0221428571428571,08019028_10_M,Barcelona Pl. Universitat,Urban/Traffic,Barcelona
e1_rr_08019028_10_M,08019028_10_M,seasonal_naive,6,p75,31.730107142857143,0.3202846975088968,0.3284671532846715,0.3243243243243243,0.1957142857142857,0.2007142857142857,08019028_10_M,Barcelona Pl. Universitat,Urban/Traffic,Barcelona
e1_rr_08019028_10_M,08019028_10_M,seasonal_naive,6,p90,39.146771428571434,0.2222222222222222,0.2242990654205607,0.2232558139534883,0.0764285714285714,0.0771428571428571,08019028_10_M,Barcelona Pl. Universitat,Urban/Traffic,Barcelona
e1_rr_08019028_10_M,08019028_10_M,seasonal_naive,7,abs_50,50.0,0.032258064516129,0.032258064516129,0.032258064516129,0.0222063037249283,0.0222063037249283,08019028_10_M,Barcelona Pl. Universitat,Urban/Traffic,Barcelona
e1_rr_08019028_10_M,08019028_10_M,seasonal_naive,7,p75,31.73090974212035,0.3250883392226148,0.3309352517985611,0.3279857397504456,0.1991404011461318,0.2027220630372493,08019028_10_M,Barcelona Pl. Universitat,Urban/Traffic,Barcelona
e1_rr_08019028_10_M,08019028_10_M,seasonal_naive,7,p90,39.14689828080229,0.2252252252252252,0.2272727272727272,0.2262443438914027,0.0787965616045845,0.079512893982808,08019028_10_M,Barcelona Pl. Universitat,Urban/Traffic,Barcelona
e1_rr_08019028_10_M,08019028_10_M,stl_ridge_direct,1,abs_50,50.0,0.8387096774193549,0.0394537177541729,0.0753623188405797,0.4585942936673625,0.0215727209464161,08019028_10_M,Barcelona Pl. Universitat,Urban/Traffic,Barcelona
e1_rr_08019028_10_M,08019028_10_M,stl_ridge_direct,1,p75,31.721555323590813,1.0,0.1997167138810198,0.332939787485242,0.9826026443980516,0.1962421711899791,08019028_10_M,Barcelona Pl. Universitat,Urban/Traffic,Barcelona
e1_rr_08019028_10_M,08019028_10_M,stl_ridge_direct,1,p90,39.136590118302024,0.9537037037037036,0.0818759936406995,0.150805270863836,0.8754349338900487,0.0751565762004175,08019028_10_M,Barcelona Pl. Universitat,Urban/Traffic,Barcelona
e1_rr_08019028_10_M,08019028_10_M,stl_ridge_direct,2,abs_50,50.0,0.7333333333333333,0.0326894502228826,0.0625889046941678,0.4719495091164095,0.0210378681626928,08019028_10_M,Barcelona Pl. Universitat,Urban/Traffic,Barcelona
e1_rr_08019028_10_M,08019028_10_M,stl_ridge_direct,2,p75,31.72314165497896,1.0,0.1991495393338058,0.3321513002364066,0.9894810659186536,0.197054698457223,08019028_10_M,Barcelona Pl. Universitat,Urban/Traffic,Barcelona
e1_rr_08019028_10_M,08019028_10_M,stl_ridge_direct,2,p90,39.138548387096776,0.9339622641509434,0.0774042220484753,0.1429602888086642,0.896914446002805,0.0743338008415147,08019028_10_M,Barcelona Pl. Universitat,Urban/Traffic,Barcelona
e1_rr_08019028_10_M,08019028_10_M,stl_ridge_direct,3,abs_50,50.0,0.6896551724137931,0.0294985250737463,0.0565770862800565,0.4781382228490832,0.0204513399153737,08019028_10_M,Barcelona Pl. Universitat,Urban/Traffic,Barcelona
e1_rr_08019028_10_M,08019028_10_M,stl_ridge_direct,3,p75,31.725599435825107,1.0,0.198576512455516,0.331353919239905,0.9908321579689704,0.196755994358251,08019028_10_M,Barcelona Pl. Universitat,Urban/Traffic,Barcelona
e1_rr_08019028_10_M,08019028_10_M,stl_ridge_direct,3,p90,39.14160789844852,0.9245283018867924,0.0755589822667694,0.1397006414825374,0.9146685472496474,0.0747531734837799,08019028_10_M,Barcelona Pl. Universitat,Urban/Traffic,Barcelona
e1_rr_08019028_10_M,08019028_10_M,stl_ridge_direct,4,abs_50,50.0,0.6666666666666666,0.0292397660818713,0.0560224089635854,0.4851063829787234,0.0212765957446808,08019028_10_M,Barcelona Pl. Universitat,Urban/Traffic,Barcelona
e1_rr_08019028_10_M,08019028_10_M,stl_ridge_direct,4,p75,31.72822695035461,1.0,0.2001424501424501,0.3335311572700297,0.9957446808510638,0.1992907801418439,08019028_10_M,Barcelona Pl. Universitat,Urban/Traffic,Barcelona
e1_rr_08019028_10_M,08019028_10_M,stl_ridge_direct,4,p90,39.14529787234043,0.9345794392523364,0.0761614623000761,0.1408450704225352,0.9312056737588652,0.075886524822695,08019028_10_M,Barcelona Pl. Universitat,Urban/Traffic,Barcelona
e1_rr_08019028_10_M,08019028_10_M,stl_ridge_direct,5,abs_50,50.0,0.6666666666666666,0.0289855072463768,0.0555555555555555,0.4921540656205421,0.021398002853067,08019028_10_M,Barcelona Pl. Universitat,Urban/Traffic,Barcelona
e1_rr_08019028_10_M,08019028_10_M,stl_ridge_direct,5,p75,31.730545649072752,1.0,0.2002861230329041,0.3337306317044101,0.9971469329529244,0.1997146932952924,08019028_10_M,Barcelona Pl. Universitat,Urban/Traffic,Barcelona
e1_rr_08019028_10_M,08019028_10_M,stl_ridge_direct,5,p90,39.14793152639088,0.9433962264150944,0.0761614623000761,0.1409443269908386,0.9365192582025678,0.0756062767475035,08019028_10_M,Barcelona Pl. Universitat,Urban/Traffic,Barcelona
e1_rr_08019028_10_M,08019028_10_M,stl_ridge_direct,6,abs_50,50.0,0.6774193548387096,0.0297450424929178,0.0569877883310719,0.5042857142857143,0.0221428571428571,08019028_10_M,Barcelona Pl. Universitat,Urban/Traffic,Barcelona
e1_rr_08019028_10_M,08019028_10_M,stl_ridge_direct,6,p75,31.730107142857143,1.0,0.2010014306151645,0.3347230494341869,0.9985714285714286,0.2007142857142857,08019028_10_M,Barcelona Pl. Universitat,Urban/Traffic,Barcelona
e1_rr_08019028_10_M,08019028_10_M,stl_ridge_direct,6,p90,39.146771428571434,0.9722222222222222,0.0788288288288288,0.1458333333333333,0.9514285714285714,0.0771428571428571,08019028_10_M,Barcelona Pl. Universitat,Urban/Traffic,Barcelona
e1_rr_08019028_10_M,08019028_10_M,stl_ridge_direct,7,abs_50,50.0,0.6451612903225806,0.0278551532033426,0.0534045393858478,0.5143266475644699,0.0222063037249283,08019028_10_M,Barcelona Pl. Universitat,Urban/Traffic,Barcelona
e1_rr_08019028_10_M,08019028_10_M,stl_ridge_direct,7,p75,31.73090974212035,1.0,0.2028673835125448,0.3373063170441001,0.9992836676217765,0.2027220630372493,08019028_10_M,Barcelona Pl. Universitat,Urban/Traffic,Barcelona
e1_rr_08019028_10_M,08019028_10_M,stl_ridge_direct,7,p90,39.14689828080229,0.972972972972973,0.08095952023988,0.1494809688581314,0.9555873925501432,0.079512893982808,08019028_10_M,Barcelona Pl. Universitat,Urban/Traffic,Barcelona
e1_rr_08019043_10_M,08019043_10_M,hgb_direct,1,abs_50,50.0,0.0909090909090909,0.5,0.1538461538461538,0.0017316017316017,0.0095238095238095,08019043_10_M,Barcelona L'Eixample,Urban/Traffic,Barcelona
e1_rr_08019043_10_M,08019043_10_M,hgb_direct,1,p75,29.735064935064933,0.4019138755980861,0.5490196078431373,0.4640883977900552,0.1324675324675324,0.1809523809523809,08019043_10_M,Barcelona L'Eixample,Urban/Traffic,Barcelona
e1_rr_08019043_10_M,08019043_10_M,hgb_direct,1,p90,36.69591341991342,0.2467532467532467,0.3877551020408163,0.3015873015873015,0.0424242424242424,0.0666666666666666,08019043_10_M,Barcelona L'Eixample,Urban/Traffic,Barcelona
e1_rr_08019043_10_M,08019043_10_M,hgb_direct,2,abs_50,50.0,0.0,,,0.0,0.009581881533101,08019043_10_M,Barcelona L'Eixample,Urban/Traffic,Barcelona
e1_rr_08019043_10_M,08019043_10_M,hgb_direct,2,p75,29.734647212543553,0.2403846153846154,0.4424778761061947,0.3115264797507788,0.0984320557491289,0.181184668989547,08019043_10_M,Barcelona L'Eixample,Urban/Traffic,Barcelona
e1_rr_08019043_10_M,08019043_10_M,hgb_direct,2,p90,36.69627177700349,0.0519480519480519,0.3076923076923077,0.0888888888888889,0.0113240418118466,0.0670731707317073,08019043_10_M,Barcelona L'Eixample,Urban/Traffic,Barcelona
e1_rr_08019043_10_M,08019043_10_M,hgb_direct,3,abs_50,50.0,0.0,,,0.0,0.0096575943810359,08019043_10_M,Barcelona L'Eixample,Urban/Traffic,Barcelona
e1_rr_08019043_10_M,08019043_10_M,hgb_direct,3,p75,29.730838454784895,0.1761904761904762,0.4021739130434782,0.2450331125827815,0.0807726075504828,0.1843722563652326,08019043_10_M,Barcelona L'Eixample,Urban/Traffic,Barcelona
e1_rr_08019043_10_M,08019043_10_M,hgb_direct,3,p90,36.69123792800703,0.0526315789473684,0.4444444444444444,0.0941176470588235,0.0079016681299385,0.0667251975417032,08019043_10_M,Barcelona L'Eixample,Urban/Traffic,Barcelona
e1_rr_08019043_10_M,08019043_10_M,hgb_direct,4,abs_50,50.0,0.0,,,0.0,0.0105820105820105,08019043_10_M,Barcelona L'Eixample,Urban/Traffic,Barcelona
e1_rr_08019043_10_M,08019043_10_M,hgb_direct,4,p75,29.729166666666668,0.1531100478468899,0.3595505617977528,0.2147651006711409,0.0784832451499118,0.1843033509700176,08019043_10_M,Barcelona L'Eixample,Urban/Traffic,Barcelona
e1_rr_08019043_10_M,08019043_10_M,hgb_direct,4,p90,36.68925925925926,0.0,0.0,,0.0061728395061728,0.0687830687830687,08019043_10_M,Barcelona L'Eixample,Urban/Traffic,Barcelona
e1_rr_08019043_10_M,08019043_10_M,hgb_direct,5,abs_50,50.0,0.0,,,0.0,0.0106477373558118,08019043_10_M,Barcelona L'Eixample,Urban/Traffic,Barcelona
e1_rr_08019043_10_M,08019043_10_M,hgb_direct,5,p75,29.72544365572316,0.1238095238095238,0.3466666666666667,0.1824561403508771,0.0665483584738243,0.186335403726708,08019043_10_M,Barcelona L'Eixample,Urban/Traffic,Barcelona
e1_rr_08019043_10_M,08019043_10_M,hgb_direct,5,p90,36.68464951197871,0.0,0.0,,0.0026619343389529,0.0683229813664596,08019043_10_M,Barcelona L'Eixample,Urban/Traffic,Barcelona
e1_rr_08019043_10_M,08019043_10_M,hgb_direct,6,abs_50,50.0,0.0,,,0.0,0.0097951914514692,08019043_10_M,Barcelona L'Eixample,Urban/Traffic,Barcelona
e1_rr_08019043_10_M,08019043_10_M,hgb_direct,6,p75,29.72611308993767,0.1291866028708134,0.2903225806451613,0.1788079470198675,0.082813891362422,0.1861086375779163,08019043_10_M,Barcelona L'Eixample,Urban/Traffic,Barcelona
e1_rr_08019043_10_M,08019043_10_M,hgb_direct,6,p90,36.68567230632236,0.0,0.0,,0.0017809439002671,0.0676758682101513,08019043_10_M,Barcelona L'Eixample,Urban/Traffic,Barcelona
e1_rr_08019043_10_M,08019043_10_M,hgb_direct,7,abs_50,50.0,0.0,,,0.0,0.0089445438282647,08019043_10_M,Barcelona L'Eixample,Urban/Traffic,Barcelona
e1_rr_08019043_10_M,08019043_10_M,hgb_direct,7,p75,29.725313059033983,0.1219512195121951,0.2525252525252525,0.1644736842105263,0.0885509838998211,0.1833631484794275,08019043_10_M,Barcelona L'Eixample,Urban/Traffic,Barcelona
e1_rr_08019043_10_M,08019043_10_M,hgb_direct,7,p90,36.684982110912344,0.0,0.0,,0.0026833631484794,0.0670840787119856,08019043_10_M,Barcelona L'Eixample,Urban/Traffic,Barcelona
e1_rr_08019043_10_M,08019043_10_M,persistence,1,abs_50,50.0,0.1818181818181818,0.1818181818181818,0.1818181818181818,0.0095238095238095,0.0095238095238095,08019043_10_M,Barcelona L'Eixample,Urban/Traffic,Barcelona
e1_rr_08019043_10_M,08019043_10_M,persistence,1,p75,29.735064935064933,0.5119617224880383,0.5194174757281553,0.5156626506024097,0.1783549783549783,0.1809523809523809,08019043_10_M,Barcelona L'Eixample,Urban/Traffic,Barcelona
e1_rr_08019043_10_M,08019043_10_M,persistence,1,p90,36.69591341991342,0.3636363636363636,0.3684210526315789,0.3660130718954248,0.0658008658008658,0.0666666666666666,08019043_10_M,Barcelona L'Eixample,Urban/Traffic,Barcelona
e1_rr_08019043_10_M,08019043_10_M,persistence,2,abs_50,50.0,0.0,0.0,,0.009581881533101,0.009581881533101,08019043_10_M,Barcelona L'Eixample,Urban/Traffic,Barcelona
e1_rr_08019043_10_M,08019043_10_M,persistence,2,p75,29.734647212543553,0.3846153846153846,0.396039603960396,0.3902439024390244,0.1759581881533101,0.181184668989547,08019043_10_M,Barcelona L'Eixample,Urban/Traffic,Barcelona
e1_rr_08019043_10_M,08019043_10_M,persistence,2,p90,36.69627177700349,0.2337662337662337,0.2465753424657534,0.24,0.063588850174216,0.0670731707317073,08019043_10_M,Barcelona L'Eixample,Urban/Traffic,Barcelona
e1_rr_08019043_10_M,08019043_10_M,persistence,3,abs_50,50.0,0.0909090909090909,0.0909090909090909,0.0909090909090909,0.0096575943810359,0.0096575943810359,08019043_10_M,Barcelona L'Eixample,Urban/Traffic,Barcelona
e1_rr_08019043_10_M,08019043_10_M,persistence,3,p75,29.730838454784895,0.3571428571428571,0.3712871287128713,0.3640776699029126,0.1773485513608428,0.1843722563652326,08019043_10_M,Barcelona L'Eixample,Urban/Traffic,Barcelona
e1_rr_08019043_10_M,08019043_10_M,persistence,3,p90,36.69123792800703,0.1710526315789473,0.1780821917808219,0.1744966442953019,0.064091308165057,0.0667251975417032,08019043_10_M,Barcelona L'Eixample,Urban/Traffic,Barcelona
e1_rr_08019043_10_M,08019043_10_M,persistence,4,abs_50,50.0,0.0,0.0,,0.009700176366843,0.0105820105820105,08019043_10_M,Barcelona L'Eixample,Urban/Traffic,Barcelona
e1_rr_08019043_10_M,08019043_10_M,persistence,4,p75,29.729166666666668,0.3253588516746411,0.3333333333333333,0.3292978208232445,0.1798941798941798,0.1843033509700176,08019043_10_M,Barcelona L'Eixample,Urban/Traffic,Barcelona
e1_rr_08019043_10_M,08019043_10_M,persistence,4,p90,36.68925925925926,0.1025641025641025,0.1111111111111111,0.1066666666666666,0.0634920634920634,0.0687830687830687,08019043_10_M,Barcelona L'Eixample,Urban/Traffic,Barcelona
e1_rr_08019043_10_M,08019043_10_M,persistence,5,abs_50,50.0,0.0,0.0,,0.0097604259094942,0.0106477373558118,08019043_10_M,Barcelona L'Eixample,Urban/Traffic,Barcelona
e1_rr_08019043_10_M,08019043_10_M,persistence,5,p75,29.72544365572316,0.2714285714285714,0.2821782178217821,0.2766990291262136,0.1792369121561668,0.186335403726708,08019043_10_M,Barcelona L'Eixample,Urban/Traffic,Barcelona
e1_rr_08019043_10_M,08019043_10_M,persistence,5,p90,36.68464951197871,0.1038961038961039,0.1081081081081081,0.1059602649006622,0.0656610470275066,0.0683229813664596,08019043_10_M,Barcelona L'Eixample,Urban/Traffic,Barcelona
e1_rr_08019043_10_M,08019043_10_M,persistence,6,abs_50,50.0,0.0,0.0,,0.0089047195013357,0.0097951914514692,08019043_10_M,Barcelona L'Eixample,Urban/Traffic,Barcelona
e1_rr_08019043_10_M,08019043_10_M,persistence,6,p75,29.72611308993767,0.2488038277511961,0.2639593908629442,0.2561576354679803,0.1754229741763134,0.1861086375779163,08019043_10_M,Barcelona L'Eixample,Urban/Traffic,Barcelona
e1_rr_08019043_10_M,08019043_10_M,persistence,6,p90,36.68567230632236,0.0789473684210526,0.0833333333333333,0.081081081081081,0.064113980409617,0.0676758682101513,08019043_10_M,Barcelona L'Eixample,Urban/Traffic,Barcelona
e1_rr_08019043_10_M,08019043_10_M,persistence,7,abs_50,50.0,0.0,0.0,,0.0071556350626118,0.0089445438282647,08019043_10_M,Barcelona L'Eixample,Urban/Traffic,Barcelona
e1_rr_08019043_10_M,08019043_10_M,persistence,7,p75,29.725313059033983,0.2731707317073171,0.2857142857142857,0.2793017456359102,0.1753130590339892,0.1833631484794275,08019043_10_M,Barcelona L'Eixample,Urban/Traffic,Barcelona
e1_rr_08019043_10_M,08019043_10_M,persistence,7,p90,36.684982110912344,0.1066666666666666,0.1142857142857142,0.1103448275862069,0.0626118067978533,0.0670840787119856,08019043_10_M,Barcelona L'Eixample,Urban/Traffic,Barcelona
e1_rr_08019043_10_M,08019043_10_M,ridge_direct,1,abs_50,50.0,0.1818181818181818,0.2222222222222222,0.1999999999999999,0.0077922077922077,0.0095238095238095,08019043_10_M,Barcelona L'Eixample,Urban/Traffic,Barcelona
e1_rr_08019043_10_M,08019043_10_M,ridge_direct,1,p75,29.735064935064933,0.430622009569378,0.5521472392638037,0.4838709677419355,0.1411255411255411,0.1809523809523809,08019043_10_M,Barcelona L'Eixample,Urban/Traffic,Barcelona
e1_rr_08019043_10_M,08019043_10_M,ridge_direct,1,p90,36.69591341991342,0.1298701298701298,0.2857142857142857,0.1785714285714285,0.0303030303030303,0.0666666666666666,08019043_10_M,Barcelona L'Eixample,Urban/Traffic,Barcelona
e1_rr_08019043_10_M,08019043_10_M,ridge_direct,2,abs_50,50.0,0.0,0.0,,0.0008710801393728,0.009581881533101,08019043_10_M,Barcelona L'Eixample,Urban/Traffic,Barcelona
e1_rr_08019043_10_M,08019043_10_M,ridge_direct,2,p75,29.734647212543553,0.1826923076923076,0.4578313253012048,0.2611683848797251,0.0722996515679442,0.181184668989547,08019043_10_M,Barcelona L'Eixample,Urban/Traffic,Barcelona
e1_rr_08019043_10_M,08019043_10_M,ridge_direct,2,p90,36.69627177700349,0.0,0.0,,0.0078397212543554,0.0670731707317073,08019043_10_M,Barcelona L'Eixample,Urban/Traffic,Barcelona
e1_rr_08019043_10_M,08019043_10_M,ridge_direct,3,abs_50,50.0,0.0,,,0.0,0.0096575943810359,08019043_10_M,Barcelona L'Eixample,Urban/Traffic,Barcelona
e1_rr_08019043_10_M,08019043_10_M,ridge_direct,3,p75,29.730838454784895,0.1285714285714285,0.4426229508196721,0.1992619926199261,0.0535557506584723,0.1843722563652326,08019043_10_M,Barcelona L'Eixample,Urban/Traffic,Barcelona
e1_rr_08019043_10_M,08019043_10_M,ridge_direct,3,p90,36.69123792800703,0.0131578947368421,0.2,0.0246913580246913,0.0043898156277436,0.0667251975417032,08019043_10_M,Barcelona L'Eixample,Urban/Traffic,Barcelona
e1_rr_08019043_10_M,08019043_10_M,ridge_direct,4,abs_50,50.0,0.0,,,0.0,0.0105820105820105,08019043_10_M,Barcelona L'Eixample,Urban/Traffic,Barcelona
e1_rr_08019043_10_M,08019043_10_M,ridge_direct,4,p75,29.729166666666668,0.0813397129186602,0.4047619047619047,0.1354581673306772,0.037037037037037,0.1843033509700176,08019043_10_M,Barcelona L'Eixample,Urban/Traffic,Barcelona
e1_rr_08019043_10_M,08019043_10_M,ridge_direct,4,p90,36.68925925925926,0.0,0.0,,0.0008818342151675,0.0687830687830687,08019043_10_M,Barcelona L'Eixample,Urban/Traffic,Barcelona
e1_rr_08019043_10_M,08019043_10_M,ridge_direct,5,abs_50,50.0,0.0,,,0.0,0.0106477373558118,08019043_10_M,Barcelona L'Eixample,Urban/Traffic,Barcelona
e1_rr_08019043_10_M,08019043_10_M,ridge_direct,5,p75,29.72544365572316,0.0666666666666666,0.3333333333333333,0.1111111111111111,0.0372670807453416,0.186335403726708,08019043_10_M,Barcelona L'Eixample,Urban/Traffic,Barcelona
e1_rr_08019043_10_M,08019043_10_M,ridge_direct,5,p90,36.68464951197871,0.0,,,0.0,0.0683229813664596,08019043_10_M,Barcelona L'Eixample,Urban/Traffic,Barcelona
e1_rr_08019043_10_M,08019043_10_M,ridge_direct,6,abs_50,50.0,0.0,,,0.0,0.0097951914514692,08019043_10_M,Barcelona L'Eixample,Urban/Traffic,Barcelona
e1_rr_08019043_10_M,08019043_10_M,ridge_direct,6,p75,29.72611308993767,0.062200956937799,0.3513513513513513,0.1056910569105691,0.0329474621549421,0.1861086375779163,08019043_10_M,Barcelona L'Eixample,Urban/Traffic,Barcelona
e1_rr_08019043_10_M,08019043_10_M,ridge_direct,6,p90,36.68567230632236,0.0,,,0.0,0.0676758682101513,08019043_10_M,Barcelona L'Eixample,Urban/Traffic,Barcelona
e1_rr_08019043_10_M,08019043_10_M,ridge_direct,7,abs_50,50.0,0.0,,,0.0,0.0089445438282647,08019043_10_M,Barcelona L'Eixample,Urban/Traffic,Barcelona
e1_rr_08019043_10_M,08019043_10_M,ridge_direct,7,p75,29.725313059033983,0.0536585365853658,0.3235294117647059,0.0920502092050209,0.0304114490161001,0.1833631484794275,08019043_10_M,Barcelona L'Eixample,Urban/Traffic,Barcelona
e1_rr_08019043_10_M,08019043_10_M,ridge_direct,7,p90,36.684982110912344,0.0,,,0.0,0.0670840787119856,08019043_10_M,Barcelona L'Eixample,Urban/Traffic,Barcelona
e1_rr_08019043_10_M,08019043_10_M,sarima,1,abs_50,50.0,0.3333333333333333,1.0,0.5,0.0139860139860139,0.0419580419580419,08019043_10_M,Barcelona L'Eixample,Urban/Traffic,Barcelona
e1_rr_08019043_10_M,08019043_10_M,sarima,1,p75,29.913556338028165,0.5882352941176471,0.6060606060606061,0.5970149253731343,0.2323943661971831,0.2394366197183098,08019043_10_M,Barcelona L'Eixample,Urban/Traffic,Barcelona
e1_rr_08019043_10_M,08019043_10_M,sarima,1,p90,36.767394366197195,0.45,0.9,0.6,0.0704225352112676,0.1408450704225352,08019043_10_M,Barcelona L'Eixample,Urban/Traffic,Barcelona
e1_rr_08019043_10_M,08019043_10_M,sarima,2,abs_50,50.0,0.0,,,0.0,0.0138888888888888,08019043_10_M,Barcelona L'Eixample,Urban/Traffic,Barcelona
e1_rr_08019043_10_M,08019043_10_M,sarima,2,p75,29.932342657342662,0.32,0.7272727272727273,0.4444444444444444,0.0769230769230769,0.1748251748251748,08019043_10_M,Barcelona L'Eixample,Urban/Traffic,Barcelona
e1_rr_08019043_10_M,08019043_10_M,sarima,2,p90,36.796923076923086,0.0833333333333333,0.3333333333333333,0.1333333333333333,0.0209790209790209,0.0839160839160839,08019043_10_M,Barcelona L'Eixample,Urban/Traffic,Barcelona
e1_rr_08019043_10_M,08019043_10_M,sarima,3,abs_50,50.0,0.0,,,0.0,0.0141843971631205,08019043_10_M,Barcelona L'Eixample,Urban/Traffic,Barcelona
e1_rr_08019043_10_M,08019043_10_M,sarima,3,p75,29.904821428571424,0.0476190476190476,0.3333333333333333,0.0833333333333333,0.0214285714285714,0.15,08019043_10_M,Barcelona L'Eixample,Urban/Traffic,Barcelona
e1_rr_08019043_10_M,08019043_10_M,sarima,3,p90,36.76507142857143,0.0,,,0.0,0.0428571428571428,08019043_10_M,Barcelona L'Eixample,Urban/Traffic,Barcelona
e1_rr_08019043_10_M,08019043_10_M,sarima,4,abs_50,50.0,0.0,,,0.0,0.0070921985815602,08019043_10_M,Barcelona L'Eixample,Urban/Traffic,Barcelona
e1_rr_08019043_10_M,08019043_10_M,sarima,4,p75,29.936607142857135,0.0,,,0.0,0.1714285714285714,08019043_10_M,Barcelona L'Eixample,Urban/Traffic,Barcelona
e1_rr_08019043_10_M,08019043_10_M,sarima,4,p90,36.81157142857143,0.0,,,0.0,0.0785714285714285,08019043_10_M,Barcelona L'Eixample,Urban/Traffic,Barcelona
e1_rr_08019043_10_M,08019043_10_M,sarima,5,abs_50,50.0,0.0,,,0.0,0.0139860139860139,08019043_10_M,Barcelona L'Eixample,Urban/Traffic,Barcelona
e1_rr_08019043_10_M,08019043_10_M,sarima,5,p75,29.899823943661968,0.0384615384615384,1.0,0.074074074074074,0.0070422535211267,0.1830985915492957,08019043_10_M,Barcelona L'Eixample,Urban/Traffic,Barcelona
e1_rr_08019043_10_M,08019043_10_M,sarima,5,p90,36.75690140845071,0.0,,,0.0,0.0985915492957746,08019043_10_M,Barcelona L'Eixample,Urban/Traffic,Barcelona
e1_rr_08019043_10_M,08019043_10_M,sarima,6,abs_50,50.0,0.0,,,0.0,0.0209790209790209,08019043_10_M,Barcelona L'Eixample,Urban/Traffic,Barcelona
e1_rr_08019043_10_M,08019043_10_M,sarima,6,p75,29.91760563380281,0.0294117647058823,0.3333333333333333,0.054054054054054,0.0211267605633802,0.2394366197183098,08019043_10_M,Barcelona L'Eixample,Urban/Traffic,Barcelona
e1_rr_08019043_10_M,08019043_10_M,sarima,6,p90,36.78338028169014,0.0,,,0.0,0.0845070422535211,08019043_10_M,Barcelona L'Eixample,Urban/Traffic,Barcelona
e1_rr_08019043_10_M,08019043_10_M,sarima,7,abs_50,50.0,0.0,,,0.0,0.0070422535211267,08019043_10_M,Barcelona L'Eixample,Urban/Traffic,Barcelona
e1_rr_08019043_10_M,08019043_10_M,sarima,7,p75,29.944503546099284,0.0277777777777777,0.5,0.0526315789473684,0.0141843971631205,0.2553191489361702,08019043_10_M,Barcelona L'Eixample,Urban/Traffic,Barcelona
e1_rr_08019043_10_M,08019043_10_M,sarima,7,p90,36.81900709219859,0.0,,,0.0,0.0709219858156028,08019043_10_M,Barcelona L'Eixample,Urban/Traffic,Barcelona
e1_rr_08019043_10_M,08019043_10_M,seasonal_naive,1,abs_50,50.0,0.0,0.0,,0.0077922077922077,0.0095238095238095,08019043_10_M,Barcelona L'Eixample,Urban/Traffic,Barcelona
e1_rr_08019043_10_M,08019043_10_M,seasonal_naive,1,p75,29.735064935064933,0.2248803827751196,0.2685714285714285,0.2447916666666666,0.1515151515151515,0.1809523809523809,08019043_10_M,Barcelona L'Eixample,Urban/Traffic,Barcelona
e1_rr_08019043_10_M,08019043_10_M,seasonal_naive,1,p90,36.69591341991342,0.0779220779220779,0.1,0.0875912408759124,0.0519480519480519,0.0666666666666666,08019043_10_M,Barcelona L'Eixample,Urban/Traffic,Barcelona
e1_rr_08019043_10_M,08019043_10_M,seasonal_naive,2,abs_50,50.0,0.0,0.0,,0.0078397212543554,0.009581881533101,08019043_10_M,Barcelona L'Eixample,Urban/Traffic,Barcelona
e1_rr_08019043_10_M,08019043_10_M,seasonal_naive,2,p75,29.734647212543553,0.2403846153846154,0.2808988764044944,0.2590673575129534,0.1550522648083623,0.181184668989547,08019043_10_M,Barcelona L'Eixample,Urban/Traffic,Barcelona
e1_rr_08019043_10_M,08019043_10_M,seasonal_naive,2,p90,36.69627177700349,0.0909090909090909,0.1147540983606557,0.1014492753623188,0.0531358885017421,0.0670731707317073,08019043_10_M,Barcelona L'Eixample,Urban/Traffic,Barcelona
e1_rr_08019043_10_M,08019043_10_M,seasonal_naive,3,abs_50,50.0,0.0,0.0,,0.0079016681299385,0.0096575943810359,08019043_10_M,Barcelona L'Eixample,Urban/Traffic,Barcelona
e1_rr_08019043_10_M,08019043_10_M,seasonal_naive,3,p75,29.730838454784895,0.2428571428571428,0.2833333333333333,0.2615384615384615,0.1580333625987708,0.1843722563652326,08019043_10_M,Barcelona L'Eixample,Urban/Traffic,Barcelona
e1_rr_08019043_10_M,08019043_10_M,seasonal_naive,3,p90,36.69123792800703,0.0921052631578947,0.1129032258064516,0.1014492753623188,0.054433713784021,0.0667251975417032,08019043_10_M,Barcelona L'Eixample,Urban/Traffic,Barcelona
e1_rr_08019043_10_M,08019043_10_M,seasonal_naive,4,abs_50,50.0,0.0,0.0,,0.0070546737213403,0.0105820105820105,08019043_10_M,Barcelona L'Eixample,Urban/Traffic,Barcelona
e1_rr_08019043_10_M,08019043_10_M,seasonal_naive,4,p75,29.729166666666668,0.2488038277511961,0.287292817679558,0.2666666666666666,0.1596119929453262,0.1843033509700176,08019043_10_M,Barcelona L'Eixample,Urban/Traffic,Barcelona
e1_rr_08019043_10_M,08019043_10_M,seasonal_naive,4,p90,36.68925925925926,0.1025641025641025,0.1269841269841269,0.1134751773049645,0.0555555555555555,0.0687830687830687,08019043_10_M,Barcelona L'Eixample,Urban/Traffic,Barcelona
e1_rr_08019043_10_M,08019043_10_M,seasonal_naive,5,abs_50,50.0,0.0,0.0,,0.0070984915705412,0.0106477373558118,08019043_10_M,Barcelona L'Eixample,Urban/Traffic,Barcelona
e1_rr_08019043_10_M,08019043_10_M,seasonal_naive,5,p75,29.72544365572316,0.2619047619047619,0.3005464480874317,0.2798982188295165,0.1623779946761313,0.186335403726708,08019043_10_M,Barcelona L'Eixample,Urban/Traffic,Barcelona
e1_rr_08019043_10_M,08019043_10_M,seasonal_naive,5,p90,36.68464951197871,0.1038961038961039,0.125,0.1134751773049645,0.05678793256433,0.0683229813664596,08019043_10_M,Barcelona L'Eixample,Urban/Traffic,Barcelona
e1_rr_08019043_10_M,08019043_10_M,seasonal_naive,6,abs_50,50.0,0.0,0.0,,0.0071237756010685,0.0097951914514692,08019043_10_M,Barcelona L'Eixample,Urban/Traffic,Barcelona
e1_rr_08019043_10_M,08019043_10_M,seasonal_naive,6,p75,29.72611308993767,0.2679425837320574,0.2978723404255319,0.2821158690176322,0.1674087266251113,0.1861086375779163,08019043_10_M,Barcelona L'Eixample,Urban/Traffic,Barcelona
e1_rr_08019043_10_M,08019043_10_M,seasonal_naive,6,p90,36.68567230632236,0.1052631578947368,0.1176470588235294,0.1111111111111111,0.0605520926090828,0.0676758682101513,08019043_10_M,Barcelona L'Eixample,Urban/Traffic,Barcelona
e1_rr_08019043_10_M,08019043_10_M,seasonal_naive,7,abs_50,50.0,0.0,0.0,,0.0071556350626118,0.0089445438282647,08019043_10_M,Barcelona L'Eixample,Urban/Traffic,Barcelona
e1_rr_08019043_10_M,08019043_10_M,seasonal_naive,7,p75,29.725313059033983,0.2731707317073171,0.2857142857142857,0.2793017456359102,0.1753130590339892,0.1833631484794275,08019043_10_M,Barcelona L'Eixample,Urban/Traffic,Barcelona
e1_rr_08019043_10_M,08019043_10_M,seasonal_naive,7,p90,36.684982110912344,0.1066666666666666,0.1142857142857142,0.1103448275862069,0.0626118067978533,0.0670840787119856,08019043_10_M,Barcelona L'Eixample,Urban/Traffic,Barcelona
e1_rr_08019043_10_M,08019043_10_M,stl_ridge_direct,1,abs_50,50.0,0.5454545454545454,0.0143198090692124,0.027906976744186,0.3627705627705627,0.0095238095238095,08019043_10_M,Barcelona L'Eixample,Urban/Traffic,Barcelona
e1_rr_08019043_10_M,08019043_10_M,stl_ridge_direct,1,p75,29.735064935064933,0.9952153110047848,0.184070796460177,0.3106796116504854,0.9783549783549784,0.1809523809523809,08019043_10_M,Barcelona L'Eixample,Urban/Traffic,Barcelona
e1_rr_08019043_10_M,08019043_10_M,stl_ridge_direct,1,p90,36.69591341991342,0.935064935064935,0.0713577799801783,0.1325966850828729,0.8735930735930736,0.0666666666666666,08019043_10_M,Barcelona L'Eixample,Urban/Traffic,Barcelona
e1_rr_08019043_10_M,08019043_10_M,stl_ridge_direct,2,abs_50,50.0,0.4545454545454545,0.011574074074074,0.0225733634311512,0.3763066202090592,0.009581881533101,08019043_10_M,Barcelona L'Eixample,Urban/Traffic,Barcelona
e1_rr_08019043_10_M,08019043_10_M,stl_ridge_direct,2,p75,29.734647212543553,0.9951923076923076,0.1828621908127208,0.308955223880597,0.9860627177700348,0.181184668989547,08019043_10_M,Barcelona L'Eixample,Urban/Traffic,Barcelona
e1_rr_08019043_10_M,08019043_10_M,stl_ridge_direct,2,p90,36.69627177700349,0.922077922077922,0.0685328185328185,0.1275831087151842,0.902439024390244,0.0670731707317073,08019043_10_M,Barcelona L'Eixample,Urban/Traffic,Barcelona
e1_rr_08019043_10_M,08019043_10_M,stl_ridge_direct,3,abs_50,50.0,0.3636363636363636,0.009367681498829,0.0182648401826484,0.3748902546093064,0.0096575943810359,08019043_10_M,Barcelona L'Eixample,Urban/Traffic,Barcelona
e1_rr_08019043_10_M,08019043_10_M,stl_ridge_direct,3,p75,29.730838454784895,1.0,0.1858407079646017,0.3134328358208955,0.9920983318700616,0.1843722563652326,08019043_10_M,Barcelona L'Eixample,Urban/Traffic,Barcelona
e1_rr_08019043_10_M,08019043_10_M,stl_ridge_direct,3,p90,36.69123792800703,0.8947368421052632,0.0651965484180249,0.1215370866845397,0.9157155399473222,0.0667251975417032,08019043_10_M,Barcelona L'Eixample,Urban/Traffic,Barcelona
e1_rr_08019043_10_M,08019043_10_M,stl_ridge_direct,4,abs_50,50.0,0.4166666666666667,0.011574074074074,0.0225225225225225,0.3809523809523809,0.0105820105820105,08019043_10_M,Barcelona L'Eixample,Urban/Traffic,Barcelona
e1_rr_08019043_10_M,08019043_10_M,stl_ridge_direct,4,p75,29.729166666666668,1.0,0.1851195748449955,0.312406576980568,0.9955908289241624,0.1843033509700176,08019043_10_M,Barcelona L'Eixample,Urban/Traffic,Barcelona
e1_rr_08019043_10_M,08019043_10_M,stl_ridge_direct,4,p90,36.68925925925926,0.9102564102564102,0.0680728667305848,0.1266726137377341,0.9197530864197532,0.0687830687830687,08019043_10_M,Barcelona L'Eixample,Urban/Traffic,Barcelona
e1_rr_08019043_10_M,08019043_10_M,stl_ridge_direct,5,abs_50,50.0,0.4166666666666667,0.011574074074074,0.0225225225225225,0.383318544809228,0.0106477373558118,08019043_10_M,Barcelona L'Eixample,Urban/Traffic,Barcelona
e1_rr_08019043_10_M,08019043_10_M,stl_ridge_direct,5,p75,29.72544365572316,1.0,0.1865008880994671,0.3143712574850299,0.9991126885536824,0.186335403726708,08019043_10_M,Barcelona L'Eixample,Urban/Traffic,Barcelona
e1_rr_08019043_10_M,08019043_10_M,stl_ridge_direct,5,p90,36.68464951197871,0.922077922077922,0.067426400759734,0.1256637168141593,0.9343389529724934,0.0683229813664596,08019043_10_M,Barcelona L'Eixample,Urban/Traffic,Barcelona
e1_rr_08019043_10_M,08019043_10_M,stl_ridge_direct,6,abs_50,50.0,0.4545454545454545,0.0115207373271889,0.0224719101123595,0.3864648263579697,0.0097951914514692,08019043_10_M,Barcelona L'Eixample,Urban/Traffic,Barcelona
e1_rr_08019043_10_M,08019043_10_M,stl_ridge_direct,6,p75,29.72611308993767,1.0,0.1861086375779163,0.3138138138138138,1.0,0.1861086375779163,08019043_10_M,Barcelona L'Eixample,Urban/Traffic,Barcelona
e1_rr_08019043_10_M,08019043_10_M,stl_ridge_direct,6,p90,36.68567230632236,0.9473684210526316,0.0676056338028169,0.1262050832602979,0.9483526268922527,0.0676758682101513,08019043_10_M,Barcelona L'Eixample,Urban/Traffic,Barcelona
e1_rr_08019043_10_M,08019043_10_M,stl_ridge_direct,7,abs_50,50.0,0.5,0.0113122171945701,0.0221238938053097,0.3953488372093023,0.0089445438282647,08019043_10_M,Barcelona L'Eixample,Urban/Traffic,Barcelona
e1_rr_08019043_10_M,08019043_10_M,stl_ridge_direct,7,p75,29.725313059033983,1.0,0.1833631484794275,0.309901738473167,1.0,0.1833631484794275,08019043_10_M,Barcelona L'Eixample,Urban/Traffic,Barcelona
e1_rr_08019043_10_M,08019043_10_M,stl_ridge_direct,7,p90,36.684982110912344,0.96,0.0678605089538171,0.1267605633802817,0.9490161001788908,0.0670840787119856,08019043_10_M,Barcelona L'Eixample,Urban/Traffic,Barcelona
e1_rr_08019045_10_M,08019045_10_M,hgb_direct,1,abs_50,50.0,0.0,,,0.0,0.0094212651413189,08019045_10_M,Barcelona Zona Universitaria,Urban/Background,Barcelona
e1_rr_08019045_10_M,08019045_10_M,hgb_direct,1,p75,25.1389468371467,0.5029239766081871,0.6539923954372624,0.5685950413223141,0.1769851951547779,0.2301480484522207,08019045_10_M,Barcelona Zona Universitaria,Urban/Background,Barcelona
e1_rr_08019045_10_M,08019045_10_M,hgb_direct,1,p90,31.98654104979812,0.362962962962963,0.5975609756097561,0.4516129032258064,0.0551816958277254,0.0908479138627187,08019045_10_M,Barcelona Zona Universitaria,Urban/Background,Barcelona
e1_rr_08019045_10_M,08019045_10_M,hgb_direct,2,abs_50,50.0,0.0,,,0.0,0.0094850948509485,08019045_10_M,Barcelona Zona Universitaria,Urban/Background,Barcelona
e1_rr_08019045_10_M,08019045_10_M,hgb_direct,2,p75,25.13753387533875,0.3147058823529411,0.5431472081218274,0.398510242085661,0.1334688346883469,0.2303523035230352,08019045_10_M,Barcelona Zona Universitaria,Urban/Background,Barcelona
e1_rr_08019045_10_M,08019045_10_M,hgb_direct,2,p90,31.98552845528456,0.1167883211678832,0.3636363636363636,0.1767955801104972,0.029810298102981,0.0928184281842818,08019045_10_M,Barcelona Zona Universitaria,Urban/Background,Barcelona
e1_rr_08019045_10_M,08019045_10_M,hgb_direct,3,abs_50,50.0,0.0,,,0.0,0.0095432856169052,08019045_10_M,Barcelona Zona Universitaria,Urban/Background,Barcelona
e1_rr_08019045_10_M,08019045_10_M,hgb_direct,3,p75,25.136656441717797,0.1887905604719764,0.4444444444444444,0.2650103519668737,0.0981595092024539,0.2310838445807771,08019045_10_M,Barcelona Zona Universitaria,Urban/Background,Barcelona
e1_rr_08019045_10_M,08019045_10_M,hgb_direct,3,p90,31.984669393319702,0.0857142857142857,0.4615384615384615,0.144578313253012,0.0177232447171097,0.0954328561690524,08019045_10_M,Barcelona Zona Universitaria,Urban/Background,Barcelona
e1_rr_08019045_10_M,08019045_10_M,hgb_direct,4,abs_50,50.0,0.0,,,0.0,0.0095956134338588,08019045_10_M,Barcelona Zona Universitaria,Urban/Background,Barcelona
e1_rr_08019045_10_M,08019045_10_M,hgb_direct,4,p75,25.135212474297465,0.1398809523809523,0.3790322580645161,0.2043478260869565,0.0849897189856065,0.2302947224126113,08019045_10_M,Barcelona Zona Universitaria,Urban/Background,Barcelona
e1_rr_08019045_10_M,08019045_10_M,hgb_direct,4,p90,31.982988348183692,0.0354609929078014,0.5,0.0662251655629139,0.0068540095956134,0.0966415352981494,08019045_10_M,Barcelona Zona Universitaria,Urban/Background,Barcelona
e1_rr_08019045_10_M,08019045_10_M,hgb_direct,5,abs_50,50.0,0.0,,,0.0,0.0096286107290233,08019045_10_M,Barcelona Zona Universitaria,Urban/Background,Barcelona
e1_rr_08019045_10_M,08019045_10_M,hgb_direct,5,p75,25.134267537826684,0.1411764705882353,0.384,0.2064516129032257,0.0859697386519945,0.233837689133425,08019045_10_M,Barcelona Zona Universitaria,Urban/Background,Barcelona
e1_rr_08019045_10_M,08019045_10_M,hgb_direct,5,p90,31.98190508940853,0.0,0.0,,0.0027510316368638,0.0976616231086657,08019045_10_M,Barcelona Zona Universitaria,Urban/Background,Barcelona
e1_rr_08019045_10_M,08019045_10_M,hgb_direct,6,abs_50,50.0,0.0,,,0.0,0.0103376981392143,08019045_10_M,Barcelona Zona Universitaria,Urban/Background,Barcelona
e1_rr_08019045_10_M,08019045_10_M,hgb_direct,6,p75,25.13340799448656,0.1166180758017492,0.3174603174603174,0.1705756929637526,0.0868366643694004,0.2363886974500344,08019045_10_M,Barcelona Zona Universitaria,Urban/Background,Barcelona
e1_rr_08019045_10_M,08019045_10_M,hgb_direct,6,p90,31.980572019297036,0.0,,,0.0,0.0992419021364576,08019045_10_M,Barcelona Zona Universitaria,Urban/Background,Barcelona
e1_rr_08019045_10_M,08019045_10_M,hgb_direct,7,abs_50,50.0,0.0,,,0.0,0.0103662750518313,08019045_10_M,Barcelona Zona Universitaria,Urban/Background,Barcelona
e1_rr_08019045_10_M,08019045_10_M,hgb_direct,7,p75,25.13336212854181,0.0823529411764705,0.2393162393162393,0.1225382932166301,0.0808569454042847,0.2349689011748445,08019045_10_M,Barcelona Zona Universitaria,Urban/Background,Barcelona
e1_rr_08019045_10_M,08019045_10_M,hgb_direct,7,p90,31.979841050449213,0.0,,,0.0,0.0995162404975812,08019045_10_M,Barcelona Zona Universitaria,Urban/Background,Barcelona
e1_rr_08019045_10_M,08019045_10_M,persistence,1,abs_50,50.0,0.2142857142857142,0.2142857142857142,0.2142857142857142,0.0094212651413189,0.0094212651413189,08019045_10_M,Barcelona Zona Universitaria,Urban/Background,Barcelona
e1_rr_08019045_10_M,08019045_10_M,persistence,1,p75,25.1389468371467,0.5964912280701754,0.6017699115044248,0.5991189427312775,0.228129205921938,0.2301480484522207,08019045_10_M,Barcelona Zona Universitaria,Urban/Background,Barcelona
e1_rr_08019045_10_M,08019045_10_M,persistence,1,p90,31.98654104979812,0.5037037037037037,0.5151515151515151,0.5093632958801498,0.088829071332436,0.0908479138627187,08019045_10_M,Barcelona Zona Universitaria,Urban/Background,Barcelona
e1_rr_08019045_10_M,08019045_10_M,persistence,2,abs_50,50.0,0.0714285714285714,0.0714285714285714,0.0714285714285714,0.0094850948509485,0.0094850948509485,08019045_10_M,Barcelona Zona Universitaria,Urban/Background,Barcelona
e1_rr_08019045_10_M,08019045_10_M,persistence,2,p75,25.13753387533875,0.4588235294117647,0.4629080118694362,0.4608567208271787,0.2283197831978319,0.2303523035230352,08019045_10_M,Barcelona Zona Universitaria,Urban/Background,Barcelona
e1_rr_08019045_10_M,08019045_10_M,persistence,2,p90,31.98552845528456,0.3211678832116788,0.3384615384615385,0.3295880149812734,0.0880758807588075,0.0928184281842818,08019045_10_M,Barcelona Zona Universitaria,Urban/Background,Barcelona
e1_rr_08019045_10_M,08019045_10_M,persistence,3,abs_50,50.0,0.0714285714285714,0.0769230769230769,0.074074074074074,0.0088616223585548,0.0095432856169052,08019045_10_M,Barcelona Zona Universitaria,Urban/Background,Barcelona
e1_rr_08019045_10_M,08019045_10_M,persistence,3,p75,25.136656441717797,0.3805309734513274,0.3850746268656716,0.3827893175074183,0.2283571915473756,0.2310838445807771,08019045_10_M,Barcelona Zona Universitaria,Urban/Background,Barcelona
e1_rr_08019045_10_M,08019045_10_M,persistence,3,p90,31.984669393319702,0.2785714285714286,0.3023255813953488,0.2899628252788104,0.0879345603271983,0.0954328561690524,08019045_10_M,Barcelona Zona Universitaria,Urban/Background,Barcelona
e1_rr_08019045_10_M,08019045_10_M,persistence,4,abs_50,50.0,0.0,0.0,,0.0089102124742974,0.0095956134338588,08019045_10_M,Barcelona Zona Universitaria,Urban/Background,Barcelona
e1_rr_08019045_10_M,08019045_10_M,persistence,4,p75,25.135212474297465,0.3363095238095238,0.3383233532934132,0.3373134328358209,0.2289239204934887,0.2302947224126113,08019045_10_M,Barcelona Zona Universitaria,Urban/Background,Barcelona
e1_rr_08019045_10_M,08019045_10_M,persistence,4,p90,31.982988348183692,0.2411347517730496,0.2615384615384615,0.2509225092250923,0.0891021247429746,0.0966415352981494,08019045_10_M,Barcelona Zona Universitaria,Urban/Background,Barcelona
e1_rr_08019045_10_M,08019045_10_M,persistence,5,abs_50,50.0,0.0714285714285714,0.0769230769230769,0.074074074074074,0.0089408528198074,0.0096286107290233,08019045_10_M,Barcelona Zona Universitaria,Urban/Background,Barcelona
e1_rr_08019045_10_M,08019045_10_M,persistence,5,p75,25.134267537826684,0.3264705882352941,0.3343373493975903,0.3303571428571428,0.2283356258596973,0.233837689133425,08019045_10_M,Barcelona Zona Universitaria,Urban/Background,Barcelona
e1_rr_08019045_10_M,08019045_10_M,persistence,5,p90,31.98190508940853,0.1901408450704225,0.2045454545454545,0.1970802919708029,0.0907840440165062,0.0976616231086657,08019045_10_M,Barcelona Zona Universitaria,Urban/Background,Barcelona
e1_rr_08019045_10_M,08019045_10_M,persistence,6,abs_50,50.0,0.0,0.0,,0.008959338387319,0.0103376981392143,08019045_10_M,Barcelona Zona Universitaria,Urban/Background,Barcelona
e1_rr_08019045_10_M,08019045_10_M,persistence,6,p75,25.13340799448656,0.3206997084548105,0.3313253012048193,0.3259259259259259,0.2288077188146106,0.2363886974500344,08019045_10_M,Barcelona Zona Universitaria,Urban/Background,Barcelona
e1_rr_08019045_10_M,08019045_10_M,persistence,6,p90,31.980572019297036,0.2152777777777778,0.2403100775193798,0.2271062271062271,0.0889042039972432,0.0992419021364576,08019045_10_M,Barcelona Zona Universitaria,Urban/Background,Barcelona
e1_rr_08019045_10_M,08019045_10_M,persistence,7,abs_50,50.0,0.0,0.0,,0.0082930200414651,0.0103662750518313,08019045_10_M,Barcelona Zona Universitaria,Urban/Background,Barcelona
e1_rr_08019045_10_M,08019045_10_M,persistence,7,p75,25.13336212854181,0.3147058823529411,0.3252279635258359,0.319880418535127,0.2273669661368348,0.2349689011748445,08019045_10_M,Barcelona Zona Universitaria,Urban/Background,Barcelona
e1_rr_08019045_10_M,08019045_10_M,persistence,7,p90,31.979841050449213,0.2083333333333333,0.234375,0.2205882352941176,0.0884588804422944,0.0995162404975812,08019045_10_M,Barcelona Zona Universitaria,Urban/Background,Barcelona
e1_rr_08019045_10_M,08019045_10_M,ridge_direct,1,abs_50,50.0,0.1428571428571428,0.3333333333333333,0.2,0.0040376850605652,0.0094212651413189,08019045_10_M,Barcelona Zona Universitaria,Urban/Background,Barcelona
e1_rr_08019045_10_M,08019045_10_M,ridge_direct,1,p75,25.1389468371467,0.5,0.6705882352941176,0.5728643216080402,0.1716016150740242,0.2301480484522207,08019045_10_M,Barcelona Zona Universitaria,Urban/Background,Barcelona
e1_rr_08019045_10_M,08019045_10_M,ridge_direct,1,p90,31.98654104979812,0.3185185185185185,0.5972222222222222,0.4154589371980676,0.0484522207267833,0.0908479138627187,08019045_10_M,Barcelona Zona Universitaria,Urban/Background,Barcelona
e1_rr_08019045_10_M,08019045_10_M,ridge_direct,2,abs_50,50.0,0.0,0.0,,0.0006775067750677,0.0094850948509485,08019045_10_M,Barcelona Zona Universitaria,Urban/Background,Barcelona
e1_rr_08019045_10_M,08019045_10_M,ridge_direct,2,p75,25.13753387533875,0.2705882352941176,0.5380116959064327,0.360078277886497,0.1158536585365853,0.2303523035230352,08019045_10_M,Barcelona Zona Universitaria,Urban/Background,Barcelona
e1_rr_08019045_10_M,08019045_10_M,ridge_direct,2,p90,31.98552845528456,0.0364963503649635,0.2941176470588235,0.0649350649350649,0.0115176151761517,0.0928184281842818,08019045_10_M,Barcelona Zona Universitaria,Urban/Background,Barcelona
e1_rr_08019045_10_M,08019045_10_M,ridge_direct,3,abs_50,50.0,0.0,,,0.0,0.0095432856169052,08019045_10_M,Barcelona Zona Universitaria,Urban/Background,Barcelona
e1_rr_08019045_10_M,08019045_10_M,ridge_direct,3,p75,25.136656441717797,0.1592920353982301,0.4695652173913043,0.237885462555066,0.0783912747102931,0.2310838445807771,08019045_10_M,Barcelona Zona Universitaria,Urban/Background,Barcelona
e1_rr_08019045_10_M,08019045_10_M,ridge_direct,3,p90,31.984669393319702,0.0,0.0,,0.0034083162917518,0.0954328561690524,08019045_10_M,Barcelona Zona Universitaria,Urban/Background,Barcelona
e1_rr_08019045_10_M,08019045_10_M,ridge_direct,4,abs_50,50.0,0.0,,,0.0,0.0095956134338588,08019045_10_M,Barcelona Zona Universitaria,Urban/Background,Barcelona
e1_rr_08019045_10_M,08019045_10_M,ridge_direct,4,p75,25.135212474297465,0.1011904761904761,0.4146341463414634,0.1626794258373205,0.0562028786840301,0.2302947224126113,08019045_10_M,Barcelona Zona Universitaria,Urban/Background,Barcelona
e1_rr_08019045_10_M,08019045_10_M,ridge_direct,4,p90,31.982988348183692,0.0,,,0.0,0.0966415352981494,08019045_10_M,Barcelona Zona Universitaria,Urban/Background,Barcelona
e1_rr_08019045_10_M,08019045_10_M,ridge_direct,5,abs_50,50.0,0.0,,,0.0,0.0096286107290233,08019045_10_M,Barcelona Zona Universitaria,Urban/Background,Barcelona
e1_rr_08019045_10_M,08019045_10_M,ridge_direct,5,p75,25.134267537826684,0.0794117647058823,0.4153846153846154,0.1333333333333333,0.0447042640990371,0.233837689133425,08019045_10_M,Barcelona Zona Universitaria,Urban/Background,Barcelona
e1_rr_08019045_10_M,08019045_10_M,ridge_direct,5,p90,31.98190508940853,0.0,,,0.0,0.0976616231086657,08019045_10_M,Barcelona Zona Universitaria,Urban/Background,Barcelona
e1_rr_08019045_10_M,08019045_10_M,ridge_direct,6,abs_50,50.0,0.0,,,0.0,0.0103376981392143,08019045_10_M,Barcelona Zona Universitaria,Urban/Background,Barcelona
e1_rr_08019045_10_M,08019045_10_M,ridge_direct,6,p75,25.13340799448656,0.0699708454810495,0.3934426229508196,0.1188118811881188,0.0420399724328049,0.2363886974500344,08019045_10_M,Barcelona Zona Universitaria,Urban/Background,Barcelona
e1_rr_08019045_10_M,08019045_10_M,ridge_direct,6,p90,31.980572019297036,0.0,,,0.0,0.0992419021364576,08019045_10_M,Barcelona Zona Universitaria,Urban/Background,Barcelona
e1_rr_08019045_10_M,08019045_10_M,ridge_direct,7,abs_50,50.0,0.0,,,0.0,0.0103662750518313,08019045_10_M,Barcelona Zona Universitaria,Urban/Background,Barcelona
e1_rr_08019045_10_M,08019045_10_M,ridge_direct,7,p75,25.13336212854181,0.0470588235294117,0.3404255319148936,0.082687338501292,0.0324809951624049,0.2349689011748445,08019045_10_M,Barcelona Zona Universitaria,Urban/Background,Barcelona
e1_rr_08019045_10_M,08019045_10_M,ridge_direct,7,p90,31.979841050449213,0.0,,,0.0,0.0995162404975812,08019045_10_M,Barcelona Zona Universitaria,Urban/Background,Barcelona
e1_rr_08019045_10_M,08019045_10_M,sarima,1,abs_50,50.0,0.0,0.0,,0.0058823529411764,0.0117647058823529,08019045_10_M,Barcelona Zona Universitaria,Urban/Background,Barcelona
e1_rr_08019045_10_M,08019045_10_M,sarima,1,p75,25.194117647058825,0.5365853658536586,0.6875,0.6027397260273972,0.188235294117647,0.2411764705882353,08019045_10_M,Barcelona Zona Universitaria,Urban/Background,Barcelona
e1_rr_08019045_10_M,08019045_10_M,sarima,1,p90,31.924705882352946,0.3157894736842105,0.5,0.3870967741935484,0.0705882352941176,0.1117647058823529,08019045_10_M,Barcelona Zona Universitaria,Urban/Background,Barcelona
e1_rr_08019045_10_M,08019045_10_M,sarima,2,abs_50,50.0,0.0,0.0,,0.0060240963855421,0.0060240963855421,08019045_10_M,Barcelona Zona Universitaria,Urban/Background,Barcelona
e1_rr_08019045_10_M,08019045_10_M,sarima,2,p75,25.21701807228916,0.3157894736842105,0.5,0.3870967741935484,0.144578313253012,0.2289156626506024,08019045_10_M,Barcelona Zona Universitaria,Urban/Background,Barcelona
e1_rr_08019045_10_M,08019045_10_M,sarima,2,p90,31.969578313253017,0.0,0.0,,0.0120481927710843,0.0963855421686747,08019045_10_M,Barcelona Zona Universitaria,Urban/Background,Barcelona
e1_rr_08019045_10_M,08019045_10_M,sarima,3,abs_50,50.0,0.0,,,0.0,0.0119760479041916,08019045_10_M,Barcelona Zona Universitaria,Urban/Background,Barcelona
e1_rr_08019045_10_M,08019045_10_M,sarima,3,p75,25.206287425149704,0.2045454545454545,0.5625,0.3,0.0958083832335329,0.2634730538922156,08019045_10_M,Barcelona Zona Universitaria,Urban/Background,Barcelona
e1_rr_08019045_10_M,08019045_10_M,sarima,3,p90,31.963592814371257,0.0,0.0,,0.0059880239520958,0.1017964071856287,08019045_10_M,Barcelona Zona Universitaria,Urban/Background,Barcelona
e1_rr_08019045_10_M,08019045_10_M,sarima,4,abs_50,50.0,0.0,,,0.0,0.0178571428571428,08019045_10_M,Barcelona Zona Universitaria,Urban/Background,Barcelona
e1_rr_08019045_10_M,08019045_10_M,sarima,4,p75,25.21931137724551,0.0476190476190476,0.4,0.0851063829787234,0.029940119760479,0.2514970059880239,08019045_10_M,Barcelona Zona Universitaria,Urban/Background,Barcelona
e1_rr_08019045_10_M,08019045_10_M,sarima,4,p90,31.974371257485036,0.0,0.0,,0.0119760479041916,0.1257485029940119,08019045_10_M,Barcelona Zona Universitaria,Urban/Background,Barcelona
e1_rr_08019045_10_M,08019045_10_M,sarima,5,abs_50,50.0,0.0,,,0.0,0.0059171597633136,08019045_10_M,Barcelona Zona Universitaria,Urban/Background,Barcelona
e1_rr_08019045_10_M,08019045_10_M,sarima,5,p75,25.205952380952382,0.0263157894736842,0.25,0.0476190476190476,0.0238095238095238,0.2261904761904762,08019045_10_M,Barcelona Zona Universitaria,Urban/Background,Barcelona
e1_rr_08019045_10_M,08019045_10_M,sarima,5,p90,31.952738095238097,0.0,,,0.0,0.0892857142857142,08019045_10_M,Barcelona Zona Universitaria,Urban/Background,Barcelona
e1_rr_08019045_10_M,08019045_10_M,sarima,6,abs_50,50.0,0.0,,,0.0,0.0058823529411764,08019045_10_M,Barcelona Zona Universitaria,Urban/Background,Barcelona
e1_rr_08019045_10_M,08019045_10_M,sarima,6,p75,25.21242603550296,0.0263157894736842,0.5,0.05,0.0118343195266272,0.2248520710059171,08019045_10_M,Barcelona Zona Universitaria,Urban/Background,Barcelona
e1_rr_08019045_10_M,08019045_10_M,sarima,6,p90,31.967455621301777,0.0,,,0.0,0.0887573964497041,08019045_10_M,Barcelona Zona Universitaria,Urban/Background,Barcelona
e1_rr_08019045_10_M,08019045_10_M,sarima,7,abs_50,50.0,0.0,,,0.0,0.0117647058823529,08019045_10_M,Barcelona Zona Universitaria,Urban/Background,Barcelona
e1_rr_08019045_10_M,08019045_10_M,sarima,7,p75,25.20414201183432,0.0465116279069767,1.0,0.0888888888888888,0.0118343195266272,0.2544378698224852,08019045_10_M,Barcelona Zona Universitaria,Urban/Background,Barcelona
e1_rr_08019045_10_M,08019045_10_M,sarima,7,p90,31.96165680473373,0.0588235294117647,1.0,0.1111111111111111,0.0059171597633136,0.1005917159763313,08019045_10_M,Barcelona Zona Universitaria,Urban/Background,Barcelona
e1_rr_08019045_10_M,08019045_10_M,seasonal_naive,1,abs_50,50.0,0.0,0.0,,0.0074024226110363,0.0094212651413189,08019045_10_M,Barcelona Zona Universitaria,Urban/Background,Barcelona
e1_rr_08019045_10_M,08019045_10_M,seasonal_naive,1,p75,25.1389468371467,0.3070175438596491,0.3211009174311927,0.3139013452914798,0.2200538358008075,0.2301480484522207,08019045_10_M,Barcelona Zona Universitaria,Urban/Background,Barcelona
e1_rr_08019045_10_M,08019045_10_M,seasonal_naive,1,p90,31.98654104979812,0.1925925925925926,0.2063492063492063,0.1992337164750957,0.0847913862718708,0.0908479138627187,08019045_10_M,Barcelona Zona Universitaria,Urban/Background,Barcelona
e1_rr_08019045_10_M,08019045_10_M,seasonal_naive,2,abs_50,50.0,0.0,0.0,,0.008130081300813,0.0094850948509485,08019045_10_M,Barcelona Zona Universitaria,Urban/Background,Barcelona
e1_rr_08019045_10_M,08019045_10_M,seasonal_naive,2,p75,25.13753387533875,0.3088235294117647,0.3191489361702128,0.3139013452914798,0.2228997289972899,0.2303523035230352,08019045_10_M,Barcelona Zona Universitaria,Urban/Background,Barcelona
e1_rr_08019045_10_M,08019045_10_M,seasonal_naive,2,p90,31.98552845528456,0.1897810218978102,0.2047244094488189,0.1969696969696969,0.0860433604336043,0.0928184281842818,08019045_10_M,Barcelona Zona Universitaria,Urban/Background,Barcelona
e1_rr_08019045_10_M,08019045_10_M,seasonal_naive,3,abs_50,50.0,0.0,0.0,,0.0081799591002045,0.0095432856169052,08019045_10_M,Barcelona Zona Universitaria,Urban/Background,Barcelona
e1_rr_08019045_10_M,08019045_10_M,seasonal_naive,3,p75,25.136656441717797,0.3126843657817109,0.3221884498480243,0.3173652694610778,0.2242672119972733,0.2310838445807771,08019045_10_M,Barcelona Zona Universitaria,Urban/Background,Barcelona
e1_rr_08019045_10_M,08019045_10_M,seasonal_naive,3,p90,31.984669393319702,0.1928571428571428,0.2177419354838709,0.2045454545454545,0.0845262440354465,0.0954328561690524,08019045_10_M,Barcelona Zona Universitaria,Urban/Background,Barcelona
e1_rr_08019045_10_M,08019045_10_M,seasonal_naive,4,abs_50,50.0,0.0,0.0,,0.0082248115147361,0.0095956134338588,08019045_10_M,Barcelona Zona Universitaria,Urban/Background,Barcelona
e1_rr_08019045_10_M,08019045_10_M,seasonal_naive,4,p75,25.135212474297465,0.3154761904761904,0.3231707317073171,0.3192771084337349,0.2248115147361206,0.2302947224126113,08019045_10_M,Barcelona Zona Universitaria,Urban/Background,Barcelona
e1_rr_08019045_10_M,08019045_10_M,seasonal_naive,4,p90,31.982988348183692,0.1985815602836879,0.2258064516129032,0.2113207547169811,0.0849897189856065,0.0966415352981494,08019045_10_M,Barcelona Zona Universitaria,Urban/Background,Barcelona
e1_rr_08019045_10_M,08019045_10_M,seasonal_naive,5,abs_50,50.0,0.0,0.0,,0.0089408528198074,0.0096286107290233,08019045_10_M,Barcelona Zona Universitaria,Urban/Background,Barcelona
e1_rr_08019045_10_M,08019045_10_M,seasonal_naive,5,p75,25.134267537826684,0.3176470588235294,0.3292682926829268,0.3233532934131736,0.2255845942228335,0.233837689133425,08019045_10_M,Barcelona Zona Universitaria,Urban/Background,Barcelona
e1_rr_08019045_10_M,08019045_10_M,seasonal_naive,5,p90,31.98190508940853,0.204225352112676,0.2301587301587301,0.2164179104477611,0.0866574965612104,0.0976616231086657,08019045_10_M,Barcelona Zona Universitaria,Urban/Background,Barcelona
e1_rr_08019045_10_M,08019045_10_M,seasonal_naive,6,abs_50,50.0,0.0,0.0,,0.0082701585113714,0.0103376981392143,08019045_10_M,Barcelona Zona Universitaria,Urban/Background,Barcelona
e1_rr_08019045_10_M,08019045_10_M,seasonal_naive,6,p75,25.13340799448656,0.3090379008746355,0.3251533742331288,0.3168908819133034,0.2246726395589248,0.2363886974500344,08019045_10_M,Barcelona Zona Universitaria,Urban/Background,Barcelona
e1_rr_08019045_10_M,08019045_10_M,seasonal_naive,6,p90,31.980572019297036,0.2013888888888889,0.2283464566929134,0.2140221402214022,0.087525844245348,0.0992419021364576,08019045_10_M,Barcelona Zona Universitaria,Urban/Background,Barcelona
e1_rr_08019045_10_M,08019045_10_M,seasonal_naive,7,abs_50,50.0,0.0,0.0,,0.0082930200414651,0.0103662750518313,08019045_10_M,Barcelona Zona Universitaria,Urban/Background,Barcelona
e1_rr_08019045_10_M,08019045_10_M,seasonal_naive,7,p75,25.13336212854181,0.3147058823529411,0.3252279635258359,0.319880418535127,0.2273669661368348,0.2349689011748445,08019045_10_M,Barcelona Zona Universitaria,Urban/Background,Barcelona
e1_rr_08019045_10_M,08019045_10_M,seasonal_naive,7,p90,31.979841050449213,0.2083333333333333,0.234375,0.2205882352941176,0.0884588804422944,0.0995162404975812,08019045_10_M,Barcelona Zona Universitaria,Urban/Background,Barcelona
e1_rr_08019045_10_M,08019045_10_M,stl_ridge_direct,1,abs_50,50.0,0.5714285714285714,0.0280701754385964,0.0535117056856187,0.1917900403768506,0.0094212651413189,08019045_10_M,Barcelona Zona Universitaria,Urban/Background,Barcelona
e1_rr_08019045_10_M,08019045_10_M,stl_ridge_direct,1,p75,25.1389468371467,1.0,0.2358620689655172,0.3816964285714285,0.9757738896366084,0.2301480484522207,08019045_10_M,Barcelona Zona Universitaria,Urban/Background,Barcelona
e1_rr_08019045_10_M,08019045_10_M,stl_ridge_direct,1,p90,31.98654104979812,0.9407407407407408,0.1013567438148443,0.1829971181556196,0.8432032301480484,0.0908479138627187,08019045_10_M,Barcelona Zona Universitaria,Urban/Background,Barcelona
e1_rr_08019045_10_M,08019045_10_M,stl_ridge_direct,2,abs_50,50.0,0.2857142857142857,0.0145985401459854,0.0277777777777777,0.1856368563685637,0.0094850948509485,08019045_10_M,Barcelona Zona Universitaria,Urban/Background,Barcelona
e1_rr_08019045_10_M,08019045_10_M,stl_ridge_direct,2,p75,25.13753387533875,0.9970588235294118,0.2328296703296703,0.3775055679287305,0.986449864498645,0.2303523035230352,08019045_10_M,Barcelona Zona Universitaria,Urban/Background,Barcelona
e1_rr_08019045_10_M,08019045_10_M,stl_ridge_direct,2,p90,31.98552845528456,0.9051094890510948,0.0976377952755905,0.1762615493958777,0.8604336043360433,0.0928184281842818,08019045_10_M,Barcelona Zona Universitaria,Urban/Background,Barcelona
e1_rr_08019045_10_M,08019045_10_M,stl_ridge_direct,3,abs_50,50.0,0.2142857142857142,0.0117647058823529,0.0223048327137546,0.1738241308793456,0.0095432856169052,08019045_10_M,Barcelona Zona Universitaria,Urban/Background,Barcelona
e1_rr_08019045_10_M,08019045_10_M,stl_ridge_direct,3,p75,25.136656441717797,0.9941002949852508,0.2317744154057771,0.3759063022866704,0.9911383776414452,0.2310838445807771,08019045_10_M,Barcelona Zona Universitaria,Urban/Background,Barcelona
e1_rr_08019045_10_M,08019045_10_M,stl_ridge_direct,3,p90,31.984669393319702,0.9071428571428573,0.0993740219092331,0.1791255289139633,0.8711656441717791,0.0954328561690524,08019045_10_M,Barcelona Zona Universitaria,Urban/Background,Barcelona
e1_rr_08019045_10_M,08019045_10_M,stl_ridge_direct,4,abs_50,50.0,0.1428571428571428,0.0081632653061224,0.0154440154440154,0.1679232350925291,0.0095956134338588,08019045_10_M,Barcelona Zona Universitaria,Urban/Background,Barcelona
e1_rr_08019045_10_M,08019045_10_M,stl_ridge_direct,4,p75,25.135212474297465,1.0,0.2309278350515464,0.3752093802345058,0.9972583961617546,0.2302947224126113,08019045_10_M,Barcelona Zona Universitaria,Urban/Background,Barcelona
e1_rr_08019045_10_M,08019045_10_M,stl_ridge_direct,4,p90,31.982988348183692,0.9148936170212766,0.1001552795031055,0.1805458362491252,0.8827964359150103,0.0966415352981494,08019045_10_M,Barcelona Zona Universitaria,Urban/Background,Barcelona
e1_rr_08019045_10_M,08019045_10_M,stl_ridge_direct,5,abs_50,50.0,0.1428571428571428,0.0084033613445378,0.0158730158730158,0.1636863823933975,0.0096286107290233,08019045_10_M,Barcelona Zona Universitaria,Urban/Background,Barcelona
e1_rr_08019045_10_M,08019045_10_M,stl_ridge_direct,5,p75,25.134267537826684,1.0,0.2339986235375086,0.3792526491912995,0.999312242090784,0.233837689133425,08019045_10_M,Barcelona Zona Universitaria,Urban/Background,Barcelona
e1_rr_08019045_10_M,08019045_10_M,stl_ridge_direct,5,p90,31.98190508940853,0.9154929577464788,0.1001540832049306,0.1805555555555555,0.8927097661623109,0.0976616231086657,08019045_10_M,Barcelona Zona Universitaria,Urban/Background,Barcelona
e1_rr_08019045_10_M,08019045_10_M,stl_ridge_direct,6,abs_50,50.0,0.1333333333333333,0.0085106382978723,0.016,0.1619572708476912,0.0103376981392143,08019045_10_M,Barcelona Zona Universitaria,Urban/Background,Barcelona
e1_rr_08019045_10_M,08019045_10_M,stl_ridge_direct,6,p75,25.13340799448656,1.0,0.2363886974500344,0.3823857302118172,1.0,0.2363886974500344,08019045_10_M,Barcelona Zona Universitaria,Urban/Background,Barcelona
e1_rr_08019045_10_M,08019045_10_M,stl_ridge_direct,6,p90,31.980572019297036,0.9236111111111112,0.1008339651250947,0.1818181818181818,0.9090282563749138,0.0992419021364576,08019045_10_M,Barcelona Zona Universitaria,Urban/Background,Barcelona
e1_rr_08019045_10_M,08019045_10_M,stl_ridge_direct,7,abs_50,50.0,0.1333333333333333,0.0085470085470085,0.0160642570281124,0.1617138908085694,0.0103662750518313,08019045_10_M,Barcelona Zona Universitaria,Urban/Background,Barcelona
e1_rr_08019045_10_M,08019045_10_M,stl_ridge_direct,7,p75,25.13336212854181,1.0,0.2349689011748445,0.3805260212646894,1.0,0.2349689011748445,08019045_10_M,Barcelona Zona Universitaria,Urban/Background,Barcelona
e1_rr_08019045_10_M,08019045_10_M,stl_ridge_direct,7,p90,31.979841050449213,0.9305555555555556,0.1012084592145015,0.1825613079019074,0.9149965445749828,0.0995162404975812,08019045_10_M,Barcelona Zona Universitaria,Urban/Background,Barcelona
e1_rr_08019052_10_M,08019052_10_M,hgb_direct,1,abs_50,50.0,0.1785714285714285,0.4166666666666667,0.25,0.0069324090121317,0.0161756210283073,08019052_10_M,Barcelona El Port Vell,Suburban/Industrial,Barcelona
e1_rr_08019052_10_M,08019052_10_M,hgb_direct,1,p75,29.673887926054302,0.5195729537366548,0.5488721804511278,0.5338208409506398,0.1536683997689197,0.1623339110340843,08019052_10_M,Barcelona El Port Vell,Suburban/Industrial,Barcelona
e1_rr_08019052_10_M,08019052_10_M,hgb_direct,1,p90,37.13032928942808,0.3008849557522124,0.5230769230769231,0.3820224719101123,0.0375505488157134,0.0652801848642403,08019052_10_M,Barcelona El Port Vell,Suburban/Industrial,Barcelona
e1_rr_08019052_10_M,08019052_10_M,hgb_direct,2,abs_50,50.0,0.0,,,0.0,0.016231884057971,08019052_10_M,Barcelona El Port Vell,Suburban/Industrial,Barcelona
e1_rr_08019052_10_M,08019052_10_M,hgb_direct,2,p75,29.677391304347825,0.3142857142857143,0.4230769230769231,0.360655737704918,0.1205797101449275,0.1623188405797101,08019052_10_M,Barcelona El Port Vell,Suburban/Industrial,Barcelona
e1_rr_08019052_10_M,08019052_10_M,hgb_direct,2,p90,37.1336231884058,0.1061946902654867,0.4,0.1678321678321678,0.017391304347826,0.0655072463768116,08019052_10_M,Barcelona El Port Vell,Suburban/Industrial,Barcelona
e1_rr_08019052_10_M,08019052_10_M,hgb_direct,3,abs_50,50.0,0.0,,,0.0,0.0162790697674418,08019052_10_M,Barcelona El Port Vell,Suburban/Industrial,Barcelona
e1_rr_08019052_10_M,08019052_10_M,hgb_direct,3,p75,29.680523255813952,0.2669039145907473,0.4032258064516129,0.3211991434689507,0.1081395348837209,0.1633720930232558,08019052_10_M,Barcelona El Port Vell,Suburban/Industrial,Barcelona
e1_rr_08019052_10_M,08019052_10_M,hgb_direct,3,p90,37.13627906976744,0.0263157894736842,0.1764705882352941,0.0458015267175572,0.0098837209302325,0.0662790697674418,08019052_10_M,Barcelona El Port Vell,Suburban/Industrial,Barcelona
e1_rr_08019052_10_M,08019052_10_M,hgb_direct,4,abs_50,50.0,0.0,,,0.0,0.0163170163170163,08019052_10_M,Barcelona El Port Vell,Suburban/Industrial,Barcelona
e1_rr_08019052_10_M,08019052_10_M,hgb_direct,4,p75,29.683275058275058,0.1886120996441281,0.3557046979865771,0.2465116279069767,0.0868298368298368,0.1637529137529137,08019052_10_M,Barcelona El Port Vell,Suburban/Industrial,Barcelona
e1_rr_08019052_10_M,08019052_10_M,hgb_direct,4,p90,37.13828671328672,0.0263157894736842,0.2727272727272727,0.048,0.0064102564102564,0.0664335664335664,08019052_10_M,Barcelona El Port Vell,Suburban/Industrial,Barcelona
e1_rr_08019052_10_M,08019052_10_M,hgb_direct,5,abs_50,50.0,0.0,,,0.0,0.0157618213660245,08019052_10_M,Barcelona El Port Vell,Suburban/Industrial,Barcelona
e1_rr_08019052_10_M,08019052_10_M,hgb_direct,5,p75,29.685639229422065,0.2014388489208633,0.3888888888888889,0.2654028436018957,0.0840630472854641,0.162288382953882,08019052_10_M,Barcelona El Port Vell,Suburban/Industrial,Barcelona
e1_rr_08019052_10_M,08019052_10_M,hgb_direct,5,p90,37.14080560420315,0.0089285714285714,0.2,0.017094017094017,0.002918855808523,0.0653823701109165,08019052_10_M,Barcelona El Port Vell,Suburban/Industrial,Barcelona
e1_rr_08019052_10_M,08019052_10_M,hgb_direct,6,abs_50,50.0,0.0,,,0.0,0.015780245470485,08019052_10_M,Barcelona El Port Vell,Suburban/Industrial,Barcelona
e1_rr_08019052_10_M,08019052_10_M,hgb_direct,6,p75,29.68760958503799,0.1732851985559566,0.3478260869565217,0.2313253012048192,0.0806545879602571,0.1618936294564582,08019052_10_M,Barcelona El Port Vell,Suburban/Industrial,Barcelona
e1_rr_08019052_10_M,08019052_10_M,hgb_direct,6,p90,37.14213909994155,0.0,,,0.0,0.0654587960257159,08019052_10_M,Barcelona El Port Vell,Suburban/Industrial,Barcelona
e1_rr_08019052_10_M,08019052_10_M,hgb_direct,7,abs_50,50.0,0.0,,,0.0,0.0157987126974839,08019052_10_M,Barcelona El Port Vell,Suburban/Industrial,Barcelona
e1_rr_08019052_10_M,08019052_10_M,hgb_direct,7,p75,29.68958455236981,0.144927536231884,0.3007518796992481,0.19559902200489,0.0778232884727911,0.1614979520187244,08019052_10_M,Barcelona El Port Vell,Suburban/Industrial,Barcelona
e1_rr_08019052_10_M,08019052_10_M,hgb_direct,7,p90,37.143475716793446,0.009009009009009,0.5,0.0176991150442477,0.0011702750146284,0.0649502633118783,08019052_10_M,Barcelona El Port Vell,Suburban/Industrial,Barcelona
e1_rr_08019052_10_M,08019052_10_M,persistence,1,abs_50,50.0,0.3928571428571428,0.3928571428571428,0.3928571428571428,0.0161756210283073,0.0161756210283073,08019052_10_M,Barcelona El Port Vell,Suburban/Industrial,Barcelona
e1_rr_08019052_10_M,08019052_10_M,persistence,1,p75,29.673887926054302,0.5729537366548043,0.5729537366548043,0.5729537366548043,0.1623339110340843,0.1623339110340843,08019052_10_M,Barcelona El Port Vell,Suburban/Industrial,Barcelona
e1_rr_08019052_10_M,08019052_10_M,persistence,1,p90,37.13032928942808,0.4247787610619469,0.4210526315789473,0.4229074889867841,0.0658578856152513,0.0652801848642403,08019052_10_M,Barcelona El Port Vell,Suburban/Industrial,Barcelona
e1_rr_08019052_10_M,08019052_10_M,persistence,2,abs_50,50.0,0.1785714285714285,0.1785714285714285,0.1785714285714285,0.016231884057971,0.016231884057971,08019052_10_M,Barcelona El Port Vell,Suburban/Industrial,Barcelona
e1_rr_08019052_10_M,08019052_10_M,persistence,2,p75,29.677391304347825,0.4392857142857143,0.4392857142857143,0.4392857142857143,0.1623188405797101,0.1623188405797101,08019052_10_M,Barcelona El Port Vell,Suburban/Industrial,Barcelona
e1_rr_08019052_10_M,08019052_10_M,persistence,2,p90,37.1336231884058,0.2831858407079646,0.2831858407079646,0.2831858407079646,0.0655072463768116,0.0655072463768116,08019052_10_M,Barcelona El Port Vell,Suburban/Industrial,Barcelona
e1_rr_08019052_10_M,08019052_10_M,persistence,3,abs_50,50.0,0.1428571428571428,0.1428571428571428,0.1428571428571428,0.0162790697674418,0.0162790697674418,08019052_10_M,Barcelona El Port Vell,Suburban/Industrial,Barcelona
e1_rr_08019052_10_M,08019052_10_M,persistence,3,p75,29.680523255813952,0.3629893238434163,0.3642857142857142,0.3636363636363636,0.1627906976744186,0.1633720930232558,08019052_10_M,Barcelona El Port Vell,Suburban/Industrial,Barcelona
e1_rr_08019052_10_M,08019052_10_M,persistence,3,p90,37.13627906976744,0.219298245614035,0.2212389380530973,0.2202643171806167,0.0656976744186046,0.0662790697674418,08019052_10_M,Barcelona El Port Vell,Suburban/Industrial,Barcelona
e1_rr_08019052_10_M,08019052_10_M,persistence,4,abs_50,50.0,0.1428571428571428,0.1428571428571428,0.1428571428571428,0.0163170163170163,0.0163170163170163,08019052_10_M,Barcelona El Port Vell,Suburban/Industrial,Barcelona
e1_rr_08019052_10_M,08019052_10_M,persistence,4,p75,29.683275058275058,0.3380782918149466,0.3405017921146953,0.3392857142857143,0.1625874125874125,0.1637529137529137,08019052_10_M,Barcelona El Port Vell,Suburban/Industrial,Barcelona
e1_rr_08019052_10_M,08019052_10_M,persistence,4,p90,37.13828671328672,0.2105263157894736,0.2142857142857142,0.2123893805309734,0.0652680652680652,0.0664335664335664,08019052_10_M,Barcelona El Port Vell,Suburban/Industrial,Barcelona
e1_rr_08019052_10_M,08019052_10_M,persistence,5,abs_50,50.0,0.1481481481481481,0.1428571428571428,0.1454545454545454,0.0163455925277291,0.0157618213660245,08019052_10_M,Barcelona El Port Vell,Suburban/Industrial,Barcelona
e1_rr_08019052_10_M,08019052_10_M,persistence,5,p75,29.685639229422065,0.3453237410071942,0.3465703971119133,0.3459459459459459,0.1617046117921774,0.162288382953882,08019052_10_M,Barcelona El Port Vell,Suburban/Industrial,Barcelona
e1_rr_08019052_10_M,08019052_10_M,persistence,5,p90,37.14080560420315,0.2053571428571428,0.2053571428571428,0.2053571428571428,0.0653823701109165,0.0653823701109165,08019052_10_M,Barcelona El Port Vell,Suburban/Industrial,Barcelona
e1_rr_08019052_10_M,08019052_10_M,persistence,6,abs_50,50.0,0.1111111111111111,0.1111111111111111,0.1111111111111111,0.015780245470485,0.015780245470485,08019052_10_M,Barcelona El Port Vell,Suburban/Industrial,Barcelona
e1_rr_08019052_10_M,08019052_10_M,persistence,6,p75,29.68760958503799,0.3176895306859206,0.3154121863799283,0.3165467625899281,0.1630625365283459,0.1618936294564582,08019052_10_M,Barcelona El Port Vell,Suburban/Industrial,Barcelona
e1_rr_08019052_10_M,08019052_10_M,persistence,6,p90,37.14213909994155,0.2410714285714285,0.2410714285714285,0.2410714285714285,0.0654587960257159,0.0654587960257159,08019052_10_M,Barcelona El Port Vell,Suburban/Industrial,Barcelona
e1_rr_08019052_10_M,08019052_10_M,persistence,7,abs_50,50.0,0.037037037037037,0.0357142857142857,0.0363636363636363,0.0163838502047981,0.0157987126974839,08019052_10_M,Barcelona El Port Vell,Suburban/Industrial,Barcelona
e1_rr_08019052_10_M,08019052_10_M,persistence,7,p75,29.68958455236981,0.2644927536231884,0.2616487455197133,0.2630630630630631,0.163253364540667,0.1614979520187244,08019052_10_M,Barcelona El Port Vell,Suburban/Industrial,Barcelona
e1_rr_08019052_10_M,08019052_10_M,persistence,7,p90,37.143475716793446,0.1711711711711711,0.1696428571428571,0.1704035874439462,0.0655354008191925,0.0649502633118783,08019052_10_M,Barcelona El Port Vell,Suburban/Industrial,Barcelona
e1_rr_08019052_10_M,08019052_10_M,ridge_direct,1,abs_50,50.0,0.2142857142857142,0.4615384615384615,0.2926829268292683,0.0075101097631426,0.0161756210283073,08019052_10_M,Barcelona El Port Vell,Suburban/Industrial,Barcelona
e1_rr_08019052_10_M,08019052_10_M,ridge_direct,1,p75,29.673887926054302,0.505338078291815,0.6396396396396397,0.5646123260437376,0.1282495667244367,0.1623339110340843,08019052_10_M,Barcelona El Port Vell,Suburban/Industrial,Barcelona
e1_rr_08019052_10_M,08019052_10_M,ridge_direct,1,p90,37.13032928942808,0.247787610619469,0.4666666666666667,0.3236994219653178,0.0346620450606585,0.0652801848642403,08019052_10_M,Barcelona El Port Vell,Suburban/Industrial,Barcelona
e1_rr_08019052_10_M,08019052_10_M,ridge_direct,2,abs_50,50.0,0.0,0.0,,0.0028985507246376,0.016231884057971,08019052_10_M,Barcelona El Port Vell,Suburban/Industrial,Barcelona
e1_rr_08019052_10_M,08019052_10_M,ridge_direct,2,p75,29.677391304347825,0.2892857142857143,0.5472972972972973,0.3785046728971963,0.0857971014492753,0.1623188405797101,08019052_10_M,Barcelona El Port Vell,Suburban/Industrial,Barcelona
e1_rr_08019052_10_M,08019052_10_M,ridge_direct,2,p90,37.1336231884058,0.079646017699115,0.4090909090909091,0.1333333333333333,0.0127536231884057,0.0655072463768116,08019052_10_M,Barcelona El Port Vell,Suburban/Industrial,Barcelona
e1_rr_08019052_10_M,08019052_10_M,ridge_direct,3,abs_50,50.0,0.0,0.0,,0.0005813953488372,0.0162790697674418,08019052_10_M,Barcelona El Port Vell,Suburban/Industrial,Barcelona
e1_rr_08019052_10_M,08019052_10_M,ridge_direct,3,p75,29.680523255813952,0.2028469750889679,0.4956521739130435,0.2878787878787879,0.066860465116279,0.1633720930232558,08019052_10_M,Barcelona El Port Vell,Suburban/Industrial,Barcelona
e1_rr_08019052_10_M,08019052_10_M,ridge_direct,3,p90,37.13627906976744,0.0175438596491228,0.2,0.032258064516129,0.005813953488372,0.0662790697674418,08019052_10_M,Barcelona El Port Vell,Suburban/Industrial,Barcelona
e1_rr_08019052_10_M,08019052_10_M,ridge_direct,4,abs_50,50.0,0.0,,,0.0,0.0163170163170163,08019052_10_M,Barcelona El Port Vell,Suburban/Industrial,Barcelona
e1_rr_08019052_10_M,08019052_10_M,ridge_direct,4,p75,29.683275058275058,0.1530249110320284,0.4942528735632184,0.233695652173913,0.0506993006993006,0.1637529137529137,08019052_10_M,Barcelona El Port Vell,Suburban/Industrial,Barcelona
e1_rr_08019052_10_M,08019052_10_M,ridge_direct,4,p90,37.13828671328672,0.0087719298245614,0.2,0.0168067226890756,0.0029137529137529,0.0664335664335664,08019052_10_M,Barcelona El Port Vell,Suburban/Industrial,Barcelona
e1_rr_08019052_10_M,08019052_10_M,ridge_direct,5,abs_50,50.0,0.0,,,0.0,0.0157618213660245,08019052_10_M,Barcelona El Port Vell,Suburban/Industrial,Barcelona
e1_rr_08019052_10_M,08019052_10_M,ridge_direct,5,p75,29.685639229422065,0.1438848920863309,0.4938271604938271,0.2228412256267409,0.0472854640980735,0.162288382953882,08019052_10_M,Barcelona El Port Vell,Suburban/Industrial,Barcelona
e1_rr_08019052_10_M,08019052_10_M,ridge_direct,5,p90,37.14080560420315,0.0178571428571428,0.4,0.0341880341880341,0.002918855808523,0.0653823701109165,08019052_10_M,Barcelona El Port Vell,Suburban/Industrial,Barcelona
e1_rr_08019052_10_M,08019052_10_M,ridge_direct,6,abs_50,50.0,0.0,,,0.0,0.015780245470485,08019052_10_M,Barcelona El Port Vell,Suburban/Industrial,Barcelona
e1_rr_08019052_10_M,08019052_10_M,ridge_direct,6,p75,29.68760958503799,0.1407942238267148,0.4698795180722891,0.2166666666666666,0.048509643483343,0.1618936294564582,08019052_10_M,Barcelona El Port Vell,Suburban/Industrial,Barcelona
e1_rr_08019052_10_M,08019052_10_M,ridge_direct,6,p90,37.14213909994155,0.0178571428571428,0.6666666666666666,0.0347826086956521,0.0017533606078316,0.0654587960257159,08019052_10_M,Barcelona El Port Vell,Suburban/Industrial,Barcelona
e1_rr_08019052_10_M,08019052_10_M,ridge_direct,7,abs_50,50.0,0.0,,,0.0,0.0157987126974839,08019052_10_M,Barcelona El Port Vell,Suburban/Industrial,Barcelona
e1_rr_08019052_10_M,08019052_10_M,ridge_direct,7,p75,29.68958455236981,0.108695652173913,0.3846153846153846,0.1694915254237288,0.045640725570509,0.1614979520187244,08019052_10_M,Barcelona El Port Vell,Suburban/Industrial,Barcelona
e1_rr_08019052_10_M,08019052_10_M,ridge_direct,7,p90,37.143475716793446,0.009009009009009,0.3333333333333333,0.0175438596491228,0.0017554125219426,0.0649502633118783,08019052_10_M,Barcelona El Port Vell,Suburban/Industrial,Barcelona
e1_rr_08019052_10_M,08019052_10_M,sarima,1,abs_50,50.0,1.0,0.6666666666666666,0.8,0.0166666666666666,0.0111111111111111,08019052_10_M,Barcelona El Port Vell,Suburban/Industrial,Barcelona
e1_rr_08019052_10_M,08019052_10_M,sarima,1,p75,30.620111731843576,0.4814814814814814,0.4814814814814814,0.4814814814814814,0.1508379888268156,0.1508379888268156,08019052_10_M,Barcelona El Port Vell,Suburban/Industrial,Barcelona
e1_rr_08019052_10_M,08019052_10_M,sarima,1,p90,37.605027932960894,0.5,0.3333333333333333,0.4,0.0670391061452514,0.0446927374301676,08019052_10_M,Barcelona El Port Vell,Suburban/Industrial,Barcelona
e1_rr_08019052_10_M,08019052_10_M,sarima,2,abs_50,50.0,0.0,,,0.0,0.0111111111111111,08019052_10_M,Barcelona El Port Vell,Suburban/Industrial,Barcelona
e1_rr_08019052_10_M,08019052_10_M,sarima,2,p75,30.620111731843576,0.2285714285714285,0.4210526315789473,0.2962962962962963,0.106145251396648,0.1955307262569832,08019052_10_M,Barcelona El Port Vell,Suburban/Industrial,Barcelona
e1_rr_08019052_10_M,08019052_10_M,sarima,2,p90,37.605027932960894,0.1818181818181818,0.5,0.2666666666666666,0.0223463687150838,0.0614525139664804,08019052_10_M,Barcelona El Port Vell,Suburban/Industrial,Barcelona
e1_rr_08019052_10_M,08019052_10_M,sarima,3,abs_50,50.0,,,,0.0,0.0,08019052_10_M,Barcelona El Port Vell,Suburban/Industrial,Barcelona
e1_rr_08019052_10_M,08019052_10_M,sarima,3,p75,30.62857142857143,0.0555555555555555,0.2222222222222222,0.0888888888888888,0.0514285714285714,0.2057142857142857,08019052_10_M,Barcelona El Port Vell,Suburban/Industrial,Barcelona
e1_rr_08019052_10_M,08019052_10_M,sarima,3,p90,37.60285714285714,0.0,0.0,,0.0057142857142857,0.0742857142857142,08019052_10_M,Barcelona El Port Vell,Suburban/Industrial,Barcelona
e1_rr_08019052_10_M,08019052_10_M,sarima,4,abs_50,50.0,0.0,,,0.0,0.0112359550561797,08019052_10_M,Barcelona El Port Vell,Suburban/Industrial,Barcelona
e1_rr_08019052_10_M,08019052_10_M,sarima,4,p75,30.64406779661017,0.0263157894736842,0.3333333333333333,0.048780487804878,0.0169491525423728,0.2146892655367231,08019052_10_M,Barcelona El Port Vell,Suburban/Industrial,Barcelona
e1_rr_08019052_10_M,08019052_10_M,sarima,4,p90,37.62316384180791,0.0,0.0,,0.0056497175141242,0.0847457627118644,08019052_10_M,Barcelona El Port Vell,Suburban/Industrial,Barcelona
e1_rr_08019052_10_M,08019052_10_M,sarima,5,abs_50,50.0,0.0,,,0.0,0.0222222222222222,08019052_10_M,Barcelona El Port Vell,Suburban/Industrial,Barcelona
e1_rr_08019052_10_M,08019052_10_M,sarima,5,p75,30.620111731843576,0.0263157894736842,1.0,0.0512820512820512,0.0055865921787709,0.2122905027932961,08019052_10_M,Barcelona El Port Vell,Suburban/Industrial,Barcelona
e1_rr_08019052_10_M,08019052_10_M,sarima,5,p90,37.605027932960894,0.0,,,0.0,0.1284916201117318,08019052_10_M,Barcelona El Port Vell,Suburban/Industrial,Barcelona
e1_rr_08019052_10_M,08019052_10_M,sarima,6,abs_50,50.0,0.0,,,0.0,0.0222222222222222,08019052_10_M,Barcelona El Port Vell,Suburban/Industrial,Barcelona
e1_rr_08019052_10_M,08019052_10_M,sarima,6,p75,30.620111731843576,0.0263157894736842,1.0,0.0512820512820512,0.0055865921787709,0.2122905027932961,08019052_10_M,Barcelona El Port Vell,Suburban/Industrial,Barcelona
e1_rr_08019052_10_M,08019052_10_M,sarima,6,p90,37.605027932960894,0.0,,,0.0,0.1005586592178771,08019052_10_M,Barcelona El Port Vell,Suburban/Industrial,Barcelona
e1_rr_08019052_10_M,08019052_10_M,sarima,7,abs_50,50.0,0.0,,,0.0,0.0167597765363128,08019052_10_M,Barcelona El Port Vell,Suburban/Industrial,Barcelona
e1_rr_08019052_10_M,08019052_10_M,sarima,7,p75,30.629213483146067,0.0256410256410256,1.0,0.05,0.0056179775280898,0.2191011235955056,08019052_10_M,Barcelona El Port Vell,Suburban/Industrial,Barcelona
e1_rr_08019052_10_M,08019052_10_M,sarima,7,p90,37.614044943820225,0.0,,,0.0,0.0674157303370786,08019052_10_M,Barcelona El Port Vell,Suburban/Industrial,Barcelona
e1_rr_08019052_10_M,08019052_10_M,seasonal_naive,1,abs_50,50.0,0.0357142857142857,0.037037037037037,0.0363636363636363,0.0155979202772963,0.0161756210283073,08019052_10_M,Barcelona El Port Vell,Suburban/Industrial,Barcelona
e1_rr_08019052_10_M,08019052_10_M,seasonal_naive,1,p75,29.673887926054302,0.2669039145907473,0.2631578947368421,0.2650176678445229,0.1646447140381282,0.1623339110340843,08019052_10_M,Barcelona El Port Vell,Suburban/Industrial,Barcelona
e1_rr_08019052_10_M,08019052_10_M,seasonal_naive,1,p90,37.13032928942808,0.168141592920354,0.1711711711711711,0.1696428571428571,0.0641247833622183,0.0652801848642403,08019052_10_M,Barcelona El Port Vell,Suburban/Industrial,Barcelona
e1_rr_08019052_10_M,08019052_10_M,seasonal_naive,2,abs_50,50.0,0.0357142857142857,0.0357142857142857,0.0357142857142857,0.016231884057971,0.016231884057971,08019052_10_M,Barcelona El Port Vell,Suburban/Industrial,Barcelona
e1_rr_08019052_10_M,08019052_10_M,seasonal_naive,2,p75,29.677391304347825,0.2642857142857143,0.2605633802816901,0.2624113475177305,0.1646376811594203,0.1623188405797101,08019052_10_M,Barcelona El Port Vell,Suburban/Industrial,Barcelona
e1_rr_08019052_10_M,08019052_10_M,seasonal_naive,2,p90,37.1336231884058,0.1592920353982301,0.1621621621621621,0.1607142857142857,0.0643478260869565,0.0655072463768116,08019052_10_M,Barcelona El Port Vell,Suburban/Industrial,Barcelona
e1_rr_08019052_10_M,08019052_10_M,seasonal_naive,3,abs_50,50.0,0.0357142857142857,0.0357142857142857,0.0357142857142857,0.0162790697674418,0.0162790697674418,08019052_10_M,Barcelona El Port Vell,Suburban/Industrial,Barcelona
e1_rr_08019052_10_M,08019052_10_M,seasonal_naive,3,p75,29.680523255813952,0.2633451957295373,0.2596491228070175,0.2614840989399293,0.1656976744186046,0.1633720930232558,08019052_10_M,Barcelona El Port Vell,Suburban/Industrial,Barcelona
e1_rr_08019052_10_M,08019052_10_M,seasonal_naive,3,p90,37.13627906976744,0.1578947368421052,0.1607142857142857,0.1592920353982301,0.0651162790697674,0.0662790697674418,08019052_10_M,Barcelona El Port Vell,Suburban/Industrial,Barcelona
e1_rr_08019052_10_M,08019052_10_M,seasonal_naive,4,abs_50,50.0,0.0357142857142857,0.0357142857142857,0.0357142857142857,0.0163170163170163,0.0163170163170163,08019052_10_M,Barcelona El Port Vell,Suburban/Industrial,Barcelona
e1_rr_08019052_10_M,08019052_10_M,seasonal_naive,4,p75,29.683275058275058,0.2597864768683274,0.2597864768683274,0.2597864768683274,0.1637529137529137,0.1637529137529137,08019052_10_M,Barcelona El Port Vell,Suburban/Industrial,Barcelona
e1_rr_08019052_10_M,08019052_10_M,seasonal_naive,4,p90,37.13828671328672,0.1578947368421052,0.1578947368421052,0.1578947368421052,0.0664335664335664,0.0664335664335664,08019052_10_M,Barcelona El Port Vell,Suburban/Industrial,Barcelona
e1_rr_08019052_10_M,08019052_10_M,seasonal_naive,5,abs_50,50.0,0.037037037037037,0.0357142857142857,0.0363636363636363,0.0163455925277291,0.0157618213660245,08019052_10_M,Barcelona El Port Vell,Suburban/Industrial,Barcelona
e1_rr_08019052_10_M,08019052_10_M,seasonal_naive,5,p75,29.685639229422065,0.2625899280575539,0.2607142857142857,0.2616487455197133,0.1634559252772913,0.162288382953882,08019052_10_M,Barcelona El Port Vell,Suburban/Industrial,Barcelona
e1_rr_08019052_10_M,08019052_10_M,seasonal_naive,5,p90,37.14080560420315,0.1696428571428571,0.168141592920354,0.1688888888888889,0.0659661412726211,0.0653823701109165,08019052_10_M,Barcelona El Port Vell,Suburban/Industrial,Barcelona
e1_rr_08019052_10_M,08019052_10_M,seasonal_naive,6,abs_50,50.0,0.037037037037037,0.0357142857142857,0.0363636363636363,0.0163646990064289,0.015780245470485,08019052_10_M,Barcelona El Port Vell,Suburban/Industrial,Barcelona
e1_rr_08019052_10_M,08019052_10_M,seasonal_naive,6,p75,29.68760958503799,0.2635379061371841,0.2616487455197133,0.2625899280575539,0.1630625365283459,0.1618936294564582,08019052_10_M,Barcelona El Port Vell,Suburban/Industrial,Barcelona
e1_rr_08019052_10_M,08019052_10_M,seasonal_naive,6,p90,37.14213909994155,0.1696428571428571,0.1696428571428571,0.1696428571428571,0.0654587960257159,0.0654587960257159,08019052_10_M,Barcelona El Port Vell,Suburban/Industrial,Barcelona
e1_rr_08019052_10_M,08019052_10_M,seasonal_naive,7,abs_50,50.0,0.037037037037037,0.0357142857142857,0.0363636363636363,0.0163838502047981,0.0157987126974839,08019052_10_M,Barcelona El Port Vell,Suburban/Industrial,Barcelona
e1_rr_08019052_10_M,08019052_10_M,seasonal_naive,7,p75,29.68958455236981,0.2644927536231884,0.2616487455197133,0.2630630630630631,0.163253364540667,0.1614979520187244,08019052_10_M,Barcelona El Port Vell,Suburban/Industrial,Barcelona
e1_rr_08019052_10_M,08019052_10_M,seasonal_naive,7,p90,37.143475716793446,0.1711711711711711,0.1696428571428571,0.1704035874439462,0.0655354008191925,0.0649502633118783,08019052_10_M,Barcelona El Port Vell,Suburban/Industrial,Barcelona
e1_rr_08019052_10_M,08019052_10_M,stl_ridge_direct,1,abs_50,50.0,0.7142857142857143,0.0399201596806387,0.0756143667296786,0.2894280762564991,0.0161756210283073,08019052_10_M,Barcelona El Port Vell,Suburban/Industrial,Barcelona
e1_rr_08019052_10_M,08019052_10_M,stl_ridge_direct,1,p75,29.673887926054302,0.99288256227758,0.169501822600243,0.2895692786715101,0.950895436164067,0.1623339110340843,08019052_10_M,Barcelona El Port Vell,Suburban/Industrial,Barcelona
e1_rr_08019052_10_M,08019052_10_M,stl_ridge_direct,1,p90,37.13032928942808,0.9203539823008848,0.0783132530120482,0.1443442054129077,0.7671865973425765,0.0652801848642403,08019052_10_M,Barcelona El Port Vell,Suburban/Industrial,Barcelona
e1_rr_08019052_10_M,08019052_10_M,stl_ridge_direct,2,abs_50,50.0,0.5357142857142857,0.029126213592233,0.0552486187845303,0.2985507246376812,0.016231884057971,08019052_10_M,Barcelona El Port Vell,Suburban/Industrial,Barcelona
e1_rr_08019052_10_M,08019052_10_M,stl_ridge_direct,2,p75,29.677391304347825,0.9892857142857144,0.166867469879518,0.2855670103092783,0.9623188405797102,0.1623188405797101,08019052_10_M,Barcelona El Port Vell,Suburban/Industrial,Barcelona
e1_rr_08019052_10_M,08019052_10_M,stl_ridge_direct,2,p90,37.1336231884058,0.8761061946902655,0.0713256484149855,0.1319120586275816,0.8046376811594202,0.0655072463768116,08019052_10_M,Barcelona El Port Vell,Suburban/Industrial,Barcelona
e1_rr_08019052_10_M,08019052_10_M,stl_ridge_direct,3,abs_50,50.0,0.5357142857142857,0.029585798816568,0.0560747663551401,0.2947674418604651,0.0162790697674418,08019052_10_M,Barcelona El Port Vell,Suburban/Industrial,Barcelona
e1_rr_08019052_10_M,08019052_10_M,stl_ridge_direct,3,p75,29.680523255813952,0.9857651245551602,0.1659676452965847,0.284102564102564,0.9703488372093024,0.1633720930232558,08019052_10_M,Barcelona El Port Vell,Suburban/Industrial,Barcelona
e1_rr_08019052_10_M,08019052_10_M,stl_ridge_direct,3,p90,37.13627906976744,0.9035087719298246,0.0736240171551108,0.1361533377395902,0.8133720930232559,0.0662790697674418,08019052_10_M,Barcelona El Port Vell,Suburban/Industrial,Barcelona
e1_rr_08019052_10_M,08019052_10_M,stl_ridge_direct,4,abs_50,50.0,0.4642857142857143,0.0261044176706827,0.0494296577946768,0.2902097902097902,0.0163170163170163,08019052_10_M,Barcelona El Port Vell,Suburban/Industrial,Barcelona
e1_rr_08019052_10_M,08019052_10_M,stl_ridge_direct,4,p75,29.683275058275058,0.98220640569395,0.1654676258992805,0.2832221652129297,0.972027972027972,0.1637529137529137,08019052_10_M,Barcelona El Port Vell,Suburban/Industrial,Barcelona
e1_rr_08019052_10_M,08019052_10_M,stl_ridge_direct,4,p90,37.13828671328672,0.912280701754386,0.0730337078651685,0.1352405721716515,0.8298368298368298,0.0664335664335664,08019052_10_M,Barcelona El Port Vell,Suburban/Industrial,Barcelona
e1_rr_08019052_10_M,08019052_10_M,stl_ridge_direct,5,abs_50,50.0,0.3703703703703703,0.0203252032520325,0.0385356454720616,0.287215411558669,0.0157618213660245,08019052_10_M,Barcelona El Port Vell,Suburban/Industrial,Barcelona
e1_rr_08019052_10_M,08019052_10_M,stl_ridge_direct,5,p75,29.685639229422065,0.9784172661870504,0.1629718394248052,0.2794042116076015,0.974314068884997,0.162288382953882,08019052_10_M,Barcelona El Port Vell,Suburban/Industrial,Barcelona
e1_rr_08019052_10_M,08019052_10_M,stl_ridge_direct,5,p90,37.14080560420315,0.9196428571428572,0.0714285714285714,0.1325611325611325,0.8417980151780502,0.0653823701109165,08019052_10_M,Barcelona El Port Vell,Suburban/Industrial,Barcelona
e1_rr_08019052_10_M,08019052_10_M,stl_ridge_direct,6,abs_50,50.0,0.4444444444444444,0.0240480961923847,0.0456273764258555,0.2916423144360023,0.015780245470485,08019052_10_M,Barcelona El Port Vell,Suburban/Industrial,Barcelona
e1_rr_08019052_10_M,08019052_10_M,stl_ridge_direct,6,p75,29.68760958503799,0.9819494584837544,0.1621943947525342,0.2784032753326509,0.9801285797779076,0.1618936294564582,08019052_10_M,Barcelona El Port Vell,Suburban/Industrial,Barcelona
e1_rr_08019052_10_M,08019052_10_M,stl_ridge_direct,6,p90,37.14213909994155,0.9375,0.0715746421267893,0.1329955668144395,0.8573933372296902,0.0654587960257159,08019052_10_M,Barcelona El Port Vell,Suburban/Industrial,Barcelona
e1_rr_08019052_10_M,08019052_10_M,stl_ridge_direct,7,abs_50,50.0,0.3703703703703703,0.0203252032520325,0.0385356454720616,0.2878876535985957,0.0157987126974839,08019052_10_M,Barcelona El Port Vell,Suburban/Industrial,Barcelona
e1_rr_08019052_10_M,08019052_10_M,stl_ridge_direct,7,p75,29.68958455236981,0.9927536231884058,0.1631923764145324,0.280306905370844,0.9824458747805734,0.1614979520187244,08019052_10_M,Barcelona El Port Vell,Suburban/Industrial,Barcelona
e1_rr_08019052_10_M,08019052_10_M,stl_ridge_direct,7,p90,37.143475716793446,0.9369369369369368,0.0707964601769911,0.1316455696202531,0.8595669982445875,0.0649502633118783,08019052_10_M,Barcelona El Port Vell,Suburban/Industrial,Barcelona
e1_rr_08019054_10_M,08019054_10_M,hgb_direct,1,abs_50,50.0,0.0,0.0,,0.0007007708479327,0.0077084793272599,08019054_10_M,Barcelona Vall d'Hebron,Urban/Background,Barcelona
e1_rr_08019054_10_M,08019054_10_M,hgb_direct,1,p75,23.303188507358097,0.5523809523809524,0.6083916083916084,0.579034941763727,0.2004204625087596,0.2207428170988087,08019054_10_M,Barcelona Vall d'Hebron,Urban/Background,Barcelona
e1_rr_08019054_10_M,08019054_10_M,hgb_direct,1,p90,29.532389628591453,0.3008130081300813,0.4683544303797468,0.3663366336633664,0.0553608969866853,0.0861948142957253,08019054_10_M,Barcelona Vall d'Hebron,Urban/Background,Barcelona
e1_rr_08019054_10_M,08019054_10_M,hgb_direct,2,abs_50,50.0,0.0,,,0.0,0.0077683615819209,08019054_10_M,Barcelona Vall d'Hebron,Urban/Background,Barcelona
e1_rr_08019054_10_M,08019054_10_M,hgb_direct,2,p75,23.303142655367232,0.3555555555555555,0.5333333333333333,0.4266666666666667,0.1483050847457627,0.222457627118644,08019054_10_M,Barcelona Vall d'Hebron,Urban/Background,Barcelona
e1_rr_08019054_10_M,08019054_10_M,hgb_direct,2,p90,29.531659604519778,0.1219512195121951,0.3658536585365853,0.1829268292682926,0.028954802259887,0.086864406779661,08019054_10_M,Barcelona Vall d'Hebron,Urban/Background,Barcelona
e1_rr_08019054_10_M,08019054_10_M,hgb_direct,3,abs_50,50.0,0.0,,,0.0,0.0078236130867709,08019054_10_M,Barcelona Vall d'Hebron,Urban/Background,Barcelona
e1_rr_08019054_10_M,08019054_10_M,hgb_direct,3,p75,23.30174253200569,0.2300319488817891,0.4137931034482758,0.2956878850102669,0.12375533428165,0.2226173541963015,08019054_10_M,Barcelona Vall d'Hebron,Urban/Background,Barcelona
e1_rr_08019054_10_M,08019054_10_M,hgb_direct,3,p90,29.527674253200573,0.05,0.25,0.0833333333333333,0.0170697012802275,0.0853485064011379,08019054_10_M,Barcelona Vall d'Hebron,Urban/Background,Barcelona
e1_rr_08019054_10_M,08019054_10_M,hgb_direct,4,abs_50,50.0,0.0,,,0.0,0.007868383404864,08019054_10_M,Barcelona Vall d'Hebron,Urban/Background,Barcelona
e1_rr_08019054_10_M,08019054_10_M,hgb_direct,4,p75,23.301144492131616,0.1779935275080906,0.3459119496855345,0.235042735042735,0.1137339055793991,0.2210300429184549,08019054_10_M,Barcelona Vall d'Hebron,Urban/Background,Barcelona
e1_rr_08019054_10_M,08019054_10_M,hgb_direct,4,p90,29.52555078683834,0.024793388429752,0.3,0.0458015267175572,0.0071530758226037,0.086552217453505,08019054_10_M,Barcelona Vall d'Hebron,Urban/Background,Barcelona
e1_rr_08019054_10_M,08019054_10_M,hgb_direct,5,abs_50,50.0,0.0,,,0.0,0.0086517664023071,08019054_10_M,Barcelona Vall d'Hebron,Urban/Background,Barcelona
e1_rr_08019054_10_M,08019054_10_M,hgb_direct,5,p75,23.299567411679885,0.1758957654723127,0.3375,0.2312633832976445,0.1153568853640951,0.2213410237923576,08019054_10_M,Barcelona Vall d'Hebron,Urban/Background,Barcelona
e1_rr_08019054_10_M,08019054_10_M,hgb_direct,5,p90,29.521441961067055,0.0163934426229508,0.2222222222222222,0.0305343511450381,0.0064888248017303,0.0879596250901225,08019054_10_M,Barcelona Vall d'Hebron,Urban/Background,Barcelona
e1_rr_08019054_10_M,08019054_10_M,hgb_direct,6,abs_50,50.0,0.0,,,0.0,0.0087019579405366,08019054_10_M,Barcelona Vall d'Hebron,Urban/Background,Barcelona
e1_rr_08019054_10_M,08019054_10_M,hgb_direct,6,p75,23.29838651196519,0.160655737704918,0.3356164383561644,0.2172949002217295,0.1058738216098622,0.2211747643219724,08019054_10_M,Barcelona Vall d'Hebron,Urban/Background,Barcelona
e1_rr_08019054_10_M,08019054_10_M,hgb_direct,6,p90,29.51852791878173,0.0245901639344262,0.6,0.0472440944881889,0.0036258158085569,0.0884699057287889,08019054_10_M,Barcelona Vall d'Hebron,Urban/Background,Barcelona
e1_rr_08019054_10_M,08019054_10_M,hgb_direct,7,abs_50,50.0,0.0,,,0.0,0.0087463556851311,08019054_10_M,Barcelona Vall d'Hebron,Urban/Background,Barcelona
e1_rr_08019054_10_M,08019054_10_M,hgb_direct,7,p75,23.298104956268222,0.1584158415841584,0.3380281690140845,0.2157303370786517,0.1034985422740524,0.2208454810495626,08019054_10_M,Barcelona Vall d'Hebron,Urban/Background,Barcelona
e1_rr_08019054_10_M,08019054_10_M,hgb_direct,7,p90,29.5172084548105,0.0,0.0,,0.0021865889212827,0.0889212827988338,08019054_10_M,Barcelona Vall d'Hebron,Urban/Background,Barcelona
e1_rr_08019054_10_M,08019054_10_M,persistence,1,abs_50,50.0,0.2727272727272727,0.2727272727272727,0.2727272727272727,0.0077084793272599,0.0077084793272599,08019054_10_M,Barcelona Vall d'Hebron,Urban/Background,Barcelona
e1_rr_08019054_10_M,08019054_10_M,persistence,1,p75,23.303188507358097,0.6158730158730159,0.6158730158730159,0.6158730158730159,0.2207428170988087,0.2207428170988087,08019054_10_M,Barcelona Vall d'Hebron,Urban/Background,Barcelona
e1_rr_08019054_10_M,08019054_10_M,persistence,1,p90,29.532389628591453,0.4634146341463415,0.4672131147540984,0.4653061224489796,0.0854940434477925,0.0861948142957253,08019054_10_M,Barcelona Vall d'Hebron,Urban/Background,Barcelona
e1_rr_08019054_10_M,08019054_10_M,persistence,2,abs_50,50.0,0.0909090909090909,0.0909090909090909,0.0909090909090909,0.0077683615819209,0.0077683615819209,08019054_10_M,Barcelona Vall d'Hebron,Urban/Background,Barcelona
e1_rr_08019054_10_M,08019054_10_M,persistence,2,p75,23.303142655367232,0.473015873015873,0.4806451612903226,0.4768,0.2189265536723164,0.222457627118644,08019054_10_M,Barcelona Vall d'Hebron,Urban/Background,Barcelona
e1_rr_08019054_10_M,08019054_10_M,persistence,2,p90,29.531659604519778,0.3495934959349593,0.3524590163934426,0.3510204081632653,0.0861581920903954,0.086864406779661,08019054_10_M,Barcelona Vall d'Hebron,Urban/Background,Barcelona
e1_rr_08019054_10_M,08019054_10_M,persistence,3,abs_50,50.0,0.0,0.0,,0.0078236130867709,0.0078236130867709,08019054_10_M,Barcelona Vall d'Hebron,Urban/Background,Barcelona
e1_rr_08019054_10_M,08019054_10_M,persistence,3,p75,23.30174253200569,0.3961661341853035,0.4025974025974026,0.3993558776167472,0.2190611664295874,0.2226173541963015,08019054_10_M,Barcelona Vall d'Hebron,Urban/Background,Barcelona
e1_rr_08019054_10_M,08019054_10_M,persistence,3,p90,29.527674253200573,0.275,0.2727272727272727,0.2738589211618257,0.0860597439544808,0.0853485064011379,08019054_10_M,Barcelona Vall d'Hebron,Urban/Background,Barcelona
e1_rr_08019054_10_M,08019054_10_M,persistence,4,abs_50,50.0,0.0,0.0,,0.007868383404864,0.007868383404864,08019054_10_M,Barcelona Vall d'Hebron,Urban/Background,Barcelona
e1_rr_08019054_10_M,08019054_10_M,persistence,4,p75,23.301144492131616,0.3203883495145631,0.3214285714285714,0.3209076175040519,0.2203147353361945,0.2210300429184549,08019054_10_M,Barcelona Vall d'Hebron,Urban/Background,Barcelona
e1_rr_08019054_10_M,08019054_10_M,persistence,4,p90,29.52555078683834,0.2066115702479339,0.2066115702479339,0.2066115702479339,0.086552217453505,0.086552217453505,08019054_10_M,Barcelona Vall d'Hebron,Urban/Background,Barcelona
e1_rr_08019054_10_M,08019054_10_M,persistence,5,abs_50,50.0,0.0,0.0,,0.0079307858687815,0.0086517664023071,08019054_10_M,Barcelona Vall d'Hebron,Urban/Background,Barcelona
e1_rr_08019054_10_M,08019054_10_M,persistence,5,p75,23.299567411679885,0.3192182410423452,0.3234323432343234,0.321311475409836,0.2184571016582552,0.2213410237923576,08019054_10_M,Barcelona Vall d'Hebron,Urban/Background,Barcelona
e1_rr_08019054_10_M,08019054_10_M,persistence,5,p90,29.521441961067055,0.1967213114754098,0.2033898305084746,0.2,0.0850757029560201,0.0879596250901225,08019054_10_M,Barcelona Vall d'Hebron,Urban/Background,Barcelona
e1_rr_08019054_10_M,08019054_10_M,persistence,6,abs_50,50.0,0.0,0.0,,0.0079767947788252,0.0087019579405366,08019054_10_M,Barcelona Vall d'Hebron,Urban/Background,Barcelona
e1_rr_08019054_10_M,08019054_10_M,persistence,6,p75,23.29838651196519,0.3147540983606557,0.3189368770764119,0.3168316831683169,0.2182741116751269,0.2211747643219724,08019054_10_M,Barcelona Vall d'Hebron,Urban/Background,Barcelona
e1_rr_08019054_10_M,08019054_10_M,persistence,6,p90,29.51852791878173,0.2131147540983606,0.2166666666666666,0.2148760330578512,0.0870195794053662,0.0884699057287889,08019054_10_M,Barcelona Vall d'Hebron,Urban/Background,Barcelona
e1_rr_08019054_10_M,08019054_10_M,persistence,7,abs_50,50.0,0.0,0.0,,0.0080174927113702,0.0087463556851311,08019054_10_M,Barcelona Vall d'Hebron,Urban/Background,Barcelona
e1_rr_08019054_10_M,08019054_10_M,persistence,7,p75,23.298104956268222,0.2904290429042904,0.2933333333333333,0.2918739635157545,0.2186588921282798,0.2208454810495626,08019054_10_M,Barcelona Vall d'Hebron,Urban/Background,Barcelona
e1_rr_08019054_10_M,08019054_10_M,persistence,7,p90,29.5172084548105,0.1967213114754098,0.2016806722689075,0.1991701244813278,0.086734693877551,0.0889212827988338,08019054_10_M,Barcelona Vall d'Hebron,Urban/Background,Barcelona
e1_rr_08019054_10_M,08019054_10_M,ridge_direct,1,abs_50,50.0,0.1818181818181818,0.4,0.25,0.0035038542396636,0.0077084793272599,08019054_10_M,Barcelona Vall d'Hebron,Urban/Background,Barcelona
e1_rr_08019054_10_M,08019054_10_M,ridge_direct,1,p75,23.303188507358097,0.5301587301587302,0.6549019607843137,0.5859649122807018,0.1786965662228451,0.2207428170988087,08019054_10_M,Barcelona Vall d'Hebron,Urban/Background,Barcelona
e1_rr_08019054_10_M,08019054_10_M,ridge_direct,1,p90,29.532389628591453,0.2601626016260163,0.5245901639344263,0.3478260869565218,0.0427470217238962,0.0861948142957253,08019054_10_M,Barcelona Vall d'Hebron,Urban/Background,Barcelona
e1_rr_08019054_10_M,08019054_10_M,ridge_direct,2,abs_50,50.0,0.0,0.0,,0.001412429378531,0.0077683615819209,08019054_10_M,Barcelona Vall d'Hebron,Urban/Background,Barcelona
e1_rr_08019054_10_M,08019054_10_M,ridge_direct,2,p75,23.303142655367232,0.2920634920634921,0.5227272727272727,0.3747454175152749,0.1242937853107344,0.222457627118644,08019054_10_M,Barcelona Vall d'Hebron,Urban/Background,Barcelona
e1_rr_08019054_10_M,08019054_10_M,ridge_direct,2,p90,29.531659604519778,0.048780487804878,0.2857142857142857,0.0833333333333333,0.0148305084745762,0.086864406779661,08019054_10_M,Barcelona Vall d'Hebron,Urban/Background,Barcelona
e1_rr_08019054_10_M,08019054_10_M,ridge_direct,3,abs_50,50.0,0.0,,,0.0,0.0078236130867709,08019054_10_M,Barcelona Vall d'Hebron,Urban/Background,Barcelona
e1_rr_08019054_10_M,08019054_10_M,ridge_direct,3,p75,23.30174253200569,0.1853035143769968,0.4833333333333333,0.2678983833718245,0.0853485064011379,0.2226173541963015,08019054_10_M,Barcelona Vall d'Hebron,Urban/Background,Barcelona
e1_rr_08019054_10_M,08019054_10_M,ridge_direct,3,p90,29.527674253200573,0.0083333333333333,0.1111111111111111,0.0155038759689922,0.0064011379800853,0.0853485064011379,08019054_10_M,Barcelona Vall d'Hebron,Urban/Background,Barcelona
e1_rr_08019054_10_M,08019054_10_M,ridge_direct,4,abs_50,50.0,0.0,,,0.0,0.007868383404864,08019054_10_M,Barcelona Vall d'Hebron,Urban/Background,Barcelona
e1_rr_08019054_10_M,08019054_10_M,ridge_direct,4,p75,23.301144492131616,0.1229773462783171,0.4175824175824176,0.1899999999999999,0.0650929899856938,0.2210300429184549,08019054_10_M,Barcelona Vall d'Hebron,Urban/Background,Barcelona
e1_rr_08019054_10_M,08019054_10_M,ridge_direct,4,p90,29.52555078683834,0.0082644628099173,0.1666666666666666,0.0157480314960629,0.0042918454935622,0.086552217453505,08019054_10_M,Barcelona Vall d'Hebron,Urban/Background,Barcelona
e1_rr_08019054_10_M,08019054_10_M,ridge_direct,5,abs_50,50.0,0.0,,,0.0,0.0086517664023071,08019054_10_M,Barcelona Vall d'Hebron,Urban/Background,Barcelona
e1_rr_08019054_10_M,08019054_10_M,ridge_direct,5,p75,23.299567411679885,0.1107491856677524,0.4533333333333333,0.1780104712041884,0.0540735400144196,0.2213410237923576,08019054_10_M,Barcelona Vall d'Hebron,Urban/Background,Barcelona
e1_rr_08019054_10_M,08019054_10_M,ridge_direct,5,p90,29.521441961067055,0.0,0.0,,0.0028839221341023,0.0879596250901225,08019054_10_M,Barcelona Vall d'Hebron,Urban/Background,Barcelona
e1_rr_08019054_10_M,08019054_10_M,ridge_direct,6,abs_50,50.0,0.0,,,0.0,0.0087019579405366,08019054_10_M,Barcelona Vall d'Hebron,Urban/Background,Barcelona
e1_rr_08019054_10_M,08019054_10_M,ridge_direct,6,p75,23.29838651196519,0.121311475409836,0.4868421052631579,0.1942257217847769,0.0551124002900652,0.2211747643219724,08019054_10_M,Barcelona Vall d'Hebron,Urban/Background,Barcelona
e1_rr_08019054_10_M,08019054_10_M,ridge_direct,6,p90,29.51852791878173,0.0163934426229508,0.4,0.0314960629921259,0.0036258158085569,0.0884699057287889,08019054_10_M,Barcelona Vall d'Hebron,Urban/Background,Barcelona
e1_rr_08019054_10_M,08019054_10_M,ridge_direct,7,abs_50,50.0,0.0,,,0.0,0.0087463556851311,08019054_10_M,Barcelona Vall d'Hebron,Urban/Background,Barcelona
e1_rr_08019054_10_M,08019054_10_M,ridge_direct,7,p75,23.298104956268222,0.0957095709570957,0.4084507042253521,0.1550802139037433,0.0517492711370262,0.2208454810495626,08019054_10_M,Barcelona Vall d'Hebron,Urban/Background,Barcelona
e1_rr_08019054_10_M,08019054_10_M,ridge_direct,7,p90,29.5172084548105,0.0081967213114754,0.25,0.0158730158730158,0.0029154518950437,0.0889212827988338,08019054_10_M,Barcelona Vall d'Hebron,Urban/Background,Barcelona
e1_rr_08019054_10_M,08019054_10_M,sarima,1,abs_50,50.0,0.5,0.5,0.5,0.0120481927710843,0.0120481927710843,08019054_10_M,Barcelona Vall d'Hebron,Urban/Background,Barcelona
e1_rr_08019054_10_M,08019054_10_M,sarima,1,p75,22.99484848484849,0.5098039215686274,0.6842105263157895,0.5842696629213484,0.2303030303030303,0.3090909090909091,08019054_10_M,Barcelona Vall d'Hebron,Urban/Background,Barcelona
e1_rr_08019054_10_M,08019054_10_M,sarima,1,p90,28.79090909090909,0.238095238095238,0.4166666666666667,0.303030303030303,0.0727272727272727,0.1272727272727272,08019054_10_M,Barcelona Vall d'Hebron,Urban/Background,Barcelona
e1_rr_08019054_10_M,08019054_10_M,sarima,2,abs_50,50.0,0.0,,,0.0,0.0120481927710843,08019054_10_M,Barcelona Vall d'Hebron,Urban/Background,Barcelona
e1_rr_08019054_10_M,08019054_10_M,sarima,2,p75,23.027727272727272,0.15,0.3333333333333333,0.2068965517241379,0.109090909090909,0.2424242424242424,08019054_10_M,Barcelona Vall d'Hebron,Urban/Background,Barcelona
e1_rr_08019054_10_M,08019054_10_M,sarima,2,p90,28.85024242424243,0.1578947368421052,0.5,0.2399999999999999,0.0363636363636363,0.1151515151515151,08019054_10_M,Barcelona Vall d'Hebron,Urban/Background,Barcelona
e1_rr_08019054_10_M,08019054_10_M,sarima,3,abs_50,50.0,0.0,,,0.0,0.0185185185185185,08019054_10_M,Barcelona Vall d'Hebron,Urban/Background,Barcelona
e1_rr_08019054_10_M,08019054_10_M,sarima,3,p75,22.990683229813666,0.0952380952380952,0.2666666666666666,0.1403508771929824,0.093167701863354,0.2608695652173913,08019054_10_M,Barcelona Vall d'Hebron,Urban/Background,Barcelona
e1_rr_08019054_10_M,08019054_10_M,sarima,3,p90,28.78627329192547,0.0,0.0,,0.0124223602484472,0.1180124223602484,08019054_10_M,Barcelona Vall d'Hebron,Urban/Background,Barcelona
e1_rr_08019054_10_M,08019054_10_M,sarima,4,abs_50,50.0,,,,0.0,0.0,08019054_10_M,Barcelona Vall d'Hebron,Urban/Background,Barcelona
e1_rr_08019054_10_M,08019054_10_M,sarima,4,p75,23.005182926829267,0.0512820512820512,0.2222222222222222,0.0833333333333333,0.0548780487804878,0.2378048780487804,08019054_10_M,Barcelona Vall d'Hebron,Urban/Background,Barcelona
e1_rr_08019054_10_M,08019054_10_M,sarima,4,p90,28.820365853658544,0.0,,,0.0,0.0853658536585365,08019054_10_M,Barcelona Vall d'Hebron,Urban/Background,Barcelona
e1_rr_08019054_10_M,08019054_10_M,sarima,5,abs_50,50.0,0.0,,,0.0,0.0121951219512195,08019054_10_M,Barcelona Vall d'Hebron,Urban/Background,Barcelona
e1_rr_08019054_10_M,08019054_10_M,sarima,5,p75,23.009049079754604,0.0555555555555555,0.25,0.0909090909090909,0.0490797546012269,0.2208588957055214,08019054_10_M,Barcelona Vall d'Hebron,Urban/Background,Barcelona
e1_rr_08019054_10_M,08019054_10_M,sarima,5,p90,28.838773006134975,0.0,,,0.0,0.1165644171779141,08019054_10_M,Barcelona Vall d'Hebron,Urban/Background,Barcelona
e1_rr_08019054_10_M,08019054_10_M,sarima,6,abs_50,50.0,0.0,,,0.0,0.0119047619047619,08019054_10_M,Barcelona Vall d'Hebron,Urban/Background,Barcelona
e1_rr_08019054_10_M,08019054_10_M,sarima,6,p75,23.02754491017964,0.0476190476190476,0.1818181818181818,0.0754716981132075,0.0658682634730539,0.2514970059880239,08019054_10_M,Barcelona Vall d'Hebron,Urban/Background,Barcelona
e1_rr_08019054_10_M,08019054_10_M,sarima,6,p90,28.88676646706587,0.0476190476190476,1.0,0.0909090909090909,0.0059880239520958,0.1257485029940119,08019054_10_M,Barcelona Vall d'Hebron,Urban/Background,Barcelona
e1_rr_08019054_10_M,08019054_10_M,sarima,7,abs_50,50.0,0.0,,,0.0,0.0122699386503067,08019054_10_M,Barcelona Vall d'Hebron,Urban/Background,Barcelona
e1_rr_08019054_10_M,08019054_10_M,sarima,7,p75,23.00817901234568,0.0,0.0,,0.037037037037037,0.2654320987654321,08019054_10_M,Barcelona Vall d'Hebron,Urban/Background,Barcelona
e1_rr_08019054_10_M,08019054_10_M,sarima,7,p90,28.837777777777784,0.0,,,0.0,0.1234567901234567,08019054_10_M,Barcelona Vall d'Hebron,Urban/Background,Barcelona
e1_rr_08019054_10_M,08019054_10_M,seasonal_naive,1,abs_50,50.0,0.0,0.0,,0.0084092501751927,0.0077084793272599,08019054_10_M,Barcelona Vall d'Hebron,Urban/Background,Barcelona
e1_rr_08019054_10_M,08019054_10_M,seasonal_naive,1,p75,23.303188507358097,0.2984126984126984,0.2984126984126984,0.2984126984126984,0.2207428170988087,0.2207428170988087,08019054_10_M,Barcelona Vall d'Hebron,Urban/Background,Barcelona
e1_rr_08019054_10_M,08019054_10_M,seasonal_naive,1,p90,29.532389628591453,0.1951219512195122,0.1951219512195122,0.1951219512195122,0.0861948142957253,0.0861948142957253,08019054_10_M,Barcelona Vall d'Hebron,Urban/Background,Barcelona
e1_rr_08019054_10_M,08019054_10_M,seasonal_naive,2,abs_50,50.0,0.0,0.0,,0.0084745762711864,0.0077683615819209,08019054_10_M,Barcelona Vall d'Hebron,Urban/Background,Barcelona
e1_rr_08019054_10_M,08019054_10_M,seasonal_naive,2,p75,23.303142655367232,0.2984126984126984,0.3022508038585209,0.3003194888178914,0.2196327683615819,0.222457627118644,08019054_10_M,Barcelona Vall d'Hebron,Urban/Background,Barcelona
e1_rr_08019054_10_M,08019054_10_M,seasonal_naive,2,p90,29.531659604519778,0.2032520325203252,0.2032520325203252,0.2032520325203252,0.086864406779661,0.086864406779661,08019054_10_M,Barcelona Vall d'Hebron,Urban/Background,Barcelona
e1_rr_08019054_10_M,08019054_10_M,seasonal_naive,3,abs_50,50.0,0.0,0.0,,0.0085348506401137,0.0078236130867709,08019054_10_M,Barcelona Vall d'Hebron,Urban/Background,Barcelona
e1_rr_08019054_10_M,08019054_10_M,seasonal_naive,3,p75,23.30174253200569,0.2971246006389776,0.3,0.2985553772070625,0.2204836415362731,0.2226173541963015,08019054_10_M,Barcelona Vall d'Hebron,Urban/Background,Barcelona
e1_rr_08019054_10_M,08019054_10_M,seasonal_naive,3,p90,29.527674253200573,0.2,0.1967213114754098,0.1983471074380165,0.0867709815078236,0.0853485064011379,08019054_10_M,Barcelona Vall d'Hebron,Urban/Background,Barcelona
e1_rr_08019054_10_M,08019054_10_M,seasonal_naive,4,abs_50,50.0,0.0,0.0,,0.0085836909871244,0.007868383404864,08019054_10_M,Barcelona Vall d'Hebron,Urban/Background,Barcelona
e1_rr_08019054_10_M,08019054_10_M,seasonal_naive,4,p75,23.301144492131616,0.2880258899676375,0.2908496732026144,0.2894308943089431,0.2188841201716738,0.2210300429184549,08019054_10_M,Barcelona Vall d'Hebron,Urban/Background,Barcelona
e1_rr_08019054_10_M,08019054_10_M,seasonal_naive,4,p90,29.52555078683834,0.1900826446280991,0.1885245901639344,0.1893004115226337,0.0872675250357653,0.086552217453505,08019054_10_M,Barcelona Vall d'Hebron,Urban/Background,Barcelona
e1_rr_08019054_10_M,08019054_10_M,seasonal_naive,5,abs_50,50.0,0.0,0.0,,0.0079307858687815,0.0086517664023071,08019054_10_M,Barcelona Vall d'Hebron,Urban/Background,Barcelona
e1_rr_08019054_10_M,08019054_10_M,seasonal_naive,5,p75,23.299567411679885,0.2931596091205212,0.297029702970297,0.2950819672131147,0.2184571016582552,0.2213410237923576,08019054_10_M,Barcelona Vall d'Hebron,Urban/Background,Barcelona
e1_rr_08019054_10_M,08019054_10_M,seasonal_naive,5,p90,29.521441961067055,0.1967213114754098,0.2,0.1983471074380165,0.0865176640230713,0.0879596250901225,08019054_10_M,Barcelona Vall d'Hebron,Urban/Background,Barcelona
e1_rr_08019054_10_M,08019054_10_M,seasonal_naive,6,abs_50,50.0,0.0,0.0,,0.0079767947788252,0.0087019579405366,08019054_10_M,Barcelona Vall d'Hebron,Urban/Background,Barcelona
e1_rr_08019054_10_M,08019054_10_M,seasonal_naive,6,p75,23.29838651196519,0.2983606557377049,0.3003300330033003,0.2993421052631579,0.2197244379985496,0.2211747643219724,08019054_10_M,Barcelona Vall d'Hebron,Urban/Background,Barcelona
e1_rr_08019054_10_M,08019054_10_M,seasonal_naive,6,p90,29.51852791878173,0.1967213114754098,0.2033898305084746,0.2,0.0855692530819434,0.0884699057287889,08019054_10_M,Barcelona Vall d'Hebron,Urban/Background,Barcelona
e1_rr_08019054_10_M,08019054_10_M,seasonal_naive,7,abs_50,50.0,0.0,0.0,,0.0080174927113702,0.0087463556851311,08019054_10_M,Barcelona Vall d'Hebron,Urban/Background,Barcelona
e1_rr_08019054_10_M,08019054_10_M,seasonal_naive,7,p75,23.298104956268222,0.2904290429042904,0.2933333333333333,0.2918739635157545,0.2186588921282798,0.2208454810495626,08019054_10_M,Barcelona Vall d'Hebron,Urban/Background,Barcelona
e1_rr_08019054_10_M,08019054_10_M,seasonal_naive,7,p90,29.5172084548105,0.1967213114754098,0.2016806722689075,0.1991701244813278,0.086734693877551,0.0889212827988338,08019054_10_M,Barcelona Vall d'Hebron,Urban/Background,Barcelona
e1_rr_08019054_10_M,08019054_10_M,stl_ridge_direct,1,abs_50,50.0,0.4545454545454545,0.0284090909090909,0.053475935828877,0.1233356692361597,0.0077084793272599,08019054_10_M,Barcelona Vall d'Hebron,Urban/Background,Barcelona
e1_rr_08019054_10_M,08019054_10_M,stl_ridge_direct,1,p75,23.303188507358097,0.9968253968253968,0.227866473149492,0.370939161252215,0.9656622284512963,0.2207428170988087,08019054_10_M,Barcelona Vall d'Hebron,Urban/Background,Barcelona
e1_rr_08019054_10_M,08019054_10_M,stl_ridge_direct,1,p90,29.532389628591453,0.943089430894309,0.0982218458933107,0.1779141104294478,0.8276103714085494,0.0861948142957253,08019054_10_M,Barcelona Vall d'Hebron,Urban/Background,Barcelona
e1_rr_08019054_10_M,08019054_10_M,stl_ridge_direct,2,abs_50,50.0,0.0,0.0,,0.1200564971751412,0.0077683615819209,08019054_10_M,Barcelona Vall d'Hebron,Urban/Background,Barcelona
e1_rr_08019054_10_M,08019054_10_M,stl_ridge_direct,2,p75,23.303142655367232,0.9904761904761904,0.2236559139784946,0.3649122807017544,0.9851694915254238,0.222457627118644,08019054_10_M,Barcelona Vall d'Hebron,Urban/Background,Barcelona
e1_rr_08019054_10_M,08019054_10_M,stl_ridge_direct,2,p90,29.531659604519778,0.8861788617886179,0.0913663034367141,0.1656534954407294,0.8425141242937854,0.086864406779661,08019054_10_M,Barcelona Vall d'Hebron,Urban/Background,Barcelona
e1_rr_08019054_10_M,08019054_10_M,stl_ridge_direct,3,abs_50,50.0,0.0,0.0,,0.1209103840682788,0.0078236130867709,08019054_10_M,Barcelona Vall d'Hebron,Urban/Background,Barcelona
e1_rr_08019054_10_M,08019054_10_M,stl_ridge_direct,3,p75,23.30174253200569,0.9968051118210862,0.2230164403145103,0.3644859813084112,0.9950213371266002,0.2226173541963015,08019054_10_M,Barcelona Vall d'Hebron,Urban/Background,Barcelona
e1_rr_08019054_10_M,08019054_10_M,stl_ridge_direct,3,p90,29.527674253200573,0.8833333333333333,0.0878210439105219,0.159758854559156,0.8584637268847796,0.0853485064011379,08019054_10_M,Barcelona Vall d'Hebron,Urban/Background,Barcelona
e1_rr_08019054_10_M,08019054_10_M,stl_ridge_direct,4,abs_50,50.0,0.0,0.0,,0.111587982832618,0.007868383404864,08019054_10_M,Barcelona Vall d'Hebron,Urban/Background,Barcelona
e1_rr_08019054_10_M,08019054_10_M,stl_ridge_direct,4,p75,23.301144492131616,1.0,0.2213467048710601,0.3624633431085043,0.9985693848354792,0.2210300429184549,08019054_10_M,Barcelona Vall d'Hebron,Urban/Background,Barcelona
e1_rr_08019054_10_M,08019054_10_M,stl_ridge_direct,4,p90,29.52555078683834,0.8760330578512396,0.0875309661436829,0.1591591591591591,0.8662374821173104,0.086552217453505,08019054_10_M,Barcelona Vall d'Hebron,Urban/Background,Barcelona
e1_rr_08019054_10_M,08019054_10_M,stl_ridge_direct,5,abs_50,50.0,0.0833333333333333,0.0070422535211267,0.0129870129870129,0.1023792357606344,0.0086517664023071,08019054_10_M,Barcelona Vall d'Hebron,Urban/Background,Barcelona
e1_rr_08019054_10_M,08019054_10_M,stl_ridge_direct,5,p75,23.299567411679885,1.0,0.2213410237923576,0.3624557260920897,1.0,0.2213410237923576,08019054_10_M,Barcelona Vall d'Hebron,Urban/Background,Barcelona
e1_rr_08019054_10_M,08019054_10_M,stl_ridge_direct,5,p90,29.521441961067055,0.8852459016393442,0.0888888888888888,0.1615557217651458,0.8759913482335977,0.0879596250901225,08019054_10_M,Barcelona Vall d'Hebron,Urban/Background,Barcelona
e1_rr_08019054_10_M,08019054_10_M,stl_ridge_direct,6,abs_50,50.0,0.0833333333333333,0.0071428571428571,0.0131578947368421,0.1015228426395939,0.0087019579405366,08019054_10_M,Barcelona Vall d'Hebron,Urban/Background,Barcelona
e1_rr_08019054_10_M,08019054_10_M,stl_ridge_direct,6,p75,23.29838651196519,1.0,0.2211747643219724,0.3622327790973872,1.0,0.2211747643219724,08019054_10_M,Barcelona Vall d'Hebron,Urban/Background,Barcelona
e1_rr_08019054_10_M,08019054_10_M,stl_ridge_direct,6,p90,29.51852791878173,0.8852459016393442,0.0880913539967373,0.1602373887240356,0.889050036258158,0.0884699057287889,08019054_10_M,Barcelona Vall d'Hebron,Urban/Background,Barcelona
e1_rr_08019054_10_M,08019054_10_M,stl_ridge_direct,7,abs_50,50.0,0.0833333333333333,0.0072992700729927,0.0134228187919463,0.0998542274052478,0.0087463556851311,08019054_10_M,Barcelona Vall d'Hebron,Urban/Background,Barcelona
e1_rr_08019054_10_M,08019054_10_M,stl_ridge_direct,7,p75,23.298104956268222,1.0,0.2208454810495626,0.3617910447761194,1.0,0.2208454810495626,08019054_10_M,Barcelona Vall d'Hebron,Urban/Background,Barcelona
e1_rr_08019054_10_M,08019054_10_M,stl_ridge_direct,7,p90,29.5172084548105,0.9016393442622952,0.0889248181083266,0.1618837380426784,0.901603498542274,0.0889212827988338,08019054_10_M,Barcelona Vall d'Hebron,Urban/Background,Barcelona
e1_rr_08263007_10_M,08263007_10_M,hgb_direct,1,abs_50,50.0,0.0,,,0.0,0.0144528561596696,08263007_10_M,Sant Vicenc dels Horts Alaba,Suburban/Industrial,Barcelona
e1_rr_08263007_10_M,08263007_10_M,hgb_direct,1,p75,29.020320526496903,0.4412698412698412,0.6780487804878049,0.5346153846153847,0.1410874053682037,0.2167928423950447,08263007_10_M,Sant Vicenc dels Horts Alaba,Suburban/Industrial,Barcelona
e1_rr_08263007_10_M,08263007_10_M,hgb_direct,1,p90,37.068009215416375,0.2377049180327868,0.5370370370370371,0.3295454545454545,0.0371644872677219,0.0839642119752236,08263007_10_M,Sant Vicenc dels Horts Alaba,Suburban/Industrial,Barcelona
e1_rr_08263007_10_M,08263007_10_M,hgb_direct,2,abs_50,50.0,0.0,,,0.0,0.0138985406532314,08263007_10_M,Sant Vicenc dels Horts Alaba,Suburban/Industrial,Barcelona
e1_rr_08263007_10_M,08263007_10_M,hgb_direct,2,p75,29.021544475330092,0.310126582278481,0.5185185185185185,0.3881188118811881,0.1313412091730368,0.2195969423210562,08263007_10_M,Sant Vicenc dels Horts Alaba,Suburban/Industrial,Barcelona
e1_rr_08263007_10_M,08263007_10_M,hgb_direct,2,p90,37.06979666435024,0.0573770491803278,0.3684210526315789,0.0992907801418439,0.0132036136205698,0.0847810979847116,08263007_10_M,Sant Vicenc dels Horts Alaba,Suburban/Industrial,Barcelona
e1_rr_08263007_10_M,08263007_10_M,hgb_direct,3,abs_50,50.0,0.0,,,0.0,0.0146955913226032,08263007_10_M,Sant Vicenc dels Horts Alaba,Suburban/Industrial,Barcelona
e1_rr_08263007_10_M,08263007_10_M,hgb_direct,3,p75,29.024694804058782,0.273015873015873,0.5,0.3531827515400411,0.1203638908327501,0.2204338698390482,08263007_10_M,Sant Vicenc dels Horts Alaba,Suburban/Industrial,Barcelona
e1_rr_08263007_10_M,08263007_10_M,hgb_direct,3,p90,37.072941308607426,0.0165289256198347,0.4,0.0317460317460317,0.0034989503149055,0.0846745976207137,08263007_10_M,Sant Vicenc dels Horts Alaba,Suburban/Industrial,Barcelona
e1_rr_08263007_10_M,08263007_10_M,hgb_direct,4,abs_50,50.0,0.0,,,0.0,0.0147368421052631,08263007_10_M,Sant Vicenc dels Horts Alaba,Suburban/Industrial,Barcelona
e1_rr_08263007_10_M,08263007_10_M,hgb_direct,4,p75,29.02643066666667,0.2197452229299363,0.4451612903225806,0.2942430703624734,0.1087719298245614,0.2203508771929824,08263007_10_M,Sant Vicenc dels Horts Alaba,Suburban/Industrial,Barcelona
e1_rr_08263007_10_M,08263007_10_M,hgb_direct,4,p90,37.07530722807017,0.0082644628099173,0.3333333333333333,0.0161290322580645,0.0021052631578947,0.0849122807017543,08263007_10_M,Sant Vicenc dels Horts Alaba,Suburban/Industrial,Barcelona
e1_rr_08263007_10_M,08263007_10_M,hgb_direct,5,abs_50,50.0,0.0,,,0.0,0.0147679324894514,08263007_10_M,Sant Vicenc dels Horts Alaba,Suburban/Industrial,Barcelona
e1_rr_08263007_10_M,08263007_10_M,hgb_direct,5,p75,29.0282680907173,0.2025316455696202,0.4444444444444444,0.2782608695652174,0.1012658227848101,0.2222222222222222,08263007_10_M,Sant Vicenc dels Horts Alaba,Suburban/Industrial,Barcelona
e1_rr_08263007_10_M,08263007_10_M,hgb_direct,5,p90,37.07682814345992,0.0081967213114754,0.5,0.0161290322580645,0.0014064697609001,0.0857946554149085,08263007_10_M,Sant Vicenc dels Horts Alaba,Suburban/Industrial,Barcelona
e1_rr_08263007_10_M,08263007_10_M,hgb_direct,6,abs_50,50.0,0.0,,,0.0,0.0140845070422535,08263007_10_M,Sant Vicenc dels Horts Alaba,Suburban/Industrial,Barcelona
e1_rr_08263007_10_M,08263007_10_M,hgb_direct,6,p75,29.02840286971831,0.1941747572815534,0.4651162790697674,0.273972602739726,0.0908450704225352,0.2176056338028169,08263007_10_M,Sant Vicenc dels Horts Alaba,Suburban/Industrial,Barcelona
e1_rr_08263007_10_M,08263007_10_M,hgb_direct,6,p90,37.07628335915493,0.0,0.0,,0.0028169014084507,0.0852112676056338,08263007_10_M,Sant Vicenc dels Horts Alaba,Suburban/Industrial,Barcelona
e1_rr_08263007_10_M,08263007_10_M,hgb_direct,7,abs_50,50.0,0.0,,,0.0,0.0126760563380281,08263007_10_M,Sant Vicenc dels Horts Alaba,Suburban/Industrial,Barcelona
e1_rr_08263007_10_M,08263007_10_M,hgb_direct,7,p75,29.028778116197184,0.1856677524429967,0.4418604651162791,0.2614678899082568,0.0908450704225352,0.2161971830985915,08263007_10_M,Sant Vicenc dels Horts Alaba,Suburban/Industrial,Barcelona
e1_rr_08263007_10_M,08263007_10_M,hgb_direct,7,p90,37.07557811971831,0.0,0.0,,0.002112676056338,0.0823943661971831,08263007_10_M,Sant Vicenc dels Horts Alaba,Suburban/Industrial,Barcelona
e1_rr_08263007_10_M,08263007_10_M,persistence,1,abs_50,50.0,0.1428571428571428,0.15,0.1463414634146341,0.013764624913971,0.0144528561596696,08263007_10_M,Sant Vicenc dels Horts Alaba,Suburban/Industrial,Barcelona
e1_rr_08263007_10_M,08263007_10_M,persistence,1,p75,29.020320526496903,0.6158730158730159,0.6178343949044586,0.6168521462639109,0.2161046111493461,0.2167928423950447,08263007_10_M,Sant Vicenc dels Horts Alaba,Suburban/Industrial,Barcelona
e1_rr_08263007_10_M,08263007_10_M,persistence,1,p90,37.068009215416375,0.4426229508196721,0.45,0.4462809917355371,0.0825877494838265,0.0839642119752236,08263007_10_M,Sant Vicenc dels Horts Alaba,Suburban/Industrial,Barcelona
e1_rr_08263007_10_M,08263007_10_M,persistence,2,abs_50,50.0,0.0,0.0,,0.0138985406532314,0.0138985406532314,08263007_10_M,Sant Vicenc dels Horts Alaba,Suburban/Industrial,Barcelona
e1_rr_08263007_10_M,08263007_10_M,persistence,2,p75,29.021544475330092,0.509493670886076,0.5160256410256411,0.5127388535031848,0.21681723419041,0.2195969423210562,08263007_10_M,Sant Vicenc dels Horts Alaba,Suburban/Industrial,Barcelona
e1_rr_08263007_10_M,08263007_10_M,persistence,2,p90,37.06979666435024,0.2868852459016393,0.2966101694915254,0.2916666666666667,0.0820013898540653,0.0847810979847116,08263007_10_M,Sant Vicenc dels Horts Alaba,Suburban/Industrial,Barcelona
e1_rr_08263007_10_M,08263007_10_M,persistence,3,abs_50,50.0,0.0476190476190476,0.0476190476190476,0.0476190476190476,0.0146955913226032,0.0146955913226032,08263007_10_M,Sant Vicenc dels Horts Alaba,Suburban/Industrial,Barcelona
e1_rr_08263007_10_M,08263007_10_M,persistence,3,p75,29.024694804058782,0.4634920634920635,0.4679487179487179,0.4657097288676236,0.2183344996501049,0.2204338698390482,08263007_10_M,Sant Vicenc dels Horts Alaba,Suburban/Industrial,Barcelona
e1_rr_08263007_10_M,08263007_10_M,persistence,3,p90,37.072941308607426,0.2809917355371901,0.2857142857142857,0.2833333333333333,0.0832750174947515,0.0846745976207137,08263007_10_M,Sant Vicenc dels Horts Alaba,Suburban/Industrial,Barcelona
e1_rr_08263007_10_M,08263007_10_M,persistence,4,abs_50,50.0,0.0476190476190476,0.0476190476190476,0.0476190476190476,0.0147368421052631,0.0147368421052631,08263007_10_M,Sant Vicenc dels Horts Alaba,Suburban/Industrial,Barcelona
e1_rr_08263007_10_M,08263007_10_M,persistence,4,p75,29.02643066666667,0.3917197452229299,0.4006514657980456,0.3961352657004831,0.215438596491228,0.2203508771929824,08263007_10_M,Sant Vicenc dels Horts Alaba,Suburban/Industrial,Barcelona
e1_rr_08263007_10_M,08263007_10_M,persistence,4,p90,37.07530722807017,0.2231404958677686,0.2288135593220339,0.2259414225941422,0.0828070175438596,0.0849122807017543,08263007_10_M,Sant Vicenc dels Horts Alaba,Suburban/Industrial,Barcelona
e1_rr_08263007_10_M,08263007_10_M,persistence,5,abs_50,50.0,0.0,0.0,,0.0140646976090014,0.0147679324894514,08263007_10_M,Sant Vicenc dels Horts Alaba,Suburban/Industrial,Barcelona
e1_rr_08263007_10_M,08263007_10_M,persistence,5,p75,29.0282680907173,0.3955696202531645,0.4125412541254125,0.4038772213247172,0.2130801687763713,0.2222222222222222,08263007_10_M,Sant Vicenc dels Horts Alaba,Suburban/Industrial,Barcelona
e1_rr_08263007_10_M,08263007_10_M,persistence,5,p90,37.07682814345992,0.2295081967213114,0.2393162393162393,0.2343096234309623,0.0822784810126582,0.0857946554149085,08263007_10_M,Sant Vicenc dels Horts Alaba,Suburban/Industrial,Barcelona
e1_rr_08263007_10_M,08263007_10_M,persistence,6,abs_50,50.0,0.1,0.0952380952380952,0.0975609756097561,0.0147887323943661,0.0140845070422535,08263007_10_M,Sant Vicenc dels Horts Alaba,Suburban/Industrial,Barcelona
e1_rr_08263007_10_M,08263007_10_M,persistence,6,p75,29.02840286971831,0.3851132686084142,0.3901639344262295,0.3876221498371335,0.2147887323943662,0.2176056338028169,08263007_10_M,Sant Vicenc dels Horts Alaba,Suburban/Industrial,Barcelona
e1_rr_08263007_10_M,08263007_10_M,persistence,6,p90,37.07628335915493,0.2396694214876033,0.25,0.2447257383966244,0.0816901408450704,0.0852112676056338,08263007_10_M,Sant Vicenc dels Horts Alaba,Suburban/Industrial,Barcelona
e1_rr_08263007_10_M,08263007_10_M,persistence,7,abs_50,50.0,0.0555555555555555,0.05,0.0526315789473684,0.0140845070422535,0.0126760563380281,08263007_10_M,Sant Vicenc dels Horts Alaba,Suburban/Industrial,Barcelona
e1_rr_08263007_10_M,08263007_10_M,persistence,7,p75,29.028778116197184,0.3811074918566775,0.3811074918566775,0.3811074918566776,0.2161971830985915,0.2161971830985915,08263007_10_M,Sant Vicenc dels Horts Alaba,Suburban/Industrial,Barcelona
e1_rr_08263007_10_M,08263007_10_M,persistence,7,p90,37.07557811971831,0.2222222222222222,0.2203389830508474,0.2212765957446808,0.0830985915492957,0.0823943661971831,08263007_10_M,Sant Vicenc dels Horts Alaba,Suburban/Industrial,Barcelona
e1_rr_08263007_10_M,08263007_10_M,ridge_direct,1,abs_50,50.0,0.0,,,0.0,0.0144528561596696,08263007_10_M,Sant Vicenc dels Horts Alaba,Suburban/Industrial,Barcelona
e1_rr_08263007_10_M,08263007_10_M,ridge_direct,1,p75,29.020320526496903,0.4571428571428571,0.6697674418604651,0.5433962264150943,0.1479697178251892,0.2167928423950447,08263007_10_M,Sant Vicenc dels Horts Alaba,Suburban/Industrial,Barcelona
e1_rr_08263007_10_M,08263007_10_M,ridge_direct,1,p90,37.068009215416375,0.1311475409836065,0.5161290322580645,0.2091503267973856,0.0213351686166551,0.0839642119752236,08263007_10_M,Sant Vicenc dels Horts Alaba,Suburban/Industrial,Barcelona
e1_rr_08263007_10_M,08263007_10_M,ridge_direct,2,abs_50,50.0,0.0,,,0.0,0.0138985406532314,08263007_10_M,Sant Vicenc dels Horts Alaba,Suburban/Industrial,Barcelona
e1_rr_08263007_10_M,08263007_10_M,ridge_direct,2,p75,29.021544475330092,0.2721518987341772,0.5657894736842105,0.3675213675213675,0.1056289089645587,0.2195969423210562,08263007_10_M,Sant Vicenc dels Horts Alaba,Suburban/Industrial,Barcelona
e1_rr_08263007_10_M,08263007_10_M,ridge_direct,2,p90,37.06979666435024,0.0245901639344262,0.375,0.0461538461538461,0.0055594162612925,0.0847810979847116,08263007_10_M,Sant Vicenc dels Horts Alaba,Suburban/Industrial,Barcelona
e1_rr_08263007_10_M,08263007_10_M,ridge_direct,3,abs_50,50.0,0.0,,,0.0,0.0146955913226032,08263007_10_M,Sant Vicenc dels Horts Alaba,Suburban/Industrial,Barcelona
e1_rr_08263007_10_M,08263007_10_M,ridge_direct,3,p75,29.024694804058782,0.2126984126984127,0.5583333333333333,0.3080459770114942,0.0839748075577326,0.2204338698390482,08263007_10_M,Sant Vicenc dels Horts Alaba,Suburban/Industrial,Barcelona
e1_rr_08263007_10_M,08263007_10_M,ridge_direct,3,p90,37.072941308607426,0.0,,,0.0,0.0846745976207137,08263007_10_M,Sant Vicenc dels Horts Alaba,Suburban/Industrial,Barcelona
e1_rr_08263007_10_M,08263007_10_M,ridge_direct,4,abs_50,50.0,0.0,,,0.0,0.0147368421052631,08263007_10_M,Sant Vicenc dels Horts Alaba,Suburban/Industrial,Barcelona
e1_rr_08263007_10_M,08263007_10_M,ridge_direct,4,p75,29.02643066666667,0.1592356687898089,0.4629629629629629,0.2369668246445497,0.0757894736842105,0.2203508771929824,08263007_10_M,Sant Vicenc dels Horts Alaba,Suburban/Industrial,Barcelona
e1_rr_08263007_10_M,08263007_10_M,ridge_direct,4,p90,37.07530722807017,0.0,,,0.0,0.0849122807017543,08263007_10_M,Sant Vicenc dels Horts Alaba,Suburban/Industrial,Barcelona
e1_rr_08263007_10_M,08263007_10_M,ridge_direct,5,abs_50,50.0,0.0,,,0.0,0.0147679324894514,08263007_10_M,Sant Vicenc dels Horts Alaba,Suburban/Industrial,Barcelona
e1_rr_08263007_10_M,08263007_10_M,ridge_direct,5,p75,29.0282680907173,0.1518987341772152,0.5,0.233009708737864,0.0675105485232067,0.2222222222222222,08263007_10_M,Sant Vicenc dels Horts Alaba,Suburban/Industrial,Barcelona
e1_rr_08263007_10_M,08263007_10_M,ridge_direct,5,p90,37.07682814345992,0.0,,,0.0,0.0857946554149085,08263007_10_M,Sant Vicenc dels Horts Alaba,Suburban/Industrial,Barcelona
e1_rr_08263007_10_M,08263007_10_M,ridge_direct,6,abs_50,50.0,0.0,,,0.0,0.0140845070422535,08263007_10_M,Sant Vicenc dels Horts Alaba,Suburban/Industrial,Barcelona
e1_rr_08263007_10_M,08263007_10_M,ridge_direct,6,p75,29.02840286971831,0.1326860841423948,0.4767441860465116,0.2075949367088607,0.0605633802816901,0.2176056338028169,08263007_10_M,Sant Vicenc dels Horts Alaba,Suburban/Industrial,Barcelona
e1_rr_08263007_10_M,08263007_10_M,ridge_direct,6,p90,37.07628335915493,0.0,,,0.0,0.0852112676056338,08263007_10_M,Sant Vicenc dels Horts Alaba,Suburban/Industrial,Barcelona
e1_rr_08263007_10_M,08263007_10_M,ridge_direct,7,abs_50,50.0,0.0,,,0.0,0.0126760563380281,08263007_10_M,Sant Vicenc dels Horts Alaba,Suburban/Industrial,Barcelona
e1_rr_08263007_10_M,08263007_10_M,ridge_direct,7,p75,29.028778116197184,0.1270358306188925,0.4756097560975609,0.2005141388174807,0.0577464788732394,0.2161971830985915,08263007_10_M,Sant Vicenc dels Horts Alaba,Suburban/Industrial,Barcelona
e1_rr_08263007_10_M,08263007_10_M,ridge_direct,7,p90,37.07557811971831,0.0,,,0.0,0.0823943661971831,08263007_10_M,Sant Vicenc dels Horts Alaba,Suburban/Industrial,Barcelona
e1_rr_08263007_10_M,08263007_10_M,sarima,1,abs_50,50.0,0.0,,,0.0,0.0236686390532544,08263007_10_M,Sant Vicenc dels Horts Alaba,Suburban/Industrial,Barcelona
e1_rr_08263007_10_M,08263007_10_M,sarima,1,p75,30.184944345238097,0.3103448275862069,0.5294117647058824,0.391304347826087,0.1011904761904761,0.1726190476190476,08263007_10_M,Sant Vicenc dels Horts Alaba,Suburban/Industrial,Barcelona
e1_rr_08263007_10_M,08263007_10_M,sarima,1,p90,37.698333869047616,0.0769230769230769,0.3333333333333333,0.125,0.0178571428571428,0.0773809523809523,08263007_10_M,Sant Vicenc dels Horts Alaba,Suburban/Industrial,Barcelona
e1_rr_08263007_10_M,08263007_10_M,sarima,2,abs_50,50.0,0.0,,,0.0,0.0121212121212121,08263007_10_M,Sant Vicenc dels Horts Alaba,Suburban/Industrial,Barcelona
e1_rr_08263007_10_M,08263007_10_M,sarima,2,p75,30.21879786585366,0.0909090909090909,0.4285714285714285,0.15,0.0426829268292682,0.2012195121951219,08263007_10_M,Sant Vicenc dels Horts Alaba,Suburban/Industrial,Barcelona
e1_rr_08263007_10_M,08263007_10_M,sarima,2,p90,37.7120481097561,0.0,,,0.0,0.0853658536585365,08263007_10_M,Sant Vicenc dels Horts Alaba,Suburban/Industrial,Barcelona
e1_rr_08263007_10_M,08263007_10_M,sarima,3,abs_50,50.0,0.0,,,0.0,0.0124223602484472,08263007_10_M,Sant Vicenc dels Horts Alaba,Suburban/Industrial,Barcelona
e1_rr_08263007_10_M,08263007_10_M,sarima,3,p75,30.22120015625,0.0333333333333333,0.25,0.0588235294117647,0.025,0.1875,08263007_10_M,Sant Vicenc dels Horts Alaba,Suburban/Industrial,Barcelona
e1_rr_08263007_10_M,08263007_10_M,sarima,3,p90,37.69009525,0.0,,,0.0,0.08125,08263007_10_M,Sant Vicenc dels Horts Alaba,Suburban/Industrial,Barcelona
e1_rr_08263007_10_M,08263007_10_M,sarima,4,abs_50,50.0,0.0,,,0.0,0.0181818181818181,08263007_10_M,Sant Vicenc dels Horts Alaba,Suburban/Industrial,Barcelona
e1_rr_08263007_10_M,08263007_10_M,sarima,4,p75,30.22540137195122,0.0256410256410256,1.0,0.05,0.0060975609756097,0.2378048780487804,08263007_10_M,Sant Vicenc dels Horts Alaba,Suburban/Industrial,Barcelona
e1_rr_08263007_10_M,08263007_10_M,sarima,4,p90,37.7136462804878,0.0,,,0.0,0.0914634146341463,08263007_10_M,Sant Vicenc dels Horts Alaba,Suburban/Industrial,Barcelona
e1_rr_08263007_10_M,08263007_10_M,sarima,5,abs_50,50.0,0.0,,,0.0,0.01875,08263007_10_M,Sant Vicenc dels Horts Alaba,Suburban/Industrial,Barcelona
e1_rr_08263007_10_M,08263007_10_M,sarima,5,p75,30.130367610062898,0.0,,,0.0,0.1949685534591195,08263007_10_M,Sant Vicenc dels Horts Alaba,Suburban/Industrial,Barcelona
e1_rr_08263007_10_M,08263007_10_M,sarima,5,p90,37.68788094339622,0.0,,,0.0,0.0754716981132075,08263007_10_M,Sant Vicenc dels Horts Alaba,Suburban/Industrial,Barcelona
e1_rr_08263007_10_M,08263007_10_M,sarima,6,abs_50,50.0,,,,0.0,0.0,08263007_10_M,Sant Vicenc dels Horts Alaba,Suburban/Industrial,Barcelona
e1_rr_08263007_10_M,08263007_10_M,sarima,6,p75,30.221772408536587,0.0,,,0.0,0.2378048780487804,08263007_10_M,Sant Vicenc dels Horts Alaba,Suburban/Industrial,Barcelona
e1_rr_08263007_10_M,08263007_10_M,sarima,6,p90,37.70935390243902,0.0,,,0.0,0.0609756097560975,08263007_10_M,Sant Vicenc dels Horts Alaba,Suburban/Industrial,Barcelona
e1_rr_08263007_10_M,08263007_10_M,sarima,7,abs_50,50.0,0.0,,,0.0,0.0127388535031847,08263007_10_M,Sant Vicenc dels Horts Alaba,Suburban/Industrial,Barcelona
e1_rr_08263007_10_M,08263007_10_M,sarima,7,p75,30.160354967948724,0.0,,,0.0,0.1987179487179487,08263007_10_M,Sant Vicenc dels Horts Alaba,Suburban/Industrial,Barcelona
e1_rr_08263007_10_M,08263007_10_M,sarima,7,p90,37.66945820512821,0.0,,,0.0,0.1025641025641025,08263007_10_M,Sant Vicenc dels Horts Alaba,Suburban/Industrial,Barcelona
e1_rr_08263007_10_M,08263007_10_M,seasonal_naive,1,abs_50,50.0,0.0476190476190476,0.0476190476190476,0.0476190476190476,0.0144528561596696,0.0144528561596696,08263007_10_M,Sant Vicenc dels Horts Alaba,Suburban/Industrial,Barcelona
e1_rr_08263007_10_M,08263007_10_M,seasonal_naive,1,p75,29.020320526496903,0.3777777777777777,0.3851132686084142,0.3814102564102564,0.2126634549208534,0.2167928423950447,08263007_10_M,Sant Vicenc dels Horts Alaba,Suburban/Industrial,Barcelona
e1_rr_08263007_10_M,08263007_10_M,seasonal_naive,1,p90,37.068009215416375,0.2131147540983606,0.2321428571428571,0.2222222222222222,0.0770818995182381,0.0839642119752236,08263007_10_M,Sant Vicenc dels Horts Alaba,Suburban/Industrial,Barcelona
e1_rr_08263007_10_M,08263007_10_M,seasonal_naive,2,abs_50,50.0,0.05,0.0476190476190476,0.048780487804878,0.0145934676858929,0.0138985406532314,08263007_10_M,Sant Vicenc dels Horts Alaba,Suburban/Industrial,Barcelona
e1_rr_08263007_10_M,08263007_10_M,seasonal_naive,2,p75,29.021544475330092,0.3734177215189873,0.3831168831168831,0.3782051282051281,0.2140375260597637,0.2195969423210562,08263007_10_M,Sant Vicenc dels Horts Alaba,Suburban/Industrial,Barcelona
e1_rr_08263007_10_M,08263007_10_M,seasonal_naive,2,p90,37.06979666435024,0.2295081967213114,0.2413793103448276,0.2352941176470588,0.0806115357887421,0.0847810979847116,08263007_10_M,Sant Vicenc dels Horts Alaba,Suburban/Industrial,Barcelona
e1_rr_08263007_10_M,08263007_10_M,seasonal_naive,3,abs_50,50.0,0.0476190476190476,0.05,0.048780487804878,0.0139958012596221,0.0146955913226032,08263007_10_M,Sant Vicenc dels Horts Alaba,Suburban/Industrial,Barcelona
e1_rr_08263007_10_M,08263007_10_M,seasonal_naive,3,p75,29.024694804058782,0.3746031746031746,0.3806451612903225,0.3776,0.2169349195241427,0.2204338698390482,08263007_10_M,Sant Vicenc dels Horts Alaba,Suburban/Industrial,Barcelona
e1_rr_08263007_10_M,08263007_10_M,seasonal_naive,3,p90,37.072941308607426,0.2231404958677686,0.2347826086956521,0.2288135593220339,0.0804758572428271,0.0846745976207137,08263007_10_M,Sant Vicenc dels Horts Alaba,Suburban/Industrial,Barcelona
e1_rr_08263007_10_M,08263007_10_M,seasonal_naive,4,abs_50,50.0,0.0476190476190476,0.0526315789473684,0.05,0.0133333333333333,0.0147368421052631,08263007_10_M,Sant Vicenc dels Horts Alaba,Suburban/Industrial,Barcelona
e1_rr_08263007_10_M,08263007_10_M,seasonal_naive,4,p75,29.02643066666667,0.3726114649681528,0.3726114649681528,0.3726114649681528,0.2203508771929824,0.2203508771929824,08263007_10_M,Sant Vicenc dels Horts Alaba,Suburban/Industrial,Barcelona
e1_rr_08263007_10_M,08263007_10_M,seasonal_naive,4,p90,37.07530722807017,0.2148760330578512,0.2222222222222222,0.2184873949579832,0.0821052631578947,0.0849122807017543,08263007_10_M,Sant Vicenc dels Horts Alaba,Suburban/Industrial,Barcelona
e1_rr_08263007_10_M,08263007_10_M,seasonal_naive,5,abs_50,50.0,0.0476190476190476,0.0526315789473684,0.05,0.0133614627285513,0.0147679324894514,08263007_10_M,Sant Vicenc dels Horts Alaba,Suburban/Industrial,Barcelona
e1_rr_08263007_10_M,08263007_10_M,seasonal_naive,5,p75,29.0282680907173,0.370253164556962,0.3738019169329074,0.3720190779014308,0.220112517580872,0.2222222222222222,08263007_10_M,Sant Vicenc dels Horts Alaba,Suburban/Industrial,Barcelona
e1_rr_08263007_10_M,08263007_10_M,seasonal_naive,5,p90,37.07682814345992,0.2131147540983606,0.2222222222222222,0.2175732217573221,0.0822784810126582,0.0857946554149085,08263007_10_M,Sant Vicenc dels Horts Alaba,Suburban/Industrial,Barcelona
e1_rr_08263007_10_M,08263007_10_M,seasonal_naive,6,abs_50,50.0,0.05,0.05,0.05,0.0140845070422535,0.0140845070422535,08263007_10_M,Sant Vicenc dels Horts Alaba,Suburban/Industrial,Barcelona
e1_rr_08263007_10_M,08263007_10_M,seasonal_naive,6,p75,29.02840286971831,0.3786407766990291,0.375,0.3768115942028985,0.2197183098591549,0.2176056338028169,08263007_10_M,Sant Vicenc dels Horts Alaba,Suburban/Industrial,Barcelona
e1_rr_08263007_10_M,08263007_10_M,seasonal_naive,6,p90,37.07628335915493,0.2231404958677686,0.2288135593220339,0.2259414225941422,0.0830985915492957,0.0852112676056338,08263007_10_M,Sant Vicenc dels Horts Alaba,Suburban/Industrial,Barcelona
e1_rr_08263007_10_M,08263007_10_M,seasonal_naive,7,abs_50,50.0,0.0555555555555555,0.05,0.0526315789473684,0.0140845070422535,0.0126760563380281,08263007_10_M,Sant Vicenc dels Horts Alaba,Suburban/Industrial,Barcelona
e1_rr_08263007_10_M,08263007_10_M,seasonal_naive,7,p75,29.028778116197184,0.3811074918566775,0.3811074918566775,0.3811074918566776,0.2161971830985915,0.2161971830985915,08263007_10_M,Sant Vicenc dels Horts Alaba,Suburban/Industrial,Barcelona
e1_rr_08263007_10_M,08263007_10_M,seasonal_naive,7,p90,37.07557811971831,0.2222222222222222,0.2203389830508474,0.2212765957446808,0.0830985915492957,0.0823943661971831,08263007_10_M,Sant Vicenc dels Horts Alaba,Suburban/Industrial,Barcelona
e1_rr_08263007_10_M,08263007_10_M,stl_ridge_direct,1,abs_50,50.0,0.7142857142857143,0.0326797385620915,0.0625,0.3158981417756366,0.0144528561596696,08263007_10_M,Sant Vicenc dels Horts Alaba,Suburban/Industrial,Barcelona
e1_rr_08263007_10_M,08263007_10_M,stl_ridge_direct,1,p75,29.020320526496903,0.984126984126984,0.2311707680835197,0.3743961352657005,0.922918100481762,0.2167928423950447,08263007_10_M,Sant Vicenc dels Horts Alaba,Suburban/Industrial,Barcelona
e1_rr_08263007_10_M,08263007_10_M,stl_ridge_direct,1,p90,37.068009215416375,0.9344262295081968,0.1089866156787763,0.1952054794520548,0.7198898830006882,0.0839642119752236,08263007_10_M,Sant Vicenc dels Horts Alaba,Suburban/Industrial,Barcelona
e1_rr_08263007_10_M,08263007_10_M,stl_ridge_direct,2,abs_50,50.0,0.7,0.0303030303030303,0.0580912863070539,0.3210562890896455,0.0138985406532314,08263007_10_M,Sant Vicenc dels Horts Alaba,Suburban/Industrial,Barcelona
e1_rr_08263007_10_M,08263007_10_M,stl_ridge_direct,2,p75,29.021544475330092,0.9746835443037974,0.2295081967213114,0.3715319662243667,0.9325920778318276,0.2195969423210562,08263007_10_M,Sant Vicenc dels Horts Alaba,Suburban/Industrial,Barcelona
e1_rr_08263007_10_M,08263007_10_M,stl_ridge_direct,2,p90,37.06979666435024,0.8934426229508197,0.1052123552123552,0.1882556131260794,0.7199444058373871,0.0847810979847116,08263007_10_M,Sant Vicenc dels Horts Alaba,Suburban/Industrial,Barcelona
e1_rr_08263007_10_M,08263007_10_M,stl_ridge_direct,3,abs_50,50.0,0.6666666666666666,0.0300429184549356,0.0574948665297741,0.3261021693491952,0.0146955913226032,08263007_10_M,Sant Vicenc dels Horts Alaba,Suburban/Industrial,Barcelona
e1_rr_08263007_10_M,08263007_10_M,stl_ridge_direct,3,p75,29.024694804058782,0.9714285714285714,0.2271714922048997,0.3682310469314079,0.9426172148355494,0.2204338698390482,08263007_10_M,Sant Vicenc dels Horts Alaba,Suburban/Industrial,Barcelona
e1_rr_08263007_10_M,08263007_10_M,stl_ridge_direct,3,p90,37.072941308607426,0.8677685950413223,0.1010587102983638,0.1810344827586207,0.7270818754373688,0.0846745976207137,08263007_10_M,Sant Vicenc dels Horts Alaba,Suburban/Industrial,Barcelona
e1_rr_08263007_10_M,08263007_10_M,stl_ridge_direct,4,abs_50,50.0,0.5714285714285714,0.0264900662251655,0.050632911392405,0.3178947368421053,0.0147368421052631,08263007_10_M,Sant Vicenc dels Horts Alaba,Suburban/Industrial,Barcelona
e1_rr_08263007_10_M,08263007_10_M,stl_ridge_direct,4,p75,29.02643066666667,0.9745222929936306,0.225830258302583,0.3666866387058118,0.950877192982456,0.2203508771929824,08263007_10_M,Sant Vicenc dels Horts Alaba,Suburban/Industrial,Barcelona
e1_rr_08263007_10_M,08263007_10_M,stl_ridge_direct,4,p90,37.07530722807017,0.8925619834710744,0.1030534351145038,0.1847733105218135,0.7354385964912281,0.0849122807017543,08263007_10_M,Sant Vicenc dels Horts Alaba,Suburban/Industrial,Barcelona
e1_rr_08263007_10_M,08263007_10_M,stl_ridge_direct,5,abs_50,50.0,0.5714285714285714,0.0265486725663716,0.0507399577167019,0.3178621659634318,0.0147679324894514,08263007_10_M,Sant Vicenc dels Horts Alaba,Suburban/Industrial,Barcelona
e1_rr_08263007_10_M,08263007_10_M,stl_ridge_direct,5,p75,29.0282680907173,0.9651898734177216,0.2255917159763313,0.3657074340527577,0.9507735583684952,0.2222222222222222,08263007_10_M,Sant Vicenc dels Horts Alaba,Suburban/Industrial,Barcelona
e1_rr_08263007_10_M,08263007_10_M,stl_ridge_direct,5,p90,37.07682814345992,0.9016393442622952,0.1041666666666666,0.1867572156196944,0.7426160337552743,0.0857946554149085,08263007_10_M,Sant Vicenc dels Horts Alaba,Suburban/Industrial,Barcelona
e1_rr_08263007_10_M,08263007_10_M,stl_ridge_direct,6,abs_50,50.0,0.55,0.0244988864142538,0.0469083155650319,0.3161971830985915,0.0140845070422535,08263007_10_M,Sant Vicenc dels Horts Alaba,Suburban/Industrial,Barcelona
e1_rr_08263007_10_M,08263007_10_M,stl_ridge_direct,6,p75,29.02840286971831,0.9741100323624596,0.2213235294117647,0.3606950269622528,0.9577464788732394,0.2176056338028169,08263007_10_M,Sant Vicenc dels Horts Alaba,Suburban/Industrial,Barcelona
e1_rr_08263007_10_M,08263007_10_M,stl_ridge_direct,6,p90,37.07628335915493,0.8925619834710744,0.1005586592178771,0.1807531380753138,0.7563380281690141,0.0852112676056338,08263007_10_M,Sant Vicenc dels Horts Alaba,Suburban/Industrial,Barcelona
e1_rr_08263007_10_M,08263007_10_M,stl_ridge_direct,7,abs_50,50.0,0.6111111111111112,0.025522041763341,0.0489977728285077,0.3035211267605633,0.0126760563380281,08263007_10_M,Sant Vicenc dels Horts Alaba,Suburban/Industrial,Barcelona
e1_rr_08263007_10_M,08263007_10_M,stl_ridge_direct,7,p75,29.028778116197184,0.977198697068404,0.2197802197802197,0.3588516746411482,0.9612676056338028,0.2161971830985915,08263007_10_M,Sant Vicenc dels Horts Alaba,Suburban/Industrial,Barcelona
e1_rr_08263007_10_M,08263007_10_M,stl_ridge_direct,7,p90,37.07557811971831,0.905982905982906,0.0976058931860036,0.1762261014131338,0.7647887323943662,0.0823943661971831,08263007_10_M,Sant Vicenc dels Horts Alaba,Suburban/Industrial,Barcelona
e1_rr_22125001_10_M,22125001_10_M,hgb_direct,1,abs_50,50.0,0.0,,,0.0,0.0046697798532354,22125001_10_M,Huesca,Urban/Traffic,Huesca
e1_rr_22125001_10_M,22125001_10_M,hgb_direct,1,p75,17.75,0.5728155339805825,0.6820809248554913,0.6226912928759895,0.2308205470313542,0.2748498999332888,22125001_10_M,Huesca,Urban/Traffic,Huesca
e1_rr_22125001_10_M,22125001_10_M,hgb_direct,1,p90,24.170313542361576,0.3333333333333333,0.5094339622641509,0.4029850746268656,0.0707138092061374,0.1080720480320213,22125001_10_M,Huesca,Urban/Traffic,Huesca
e1_rr_22125001_10_M,22125001_10_M,hgb_direct,2,abs_50,50.0,0.0,,,0.0,0.0040322580645161,22125001_10_M,Huesca,Urban/Traffic,Huesca
e1_rr_22125001_10_M,22125001_10_M,hgb_direct,2,p75,17.749495967741936,0.2591687041564792,0.4608695652173913,0.3317683881064162,0.1545698924731182,0.2748655913978494,22125001_10_M,Huesca,Urban/Traffic,Huesca
e1_rr_22125001_10_M,22125001_10_M,hgb_direct,2,p90,24.168481182795706,0.124223602484472,0.3571428571428571,0.184331797235023,0.0376344086021505,0.1081989247311828,22125001_10_M,Huesca,Urban/Traffic,Huesca
e1_rr_22125001_10_M,22125001_10_M,hgb_direct,3,abs_50,50.0,0.0,,,0.0,0.004054054054054,22125001_10_M,Huesca,Urban/Traffic,Huesca
e1_rr_22125001_10_M,22125001_10_M,hgb_direct,3,p75,17.748648648648647,0.1887254901960784,0.4301675977653631,0.262350936967632,0.1209459459459459,0.2756756756756757,22125001_10_M,Huesca,Urban/Traffic,Huesca
e1_rr_22125001_10_M,22125001_10_M,hgb_direct,3,p90,24.16641891891892,0.0246913580246913,0.1818181818181818,0.0434782608695652,0.0148648648648648,0.1094594594594594,22125001_10_M,Huesca,Urban/Traffic,Huesca
e1_rr_22125001_10_M,22125001_10_M,hgb_direct,4,abs_50,50.0,0.0,,,0.0,0.0047457627118644,22125001_10_M,Huesca,Urban/Traffic,Huesca
e1_rr_22125001_10_M,22125001_10_M,hgb_direct,4,p75,17.747966101694914,0.1200980392156862,0.3310810810810811,0.1762589928057554,0.1003389830508474,0.2766101694915254,22125001_10_M,Huesca,Urban/Traffic,Huesca
e1_rr_22125001_10_M,22125001_10_M,hgb_direct,4,p90,24.165491525423732,0.0061349693251533,0.1666666666666666,0.0118343195266272,0.0040677966101694,0.1105084745762711,22125001_10_M,Huesca,Urban/Traffic,Huesca
e1_rr_22125001_10_M,22125001_10_M,hgb_direct,5,abs_50,50.0,0.0,,,0.0,0.0047425474254742,22125001_10_M,Huesca,Urban/Traffic,Huesca
e1_rr_22125001_10_M,22125001_10_M,hgb_direct,5,p75,17.74678184281843,0.0684596577017114,0.2641509433962264,0.1087378640776698,0.0718157181571815,0.27710027100271,22125001_10_M,Huesca,Urban/Traffic,Huesca
e1_rr_22125001_10_M,22125001_10_M,hgb_direct,5,p90,24.164092140921408,0.0,0.0,,0.0013550135501355,0.1117886178861788,22125001_10_M,Huesca,Urban/Traffic,Huesca
e1_rr_22125001_10_M,22125001_10_M,hgb_direct,6,abs_50,50.0,0.0,,,0.0,0.0047489823609226,22125001_10_M,Huesca,Urban/Traffic,Huesca
e1_rr_22125001_10_M,22125001_10_M,hgb_direct,6,p75,17.746438263229308,0.0757946210268948,0.2897196261682243,0.1201550387596899,0.0725915875169606,0.2774762550881954,22125001_10_M,Huesca,Urban/Traffic,Huesca
e1_rr_22125001_10_M,22125001_10_M,hgb_direct,6,p90,24.16302578018996,0.0,,,0.0,0.1112618724559023,22125001_10_M,Huesca,Urban/Traffic,Huesca
e1_rr_22125001_10_M,22125001_10_M,hgb_direct,7,abs_50,50.0,0.0,,,0.0,0.0047522063815342,22125001_10_M,Huesca,Urban/Traffic,Huesca
e1_rr_22125001_10_M,22125001_10_M,hgb_direct,7,p75,17.74558723693143,0.0808823529411764,0.2704918032786885,0.1245283018867924,0.0828241683638832,0.2769857433808554,22125001_10_M,Huesca,Urban/Traffic,Huesca
e1_rr_22125001_10_M,22125001_10_M,hgb_direct,7,p90,24.162932790224033,0.0,0.0,,0.0013577732518669,0.1120162932790224,22125001_10_M,Huesca,Urban/Traffic,Huesca
e1_rr_22125001_10_M,22125001_10_M,persistence,1,abs_50,50.0,0.1428571428571428,0.1428571428571428,0.1428571428571428,0.0046697798532354,0.0046697798532354,22125001_10_M,Huesca,Urban/Traffic,Huesca
e1_rr_22125001_10_M,22125001_10_M,persistence,1,p75,17.75,0.6723300970873787,0.6674698795180722,0.6698911729141476,0.2768512341561041,0.2748498999332888,22125001_10_M,Huesca,Urban/Traffic,Huesca
e1_rr_22125001_10_M,22125001_10_M,persistence,1,p90,24.170313542361576,0.4938271604938271,0.4907975460122699,0.4923076923076923,0.1087391594396264,0.1080720480320213,22125001_10_M,Huesca,Urban/Traffic,Huesca
e1_rr_22125001_10_M,22125001_10_M,persistence,2,abs_50,50.0,0.0,0.0,,0.0053763440860215,0.0040322580645161,22125001_10_M,Huesca,Urban/Traffic,Huesca
e1_rr_22125001_10_M,22125001_10_M,persistence,2,p75,17.749495967741936,0.5061124694376528,0.5012106537530266,0.5036496350364964,0.2775537634408602,0.2748655913978494,22125001_10_M,Huesca,Urban/Traffic,Huesca
e1_rr_22125001_10_M,22125001_10_M,persistence,2,p90,24.168481182795706,0.2919254658385093,0.2883435582822086,0.2901234567901234,0.1095430107526881,0.1081989247311828,22125001_10_M,Huesca,Urban/Traffic,Huesca
e1_rr_22125001_10_M,22125001_10_M,persistence,3,abs_50,50.0,0.0,0.0,,0.0054054054054054,0.004054054054054,22125001_10_M,Huesca,Urban/Traffic,Huesca
e1_rr_22125001_10_M,22125001_10_M,persistence,3,p75,17.748648648648647,0.4362745098039216,0.4352078239608802,0.4357405140758874,0.2763513513513513,0.2756756756756757,22125001_10_M,Huesca,Urban/Traffic,Huesca
e1_rr_22125001_10_M,22125001_10_M,persistence,3,p90,24.16641891891892,0.228395061728395,0.2327044025157232,0.2305295950155763,0.1074324324324324,0.1094594594594594,22125001_10_M,Huesca,Urban/Traffic,Huesca
e1_rr_22125001_10_M,22125001_10_M,persistence,4,abs_50,50.0,0.0,0.0,,0.0054237288135593,0.0047457627118644,22125001_10_M,Huesca,Urban/Traffic,Huesca
e1_rr_22125001_10_M,22125001_10_M,persistence,4,p75,17.747966101694914,0.3872549019607843,0.3872549019607843,0.3872549019607843,0.2766101694915254,0.2766101694915254,22125001_10_M,Huesca,Urban/Traffic,Huesca
e1_rr_22125001_10_M,22125001_10_M,persistence,4,p90,24.165491525423732,0.1901840490797546,0.19375,0.1919504643962848,0.1084745762711864,0.1105084745762711,22125001_10_M,Huesca,Urban/Traffic,Huesca
e1_rr_22125001_10_M,22125001_10_M,persistence,5,abs_50,50.0,0.0,0.0,,0.0047425474254742,0.0047425474254742,22125001_10_M,Huesca,Urban/Traffic,Huesca
e1_rr_22125001_10_M,22125001_10_M,persistence,5,p75,17.74678184281843,0.3618581907090464,0.3609756097560975,0.3614163614163614,0.2777777777777778,0.27710027100271,22125001_10_M,Huesca,Urban/Traffic,Huesca
e1_rr_22125001_10_M,22125001_10_M,persistence,5,p90,24.164092140921408,0.1696969696969697,0.1772151898734177,0.1733746130030959,0.1070460704607046,0.1117886178861788,22125001_10_M,Huesca,Urban/Traffic,Huesca
e1_rr_22125001_10_M,22125001_10_M,persistence,6,abs_50,50.0,0.0,0.0,,0.0047489823609226,0.0047489823609226,22125001_10_M,Huesca,Urban/Traffic,Huesca
e1_rr_22125001_10_M,22125001_10_M,persistence,6,p75,17.746438263229308,0.3643031784841076,0.3634146341463414,0.3638583638583638,0.2781546811397558,0.2774762550881954,22125001_10_M,Huesca,Urban/Traffic,Huesca
e1_rr_22125001_10_M,22125001_10_M,persistence,6,p90,24.16302578018996,0.1829268292682926,0.1875,0.1851851851851852,0.1085481682496607,0.1112618724559023,22125001_10_M,Huesca,Urban/Traffic,Huesca
e1_rr_22125001_10_M,22125001_10_M,persistence,7,abs_50,50.0,0.0,0.0,,0.0054310930074677,0.0047522063815342,22125001_10_M,Huesca,Urban/Traffic,Huesca
e1_rr_22125001_10_M,22125001_10_M,persistence,7,p75,17.74558723693143,0.3529411764705882,0.3520782396088019,0.3525091799265606,0.2776646300067888,0.2769857433808554,22125001_10_M,Huesca,Urban/Traffic,Huesca
e1_rr_22125001_10_M,22125001_10_M,persistence,7,p90,24.162932790224033,0.1757575757575757,0.1823899371069182,0.1790123456790123,0.1079429735234216,0.1120162932790224,22125001_10_M,Huesca,Urban/Traffic,Huesca
e1_rr_22125001_10_M,22125001_10_M,ridge_direct,1,abs_50,50.0,0.0,0.0,,0.0013342228152101,0.0046697798532354,22125001_10_M,Huesca,Urban/Traffic,Huesca
e1_rr_22125001_10_M,22125001_10_M,ridge_direct,1,p75,17.75,0.6140776699029126,0.6931506849315069,0.6512226512226512,0.2434956637758505,0.2748498999332888,22125001_10_M,Huesca,Urban/Traffic,Huesca
e1_rr_22125001_10_M,22125001_10_M,ridge_direct,1,p90,24.170313542361576,0.2839506172839506,0.5348837209302325,0.3709677419354838,0.057371581054036,0.1080720480320213,22125001_10_M,Huesca,Urban/Traffic,Huesca
e1_rr_22125001_10_M,22125001_10_M,ridge_direct,2,abs_50,50.0,0.0,,,0.0,0.0040322580645161,22125001_10_M,Huesca,Urban/Traffic,Huesca
e1_rr_22125001_10_M,22125001_10_M,ridge_direct,2,p75,17.749495967741936,0.295843520782396,0.5307017543859649,0.379905808477237,0.1532258064516129,0.2748655913978494,22125001_10_M,Huesca,Urban/Traffic,Huesca
e1_rr_22125001_10_M,22125001_10_M,ridge_direct,2,p90,24.168481182795706,0.0559006211180124,0.3333333333333333,0.0957446808510638,0.0181451612903225,0.1081989247311828,22125001_10_M,Huesca,Urban/Traffic,Huesca
e1_rr_22125001_10_M,22125001_10_M,ridge_direct,3,abs_50,50.0,0.0,,,0.0,0.004054054054054,22125001_10_M,Huesca,Urban/Traffic,Huesca
e1_rr_22125001_10_M,22125001_10_M,ridge_direct,3,p75,17.748648648648647,0.1397058823529411,0.4453125,0.2126865671641791,0.0864864864864864,0.2756756756756757,22125001_10_M,Huesca,Urban/Traffic,Huesca
e1_rr_22125001_10_M,22125001_10_M,ridge_direct,3,p90,24.16641891891892,0.0123456790123456,0.25,0.0235294117647058,0.0054054054054054,0.1094594594594594,22125001_10_M,Huesca,Urban/Traffic,Huesca
e1_rr_22125001_10_M,22125001_10_M,ridge_direct,4,abs_50,50.0,0.0,,,0.0,0.0047457627118644,22125001_10_M,Huesca,Urban/Traffic,Huesca
e1_rr_22125001_10_M,22125001_10_M,ridge_direct,4,p75,17.747966101694914,0.0759803921568627,0.382716049382716,0.1267893660531697,0.0549152542372881,0.2766101694915254,22125001_10_M,Huesca,Urban/Traffic,Huesca
e1_rr_22125001_10_M,22125001_10_M,ridge_direct,4,p90,24.165491525423732,0.0061349693251533,0.2,0.0119047619047619,0.0033898305084745,0.1105084745762711,22125001_10_M,Huesca,Urban/Traffic,Huesca
e1_rr_22125001_10_M,22125001_10_M,ridge_direct,5,abs_50,50.0,0.0,,,0.0,0.0047425474254742,22125001_10_M,Huesca,Urban/Traffic,Huesca
e1_rr_22125001_10_M,22125001_10_M,ridge_direct,5,p75,17.74678184281843,0.0440097799511002,0.36,0.0784313725490196,0.0338753387533875,0.27710027100271,22125001_10_M,Huesca,Urban/Traffic,Huesca
e1_rr_22125001_10_M,22125001_10_M,ridge_direct,5,p90,24.164092140921408,0.0,0.0,,0.0006775067750677,0.1117886178861788,22125001_10_M,Huesca,Urban/Traffic,Huesca
e1_rr_22125001_10_M,22125001_10_M,ridge_direct,6,abs_50,50.0,0.0,,,0.0,0.0047489823609226,22125001_10_M,Huesca,Urban/Traffic,Huesca
e1_rr_22125001_10_M,22125001_10_M,ridge_direct,6,p75,17.746438263229308,0.0342298288508557,0.4516129032258064,0.0636363636363636,0.0210312075983717,0.2774762550881954,22125001_10_M,Huesca,Urban/Traffic,Huesca
e1_rr_22125001_10_M,22125001_10_M,ridge_direct,6,p90,24.16302578018996,0.0,,,0.0,0.1112618724559023,22125001_10_M,Huesca,Urban/Traffic,Huesca
e1_rr_22125001_10_M,22125001_10_M,ridge_direct,7,abs_50,50.0,0.0,,,0.0,0.0047522063815342,22125001_10_M,Huesca,Urban/Traffic,Huesca
e1_rr_22125001_10_M,22125001_10_M,ridge_direct,7,p75,17.74558723693143,0.0196078431372549,0.2962962962962963,0.0367816091954023,0.0183299389002036,0.2769857433808554,22125001_10_M,Huesca,Urban/Traffic,Huesca
e1_rr_22125001_10_M,22125001_10_M,ridge_direct,7,p90,24.162932790224033,0.0,,,0.0,0.1120162932790224,22125001_10_M,Huesca,Urban/Traffic,Huesca
e1_rr_22125001_10_M,22125001_10_M,sarima,1,abs_50,50.0,0.0,,,0.0,0.0059523809523809,22125001_10_M,Huesca,Urban/Traffic,Huesca
e1_rr_22125001_10_M,22125001_10_M,sarima,1,p75,17.17365269461078,0.6304347826086957,0.6744186046511628,0.651685393258427,0.2574850299401197,0.2754491017964072,22125001_10_M,Huesca,Urban/Traffic,Huesca
e1_rr_22125001_10_M,22125001_10_M,sarima,1,p90,23.31736526946108,0.4761904761904761,0.8333333333333334,0.6060606060606061,0.0718562874251497,0.1257485029940119,22125001_10_M,Huesca,Urban/Traffic,Huesca
e1_rr_22125001_10_M,22125001_10_M,sarima,2,abs_50,50.0,0.0,,,0.0,0.0059880239520958,22125001_10_M,Huesca,Urban/Traffic,Huesca
e1_rr_22125001_10_M,22125001_10_M,sarima,2,p75,17.19277108433735,0.3333333333333333,0.65,0.4406779661016949,0.1204819277108433,0.2349397590361445,22125001_10_M,Huesca,Urban/Traffic,Huesca
e1_rr_22125001_10_M,22125001_10_M,sarima,2,p90,23.324096385542173,0.1764705882352941,0.6,0.2727272727272727,0.0301204819277108,0.1024096385542168,22125001_10_M,Huesca,Urban/Traffic,Huesca
e1_rr_22125001_10_M,22125001_10_M,sarima,3,abs_50,50.0,,,,0.0,0.0,22125001_10_M,Huesca,Urban/Traffic,Huesca
e1_rr_22125001_10_M,22125001_10_M,sarima,3,p75,17.176829268292682,0.2127659574468085,0.625,0.3174603174603174,0.0975609756097561,0.2865853658536585,22125001_10_M,Huesca,Urban/Traffic,Huesca
e1_rr_22125001_10_M,22125001_10_M,sarima,3,p90,23.32317073170732,0.0526315789473684,0.5,0.0952380952380952,0.0121951219512195,0.1158536585365853,22125001_10_M,Huesca,Urban/Traffic,Huesca
e1_rr_22125001_10_M,22125001_10_M,sarima,4,abs_50,50.0,0.0,,,0.0,0.0121951219512195,22125001_10_M,Huesca,Urban/Traffic,Huesca
e1_rr_22125001_10_M,22125001_10_M,sarima,4,p75,17.14723926380368,0.0851063829787234,0.4444444444444444,0.1428571428571428,0.0552147239263803,0.2883435582822086,22125001_10_M,Huesca,Urban/Traffic,Huesca
e1_rr_22125001_10_M,22125001_10_M,sarima,4,p90,23.287116564417182,0.0,,,0.0,0.1533742331288343,22125001_10_M,Huesca,Urban/Traffic,Huesca
e1_rr_22125001_10_M,22125001_10_M,sarima,5,abs_50,50.0,0.0,,,0.0,0.0061349693251533,22125001_10_M,Huesca,Urban/Traffic,Huesca
e1_rr_22125001_10_M,22125001_10_M,sarima,5,p75,17.212962962962962,0.0512820512820512,0.4,0.0909090909090909,0.0308641975308641,0.2407407407407407,22125001_10_M,Huesca,Urban/Traffic,Huesca
e1_rr_22125001_10_M,22125001_10_M,sarima,5,p90,23.376543209876544,0.0,,,0.0,0.1234567901234567,22125001_10_M,Huesca,Urban/Traffic,Huesca
e1_rr_22125001_10_M,22125001_10_M,sarima,6,abs_50,50.0,,,,0.0,0.0,22125001_10_M,Huesca,Urban/Traffic,Huesca
e1_rr_22125001_10_M,22125001_10_M,sarima,6,p75,17.172619047619047,0.0666666666666666,0.4285714285714285,0.1153846153846153,0.0416666666666666,0.2678571428571428,22125001_10_M,Huesca,Urban/Traffic,Huesca
e1_rr_22125001_10_M,22125001_10_M,sarima,6,p90,23.300000000000004,0.0,,,0.0,0.1011904761904761,22125001_10_M,Huesca,Urban/Traffic,Huesca
e1_rr_22125001_10_M,22125001_10_M,sarima,7,abs_50,50.0,0.0,,,0.0,0.0061349693251533,22125001_10_M,Huesca,Urban/Traffic,Huesca
e1_rr_22125001_10_M,22125001_10_M,sarima,7,p75,17.15432098765432,0.0204081632653061,0.3333333333333333,0.0384615384615384,0.0185185185185185,0.3024691358024691,22125001_10_M,Huesca,Urban/Traffic,Huesca
e1_rr_22125001_10_M,22125001_10_M,sarima,7,p90,23.291975308641977,0.0,,,0.0,0.0802469135802469,22125001_10_M,Huesca,Urban/Traffic,Huesca
e1_rr_22125001_10_M,22125001_10_M,seasonal_naive,1,abs_50,50.0,0.0,0.0,,0.0040026684456304,0.0046697798532354,22125001_10_M,Huesca,Urban/Traffic,Huesca
e1_rr_22125001_10_M,22125001_10_M,seasonal_naive,1,p75,17.75,0.3349514563106796,0.3301435406698564,0.3325301204819277,0.2788525683789192,0.2748498999332888,22125001_10_M,Huesca,Urban/Traffic,Huesca
e1_rr_22125001_10_M,22125001_10_M,seasonal_naive,1,p90,24.170313542361576,0.1543209876543209,0.1582278481012658,0.15625,0.105403602401601,0.1080720480320213,22125001_10_M,Huesca,Urban/Traffic,Huesca
e1_rr_22125001_10_M,22125001_10_M,seasonal_naive,2,abs_50,50.0,0.0,0.0,,0.0040322580645161,0.0040322580645161,22125001_10_M,Huesca,Urban/Traffic,Huesca
e1_rr_22125001_10_M,22125001_10_M,seasonal_naive,2,p75,17.749495967741936,0.3325183374083129,0.3309002433090024,0.3317073170731707,0.2762096774193548,0.2748655913978494,22125001_10_M,Huesca,Urban/Traffic,Huesca
e1_rr_22125001_10_M,22125001_10_M,seasonal_naive,2,p90,24.168481182795706,0.1428571428571428,0.1503267973856209,0.1464968152866242,0.1028225806451613,0.1081989247311828,22125001_10_M,Huesca,Urban/Traffic,Huesca
e1_rr_22125001_10_M,22125001_10_M,seasonal_naive,3,abs_50,50.0,0.0,0.0,,0.0047297297297297,0.004054054054054,22125001_10_M,Huesca,Urban/Traffic,Huesca
e1_rr_22125001_10_M,22125001_10_M,seasonal_naive,3,p75,17.748648648648647,0.3357843137254901,0.3357843137254901,0.3357843137254901,0.2756756756756757,0.2756756756756757,22125001_10_M,Huesca,Urban/Traffic,Huesca
e1_rr_22125001_10_M,22125001_10_M,seasonal_naive,3,p90,24.16641891891892,0.1481481481481481,0.1568627450980392,0.1523809523809524,0.1033783783783783,0.1094594594594594,22125001_10_M,Huesca,Urban/Traffic,Huesca
e1_rr_22125001_10_M,22125001_10_M,seasonal_naive,4,abs_50,50.0,0.0,0.0,,0.0047457627118644,0.0047457627118644,22125001_10_M,Huesca,Urban/Traffic,Huesca
e1_rr_22125001_10_M,22125001_10_M,seasonal_naive,4,p75,17.747966101694914,0.3431372549019608,0.3414634146341463,0.3422982885085575,0.2779661016949152,0.2766101694915254,22125001_10_M,Huesca,Urban/Traffic,Huesca
e1_rr_22125001_10_M,22125001_10_M,seasonal_naive,4,p90,24.165491525423732,0.147239263803681,0.1568627450980392,0.1518987341772152,0.103728813559322,0.1105084745762711,22125001_10_M,Huesca,Urban/Traffic,Huesca
e1_rr_22125001_10_M,22125001_10_M,seasonal_naive,5,abs_50,50.0,0.0,0.0,,0.0047425474254742,0.0047425474254742,22125001_10_M,Huesca,Urban/Traffic,Huesca
e1_rr_22125001_10_M,22125001_10_M,seasonal_naive,5,p75,17.74678184281843,0.3520782396088019,0.3495145631067961,0.3507917174177832,0.2791327913279133,0.27710027100271,22125001_10_M,Huesca,Urban/Traffic,Huesca
e1_rr_22125001_10_M,22125001_10_M,seasonal_naive,5,p90,24.164092140921408,0.1636363636363636,0.173076923076923,0.1682242990654205,0.1056910569105691,0.1117886178861788,22125001_10_M,Huesca,Urban/Traffic,Huesca
e1_rr_22125001_10_M,22125001_10_M,seasonal_naive,6,abs_50,50.0,0.0,0.0,,0.0047489823609226,0.0047489823609226,22125001_10_M,Huesca,Urban/Traffic,Huesca
e1_rr_22125001_10_M,22125001_10_M,seasonal_naive,6,p75,17.746438263229308,0.3545232273838631,0.3527980535279805,0.3536585365853658,0.2788331071913161,0.2774762550881954,22125001_10_M,Huesca,Urban/Traffic,Huesca
e1_rr_22125001_10_M,22125001_10_M,seasonal_naive,6,p90,24.16302578018996,0.1707317073170731,0.1794871794871795,0.175,0.1058344640434192,0.1112618724559023,22125001_10_M,Huesca,Urban/Traffic,Huesca
e1_rr_22125001_10_M,22125001_10_M,seasonal_naive,7,abs_50,50.0,0.0,0.0,,0.0054310930074677,0.0047522063815342,22125001_10_M,Huesca,Urban/Traffic,Huesca
e1_rr_22125001_10_M,22125001_10_M,seasonal_naive,7,p75,17.74558723693143,0.3529411764705882,0.3520782396088019,0.3525091799265606,0.2776646300067888,0.2769857433808554,22125001_10_M,Huesca,Urban/Traffic,Huesca
e1_rr_22125001_10_M,22125001_10_M,seasonal_naive,7,p90,24.162932790224033,0.1757575757575757,0.1823899371069182,0.1790123456790123,0.1079429735234216,0.1120162932790224,22125001_10_M,Huesca,Urban/Traffic,Huesca
e1_rr_22125001_10_M,22125001_10_M,stl_ridge_direct,1,abs_50,50.0,0.1428571428571428,0.0129870129870129,0.0238095238095238,0.0513675783855904,0.0046697798532354,22125001_10_M,Huesca,Urban/Traffic,Huesca
e1_rr_22125001_10_M,22125001_10_M,stl_ridge_direct,1,p75,17.75,0.9781553398058253,0.3153364632237871,0.4769230769230769,0.8525683789192795,0.2748498999332888,22125001_10_M,Huesca,Urban/Traffic,Huesca
e1_rr_22125001_10_M,22125001_10_M,stl_ridge_direct,1,p90,24.170313542361576,0.8765432098765432,0.1504237288135593,0.2567811934900542,0.6297531687791861,0.1080720480320213,22125001_10_M,Huesca,Urban/Traffic,Huesca
e1_rr_22125001_10_M,22125001_10_M,stl_ridge_direct,2,abs_50,50.0,0.0,0.0,,0.0423387096774193,0.0040322580645161,22125001_10_M,Huesca,Urban/Traffic,Huesca
e1_rr_22125001_10_M,22125001_10_M,stl_ridge_direct,2,p75,17.749495967741936,0.9657701711491442,0.3059643687064291,0.4647058823529411,0.8676075268817204,0.2748655913978494,22125001_10_M,Huesca,Urban/Traffic,Huesca
e1_rr_22125001_10_M,22125001_10_M,stl_ridge_direct,2,p90,24.168481182795706,0.8012422360248447,0.1385606874328679,0.2362637362637362,0.6256720430107527,0.1081989247311828,22125001_10_M,Huesca,Urban/Traffic,Huesca
e1_rr_22125001_10_M,22125001_10_M,stl_ridge_direct,3,abs_50,50.0,0.0,0.0,,0.0398648648648648,0.004054054054054,22125001_10_M,Huesca,Urban/Traffic,Huesca
e1_rr_22125001_10_M,22125001_10_M,stl_ridge_direct,3,p75,17.748648648648647,0.9509803921568628,0.2989214175654853,0.4548651817116061,0.8770270270270271,0.2756756756756757,22125001_10_M,Huesca,Urban/Traffic,Huesca
e1_rr_22125001_10_M,22125001_10_M,stl_ridge_direct,3,p90,24.16641891891892,0.7777777777777778,0.1362162162162162,0.2318307267709291,0.625,0.1094594594594594,22125001_10_M,Huesca,Urban/Traffic,Huesca
e1_rr_22125001_10_M,22125001_10_M,stl_ridge_direct,4,abs_50,50.0,0.0,0.0,,0.0386440677966101,0.0047457627118644,22125001_10_M,Huesca,Urban/Traffic,Huesca
e1_rr_22125001_10_M,22125001_10_M,stl_ridge_direct,4,p75,17.747966101694914,0.9534313725490196,0.2944738834216502,0.4499710815500289,0.895593220338983,0.2766101694915254,22125001_10_M,Huesca,Urban/Traffic,Huesca
e1_rr_22125001_10_M,22125001_10_M,stl_ridge_direct,4,p90,24.165491525423732,0.7484662576687117,0.1304812834224599,0.2222222222222222,0.6338983050847458,0.1105084745762711,22125001_10_M,Huesca,Urban/Traffic,Huesca
e1_rr_22125001_10_M,22125001_10_M,stl_ridge_direct,5,abs_50,50.0,0.0,0.0,,0.0345528455284552,0.0047425474254742,22125001_10_M,Huesca,Urban/Traffic,Huesca
e1_rr_22125001_10_M,22125001_10_M,stl_ridge_direct,5,p75,17.74678184281843,0.9584352078239609,0.2916666666666667,0.4472333143183115,0.9105691056910568,0.27710027100271,22125001_10_M,Huesca,Urban/Traffic,Huesca
e1_rr_22125001_10_M,22125001_10_M,stl_ridge_direct,5,p90,24.164092140921408,0.7393939393939394,0.1286919831223628,0.2192273135669362,0.6422764227642277,0.1117886178861788,22125001_10_M,Huesca,Urban/Traffic,Huesca
e1_rr_22125001_10_M,22125001_10_M,stl_ridge_direct,6,abs_50,50.0,0.0,0.0,,0.0352781546811397,0.0047489823609226,22125001_10_M,Huesca,Urban/Traffic,Huesca
e1_rr_22125001_10_M,22125001_10_M,stl_ridge_direct,6,p75,17.746438263229308,0.9584352078239609,0.2886597938144329,0.44368986983588,0.921302578018996,0.2774762550881954,22125001_10_M,Huesca,Urban/Traffic,Huesca
e1_rr_22125001_10_M,22125001_10_M,stl_ridge_direct,6,p90,24.16302578018996,0.75,0.1293375394321766,0.220627802690583,0.6451831750339213,0.1112618724559023,22125001_10_M,Huesca,Urban/Traffic,Huesca
e1_rr_22125001_10_M,22125001_10_M,stl_ridge_direct,7,abs_50,50.0,0.0,0.0,,0.0332654446707399,0.0047522063815342,22125001_10_M,Huesca,Urban/Traffic,Huesca
e1_rr_22125001_10_M,22125001_10_M,stl_ridge_direct,7,p75,17.74558723693143,0.9632352941176472,0.2862345229424617,0.4413250982594048,0.9321113374066532,0.2769857433808554,22125001_10_M,Huesca,Urban/Traffic,Huesca
e1_rr_22125001_10_M,22125001_10_M,stl_ridge_direct,7,p90,24.162932790224033,0.7515151515151515,0.1303890641430073,0.2222222222222222,0.6456211812627292,0.1120162932790224,22125001_10_M,Huesca,Urban/Traffic,Huesca
e1_rr_43004005_10_M,43004005_10_M,hgb_direct,1,abs_50,50.0,0.0,,,0.0,0.0085922009253139,43004005_10_M,Alcanar Llar de Jubilats,Rural Near-city/Industrial,Tarragona
e1_rr_43004005_10_M,43004005_10_M,hgb_direct,1,p75,22.177868506278916,0.5174603174603175,0.6059479553903345,0.5582191780821918,0.177792465300727,0.208195637805684,43004005_10_M,Alcanar Llar de Jubilats,Rural Near-city/Industrial,Tarragona
e1_rr_43004005_10_M,43004005_10_M,hgb_direct,1,p90,28.289590218109716,0.3576642335766423,0.550561797752809,0.4336283185840708,0.0588235294117647,0.0905485789821546,43004005_10_M,Alcanar Llar de Jubilats,Rural Near-city/Industrial,Tarragona
e1_rr_43004005_10_M,43004005_10_M,hgb_direct,2,abs_50,50.0,0.0,,,0.0,0.0079681274900398,43004005_10_M,Alcanar Llar de Jubilats,Rural Near-city/Industrial,Tarragona
e1_rr_43004005_10_M,43004005_10_M,hgb_direct,2,p75,22.17867144754316,0.3069620253164557,0.4641148325358851,0.3695238095238095,0.1387782204515272,0.2098273572377158,43004005_10_M,Alcanar Llar de Jubilats,Rural Near-city/Industrial,Tarragona
e1_rr_43004005_10_M,43004005_10_M,hgb_direct,2,p90,28.290365205843298,0.1111111111111111,0.375,0.1714285714285714,0.0265604249667994,0.0896414342629482,43004005_10_M,Alcanar Llar de Jubilats,Rural Near-city/Industrial,Tarragona
e1_rr_43004005_10_M,43004005_10_M,hgb_direct,3,abs_50,50.0,0.0,,,0.0,0.0080053368912608,43004005_10_M,Alcanar Llar de Jubilats,Rural Near-city/Industrial,Tarragona
e1_rr_43004005_10_M,43004005_10_M,hgb_direct,3,p75,22.179621247498332,0.2165605095541401,0.3820224719101123,0.2764227642276423,0.1187458305537024,0.209472981987992,43004005_10_M,Alcanar Llar de Jubilats,Rural Near-city/Industrial,Tarragona
e1_rr_43004005_10_M,43004005_10_M,hgb_direct,3,p90,28.29108072048032,0.0827067669172932,0.34375,0.1333333333333333,0.0213475650433622,0.0887258172114743,43004005_10_M,Alcanar Llar de Jubilats,Rural Near-city/Industrial,Tarragona
e1_rr_43004005_10_M,43004005_10_M,hgb_direct,4,abs_50,50.0,0.0,,,0.0,0.0080482897384305,43004005_10_M,Alcanar Llar de Jubilats,Rural Near-city/Industrial,Tarragona
e1_rr_43004005_10_M,43004005_10_M,hgb_direct,4,p75,22.180517035546615,0.1725239616613418,0.3776223776223776,0.2368421052631578,0.0959087860496311,0.209926224010731,43004005_10_M,Alcanar Llar de Jubilats,Rural Near-city/Industrial,Tarragona
e1_rr_43004005_10_M,43004005_10_M,hgb_direct,4,p90,28.29188464118042,0.037593984962406,0.2631578947368421,0.0657894736842105,0.0127431254191817,0.0892018779342723,43004005_10_M,Alcanar Llar de Jubilats,Rural Near-city/Industrial,Tarragona
e1_rr_43004005_10_M,43004005_10_M,hgb_direct,5,abs_50,50.0,0.0,,,0.0,0.0080971659919028,43004005_10_M,Alcanar Llar de Jubilats,Rural Near-city/Industrial,Tarragona
e1_rr_43004005_10_M,43004005_10_M,hgb_direct,5,p75,22.181589102564104,0.108626198083067,0.34,0.1646489104116222,0.0674763832658569,0.2112010796221322,43004005_10_M,Alcanar Llar de Jubilats,Rural Near-city/Industrial,Tarragona
e1_rr_43004005_10_M,43004005_10_M,hgb_direct,5,p90,28.29282726045884,0.0075187969924812,0.0769230769230769,0.0136986301369863,0.0087719298245614,0.0897435897435897,43004005_10_M,Alcanar Llar de Jubilats,Rural Near-city/Industrial,Tarragona
e1_rr_43004005_10_M,43004005_10_M,hgb_direct,6,abs_50,50.0,0.0,,,0.0,0.0081411126187245,43004005_10_M,Alcanar Llar de Jubilats,Rural Near-city/Industrial,Tarragona
e1_rr_43004005_10_M,43004005_10_M,hgb_direct,6,p75,22.18282805291723,0.0987261146496815,0.2952380952380952,0.1479713603818615,0.0712347354138398,0.2130257801899593,43004005_10_M,Alcanar Llar de Jubilats,Rural Near-city/Industrial,Tarragona
e1_rr_43004005_10_M,43004005_10_M,hgb_direct,6,p90,28.294803256445057,0.0,0.0,,0.0081411126187245,0.0915875169606512,43004005_10_M,Alcanar Llar de Jubilats,Rural Near-city/Industrial,Tarragona
e1_rr_43004005_10_M,43004005_10_M,hgb_direct,7,abs_50,50.0,0.0,,,0.0,0.0081688223281143,43004005_10_M,Alcanar Llar de Jubilats,Rural Near-city/Industrial,Tarragona
e1_rr_43004005_10_M,43004005_10_M,hgb_direct,7,p75,22.183401531654187,0.1057692307692307,0.3,0.1563981042654028,0.0748808713410483,0.2123893805309734,43004005_10_M,Alcanar Llar de Jubilats,Rural Near-city/Industrial,Tarragona
e1_rr_43004005_10_M,43004005_10_M,hgb_direct,7,p90,28.29551395507148,0.0,0.0,,0.0034036759700476,0.091218515997277,43004005_10_M,Alcanar Llar de Jubilats,Rural Near-city/Industrial,Tarragona
e1_rr_43004005_10_M,43004005_10_M,persistence,1,abs_50,50.0,0.3076923076923077,0.2857142857142857,0.2962962962962963,0.0092531394580304,0.0085922009253139,43004005_10_M,Alcanar Llar de Jubilats,Rural Near-city/Industrial,Tarragona
e1_rr_43004005_10_M,43004005_10_M,persistence,1,p75,22.177868506278916,0.580952380952381,0.5791139240506329,0.5800316957210776,0.2088565763384005,0.208195637805684,43004005_10_M,Alcanar Llar de Jubilats,Rural Near-city/Industrial,Tarragona
e1_rr_43004005_10_M,43004005_10_M,persistence,1,p90,28.289590218109716,0.4890510948905109,0.4855072463768116,0.4872727272727272,0.0912095175148711,0.0905485789821546,43004005_10_M,Alcanar Llar de Jubilats,Rural Near-city/Industrial,Tarragona
e1_rr_43004005_10_M,43004005_10_M,persistence,2,abs_50,50.0,0.0833333333333333,0.0714285714285714,0.0769230769230769,0.0092961487383798,0.0079681274900398,43004005_10_M,Alcanar Llar de Jubilats,Rural Near-city/Industrial,Tarragona
e1_rr_43004005_10_M,43004005_10_M,persistence,2,p75,22.17867144754316,0.4493670886075949,0.4522292993630573,0.4507936507936508,0.2084993359893758,0.2098273572377158,43004005_10_M,Alcanar Llar de Jubilats,Rural Near-city/Industrial,Tarragona
e1_rr_43004005_10_M,43004005_10_M,persistence,2,p90,28.290365205843298,0.3703703703703703,0.364963503649635,0.3676470588235294,0.0909694555112881,0.0896414342629482,43004005_10_M,Alcanar Llar de Jubilats,Rural Near-city/Industrial,Tarragona
e1_rr_43004005_10_M,43004005_10_M,persistence,3,abs_50,50.0,0.0833333333333333,0.0714285714285714,0.0769230769230769,0.0093395597064709,0.0080053368912608,43004005_10_M,Alcanar Llar de Jubilats,Rural Near-city/Industrial,Tarragona
e1_rr_43004005_10_M,43004005_10_M,persistence,3,p75,22.179621247498332,0.4363057324840764,0.4308176100628931,0.4335443037974684,0.2121414276184123,0.209472981987992,43004005_10_M,Alcanar Llar de Jubilats,Rural Near-city/Industrial,Tarragona
e1_rr_43004005_10_M,43004005_10_M,persistence,3,p90,28.29108072048032,0.3007518796992481,0.2898550724637681,0.2952029520295203,0.0920613742494996,0.0887258172114743,43004005_10_M,Alcanar Llar de Jubilats,Rural Near-city/Industrial,Tarragona
e1_rr_43004005_10_M,43004005_10_M,persistence,4,abs_50,50.0,0.0,0.0,,0.0093896713615023,0.0080482897384305,43004005_10_M,Alcanar Llar de Jubilats,Rural Near-city/Industrial,Tarragona
e1_rr_43004005_10_M,43004005_10_M,persistence,4,p75,22.180517035546615,0.3738019169329074,0.3667711598746082,0.370253164556962,0.2139503688799463,0.209926224010731,43004005_10_M,Alcanar Llar de Jubilats,Rural Near-city/Industrial,Tarragona
e1_rr_43004005_10_M,43004005_10_M,persistence,4,p90,28.29188464118042,0.2481203007518796,0.2391304347826087,0.2435424354243542,0.0925553319919517,0.0892018779342723,43004005_10_M,Alcanar Llar de Jubilats,Rural Near-city/Industrial,Tarragona
e1_rr_43004005_10_M,43004005_10_M,persistence,5,abs_50,50.0,0.0,0.0,,0.0087719298245614,0.0080971659919028,43004005_10_M,Alcanar Llar de Jubilats,Rural Near-city/Industrial,Tarragona
e1_rr_43004005_10_M,43004005_10_M,persistence,5,p75,22.181589102564104,0.3194888178913738,0.3194888178913738,0.3194888178913738,0.2112010796221322,0.2112010796221322,43004005_10_M,Alcanar Llar de Jubilats,Rural Near-city/Industrial,Tarragona
e1_rr_43004005_10_M,43004005_10_M,persistence,5,p90,28.29282726045884,0.2481203007518796,0.2408759124087591,0.2444444444444444,0.092442645074224,0.0897435897435897,43004005_10_M,Alcanar Llar de Jubilats,Rural Near-city/Industrial,Tarragona
e1_rr_43004005_10_M,43004005_10_M,persistence,6,abs_50,50.0,0.0,0.0,,0.0081411126187245,0.0081411126187245,43004005_10_M,Alcanar Llar de Jubilats,Rural Near-city/Industrial,Tarragona
e1_rr_43004005_10_M,43004005_10_M,persistence,6,p75,22.18282805291723,0.3184713375796178,0.3215434083601286,0.32,0.2109905020352781,0.2130257801899593,43004005_10_M,Alcanar Llar de Jubilats,Rural Near-city/Industrial,Tarragona
e1_rr_43004005_10_M,43004005_10_M,persistence,6,p90,28.294803256445057,0.2518518518518518,0.2518518518518518,0.2518518518518518,0.0915875169606512,0.0915875169606512,43004005_10_M,Alcanar Llar de Jubilats,Rural Near-city/Industrial,Tarragona
e1_rr_43004005_10_M,43004005_10_M,persistence,7,abs_50,50.0,0.0,0.0,,0.0081688223281143,0.0081688223281143,43004005_10_M,Alcanar Llar de Jubilats,Rural Near-city/Industrial,Tarragona
e1_rr_43004005_10_M,43004005_10_M,persistence,7,p75,22.183401531654187,0.2916666666666667,0.2944983818770226,0.2930756843800322,0.2103471749489448,0.2123893805309734,43004005_10_M,Alcanar Llar de Jubilats,Rural Near-city/Industrial,Tarragona
e1_rr_43004005_10_M,43004005_10_M,persistence,7,p90,28.29551395507148,0.2164179104477611,0.213235294117647,0.2148148148148148,0.0925799863852961,0.091218515997277,43004005_10_M,Alcanar Llar de Jubilats,Rural Near-city/Industrial,Tarragona
e1_rr_43004005_10_M,43004005_10_M,ridge_direct,1,abs_50,50.0,0.0769230769230769,0.1666666666666666,0.1052631578947368,0.0039656311962987,0.0085922009253139,43004005_10_M,Alcanar Llar de Jubilats,Rural Near-city/Industrial,Tarragona
e1_rr_43004005_10_M,43004005_10_M,ridge_direct,1,p75,22.177868506278916,0.5047619047619047,0.6284584980237155,0.5598591549295775,0.1672174487772637,0.208195637805684,43004005_10_M,Alcanar Llar de Jubilats,Rural Near-city/Industrial,Tarragona
e1_rr_43004005_10_M,43004005_10_M,ridge_direct,1,p90,28.289590218109716,0.3430656934306569,0.5949367088607594,0.4351851851851852,0.0522141440846001,0.0905485789821546,43004005_10_M,Alcanar Llar de Jubilats,Rural Near-city/Industrial,Tarragona
e1_rr_43004005_10_M,43004005_10_M,ridge_direct,2,abs_50,50.0,0.0,0.0,,0.0006640106241699,0.0079681274900398,43004005_10_M,Alcanar Llar de Jubilats,Rural Near-city/Industrial,Tarragona
e1_rr_43004005_10_M,43004005_10_M,ridge_direct,2,p75,22.17867144754316,0.2911392405063291,0.5508982035928144,0.3809523809523809,0.1108897742363877,0.2098273572377158,43004005_10_M,Alcanar Llar de Jubilats,Rural Near-city/Industrial,Tarragona
e1_rr_43004005_10_M,43004005_10_M,ridge_direct,2,p90,28.290365205843298,0.0962962962962963,0.40625,0.155688622754491,0.0212483399734395,0.0896414342629482,43004005_10_M,Alcanar Llar de Jubilats,Rural Near-city/Industrial,Tarragona
e1_rr_43004005_10_M,43004005_10_M,ridge_direct,3,abs_50,50.0,0.0,,,0.0,0.0080053368912608,43004005_10_M,Alcanar Llar de Jubilats,Rural Near-city/Industrial,Tarragona
e1_rr_43004005_10_M,43004005_10_M,ridge_direct,3,p75,22.179621247498332,0.1624203821656051,0.4636363636363636,0.240566037735849,0.0733822548365577,0.209472981987992,43004005_10_M,Alcanar Llar de Jubilats,Rural Near-city/Industrial,Tarragona
e1_rr_43004005_10_M,43004005_10_M,ridge_direct,3,p90,28.29108072048032,0.037593984962406,0.4166666666666667,0.0689655172413793,0.0080053368912608,0.0887258172114743,43004005_10_M,Alcanar Llar de Jubilats,Rural Near-city/Industrial,Tarragona
e1_rr_43004005_10_M,43004005_10_M,ridge_direct,4,abs_50,50.0,0.0,,,0.0,0.0080482897384305,43004005_10_M,Alcanar Llar de Jubilats,Rural Near-city/Industrial,Tarragona
e1_rr_43004005_10_M,43004005_10_M,ridge_direct,4,p75,22.180517035546615,0.1182108626198083,0.4868421052631579,0.1902313624678663,0.050972501676727,0.209926224010731,43004005_10_M,Alcanar Llar de Jubilats,Rural Near-city/Industrial,Tarragona
e1_rr_43004005_10_M,43004005_10_M,ridge_direct,4,p90,28.29188464118042,0.0,0.0,,0.0013413816230717,0.0892018779342723,43004005_10_M,Alcanar Llar de Jubilats,Rural Near-city/Industrial,Tarragona
e1_rr_43004005_10_M,43004005_10_M,ridge_direct,5,abs_50,50.0,0.0,,,0.0,0.0080971659919028,43004005_10_M,Alcanar Llar de Jubilats,Rural Near-city/Industrial,Tarragona
e1_rr_43004005_10_M,43004005_10_M,ridge_direct,5,p75,22.181589102564104,0.0734824281150159,0.4893617021276595,0.1277777777777777,0.0317139001349527,0.2112010796221322,43004005_10_M,Alcanar Llar de Jubilats,Rural Near-city/Industrial,Tarragona
e1_rr_43004005_10_M,43004005_10_M,ridge_direct,5,p90,28.29282726045884,0.0,,,0.0,0.0897435897435897,43004005_10_M,Alcanar Llar de Jubilats,Rural Near-city/Industrial,Tarragona
e1_rr_43004005_10_M,43004005_10_M,ridge_direct,6,abs_50,50.0,0.0,,,0.0,0.0081411126187245,43004005_10_M,Alcanar Llar de Jubilats,Rural Near-city/Industrial,Tarragona
e1_rr_43004005_10_M,43004005_10_M,ridge_direct,6,p75,22.18282805291723,0.0605095541401273,0.4634146341463415,0.1070422535211267,0.0278154681139755,0.2130257801899593,43004005_10_M,Alcanar Llar de Jubilats,Rural Near-city/Industrial,Tarragona
e1_rr_43004005_10_M,43004005_10_M,ridge_direct,6,p90,28.294803256445057,0.0,,,0.0,0.0915875169606512,43004005_10_M,Alcanar Llar de Jubilats,Rural Near-city/Industrial,Tarragona
e1_rr_43004005_10_M,43004005_10_M,ridge_direct,7,abs_50,50.0,0.0,,,0.0,0.0081688223281143,43004005_10_M,Alcanar Llar de Jubilats,Rural Near-city/Industrial,Tarragona
e1_rr_43004005_10_M,43004005_10_M,ridge_direct,7,p75,22.183401531654187,0.0544871794871794,0.4857142857142857,0.0979827089337175,0.0238257317903335,0.2123893805309734,43004005_10_M,Alcanar Llar de Jubilats,Rural Near-city/Industrial,Tarragona
e1_rr_43004005_10_M,43004005_10_M,ridge_direct,7,p90,28.29551395507148,0.0,,,0.0,0.091218515997277,43004005_10_M,Alcanar Llar de Jubilats,Rural Near-city/Industrial,Tarragona
e1_rr_43004005_10_M,43004005_10_M,sarima,1,abs_50,50.0,0.0,,,0.0,0.0121212121212121,43004005_10_M,Alcanar Llar de Jubilats,Rural Near-city/Industrial,Tarragona
e1_rr_43004005_10_M,43004005_10_M,sarima,1,p75,22.153061585365855,0.4736842105263157,0.75,0.5806451612903226,0.1463414634146341,0.2317073170731707,43004005_10_M,Alcanar Llar de Jubilats,Rural Near-city/Industrial,Tarragona
e1_rr_43004005_10_M,43004005_10_M,sarima,1,p90,27.8269512195122,0.3125,0.7142857142857143,0.4347826086956521,0.0426829268292682,0.0975609756097561,43004005_10_M,Alcanar Llar de Jubilats,Rural Near-city/Industrial,Tarragona
e1_rr_43004005_10_M,43004005_10_M,sarima,2,abs_50,50.0,0.0,,,0.0,0.0119047619047619,43004005_10_M,Alcanar Llar de Jubilats,Rural Near-city/Industrial,Tarragona
e1_rr_43004005_10_M,43004005_10_M,sarima,2,p75,22.14432395209581,0.2307692307692307,0.75,0.3529411764705882,0.0718562874251497,0.2335329341317365,43004005_10_M,Alcanar Llar de Jubilats,Rural Near-city/Industrial,Tarragona
e1_rr_43004005_10_M,43004005_10_M,sarima,2,p90,27.80610778443114,0.0,0.0,,0.0119760479041916,0.1197604790419161,43004005_10_M,Alcanar Llar de Jubilats,Rural Near-city/Industrial,Tarragona
e1_rr_43004005_10_M,43004005_10_M,sarima,3,abs_50,50.0,0.0,,,0.0,0.0185185185185185,43004005_10_M,Alcanar Llar de Jubilats,Rural Near-city/Industrial,Tarragona
e1_rr_43004005_10_M,43004005_10_M,sarima,3,p75,22.1621248447205,0.0975609756097561,0.6666666666666666,0.1702127659574468,0.0372670807453416,0.2546583850931677,43004005_10_M,Alcanar Llar de Jubilats,Rural Near-city/Industrial,Tarragona
e1_rr_43004005_10_M,43004005_10_M,sarima,3,p90,27.828074534161495,0.0454545454545454,1.0,0.0869565217391304,0.0062111801242236,0.1366459627329192,43004005_10_M,Alcanar Llar de Jubilats,Rural Near-city/Industrial,Tarragona
e1_rr_43004005_10_M,43004005_10_M,sarima,4,abs_50,50.0,0.0,,,0.0,0.0062111801242236,43004005_10_M,Alcanar Llar de Jubilats,Rural Near-city/Industrial,Tarragona
e1_rr_43004005_10_M,43004005_10_M,sarima,4,p75,22.153420625000003,0.0333333333333333,1.0,0.064516129032258,0.00625,0.1875,43004005_10_M,Alcanar Llar de Jubilats,Rural Near-city/Industrial,Tarragona
e1_rr_43004005_10_M,43004005_10_M,sarima,4,p90,27.837625000000003,0.0666666666666666,1.0,0.125,0.00625,0.09375,43004005_10_M,Alcanar Llar de Jubilats,Rural Near-city/Industrial,Tarragona
e1_rr_43004005_10_M,43004005_10_M,sarima,5,abs_50,50.0,0.0,,,0.0,0.0062893081761006,43004005_10_M,Alcanar Llar de Jubilats,Rural Near-city/Industrial,Tarragona
e1_rr_43004005_10_M,43004005_10_M,sarima,5,p75,22.150962658227847,0.0277777777777777,1.0,0.054054054054054,0.0063291139240506,0.2278481012658227,43004005_10_M,Alcanar Llar de Jubilats,Rural Near-city/Industrial,Tarragona
e1_rr_43004005_10_M,43004005_10_M,sarima,5,p90,27.8146835443038,0.0526315789473684,1.0,0.1,0.0063291139240506,0.120253164556962,43004005_10_M,Alcanar Llar de Jubilats,Rural Near-city/Industrial,Tarragona
e1_rr_43004005_10_M,43004005_10_M,sarima,6,abs_50,50.0,0.0,,,0.0,0.00625,43004005_10_M,Alcanar Llar de Jubilats,Rural Near-city/Industrial,Tarragona
e1_rr_43004005_10_M,43004005_10_M,sarima,6,p75,22.157874842767296,0.0285714285714285,1.0,0.0555555555555555,0.0062893081761006,0.220125786163522,43004005_10_M,Alcanar Llar de Jubilats,Rural Near-city/Industrial,Tarragona
e1_rr_43004005_10_M,43004005_10_M,sarima,6,p90,27.85232704402516,0.0555555555555555,1.0,0.1052631578947368,0.0062893081761006,0.1132075471698113,43004005_10_M,Alcanar Llar de Jubilats,Rural Near-city/Industrial,Tarragona
e1_rr_43004005_10_M,43004005_10_M,sarima,7,abs_50,50.0,0.0,,,0.0,0.0062893081761006,43004005_10_M,Alcanar Llar de Jubilats,Rural Near-city/Industrial,Tarragona
e1_rr_43004005_10_M,43004005_10_M,sarima,7,p75,22.15887405063291,0.0303030303030303,1.0,0.0588235294117647,0.0063291139240506,0.2088607594936709,43004005_10_M,Alcanar Llar de Jubilats,Rural Near-city/Industrial,Tarragona
e1_rr_43004005_10_M,43004005_10_M,sarima,7,p90,27.82778481012658,0.0833333333333333,1.0,0.1538461538461538,0.0063291139240506,0.0759493670886076,43004005_10_M,Alcanar Llar de Jubilats,Rural Near-city/Industrial,Tarragona
e1_rr_43004005_10_M,43004005_10_M,seasonal_naive,1,abs_50,50.0,0.0,0.0,,0.0079312623925974,0.0085922009253139,43004005_10_M,Alcanar Llar de Jubilats,Rural Near-city/Industrial,Tarragona
e1_rr_43004005_10_M,43004005_10_M,seasonal_naive,1,p75,22.177868506278916,0.2952380952380952,0.2818181818181818,0.2883720930232558,0.2181097157964309,0.208195637805684,43004005_10_M,Alcanar Llar de Jubilats,Rural Near-city/Industrial,Tarragona
e1_rr_43004005_10_M,43004005_10_M,seasonal_naive,1,p90,28.289590218109716,0.218978102189781,0.2040816326530612,0.2112676056338028,0.0971579643093192,0.0905485789821546,43004005_10_M,Alcanar Llar de Jubilats,Rural Near-city/Industrial,Tarragona
e1_rr_43004005_10_M,43004005_10_M,seasonal_naive,2,abs_50,50.0,0.0,0.0,,0.0079681274900398,0.0079681274900398,43004005_10_M,Alcanar Llar de Jubilats,Rural Near-city/Industrial,Tarragona
e1_rr_43004005_10_M,43004005_10_M,seasonal_naive,2,p75,22.17867144754316,0.2943037974683544,0.287037037037037,0.290625,0.2151394422310757,0.2098273572377158,43004005_10_M,Alcanar Llar de Jubilats,Rural Near-city/Industrial,Tarragona
e1_rr_43004005_10_M,43004005_10_M,seasonal_naive,2,p90,28.290365205843298,0.2222222222222222,0.2097902097902098,0.2158273381294964,0.0949535192563081,0.0896414342629482,43004005_10_M,Alcanar Llar de Jubilats,Rural Near-city/Industrial,Tarragona
e1_rr_43004005_10_M,43004005_10_M,seasonal_naive,3,abs_50,50.0,0.0,0.0,,0.0080053368912608,0.0080053368912608,43004005_10_M,Alcanar Llar de Jubilats,Rural Near-city/Industrial,Tarragona
e1_rr_43004005_10_M,43004005_10_M,seasonal_naive,3,p75,22.179621247498332,0.2898089171974522,0.2834890965732087,0.2866141732283464,0.2141427618412275,0.209472981987992,43004005_10_M,Alcanar Llar de Jubilats,Rural Near-city/Industrial,Tarragona
e1_rr_43004005_10_M,43004005_10_M,seasonal_naive,3,p90,28.29108072048032,0.2180451127819548,0.2071428571428571,0.2124542124542124,0.0933955970647098,0.0887258172114743,43004005_10_M,Alcanar Llar de Jubilats,Rural Near-city/Industrial,Tarragona
e1_rr_43004005_10_M,43004005_10_M,seasonal_naive,4,abs_50,50.0,0.0,0.0,,0.0080482897384305,0.0080482897384305,43004005_10_M,Alcanar Llar de Jubilats,Rural Near-city/Industrial,Tarragona
e1_rr_43004005_10_M,43004005_10_M,seasonal_naive,4,p75,22.180517035546615,0.2907348242811501,0.2879746835443038,0.2893481717011128,0.2119382964453387,0.209926224010731,43004005_10_M,Alcanar Llar de Jubilats,Rural Near-city/Industrial,Tarragona
e1_rr_43004005_10_M,43004005_10_M,seasonal_naive,4,p90,28.29188464118042,0.2105263157894736,0.2043795620437956,0.2074074074074074,0.0918846411804158,0.0892018779342723,43004005_10_M,Alcanar Llar de Jubilats,Rural Near-city/Industrial,Tarragona
e1_rr_43004005_10_M,43004005_10_M,seasonal_naive,5,abs_50,50.0,0.0,0.0,,0.0080971659919028,0.0080971659919028,43004005_10_M,Alcanar Llar de Jubilats,Rural Near-city/Industrial,Tarragona
e1_rr_43004005_10_M,43004005_10_M,seasonal_naive,5,p75,22.181589102564104,0.2939297124600639,0.2977346278317152,0.2958199356913183,0.2085020242914979,0.2112010796221322,43004005_10_M,Alcanar Llar de Jubilats,Rural Near-city/Industrial,Tarragona
e1_rr_43004005_10_M,43004005_10_M,seasonal_naive,5,p90,28.29282726045884,0.2105263157894736,0.208955223880597,0.2097378277153558,0.0904183535762483,0.0897435897435897,43004005_10_M,Alcanar Llar de Jubilats,Rural Near-city/Industrial,Tarragona
e1_rr_43004005_10_M,43004005_10_M,seasonal_naive,6,abs_50,50.0,0.0,0.0,,0.0081411126187245,0.0081411126187245,43004005_10_M,Alcanar Llar de Jubilats,Rural Near-city/Industrial,Tarragona
e1_rr_43004005_10_M,43004005_10_M,seasonal_naive,6,p75,22.18282805291723,0.2929936305732484,0.2996742671009772,0.2962962962962963,0.2082767978290366,0.2130257801899593,43004005_10_M,Alcanar Llar de Jubilats,Rural Near-city/Industrial,Tarragona
e1_rr_43004005_10_M,43004005_10_M,seasonal_naive,6,p90,28.294803256445057,0.2074074074074074,0.2074074074074074,0.2074074074074074,0.0915875169606512,0.0915875169606512,43004005_10_M,Alcanar Llar de Jubilats,Rural Near-city/Industrial,Tarragona
e1_rr_43004005_10_M,43004005_10_M,seasonal_naive,7,abs_50,50.0,0.0,0.0,,0.0081688223281143,0.0081688223281143,43004005_10_M,Alcanar Llar de Jubilats,Rural Near-city/Industrial,Tarragona
e1_rr_43004005_10_M,43004005_10_M,seasonal_naive,7,p75,22.183401531654187,0.2916666666666667,0.2944983818770226,0.2930756843800322,0.2103471749489448,0.2123893805309734,43004005_10_M,Alcanar Llar de Jubilats,Rural Near-city/Industrial,Tarragona
e1_rr_43004005_10_M,43004005_10_M,seasonal_naive,7,p90,28.29551395507148,0.2164179104477611,0.213235294117647,0.2148148148148148,0.0925799863852961,0.091218515997277,43004005_10_M,Alcanar Llar de Jubilats,Rural Near-city/Industrial,Tarragona
e1_rr_43004005_10_M,43004005_10_M,stl_ridge_direct,1,abs_50,50.0,0.3846153846153846,0.0318471337579617,0.0588235294117647,0.1037673496364838,0.0085922009253139,43004005_10_M,Alcanar Llar de Jubilats,Rural Near-city/Industrial,Tarragona
e1_rr_43004005_10_M,43004005_10_M,stl_ridge_direct,1,p75,22.177868506278916,0.9809523809523808,0.2219827586206896,0.3620386643233744,0.9200264375413086,0.208195637805684,43004005_10_M,Alcanar Llar de Jubilats,Rural Near-city/Industrial,Tarragona
e1_rr_43004005_10_M,43004005_10_M,stl_ridge_direct,1,p90,28.289590218109716,0.9124087591240876,0.1095530236634531,0.1956181533646322,0.7541308658294779,0.0905485789821546,43004005_10_M,Alcanar Llar de Jubilats,Rural Near-city/Industrial,Tarragona
e1_rr_43004005_10_M,43004005_10_M,stl_ridge_direct,2,abs_50,50.0,0.3333333333333333,0.0289855072463768,0.0533333333333333,0.0916334661354581,0.0079681274900398,43004005_10_M,Alcanar Llar de Jubilats,Rural Near-city/Industrial,Tarragona
e1_rr_43004005_10_M,43004005_10_M,stl_ridge_direct,2,p75,22.17867144754316,0.9841772151898734,0.2219842969307637,0.3622597553873034,0.9302788844621512,0.2098273572377158,43004005_10_M,Alcanar Llar de Jubilats,Rural Near-city/Industrial,Tarragona
e1_rr_43004005_10_M,43004005_10_M,stl_ridge_direct,2,p90,28.290365205843298,0.8962962962962963,0.1048526863084922,0.1877424359968968,0.7662682602921647,0.0896414342629482,43004005_10_M,Alcanar Llar de Jubilats,Rural Near-city/Industrial,Tarragona
e1_rr_43004005_10_M,43004005_10_M,stl_ridge_direct,3,abs_50,50.0,0.25,0.0217391304347826,0.04,0.0920613742494996,0.0080053368912608,43004005_10_M,Alcanar Llar de Jubilats,Rural Near-city/Industrial,Tarragona
e1_rr_43004005_10_M,43004005_10_M,stl_ridge_direct,3,p75,22.179621247498332,0.9840764331210192,0.2177589852008456,0.3566070398153491,0.9466310873915944,0.209472981987992,43004005_10_M,Alcanar Llar de Jubilats,Rural Near-city/Industrial,Tarragona
e1_rr_43004005_10_M,43004005_10_M,stl_ridge_direct,3,p90,28.29108072048032,0.8947368421052632,0.1024978466838932,0.1839258114374033,0.7745163442294863,0.0887258172114743,43004005_10_M,Alcanar Llar de Jubilats,Rural Near-city/Industrial,Tarragona
e1_rr_43004005_10_M,43004005_10_M,stl_ridge_direct,4,abs_50,50.0,0.25,0.025,0.0454545454545454,0.0804828973843058,0.0080482897384305,43004005_10_M,Alcanar Llar de Jubilats,Rural Near-city/Industrial,Tarragona
e1_rr_43004005_10_M,43004005_10_M,stl_ridge_direct,4,p75,22.180517035546615,0.9840255591054312,0.2159887798036465,0.3542265669925244,0.9564050972501676,0.209926224010731,43004005_10_M,Alcanar Llar de Jubilats,Rural Near-city/Industrial,Tarragona
e1_rr_43004005_10_M,43004005_10_M,stl_ridge_direct,4,p90,28.29188464118042,0.9172932330827068,0.1047210300429184,0.1879815100154083,0.7813547954393025,0.0892018779342723,43004005_10_M,Alcanar Llar de Jubilats,Rural Near-city/Industrial,Tarragona
e1_rr_43004005_10_M,43004005_10_M,stl_ridge_direct,5,abs_50,50.0,0.25,0.0254237288135593,0.0461538461538461,0.0796221322537112,0.0080971659919028,43004005_10_M,Alcanar Llar de Jubilats,Rural Near-city/Industrial,Tarragona
e1_rr_43004005_10_M,43004005_10_M,stl_ridge_direct,5,p75,22.181589102564104,0.9936102236421726,0.2161223071577484,0.3550228310502283,0.9709851551956816,0.2112010796221322,43004005_10_M,Alcanar Llar de Jubilats,Rural Near-city/Industrial,Tarragona
e1_rr_43004005_10_M,43004005_10_M,stl_ridge_direct,5,p90,28.29282726045884,0.9097744360902256,0.102891156462585,0.1848739495798319,0.7935222672064778,0.0897435897435897,43004005_10_M,Alcanar Llar de Jubilats,Rural Near-city/Industrial,Tarragona
e1_rr_43004005_10_M,43004005_10_M,stl_ridge_direct,6,abs_50,50.0,0.25,0.0258620689655172,0.046875,0.078697421981004,0.0081411126187245,43004005_10_M,Alcanar Llar de Jubilats,Rural Near-city/Industrial,Tarragona
e1_rr_43004005_10_M,43004005_10_M,stl_ridge_direct,6,p75,22.18282805291723,0.9936305732484076,0.2171189979123173,0.3563677898343804,0.974898236092266,0.2130257801899593,43004005_10_M,Alcanar Llar de Jubilats,Rural Near-city/Industrial,Tarragona
e1_rr_43004005_10_M,43004005_10_M,stl_ridge_direct,6,p90,28.294803256445057,0.9185185185185184,0.1058923996584116,0.1898928024502297,0.7944369063772049,0.0915875169606512,43004005_10_M,Alcanar Llar de Jubilats,Rural Near-city/Industrial,Tarragona
e1_rr_43004005_10_M,43004005_10_M,stl_ridge_direct,7,abs_50,50.0,0.25,0.027027027027027,0.048780487804878,0.0755616065350578,0.0081688223281143,43004005_10_M,Alcanar Llar de Jubilats,Rural Near-city/Industrial,Tarragona
e1_rr_43004005_10_M,43004005_10_M,stl_ridge_direct,7,p75,22.183401531654187,0.9935897435897436,0.2154273801250868,0.3540833809251856,0.979577944179714,0.2123893805309734,43004005_10_M,Alcanar Llar de Jubilats,Rural Near-city/Industrial,Tarragona
e1_rr_43004005_10_M,43004005_10_M,stl_ridge_direct,7,p90,28.29551395507148,0.917910447761194,0.1044142614601018,0.1875,0.8019060585432267,0.091218515997277,43004005_10_M,Alcanar Llar de Jubilats,Rural Near-city/Industrial,Tarragona
e1_rr_43004006_10_M,43004006_10_M,hgb_direct,1,abs_50,50.0,0.0285714285714285,0.25,0.0512820512820512,0.0025141420490257,0.0219987429289754,43004006_10_M,Alcanar Montecarlo,Rural Remote/Industrial,Tarragona
e1_rr_43004006_10_M,43004006_10_M,hgb_direct,1,p75,28.860637963544946,0.4054054054054054,0.5454545454545454,0.4651162790697674,0.1728472658705216,0.2325581395348837,43004006_10_M,Alcanar Montecarlo,Rural Remote/Industrial,Tarragona
e1_rr_43004006_10_M,43004006_10_M,hgb_direct,1,p90,37.753537115022,0.16,0.4067796610169492,0.2296650717703349,0.0370835952231301,0.0942803268384663,43004006_10_M,Alcanar Montecarlo,Rural Remote/Industrial,Tarragona
e1_rr_43004006_10_M,43004006_10_M,hgb_direct,2,abs_50,50.0,0.0,,,0.0,0.0215736040609137,43004006_10_M,Alcanar Montecarlo,Rural Remote/Industrial,Tarragona
e1_rr_43004006_10_M,43004006_10_M,hgb_direct,2,p75,28.861659263959396,0.2297297297297297,0.4521276595744681,0.3046594982078853,0.1192893401015228,0.2347715736040609,43004006_10_M,Alcanar Montecarlo,Rural Remote/Industrial,Tarragona
e1_rr_43004006_10_M,43004006_10_M,hgb_direct,2,p90,37.75503235406091,0.0202702702702702,0.15,0.0357142857142857,0.0126903553299492,0.0939086294416243,43004006_10_M,Alcanar Montecarlo,Rural Remote/Industrial,Tarragona
e1_rr_43004006_10_M,43004006_10_M,hgb_direct,3,abs_50,50.0,0.0,,,0.0,0.0223785166240409,43004006_10_M,Alcanar Montecarlo,Rural Remote/Industrial,Tarragona
e1_rr_43004006_10_M,43004006_10_M,hgb_direct,3,p75,28.8628037084399,0.1793478260869565,0.3771428571428571,0.2430939226519337,0.1118925831202046,0.2352941176470588,43004006_10_M,Alcanar Montecarlo,Rural Remote/Industrial,Tarragona
e1_rr_43004006_10_M,43004006_10_M,hgb_direct,3,p90,37.75687546035805,0.0068493150684931,0.1,0.0128205128205128,0.0063938618925831,0.0933503836317135,43004006_10_M,Alcanar Montecarlo,Rural Remote/Industrial,Tarragona
e1_rr_43004006_10_M,43004006_10_M,hgb_direct,4,abs_50,50.0,0.0,,,0.0,0.0218649517684887,43004006_10_M,Alcanar Montecarlo,Rural Remote/Industrial,Tarragona
e1_rr_43004006_10_M,43004006_10_M,hgb_direct,4,p75,28.862620578778134,0.1584699453551912,0.3602484472049689,0.2201138519924099,0.1035369774919614,0.2353697749196141,43004006_10_M,Alcanar Montecarlo,Rural Remote/Industrial,Tarragona
e1_rr_43004006_10_M,43004006_10_M,hgb_direct,4,p90,37.75545577491962,0.0,0.0,,0.002572347266881,0.0945337620578778,43004006_10_M,Alcanar Montecarlo,Rural Remote/Industrial,Tarragona
e1_rr_43004006_10_M,43004006_10_M,hgb_direct,5,abs_50,50.0,0.0,,,0.0,0.0220064724919093,43004006_10_M,Alcanar Montecarlo,Rural Remote/Industrial,Tarragona
e1_rr_43004006_10_M,43004006_10_M,hgb_direct,5,p75,28.862168284789647,0.1120218579234972,0.3228346456692913,0.1663286004056794,0.0822006472491909,0.2368932038834951,43004006_10_M,Alcanar Montecarlo,Rural Remote/Industrial,Tarragona
e1_rr_43004006_10_M,43004006_10_M,hgb_direct,5,p90,37.75309469902913,0.0,0.0,,0.0019417475728155,0.0938511326860841,43004006_10_M,Alcanar Montecarlo,Rural Remote/Industrial,Tarragona
e1_rr_43004006_10_M,43004006_10_M,hgb_direct,6,abs_50,50.0,0.0,,,0.0,0.0221354166666666,43004006_10_M,Alcanar Montecarlo,Rural Remote/Industrial,Tarragona
e1_rr_43004006_10_M,43004006_10_M,hgb_direct,6,p75,28.86178385416667,0.136986301369863,0.3546099290780142,0.1976284584980237,0.091796875,0.2376302083333333,43004006_10_M,Alcanar Montecarlo,Rural Remote/Industrial,Tarragona
e1_rr_43004006_10_M,43004006_10_M,hgb_direct,6,p90,37.75159242187501,0.0,0.0,,0.0032552083333333,0.0930989583333333,43004006_10_M,Alcanar Montecarlo,Rural Remote/Industrial,Tarragona
e1_rr_43004006_10_M,43004006_10_M,hgb_direct,7,abs_50,50.0,0.0,,,0.0,0.0222077073807968,43004006_10_M,Alcanar Montecarlo,Rural Remote/Industrial,Tarragona
e1_rr_43004006_10_M,43004006_10_M,hgb_direct,7,p75,28.861136512083608,0.1263736263736263,0.2911392405063291,0.1762452107279693,0.1032005225342913,0.2377531025473546,43004006_10_M,Alcanar Montecarlo,Rural Remote/Industrial,Tarragona
e1_rr_43004006_10_M,43004006_10_M,hgb_direct,7,p90,37.75196689092097,0.0,0.0,,0.000653167864141,0.0920966688438928,43004006_10_M,Alcanar Montecarlo,Rural Remote/Industrial,Tarragona
e1_rr_43004006_10_M,43004006_10_M,persistence,1,abs_50,50.0,0.2571428571428571,0.25,0.2535211267605634,0.0226272784412319,0.0219987429289754,43004006_10_M,Alcanar Montecarlo,Rural Remote/Industrial,Tarragona
e1_rr_43004006_10_M,43004006_10_M,persistence,1,p75,28.860637963544946,0.527027027027027,0.5357142857142857,0.5313351498637602,0.228786926461345,0.2325581395348837,43004006_10_M,Alcanar Montecarlo,Rural Remote/Industrial,Tarragona
e1_rr_43004006_10_M,43004006_10_M,persistence,1,p90,37.753537115022,0.3266666666666666,0.3426573426573426,0.3344709897610921,0.0898805782526712,0.0942803268384663,43004006_10_M,Alcanar Montecarlo,Rural Remote/Industrial,Tarragona
e1_rr_43004006_10_M,43004006_10_M,persistence,2,abs_50,50.0,0.1176470588235294,0.1111111111111111,0.1142857142857142,0.0228426395939086,0.0215736040609137,43004006_10_M,Alcanar Montecarlo,Rural Remote/Industrial,Tarragona
e1_rr_43004006_10_M,43004006_10_M,persistence,2,p75,28.861659263959396,0.4,0.4088397790055249,0.4043715846994536,0.2296954314720812,0.2347715736040609,43004006_10_M,Alcanar Montecarlo,Rural Remote/Industrial,Tarragona
e1_rr_43004006_10_M,43004006_10_M,persistence,2,p90,37.75503235406091,0.2027027027027027,0.2127659574468085,0.2076124567474048,0.0894670050761421,0.0939086294416243,43004006_10_M,Alcanar Montecarlo,Rural Remote/Industrial,Tarragona
e1_rr_43004006_10_M,43004006_10_M,persistence,3,abs_50,50.0,0.1142857142857142,0.1142857142857142,0.1142857142857142,0.0223785166240409,0.0223785166240409,43004006_10_M,Alcanar Montecarlo,Rural Remote/Industrial,Tarragona
e1_rr_43004006_10_M,43004006_10_M,persistence,3,p75,28.8628037084399,0.3559782608695652,0.3659217877094972,0.3608815426997245,0.2289002557544757,0.2352941176470588,43004006_10_M,Alcanar Montecarlo,Rural Remote/Industrial,Tarragona
e1_rr_43004006_10_M,43004006_10_M,persistence,3,p90,37.75687546035805,0.1301369863013698,0.1366906474820144,0.1333333333333333,0.0888746803069053,0.0933503836317135,43004006_10_M,Alcanar Montecarlo,Rural Remote/Industrial,Tarragona
e1_rr_43004006_10_M,43004006_10_M,persistence,4,abs_50,50.0,0.0588235294117647,0.0571428571428571,0.0579710144927536,0.022508038585209,0.0218649517684887,43004006_10_M,Alcanar Montecarlo,Rural Remote/Industrial,Tarragona
e1_rr_43004006_10_M,43004006_10_M,persistence,4,p75,28.862620578778134,0.314207650273224,0.3203342618384401,0.3172413793103448,0.2308681672025723,0.2353697749196141,43004006_10_M,Alcanar Montecarlo,Rural Remote/Industrial,Tarragona
e1_rr_43004006_10_M,43004006_10_M,persistence,4,p90,37.75545577491962,0.1292517006802721,0.1357142857142857,0.132404181184669,0.090032154340836,0.0945337620578778,43004006_10_M,Alcanar Montecarlo,Rural Remote/Industrial,Tarragona
e1_rr_43004006_10_M,43004006_10_M,persistence,5,abs_50,50.0,0.0294117647058823,0.0285714285714285,0.0289855072463768,0.0226537216828478,0.0220064724919093,43004006_10_M,Alcanar Montecarlo,Rural Remote/Industrial,Tarragona
e1_rr_43004006_10_M,43004006_10_M,persistence,5,p75,28.862168284789647,0.3087431693989071,0.3147632311977716,0.3117241379310345,0.2323624595469255,0.2368932038834951,43004006_10_M,Alcanar Montecarlo,Rural Remote/Industrial,Tarragona
e1_rr_43004006_10_M,43004006_10_M,persistence,5,p90,37.75309469902913,0.1517241379310344,0.1571428571428571,0.1543859649122807,0.0906148867313915,0.0938511326860841,43004006_10_M,Alcanar Montecarlo,Rural Remote/Industrial,Tarragona
e1_rr_43004006_10_M,43004006_10_M,persistence,6,abs_50,50.0,0.0,0.0,,0.0234375,0.0221354166666666,43004006_10_M,Alcanar Montecarlo,Rural Remote/Industrial,Tarragona
e1_rr_43004006_10_M,43004006_10_M,persistence,6,p75,28.86178385416667,0.3397260273972602,0.3454038997214484,0.3425414364640883,0.2337239583333333,0.2376302083333333,43004006_10_M,Alcanar Montecarlo,Rural Remote/Industrial,Tarragona
e1_rr_43004006_10_M,43004006_10_M,persistence,6,p90,37.75159242187501,0.1118881118881118,0.1134751773049645,0.1126760563380281,0.091796875,0.0930989583333333,43004006_10_M,Alcanar Montecarlo,Rural Remote/Industrial,Tarragona
e1_rr_43004006_10_M,43004006_10_M,persistence,7,abs_50,50.0,0.0,0.0,,0.023514043109079,0.0222077073807968,43004006_10_M,Alcanar Montecarlo,Rural Remote/Industrial,Tarragona
e1_rr_43004006_10_M,43004006_10_M,persistence,7,p75,28.861136512083608,0.3269230769230769,0.3305555555555555,0.3287292817679558,0.2351404310907903,0.2377531025473546,43004006_10_M,Alcanar Montecarlo,Rural Remote/Industrial,Tarragona
e1_rr_43004006_10_M,43004006_10_M,persistence,7,p90,37.75196689092097,0.0851063829787234,0.0851063829787234,0.0851063829787234,0.0920966688438928,0.0920966688438928,43004006_10_M,Alcanar Montecarlo,Rural Remote/Industrial,Tarragona
e1_rr_43004006_10_M,43004006_10_M,ridge_direct,1,abs_50,50.0,0.0857142857142857,0.3333333333333333,0.1363636363636363,0.0056568196103079,0.0219987429289754,43004006_10_M,Alcanar Montecarlo,Rural Remote/Industrial,Tarragona
e1_rr_43004006_10_M,43004006_10_M,ridge_direct,1,p75,28.860637963544946,0.4567567567567567,0.6035714285714285,0.5199999999999999,0.1759899434318039,0.2325581395348837,43004006_10_M,Alcanar Montecarlo,Rural Remote/Industrial,Tarragona
e1_rr_43004006_10_M,43004006_10_M,ridge_direct,1,p90,37.753537115022,0.18,0.5625,0.2727272727272727,0.0301697045883092,0.0942803268384663,43004006_10_M,Alcanar Montecarlo,Rural Remote/Industrial,Tarragona
e1_rr_43004006_10_M,43004006_10_M,ridge_direct,2,abs_50,50.0,0.0,,,0.0,0.0215736040609137,43004006_10_M,Alcanar Montecarlo,Rural Remote/Industrial,Tarragona
e1_rr_43004006_10_M,43004006_10_M,ridge_direct,2,p75,28.861659263959396,0.2432432432432432,0.5202312138728323,0.3314917127071823,0.1097715736040609,0.2347715736040609,43004006_10_M,Alcanar Montecarlo,Rural Remote/Industrial,Tarragona
e1_rr_43004006_10_M,43004006_10_M,ridge_direct,2,p90,37.75503235406091,0.0202702702702702,0.375,0.0384615384615384,0.0050761421319796,0.0939086294416243,43004006_10_M,Alcanar Montecarlo,Rural Remote/Industrial,Tarragona
e1_rr_43004006_10_M,43004006_10_M,ridge_direct,3,abs_50,50.0,0.0,,,0.0,0.0223785166240409,43004006_10_M,Alcanar Montecarlo,Rural Remote/Industrial,Tarragona
e1_rr_43004006_10_M,43004006_10_M,ridge_direct,3,p75,28.8628037084399,0.1440217391304347,0.4453781512605042,0.2176591375770021,0.0760869565217391,0.2352941176470588,43004006_10_M,Alcanar Montecarlo,Rural Remote/Industrial,Tarragona
e1_rr_43004006_10_M,43004006_10_M,ridge_direct,3,p90,37.75687546035805,0.0,0.0,,0.0025575447570332,0.0933503836317135,43004006_10_M,Alcanar Montecarlo,Rural Remote/Industrial,Tarragona
e1_rr_43004006_10_M,43004006_10_M,ridge_direct,4,abs_50,50.0,0.0,,,0.0,0.0218649517684887,43004006_10_M,Alcanar Montecarlo,Rural Remote/Industrial,Tarragona
e1_rr_43004006_10_M,43004006_10_M,ridge_direct,4,p75,28.862620578778134,0.0901639344262295,0.4342105263157895,0.1493212669683258,0.0488745980707395,0.2353697749196141,43004006_10_M,Alcanar Montecarlo,Rural Remote/Industrial,Tarragona
e1_rr_43004006_10_M,43004006_10_M,ridge_direct,4,p90,37.75545577491962,0.0,,,0.0,0.0945337620578778,43004006_10_M,Alcanar Montecarlo,Rural Remote/Industrial,Tarragona
e1_rr_43004006_10_M,43004006_10_M,ridge_direct,5,abs_50,50.0,0.0,,,0.0,0.0220064724919093,43004006_10_M,Alcanar Montecarlo,Rural Remote/Industrial,Tarragona
e1_rr_43004006_10_M,43004006_10_M,ridge_direct,5,p75,28.862168284789647,0.0655737704918032,0.4285714285714285,0.1137440758293838,0.0362459546925566,0.2368932038834951,43004006_10_M,Alcanar Montecarlo,Rural Remote/Industrial,Tarragona
e1_rr_43004006_10_M,43004006_10_M,ridge_direct,5,p90,37.75309469902913,0.0,,,0.0,0.0938511326860841,43004006_10_M,Alcanar Montecarlo,Rural Remote/Industrial,Tarragona
e1_rr_43004006_10_M,43004006_10_M,ridge_direct,6,abs_50,50.0,0.0,,,0.0,0.0221354166666666,43004006_10_M,Alcanar Montecarlo,Rural Remote/Industrial,Tarragona
e1_rr_43004006_10_M,43004006_10_M,ridge_direct,6,p75,28.86178385416667,0.0712328767123287,0.490566037735849,0.124401913875598,0.0345052083333333,0.2376302083333333,43004006_10_M,Alcanar Montecarlo,Rural Remote/Industrial,Tarragona
e1_rr_43004006_10_M,43004006_10_M,ridge_direct,6,p90,37.75159242187501,0.0,,,0.0,0.0930989583333333,43004006_10_M,Alcanar Montecarlo,Rural Remote/Industrial,Tarragona
e1_rr_43004006_10_M,43004006_10_M,ridge_direct,7,abs_50,50.0,0.0,,,0.0,0.0222077073807968,43004006_10_M,Alcanar Montecarlo,Rural Remote/Industrial,Tarragona
e1_rr_43004006_10_M,43004006_10_M,ridge_direct,7,p75,28.861136512083608,0.0384615384615384,0.358974358974359,0.0694789081885856,0.0254735467015022,0.2377531025473546,43004006_10_M,Alcanar Montecarlo,Rural Remote/Industrial,Tarragona
e1_rr_43004006_10_M,43004006_10_M,ridge_direct,7,p90,37.75196689092097,0.0,,,0.0,0.0920966688438928,43004006_10_M,Alcanar Montecarlo,Rural Remote/Industrial,Tarragona
e1_rr_43004006_10_M,43004006_10_M,sarima,1,abs_50,50.0,0.0,,,0.0,0.0071942446043165,43004006_10_M,Alcanar Montecarlo,Rural Remote/Industrial,Tarragona
e1_rr_43004006_10_M,43004006_10_M,sarima,1,p75,29.125000000000004,0.4137931034482758,0.48,0.4444444444444445,0.181159420289855,0.2101449275362318,43004006_10_M,Alcanar Montecarlo,Rural Remote/Industrial,Tarragona
e1_rr_43004006_10_M,43004006_10_M,sarima,1,p90,38.023707173913046,0.125,0.3333333333333333,0.1818181818181818,0.0217391304347826,0.0579710144927536,43004006_10_M,Alcanar Montecarlo,Rural Remote/Industrial,Tarragona
e1_rr_43004006_10_M,43004006_10_M,sarima,2,abs_50,50.0,0.0,,,0.0,0.0142857142857142,43004006_10_M,Alcanar Montecarlo,Rural Remote/Industrial,Tarragona
e1_rr_43004006_10_M,43004006_10_M,sarima,2,p75,29.130755395683455,0.0666666666666666,0.3333333333333333,0.1111111111111111,0.0431654676258992,0.2158273381294964,43004006_10_M,Alcanar Montecarlo,Rural Remote/Industrial,Tarragona
e1_rr_43004006_10_M,43004006_10_M,sarima,2,p90,38.03864453237411,0.0,,,0.0,0.0863309352517985,43004006_10_M,Alcanar Montecarlo,Rural Remote/Industrial,Tarragona
e1_rr_43004006_10_M,43004006_10_M,sarima,3,abs_50,50.0,0.0,,,0.0,0.014388489208633,43004006_10_M,Alcanar Montecarlo,Rural Remote/Industrial,Tarragona
e1_rr_43004006_10_M,43004006_10_M,sarima,3,p75,29.131702898550724,0.0,,,0.0,0.1956521739130435,43004006_10_M,Alcanar Montecarlo,Rural Remote/Industrial,Tarragona
e1_rr_43004006_10_M,43004006_10_M,sarima,3,p90,38.04617094202899,0.0,,,0.0,0.0869565217391304,43004006_10_M,Alcanar Montecarlo,Rural Remote/Industrial,Tarragona
e1_rr_43004006_10_M,43004006_10_M,sarima,4,abs_50,50.0,0.0,,,0.0,0.0215827338129496,43004006_10_M,Alcanar Montecarlo,Rural Remote/Industrial,Tarragona
e1_rr_43004006_10_M,43004006_10_M,sarima,4,p75,29.131702898550724,0.0,,,0.0,0.2028985507246377,43004006_10_M,Alcanar Montecarlo,Rural Remote/Industrial,Tarragona
e1_rr_43004006_10_M,43004006_10_M,sarima,4,p90,38.04617094202899,0.0,,,0.0,0.0797101449275362,43004006_10_M,Alcanar Montecarlo,Rural Remote/Industrial,Tarragona
e1_rr_43004006_10_M,43004006_10_M,sarima,5,abs_50,50.0,0.0,,,0.0,0.0144927536231884,43004006_10_M,Alcanar Montecarlo,Rural Remote/Industrial,Tarragona
e1_rr_43004006_10_M,43004006_10_M,sarima,5,p75,29.132664233576644,0.0,,,0.0,0.1532846715328467,43004006_10_M,Alcanar Montecarlo,Rural Remote/Industrial,Tarragona
e1_rr_43004006_10_M,43004006_10_M,sarima,5,p90,38.03847875912409,0.0,,,0.0,0.0656934306569343,43004006_10_M,Alcanar Montecarlo,Rural Remote/Industrial,Tarragona
e1_rr_43004006_10_M,43004006_10_M,sarima,6,abs_50,50.0,0.0,,,0.0,0.0222222222222222,43004006_10_M,Alcanar Montecarlo,Rural Remote/Industrial,Tarragona
e1_rr_43004006_10_M,43004006_10_M,sarima,6,p75,29.128171641791045,0.0,,,0.0,0.2537313432835821,43004006_10_M,Alcanar Montecarlo,Rural Remote/Industrial,Tarragona
e1_rr_43004006_10_M,43004006_10_M,sarima,6,p90,37.99605664179105,0.0,,,0.0,0.0970149253731343,43004006_10_M,Alcanar Montecarlo,Rural Remote/Industrial,Tarragona
e1_rr_43004006_10_M,43004006_10_M,sarima,7,abs_50,50.0,0.0,,,0.0,0.0145985401459854,43004006_10_M,Alcanar Montecarlo,Rural Remote/Industrial,Tarragona
e1_rr_43004006_10_M,43004006_10_M,sarima,7,p75,29.140992647058823,0.0,,,0.0,0.213235294117647,43004006_10_M,Alcanar Montecarlo,Rural Remote/Industrial,Tarragona
e1_rr_43004006_10_M,43004006_10_M,sarima,7,p90,38.05223911764706,0.0,,,0.0,0.1029411764705882,43004006_10_M,Alcanar Montecarlo,Rural Remote/Industrial,Tarragona
e1_rr_43004006_10_M,43004006_10_M,seasonal_naive,1,abs_50,50.0,0.0,0.0,,0.0219987429289754,0.0219987429289754,43004006_10_M,Alcanar Montecarlo,Rural Remote/Industrial,Tarragona
e1_rr_43004006_10_M,43004006_10_M,seasonal_naive,1,p75,28.860637963544946,0.327027027027027,0.3235294117647059,0.3252688172043011,0.2350722815839095,0.2325581395348837,43004006_10_M,Alcanar Montecarlo,Rural Remote/Industrial,Tarragona
e1_rr_43004006_10_M,43004006_10_M,seasonal_naive,1,p90,37.753537115022,0.08,0.0845070422535211,0.0821917808219178,0.0892520427404148,0.0942803268384663,43004006_10_M,Alcanar Montecarlo,Rural Remote/Industrial,Tarragona
e1_rr_43004006_10_M,43004006_10_M,seasonal_naive,2,abs_50,50.0,0.0,0.0,,0.0222081218274111,0.0215736040609137,43004006_10_M,Alcanar Montecarlo,Rural Remote/Industrial,Tarragona
e1_rr_43004006_10_M,43004006_10_M,seasonal_naive,2,p75,28.861659263959396,0.3189189189189189,0.3206521739130434,0.3197831978319783,0.233502538071066,0.2347715736040609,43004006_10_M,Alcanar Montecarlo,Rural Remote/Industrial,Tarragona
e1_rr_43004006_10_M,43004006_10_M,seasonal_naive,2,p90,37.75503235406091,0.081081081081081,0.0845070422535211,0.0827586206896551,0.0901015228426396,0.0939086294416243,43004006_10_M,Alcanar Montecarlo,Rural Remote/Industrial,Tarragona
e1_rr_43004006_10_M,43004006_10_M,seasonal_naive,3,abs_50,50.0,0.0,0.0,,0.0223785166240409,0.0223785166240409,43004006_10_M,Alcanar Montecarlo,Rural Remote/Industrial,Tarragona
e1_rr_43004006_10_M,43004006_10_M,seasonal_naive,3,p75,28.8628037084399,0.3179347826086957,0.319672131147541,0.3188010899182562,0.2340153452685422,0.2352941176470588,43004006_10_M,Alcanar Montecarlo,Rural Remote/Industrial,Tarragona
e1_rr_43004006_10_M,43004006_10_M,seasonal_naive,3,p90,37.75687546035805,0.0821917808219178,0.0851063829787234,0.0836236933797909,0.0901534526854219,0.0933503836317135,43004006_10_M,Alcanar Montecarlo,Rural Remote/Industrial,Tarragona
e1_rr_43004006_10_M,43004006_10_M,seasonal_naive,4,abs_50,50.0,0.0,0.0,,0.022508038585209,0.0218649517684887,43004006_10_M,Alcanar Montecarlo,Rural Remote/Industrial,Tarragona
e1_rr_43004006_10_M,43004006_10_M,seasonal_naive,4,p75,28.862620578778134,0.3224043715846995,0.3224043715846995,0.3224043715846995,0.2353697749196141,0.2353697749196141,43004006_10_M,Alcanar Montecarlo,Rural Remote/Industrial,Tarragona
e1_rr_43004006_10_M,43004006_10_M,seasonal_naive,4,p90,37.75545577491962,0.0816326530612244,0.0851063829787234,0.0833333333333333,0.0906752411575562,0.0945337620578778,43004006_10_M,Alcanar Montecarlo,Rural Remote/Industrial,Tarragona
e1_rr_43004006_10_M,43004006_10_M,seasonal_naive,5,abs_50,50.0,0.0,0.0,,0.0233009708737864,0.0220064724919093,43004006_10_M,Alcanar Montecarlo,Rural Remote/Industrial,Tarragona
e1_rr_43004006_10_M,43004006_10_M,seasonal_naive,5,p75,28.862168284789647,0.3251366120218579,0.3269230769230769,0.3260273972602739,0.2355987055016181,0.2368932038834951,43004006_10_M,Alcanar Montecarlo,Rural Remote/Industrial,Tarragona
e1_rr_43004006_10_M,43004006_10_M,seasonal_naive,5,p90,37.75309469902913,0.0827586206896551,0.0845070422535211,0.0836236933797909,0.0919093851132686,0.0938511326860841,43004006_10_M,Alcanar Montecarlo,Rural Remote/Industrial,Tarragona
e1_rr_43004006_10_M,43004006_10_M,seasonal_naive,6,abs_50,50.0,0.0,0.0,,0.0234375,0.0221354166666666,43004006_10_M,Alcanar Montecarlo,Rural Remote/Industrial,Tarragona
e1_rr_43004006_10_M,43004006_10_M,seasonal_naive,6,p75,28.86178385416667,0.3232876712328767,0.3286908077994429,0.3259668508287293,0.2337239583333333,0.2376302083333333,43004006_10_M,Alcanar Montecarlo,Rural Remote/Industrial,Tarragona
e1_rr_43004006_10_M,43004006_10_M,seasonal_naive,6,p90,37.75159242187501,0.0839160839160839,0.0845070422535211,0.0842105263157894,0.0924479166666666,0.0930989583333333,43004006_10_M,Alcanar Montecarlo,Rural Remote/Industrial,Tarragona
e1_rr_43004006_10_M,43004006_10_M,seasonal_naive,7,abs_50,50.0,0.0,0.0,,0.023514043109079,0.0222077073807968,43004006_10_M,Alcanar Montecarlo,Rural Remote/Industrial,Tarragona
e1_rr_43004006_10_M,43004006_10_M,seasonal_naive,7,p75,28.861136512083608,0.3269230769230769,0.3305555555555555,0.3287292817679558,0.2351404310907903,0.2377531025473546,43004006_10_M,Alcanar Montecarlo,Rural Remote/Industrial,Tarragona
e1_rr_43004006_10_M,43004006_10_M,seasonal_naive,7,p90,37.75196689092097,0.0851063829787234,0.0851063829787234,0.0851063829787234,0.0920966688438928,0.0920966688438928,43004006_10_M,Alcanar Montecarlo,Rural Remote/Industrial,Tarragona
e1_rr_43004006_10_M,43004006_10_M,stl_ridge_direct,1,abs_50,50.0,0.6571428571428571,0.0389830508474576,0.0736,0.370835952231301,0.0219987429289754,43004006_10_M,Alcanar Montecarlo,Rural Remote/Industrial,Tarragona
e1_rr_43004006_10_M,43004006_10_M,stl_ridge_direct,1,p75,28.860637963544946,0.991891891891892,0.242885506287227,0.3902179691653376,0.9497171590194846,0.2325581395348837,43004006_10_M,Alcanar Montecarlo,Rural Remote/Industrial,Tarragona
e1_rr_43004006_10_M,43004006_10_M,stl_ridge_direct,1,p90,37.753537115022,0.9133333333333332,0.1112012987012987,0.1982633863965267,0.7743557510999372,0.0942803268384663,43004006_10_M,Alcanar Montecarlo,Rural Remote/Industrial,Tarragona
e1_rr_43004006_10_M,43004006_10_M,stl_ridge_direct,2,abs_50,50.0,0.5882352941176471,0.0337268128161888,0.0637958532695374,0.3762690355329949,0.0215736040609137,43004006_10_M,Alcanar Montecarlo,Rural Remote/Industrial,Tarragona
e1_rr_43004006_10_M,43004006_10_M,stl_ridge_direct,2,p75,28.861659263959396,0.9891891891891892,0.2417437252311756,0.3885350318471337,0.9606598984771574,0.2347715736040609,43004006_10_M,Alcanar Montecarlo,Rural Remote/Industrial,Tarragona
e1_rr_43004006_10_M,43004006_10_M,stl_ridge_direct,2,p90,37.75503235406091,0.8648648648648649,0.1033091202582728,0.1845710165825523,0.7861675126903553,0.0939086294416243,43004006_10_M,Alcanar Montecarlo,Rural Remote/Industrial,Tarragona
e1_rr_43004006_10_M,43004006_10_M,stl_ridge_direct,3,abs_50,50.0,0.5428571428571428,0.032312925170068,0.0609951845906902,0.3759590792838874,0.0223785166240409,43004006_10_M,Alcanar Montecarlo,Rural Remote/Industrial,Tarragona
e1_rr_43004006_10_M,43004006_10_M,stl_ridge_direct,3,p75,28.8628037084399,0.9891304347826086,0.2405816259087904,0.3870281765018606,0.967391304347826,0.2352941176470588,43004006_10_M,Alcanar Montecarlo,Rural Remote/Industrial,Tarragona
e1_rr_43004006_10_M,43004006_10_M,stl_ridge_direct,3,p90,37.75687546035805,0.863013698630137,0.1014492753623188,0.1815561959654179,0.7941176470588235,0.0933503836317135,43004006_10_M,Alcanar Montecarlo,Rural Remote/Industrial,Tarragona
e1_rr_43004006_10_M,43004006_10_M,stl_ridge_direct,4,abs_50,50.0,0.5588235294117647,0.0327022375215146,0.0617886178861788,0.3736334405144694,0.0218649517684887,43004006_10_M,Alcanar Montecarlo,Rural Remote/Industrial,Tarragona
e1_rr_43004006_10_M,43004006_10_M,stl_ridge_direct,4,p75,28.862620578778134,0.9918032786885246,0.2394459102902374,0.385759829968119,0.97491961414791,0.2353697749196141,43004006_10_M,Alcanar Montecarlo,Rural Remote/Industrial,Tarragona
e1_rr_43004006_10_M,43004006_10_M,stl_ridge_direct,4,p90,37.75545577491962,0.891156462585034,0.1042993630573248,0.1867426942266571,0.8077170418006431,0.0945337620578778,43004006_10_M,Alcanar Montecarlo,Rural Remote/Industrial,Tarragona
e1_rr_43004006_10_M,43004006_10_M,stl_ridge_direct,5,abs_50,50.0,0.5,0.0299295774647887,0.0564784053156146,0.3676375404530744,0.0220064724919093,43004006_10_M,Alcanar Montecarlo,Rural Remote/Industrial,Tarragona
e1_rr_43004006_10_M,43004006_10_M,stl_ridge_direct,5,p75,28.862168284789647,0.9918032786885246,0.2394459102902374,0.385759829968119,0.9812297734627832,0.2368932038834951,43004006_10_M,Alcanar Montecarlo,Rural Remote/Industrial,Tarragona
e1_rr_43004006_10_M,43004006_10_M,stl_ridge_direct,5,p90,37.75309469902913,0.8827586206896552,0.1015873015873015,0.1822064056939501,0.8155339805825242,0.0938511326860841,43004006_10_M,Alcanar Montecarlo,Rural Remote/Industrial,Tarragona
e1_rr_43004006_10_M,43004006_10_M,stl_ridge_direct,6,abs_50,50.0,0.4411764705882353,0.0275229357798165,0.0518134715025906,0.3548177083333333,0.0221354166666666,43004006_10_M,Alcanar Montecarlo,Rural Remote/Industrial,Tarragona
e1_rr_43004006_10_M,43004006_10_M,stl_ridge_direct,6,p75,28.86178385416667,0.9917808219178084,0.2387862796833773,0.3849016480595428,0.9869791666666666,0.2376302083333333,43004006_10_M,Alcanar Montecarlo,Rural Remote/Industrial,Tarragona
e1_rr_43004006_10_M,43004006_10_M,stl_ridge_direct,6,p90,37.75159242187501,0.8881118881118881,0.1005542359461599,0.1806543385490754,0.822265625,0.0930989583333333,43004006_10_M,Alcanar Montecarlo,Rural Remote/Industrial,Tarragona
e1_rr_43004006_10_M,43004006_10_M,stl_ridge_direct,7,abs_50,50.0,0.4705882352941176,0.0293577981651376,0.0552677029360967,0.3559764859568909,0.0222077073807968,43004006_10_M,Alcanar Montecarlo,Rural Remote/Industrial,Tarragona
e1_rr_43004006_10_M,43004006_10_M,stl_ridge_direct,7,p75,28.861136512083608,0.9917582417582418,0.2381266490765171,0.3840425531914893,0.9902024820378836,0.2377531025473546,43004006_10_M,Alcanar Montecarlo,Rural Remote/Industrial,Tarragona
e1_rr_43004006_10_M,43004006_10_M,stl_ridge_direct,7,p90,37.75196689092097,0.8936170212765957,0.0995260663507109,0.1791044776119403,0.8269105160026127,0.0920966688438928,43004006_10_M,Alcanar Montecarlo,Rural Remote/Industrial,Tarragona
e1_rr_44013007_10_M,44013007_10_M,hgb_direct,1,abs_50,50.0,0.0285714285714285,0.6,0.0545454545454545,0.0031191515907673,0.0655021834061135,44013007_10_M,Alcaniz Capuchinos,Urban/Industrial,Teruel
e1_rr_44013007_10_M,44013007_10_M,hgb_direct,1,p75,29.580474111041795,0.4820627802690583,0.4908675799086758,0.4864253393665158,0.2732376793512164,0.2782283218964441,44013007_10_M,Alcaniz Capuchinos,Urban/Industrial,Teruel
e1_rr_44013007_10_M,44013007_10_M,hgb_direct,1,p90,41.90754834684966,0.1354166666666666,0.4,0.2023346303501945,0.040548970679975,0.1197754210854647,44013007_10_M,Alcaniz Capuchinos,Urban/Industrial,Teruel
e1_rr_44013007_10_M,44013007_10_M,hgb_direct,2,abs_50,50.0,0.019047619047619,0.5,0.036697247706422,0.0025094102885821,0.0658720200752823,44013007_10_M,Alcaniz Capuchinos,Urban/Industrial,Teruel
e1_rr_44013007_10_M,44013007_10_M,hgb_direct,2,p75,29.577478042659976,0.3431151241534989,0.3917525773195876,0.3658243080625752,0.2434127979924717,0.2779171894604768,44013007_10_M,Alcaniz Capuchinos,Urban/Industrial,Teruel
e1_rr_44013007_10_M,44013007_10_M,hgb_direct,2,p90,41.90803011292347,0.0366492146596858,0.2916666666666667,0.0651162790697674,0.015056461731493,0.1198243412797992,44013007_10_M,Alcaniz Capuchinos,Urban/Industrial,Teruel
e1_rr_44013007_10_M,44013007_10_M,hgb_direct,3,abs_50,50.0,0.0192307692307692,0.5,0.037037037037037,0.0025220680958385,0.0655737704918032,44013007_10_M,Alcaniz Capuchinos,Urban/Industrial,Teruel
e1_rr_44013007_10_M,44013007_10_M,hgb_direct,3,p75,29.576450189155107,0.3438914027149321,0.4053333333333333,0.372093023255814,0.2364438839848676,0.2786885245901639,44013007_10_M,Alcaniz Capuchinos,Urban/Industrial,Teruel
e1_rr_44013007_10_M,44013007_10_M,hgb_direct,3,p90,41.909962168978566,0.0317460317460317,0.2068965517241379,0.055045871559633,0.0182849936948297,0.1191677175283732,44013007_10_M,Alcaniz Capuchinos,Urban/Industrial,Teruel
e1_rr_44013007_10_M,44013007_10_M,hgb_direct,4,abs_50,50.0,0.0097087378640776,0.25,0.0186915887850467,0.0025348542458808,0.0652724968314321,44013007_10_M,Alcaniz Capuchinos,Urban/Industrial,Teruel
e1_rr_44013007_10_M,44013007_10_M,hgb_direct,4,p75,29.577471482889734,0.3066361556064073,0.391812865497076,0.3440308087291399,0.2167300380228136,0.2769328263624842,44013007_10_M,Alcaniz Capuchinos,Urban/Industrial,Teruel
e1_rr_44013007_10_M,44013007_10_M,hgb_direct,4,p90,41.913244613434735,0.0268817204301075,0.3333333333333333,0.0497512437810945,0.0095057034220532,0.11787072243346,44013007_10_M,Alcaniz Capuchinos,Urban/Industrial,Teruel
e1_rr_44013007_10_M,44013007_10_M,hgb_direct,5,abs_50,50.0,0.0,0.0,,0.0006369426751592,0.0643312101910828,44013007_10_M,Alcaniz Capuchinos,Urban/Industrial,Teruel
e1_rr_44013007_10_M,44013007_10_M,hgb_direct,5,p75,29.578503184713377,0.2702078521939954,0.3577981651376147,0.3078947368421053,0.20828025477707,0.275796178343949,44013007_10_M,Alcaniz Capuchinos,Urban/Industrial,Teruel
e1_rr_44013007_10_M,44013007_10_M,hgb_direct,5,p90,41.91656050955414,0.0218579234972677,0.25,0.0402010050251256,0.0101910828025477,0.1165605095541401,44013007_10_M,Alcaniz Capuchinos,Urban/Industrial,Teruel
e1_rr_44013007_10_M,44013007_10_M,hgb_direct,6,abs_50,50.0,0.0,0.0,,0.0006406149903907,0.0640614990390775,44013007_10_M,Alcaniz Capuchinos,Urban/Industrial,Teruel
e1_rr_44013007_10_M,44013007_10_M,hgb_direct,6,p75,29.580237027546445,0.2651162790697674,0.3701298701298701,0.3089430894308943,0.1973094170403587,0.2754644458680333,44013007_10_M,Alcaniz Capuchinos,Urban/Industrial,Teruel
e1_rr_44013007_10_M,44013007_10_M,hgb_direct,6,p90,41.921460602178094,0.0276243093922651,0.3125,0.0507614213197969,0.0102498398462524,0.1159513132607303,44013007_10_M,Alcaniz Capuchinos,Urban/Industrial,Teruel
e1_rr_44013007_10_M,44013007_10_M,hgb_direct,7,abs_50,50.0,0.0,,,0.0,0.0642260757867694,44013007_10_M,Alcaniz Capuchinos,Urban/Industrial,Teruel
e1_rr_44013007_10_M,44013007_10_M,hgb_direct,7,p75,29.579158638407193,0.2976744186046511,0.3914373088685015,0.3381770145310436,0.210019267822736,0.2761721258831085,44013007_10_M,Alcaniz Capuchinos,Urban/Industrial,Teruel
e1_rr_44013007_10_M,44013007_10_M,hgb_direct,7,p90,41.92241490044959,0.0166666666666666,0.3333333333333333,0.0317460317460317,0.0057803468208092,0.1156069364161849,44013007_10_M,Alcaniz Capuchinos,Urban/Industrial,Teruel
e1_rr_44013007_10_M,44013007_10_M,persistence,1,abs_50,50.0,0.3238095238095238,0.3269230769230769,0.3253588516746412,0.06487835308796,0.0655021834061135,44013007_10_M,Alcaniz Capuchinos,Urban/Industrial,Teruel
e1_rr_44013007_10_M,44013007_10_M,persistence,1,p75,29.580474111041795,0.5224215246636771,0.5247747747747747,0.5235955056179775,0.2769806612601372,0.2782283218964441,44013007_10_M,Alcaniz Capuchinos,Urban/Industrial,Teruel
e1_rr_44013007_10_M,44013007_10_M,persistence,1,p90,41.90754834684966,0.3802083333333333,0.3862433862433862,0.3832020997375328,0.1179039301310043,0.1197754210854647,44013007_10_M,Alcaniz Capuchinos,Urban/Industrial,Teruel
e1_rr_44013007_10_M,44013007_10_M,persistence,2,abs_50,50.0,0.1904761904761904,0.1904761904761904,0.1904761904761904,0.0658720200752823,0.0658720200752823,44013007_10_M,Alcaniz Capuchinos,Urban/Industrial,Teruel
e1_rr_44013007_10_M,44013007_10_M,persistence,2,p75,29.577478042659976,0.3476297968397291,0.346067415730337,0.3468468468468468,0.2791718946047679,0.2779171894604768,44013007_10_M,Alcaniz Capuchinos,Urban/Industrial,Teruel
e1_rr_44013007_10_M,44013007_10_M,persistence,2,p90,41.90803011292347,0.2408376963350785,0.2421052631578947,0.2414698162729658,0.1191969887076537,0.1198243412797992,44013007_10_M,Alcaniz Capuchinos,Urban/Industrial,Teruel
e1_rr_44013007_10_M,44013007_10_M,persistence,3,abs_50,50.0,0.0961538461538461,0.0961538461538461,0.0961538461538461,0.0655737704918032,0.0655737704918032,44013007_10_M,Alcaniz Capuchinos,Urban/Industrial,Teruel
e1_rr_44013007_10_M,44013007_10_M,persistence,3,p75,29.576450189155107,0.2941176470588235,0.2947845804988662,0.2944507361268403,0.2780580075662043,0.2786885245901639,44013007_10_M,Alcaniz Capuchinos,Urban/Industrial,Teruel
e1_rr_44013007_10_M,44013007_10_M,persistence,3,p90,41.909962168978566,0.1957671957671957,0.1957671957671957,0.1957671957671957,0.1191677175283732,0.1191677175283732,44013007_10_M,Alcaniz Capuchinos,Urban/Industrial,Teruel
e1_rr_44013007_10_M,44013007_10_M,persistence,4,abs_50,50.0,0.1067961165048543,0.1067961165048543,0.1067961165048543,0.0652724968314321,0.0652724968314321,44013007_10_M,Alcaniz Capuchinos,Urban/Industrial,Teruel
e1_rr_44013007_10_M,44013007_10_M,persistence,4,p75,29.577471482889734,0.2654462242562929,0.2660550458715596,0.265750286368843,0.2762991128010139,0.2769328263624842,44013007_10_M,Alcaniz Capuchinos,Urban/Industrial,Teruel
e1_rr_44013007_10_M,44013007_10_M,persistence,4,p90,41.913244613434735,0.1290322580645161,0.1290322580645161,0.1290322580645161,0.11787072243346,0.11787072243346,44013007_10_M,Alcaniz Capuchinos,Urban/Industrial,Teruel
e1_rr_44013007_10_M,44013007_10_M,persistence,5,abs_50,50.0,0.0891089108910891,0.087378640776699,0.088235294117647,0.0656050955414012,0.0643312101910828,44013007_10_M,Alcaniz Capuchinos,Urban/Industrial,Teruel
e1_rr_44013007_10_M,44013007_10_M,persistence,5,p75,29.578503184713377,0.2748267898383372,0.2748267898383372,0.2748267898383372,0.275796178343949,0.275796178343949,44013007_10_M,Alcaniz Capuchinos,Urban/Industrial,Teruel
e1_rr_44013007_10_M,44013007_10_M,persistence,5,p90,41.91656050955414,0.1475409836065573,0.1443850267379679,0.1459459459459459,0.119108280254777,0.1165605095541401,44013007_10_M,Alcaniz Capuchinos,Urban/Industrial,Teruel
e1_rr_44013007_10_M,44013007_10_M,persistence,6,abs_50,50.0,0.17,0.1666666666666666,0.1683168316831683,0.065342729019859,0.0640614990390775,44013007_10_M,Alcaniz Capuchinos,Urban/Industrial,Teruel
e1_rr_44013007_10_M,44013007_10_M,persistence,6,p75,29.580237027546445,0.3441860465116279,0.3441860465116279,0.3441860465116279,0.2754644458680333,0.2754644458680333,44013007_10_M,Alcaniz Capuchinos,Urban/Industrial,Teruel
e1_rr_44013007_10_M,44013007_10_M,persistence,6,p90,41.921460602178094,0.1933701657458563,0.1891891891891892,0.1912568306010929,0.1185137732222934,0.1159513132607303,44013007_10_M,Alcaniz Capuchinos,Urban/Industrial,Teruel
e1_rr_44013007_10_M,44013007_10_M,persistence,7,abs_50,50.0,0.18,0.1782178217821782,0.1791044776119403,0.0648683365446371,0.0642260757867694,44013007_10_M,Alcaniz Capuchinos,Urban/Industrial,Teruel
e1_rr_44013007_10_M,44013007_10_M,persistence,7,p75,29.579158638407193,0.3883720930232558,0.3883720930232558,0.3883720930232558,0.2761721258831085,0.2761721258831085,44013007_10_M,Alcaniz Capuchinos,Urban/Industrial,Teruel
e1_rr_44013007_10_M,44013007_10_M,persistence,7,p90,41.92241490044959,0.1888888888888888,0.1857923497267759,0.18732782369146,0.117533718689788,0.1156069364161849,44013007_10_M,Alcaniz Capuchinos,Urban/Industrial,Teruel
e1_rr_44013007_10_M,44013007_10_M,ridge_direct,1,abs_50,50.0,0.0761904761904762,0.4444444444444444,0.1300813008130081,0.0112289457267623,0.0655021834061135,44013007_10_M,Alcaniz Capuchinos,Urban/Industrial,Teruel
e1_rr_44013007_10_M,44013007_10_M,ridge_direct,1,p75,29.580474111041795,0.4237668161434977,0.5178082191780822,0.4660912453760789,0.2276980661260137,0.2782283218964441,44013007_10_M,Alcaniz Capuchinos,Urban/Industrial,Teruel
e1_rr_44013007_10_M,44013007_10_M,ridge_direct,1,p90,41.90754834684966,0.1458333333333333,0.4745762711864407,0.2231075697211155,0.0368059887710542,0.1197754210854647,44013007_10_M,Alcaniz Capuchinos,Urban/Industrial,Teruel
e1_rr_44013007_10_M,44013007_10_M,ridge_direct,2,abs_50,50.0,0.0,0.0,,0.001254705144291,0.0658720200752823,44013007_10_M,Alcaniz Capuchinos,Urban/Industrial,Teruel
e1_rr_44013007_10_M,44013007_10_M,ridge_direct,2,p75,29.577478042659976,0.2505643340857788,0.395017793594306,0.3066298342541436,0.1762860727728983,0.2779171894604768,44013007_10_M,Alcaniz Capuchinos,Urban/Industrial,Teruel
e1_rr_44013007_10_M,44013007_10_M,ridge_direct,2,p90,41.90803011292347,0.0366492146596858,0.4375,0.0676328502415458,0.0100376411543287,0.1198243412797992,44013007_10_M,Alcaniz Capuchinos,Urban/Industrial,Teruel
e1_rr_44013007_10_M,44013007_10_M,ridge_direct,3,abs_50,50.0,0.0,0.0,,0.0006305170239596,0.0655737704918032,44013007_10_M,Alcaniz Capuchinos,Urban/Industrial,Teruel
e1_rr_44013007_10_M,44013007_10_M,ridge_direct,3,p75,29.576450189155107,0.2375565610859728,0.3903345724907063,0.2953586497890295,0.169609079445145,0.2786885245901639,44013007_10_M,Alcaniz Capuchinos,Urban/Industrial,Teruel
e1_rr_44013007_10_M,44013007_10_M,ridge_direct,3,p90,41.909962168978566,0.037037037037037,0.4375,0.0682926829268292,0.0100882723833543,0.1191677175283732,44013007_10_M,Alcaniz Capuchinos,Urban/Industrial,Teruel
e1_rr_44013007_10_M,44013007_10_M,ridge_direct,4,abs_50,50.0,0.0,0.0,,0.0006337135614702,0.0652724968314321,44013007_10_M,Alcaniz Capuchinos,Urban/Industrial,Teruel
e1_rr_44013007_10_M,44013007_10_M,ridge_direct,4,p75,29.577471482889734,0.2242562929061785,0.3670411985018726,0.2784090909090909,0.1692015209125475,0.2769328263624842,44013007_10_M,Alcaniz Capuchinos,Urban/Industrial,Teruel
e1_rr_44013007_10_M,44013007_10_M,ridge_direct,4,p90,41.913244613434735,0.0376344086021505,0.4375,0.0693069306930693,0.0101394169835234,0.11787072243346,44013007_10_M,Alcaniz Capuchinos,Urban/Industrial,Teruel
e1_rr_44013007_10_M,44013007_10_M,ridge_direct,5,abs_50,50.0,0.0,0.0,,0.0006369426751592,0.0643312101910828,44013007_10_M,Alcaniz Capuchinos,Urban/Industrial,Teruel
e1_rr_44013007_10_M,44013007_10_M,ridge_direct,5,p75,29.578503184713377,0.2124711316397228,0.3724696356275304,0.2705882352941176,0.1573248407643312,0.275796178343949,44013007_10_M,Alcaniz Capuchinos,Urban/Industrial,Teruel
e1_rr_44013007_10_M,44013007_10_M,ridge_direct,5,p90,41.91656050955414,0.0327868852459016,0.4285714285714285,0.0609137055837563,0.0089171974522292,0.1165605095541401,44013007_10_M,Alcaniz Capuchinos,Urban/Industrial,Teruel
e1_rr_44013007_10_M,44013007_10_M,ridge_direct,6,abs_50,50.0,0.0,0.0,,0.0006406149903907,0.0640614990390775,44013007_10_M,Alcaniz Capuchinos,Urban/Industrial,Teruel
e1_rr_44013007_10_M,44013007_10_M,ridge_direct,6,p75,29.580237027546445,0.1930232558139535,0.3562231759656652,0.2503770739064856,0.1492632927610506,0.2754644458680333,44013007_10_M,Alcaniz Capuchinos,Urban/Industrial,Teruel
e1_rr_44013007_10_M,44013007_10_M,ridge_direct,6,p90,41.921460602178094,0.0276243093922651,0.3571428571428571,0.0512820512820512,0.0089686098654708,0.1159513132607303,44013007_10_M,Alcaniz Capuchinos,Urban/Industrial,Teruel
e1_rr_44013007_10_M,44013007_10_M,ridge_direct,7,abs_50,50.0,0.0,0.0,,0.0025690430314707,0.0642260757867694,44013007_10_M,Alcaniz Capuchinos,Urban/Industrial,Teruel
e1_rr_44013007_10_M,44013007_10_M,ridge_direct,7,p75,29.579158638407193,0.1953488372093023,0.375,0.2568807339449541,0.1438664097623635,0.2761721258831085,44013007_10_M,Alcaniz Capuchinos,Urban/Industrial,Teruel
e1_rr_44013007_10_M,44013007_10_M,ridge_direct,7,p90,41.92241490044959,0.0222222222222222,0.3333333333333333,0.0416666666666666,0.0077071290944123,0.1156069364161849,44013007_10_M,Alcaniz Capuchinos,Urban/Industrial,Teruel
e1_rr_44013007_10_M,44013007_10_M,sarima,1,abs_50,50.0,0.0,0.0,,0.0059171597633136,0.0650887573964497,44013007_10_M,Alcaniz Capuchinos,Urban/Industrial,Teruel
e1_rr_44013007_10_M,44013007_10_M,sarima,1,p75,29.794642857142858,0.2894736842105263,0.44,0.3492063492063492,0.1488095238095238,0.2261904761904762,44013007_10_M,Alcaniz Capuchinos,Urban/Industrial,Teruel
e1_rr_44013007_10_M,44013007_10_M,sarima,1,p90,41.22380952380953,0.0526315789473684,0.3333333333333333,0.0909090909090909,0.0178571428571428,0.1130952380952381,44013007_10_M,Alcaniz Capuchinos,Urban/Industrial,Teruel
e1_rr_44013007_10_M,44013007_10_M,sarima,2,abs_50,50.0,0.0,,,0.0,0.0833333333333333,44013007_10_M,Alcaniz Capuchinos,Urban/Industrial,Teruel
e1_rr_44013007_10_M,44013007_10_M,sarima,2,p75,29.785928143712574,0.2888888888888888,0.4482758620689655,0.3513513513513513,0.1736526946107784,0.2694610778443114,44013007_10_M,Alcaniz Capuchinos,Urban/Industrial,Teruel
e1_rr_44013007_10_M,44013007_10_M,sarima,2,p90,41.227544910179645,0.0,0.0,,0.0059880239520958,0.1137724550898203,44013007_10_M,Alcaniz Capuchinos,Urban/Industrial,Teruel
e1_rr_44013007_10_M,44013007_10_M,sarima,3,abs_50,50.0,0.0,,,0.0,0.0778443113772455,44013007_10_M,Alcaniz Capuchinos,Urban/Industrial,Teruel
e1_rr_44013007_10_M,44013007_10_M,sarima,3,p75,29.79668674698795,0.25,0.3611111111111111,0.2954545454545454,0.216867469879518,0.3132530120481928,44013007_10_M,Alcaniz Capuchinos,Urban/Industrial,Teruel
e1_rr_44013007_10_M,44013007_10_M,sarima,3,p90,41.2578313253012,0.0,,,0.0,0.1506024096385542,44013007_10_M,Alcaniz Capuchinos,Urban/Industrial,Teruel
e1_rr_44013007_10_M,44013007_10_M,sarima,4,abs_50,50.0,0.0,,,0.0,0.0545454545454545,44013007_10_M,Alcaniz Capuchinos,Urban/Industrial,Teruel
e1_rr_44013007_10_M,44013007_10_M,sarima,4,p75,29.80640243902439,0.2553191489361702,0.4,0.3116883116883116,0.1829268292682926,0.2865853658536585,44013007_10_M,Alcaniz Capuchinos,Urban/Industrial,Teruel
e1_rr_44013007_10_M,44013007_10_M,sarima,4,p90,41.27317073170733,0.0,,,0.0,0.0792682926829268,44013007_10_M,Alcaniz Capuchinos,Urban/Industrial,Teruel
e1_rr_44013007_10_M,44013007_10_M,sarima,5,abs_50,50.0,0.0,,,0.0,0.0240963855421686,44013007_10_M,Alcaniz Capuchinos,Urban/Industrial,Teruel
e1_rr_44013007_10_M,44013007_10_M,sarima,5,p75,29.80909090909091,0.1142857142857142,0.3636363636363636,0.1739130434782608,0.0666666666666666,0.2121212121212121,44013007_10_M,Alcaniz Capuchinos,Urban/Industrial,Teruel
e1_rr_44013007_10_M,44013007_10_M,sarima,5,p90,41.26545454545455,0.0,,,0.0,0.0787878787878787,44013007_10_M,Alcaniz Capuchinos,Urban/Industrial,Teruel
e1_rr_44013007_10_M,44013007_10_M,sarima,6,abs_50,50.0,0.0,,,0.0,0.0426829268292682,44013007_10_M,Alcaniz Capuchinos,Urban/Industrial,Teruel
e1_rr_44013007_10_M,44013007_10_M,sarima,6,p75,29.789877300613497,0.0,0.0,,0.0306748466257668,0.2515337423312883,44013007_10_M,Alcaniz Capuchinos,Urban/Industrial,Teruel
e1_rr_44013007_10_M,44013007_10_M,sarima,6,p90,41.27239263803681,0.0,,,0.0,0.0674846625766871,44013007_10_M,Alcaniz Capuchinos,Urban/Industrial,Teruel
e1_rr_44013007_10_M,44013007_10_M,sarima,7,abs_50,50.0,0.0,,,0.0,0.0493827160493827,44013007_10_M,Alcaniz Capuchinos,Urban/Industrial,Teruel
e1_rr_44013007_10_M,44013007_10_M,sarima,7,p75,29.78416149068323,0.119047619047619,0.3125,0.1724137931034482,0.0993788819875776,0.2608695652173913,44013007_10_M,Alcaniz Capuchinos,Urban/Industrial,Teruel
e1_rr_44013007_10_M,44013007_10_M,sarima,7,p90,41.25341614906833,0.0,,,0.0,0.1055900621118012,44013007_10_M,Alcaniz Capuchinos,Urban/Industrial,Teruel
e1_rr_44013007_10_M,44013007_10_M,seasonal_naive,1,abs_50,50.0,0.1714285714285714,0.173076923076923,0.1722488038277511,0.06487835308796,0.0655021834061135,44013007_10_M,Alcaniz Capuchinos,Urban/Industrial,Teruel
e1_rr_44013007_10_M,44013007_10_M,seasonal_naive,1,p75,29.580474111041795,0.3699551569506726,0.3819444444444444,0.3758542141230068,0.2694946974422957,0.2782283218964441,44013007_10_M,Alcaniz Capuchinos,Urban/Industrial,Teruel
e1_rr_44013007_10_M,44013007_10_M,seasonal_naive,1,p90,41.90754834684966,0.1822916666666666,0.1881720430107527,0.1851851851851851,0.1160324391765439,0.1197754210854647,44013007_10_M,Alcaniz Capuchinos,Urban/Industrial,Teruel
e1_rr_44013007_10_M,44013007_10_M,seasonal_naive,2,abs_50,50.0,0.1714285714285714,0.173076923076923,0.1722488038277511,0.0652446675031367,0.0658720200752823,44013007_10_M,Alcaniz Capuchinos,Urban/Industrial,Teruel
e1_rr_44013007_10_M,44013007_10_M,seasonal_naive,2,p75,29.577478042659976,0.3747178329571106,0.386046511627907,0.3802978235967926,0.2697616060225847,0.2779171894604768,44013007_10_M,Alcaniz Capuchinos,Urban/Industrial,Teruel
e1_rr_44013007_10_M,44013007_10_M,seasonal_naive,2,p90,41.90803011292347,0.1884816753926701,0.1935483870967742,0.1909814323607427,0.1166875784190715,0.1198243412797992,44013007_10_M,Alcaniz Capuchinos,Urban/Industrial,Teruel
e1_rr_44013007_10_M,44013007_10_M,seasonal_naive,3,abs_50,50.0,0.173076923076923,0.173076923076923,0.173076923076923,0.0655737704918032,0.0655737704918032,44013007_10_M,Alcaniz Capuchinos,Urban/Industrial,Teruel
e1_rr_44013007_10_M,44013007_10_M,seasonal_naive,3,p75,29.576450189155107,0.3800904977375565,0.3888888888888889,0.3844393592677346,0.2723833543505675,0.2786885245901639,44013007_10_M,Alcaniz Capuchinos,Urban/Industrial,Teruel
e1_rr_44013007_10_M,44013007_10_M,seasonal_naive,3,p90,41.909962168978566,0.1904761904761904,0.1935483870967742,0.192,0.1172761664564943,0.1191677175283732,44013007_10_M,Alcaniz Capuchinos,Urban/Industrial,Teruel
e1_rr_44013007_10_M,44013007_10_M,seasonal_naive,4,abs_50,50.0,0.174757281553398,0.173076923076923,0.1739130434782609,0.0659062103929024,0.0652724968314321,44013007_10_M,Alcaniz Capuchinos,Urban/Industrial,Teruel
e1_rr_44013007_10_M,44013007_10_M,seasonal_naive,4,p75,29.577471482889734,0.3821510297482837,0.3856812933025404,0.3839080459770115,0.2743979721166033,0.2769328263624842,44013007_10_M,Alcaniz Capuchinos,Urban/Industrial,Teruel
e1_rr_44013007_10_M,44013007_10_M,seasonal_naive,4,p90,41.913244613434735,0.1935483870967742,0.1925133689839572,0.1930294906166219,0.1185044359949303,0.11787072243346,44013007_10_M,Alcaniz Capuchinos,Urban/Industrial,Teruel
e1_rr_44013007_10_M,44013007_10_M,seasonal_naive,5,abs_50,50.0,0.1782178217821782,0.174757281553398,0.1764705882352941,0.0656050955414012,0.0643312101910828,44013007_10_M,Alcaniz Capuchinos,Urban/Industrial,Teruel
e1_rr_44013007_10_M,44013007_10_M,seasonal_naive,5,p75,29.578503184713377,0.3833718244803695,0.3851508120649652,0.3842592592592592,0.2745222929936305,0.275796178343949,44013007_10_M,Alcaniz Capuchinos,Urban/Industrial,Teruel
e1_rr_44013007_10_M,44013007_10_M,seasonal_naive,5,p90,41.91656050955414,0.1857923497267759,0.1857923497267759,0.185792349726776,0.1165605095541401,0.1165605095541401,44013007_10_M,Alcaniz Capuchinos,Urban/Industrial,Teruel
e1_rr_44013007_10_M,44013007_10_M,seasonal_naive,6,abs_50,50.0,0.18,0.1764705882352941,0.1782178217821782,0.065342729019859,0.0640614990390775,44013007_10_M,Alcaniz Capuchinos,Urban/Industrial,Teruel
e1_rr_44013007_10_M,44013007_10_M,seasonal_naive,6,p75,29.580237027546445,0.3837209302325581,0.3837209302325581,0.3837209302325581,0.2754644458680333,0.2754644458680333,44013007_10_M,Alcaniz Capuchinos,Urban/Industrial,Teruel
e1_rr_44013007_10_M,44013007_10_M,seasonal_naive,6,p90,41.921460602178094,0.1823204419889502,0.1793478260869565,0.1808219178082191,0.1178731582319026,0.1159513132607303,44013007_10_M,Alcaniz Capuchinos,Urban/Industrial,Teruel
e1_rr_44013007_10_M,44013007_10_M,seasonal_naive,7,abs_50,50.0,0.18,0.1782178217821782,0.1791044776119403,0.0648683365446371,0.0642260757867694,44013007_10_M,Alcaniz Capuchinos,Urban/Industrial,Teruel
e1_rr_44013007_10_M,44013007_10_M,seasonal_naive,7,p75,29.579158638407193,0.3883720930232558,0.3883720930232558,0.3883720930232558,0.2761721258831085,0.2761721258831085,44013007_10_M,Alcaniz Capuchinos,Urban/Industrial,Teruel
e1_rr_44013007_10_M,44013007_10_M,seasonal_naive,7,p90,41.92241490044959,0.1888888888888888,0.1857923497267759,0.18732782369146,0.117533718689788,0.1156069364161849,44013007_10_M,Alcaniz Capuchinos,Urban/Industrial,Teruel
e1_rr_44013007_10_M,44013007_10_M,stl_ridge_direct,1,abs_50,50.0,0.7142857142857143,0.1102941176470588,0.1910828025477707,0.4242046163443543,0.0655021834061135,44013007_10_M,Alcaniz Capuchinos,Urban/Industrial,Teruel
e1_rr_44013007_10_M,44013007_10_M,stl_ridge_direct,1,p75,29.580474111041795,0.9887892376681614,0.2983761840324763,0.4584199584199585,0.9220212102308172,0.2782283218964441,44013007_10_M,Alcaniz Capuchinos,Urban/Industrial,Teruel
e1_rr_44013007_10_M,44013007_10_M,stl_ridge_direct,1,p90,41.90754834684966,0.890625,0.1694747274529237,0.2847626977518734,0.6294447910168434,0.1197754210854647,44013007_10_M,Alcaniz Capuchinos,Urban/Industrial,Teruel
e1_rr_44013007_10_M,44013007_10_M,stl_ridge_direct,2,abs_50,50.0,0.638095238095238,0.0992592592592592,0.1717948717948717,0.4234629861982434,0.0658720200752823,44013007_10_M,Alcaniz Capuchinos,Urban/Industrial,Teruel
e1_rr_44013007_10_M,44013007_10_M,stl_ridge_direct,2,p75,29.577478042659976,0.981941309255079,0.2915549597855228,0.4496124031007751,0.9360100376411544,0.2779171894604768,44013007_10_M,Alcaniz Capuchinos,Urban/Industrial,Teruel
e1_rr_44013007_10_M,44013007_10_M,stl_ridge_direct,2,p90,41.90803011292347,0.837696335078534,0.1593625498007968,0.2677824267782426,0.6298619824341279,0.1198243412797992,44013007_10_M,Alcaniz Capuchinos,Urban/Industrial,Teruel
e1_rr_44013007_10_M,44013007_10_M,stl_ridge_direct,3,abs_50,50.0,0.6153846153846154,0.0972644376899696,0.1679790026246719,0.4148802017654476,0.0655737704918032,44013007_10_M,Alcaniz Capuchinos,Urban/Industrial,Teruel
e1_rr_44013007_10_M,44013007_10_M,stl_ridge_direct,3,p75,29.576450189155107,0.9773755656108596,0.289350301406564,0.4465116279069768,0.9413619167717528,0.2786885245901639,44013007_10_M,Alcaniz Capuchinos,Urban/Industrial,Teruel
e1_rr_44013007_10_M,44013007_10_M,stl_ridge_direct,3,p90,41.909962168978566,0.8359788359788359,0.1595959595959596,0.2680237489397795,0.6242118537200504,0.1191677175283732,44013007_10_M,Alcaniz Capuchinos,Urban/Industrial,Teruel
e1_rr_44013007_10_M,44013007_10_M,stl_ridge_direct,4,abs_50,50.0,0.6213592233009708,0.0981595092024539,0.1695364238410596,0.4131812420785805,0.0652724968314321,44013007_10_M,Alcaniz Capuchinos,Urban/Industrial,Teruel
e1_rr_44013007_10_M,44013007_10_M,stl_ridge_direct,4,p75,29.577471482889734,0.9794050343249427,0.2862876254180602,0.4430641821946169,0.947401774397972,0.2769328263624842,44013007_10_M,Alcaniz Capuchinos,Urban/Industrial,Teruel
e1_rr_44013007_10_M,44013007_10_M,stl_ridge_direct,4,p90,41.913244613434735,0.8225806451612904,0.1543895055499495,0.259983007646559,0.6280101394169835,0.11787072243346,44013007_10_M,Alcaniz Capuchinos,Urban/Industrial,Teruel
e1_rr_44013007_10_M,44013007_10_M,stl_ridge_direct,5,abs_50,50.0,0.6237623762376238,0.0972222222222222,0.1682242990654205,0.4127388535031847,0.0643312101910828,44013007_10_M,Alcaniz Capuchinos,Urban/Industrial,Teruel
e1_rr_44013007_10_M,44013007_10_M,stl_ridge_direct,5,p75,29.578503184713377,0.9861431870669746,0.285427807486631,0.4427164333851736,0.9528662420382166,0.275796178343949,44013007_10_M,Alcaniz Capuchinos,Urban/Industrial,Teruel
e1_rr_44013007_10_M,44013007_10_M,stl_ridge_direct,5,p90,41.91656050955414,0.819672131147541,0.1497005988023952,0.2531645569620253,0.6382165605095541,0.1165605095541401,44013007_10_M,Alcaniz Capuchinos,Urban/Industrial,Teruel
e1_rr_44013007_10_M,44013007_10_M,stl_ridge_direct,6,abs_50,50.0,0.62,0.096875,0.1675675675675675,0.4099935938500961,0.0640614990390775,44013007_10_M,Alcaniz Capuchinos,Urban/Industrial,Teruel
e1_rr_44013007_10_M,44013007_10_M,stl_ridge_direct,6,p75,29.580237027546445,0.983720930232558,0.2840832773673606,0.4408546117769672,0.9538757206918642,0.2754644458680333,44013007_10_M,Alcaniz Capuchinos,Urban/Industrial,Teruel
e1_rr_44013007_10_M,44013007_10_M,stl_ridge_direct,6,p90,41.921460602178094,0.8397790055248618,0.1523046092184369,0.2578456318914334,0.6393337604099936,0.1159513132607303,44013007_10_M,Alcaniz Capuchinos,Urban/Industrial,Teruel
e1_rr_44013007_10_M,44013007_10_M,stl_ridge_direct,7,abs_50,50.0,0.6,0.0943396226415094,0.1630434782608695,0.4084778420038535,0.0642260757867694,44013007_10_M,Alcaniz Capuchinos,Urban/Industrial,Teruel
e1_rr_44013007_10_M,44013007_10_M,stl_ridge_direct,7,p75,29.579158638407193,0.9906976744186048,0.2843791722296395,0.4419087136929461,0.962106615285806,0.2761721258831085,44013007_10_M,Alcaniz Capuchinos,Urban/Industrial,Teruel
e1_rr_44013007_10_M,44013007_10_M,stl_ridge_direct,7,p90,41.92241490044959,0.8333333333333334,0.1507537688442211,0.2553191489361702,0.6390494540783558,0.1156069364161849,44013007_10_M,Alcaniz Capuchinos,Urban/Industrial,Teruel
e1_rr_44216001_10_M,44216001_10_M,hgb_direct,1,abs_50,50.0,0.0,0.0,,0.0005830903790087,0.0116618075801749,44216001_10_M,Teruel,Urban/Background,Teruel
e1_rr_44216001_10_M,44216001_10_M,hgb_direct,1,p75,16.459183673469386,0.578088578088578,0.6294416243654822,0.6026731470230862,0.229737609329446,0.2501457725947522,44216001_10_M,Teruel,Urban/Background,Teruel
e1_rr_44216001_10_M,44216001_10_M,hgb_direct,1,p90,22.1065306122449,0.4143646408839779,0.5905511811023622,0.4870129870129869,0.0740524781341107,0.1055393586005831,44216001_10_M,Teruel,Urban/Background,Teruel
e1_rr_44216001_10_M,44216001_10_M,hgb_direct,2,abs_50,50.0,0.0,,,0.0,0.0116890707188778,44216001_10_M,Teruel,Urban/Background,Teruel
e1_rr_44216001_10_M,44216001_10_M,hgb_direct,2,p75,16.459088252483927,0.3674418604651163,0.4619883040935672,0.4093264248704663,0.1998831092928112,0.2513150204558738,44216001_10_M,Teruel,Urban/Background,Teruel
e1_rr_44216001_10_M,44216001_10_M,hgb_direct,2,p90,22.106195207481004,0.1135135135135135,0.2837837837837837,0.1621621621621621,0.043249561659848,0.1081239041496201,44216001_10_M,Teruel,Urban/Background,Teruel
e1_rr_44216001_10_M,44216001_10_M,hgb_direct,3,abs_50,50.0,0.0,,,0.0,0.0117027501462843,44216001_10_M,Teruel,Urban/Background,Teruel
e1_rr_44216001_10_M,44216001_10_M,hgb_direct,3,p75,16.459040374488005,0.2459396751740139,0.4015151515151515,0.3050359712230215,0.1544763019309537,0.2521942656524283,44216001_10_M,Teruel,Urban/Background,Teruel
e1_rr_44216001_10_M,44216001_10_M,hgb_direct,3,p90,22.10567583382095,0.0483870967741935,0.2,0.0779220779220779,0.0263311878291398,0.1088355763604447,44216001_10_M,Teruel,Urban/Background,Teruel
e1_rr_44216001_10_M,44216001_10_M,hgb_direct,4,abs_50,50.0,0.0,,,0.0,0.0117164616285881,44216001_10_M,Teruel,Urban/Background,Teruel
e1_rr_44216001_10_M,44216001_10_M,hgb_direct,4,p75,16.45899238429994,0.2,0.3706896551724138,0.2598187311178248,0.1359109548916227,0.2519039250146456,44216001_10_M,Teruel,Urban/Background,Teruel
e1_rr_44216001_10_M,44216001_10_M,hgb_direct,4,p90,22.105096660808435,0.0324324324324324,0.1875,0.0552995391705069,0.018746338605741,0.1083772700644405,44216001_10_M,Teruel,Urban/Background,Teruel
e1_rr_44216001_10_M,44216001_10_M,hgb_direct,5,abs_50,50.0,0.0,,,0.0,0.0111436950146627,44216001_10_M,Teruel,Urban/Background,Teruel
e1_rr_44216001_10_M,44216001_10_M,hgb_direct,5,p75,16.458944281524925,0.1818181818181818,0.3661971830985915,0.2429906542056074,0.1249266862170088,0.2516129032258064,44216001_10_M,Teruel,Urban/Background,Teruel
e1_rr_44216001_10_M,44216001_10_M,hgb_direct,5,p90,22.10445747800587,0.0163934426229508,0.1304347826086956,0.029126213592233,0.0134897360703812,0.1073313782991202,44216001_10_M,Teruel,Urban/Background,Teruel
e1_rr_44216001_10_M,44216001_10_M,hgb_direct,6,abs_50,50.0,0.0,,,0.0,0.010569583088667,44216001_10_M,Teruel,Urban/Background,Teruel
e1_rr_44216001_10_M,44216001_10_M,hgb_direct,6,p75,16.458896065766293,0.1395348837209302,0.2941176470588235,0.1892744479495268,0.1197886083382266,0.2524955960070464,44216001_10_M,Teruel,Urban/Background,Teruel
e1_rr_44216001_10_M,44216001_10_M,hgb_direct,6,p90,22.10375807398708,0.0054644808743169,0.0625,0.0100502512562814,0.009395184967704,0.107457428068115,44216001_10_M,Teruel,Urban/Background,Teruel
e1_rr_44216001_10_M,44216001_10_M,hgb_direct,7,abs_50,50.0,0.0,,,0.0,0.0105820105820105,44216001_10_M,Teruel,Urban/Background,Teruel
e1_rr_44216001_10_M,44216001_10_M,hgb_direct,7,p75,16.458847736625515,0.1378504672897196,0.3025641025641025,0.189406099518459,0.1146384479717813,0.2516166960611405,44216001_10_M,Teruel,Urban/Background,Teruel
e1_rr_44216001_10_M,44216001_10_M,hgb_direct,7,p90,22.102998236331572,0.0054945054945054,0.0833333333333333,0.0103092783505154,0.0070546737213403,0.1069958847736625,44216001_10_M,Teruel,Urban/Background,Teruel
e1_rr_44216001_10_M,44216001_10_M,persistence,1,abs_50,50.0,0.35,0.35,0.35,0.0116618075801749,0.0116618075801749,44216001_10_M,Teruel,Urban/Background,Teruel
e1_rr_44216001_10_M,44216001_10_M,persistence,1,p75,16.459183673469386,0.634032634032634,0.6384976525821596,0.6362573099415204,0.2483965014577259,0.2501457725947522,44216001_10_M,Teruel,Urban/Background,Teruel
e1_rr_44216001_10_M,44216001_10_M,persistence,1,p90,22.1065306122449,0.5248618784530387,0.5397727272727273,0.5322128851540616,0.1026239067055393,0.1055393586005831,44216001_10_M,Teruel,Urban/Background,Teruel
e1_rr_44216001_10_M,44216001_10_M,persistence,2,abs_50,50.0,0.05,0.05,0.05,0.0116890707188778,0.0116890707188778,44216001_10_M,Teruel,Urban/Background,Teruel
e1_rr_44216001_10_M,44216001_10_M,persistence,2,p75,16.459088252483927,0.4651162790697674,0.468384074941452,0.4667444574095682,0.249561659848042,0.2513150204558738,44216001_10_M,Teruel,Urban/Background,Teruel
e1_rr_44216001_10_M,44216001_10_M,persistence,2,p90,22.106195207481004,0.2972972972972973,0.3107344632768362,0.3038674033149172,0.1034482758620689,0.1081239041496201,44216001_10_M,Teruel,Urban/Background,Teruel
e1_rr_44216001_10_M,44216001_10_M,persistence,3,abs_50,50.0,0.05,0.05,0.05,0.0117027501462843,0.0117027501462843,44216001_10_M,Teruel,Urban/Background,Teruel
e1_rr_44216001_10_M,44216001_10_M,persistence,3,p75,16.459040374488005,0.3874709976798144,0.3911007025761124,0.3892773892773892,0.2498537156231714,0.2521942656524283,44216001_10_M,Teruel,Urban/Background,Teruel
e1_rr_44216001_10_M,44216001_10_M,persistence,3,p90,22.10567583382095,0.2419354838709677,0.2542372881355932,0.2479338842975206,0.1035693387946167,0.1088355763604447,44216001_10_M,Teruel,Urban/Background,Teruel
e1_rr_44216001_10_M,44216001_10_M,persistence,4,abs_50,50.0,0.0,0.0,,0.0117164616285881,0.0117164616285881,44216001_10_M,Teruel,Urban/Background,Teruel
e1_rr_44216001_10_M,44216001_10_M,persistence,4,p75,16.45899238429994,0.3581395348837209,0.3615023474178404,0.3598130841121494,0.2495606326889279,0.2519039250146456,44216001_10_M,Teruel,Urban/Background,Teruel
e1_rr_44216001_10_M,44216001_10_M,persistence,4,p90,22.105096660808435,0.1891891891891892,0.1988636363636363,0.1939058171745152,0.1031048623315758,0.1083772700644405,44216001_10_M,Teruel,Urban/Background,Teruel
e1_rr_44216001_10_M,44216001_10_M,persistence,5,abs_50,50.0,0.0,0.0,,0.0117302052785923,0.0111436950146627,44216001_10_M,Teruel,Urban/Background,Teruel
e1_rr_44216001_10_M,44216001_10_M,persistence,5,p75,16.458944281524925,0.351981351981352,0.3536299765807962,0.352803738317757,0.2504398826979472,0.2516129032258064,44216001_10_M,Teruel,Urban/Background,Teruel
e1_rr_44216001_10_M,44216001_10_M,persistence,5,p90,22.10445747800587,0.1639344262295081,0.1704545454545454,0.1671309192200556,0.1032258064516129,0.1073313782991202,44216001_10_M,Teruel,Urban/Background,Teruel
e1_rr_44216001_10_M,44216001_10_M,persistence,6,abs_50,50.0,0.0,0.0,,0.01174398120963,0.010569583088667,44216001_10_M,Teruel,Urban/Background,Teruel
e1_rr_44216001_10_M,44216001_10_M,persistence,6,p75,16.458896065766293,0.3255813953488372,0.3271028037383177,0.3263403263403263,0.2513211978860833,0.2524955960070464,44216001_10_M,Teruel,Urban/Background,Teruel
e1_rr_44216001_10_M,44216001_10_M,persistence,6,p90,22.10375807398708,0.1475409836065573,0.1525423728813559,0.15,0.103934233705226,0.107457428068115,44216001_10_M,Teruel,Urban/Background,Teruel
e1_rr_44216001_10_M,44216001_10_M,persistence,7,abs_50,50.0,0.0,0.0,,0.0117577895355673,0.0105820105820105,44216001_10_M,Teruel,Urban/Background,Teruel
e1_rr_44216001_10_M,44216001_10_M,persistence,7,p75,16.458847736625515,0.3247663551401869,0.3247663551401869,0.3247663551401869,0.2516166960611405,0.2516166960611405,44216001_10_M,Teruel,Urban/Background,Teruel
e1_rr_44216001_10_M,44216001_10_M,persistence,7,p90,22.102998236331572,0.1153846153846153,0.1186440677966101,0.116991643454039,0.1040564373897707,0.1069958847736625,44216001_10_M,Teruel,Urban/Background,Teruel
e1_rr_44216001_10_M,44216001_10_M,ridge_direct,1,abs_50,50.0,0.15,0.4285714285714285,0.2222222222222222,0.0040816326530612,0.0116618075801749,44216001_10_M,Teruel,Urban/Background,Teruel
e1_rr_44216001_10_M,44216001_10_M,ridge_direct,1,p75,16.459183673469386,0.5757575757575758,0.6767123287671233,0.6221662468513853,0.2128279883381924,0.2501457725947522,44216001_10_M,Teruel,Urban/Background,Teruel
e1_rr_44216001_10_M,44216001_10_M,ridge_direct,1,p90,22.1065306122449,0.4088397790055249,0.6491228070175439,0.5016949152542373,0.066472303206997,0.1055393586005831,44216001_10_M,Teruel,Urban/Background,Teruel
e1_rr_44216001_10_M,44216001_10_M,ridge_direct,2,abs_50,50.0,0.0,0.0,,0.0005844535359438,0.0116890707188778,44216001_10_M,Teruel,Urban/Background,Teruel
e1_rr_44216001_10_M,44216001_10_M,ridge_direct,2,p75,16.459088252483927,0.2883720930232558,0.4769230769230769,0.3594202898550725,0.151957919345412,0.2513150204558738,44216001_10_M,Teruel,Urban/Background,Teruel
e1_rr_44216001_10_M,44216001_10_M,ridge_direct,2,p90,22.106195207481004,0.1135135135135135,0.328125,0.1686746987951807,0.0374050263004091,0.1081239041496201,44216001_10_M,Teruel,Urban/Background,Teruel
e1_rr_44216001_10_M,44216001_10_M,ridge_direct,3,abs_50,50.0,0.0,,,0.0,0.0117027501462843,44216001_10_M,Teruel,Urban/Background,Teruel
e1_rr_44216001_10_M,44216001_10_M,ridge_direct,3,p75,16.459040374488005,0.1832946635730858,0.398989898989899,0.2511923688394277,0.1158572264482153,0.2521942656524283,44216001_10_M,Teruel,Urban/Background,Teruel
e1_rr_44216001_10_M,44216001_10_M,ridge_direct,3,p90,22.10567583382095,0.0483870967741935,0.25,0.081081081081081,0.0210649502633118,0.1088355763604447,44216001_10_M,Teruel,Urban/Background,Teruel
e1_rr_44216001_10_M,44216001_10_M,ridge_direct,4,abs_50,50.0,0.0,,,0.0,0.0117164616285881,44216001_10_M,Teruel,Urban/Background,Teruel
e1_rr_44216001_10_M,44216001_10_M,ridge_direct,4,p75,16.45899238429994,0.127906976744186,0.3618421052631579,0.1890034364261168,0.08904510837727,0.2519039250146456,44216001_10_M,Teruel,Urban/Background,Teruel
e1_rr_44216001_10_M,44216001_10_M,ridge_direct,4,p90,22.105096660808435,0.0324324324324324,0.2727272727272727,0.0579710144927536,0.0128881077914469,0.1083772700644405,44216001_10_M,Teruel,Urban/Background,Teruel
e1_rr_44216001_10_M,44216001_10_M,ridge_direct,5,abs_50,50.0,0.0,,,0.0,0.0111436950146627,44216001_10_M,Teruel,Urban/Background,Teruel
e1_rr_44216001_10_M,44216001_10_M,ridge_direct,5,p75,16.458944281524925,0.1235431235431235,0.4173228346456692,0.1906474820143885,0.0744868035190615,0.2516129032258064,44216001_10_M,Teruel,Urban/Background,Teruel
e1_rr_44216001_10_M,44216001_10_M,ridge_direct,5,p90,22.10445747800587,0.0163934426229508,0.1428571428571428,0.0294117647058823,0.0123167155425219,0.1073313782991202,44216001_10_M,Teruel,Urban/Background,Teruel
e1_rr_44216001_10_M,44216001_10_M,ridge_direct,6,abs_50,50.0,0.0,,,0.0,0.010569583088667,44216001_10_M,Teruel,Urban/Background,Teruel
e1_rr_44216001_10_M,44216001_10_M,ridge_direct,6,p75,16.458896065766293,0.0837209302325581,0.3636363636363636,0.1361058601134215,0.0581327069876688,0.2524955960070464,44216001_10_M,Teruel,Urban/Background,Teruel
e1_rr_44216001_10_M,44216001_10_M,ridge_direct,6,p90,22.10375807398708,0.0054644808743169,0.0833333333333333,0.0102564102564102,0.007046388725778,0.107457428068115,44216001_10_M,Teruel,Urban/Background,Teruel
e1_rr_44216001_10_M,44216001_10_M,ridge_direct,7,abs_50,50.0,0.0,,,0.0,0.0105820105820105,44216001_10_M,Teruel,Urban/Background,Teruel
e1_rr_44216001_10_M,44216001_10_M,ridge_direct,7,p75,16.458847736625515,0.0771028037383177,0.3333333333333333,0.1252371916508538,0.0582010582010582,0.2516166960611405,44216001_10_M,Teruel,Urban/Background,Teruel
e1_rr_44216001_10_M,44216001_10_M,ridge_direct,7,p90,22.102998236331572,0.0054945054945054,0.1111111111111111,0.0104712041884816,0.0052910052910052,0.1069958847736625,44216001_10_M,Teruel,Urban/Background,Teruel
e1_rr_44216001_10_M,44216001_10_M,sarima,1,abs_50,50.0,0.0,,,0.0,0.0056818181818181,44216001_10_M,Teruel,Urban/Background,Teruel
e1_rr_44216001_10_M,44216001_10_M,sarima,1,p75,16.321428571428573,0.6052631578947368,0.6216216216216216,0.6133333333333333,0.2114285714285714,0.2171428571428571,44216001_10_M,Teruel,Urban/Background,Teruel
e1_rr_44216001_10_M,44216001_10_M,sarima,1,p90,22.048,0.2941176470588235,0.8333333333333334,0.4347826086956522,0.0342857142857142,0.0971428571428571,44216001_10_M,Teruel,Urban/Background,Teruel
e1_rr_44216001_10_M,44216001_10_M,sarima,2,abs_50,50.0,0.0,,,0.0,0.0057803468208092,44216001_10_M,Teruel,Urban/Background,Teruel
e1_rr_44216001_10_M,44216001_10_M,sarima,2,p75,16.3328488372093,0.2857142857142857,0.5555555555555556,0.3773584905660377,0.1046511627906976,0.2034883720930232,44216001_10_M,Teruel,Urban/Background,Teruel
e1_rr_44216001_10_M,44216001_10_M,sarima,2,p90,22.07325581395349,0.125,0.6666666666666666,0.2105263157894736,0.0174418604651162,0.0930232558139534,44216001_10_M,Teruel,Urban/Background,Teruel
e1_rr_44216001_10_M,44216001_10_M,sarima,3,abs_50,50.0,0.0,,,0.0,0.0172413793103448,44216001_10_M,Teruel,Urban/Background,Teruel
e1_rr_44216001_10_M,44216001_10_M,sarima,3,p75,16.32514450867052,0.2040816326530612,0.5263157894736842,0.2941176470588235,0.1098265895953757,0.2832369942196532,44216001_10_M,Teruel,Urban/Background,Teruel
e1_rr_44216001_10_M,44216001_10_M,sarima,3,p90,22.04335260115607,0.0476190476190476,1.0,0.0909090909090909,0.0057803468208092,0.1213872832369942,44216001_10_M,Teruel,Urban/Background,Teruel
e1_rr_44216001_10_M,44216001_10_M,sarima,4,abs_50,50.0,0.0,,,0.0,0.0172413793103448,44216001_10_M,Teruel,Urban/Background,Teruel
e1_rr_44216001_10_M,44216001_10_M,sarima,4,p75,16.32514450867052,0.1276595744680851,0.6,0.2105263157894736,0.0578034682080924,0.2716763005780346,44216001_10_M,Teruel,Urban/Background,Teruel
e1_rr_44216001_10_M,44216001_10_M,sarima,4,p90,22.04682080924856,0.04,1.0,0.0769230769230769,0.0057803468208092,0.1445086705202312,44216001_10_M,Teruel,Urban/Background,Teruel
e1_rr_44216001_10_M,44216001_10_M,sarima,5,abs_50,50.0,0.0,,,0.0,0.0057471264367816,44216001_10_M,Teruel,Urban/Background,Teruel
e1_rr_44216001_10_M,44216001_10_M,sarima,5,p75,16.32514450867052,0.1,0.8,0.1777777777777778,0.0289017341040462,0.2312138728323699,44216001_10_M,Teruel,Urban/Background,Teruel
e1_rr_44216001_10_M,44216001_10_M,sarima,5,p90,22.04682080924856,0.0,,,0.0,0.1098265895953757,44216001_10_M,Teruel,Urban/Background,Teruel
e1_rr_44216001_10_M,44216001_10_M,sarima,6,abs_50,50.0,,,,0.0,0.0,44216001_10_M,Teruel,Urban/Background,Teruel
e1_rr_44216001_10_M,44216001_10_M,sarima,6,p75,16.32514450867052,0.0,0.0,,0.0057803468208092,0.2023121387283237,44216001_10_M,Teruel,Urban/Background,Teruel
e1_rr_44216001_10_M,44216001_10_M,sarima,6,p90,22.04797687861272,0.0,,,0.0,0.0520231213872832,44216001_10_M,Teruel,Urban/Background,Teruel
e1_rr_44216001_10_M,44216001_10_M,sarima,7,abs_50,50.0,0.0,,,0.0,0.005813953488372,44216001_10_M,Teruel,Urban/Background,Teruel
e1_rr_44216001_10_M,44216001_10_M,sarima,7,p75,16.32894736842105,0.0,,,0.0,0.1929824561403508,44216001_10_M,Teruel,Urban/Background,Teruel
e1_rr_44216001_10_M,44216001_10_M,sarima,7,p90,22.05438596491228,0.0,,,0.0,0.087719298245614,44216001_10_M,Teruel,Urban/Background,Teruel
e1_rr_44216001_10_M,44216001_10_M,seasonal_naive,1,abs_50,50.0,0.0,0.0,,0.0122448979591836,0.0116618075801749,44216001_10_M,Teruel,Urban/Background,Teruel
e1_rr_44216001_10_M,44216001_10_M,seasonal_naive,1,p75,16.459183673469386,0.337995337995338,0.3364269141531322,0.3372093023255814,0.2513119533527697,0.2501457725947522,44216001_10_M,Teruel,Urban/Background,Teruel
e1_rr_44216001_10_M,44216001_10_M,seasonal_naive,1,p90,22.1065306122449,0.1381215469613259,0.1366120218579235,0.1373626373626373,0.1067055393586005,0.1055393586005831,44216001_10_M,Teruel,Urban/Background,Teruel
e1_rr_44216001_10_M,44216001_10_M,seasonal_naive,2,abs_50,50.0,0.0,0.0,,0.0122735242548217,0.0116890707188778,44216001_10_M,Teruel,Urban/Background,Teruel
e1_rr_44216001_10_M,44216001_10_M,seasonal_naive,2,p75,16.459088252483927,0.3348837209302325,0.3356643356643357,0.3352735739231664,0.2507305669199298,0.2513150204558738,44216001_10_M,Teruel,Urban/Background,Teruel
e1_rr_44216001_10_M,44216001_10_M,seasonal_naive,2,p90,22.106195207481004,0.1351351351351351,0.1388888888888889,0.136986301369863,0.1052016364699006,0.1081239041496201,44216001_10_M,Teruel,Urban/Background,Teruel
e1_rr_44216001_10_M,44216001_10_M,seasonal_naive,3,abs_50,50.0,0.0,0.0,,0.0122878876535985,0.0117027501462843,44216001_10_M,Teruel,Urban/Background,Teruel
e1_rr_44216001_10_M,44216001_10_M,seasonal_naive,3,p75,16.459040374488005,0.3317865429234338,0.3341121495327103,0.3329452852153667,0.2504388531304856,0.2521942656524283,44216001_10_M,Teruel,Urban/Background,Teruel
e1_rr_44216001_10_M,44216001_10_M,seasonal_naive,3,p90,22.10567583382095,0.1290322580645161,0.1340782122905028,0.1315068493150685,0.1047396138092451,0.1088355763604447,44216001_10_M,Teruel,Urban/Background,Teruel
e1_rr_44216001_10_M,44216001_10_M,seasonal_naive,4,abs_50,50.0,0.0,0.0,,0.0117164616285881,0.0117164616285881,44216001_10_M,Teruel,Urban/Background,Teruel
e1_rr_44216001_10_M,44216001_10_M,seasonal_naive,4,p75,16.45899238429994,0.3325581395348837,0.3333333333333333,0.3329452852153667,0.2513181019332162,0.2519039250146456,44216001_10_M,Teruel,Urban/Background,Teruel
e1_rr_44216001_10_M,44216001_10_M,seasonal_naive,4,p90,22.105096660808435,0.1243243243243243,0.1292134831460674,0.1267217630853994,0.1042765084944346,0.1083772700644405,44216001_10_M,Teruel,Urban/Background,Teruel
e1_rr_44216001_10_M,44216001_10_M,seasonal_naive,5,abs_50,50.0,0.0,0.0,,0.0117302052785923,0.0111436950146627,44216001_10_M,Teruel,Urban/Background,Teruel
e1_rr_44216001_10_M,44216001_10_M,seasonal_naive,5,p75,16.458944281524925,0.3286713286713286,0.3309859154929577,0.3298245614035087,0.2498533724340176,0.2516129032258064,44216001_10_M,Teruel,Urban/Background,Teruel
e1_rr_44216001_10_M,44216001_10_M,seasonal_naive,5,p90,22.10445747800587,0.1202185792349726,0.125,0.1225626740947075,0.1032258064516129,0.1073313782991202,44216001_10_M,Teruel,Urban/Background,Teruel
e1_rr_44216001_10_M,44216001_10_M,seasonal_naive,6,abs_50,50.0,0.0,0.0,,0.01174398120963,0.010569583088667,44216001_10_M,Teruel,Urban/Background,Teruel
e1_rr_44216001_10_M,44216001_10_M,seasonal_naive,6,p75,16.458896065766293,0.3255813953488372,0.3286384976525822,0.3271028037383178,0.2501467997651204,0.2524955960070464,44216001_10_M,Teruel,Urban/Background,Teruel
e1_rr_44216001_10_M,44216001_10_M,seasonal_naive,6,p90,22.10375807398708,0.1147540983606557,0.12,0.1173184357541899,0.102759835584263,0.107457428068115,44216001_10_M,Teruel,Urban/Background,Teruel
e1_rr_44216001_10_M,44216001_10_M,seasonal_naive,7,abs_50,50.0,0.0,0.0,,0.0117577895355673,0.0105820105820105,44216001_10_M,Teruel,Urban/Background,Teruel
e1_rr_44216001_10_M,44216001_10_M,seasonal_naive,7,p75,16.458847736625515,0.3247663551401869,0.3247663551401869,0.3247663551401869,0.2516166960611405,0.2516166960611405,44216001_10_M,Teruel,Urban/Background,Teruel
e1_rr_44216001_10_M,44216001_10_M,seasonal_naive,7,p90,22.102998236331572,0.1153846153846153,0.1186440677966101,0.116991643454039,0.1040564373897707,0.1069958847736625,44216001_10_M,Teruel,Urban/Background,Teruel
e1_rr_44216001_10_M,44216001_10_M,stl_ridge_direct,1,abs_50,50.0,0.35,0.0707070707070707,0.1176470588235294,0.0577259475218658,0.0116618075801749,44216001_10_M,Teruel,Urban/Background,Teruel
e1_rr_44216001_10_M,44216001_10_M,stl_ridge_direct,1,p75,16.459183673469386,0.9766899766899768,0.2815860215053763,0.4371413667188316,0.8676384839650145,0.2501457725947522,44216001_10_M,Teruel,Urban/Background,Teruel
e1_rr_44216001_10_M,44216001_10_M,stl_ridge_direct,1,p90,22.1065306122449,0.8784530386740331,0.1376623376623376,0.2380239520958083,0.673469387755102,0.1055393586005831,44216001_10_M,Teruel,Urban/Background,Teruel
e1_rr_44216001_10_M,44216001_10_M,stl_ridge_direct,2,abs_50,50.0,0.1,0.0229885057471264,0.0373831775700934,0.0508474576271186,0.0116890707188778,44216001_10_M,Teruel,Urban/Background,Teruel
e1_rr_44216001_10_M,44216001_10_M,stl_ridge_direct,2,p75,16.459088252483927,0.9534883720930232,0.2700922266139657,0.4209445585215606,0.8872004675628288,0.2513150204558738,44216001_10_M,Teruel,Urban/Background,Teruel
e1_rr_44216001_10_M,44216001_10_M,stl_ridge_direct,2,p90,22.106195207481004,0.772972972972973,0.1238095238095238,0.2134328358208955,0.6750438340151957,0.1081239041496201,44216001_10_M,Teruel,Urban/Background,Teruel
e1_rr_44216001_10_M,44216001_10_M,stl_ridge_direct,3,abs_50,50.0,0.1,0.0232558139534883,0.0377358490566037,0.0503218256290228,0.0117027501462843,44216001_10_M,Teruel,Urban/Background,Teruel
e1_rr_44216001_10_M,44216001_10_M,stl_ridge_direct,3,p75,16.459040374488005,0.951276102088167,0.2657161373946857,0.4154002026342452,0.9028671737858396,0.2521942656524283,44216001_10_M,Teruel,Urban/Background,Teruel
e1_rr_44216001_10_M,44216001_10_M,stl_ridge_direct,3,p90,22.10567583382095,0.7634408602150538,0.1223083548664944,0.2108389012620638,0.6793446459918081,0.1088355763604447,44216001_10_M,Teruel,Urban/Background,Teruel
e1_rr_44216001_10_M,44216001_10_M,stl_ridge_direct,4,abs_50,50.0,0.1,0.0246913580246913,0.0396039603960396,0.047451669595782,0.0117164616285881,44216001_10_M,Teruel,Urban/Background,Teruel
e1_rr_44216001_10_M,44216001_10_M,stl_ridge_direct,4,p75,16.45899238429994,0.955813953488372,0.263124199743918,0.4126506024096386,0.9150556531927356,0.2519039250146456,44216001_10_M,Teruel,Urban/Background,Teruel
e1_rr_44216001_10_M,44216001_10_M,stl_ridge_direct,4,p90,22.105096660808435,0.772972972972973,0.1237024221453287,0.2132736763609246,0.677211482132396,0.1083772700644405,44216001_10_M,Teruel,Urban/Background,Teruel
e1_rr_44216001_10_M,44216001_10_M,stl_ridge_direct,5,abs_50,50.0,0.1052631578947368,0.0266666666666666,0.0425531914893617,0.0439882697947214,0.0111436950146627,44216001_10_M,Teruel,Urban/Background,Teruel
e1_rr_44216001_10_M,44216001_10_M,stl_ridge_direct,5,p75,16.458944281524925,0.9627039627039627,0.261723700887199,0.4115595416043846,0.9255131964809384,0.2516129032258064,44216001_10_M,Teruel,Urban/Background,Teruel
e1_rr_44216001_10_M,44216001_10_M,stl_ridge_direct,5,p90,22.10445747800587,0.73224043715847,0.11541774332472,0.1994047619047619,0.6809384164222874,0.1073313782991202,44216001_10_M,Teruel,Urban/Background,Teruel
e1_rr_44216001_10_M,44216001_10_M,stl_ridge_direct,6,abs_50,50.0,0.1111111111111111,0.027027027027027,0.0434782608695652,0.0434527304756312,0.010569583088667,44216001_10_M,Teruel,Urban/Background,Teruel
e1_rr_44216001_10_M,44216001_10_M,stl_ridge_direct,6,p75,16.458896065766293,0.9604651162790696,0.2568407960199005,0.4052993130520118,0.9442160892542572,0.2524955960070464,44216001_10_M,Teruel,Urban/Background,Teruel
e1_rr_44216001_10_M,44216001_10_M,stl_ridge_direct,6,p90,22.10375807398708,0.7540983606557377,0.1191709844559585,0.2058165548098434,0.6799765120375807,0.107457428068115,44216001_10_M,Teruel,Urban/Background,Teruel
e1_rr_44216001_10_M,44216001_10_M,stl_ridge_direct,7,abs_50,50.0,0.1111111111111111,0.0289855072463768,0.0459770114942528,0.0405643738977072,0.0105820105820105,44216001_10_M,Teruel,Urban/Background,Teruel
e1_rr_44216001_10_M,44216001_10_M,stl_ridge_direct,7,p75,16.458847736625515,0.9626168224299064,0.254320987654321,0.40234375,0.9523809523809524,0.2516166960611405,44216001_10_M,Teruel,Urban/Background,Teruel
e1_rr_44216001_10_M,44216001_10_M,stl_ridge_direct,7,p90,22.102998236331572,0.7472527472527473,0.1164383561643835,0.2014814814814814,0.6866549088771311,0.1069958847736625,44216001_10_M,Teruel,Urban/Background,Teruel
e1_rr_45153999_10_M,45153999_10_M,hgb_direct,1,abs_50,50.0,0.0789473684210526,0.3,0.125,0.0064474532559638,0.0245003223726627,45153999_10_M,San Pablo de los Montes,Rural Remote/Background,Toledo
e1_rr_45153999_10_M,45153999_10_M,hgb_direct,1,p75,14.9284332688588,0.7484008528784648,0.6698473282442748,0.7069486404833838,0.337846550612508,0.3023855577047066,45153999_10_M,San Pablo de los Montes,Rural Remote/Background,Toledo
e1_rr_45153999_10_M,45153999_10_M,hgb_direct,1,p90,23.332688588007738,0.4974358974358974,0.5542857142857143,0.5243243243243243,0.1128304319793681,0.1257253384912959,45153999_10_M,San Pablo de los Montes,Rural Remote/Background,Toledo
e1_rr_45153999_10_M,45153999_10_M,hgb_direct,2,abs_50,50.0,0.0,,,0.0,0.0245795601552393,45153999_10_M,San Pablo de los Montes,Rural Remote/Background,Toledo
e1_rr_45153999_10_M,45153999_10_M,hgb_direct,2,p75,14.928686934023286,0.6645299145299145,0.5427574171029669,0.5975024015369836,0.370633893919793,0.3027166882276843,45153999_10_M,San Pablo de los Montes,Rural Remote/Background,Toledo
e1_rr_45153999_10_M,45153999_10_M,hgb_direct,2,p90,23.33486416558862,0.2193877551020408,0.361344537815126,0.273015873015873,0.0769728331177231,0.1267787839586028,45153999_10_M,San Pablo de los Montes,Rural Remote/Background,Toledo
e1_rr_45153999_10_M,45153999_10_M,hgb_direct,3,abs_50,50.0,0.0,,,0.0,0.0240415854450942,45153999_10_M,San Pablo de los Montes,Rural Remote/Background,Toledo
e1_rr_45153999_10_M,45153999_10_M,hgb_direct,3,p75,14.928200129954517,0.572961373390558,0.4517766497461929,0.5052034058656576,0.3840155945419103,0.3027940220922677,45153999_10_M,San Pablo de los Montes,Rural Remote/Background,Toledo
e1_rr_45153999_10_M,45153999_10_M,hgb_direct,3,p90,23.333528265107216,0.1256281407035175,0.2777777777777778,0.1730103806228373,0.0584795321637426,0.129304743339831,45153999_10_M,San Pablo de los Montes,Rural Remote/Background,Toledo
e1_rr_45153999_10_M,45153999_10_M,hgb_direct,4,abs_50,50.0,0.0,,,0.0,0.0234375,45153999_10_M,San Pablo de los Montes,Rural Remote/Background,Toledo
e1_rr_45153999_10_M,45153999_10_M,hgb_direct,4,p75,14.927897135416666,0.5481798715203426,0.4302521008403361,0.4821092278719397,0.3873697916666667,0.3040364583333333,45153999_10_M,San Pablo de los Montes,Rural Remote/Background,Toledo
e1_rr_45153999_10_M,45153999_10_M,hgb_direct,4,p90,23.3345703125,0.0653266331658291,0.2363636363636363,0.1023622047244094,0.0358072916666666,0.1295572916666666,45153999_10_M,San Pablo de los Montes,Rural Remote/Background,Toledo
e1_rr_45153999_10_M,45153999_10_M,hgb_direct,5,abs_50,50.0,0.0,,,0.0,0.0234833659491193,45153999_10_M,San Pablo de los Montes,Rural Remote/Background,Toledo
e1_rr_45153999_10_M,45153999_10_M,hgb_direct,5,p75,14.927592954990216,0.4871244635193133,0.3913793103448276,0.4340344168260038,0.3783431180691454,0.3039791258969341,45153999_10_M,San Pablo de los Montes,Rural Remote/Background,Toledo
e1_rr_45153999_10_M,45153999_10_M,hgb_direct,5,p90,23.334311806914545,0.0353535353535353,0.1842105263157894,0.059322033898305,0.0247879973907371,0.1291585127201565,45153999_10_M,San Pablo de los Montes,Rural Remote/Background,Toledo
e1_rr_45153999_10_M,45153999_10_M,hgb_direct,6,abs_50,50.0,0.0,,,0.0,0.0228907782864617,45153999_10_M,San Pablo de los Montes,Rural Remote/Background,Toledo
e1_rr_45153999_10_M,45153999_10_M,hgb_direct,6,p75,14.927403531720078,0.421505376344086,0.3719165085388994,0.3951612903225806,0.3446697187704381,0.3041203400915631,45153999_10_M,San Pablo de los Montes,Rural Remote/Background,Toledo
e1_rr_45153999_10_M,45153999_10_M,hgb_direct,6,p90,23.334336167429697,0.0303030303030303,0.1935483870967742,0.0524017467248908,0.0202746893394375,0.1294964028776978,45153999_10_M,San Pablo de los Montes,Rural Remote/Background,Toledo
e1_rr_45153999_10_M,45153999_10_M,hgb_direct,7,abs_50,50.0,0.0,,,0.0,0.0229357798165137,45153999_10_M,San Pablo de los Montes,Rural Remote/Background,Toledo
e1_rr_45153999_10_M,45153999_10_M,hgb_direct,7,p75,14.927260812581912,0.3935483870967742,0.3581213307240704,0.375,0.3348623853211009,0.3047182175622542,45153999_10_M,San Pablo de los Montes,Rural Remote/Background,Toledo
e1_rr_45153999_10_M,45153999_10_M,hgb_direct,7,p90,23.33414154652687,0.0257731958762886,0.238095238095238,0.0465116279069767,0.0137614678899082,0.127129750982962,45153999_10_M,San Pablo de los Montes,Rural Remote/Background,Toledo
e1_rr_45153999_10_M,45153999_10_M,persistence,1,abs_50,50.0,0.2894736842105263,0.282051282051282,0.2857142857142857,0.0251450676982591,0.0245003223726627,45153999_10_M,San Pablo de los Montes,Rural Remote/Background,Toledo
e1_rr_45153999_10_M,45153999_10_M,persistence,1,p75,14.9284332688588,0.7249466950959488,0.7311827956989247,0.7280513918629551,0.299806576402321,0.3023855577047066,45153999_10_M,San Pablo de los Montes,Rural Remote/Background,Toledo
e1_rr_45153999_10_M,45153999_10_M,persistence,1,p90,23.332688588007738,0.5538461538461539,0.5595854922279793,0.5567010309278351,0.1244358478401031,0.1257253384912959,45153999_10_M,San Pablo de los Montes,Rural Remote/Background,Toledo
e1_rr_45153999_10_M,45153999_10_M,persistence,2,abs_50,50.0,0.1052631578947368,0.1025641025641025,0.1038961038961039,0.0252263906856403,0.0245795601552393,45153999_10_M,San Pablo de los Montes,Rural Remote/Background,Toledo
e1_rr_45153999_10_M,45153999_10_M,persistence,2,p75,14.928686934023286,0.5811965811965812,0.5836909871244635,0.5824411134903641,0.3014230271668823,0.3027166882276843,45153999_10_M,San Pablo de los Montes,Rural Remote/Background,Toledo
e1_rr_45153999_10_M,45153999_10_M,persistence,2,p90,23.33486416558862,0.3571428571428571,0.3645833333333333,0.3608247422680413,0.1241914618369987,0.1267787839586028,45153999_10_M,San Pablo de los Montes,Rural Remote/Background,Toledo
e1_rr_45153999_10_M,45153999_10_M,persistence,3,abs_50,50.0,0.027027027027027,0.0256410256410256,0.0263157894736842,0.0253411306042884,0.0240415854450942,45153999_10_M,San Pablo de los Montes,Rural Remote/Background,Toledo
e1_rr_45153999_10_M,45153999_10_M,persistence,3,p75,14.928200129954517,0.51931330472103,0.521551724137931,0.5204301075268817,0.3014944769330734,0.3027940220922677,45153999_10_M,San Pablo de los Montes,Rural Remote/Background,Toledo
e1_rr_45153999_10_M,45153999_10_M,persistence,3,p90,23.333528265107216,0.2311557788944723,0.2421052631578947,0.2365038560411311,0.1234567901234567,0.129304743339831,45153999_10_M,San Pablo de los Montes,Rural Remote/Background,Toledo
e1_rr_45153999_10_M,45153999_10_M,persistence,4,abs_50,50.0,0.0277777777777777,0.0256410256410256,0.0266666666666666,0.025390625,0.0234375,45153999_10_M,San Pablo de los Montes,Rural Remote/Background,Toledo
e1_rr_45153999_10_M,45153999_10_M,persistence,4,p75,14.927897135416666,0.4732334047109208,0.4752688172043011,0.4742489270386266,0.302734375,0.3040364583333333,45153999_10_M,San Pablo de los Montes,Rural Remote/Background,Toledo
e1_rr_45153999_10_M,45153999_10_M,persistence,4,p90,23.3345703125,0.2010050251256281,0.2094240837696335,0.2051282051282051,0.1243489583333333,0.1295572916666666,45153999_10_M,San Pablo de los Montes,Rural Remote/Background,Toledo
e1_rr_45153999_10_M,45153999_10_M,persistence,5,abs_50,50.0,0.0277777777777777,0.0256410256410256,0.0266666666666666,0.0254403131115459,0.0234833659491193,45153999_10_M,San Pablo de los Montes,Rural Remote/Background,Toledo
e1_rr_45153999_10_M,45153999_10_M,persistence,5,p75,14.927592954990216,0.4399141630901287,0.4418103448275862,0.4408602150537634,0.3026744944553163,0.3039791258969341,45153999_10_M,San Pablo de los Montes,Rural Remote/Background,Toledo
e1_rr_45153999_10_M,45153999_10_M,persistence,5,p90,23.334311806914545,0.1515151515151515,0.1570680628272251,0.1542416452442159,0.1245923026744944,0.1291585127201565,45153999_10_M,San Pablo de los Montes,Rural Remote/Background,Toledo
e1_rr_45153999_10_M,45153999_10_M,persistence,6,abs_50,50.0,0.0,0.0,,0.0255068672334859,0.0228907782864617,45153999_10_M,San Pablo de los Montes,Rural Remote/Background,Toledo
e1_rr_45153999_10_M,45153999_10_M,persistence,6,p75,14.927403531720078,0.4150537634408602,0.4177489177489177,0.4163969795037756,0.302158273381295,0.3041203400915631,45153999_10_M,San Pablo de los Montes,Rural Remote/Background,Toledo
e1_rr_45153999_10_M,45153999_10_M,persistence,6,p90,23.334336167429697,0.1616161616161616,0.1675392670157068,0.1645244215938303,0.1249182472204055,0.1294964028776978,45153999_10_M,San Pablo de los Montes,Rural Remote/Background,Toledo
e1_rr_45153999_10_M,45153999_10_M,persistence,7,abs_50,50.0,0.0,0.0,,0.0255570117955439,0.0229357798165137,45153999_10_M,San Pablo de los Montes,Rural Remote/Background,Toledo
e1_rr_45153999_10_M,45153999_10_M,persistence,7,p75,14.927260812581912,0.3956989247311828,0.4,0.3978378378378379,0.3014416775884665,0.3047182175622542,45153999_10_M,San Pablo de los Montes,Rural Remote/Background,Toledo
e1_rr_45153999_10_M,45153999_10_M,persistence,7,p90,23.33414154652687,0.1855670103092783,0.1884816753926701,0.187012987012987,0.1251638269986894,0.127129750982962,45153999_10_M,San Pablo de los Montes,Rural Remote/Background,Toledo
e1_rr_45153999_10_M,45153999_10_M,ridge_direct,1,abs_50,50.0,0.131578947368421,0.3571428571428571,0.1923076923076923,0.0090264345583494,0.0245003223726627,45153999_10_M,San Pablo de los Montes,Rural Remote/Background,Toledo
e1_rr_45153999_10_M,45153999_10_M,ridge_direct,1,p75,14.9284332688588,0.6950959488272921,0.740909090909091,0.7172717271727174,0.2836879432624113,0.3023855577047066,45153999_10_M,San Pablo de los Montes,Rural Remote/Background,Toledo
e1_rr_45153999_10_M,45153999_10_M,ridge_direct,1,p90,23.332688588007738,0.3487179487179487,0.5811965811965812,0.4358974358974359,0.0754352030947775,0.1257253384912959,45153999_10_M,San Pablo de los Montes,Rural Remote/Background,Toledo
e1_rr_45153999_10_M,45153999_10_M,ridge_direct,2,abs_50,50.0,0.0,0.0,,0.0032341526520051,0.0245795601552393,45153999_10_M,San Pablo de los Montes,Rural Remote/Background,Toledo
e1_rr_45153999_10_M,45153999_10_M,ridge_direct,2,p75,14.928686934023286,0.4914529914529914,0.5852417302798982,0.5342624854819976,0.2542043984476067,0.3027166882276843,45153999_10_M,San Pablo de los Montes,Rural Remote/Background,Toledo
e1_rr_45153999_10_M,45153999_10_M,ridge_direct,2,p90,23.33486416558862,0.1071428571428571,0.2957746478873239,0.1573033707865168,0.0459249676584734,0.1267787839586028,45153999_10_M,San Pablo de los Montes,Rural Remote/Background,Toledo
e1_rr_45153999_10_M,45153999_10_M,ridge_direct,3,abs_50,50.0,0.0,0.0,,0.0019493177387914,0.0240415854450942,45153999_10_M,San Pablo de los Montes,Rural Remote/Background,Toledo
e1_rr_45153999_10_M,45153999_10_M,ridge_direct,3,p75,14.928200129954517,0.3626609442060086,0.5044776119402985,0.4219725343320849,0.2176738141650422,0.3027940220922677,45153999_10_M,San Pablo de los Montes,Rural Remote/Background,Toledo
e1_rr_45153999_10_M,45153999_10_M,ridge_direct,3,p90,23.333528265107216,0.0653266331658291,0.3095238095238095,0.1078838174273859,0.0272904483430799,0.129304743339831,45153999_10_M,San Pablo de los Montes,Rural Remote/Background,Toledo
e1_rr_45153999_10_M,45153999_10_M,ridge_direct,4,abs_50,50.0,0.0,0.0,,0.0013020833333333,0.0234375,45153999_10_M,San Pablo de los Montes,Rural Remote/Background,Toledo
e1_rr_45153999_10_M,45153999_10_M,ridge_direct,4,p75,14.927897135416666,0.2655246252676659,0.447653429602888,0.3333333333333333,0.1803385416666666,0.3040364583333333,45153999_10_M,San Pablo de los Montes,Rural Remote/Background,Toledo
e1_rr_45153999_10_M,45153999_10_M,ridge_direct,4,p90,23.3345703125,0.0251256281407035,0.1923076923076923,0.0444444444444444,0.0169270833333333,0.1295572916666666,45153999_10_M,San Pablo de los Montes,Rural Remote/Background,Toledo
e1_rr_45153999_10_M,45153999_10_M,ridge_direct,5,abs_50,50.0,0.0,0.0,,0.0013046314416177,0.0234833659491193,45153999_10_M,San Pablo de los Montes,Rural Remote/Background,Toledo
e1_rr_45153999_10_M,45153999_10_M,ridge_direct,5,p75,14.927592954990216,0.2167381974248927,0.4105691056910569,0.2837078651685393,0.1604696673189823,0.3039791258969341,45153999_10_M,San Pablo de los Montes,Rural Remote/Background,Toledo
e1_rr_45153999_10_M,45153999_10_M,ridge_direct,5,p90,23.334311806914545,0.005050505050505,0.0526315789473684,0.0092165898617511,0.0123939986953685,0.1291585127201565,45153999_10_M,San Pablo de los Montes,Rural Remote/Background,Toledo
e1_rr_45153999_10_M,45153999_10_M,ridge_direct,6,abs_50,50.0,0.0,0.0,,0.000654022236756,0.0228907782864617,45153999_10_M,San Pablo de los Montes,Rural Remote/Background,Toledo
e1_rr_45153999_10_M,45153999_10_M,ridge_direct,6,p75,14.927403531720078,0.2086021505376344,0.425438596491228,0.2799422799422799,0.1491170699803793,0.3041203400915631,45153999_10_M,San Pablo de los Montes,Rural Remote/Background,Toledo
e1_rr_45153999_10_M,45153999_10_M,ridge_direct,6,p90,23.334336167429697,0.0101010101010101,0.2,0.0192307692307692,0.0065402223675604,0.1294964028776978,45153999_10_M,San Pablo de los Montes,Rural Remote/Background,Toledo
e1_rr_45153999_10_M,45153999_10_M,ridge_direct,7,abs_50,50.0,0.0,,,0.0,0.0229357798165137,45153999_10_M,San Pablo de los Montes,Rural Remote/Background,Toledo
e1_rr_45153999_10_M,45153999_10_M,ridge_direct,7,p75,14.927260812581912,0.2279569892473118,0.462882096069869,0.3054755043227666,0.1500655307994757,0.3047182175622542,45153999_10_M,San Pablo de los Montes,Rural Remote/Background,Toledo
e1_rr_45153999_10_M,45153999_10_M,ridge_direct,7,p90,23.33414154652687,0.0103092783505154,0.2222222222222222,0.0197044334975369,0.0058977719528178,0.127129750982962,45153999_10_M,San Pablo de los Montes,Rural Remote/Background,Toledo
e1_rr_45153999_10_M,45153999_10_M,sarima,1,abs_50,50.0,0.0,0.0,,0.0174418604651162,0.0174418604651162,45153999_10_M,San Pablo de los Montes,Rural Remote/Background,Toledo
e1_rr_45153999_10_M,45153999_10_M,sarima,1,p75,14.33187134502924,0.75,0.8478260869565217,0.7959183673469389,0.2690058479532163,0.3040935672514619,45153999_10_M,San Pablo de los Montes,Rural Remote/Background,Toledo
e1_rr_45153999_10_M,45153999_10_M,sarima,1,p90,22.294736842105262,0.3181818181818182,0.5384615384615384,0.3999999999999999,0.0760233918128654,0.1286549707602339,45153999_10_M,San Pablo de los Montes,Rural Remote/Background,Toledo
e1_rr_45153999_10_M,45153999_10_M,sarima,2,abs_50,50.0,0.125,0.5,0.2,0.0116279069767441,0.0465116279069767,45153999_10_M,San Pablo de los Montes,Rural Remote/Background,Toledo
e1_rr_45153999_10_M,45153999_10_M,sarima,2,p75,14.326023391812866,0.5208333333333334,0.6578947368421053,0.5813953488372092,0.2222222222222222,0.2807017543859649,45153999_10_M,San Pablo de los Montes,Rural Remote/Background,Toledo
e1_rr_45153999_10_M,45153999_10_M,sarima,2,p90,22.294736842105262,0.1923076923076923,0.625,0.2941176470588235,0.0467836257309941,0.1520467836257309,45153999_10_M,San Pablo de los Montes,Rural Remote/Background,Toledo
e1_rr_45153999_10_M,45153999_10_M,sarima,3,abs_50,50.0,0.0,,,0.0,0.0292397660818713,45153999_10_M,San Pablo de los Montes,Rural Remote/Background,Toledo
e1_rr_45153999_10_M,45153999_10_M,sarima,3,p75,14.333823529411765,0.3148148148148148,0.5483870967741935,0.3999999999999999,0.1823529411764705,0.3176470588235294,45153999_10_M,San Pablo de los Montes,Rural Remote/Background,Toledo
e1_rr_45153999_10_M,45153999_10_M,sarima,3,p90,22.302352941176476,0.1363636363636363,0.6,0.2222222222222221,0.0294117647058823,0.1294117647058823,45153999_10_M,San Pablo de los Montes,Rural Remote/Background,Toledo
e1_rr_45153999_10_M,45153999_10_M,sarima,4,abs_50,50.0,0.0,,,0.0,0.0116959064327485,45153999_10_M,San Pablo de los Montes,Rural Remote/Background,Toledo
e1_rr_45153999_10_M,45153999_10_M,sarima,4,p75,14.327941176470588,0.2448979591836734,0.5,0.3287671232876712,0.1411764705882353,0.288235294117647,45153999_10_M,San Pablo de los Montes,Rural Remote/Background,Toledo
e1_rr_45153999_10_M,45153999_10_M,sarima,4,p90,22.308235294117654,0.1333333333333333,0.5,0.2105263157894737,0.0235294117647058,0.088235294117647,45153999_10_M,San Pablo de los Montes,Rural Remote/Background,Toledo
e1_rr_45153999_10_M,45153999_10_M,sarima,5,abs_50,50.0,0.0,,,0.0,0.0116279069767441,45153999_10_M,San Pablo de los Montes,Rural Remote/Background,Toledo
e1_rr_45153999_10_M,45153999_10_M,sarima,5,p75,14.314327485380115,0.2549019607843137,0.4642857142857143,0.3291139240506329,0.1637426900584795,0.2982456140350877,45153999_10_M,San Pablo de los Montes,Rural Remote/Background,Toledo
e1_rr_45153999_10_M,45153999_10_M,sarima,5,p90,22.285964912280704,0.0,0.0,,0.023391812865497,0.1052631578947368,45153999_10_M,San Pablo de los Montes,Rural Remote/Background,Toledo
e1_rr_45153999_10_M,45153999_10_M,sarima,6,abs_50,50.0,0.0,,,0.0,0.023391812865497,45153999_10_M,San Pablo de los Montes,Rural Remote/Background,Toledo
e1_rr_45153999_10_M,45153999_10_M,sarima,6,p75,14.319117647058825,0.14,0.875,0.2413793103448275,0.0470588235294117,0.2941176470588235,45153999_10_M,San Pablo de los Montes,Rural Remote/Background,Toledo
e1_rr_45153999_10_M,45153999_10_M,sarima,6,p90,22.2964705882353,0.15,1.0,0.2608695652173913,0.0176470588235294,0.1176470588235294,45153999_10_M,San Pablo de los Montes,Rural Remote/Background,Toledo
e1_rr_45153999_10_M,45153999_10_M,sarima,7,abs_50,50.0,0.0,,,0.0,0.0294117647058823,45153999_10_M,San Pablo de los Montes,Rural Remote/Background,Toledo
e1_rr_45153999_10_M,45153999_10_M,sarima,7,p75,14.349112426035504,0.12,0.6,0.1999999999999999,0.059171597633136,0.2958579881656805,45153999_10_M,San Pablo de los Montes,Rural Remote/Background,Toledo
e1_rr_45153999_10_M,45153999_10_M,sarima,7,p90,22.340828402366867,0.05,0.5,0.0909090909090909,0.0118343195266272,0.1183431952662721,45153999_10_M,San Pablo de los Montes,Rural Remote/Background,Toledo
e1_rr_45153999_10_M,45153999_10_M,seasonal_naive,1,abs_50,50.0,0.0,0.0,,0.0251450676982591,0.0245003223726627,45153999_10_M,San Pablo de los Montes,Rural Remote/Background,Toledo
e1_rr_45153999_10_M,45153999_10_M,seasonal_naive,1,p75,14.9284332688588,0.3816631130063966,0.3899782135076253,0.3857758620689656,0.2959381044487427,0.3023855577047066,45153999_10_M,San Pablo de los Montes,Rural Remote/Background,Toledo
e1_rr_45153999_10_M,45153999_10_M,seasonal_naive,1,p90,23.332688588007738,0.1794871794871795,0.1832460732984293,0.1813471502590673,0.1231463571889103,0.1257253384912959,45153999_10_M,San Pablo de los Montes,Rural Remote/Background,Toledo
e1_rr_45153999_10_M,45153999_10_M,seasonal_naive,2,abs_50,50.0,0.0,0.0,,0.0252263906856403,0.0245795601552393,45153999_10_M,San Pablo de los Montes,Rural Remote/Background,Toledo
e1_rr_45153999_10_M,45153999_10_M,seasonal_naive,2,p75,14.928686934023286,0.3846153846153846,0.3904555314533622,0.38751345532831,0.2981888745148771,0.3027166882276843,45153999_10_M,San Pablo de los Montes,Rural Remote/Background,Toledo
e1_rr_45153999_10_M,45153999_10_M,seasonal_naive,2,p90,23.33486416558862,0.1785714285714285,0.1842105263157894,0.1813471502590673,0.1228978007761966,0.1267787839586028,45153999_10_M,San Pablo de los Montes,Rural Remote/Background,Toledo
e1_rr_45153999_10_M,45153999_10_M,seasonal_naive,3,abs_50,50.0,0.0,0.0,,0.0253411306042884,0.0240415854450942,45153999_10_M,San Pablo de los Montes,Rural Remote/Background,Toledo
e1_rr_45153999_10_M,45153999_10_M,seasonal_naive,3,p75,14.928200129954517,0.3905579399141631,0.3939393939393939,0.3922413793103448,0.3001949317738791,0.3027940220922677,45153999_10_M,San Pablo de los Montes,Rural Remote/Background,Toledo
e1_rr_45153999_10_M,45153999_10_M,seasonal_naive,3,p90,23.333528265107216,0.1809045226130653,0.1904761904761904,0.1855670103092783,0.1228070175438596,0.129304743339831,45153999_10_M,San Pablo de los Montes,Rural Remote/Background,Toledo
e1_rr_45153999_10_M,45153999_10_M,seasonal_naive,4,abs_50,50.0,0.0,0.0,,0.025390625,0.0234375,45153999_10_M,San Pablo de los Montes,Rural Remote/Background,Toledo
e1_rr_45153999_10_M,45153999_10_M,seasonal_naive,4,p75,14.927897135416666,0.3940042826552462,0.3982683982683982,0.3961248654467169,0.30078125,0.3040364583333333,45153999_10_M,San Pablo de los Montes,Rural Remote/Background,Toledo
e1_rr_45153999_10_M,45153999_10_M,seasonal_naive,4,p90,23.3345703125,0.1809045226130653,0.1914893617021276,0.1860465116279069,0.1223958333333333,0.1295572916666666,45153999_10_M,San Pablo de los Montes,Rural Remote/Background,Toledo
e1_rr_45153999_10_M,45153999_10_M,seasonal_naive,5,abs_50,50.0,0.0,0.0,,0.0254403131115459,0.0234833659491193,45153999_10_M,San Pablo de los Montes,Rural Remote/Background,Toledo
e1_rr_45153999_10_M,45153999_10_M,seasonal_naive,5,p75,14.927592954990216,0.3948497854077253,0.3982683982683982,0.396551724137931,0.3013698630136986,0.3039791258969341,45153999_10_M,San Pablo de los Montes,Rural Remote/Background,Toledo
e1_rr_45153999_10_M,45153999_10_M,seasonal_naive,5,p90,23.334311806914545,0.1868686868686868,0.1947368421052631,0.190721649484536,0.1239399869536855,0.1291585127201565,45153999_10_M,San Pablo de los Montes,Rural Remote/Background,Toledo
e1_rr_45153999_10_M,45153999_10_M,seasonal_naive,6,abs_50,50.0,0.0,0.0,,0.0255068672334859,0.0228907782864617,45153999_10_M,San Pablo de los Montes,Rural Remote/Background,Toledo
e1_rr_45153999_10_M,45153999_10_M,seasonal_naive,6,p75,14.927403531720078,0.3935483870967742,0.3986928104575163,0.3961038961038961,0.3001962066710268,0.3041203400915631,45153999_10_M,San Pablo de los Montes,Rural Remote/Background,Toledo
e1_rr_45153999_10_M,45153999_10_M,seasonal_naive,6,p90,23.334336167429697,0.1868686868686868,0.193717277486911,0.1902313624678663,0.1249182472204055,0.1294964028776978,45153999_10_M,San Pablo de los Montes,Rural Remote/Background,Toledo
e1_rr_45153999_10_M,45153999_10_M,seasonal_naive,7,abs_50,50.0,0.0,0.0,,0.0255570117955439,0.0229357798165137,45153999_10_M,San Pablo de los Montes,Rural Remote/Background,Toledo
e1_rr_45153999_10_M,45153999_10_M,seasonal_naive,7,p75,14.927260812581912,0.3956989247311828,0.4,0.3978378378378379,0.3014416775884665,0.3047182175622542,45153999_10_M,San Pablo de los Montes,Rural Remote/Background,Toledo
e1_rr_45153999_10_M,45153999_10_M,seasonal_naive,7,p90,23.33414154652687,0.1855670103092783,0.1884816753926701,0.187012987012987,0.1251638269986894,0.127129750982962,45153999_10_M,San Pablo de los Montes,Rural Remote/Background,Toledo
e1_rr_45153999_10_M,45153999_10_M,stl_ridge_direct,1,abs_50,50.0,0.2105263157894736,0.0625,0.0963855421686747,0.0825274016763378,0.0245003223726627,45153999_10_M,San Pablo de los Montes,Rural Remote/Background,Toledo
e1_rr_45153999_10_M,45153999_10_M,stl_ridge_direct,1,p75,14.9284332688588,0.9658848614072496,0.360381861575179,0.5249130938586326,0.8104448742746615,0.3023855577047066,45153999_10_M,San Pablo de los Montes,Rural Remote/Background,Toledo
e1_rr_45153999_10_M,45153999_10_M,stl_ridge_direct,1,p90,23.332688588007738,0.8615384615384616,0.200238379022646,0.3249516441005802,0.5409413281753708,0.1257253384912959,45153999_10_M,San Pablo de los Montes,Rural Remote/Background,Toledo
e1_rr_45153999_10_M,45153999_10_M,stl_ridge_direct,2,abs_50,50.0,0.0263157894736842,0.009090909090909,0.0135135135135135,0.0711513583441138,0.0245795601552393,45153999_10_M,San Pablo de los Montes,Rural Remote/Background,Toledo
e1_rr_45153999_10_M,45153999_10_M,stl_ridge_direct,2,p75,14.928686934023286,0.97008547008547,0.3500385505011565,0.5144475920679887,0.8389391979301423,0.3027166882276843,45153999_10_M,San Pablo de los Montes,Rural Remote/Background,Toledo
e1_rr_45153999_10_M,45153999_10_M,stl_ridge_direct,2,p90,23.33486416558862,0.8214285714285714,0.1932773109243697,0.3129251700680272,0.5388098318240621,0.1267787839586028,45153999_10_M,San Pablo de los Montes,Rural Remote/Background,Toledo
e1_rr_45153999_10_M,45153999_10_M,stl_ridge_direct,3,abs_50,50.0,0.027027027027027,0.0099009900990099,0.0144927536231884,0.0656270305393112,0.0240415854450942,45153999_10_M,San Pablo de los Montes,Rural Remote/Background,Toledo
e1_rr_45153999_10_M,45153999_10_M,stl_ridge_direct,3,p75,14.928200129954517,0.9635193133047212,0.3406676783004552,0.5033632286995516,0.8564002599090318,0.3027940220922677,45153999_10_M,San Pablo de los Montes,Rural Remote/Background,Toledo
e1_rr_45153999_10_M,45153999_10_M,stl_ridge_direct,3,p90,23.333528265107216,0.7839195979899497,0.18863361547763,0.3040935672514619,0.5373619233268356,0.129304743339831,45153999_10_M,San Pablo de los Montes,Rural Remote/Background,Toledo
e1_rr_45153999_10_M,45153999_10_M,stl_ridge_direct,4,abs_50,50.0,0.0277777777777777,0.010204081632653,0.0149253731343283,0.0638020833333333,0.0234375,45153999_10_M,San Pablo de los Montes,Rural Remote/Background,Toledo
e1_rr_45153999_10_M,45153999_10_M,stl_ridge_direct,4,p75,14.927897135416666,0.9593147751605996,0.3323442136498516,0.49366391184573,0.8776041666666666,0.3040364583333333,45153999_10_M,San Pablo de los Montes,Rural Remote/Background,Toledo
e1_rr_45153999_10_M,45153999_10_M,stl_ridge_direct,4,p90,23.3345703125,0.7487437185929648,0.1814859926918392,0.292156862745098,0.5345052083333334,0.1295572916666666,45153999_10_M,San Pablo de los Montes,Rural Remote/Background,Toledo
e1_rr_45153999_10_M,45153999_10_M,stl_ridge_direct,5,abs_50,50.0,0.0277777777777777,0.010752688172043,0.0155038759689922,0.060665362035225,0.0234833659491193,45153999_10_M,San Pablo de los Montes,Rural Remote/Background,Toledo
e1_rr_45153999_10_M,45153999_10_M,stl_ridge_direct,5,p75,14.927592954990216,0.965665236051502,0.3294289897510981,0.4912663755458515,0.8910632746249184,0.3039791258969341,45153999_10_M,San Pablo de los Montes,Rural Remote/Background,Toledo
e1_rr_45153999_10_M,45153999_10_M,stl_ridge_direct,5,p90,23.334311806914545,0.7474747474747475,0.1818181818181818,0.2924901185770751,0.5309849967384214,0.1291585127201565,45153999_10_M,San Pablo de los Montes,Rural Remote/Background,Toledo
e1_rr_45153999_10_M,45153999_10_M,stl_ridge_direct,6,abs_50,50.0,0.0285714285714285,0.0109890109890109,0.0158730158730158,0.0595160235448005,0.0228907782864617,45153999_10_M,San Pablo de los Montes,Rural Remote/Background,Toledo
e1_rr_45153999_10_M,45153999_10_M,stl_ridge_direct,6,p75,14.927403531720078,0.9655913978494624,0.3239538239538239,0.4851431658562938,0.9064748201438848,0.3041203400915631,45153999_10_M,San Pablo de los Montes,Rural Remote/Background,Toledo
e1_rr_45153999_10_M,45153999_10_M,stl_ridge_direct,6,p90,23.334336167429697,0.7474747474747475,0.1813725490196078,0.291913214990138,0.5336821451929366,0.1294964028776978,45153999_10_M,San Pablo de los Montes,Rural Remote/Background,Toledo
e1_rr_45153999_10_M,45153999_10_M,stl_ridge_direct,7,abs_50,50.0,0.0285714285714285,0.0121951219512195,0.017094017094017,0.0537352555701179,0.0229357798165137,45153999_10_M,San Pablo de los Montes,Rural Remote/Background,Toledo
e1_rr_45153999_10_M,45153999_10_M,stl_ridge_direct,7,p75,14.927260812581912,0.9634408602150538,0.3220704529115744,0.4827586206896552,0.9115334207077328,0.3047182175622542,45153999_10_M,San Pablo de los Montes,Rural Remote/Background,Toledo
e1_rr_45153999_10_M,45153999_10_M,stl_ridge_direct,7,p90,23.33414154652687,0.7216494845360825,0.173053152039555,0.2791625124626122,0.5301441677588467,0.127129750982962,45153999_10_M,San Pablo de los Montes,Rural Remote/Background,Toledo
e1_rr_50008001_10_M,50008001_10_M,hgb_direct,1,abs_50,50.0,0.0,0.0,,0.0006045949214026,0.0145102781136638,50008001_10_M,Alagon,Suburban/Traffic,Zaragoza
e1_rr_50008001_10_M,50008001_10_M,hgb_direct,1,p75,22.26556831922612,0.5439024390243903,0.6160220994475138,0.577720207253886,0.218863361547763,0.2478839177750907,50008001_10_M,Alagon,Suburban/Traffic,Zaragoza
e1_rr_50008001_10_M,50008001_10_M,hgb_direct,1,p90,29.397944377267233,0.2914285714285714,0.51,0.3709090909090909,0.060459492140266,0.1058041112454655,50008001_10_M,Alagon,Suburban/Traffic,Zaragoza
e1_rr_50008001_10_M,50008001_10_M,hgb_direct,2,abs_50,50.0,0.0,0.0,,0.0006067961165048,0.0145631067961165,50008001_10_M,Alagon,Suburban/Traffic,Zaragoza
e1_rr_50008001_10_M,50008001_10_M,hgb_direct,2,p75,22.265321601941743,0.2604422604422604,0.4380165289256198,0.3266563944530046,0.1468446601941747,0.2469660194174757,50008001_10_M,Alagon,Suburban/Traffic,Zaragoza
e1_rr_50008001_10_M,50008001_10_M,hgb_direct,2,p90,29.398118932038837,0.0742857142857142,0.3611111111111111,0.1232227488151658,0.0218446601941747,0.1061893203883495,50008001_10_M,Alagon,Suburban/Traffic,Zaragoza
e1_rr_50008001_10_M,50008001_10_M,hgb_direct,3,abs_50,50.0,0.0,,,0.0,0.0151975683890577,50008001_10_M,Alagon,Suburban/Traffic,Zaragoza
e1_rr_50008001_10_M,50008001_10_M,hgb_direct,3,p75,22.26580547112462,0.1970443349753694,0.4060913705583756,0.2653399668325041,0.119756838905775,0.2468085106382978,50008001_10_M,Alagon,Suburban/Traffic,Zaragoza
e1_rr_50008001_10_M,50008001_10_M,hgb_direct,3,p90,29.398176291793312,0.0335195530726257,0.1935483870967742,0.0571428571428571,0.0188449848024316,0.1088145896656535,50008001_10_M,Alagon,Suburban/Traffic,Zaragoza
e1_rr_50008001_10_M,50008001_10_M,hgb_direct,4,abs_50,50.0,0.0,,,0.0,0.015225334957369,50008001_10_M,Alagon,Suburban/Traffic,Zaragoza
e1_rr_50008001_10_M,50008001_10_M,hgb_direct,4,p75,22.266138855054812,0.1604938271604938,0.3631284916201117,0.2226027397260274,0.1090133982947624,0.2466504263093788,50008001_10_M,Alagon,Suburban/Traffic,Zaragoza
e1_rr_50008001_10_M,50008001_10_M,hgb_direct,4,p90,29.398233861144952,0.0393258426966292,0.2121212121212121,0.0663507109004739,0.0200974421437271,0.1084043848964677,50008001_10_M,Alagon,Suburban/Traffic,Zaragoza
e1_rr_50008001_10_M,50008001_10_M,hgb_direct,5,abs_50,50.0,0.0,,,0.0,0.0152532031726662,50008001_10_M,Alagon,Suburban/Traffic,Zaragoza
e1_rr_50008001_10_M,50008001_10_M,hgb_direct,5,p75,22.26632092739475,0.1506172839506173,0.3526011560693641,0.2110726643598615,0.1055521659548505,0.2471018913971934,50008001_10_M,Alagon,Suburban/Traffic,Zaragoza
e1_rr_50008001_10_M,50008001_10_M,hgb_direct,5,p90,29.39884075655888,0.0337078651685393,0.2307692307692307,0.0588235294117647,0.0158633312995729,0.1086028065893837,50008001_10_M,Alagon,Suburban/Traffic,Zaragoza
e1_rr_50008001_10_M,50008001_10_M,hgb_direct,6,abs_50,50.0,0.0,,,0.0,0.0146609651802076,50008001_10_M,Alagon,Suburban/Traffic,Zaragoza
e1_rr_50008001_10_M,50008001_10_M,hgb_direct,6,p75,22.26679902260232,0.1695331695331695,0.372972972972973,0.2331081081081081,0.1130116065974343,0.2486255345143555,50008001_10_M,Alagon,Suburban/Traffic,Zaragoza
e1_rr_50008001_10_M,50008001_10_M,hgb_direct,6,p90,29.39932803909591,0.0277777777777777,0.2083333333333333,0.0490196078431372,0.0146609651802076,0.1099572388515577,50008001_10_M,Alagon,Suburban/Traffic,Zaragoza
e1_rr_50008001_10_M,50008001_10_M,hgb_direct,7,abs_50,50.0,0.0,,,0.0,0.01468788249694,50008001_10_M,Alagon,Suburban/Traffic,Zaragoza
e1_rr_50008001_10_M,50008001_10_M,hgb_direct,7,p75,22.267288861689103,0.1867321867321867,0.3781094527363184,0.2499999999999999,0.1230110159118727,0.2490820073439412,50008001_10_M,Alagon,Suburban/Traffic,Zaragoza
e1_rr_50008001_10_M,50008001_10_M,hgb_direct,7,p90,29.39944920440637,0.0224719101123595,0.1904761904761904,0.0402010050251256,0.0128518971848225,0.1089351285189718,50008001_10_M,Alagon,Suburban/Traffic,Zaragoza
e1_rr_50008001_10_M,50008001_10_M,persistence,1,abs_50,50.0,0.1666666666666666,0.1666666666666666,0.1666666666666666,0.0145102781136638,0.0145102781136638,50008001_10_M,Alagon,Suburban/Traffic,Zaragoza
e1_rr_50008001_10_M,50008001_10_M,persistence,1,p75,22.26556831922612,0.6146341463414634,0.6116504854368932,0.6131386861313869,0.249093107617896,0.2478839177750907,50008001_10_M,Alagon,Suburban/Traffic,Zaragoza
e1_rr_50008001_10_M,50008001_10_M,persistence,1,p90,29.397944377267233,0.4514285714285714,0.4514285714285714,0.4514285714285714,0.1058041112454655,0.1058041112454655,50008001_10_M,Alagon,Suburban/Traffic,Zaragoza
e1_rr_50008001_10_M,50008001_10_M,persistence,2,abs_50,50.0,0.0,0.0,,0.0145631067961165,0.0145631067961165,50008001_10_M,Alagon,Suburban/Traffic,Zaragoza
e1_rr_50008001_10_M,50008001_10_M,persistence,2,p75,22.265321601941743,0.4422604422604422,0.4400977995110024,0.4411764705882353,0.2481796116504854,0.2469660194174757,50008001_10_M,Alagon,Suburban/Traffic,Zaragoza
e1_rr_50008001_10_M,50008001_10_M,persistence,2,p90,29.398118932038837,0.2857142857142857,0.2857142857142857,0.2857142857142857,0.1061893203883495,0.1061893203883495,50008001_10_M,Alagon,Suburban/Traffic,Zaragoza
e1_rr_50008001_10_M,50008001_10_M,persistence,3,abs_50,50.0,0.04,0.0416666666666666,0.0408163265306122,0.0145896656534954,0.0151975683890577,50008001_10_M,Alagon,Suburban/Traffic,Zaragoza
e1_rr_50008001_10_M,50008001_10_M,persistence,3,p75,22.26580547112462,0.3916256157635468,0.3878048780487805,0.3897058823529412,0.2492401215805471,0.2468085106382978,50008001_10_M,Alagon,Suburban/Traffic,Zaragoza
e1_rr_50008001_10_M,50008001_10_M,persistence,3,p90,29.398176291793312,0.2234636871508379,0.2285714285714285,0.2259887005649717,0.1063829787234042,0.1088145896656535,50008001_10_M,Alagon,Suburban/Traffic,Zaragoza
e1_rr_50008001_10_M,50008001_10_M,persistence,4,abs_50,50.0,0.0,0.0,,0.0146163215590742,0.015225334957369,50008001_10_M,Alagon,Suburban/Traffic,Zaragoza
e1_rr_50008001_10_M,50008001_10_M,persistence,4,p75,22.266138855054812,0.382716049382716,0.3771289537712895,0.3799019607843137,0.2503045066991474,0.2466504263093788,50008001_10_M,Alagon,Suburban/Traffic,Zaragoza
e1_rr_50008001_10_M,50008001_10_M,persistence,4,p90,29.398233861144952,0.1797752808988764,0.1839080459770115,0.1818181818181818,0.1059683313032886,0.1084043848964677,50008001_10_M,Alagon,Suburban/Traffic,Zaragoza
e1_rr_50008001_10_M,50008001_10_M,persistence,5,abs_50,50.0,0.0,0.0,,0.0140329469188529,0.0152532031726662,50008001_10_M,Alagon,Suburban/Traffic,Zaragoza
e1_rr_50008001_10_M,50008001_10_M,persistence,5,p75,22.26632092739475,0.3679012345679012,0.3634146341463414,0.3656441717791411,0.2501525320317266,0.2471018913971934,50008001_10_M,Alagon,Suburban/Traffic,Zaragoza
e1_rr_50008001_10_M,50008001_10_M,persistence,5,p90,29.39884075655888,0.1741573033707865,0.1781609195402299,0.1761363636363636,0.1061622940817571,0.1086028065893837,50008001_10_M,Alagon,Suburban/Traffic,Zaragoza
e1_rr_50008001_10_M,50008001_10_M,persistence,6,abs_50,50.0,0.0416666666666666,0.0454545454545454,0.0434782608695652,0.013439218081857,0.0146609651802076,50008001_10_M,Alagon,Suburban/Traffic,Zaragoza
e1_rr_50008001_10_M,50008001_10_M,persistence,6,p75,22.26679902260232,0.3636363636363636,0.3600973236009732,0.3618581907090464,0.2510690287110568,0.2486255345143555,50008001_10_M,Alagon,Suburban/Traffic,Zaragoza
e1_rr_50008001_10_M,50008001_10_M,persistence,6,p90,29.39932803909591,0.1777777777777777,0.1839080459770115,0.1807909604519774,0.1062919975565058,0.1099572388515577,50008001_10_M,Alagon,Suburban/Traffic,Zaragoza
e1_rr_50008001_10_M,50008001_10_M,persistence,7,abs_50,50.0,0.0833333333333333,0.0869565217391304,0.0851063829787234,0.0140758873929008,0.01468788249694,50008001_10_M,Alagon,Suburban/Traffic,Zaragoza
e1_rr_50008001_10_M,50008001_10_M,persistence,7,p75,22.267288861689103,0.366093366093366,0.3616504854368932,0.3638583638583639,0.2521419828641371,0.2490820073439412,50008001_10_M,Alagon,Suburban/Traffic,Zaragoza
e1_rr_50008001_10_M,50008001_10_M,persistence,7,p90,29.39944920440637,0.1797752808988764,0.1849710982658959,0.1823361823361823,0.105875152998776,0.1089351285189718,50008001_10_M,Alagon,Suburban/Traffic,Zaragoza
e1_rr_50008001_10_M,50008001_10_M,ridge_direct,1,abs_50,50.0,0.0,0.0,,0.0012091898428053,0.0145102781136638,50008001_10_M,Alagon,Suburban/Traffic,Zaragoza
e1_rr_50008001_10_M,50008001_10_M,ridge_direct,1,p75,22.26556831922612,0.5463414634146342,0.6436781609195402,0.5910290237467019,0.2103990326481257,0.2478839177750907,50008001_10_M,Alagon,Suburban/Traffic,Zaragoza
e1_rr_50008001_10_M,50008001_10_M,ridge_direct,1,p90,29.397944377267233,0.3085714285714285,0.5869565217391305,0.4044943820224719,0.0556227327690447,0.1058041112454655,50008001_10_M,Alagon,Suburban/Traffic,Zaragoza
e1_rr_50008001_10_M,50008001_10_M,ridge_direct,2,abs_50,50.0,0.0,,,0.0,0.0145631067961165,50008001_10_M,Alagon,Suburban/Traffic,Zaragoza
e1_rr_50008001_10_M,50008001_10_M,ridge_direct,2,p75,22.265321601941743,0.2604422604422604,0.4711111111111111,0.3354430379746835,0.1365291262135922,0.2469660194174757,50008001_10_M,Alagon,Suburban/Traffic,Zaragoza
e1_rr_50008001_10_M,50008001_10_M,ridge_direct,2,p90,29.398118932038837,0.0742857142857142,0.4814814814814814,0.1287128712871287,0.016383495145631,0.1061893203883495,50008001_10_M,Alagon,Suburban/Traffic,Zaragoza
e1_rr_50008001_10_M,50008001_10_M,ridge_direct,3,abs_50,50.0,0.0,,,0.0,0.0151975683890577,50008001_10_M,Alagon,Suburban/Traffic,Zaragoza
e1_rr_50008001_10_M,50008001_10_M,ridge_direct,3,p75,22.26580547112462,0.1773399014778325,0.4090909090909091,0.2474226804123711,0.1069908814589665,0.2468085106382978,50008001_10_M,Alagon,Suburban/Traffic,Zaragoza
e1_rr_50008001_10_M,50008001_10_M,ridge_direct,3,p90,29.398176291793312,0.0,0.0,,0.0048632218844984,0.1088145896656535,50008001_10_M,Alagon,Suburban/Traffic,Zaragoza
e1_rr_50008001_10_M,50008001_10_M,ridge_direct,4,abs_50,50.0,0.0,,,0.0,0.015225334957369,50008001_10_M,Alagon,Suburban/Traffic,Zaragoza
e1_rr_50008001_10_M,50008001_10_M,ridge_direct,4,p75,22.266138855054812,0.1432098765432098,0.3766233766233766,0.2075134168157423,0.0937880633373934,0.2466504263093788,50008001_10_M,Alagon,Suburban/Traffic,Zaragoza
e1_rr_50008001_10_M,50008001_10_M,ridge_direct,4,p90,29.398233861144952,0.0056179775280898,0.1666666666666666,0.0108695652173913,0.0036540803897685,0.1084043848964677,50008001_10_M,Alagon,Suburban/Traffic,Zaragoza
e1_rr_50008001_10_M,50008001_10_M,ridge_direct,5,abs_50,50.0,0.0,,,0.0,0.0152532031726662,50008001_10_M,Alagon,Suburban/Traffic,Zaragoza
e1_rr_50008001_10_M,50008001_10_M,ridge_direct,5,p75,22.26632092739475,0.1259259259259259,0.3591549295774648,0.186471663619744,0.0866381940207443,0.2471018913971934,50008001_10_M,Alagon,Suburban/Traffic,Zaragoza
e1_rr_50008001_10_M,50008001_10_M,ridge_direct,5,p90,29.39884075655888,0.0,0.0,,0.0012202562538133,0.1086028065893837,50008001_10_M,Alagon,Suburban/Traffic,Zaragoza
e1_rr_50008001_10_M,50008001_10_M,ridge_direct,6,abs_50,50.0,0.0,,,0.0,0.0146609651802076,50008001_10_M,Alagon,Suburban/Traffic,Zaragoza
e1_rr_50008001_10_M,50008001_10_M,ridge_direct,6,p75,22.26679902260232,0.1105651105651105,0.3629032258064516,0.1694915254237288,0.0757483200977397,0.2486255345143555,50008001_10_M,Alagon,Suburban/Traffic,Zaragoza
e1_rr_50008001_10_M,50008001_10_M,ridge_direct,6,p90,29.39932803909591,0.0,0.0,,0.0018326206475259,0.1099572388515577,50008001_10_M,Alagon,Suburban/Traffic,Zaragoza
e1_rr_50008001_10_M,50008001_10_M,ridge_direct,7,abs_50,50.0,0.0,,,0.0,0.01468788249694,50008001_10_M,Alagon,Suburban/Traffic,Zaragoza
e1_rr_50008001_10_M,50008001_10_M,ridge_direct,7,p75,22.267288861689103,0.1203931203931203,0.4049586776859504,0.1856060606060606,0.0740514075887393,0.2490820073439412,50008001_10_M,Alagon,Suburban/Traffic,Zaragoza
e1_rr_50008001_10_M,50008001_10_M,ridge_direct,7,p90,29.39944920440637,0.0224719101123595,0.5714285714285714,0.0432432432432432,0.0042839657282741,0.1089351285189718,50008001_10_M,Alagon,Suburban/Traffic,Zaragoza
e1_rr_50008001_10_M,50008001_10_M,sarima,1,abs_50,50.0,0.0,,,0.0,0.0114942528735632,50008001_10_M,Alagon,Suburban/Traffic,Zaragoza
e1_rr_50008001_10_M,50008001_10_M,sarima,1,p75,21.858381502890172,0.5813953488372093,0.625,0.6024096385542168,0.2312138728323699,0.2485549132947976,50008001_10_M,Alagon,Suburban/Traffic,Zaragoza
e1_rr_50008001_10_M,50008001_10_M,sarima,1,p90,28.50520231213873,0.3846153846153846,0.5,0.4347826086956522,0.0578034682080924,0.0751445086705202,50008001_10_M,Alagon,Suburban/Traffic,Zaragoza
e1_rr_50008001_10_M,50008001_10_M,sarima,2,abs_50,50.0,0.0,,,0.0,0.0171428571428571,50008001_10_M,Alagon,Suburban/Traffic,Zaragoza
e1_rr_50008001_10_M,50008001_10_M,sarima,2,p75,21.841954022988507,0.3409090909090909,0.46875,0.3947368421052631,0.1839080459770115,0.2528735632183908,50008001_10_M,Alagon,Suburban/Traffic,Zaragoza
e1_rr_50008001_10_M,50008001_10_M,sarima,2,p90,28.490804597701153,0.15,0.4285714285714285,0.2222222222222222,0.0402298850574712,0.1149425287356321,50008001_10_M,Alagon,Suburban/Traffic,Zaragoza
e1_rr_50008001_10_M,50008001_10_M,sarima,3,abs_50,50.0,0.0,,,0.0,0.0056818181818181,50008001_10_M,Alagon,Suburban/Traffic,Zaragoza
e1_rr_50008001_10_M,50008001_10_M,sarima,3,p75,21.84857142857143,0.2222222222222222,0.3478260869565217,0.2711864406779661,0.1314285714285714,0.2057142857142857,50008001_10_M,Alagon,Suburban/Traffic,Zaragoza
e1_rr_50008001_10_M,50008001_10_M,sarima,3,p90,28.49371428571429,0.1875,1.0,0.3157894736842105,0.0171428571428571,0.0914285714285714,50008001_10_M,Alagon,Suburban/Traffic,Zaragoza
e1_rr_50008001_10_M,50008001_10_M,sarima,4,abs_50,50.0,0.0,,,0.0,0.0173410404624277,50008001_10_M,Alagon,Suburban/Traffic,Zaragoza
e1_rr_50008001_10_M,50008001_10_M,sarima,4,p75,21.83430232558139,0.0652173913043478,0.2142857142857142,0.1,0.0813953488372093,0.2674418604651162,50008001_10_M,Alagon,Suburban/Traffic,Zaragoza
e1_rr_50008001_10_M,50008001_10_M,sarima,4,p90,28.473255813953493,0.0476190476190476,0.5,0.0869565217391304,0.0116279069767441,0.1220930232558139,50008001_10_M,Alagon,Suburban/Traffic,Zaragoza
e1_rr_50008001_10_M,50008001_10_M,sarima,5,abs_50,50.0,0.0,,,0.0,0.0056818181818181,50008001_10_M,Alagon,Suburban/Traffic,Zaragoza
e1_rr_50008001_10_M,50008001_10_M,sarima,5,p75,21.84857142857143,0.0238095238095238,0.25,0.0434782608695652,0.0228571428571428,0.24,50008001_10_M,Alagon,Suburban/Traffic,Zaragoza
e1_rr_50008001_10_M,50008001_10_M,sarima,5,p90,28.483428571428572,0.0,0.0,,0.0057142857142857,0.1085714285714285,50008001_10_M,Alagon,Suburban/Traffic,Zaragoza
e1_rr_50008001_10_M,50008001_10_M,sarima,6,abs_50,50.0,0.0,,,0.0,0.0057471264367816,50008001_10_M,Alagon,Suburban/Traffic,Zaragoza
e1_rr_50008001_10_M,50008001_10_M,sarima,6,p75,21.86127167630058,0.0,0.0,,0.0057803468208092,0.2254335260115607,50008001_10_M,Alagon,Suburban/Traffic,Zaragoza
e1_rr_50008001_10_M,50008001_10_M,sarima,6,p90,28.47341040462428,0.0,0.0,,0.0057803468208092,0.1271676300578034,50008001_10_M,Alagon,Suburban/Traffic,Zaragoza
e1_rr_50008001_10_M,50008001_10_M,sarima,7,abs_50,50.0,0.0,,,0.0,0.0172413793103448,50008001_10_M,Alagon,Suburban/Traffic,Zaragoza
e1_rr_50008001_10_M,50008001_10_M,sarima,7,p75,21.86127167630058,0.0217391304347826,0.5,0.0416666666666666,0.0115606936416184,0.2658959537572254,50008001_10_M,Alagon,Suburban/Traffic,Zaragoza
e1_rr_50008001_10_M,50008001_10_M,sarima,7,p90,28.47919075144509,0.0434782608695652,1.0,0.0833333333333333,0.0057803468208092,0.1329479768786127,50008001_10_M,Alagon,Suburban/Traffic,Zaragoza
e1_rr_50008001_10_M,50008001_10_M,seasonal_naive,1,abs_50,50.0,0.0833333333333333,0.0909090909090909,0.0869565217391304,0.0133010882708585,0.0145102781136638,50008001_10_M,Alagon,Suburban/Traffic,Zaragoza
e1_rr_50008001_10_M,50008001_10_M,seasonal_naive,1,p75,22.26556831922612,0.3707317073170731,0.3662650602409638,0.3684848484848484,0.250906892382104,0.2478839177750907,50008001_10_M,Alagon,Suburban/Traffic,Zaragoza
e1_rr_50008001_10_M,50008001_10_M,seasonal_naive,1,p90,29.397944377267233,0.1714285714285714,0.1675977653631284,0.1694915254237288,0.1082224909310761,0.1058041112454655,50008001_10_M,Alagon,Suburban/Traffic,Zaragoza
e1_rr_50008001_10_M,50008001_10_M,seasonal_naive,2,abs_50,50.0,0.0833333333333333,0.0833333333333333,0.0833333333333333,0.0145631067961165,0.0145631067961165,50008001_10_M,Alagon,Suburban/Traffic,Zaragoza
e1_rr_50008001_10_M,50008001_10_M,seasonal_naive,2,p75,22.265321601941743,0.3759213759213759,0.3686746987951807,0.3722627737226277,0.2518203883495146,0.2469660194174757,50008001_10_M,Alagon,Suburban/Traffic,Zaragoza
e1_rr_50008001_10_M,50008001_10_M,seasonal_naive,2,p90,29.398118932038837,0.1771428571428571,0.1761363636363636,0.1766381766381766,0.1067961165048543,0.1061893203883495,50008001_10_M,Alagon,Suburban/Traffic,Zaragoza
e1_rr_50008001_10_M,50008001_10_M,seasonal_naive,3,abs_50,50.0,0.08,0.0869565217391304,0.0833333333333333,0.0139817629179331,0.0151975683890577,50008001_10_M,Alagon,Suburban/Traffic,Zaragoza
e1_rr_50008001_10_M,50008001_10_M,seasonal_naive,3,p75,22.26580547112462,0.3694581280788177,0.3614457831325301,0.3654080389768575,0.2522796352583586,0.2468085106382978,50008001_10_M,Alagon,Suburban/Traffic,Zaragoza
e1_rr_50008001_10_M,50008001_10_M,seasonal_naive,3,p90,29.398176291793312,0.1731843575418994,0.1781609195402299,0.1756373937677053,0.1057750759878419,0.1088145896656535,50008001_10_M,Alagon,Suburban/Traffic,Zaragoza
e1_rr_50008001_10_M,50008001_10_M,seasonal_naive,4,abs_50,50.0,0.08,0.0869565217391304,0.0833333333333333,0.0140073081607795,0.015225334957369,50008001_10_M,Alagon,Suburban/Traffic,Zaragoza
e1_rr_50008001_10_M,50008001_10_M,seasonal_naive,4,p75,22.266138855054812,0.3679012345679012,0.360774818401937,0.3643031784841075,0.2515225334957369,0.2466504263093788,50008001_10_M,Alagon,Suburban/Traffic,Zaragoza
e1_rr_50008001_10_M,50008001_10_M,seasonal_naive,4,p90,29.398233861144952,0.1741573033707865,0.1771428571428571,0.1756373937677053,0.1065773447015834,0.1084043848964677,50008001_10_M,Alagon,Suburban/Traffic,Zaragoza
e1_rr_50008001_10_M,50008001_10_M,seasonal_naive,5,abs_50,50.0,0.08,0.0869565217391304,0.0833333333333333,0.0140329469188529,0.0152532031726662,50008001_10_M,Alagon,Suburban/Traffic,Zaragoza
e1_rr_50008001_10_M,50008001_10_M,seasonal_naive,5,p75,22.26632092739475,0.3679012345679012,0.3616504854368932,0.3647490820073439,0.2513727882855399,0.2471018913971934,50008001_10_M,Alagon,Suburban/Traffic,Zaragoza
e1_rr_50008001_10_M,50008001_10_M,seasonal_naive,5,p90,29.39884075655888,0.1797752808988764,0.1849710982658959,0.1823361823361823,0.1055521659548505,0.1086028065893837,50008001_10_M,Alagon,Suburban/Traffic,Zaragoza
e1_rr_50008001_10_M,50008001_10_M,seasonal_naive,6,abs_50,50.0,0.0833333333333333,0.0869565217391304,0.0851063829787234,0.0140500916310323,0.0146609651802076,50008001_10_M,Alagon,Suburban/Traffic,Zaragoza
e1_rr_50008001_10_M,50008001_10_M,seasonal_naive,6,p75,22.26679902260232,0.366093366093366,0.3616504854368932,0.3638583638583639,0.2516799022602321,0.2486255345143555,50008001_10_M,Alagon,Suburban/Traffic,Zaragoza
e1_rr_50008001_10_M,50008001_10_M,seasonal_naive,6,p90,29.39932803909591,0.1777777777777777,0.1860465116279069,0.1818181818181818,0.1050702504581551,0.1099572388515577,50008001_10_M,Alagon,Suburban/Traffic,Zaragoza
e1_rr_50008001_10_M,50008001_10_M,seasonal_naive,7,abs_50,50.0,0.0833333333333333,0.0869565217391304,0.0851063829787234,0.0140758873929008,0.01468788249694,50008001_10_M,Alagon,Suburban/Traffic,Zaragoza
e1_rr_50008001_10_M,50008001_10_M,seasonal_naive,7,p75,22.267288861689103,0.366093366093366,0.3616504854368932,0.3638583638583639,0.2521419828641371,0.2490820073439412,50008001_10_M,Alagon,Suburban/Traffic,Zaragoza
e1_rr_50008001_10_M,50008001_10_M,seasonal_naive,7,p90,29.39944920440637,0.1797752808988764,0.1849710982658959,0.1823361823361823,0.105875152998776,0.1089351285189718,50008001_10_M,Alagon,Suburban/Traffic,Zaragoza
e1_rr_50008001_10_M,50008001_10_M,stl_ridge_direct,1,abs_50,50.0,0.4166666666666667,0.0444444444444444,0.0803212851405622,0.1360338573155985,0.0145102781136638,50008001_10_M,Alagon,Suburban/Traffic,Zaragoza
e1_rr_50008001_10_M,50008001_10_M,stl_ridge_direct,1,p75,22.26556831922612,0.9682926829268292,0.2772346368715084,0.4310532030401737,0.8657799274486094,0.2478839177750907,50008001_10_M,Alagon,Suburban/Traffic,Zaragoza
e1_rr_50008001_10_M,50008001_10_M,stl_ridge_direct,1,p90,29.397944377267233,0.8914285714285715,0.1463414634146341,0.2514101531023368,0.6444981862152358,0.1058041112454655,50008001_10_M,Alagon,Suburban/Traffic,Zaragoza
e1_rr_50008001_10_M,50008001_10_M,stl_ridge_direct,2,abs_50,50.0,0.375,0.0403587443946188,0.0728744939271255,0.1353155339805825,0.0145631067961165,50008001_10_M,Alagon,Suburban/Traffic,Zaragoza
e1_rr_50008001_10_M,50008001_10_M,stl_ridge_direct,2,p75,22.265321601941743,0.9606879606879608,0.2700276243093922,0.4215633423180593,0.8786407766990292,0.2469660194174757,50008001_10_M,Alagon,Suburban/Traffic,Zaragoza
e1_rr_50008001_10_M,50008001_10_M,stl_ridge_direct,2,p90,29.398118932038837,0.8457142857142858,0.136405529953917,0.2349206349206349,0.658373786407767,0.1061893203883495,50008001_10_M,Alagon,Suburban/Traffic,Zaragoza
e1_rr_50008001_10_M,50008001_10_M,stl_ridge_direct,3,abs_50,50.0,0.32,0.0384615384615384,0.0686695278969957,0.1264437689969605,0.0151975683890577,50008001_10_M,Alagon,Suburban/Traffic,Zaragoza
e1_rr_50008001_10_M,50008001_10_M,stl_ridge_direct,3,p75,22.26580547112462,0.958128078817734,0.2655290102389078,0.4158204168893639,0.8905775075987842,0.2468085106382978,50008001_10_M,Alagon,Suburban/Traffic,Zaragoza
e1_rr_50008001_10_M,50008001_10_M,stl_ridge_direct,3,p90,29.398176291793312,0.8212290502793296,0.135110294117647,0.2320441988950276,0.6613981762917933,0.1088145896656535,50008001_10_M,Alagon,Suburban/Traffic,Zaragoza
e1_rr_50008001_10_M,50008001_10_M,stl_ridge_direct,4,abs_50,50.0,0.32,0.0402010050251256,0.0714285714285714,0.1211936662606577,0.015225334957369,50008001_10_M,Alagon,Suburban/Traffic,Zaragoza
e1_rr_50008001_10_M,50008001_10_M,stl_ridge_direct,4,p75,22.266138855054812,0.9580246913580248,0.2616318273769386,0.4110169491525423,0.9031668696711328,0.2466504263093788,50008001_10_M,Alagon,Suburban/Traffic,Zaragoza
e1_rr_50008001_10_M,50008001_10_M,stl_ridge_direct,4,p90,29.398233861144952,0.8314606741573034,0.1362799263351749,0.2341772151898734,0.6613885505481121,0.1084043848964677,50008001_10_M,Alagon,Suburban/Traffic,Zaragoza
e1_rr_50008001_10_M,50008001_10_M,stl_ridge_direct,5,abs_50,50.0,0.32,0.0423280423280423,0.0747663551401869,0.1153142159853569,0.0152532031726662,50008001_10_M,Alagon,Suburban/Traffic,Zaragoza
e1_rr_50008001_10_M,50008001_10_M,stl_ridge_direct,5,p75,22.26632092739475,0.9580246913580248,0.2584943371085942,0.4071353620146904,0.9158023184868822,0.2471018913971934,50008001_10_M,Alagon,Suburban/Traffic,Zaragoza
e1_rr_50008001_10_M,50008001_10_M,stl_ridge_direct,5,p90,29.39884075655888,0.8314606741573034,0.1355311355311355,0.2330708661417322,0.6662599145820622,0.1086028065893837,50008001_10_M,Alagon,Suburban/Traffic,Zaragoza
e1_rr_50008001_10_M,50008001_10_M,stl_ridge_direct,6,abs_50,50.0,0.25,0.0346820809248554,0.0609137055837563,0.1056811240073304,0.0146609651802076,50008001_10_M,Alagon,Suburban/Traffic,Zaragoza
e1_rr_50008001_10_M,50008001_10_M,stl_ridge_direct,6,p75,22.26679902260232,0.9705159705159704,0.2586771447282253,0.4084798345398138,0.9328039095907148,0.2486255345143555,50008001_10_M,Alagon,Suburban/Traffic,Zaragoza
e1_rr_50008001_10_M,50008001_10_M,stl_ridge_direct,6,p90,29.39932803909591,0.8555555555555555,0.1391147244805781,0.2393162393162393,0.67623701893708,0.1099572388515577,50008001_10_M,Alagon,Suburban/Traffic,Zaragoza
e1_rr_50008001_10_M,50008001_10_M,stl_ridge_direct,7,abs_50,50.0,0.25,0.0363636363636363,0.0634920634920634,0.1009791921664626,0.01468788249694,50008001_10_M,Alagon,Suburban/Traffic,Zaragoza
e1_rr_50008001_10_M,50008001_10_M,stl_ridge_direct,7,p75,22.267288861689103,0.9705159705159704,0.2571614583333333,0.406587750900669,0.9400244798041616,0.2490820073439412,50008001_10_M,Alagon,Suburban/Traffic,Zaragoza
e1_rr_50008001_10_M,50008001_10_M,stl_ridge_direct,7,p90,29.39944920440637,0.8595505617977528,0.136,0.2348426707597851,0.6884944920440637,0.1089351285189718,50008001_10_M,Alagon,Suburban/Traffic,Zaragoza
e1_rr_daily,daily,hgb_direct,1,abs_50,50.0,0.037037037037037,0.1,0.054054054054054,0.0078492935635792,0.021193092621664,03014002_10_M,Elx-Agroalimentari,Suburban/Industrial,Alicante
e1_rr_daily,daily,hgb_direct,1,p75,23.15835949764521,0.5155709342560554,0.5302491103202847,0.5228070175438597,0.2205651491365777,0.2268445839874411,03014002_10_M,Elx-Agroalimentari,Suburban/Industrial,Alicante
e1_rr_daily,daily,hgb_direct,1,p90,29.824803767660914,0.352,0.4583333333333333,0.3981900452488687,0.075353218210361,0.0981161695447409,03014002_10_M,Elx-Agroalimentari,Suburban/Industrial,Alicante
e1_rr_daily,daily,hgb_direct,2,abs_50,50.0,0.0,,,0.0,0.0207833733013589,03014002_10_M,Elx-Agroalimentari,Suburban/Industrial,Alicante
e1_rr_daily,daily,hgb_direct,2,p75,23.157274180655477,0.3066202090592334,0.3682008368200837,0.3346007604562737,0.1910471622701838,0.2294164668265387,03014002_10_M,Elx-Agroalimentari,Suburban/Industrial,Alicante
e1_rr_daily,daily,hgb_direct,2,p90,29.825579536370903,0.136,0.2463768115942029,0.1752577319587629,0.0551558752997601,0.0999200639488409,03014002_10_M,Elx-Agroalimentari,Suburban/Industrial,Alicante
e1_rr_daily,daily,hgb_direct,3,abs_50,50.0,0.0,,,0.0,0.0209508460918614,03014002_10_M,Elx-Agroalimentari,Suburban/Industrial,Alicante
e1_rr_daily,daily,hgb_direct,3,p75,23.158541498791298,0.2404181184668989,0.3285714285714285,0.2776659959758552,0.169218372280419,0.2312651087832393,03014002_10_M,Elx-Agroalimentari,Suburban/Industrial,Alicante
e1_rr_daily,daily,hgb_direct,3,p90,29.827074939564863,0.0393700787401574,0.1111111111111111,0.0581395348837209,0.0362610797743755,0.1023368251410153,03014002_10_M,Elx-Agroalimentari,Suburban/Industrial,Alicante
e1_rr_daily,daily,hgb_direct,4,abs_50,50.0,0.0,,,0.0,0.0218800648298217,03014002_10_M,Elx-Agroalimentari,Suburban/Industrial,Alicante
e1_rr_daily,daily,hgb_direct,4,p75,23.15944084278768,0.2260273972602739,0.2933333333333333,0.2553191489361702,0.1823338735818476,0.2366288492706645,03014002_10_M,Elx-Agroalimentari,Suburban/Industrial,Alicante
e1_rr_daily,daily,hgb_direct,4,p90,29.82828200972448,0.0078125,0.02,0.0112359550561797,0.0405186385737439,0.1037277147487844,03014002_10_M,Elx-Agroalimentari,Suburban/Industrial,Alicante
e1_rr_daily,daily,hgb_direct,5,abs_50,50.0,0.0,,,0.0,0.021172638436482,03014002_10_M,Elx-Agroalimentari,Suburban/Industrial,Alicante
e1_rr_daily,daily,hgb_direct,5,p75,23.16001628664495,0.2074829931972789,0.291866028708134,0.2425447316103379,0.1701954397394136,0.2394136807817589,03014002_10_M,Elx-Agroalimentari,Suburban/Industrial,Alicante
e1_rr_daily,daily,hgb_direct,5,p90,29.829153094462544,0.0465116279069767,0.1666666666666666,0.0727272727272727,0.0293159609120521,0.1050488599348534,03014002_10_M,Elx-Agroalimentari,Suburban/Industrial,Alicante
e1_rr_daily,daily,hgb_direct,6,abs_50,50.0,0.0,,,0.0,0.0204248366013071,03014002_10_M,Elx-Agroalimentari,Suburban/Industrial,Alicante
e1_rr_daily,daily,hgb_direct,6,p75,23.158496732026144,0.1924398625429553,0.2731707317073171,0.2258064516129032,0.1674836601307189,0.2377450980392156,03014002_10_M,Elx-Agroalimentari,Suburban/Industrial,Alicante
e1_rr_daily,daily,hgb_direct,6,p90,29.827124183006536,0.0307692307692307,0.1142857142857142,0.0484848484848484,0.02859477124183,0.1062091503267973,03014002_10_M,Elx-Agroalimentari,Suburban/Industrial,Alicante
e1_rr_daily,daily,hgb_direct,7,abs_50,50.0,0.0,,,0.0,0.0205761316872428,03014002_10_M,Elx-Agroalimentari,Suburban/Industrial,Alicante
e1_rr_daily,daily,hgb_direct,7,p75,23.149588477366255,0.1527777777777778,0.2256410256410256,0.1821946169772257,0.1604938271604938,0.237037037037037,03014002_10_M,Elx-Agroalimentari,Suburban/Industrial,Alicante
e1_rr_daily,daily,hgb_direct,7,p90,29.81160493827161,0.0384615384615384,0.131578947368421,0.0595238095238095,0.031275720164609,0.1069958847736625,03014002_10_M,Elx-Agroalimentari,Suburban/Industrial,Alicante
e1_rr_daily,daily,persistence,1,abs_50,50.0,0.3333333333333333,0.3103448275862069,0.3214285714285714,0.0227629513343799,0.021193092621664,03014002_10_M,Elx-Agroalimentari,Suburban/Industrial,Alicante
e1_rr_daily,daily,persistence,1,p75,23.15835949764521,0.5259515570934256,0.5352112676056338,0.5305410122164049,0.2229199372056514,0.2268445839874411,03014002_10_M,Elx-Agroalimentari,Suburban/Industrial,Alicante
e1_rr_daily,daily,persistence,1,p90,29.824803767660914,0.488,0.488,0.488,0.0981161695447409,0.0981161695447409,03014002_10_M,Elx-Agroalimentari,Suburban/Industrial,Alicante
e1_rr_daily,daily,persistence,2,abs_50,50.0,0.0769230769230769,0.0666666666666666,0.0714285714285714,0.0239808153477218,0.0207833733013589,03014002_10_M,Elx-Agroalimentari,Suburban/Industrial,Alicante
e1_rr_daily,daily,persistence,2,p75,23.157274180655477,0.3832752613240418,0.39568345323741,0.3893805309734514,0.2222222222222222,0.2294164668265387,03014002_10_M,Elx-Agroalimentari,Suburban/Industrial,Alicante
e1_rr_daily,daily,persistence,2,p90,29.825579536370903,0.312,0.319672131147541,0.3157894736842105,0.0975219824140687,0.0999200639488409,03014002_10_M,Elx-Agroalimentari,Suburban/Industrial,Alicante
e1_rr_daily,daily,persistence,3,abs_50,50.0,0.0769230769230769,0.064516129032258,0.0701754385964912,0.0249798549556809,0.0209508460918614,03014002_10_M,Elx-Agroalimentari,Suburban/Industrial,Alicante
e1_rr_daily,daily,persistence,3,p75,23.158541498791298,0.3344947735191638,0.3465703971119133,0.3404255319148936,0.2232070910556003,0.2312651087832393,03014002_10_M,Elx-Agroalimentari,Suburban/Industrial,Alicante
e1_rr_daily,daily,persistence,3,p90,29.827074939564863,0.2204724409448819,0.2295081967213114,0.2248995983935743,0.0983078162771958,0.1023368251410153,03014002_10_M,Elx-Agroalimentari,Suburban/Industrial,Alicante
e1_rr_daily,daily,persistence,4,abs_50,50.0,0.037037037037037,0.032258064516129,0.0344827586206896,0.0251215559157212,0.0218800648298217,03014002_10_M,Elx-Agroalimentari,Suburban/Industrial,Alicante
e1_rr_daily,daily,persistence,4,p75,23.15944084278768,0.3116438356164384,0.3273381294964029,0.3192982456140351,0.2252836304700162,0.2366288492706645,03014002_10_M,Elx-Agroalimentari,Suburban/Industrial,Alicante
e1_rr_daily,daily,persistence,4,p90,29.82828200972448,0.171875,0.176,0.1739130434782608,0.1012965964343598,0.1037277147487844,03014002_10_M,Elx-Agroalimentari,Suburban/Industrial,Alicante
e1_rr_daily,daily,persistence,5,abs_50,50.0,0.0,0.0,,0.02442996742671,0.021172638436482,03014002_10_M,Elx-Agroalimentari,Suburban/Industrial,Alicante
e1_rr_daily,daily,persistence,5,p75,23.16001628664495,0.3027210884353741,0.3189964157706093,0.3106457242582897,0.2271986970684039,0.2394136807817589,03014002_10_M,Elx-Agroalimentari,Suburban/Industrial,Alicante
e1_rr_daily,daily,persistence,5,p90,29.829153094462544,0.1317829457364341,0.136,0.1338582677165354,0.1017915309446254,0.1050488599348534,03014002_10_M,Elx-Agroalimentari,Suburban/Industrial,Alicante
e1_rr_daily,daily,persistence,6,abs_50,50.0,0.0,0.0,,0.0245098039215686,0.0204248366013071,03014002_10_M,Elx-Agroalimentari,Suburban/Industrial,Alicante
e1_rr_daily,daily,persistence,6,p75,23.158496732026144,0.274914089347079,0.2877697841726618,0.281195079086116,0.2271241830065359,0.2377450980392156,03014002_10_M,Elx-Agroalimentari,Suburban/Industrial,Alicante
e1_rr_daily,daily,persistence,6,p90,29.827124183006536,0.1615384615384615,0.168,0.1647058823529411,0.1021241830065359,0.1062091503267973,03014002_10_M,Elx-Agroalimentari,Suburban/Industrial,Alicante
e1_rr_daily,daily,persistence,7,abs_50,50.0,0.08,0.0769230769230769,0.0784313725490196,0.0213991769547325,0.0205761316872428,03014002_10_M,Elx-Agroalimentari,Suburban/Industrial,Alicante
e1_rr_daily,daily,persistence,7,p75,23.149588477366255,0.2951388888888889,0.3090909090909091,0.3019538188277087,0.2263374485596707,0.237037037037037,03014002_10_M,Elx-Agroalimentari,Suburban/Industrial,Alicante
e1_rr_daily,daily,persistence,7,p90,29.81160493827161,0.1615384615384615,0.1794871794871795,0.1700404858299595,0.0962962962962963,0.1069958847736625,03014002_10_M,Elx-Agroalimentari,Suburban/Industrial,Alicante
e1_rr_daily,daily,ridge_direct,1,abs_50,50.0,0.1851851851851851,0.5555555555555556,0.2777777777777778,0.0070643642072213,0.021193092621664,03014002_10_M,Elx-Agroalimentari,Suburban/Industrial,Alicante
e1_rr_daily,daily,ridge_direct,1,p75,23.15835949764521,0.3806228373702422,0.5527638190954773,0.4508196721311475,0.1562009419152276,0.2268445839874411,03014002_10_M,Elx-Agroalimentari,Suburban/Industrial,Alicante
e1_rr_daily,daily,ridge_direct,1,p90,29.824803767660914,0.28,0.6862745098039216,0.3977272727272727,0.0400313971742543,0.0981161695447409,03014002_10_M,Elx-Agroalimentari,Suburban/Industrial,Alicante
e1_rr_daily,daily,ridge_direct,2,abs_50,50.0,0.0,0.0,,0.0015987210231814,0.0207833733013589,03014002_10_M,Elx-Agroalimentari,Suburban/Industrial,Alicante
e1_rr_daily,daily,ridge_direct,2,p75,23.157274180655477,0.1672473867595819,0.5,0.2506527415143603,0.0767386091127098,0.2294164668265387,03014002_10_M,Elx-Agroalimentari,Suburban/Industrial,Alicante
e1_rr_daily,daily,ridge_direct,2,p90,29.825579536370903,0.032,0.2666666666666666,0.0571428571428571,0.0119904076738609,0.0999200639488409,03014002_10_M,Elx-Agroalimentari,Suburban/Industrial,Alicante
e1_rr_daily,daily,ridge_direct,3,abs_50,50.0,0.0,0.0,,0.0008058017727639,0.0209508460918614,03014002_10_M,Elx-Agroalimentari,Suburban/Industrial,Alicante
e1_rr_daily,daily,ridge_direct,3,p75,23.158541498791298,0.0905923344947735,0.4126984126984127,0.1485714285714285,0.0507655116841257,0.2312651087832393,03014002_10_M,Elx-Agroalimentari,Suburban/Industrial,Alicante
e1_rr_daily,daily,ridge_direct,3,p90,29.827074939564863,0.0157480314960629,0.1818181818181818,0.0289855072463768,0.0088638195004029,0.1023368251410153,03014002_10_M,Elx-Agroalimentari,Suburban/Industrial,Alicante
e1_rr_daily,daily,ridge_direct,4,abs_50,50.0,0.0,,,0.0,0.0218800648298217,03014002_10_M,Elx-Agroalimentari,Suburban/Industrial,Alicante
e1_rr_daily,daily,ridge_direct,4,p75,23.15944084278768,0.047945205479452,0.2641509433962264,0.081159420289855,0.0429497568881685,0.2366288492706645,03014002_10_M,Elx-Agroalimentari,Suburban/Industrial,Alicante
e1_rr_daily,daily,ridge_direct,4,p90,29.82828200972448,0.0078125,0.1428571428571428,0.0148148148148148,0.0056726094003241,0.1037277147487844,03014002_10_M,Elx-Agroalimentari,Suburban/Industrial,Alicante
e1_rr_daily,daily,ridge_direct,5,abs_50,50.0,0.0,0.0,,0.000814332247557,0.021172638436482,03014002_10_M,Elx-Agroalimentari,Suburban/Industrial,Alicante
e1_rr_daily,daily,ridge_direct,5,p75,23.16001628664495,0.0714285714285714,0.3559322033898305,0.1189801699716713,0.0480456026058631,0.2394136807817589,03014002_10_M,Elx-Agroalimentari,Suburban/Industrial,Alicante
e1_rr_daily,daily,ridge_direct,5,p90,29.829153094462544,0.0077519379844961,0.1428571428571428,0.0147058823529411,0.005700325732899,0.1050488599348534,03014002_10_M,Elx-Agroalimentari,Suburban/Industrial,Alicante
e1_rr_daily,daily,ridge_direct,6,abs_50,50.0,0.0,,,0.0,0.0204248366013071,03014002_10_M,Elx-Agroalimentari,Suburban/Industrial,Alicante
e1_rr_daily,daily,ridge_direct,6,p75,23.158496732026144,0.1134020618556701,0.3928571428571428,0.176,0.0686274509803921,0.2377450980392156,03014002_10_M,Elx-Agroalimentari,Suburban/Industrial,Alicante
e1_rr_daily,daily,ridge_direct,6,p90,29.827124183006536,0.0153846153846153,0.1538461538461538,0.0279720279720279,0.0106209150326797,0.1062091503267973,03014002_10_M,Elx-Agroalimentari,Suburban/Industrial,Alicante
e1_rr_daily,daily,ridge_direct,7,abs_50,50.0,0.0,,,0.0,0.0205761316872428,03014002_10_M,Elx-Agroalimentari,Suburban/Industrial,Alicante
e1_rr_daily,daily,ridge_direct,7,p75,23.149588477366255,0.125,0.4137931034482758,0.192,0.0716049382716049,0.237037037037037,03014002_10_M,Elx-Agroalimentari,Suburban/Industrial,Alicante
e1_rr_daily,daily,ridge_direct,7,p90,29.81160493827161,0.0153846153846153,0.2222222222222222,0.0287769784172661,0.0074074074074074,0.1069958847736625,03014002_10_M,Elx-Agroalimentari,Suburban/Industrial,Alicante
e1_rr_daily,daily,sarima,1,abs_50,50.0,0.0,,,0.0,0.0147058823529411,03014002_10_M,Elx-Agroalimentari,Suburban/Industrial,Alicante
e1_rr_daily,daily,sarima,1,p75,23.546296296296298,0.4375,0.6086956521739131,0.5090909090909091,0.1703703703703703,0.237037037037037,03014002_10_M,Elx-Agroalimentari,Suburban/Industrial,Alicante
e1_rr_daily,daily,sarima,1,p90,30.118518518518524,0.2307692307692307,1.0,0.375,0.0222222222222222,0.0962962962962963,03014002_10_M,Elx-Agroalimentari,Suburban/Industrial,Alicante
e1_rr_daily,daily,sarima,2,abs_50,50.0,0.0,,,0.0,0.0303030303030303,03014002_10_M,Elx-Agroalimentari,Suburban/Industrial,Alicante
e1_rr_daily,daily,sarima,2,p75,23.501908396946565,0.1111111111111111,0.375,0.1714285714285714,0.0610687022900763,0.2061068702290076,03014002_10_M,Elx-Agroalimentari,Suburban/Industrial,Alicante
e1_rr_daily,daily,sarima,2,p90,30.03282442748092,0.0,,,0.0,0.0916030534351145,03014002_10_M,Elx-Agroalimentari,Suburban/Industrial,Alicante
e1_rr_daily,daily,sarima,3,abs_50,50.0,0.0,,,0.0,0.0151515151515151,03014002_10_M,Elx-Agroalimentari,Suburban/Industrial,Alicante
e1_rr_daily,daily,sarima,3,p75,23.509541984732824,0.0,,,0.0,0.2290076335877862,03014002_10_M,Elx-Agroalimentari,Suburban/Industrial,Alicante
e1_rr_daily,daily,sarima,3,p90,30.041221374045804,0.0,,,0.0,0.0687022900763358,03014002_10_M,Elx-Agroalimentari,Suburban/Industrial,Alicante
e1_rr_daily,daily,sarima,4,abs_50,50.0,,,,0.0,0.0,03014002_10_M,Elx-Agroalimentari,Suburban/Industrial,Alicante
e1_rr_daily,daily,sarima,4,p75,23.49812030075188,0.0,,,0.0,0.2180451127819548,03014002_10_M,Elx-Agroalimentari,Suburban/Industrial,Alicante
e1_rr_daily,daily,sarima,4,p90,30.063909774436095,0.0,,,0.0,0.1052631578947368,03014002_10_M,Elx-Agroalimentari,Suburban/Industrial,Alicante
e1_rr_daily,daily,sarima,5,abs_50,50.0,0.0,,,0.0,0.0076923076923076,03014002_10_M,Elx-Agroalimentari,Suburban/Industrial,Alicante
e1_rr_daily,daily,sarima,5,p75,23.492248062015506,0.0,,,0.0,0.2170542635658914,03014002_10_M,Elx-Agroalimentari,Suburban/Industrial,Alicante
e1_rr_daily,daily,sarima,5,p90,30.039534883720933,0.0,,,0.0,0.0930232558139534,03014002_10_M,Elx-Agroalimentari,Suburban/Industrial,Alicante
e1_rr_daily,daily,sarima,6,abs_50,50.0,0.0,,,0.0,0.015625,03014002_10_M,Elx-Agroalimentari,Suburban/Industrial,Alicante
e1_rr_daily,daily,sarima,6,p75,23.492125984251967,0.0,,,0.0,0.2125984251968504,03014002_10_M,Elx-Agroalimentari,Suburban/Industrial,Alicante
e1_rr_daily,daily,sarima,6,p90,30.01968503937008,0.0,,,0.0,0.0866141732283464,03014002_10_M,Elx-Agroalimentari,Suburban/Industrial,Alicante
e1_rr_daily,daily,sarima,7,abs_50,50.0,0.0,,,0.0,0.0236220472440944,03014002_10_M,Elx-Agroalimentari,Suburban/Industrial,Alicante
e1_rr_daily,daily,sarima,7,p75,23.509920634920636,0.0,,,0.0,0.2222222222222222,03014002_10_M,Elx-Agroalimentari,Suburban/Industrial,Alicante
e1_rr_daily,daily,sarima,7,p90,30.111904761904764,0.0,,,0.0,0.119047619047619,03014002_10_M,Elx-Agroalimentari,Suburban/Industrial,Alicante
e1_rr_daily,daily,seasonal_naive,1,abs_50,50.0,0.074074074074074,0.054054054054054,0.0625,0.0290423861852433,0.021193092621664,03014002_10_M,Elx-Agroalimentari,Suburban/Industrial,Alicante
e1_rr_daily,daily,seasonal_naive,1,p75,23.15835949764521,0.2525951557093425,0.2425249169435216,0.247457627118644,0.2362637362637362,0.2268445839874411,03014002_10_M,Elx-Agroalimentari,Suburban/Industrial,Alicante
e1_rr_daily,daily,seasonal_naive,1,p90,29.824803767660914,0.128,0.1176470588235294,0.1226053639846743,0.1067503924646781,0.0981161695447409,03014002_10_M,Elx-Agroalimentari,Suburban/Industrial,Alicante
e1_rr_daily,daily,seasonal_naive,2,abs_50,50.0,0.0769230769230769,0.0588235294117647,0.0666666666666666,0.0271782573940847,0.0207833733013589,03014002_10_M,Elx-Agroalimentari,Suburban/Industrial,Alicante
e1_rr_daily,daily,seasonal_naive,2,p75,23.157274180655477,0.2473867595818815,0.2465277777777778,0.2469565217391304,0.2302158273381295,0.2294164668265387,03014002_10_M,Elx-Agroalimentari,Suburban/Industrial,Alicante
e1_rr_daily,daily,seasonal_naive,2,p90,29.825579536370903,0.128,0.1240310077519379,0.1259842519685039,0.1031175059952038,0.0999200639488409,03014002_10_M,Elx-Agroalimentari,Suburban/Industrial,Alicante
e1_rr_daily,daily,seasonal_naive,3,abs_50,50.0,0.0769230769230769,0.0588235294117647,0.0666666666666666,0.0273972602739726,0.0209508460918614,03014002_10_M,Elx-Agroalimentari,Suburban/Industrial,Alicante
e1_rr_daily,daily,seasonal_naive,3,p75,23.158541498791298,0.2578397212543554,0.2652329749103942,0.2614840989399293,0.2248186946011281,0.2312651087832393,03014002_10_M,Elx-Agroalimentari,Suburban/Industrial,Alicante
e1_rr_daily,daily,seasonal_naive,3,p90,29.827074939564863,0.1338582677165354,0.1370967741935483,0.1354581673306773,0.0999194198227236,0.1023368251410153,03014002_10_M,Elx-Agroalimentari,Suburban/Industrial,Alicante
e1_rr_daily,daily,seasonal_naive,4,abs_50,50.0,0.074074074074074,0.064516129032258,0.0689655172413793,0.0251215559157212,0.0218800648298217,03014002_10_M,Elx-Agroalimentari,Suburban/Industrial,Alicante
e1_rr_daily,daily,seasonal_naive,4,p75,23.15944084278768,0.2602739726027397,0.2825278810408922,0.2709447415329768,0.2179902755267423,0.2366288492706645,03014002_10_M,Elx-Agroalimentari,Suburban/Industrial,Alicante
e1_rr_daily,daily,seasonal_naive,4,p90,29.82828200972448,0.140625,0.1512605042016806,0.1457489878542509,0.0964343598055105,0.1037277147487844,03014002_10_M,Elx-Agroalimentari,Suburban/Industrial,Alicante
e1_rr_daily,daily,seasonal_naive,5,abs_50,50.0,0.0769230769230769,0.0666666666666666,0.0714285714285714,0.02442996742671,0.021172638436482,03014002_10_M,Elx-Agroalimentari,Suburban/Industrial,Alicante
e1_rr_daily,daily,seasonal_naive,5,p75,23.16001628664495,0.272108843537415,0.2962962962962963,0.2836879432624113,0.2198697068403908,0.2394136807817589,03014002_10_M,Elx-Agroalimentari,Suburban/Industrial,Alicante
e1_rr_daily,daily,seasonal_naive,5,p90,29.829153094462544,0.1395348837209302,0.1538461538461538,0.1463414634146341,0.0952768729641693,0.1050488599348534,03014002_10_M,Elx-Agroalimentari,Suburban/Industrial,Alicante
e1_rr_daily,daily,seasonal_naive,6,abs_50,50.0,0.08,0.0714285714285714,0.0754716981132075,0.022875816993464,0.0204248366013071,03014002_10_M,Elx-Agroalimentari,Suburban/Industrial,Alicante
e1_rr_daily,daily,seasonal_naive,6,p75,23.158496732026144,0.281786941580756,0.2992700729927007,0.2902654867256637,0.2238562091503268,0.2377450980392156,03014002_10_M,Elx-Agroalimentari,Suburban/Industrial,Alicante
e1_rr_daily,daily,seasonal_naive,6,p90,29.827124183006536,0.1538461538461538,0.1709401709401709,0.1619433198380566,0.0955882352941176,0.1062091503267973,03014002_10_M,Elx-Agroalimentari,Suburban/Industrial,Alicante
e1_rr_daily,daily,seasonal_naive,7,abs_50,50.0,0.08,0.0769230769230769,0.0784313725490196,0.0213991769547325,0.0205761316872428,03014002_10_M,Elx-Agroalimentari,Suburban/Industrial,Alicante
e1_rr_daily,daily,seasonal_naive,7,p75,23.149588477366255,0.2951388888888889,0.3090909090909091,0.3019538188277087,0.2263374485596707,0.237037037037037,03014002_10_M,Elx-Agroalimentari,Suburban/Industrial,Alicante
e1_rr_daily,daily,seasonal_naive,7,p90,29.81160493827161,0.1615384615384615,0.1794871794871795,0.1700404858299595,0.0962962962962963,0.1069958847736625,03014002_10_M,Elx-Agroalimentari,Suburban/Industrial,Alicante
e1_rr_daily,daily,stl_ridge_direct,1,abs_50,50.0,0.3703703703703703,0.0584795321637426,0.101010101010101,0.1342229199372056,0.021193092621664,03014002_10_M,Elx-Agroalimentari,Suburban/Industrial,Alicante
e1_rr_daily,daily,stl_ridge_direct,1,p75,23.15835949764521,0.9896193771626296,0.2312045270816491,0.3748361730013106,0.9709576138147566,0.2268445839874411,03014002_10_M,Elx-Agroalimentari,Suburban/Industrial,Alicante
e1_rr_daily,daily,stl_ridge_direct,1,p90,29.824803767660914,0.928,0.1086142322097378,0.1944677284157586,0.8383045525902669,0.0981161695447409,03014002_10_M,Elx-Agroalimentari,Suburban/Industrial,Alicante
e1_rr_daily,daily,stl_ridge_direct,2,abs_50,50.0,0.1923076923076923,0.032051282051282,0.0549450549450549,0.1247002398081534,0.0207833733013589,03014002_10_M,Elx-Agroalimentari,Suburban/Industrial,Alicante
e1_rr_daily,daily,stl_ridge_direct,2,p75,23.157274180655477,0.989547038327526,0.2305194805194805,0.3739302172481896,0.9848121502797762,0.2294164668265387,03014002_10_M,Elx-Agroalimentari,Suburban/Industrial,Alicante
e1_rr_daily,daily,stl_ridge_direct,2,p90,29.825579536370903,0.896,0.1038961038961039,0.1862011637572735,0.8617106314948042,0.0999200639488409,03014002_10_M,Elx-Agroalimentari,Suburban/Industrial,Alicante
e1_rr_daily,daily,stl_ridge_direct,3,abs_50,50.0,0.1153846153846153,0.0222222222222222,0.0372670807453416,0.1087832393231265,0.0209508460918614,03014002_10_M,Elx-Agroalimentari,Suburban/Industrial,Alicante
e1_rr_daily,daily,stl_ridge_direct,3,p75,23.158541498791298,0.9965156794425089,0.2319545823195458,0.3763157894736841,0.9935535858178888,0.2312651087832393,03014002_10_M,Elx-Agroalimentari,Suburban/Industrial,Alicante
e1_rr_daily,daily,stl_ridge_direct,3,p90,29.827074939564863,0.8976377952755905,0.1046831955922865,0.1875,0.8775181305398871,0.1023368251410153,03014002_10_M,Elx-Agroalimentari,Suburban/Industrial,Alicante
e1_rr_daily,daily,stl_ridge_direct,4,abs_50,50.0,0.1111111111111111,0.0232558139534883,0.0384615384615384,0.1045380875202593,0.0218800648298217,03014002_10_M,Elx-Agroalimentari,Suburban/Industrial,Alicante
e1_rr_daily,daily,stl_ridge_direct,4,p75,23.15944084278768,0.9965753424657534,0.2373572593800978,0.383399209486166,0.993517017828201,0.2366288492706645,03014002_10_M,Elx-Agroalimentari,Suburban/Industrial,Alicante
e1_rr_daily,daily,stl_ridge_direct,4,p90,29.82828200972448,0.90625,0.105742935278031,0.1893877551020408,0.8889789303079416,0.1037277147487844,03014002_10_M,Elx-Agroalimentari,Suburban/Industrial,Alicante
e1_rr_daily,daily,stl_ridge_direct,5,abs_50,50.0,0.1153846153846153,0.0238095238095238,0.0394736842105263,0.1026058631921824,0.021172638436482,03014002_10_M,Elx-Agroalimentari,Suburban/Industrial,Alicante
e1_rr_daily,daily,stl_ridge_direct,5,p75,23.16001628664495,1.0,0.2405891980360065,0.387862796833773,0.995114006514658,0.2394136807817589,03014002_10_M,Elx-Agroalimentari,Suburban/Industrial,Alicante
e1_rr_daily,daily,stl_ridge_direct,5,p90,29.829153094462544,0.8992248062015504,0.1053587647593097,0.1886178861788617,0.8965798045602605,0.1050488599348534,03014002_10_M,Elx-Agroalimentari,Suburban/Industrial,Alicante
e1_rr_daily,daily,stl_ridge_direct,6,abs_50,50.0,0.08,0.016260162601626,0.027027027027027,0.1004901960784313,0.0204248366013071,03014002_10_M,Elx-Agroalimentari,Suburban/Industrial,Alicante
e1_rr_daily,daily,stl_ridge_direct,6,p75,23.158496732026144,1.0,0.2387202625102543,0.3854304635761589,0.9959150326797386,0.2377450980392156,03014002_10_M,Elx-Agroalimentari,Suburban/Industrial,Alicante
e1_rr_daily,daily,stl_ridge_direct,6,p90,29.827124183006536,0.9076923076923076,0.1073703366696997,0.1920260374288039,0.8978758169934641,0.1062091503267973,03014002_10_M,Elx-Agroalimentari,Suburban/Industrial,Alicante
e1_rr_daily,daily,stl_ridge_direct,7,abs_50,50.0,0.08,0.0166666666666666,0.0275862068965517,0.0987654320987654,0.0205761316872428,03014002_10_M,Elx-Agroalimentari,Suburban/Industrial,Alicante
e1_rr_daily,daily,stl_ridge_direct,7,p75,23.149588477366255,1.0,0.2374278647980214,0.3837441705529646,0.9983539094650206,0.237037037037037,03014002_10_M,Elx-Agroalimentari,Suburban/Industrial,Alicante
e1_rr_daily,daily,stl_ridge_direct,7,p90,29.81160493827161,0.9076923076923076,0.1077625570776255,0.1926530612244897,0.9012345679012346,0.1069958847736625,03014002_10_M,Elx-Agroalimentari,Suburban/Industrial,Alicante
e1_rr_valencia_vivers,valencia_vivers,hgb_direct,1,abs_50,50.0,0.0,0.0,,0.0006761325219743,0.0141987829614604,46250043_10_M,Valencia-Vivers,Urban/Residential,Valencia
e1_rr_valencia_vivers,valencia_vivers,hgb_direct,1,p75,26.686950642325897,0.5232876712328767,0.6262295081967213,0.5701492537313433,0.2062204192021636,0.246788370520622,46250043_10_M,Valencia-Vivers,Urban/Residential,Valencia
e1_rr_valencia_vivers,valencia_vivers,hgb_direct,1,p90,33.93874239350913,0.2962962962962963,0.4938271604938271,0.3703703703703703,0.0547667342799188,0.0912778904665314,46250043_10_M,Valencia-Vivers,Urban/Residential,Valencia
e1_rr_valencia_vivers,valencia_vivers,hgb_direct,2,abs_50,50.0,0.0,,,0.0,0.0142857142857142,46250043_10_M,Valencia-Vivers,Urban/Residential,Valencia
e1_rr_valencia_vivers,valencia_vivers,hgb_direct,2,p75,26.68826530612245,0.2972222222222222,0.4953703703703703,0.3715277777777778,0.1469387755102041,0.2448979591836734,46250043_10_M,Valencia-Vivers,Urban/Residential,Valencia
e1_rr_valencia_vivers,valencia_vivers,hgb_direct,2,p90,33.94068027210884,0.0606060606060606,0.2758620689655172,0.0993788819875776,0.0197278911564625,0.0897959183673469,46250043_10_M,Valencia-Vivers,Urban/Residential,Valencia
e1_rr_valencia_vivers,valencia_vivers,hgb_direct,3,abs_50,50.0,0.0,,,0.0,0.0143737166324435,46250043_10_M,Valencia-Vivers,Urban/Residential,Valencia
e1_rr_valencia_vivers,valencia_vivers,hgb_direct,3,p75,26.689425051334705,0.2033898305084746,0.4363636363636363,0.2774566473988439,0.1129363449691991,0.2422997946611909,46250043_10_M,Valencia-Vivers,Urban/Residential,Valencia
e1_rr_valencia_vivers,valencia_vivers,hgb_direct,3,p90,33.941341546885695,0.023076923076923,0.1428571428571428,0.0397350993377483,0.0143737166324435,0.0889801505817932,46250043_10_M,Valencia-Vivers,Urban/Residential,Valencia
e1_rr_valencia_vivers,valencia_vivers,hgb_direct,4,abs_50,50.0,0.0,,,0.0,0.014442916093535,46250043_10_M,Valencia-Vivers,Urban/Residential,Valencia
e1_rr_valencia_vivers,valencia_vivers,hgb_direct,4,p75,26.691024759284733,0.188034188034188,0.4258064516129032,0.2608695652173913,0.1066024759284731,0.2414030261348005,46250043_10_M,Valencia-Vivers,Urban/Residential,Valencia
e1_rr_valencia_vivers,valencia_vivers,hgb_direct,4,p90,33.94339752407153,0.0232558139534883,0.1304347826086956,0.0394736842105263,0.0158184319119669,0.0887207702888583,46250043_10_M,Valencia-Vivers,Urban/Residential,Valencia
e1_rr_valencia_vivers,valencia_vivers,hgb_direct,5,abs_50,50.0,0.0,,,0.0,0.0152143845089903,46250043_10_M,Valencia-Vivers,Urban/Residential,Valencia
e1_rr_valencia_vivers,valencia_vivers,hgb_direct,5,p75,26.69173582295989,0.168091168091168,0.3511904761904761,0.2273603082851637,0.1161825726141078,0.2427385892116182,46250043_10_M,Valencia-Vivers,Urban/Residential,Valencia
e1_rr_valencia_vivers,valencia_vivers,hgb_direct,5,p90,33.94349930843707,0.0150375939849624,0.1176470588235294,0.0266666666666666,0.0117565698478561,0.0919778699861687,46250043_10_M,Valencia-Vivers,Urban/Residential,Valencia
e1_rr_valencia_vivers,valencia_vivers,hgb_direct,6,abs_50,50.0,0.0,,,0.0,0.015256588072122,46250043_10_M,Valencia-Vivers,Urban/Residential,Valencia
e1_rr_valencia_vivers,valencia_vivers,hgb_direct,6,p75,26.691747572815533,0.1556195965417867,0.3673469387755102,0.2186234817813765,0.1019417475728155,0.2406380027739251,46250043_10_M,Valencia-Vivers,Urban/Residential,Valencia
e1_rr_valencia_vivers,valencia_vivers,hgb_direct,6,p90,33.94500693481276,0.0,0.0,,0.015256588072122,0.0915395284327323,46250043_10_M,Valencia-Vivers,Urban/Residential,Valencia
e1_rr_valencia_vivers,valencia_vivers,hgb_direct,7,abs_50,50.0,0.0,,,0.0,0.0146443514644351,46250043_10_M,Valencia-Vivers,Urban/Residential,Valencia
e1_rr_valencia_vivers,valencia_vivers,hgb_direct,7,p75,26.690899581589957,0.1282798833819242,0.3358778625954198,0.1856540084388185,0.0913528591352859,0.2391910739191074,46250043_10_M,Valencia-Vivers,Urban/Residential,Valencia
e1_rr_valencia_vivers,valencia_vivers,hgb_direct,7,p90,33.944421199442125,0.0076923076923076,0.0476190476190476,0.0132450331125827,0.0146443514644351,0.0906555090655509,46250043_10_M,Valencia-Vivers,Urban/Residential,Valencia
e1_rr_valencia_vivers,valencia_vivers,persistence,1,abs_50,50.0,0.1904761904761904,0.2105263157894736,0.2,0.0128465179175118,0.0141987829614604,46250043_10_M,Valencia-Vivers,Urban/Residential,Valencia
e1_rr_valencia_vivers,valencia_vivers,persistence,1,p75,26.686950642325897,0.5780821917808219,0.5844875346260388,0.581267217630854,0.2440838404327248,0.246788370520622,46250043_10_M,Valencia-Vivers,Urban/Residential,Valencia
e1_rr_valencia_vivers,valencia_vivers,persistence,1,p90,33.93874239350913,0.4888888888888889,0.5038167938931297,0.4962406015037593,0.0885733603786342,0.0912778904665314,46250043_10_M,Valencia-Vivers,Urban/Residential,Valencia
e1_rr_valencia_vivers,valencia_vivers,persistence,2,abs_50,50.0,0.1904761904761904,0.2105263157894736,0.2,0.0129251700680272,0.0142857142857142,46250043_10_M,Valencia-Vivers,Urban/Residential,Valencia
e1_rr_valencia_vivers,valencia_vivers,persistence,2,p75,26.68826530612245,0.4611111111111111,0.4662921348314606,0.4636871508379888,0.2421768707482993,0.2448979591836734,46250043_10_M,Valencia-Vivers,Urban/Residential,Valencia
e1_rr_valencia_vivers,valencia_vivers,persistence,2,p90,33.94068027210884,0.2878787878787879,0.2945736434108527,0.2911877394636015,0.0877551020408163,0.0897959183673469,46250043_10_M,Valencia-Vivers,Urban/Residential,Valencia
e1_rr_valencia_vivers,valencia_vivers,persistence,3,abs_50,50.0,0.1428571428571428,0.1578947368421052,0.15,0.0130047912388774,0.0143737166324435,46250043_10_M,Valencia-Vivers,Urban/Residential,Valencia
e1_rr_valencia_vivers,valencia_vivers,persistence,3,p75,26.689425051334705,0.3926553672316384,0.3893557422969187,0.3909985935302391,0.24435318275154,0.2422997946611909,46250043_10_M,Valencia-Vivers,Urban/Residential,Valencia
e1_rr_valencia_vivers,valencia_vivers,persistence,3,p90,33.941341546885695,0.1846153846153846,0.1846153846153846,0.1846153846153846,0.0889801505817932,0.0889801505817932,46250043_10_M,Valencia-Vivers,Urban/Residential,Valencia
e1_rr_valencia_vivers,valencia_vivers,persistence,4,abs_50,50.0,0.0952380952380952,0.1052631578947368,0.1,0.0130674002751031,0.014442916093535,46250043_10_M,Valencia-Vivers,Urban/Residential,Valencia
e1_rr_valencia_vivers,valencia_vivers,persistence,4,p75,26.691024759284733,0.3646723646723647,0.3615819209039548,0.3631205673758865,0.2434662998624484,0.2414030261348005,46250043_10_M,Valencia-Vivers,Urban/Residential,Valencia
e1_rr_valencia_vivers,valencia_vivers,persistence,4,p90,33.94339752407153,0.1162790697674418,0.1171875,0.1167315175097276,0.0880330123796423,0.0887207702888583,46250043_10_M,Valencia-Vivers,Urban/Residential,Valencia
e1_rr_valencia_vivers,valencia_vivers,persistence,5,abs_50,50.0,0.0,0.0,,0.0131396957123098,0.0152143845089903,46250043_10_M,Valencia-Vivers,Urban/Residential,Valencia
e1_rr_valencia_vivers,valencia_vivers,persistence,5,p75,26.69173582295989,0.3418803418803419,0.3399433427762039,0.3409090909090909,0.2441217150760719,0.2427385892116182,46250043_10_M,Valencia-Vivers,Urban/Residential,Valencia
e1_rr_valencia_vivers,valencia_vivers,persistence,5,p90,33.94349930843707,0.0977443609022556,0.1015625,0.0996168582375479,0.0885200553250345,0.0919778699861687,46250043_10_M,Valencia-Vivers,Urban/Residential,Valencia
e1_rr_valencia_vivers,valencia_vivers,persistence,6,abs_50,50.0,0.0909090909090909,0.0952380952380952,0.0930232558139534,0.0145631067961165,0.015256588072122,46250043_10_M,Valencia-Vivers,Urban/Residential,Valencia
e1_rr_valencia_vivers,valencia_vivers,persistence,6,p75,26.691747572815533,0.3544668587896253,0.348441926345609,0.3514285714285714,0.2447988904299584,0.2406380027739251,46250043_10_M,Valencia-Vivers,Urban/Residential,Valencia
e1_rr_valencia_vivers,valencia_vivers,persistence,6,p90,33.94500693481276,0.1515151515151515,0.1526717557251908,0.1520912547528517,0.0908460471567267,0.0915395284327323,46250043_10_M,Valencia-Vivers,Urban/Residential,Valencia
e1_rr_valencia_vivers,valencia_vivers,persistence,7,abs_50,50.0,0.0476190476190476,0.05,0.048780487804878,0.0139470013947001,0.0146443514644351,46250043_10_M,Valencia-Vivers,Urban/Residential,Valencia
e1_rr_valencia_vivers,valencia_vivers,persistence,7,p75,26.690899581589957,0.3381924198250728,0.3304843304843304,0.3342939481268011,0.2447698744769874,0.2391910739191074,46250043_10_M,Valencia-Vivers,Urban/Residential,Valencia
e1_rr_valencia_vivers,valencia_vivers,persistence,7,p90,33.944421199442125,0.1384615384615384,0.1395348837209302,0.138996138996139,0.0899581589958159,0.0906555090655509,46250043_10_M,Valencia-Vivers,Urban/Residential,Valencia
e1_rr_valencia_vivers,valencia_vivers,ridge_direct,1,abs_50,50.0,0.1904761904761904,0.4,0.2580645161290322,0.006761325219743,0.0141987829614604,46250043_10_M,Valencia-Vivers,Urban/Residential,Valencia
e1_rr_valencia_vivers,valencia_vivers,ridge_direct,1,p75,26.686950642325897,0.5041095890410959,0.6411149825783972,0.5644171779141105,0.1940500338066261,0.246788370520622,46250043_10_M,Valencia-Vivers,Urban/Residential,Valencia
e1_rr_valencia_vivers,valencia_vivers,ridge_direct,1,p90,33.93874239350913,0.2518518518518518,0.5230769230769231,0.3399999999999999,0.0439486139283299,0.0912778904665314,46250043_10_M,Valencia-Vivers,Urban/Residential,Valencia
e1_rr_valencia_vivers,valencia_vivers,ridge_direct,2,abs_50,50.0,0.0476190476190476,0.5,0.0869565217391304,0.001360544217687,0.0142857142857142,46250043_10_M,Valencia-Vivers,Urban/Residential,Valencia
e1_rr_valencia_vivers,valencia_vivers,ridge_direct,2,p75,26.68826530612245,0.2722222222222222,0.4827586206896552,0.3481349911190052,0.1380952380952381,0.2448979591836734,46250043_10_M,Valencia-Vivers,Urban/Residential,Valencia
e1_rr_valencia_vivers,valencia_vivers,ridge_direct,2,p90,33.94068027210884,0.0378787878787878,0.238095238095238,0.065359477124183,0.0142857142857142,0.0897959183673469,46250043_10_M,Valencia-Vivers,Urban/Residential,Valencia
e1_rr_valencia_vivers,valencia_vivers,ridge_direct,3,abs_50,50.0,0.0476190476190476,1.0,0.0909090909090909,0.000684462696783,0.0143737166324435,46250043_10_M,Valencia-Vivers,Urban/Residential,Valencia
e1_rr_valencia_vivers,valencia_vivers,ridge_direct,3,p75,26.689425051334705,0.1836158192090395,0.4166666666666667,0.2549019607843137,0.1067761806981519,0.2422997946611909,46250043_10_M,Valencia-Vivers,Urban/Residential,Valencia
e1_rr_valencia_vivers,valencia_vivers,ridge_direct,3,p90,33.941341546885695,0.0076923076923076,0.0909090909090909,0.0141843971631205,0.0075290896646132,0.0889801505817932,46250043_10_M,Valencia-Vivers,Urban/Residential,Valencia
e1_rr_valencia_vivers,valencia_vivers,ridge_direct,4,abs_50,50.0,0.0,,,0.0,0.014442916093535,46250043_10_M,Valencia-Vivers,Urban/Residential,Valencia
e1_rr_valencia_vivers,valencia_vivers,ridge_direct,4,p75,26.691024759284733,0.131054131054131,0.4144144144144144,0.1991341991341991,0.0763411279229711,0.2414030261348005,46250043_10_M,Valencia-Vivers,Urban/Residential,Valencia
e1_rr_valencia_vivers,valencia_vivers,ridge_direct,4,p90,33.94339752407153,0.0,0.0,,0.0068775790921595,0.0887207702888583,46250043_10_M,Valencia-Vivers,Urban/Residential,Valencia
e1_rr_valencia_vivers,valencia_vivers,ridge_direct,5,abs_50,50.0,0.0,,,0.0,0.0152143845089903,46250043_10_M,Valencia-Vivers,Urban/Residential,Valencia
e1_rr_valencia_vivers,valencia_vivers,ridge_direct,5,p75,26.69173582295989,0.0997150997150997,0.3763440860215054,0.1576576576576576,0.0643153526970954,0.2427385892116182,46250043_10_M,Valencia-Vivers,Urban/Residential,Valencia
e1_rr_valencia_vivers,valencia_vivers,ridge_direct,5,p90,33.94349930843707,0.0,0.0,,0.0055325034578146,0.0919778699861687,46250043_10_M,Valencia-Vivers,Urban/Residential,Valencia
e1_rr_valencia_vivers,valencia_vivers,ridge_direct,6,abs_50,50.0,0.0,,,0.0,0.015256588072122,46250043_10_M,Valencia-Vivers,Urban/Residential,Valencia
e1_rr_valencia_vivers,valencia_vivers,ridge_direct,6,p75,26.691747572815533,0.1095100864553314,0.4175824175824176,0.1735159817351598,0.0631067961165048,0.2406380027739251,46250043_10_M,Valencia-Vivers,Urban/Residential,Valencia
e1_rr_valencia_vivers,valencia_vivers,ridge_direct,6,p90,33.94500693481276,0.0,0.0,,0.0048543689320388,0.0915395284327323,46250043_10_M,Valencia-Vivers,Urban/Residential,Valencia
e1_rr_valencia_vivers,valencia_vivers,ridge_direct,7,abs_50,50.0,0.0,,,0.0,0.0146443514644351,46250043_10_M,Valencia-Vivers,Urban/Residential,Valencia
e1_rr_valencia_vivers,valencia_vivers,ridge_direct,7,p75,26.690899581589957,0.075801749271137,0.3291139240506329,0.1232227488151658,0.0550906555090655,0.2391910739191074,46250043_10_M,Valencia-Vivers,Urban/Residential,Valencia
e1_rr_valencia_vivers,valencia_vivers,ridge_direct,7,p90,33.944421199442125,0.0,0.0,,0.004881450488145,0.0906555090655509,46250043_10_M,Valencia-Vivers,Urban/Residential,Valencia
e1_rr_valencia_vivers,valencia_vivers,sarima,1,abs_50,50.0,0.0,,,0.0,0.0121951219512195,46250043_10_M,Valencia-Vivers,Urban/Residential,Valencia
e1_rr_valencia_vivers,valencia_vivers,sarima,1,p75,26.553680981595093,0.5652173913043478,0.7027027027027027,0.6265060240963856,0.2269938650306748,0.2822085889570552,46250043_10_M,Valencia-Vivers,Urban/Residential,Valencia
e1_rr_valencia_vivers,valencia_vivers,sarima,1,p90,33.80613496932515,0.3333333333333333,0.8571428571428571,0.48,0.0429447852760736,0.1104294478527607,46250043_10_M,Valencia-Vivers,Urban/Residential,Valencia
e1_rr_valencia_vivers,valencia_vivers,sarima,2,abs_50,50.0,0.0,,,0.0,0.0124223602484472,46250043_10_M,Valencia-Vivers,Urban/Residential,Valencia
e1_rr_valencia_vivers,valencia_vivers,sarima,2,p75,26.5453125,0.3636363636363636,0.7272727272727273,0.4848484848484849,0.1375,0.275,46250043_10_M,Valencia-Vivers,Urban/Residential,Valencia
e1_rr_valencia_vivers,valencia_vivers,sarima,2,p90,33.80875,0.0,0.0,,0.00625,0.08125,46250043_10_M,Valencia-Vivers,Urban/Residential,Valencia
e1_rr_valencia_vivers,valencia_vivers,sarima,3,abs_50,50.0,0.0,,,0.0,0.0188679245283018,46250043_10_M,Valencia-Vivers,Urban/Residential,Valencia
e1_rr_valencia_vivers,valencia_vivers,sarima,3,p75,26.556962025316455,0.2162162162162162,0.8,0.3404255319148936,0.0632911392405063,0.2341772151898734,46250043_10_M,Valencia-Vivers,Urban/Residential,Valencia
e1_rr_valencia_vivers,valencia_vivers,sarima,3,p90,33.80632911392406,0.0,,,0.0,0.120253164556962,46250043_10_M,Valencia-Vivers,Urban/Residential,Valencia
e1_rr_valencia_vivers,valencia_vivers,sarima,4,abs_50,50.0,0.0,,,0.0,0.0127388535031847,46250043_10_M,Valencia-Vivers,Urban/Residential,Valencia
e1_rr_valencia_vivers,valencia_vivers,sarima,4,p75,26.54647435897436,0.0476190476190476,0.6666666666666666,0.0888888888888888,0.0192307692307692,0.2692307692307692,46250043_10_M,Valencia-Vivers,Urban/Residential,Valencia
e1_rr_valencia_vivers,valencia_vivers,sarima,4,p90,33.810256410256414,0.0,,,0.0,0.0769230769230769,46250043_10_M,Valencia-Vivers,Urban/Residential,Valencia
e1_rr_valencia_vivers,valencia_vivers,sarima,5,abs_50,50.0,0.0,,,0.0,0.0258064516129032,46250043_10_M,Valencia-Vivers,Urban/Residential,Valencia
e1_rr_valencia_vivers,valencia_vivers,sarima,5,p75,26.551948051948052,0.025,1.0,0.048780487804878,0.0064935064935064,0.2597402597402597,46250043_10_M,Valencia-Vivers,Urban/Residential,Valencia
e1_rr_valencia_vivers,valencia_vivers,sarima,5,p90,33.81103896103897,0.0,,,0.0,0.1103896103896103,46250043_10_M,Valencia-Vivers,Urban/Residential,Valencia
e1_rr_valencia_vivers,valencia_vivers,sarima,6,abs_50,50.0,0.0,,,0.0,0.006578947368421,46250043_10_M,Valencia-Vivers,Urban/Residential,Valencia
e1_rr_valencia_vivers,valencia_vivers,sarima,6,p75,26.5546357615894,0.0,,,0.0,0.2052980132450331,46250043_10_M,Valencia-Vivers,Urban/Residential,Valencia
e1_rr_valencia_vivers,valencia_vivers,sarima,6,p90,33.820529801324504,0.0,,,0.0,0.1125827814569536,46250043_10_M,Valencia-Vivers,Urban/Residential,Valencia
e1_rr_valencia_vivers,valencia_vivers,sarima,7,abs_50,50.0,0.0,,,0.0,0.0066666666666666,46250043_10_M,Valencia-Vivers,Urban/Residential,Valencia
e1_rr_valencia_vivers,valencia_vivers,sarima,7,p75,26.546979865771817,0.027027027027027,1.0,0.0526315789473684,0.0067114093959731,0.2483221476510067,46250043_10_M,Valencia-Vivers,Urban/Residential,Valencia
e1_rr_valencia_vivers,valencia_vivers,sarima,7,p90,33.83557046979866,0.0,,,0.0,0.0738255033557047,46250043_10_M,Valencia-Vivers,Urban/Residential,Valencia
e1_rr_valencia_vivers,valencia_vivers,seasonal_naive,1,abs_50,50.0,0.0476190476190476,0.0555555555555555,0.0512820512820512,0.0121703853955375,0.0141987829614604,46250043_10_M,Valencia-Vivers,Urban/Residential,Valencia
e1_rr_valencia_vivers,valencia_vivers,seasonal_naive,1,p75,26.686950642325897,0.3561643835616438,0.362116991643454,0.3591160220994474,0.2427315753887762,0.246788370520622,46250043_10_M,Valencia-Vivers,Urban/Residential,Valencia
e1_rr_valencia_vivers,valencia_vivers,seasonal_naive,1,p90,33.93874239350913,0.1555555555555555,0.1640625,0.1596958174904943,0.0865449628127112,0.0912778904665314,46250043_10_M,Valencia-Vivers,Urban/Residential,Valencia
e1_rr_valencia_vivers,valencia_vivers,seasonal_naive,2,abs_50,50.0,0.0476190476190476,0.0555555555555555,0.0512820512820512,0.0122448979591836,0.0142857142857142,46250043_10_M,Valencia-Vivers,Urban/Residential,Valencia
e1_rr_valencia_vivers,valencia_vivers,seasonal_naive,2,p75,26.68826530612245,0.35,0.3519553072625698,0.3509749303621169,0.2435374149659863,0.2448979591836734,46250043_10_M,Valencia-Vivers,Urban/Residential,Valencia
e1_rr_valencia_vivers,valencia_vivers,seasonal_naive,2,p90,33.94068027210884,0.1439393939393939,0.1484375,0.1461538461538461,0.0870748299319727,0.0897959183673469,46250043_10_M,Valencia-Vivers,Urban/Residential,Valencia
e1_rr_valencia_vivers,valencia_vivers,seasonal_naive,3,abs_50,50.0,0.0476190476190476,0.0555555555555555,0.0512820512820512,0.0123203285420944,0.0143737166324435,46250043_10_M,Valencia-Vivers,Urban/Residential,Valencia
e1_rr_valencia_vivers,valencia_vivers,seasonal_naive,3,p75,26.689425051334705,0.3333333333333333,0.3361823361823361,0.3347517730496454,0.2402464065708419,0.2422997946611909,46250043_10_M,Valencia-Vivers,Urban/Residential,Valencia
e1_rr_valencia_vivers,valencia_vivers,seasonal_naive,3,p90,33.941341546885695,0.1384615384615384,0.140625,0.1395348837209302,0.0876112251882272,0.0889801505817932,46250043_10_M,Valencia-Vivers,Urban/Residential,Valencia
e1_rr_valencia_vivers,valencia_vivers,seasonal_naive,4,abs_50,50.0,0.0476190476190476,0.0555555555555555,0.0512820512820512,0.0123796423658872,0.014442916093535,46250043_10_M,Valencia-Vivers,Urban/Residential,Valencia
e1_rr_valencia_vivers,valencia_vivers,seasonal_naive,4,p75,26.691024759284733,0.3304843304843304,0.3342939481268011,0.332378223495702,0.2386519944979367,0.2414030261348005,46250043_10_M,Valencia-Vivers,Urban/Residential,Valencia
e1_rr_valencia_vivers,valencia_vivers,seasonal_naive,4,p90,33.94339752407153,0.1395348837209302,0.1428571428571428,0.1411764705882353,0.0866574965612104,0.0887207702888583,46250043_10_M,Valencia-Vivers,Urban/Residential,Valencia
e1_rr_valencia_vivers,valencia_vivers,seasonal_naive,5,abs_50,50.0,0.0454545454545454,0.0555555555555555,0.0499999999999999,0.0124481327800829,0.0152143845089903,46250043_10_M,Valencia-Vivers,Urban/Residential,Valencia
e1_rr_valencia_vivers,valencia_vivers,seasonal_naive,5,p75,26.69173582295989,0.3247863247863248,0.3304347826086956,0.3275862068965517,0.2385892116182572,0.2427385892116182,46250043_10_M,Valencia-Vivers,Urban/Residential,Valencia
e1_rr_valencia_vivers,valencia_vivers,seasonal_naive,5,p90,33.94349930843707,0.1428571428571428,0.1507936507936507,0.1467181467181467,0.0871369294605809,0.0919778699861687,46250043_10_M,Valencia-Vivers,Urban/Residential,Valencia
e1_rr_valencia_vivers,valencia_vivers,seasonal_naive,6,abs_50,50.0,0.0454545454545454,0.0555555555555555,0.0499999999999999,0.0124826629680998,0.015256588072122,46250043_10_M,Valencia-Vivers,Urban/Residential,Valencia
e1_rr_valencia_vivers,valencia_vivers,seasonal_naive,6,p75,26.691747572815533,0.3285302593659942,0.3257142857142857,0.3271162123385939,0.2427184466019417,0.2406380027739251,46250043_10_M,Valencia-Vivers,Urban/Residential,Valencia
e1_rr_valencia_vivers,valencia_vivers,seasonal_naive,6,p90,33.94500693481276,0.1363636363636363,0.1417322834645669,0.138996138996139,0.0880721220527045,0.0915395284327323,46250043_10_M,Valencia-Vivers,Urban/Residential,Valencia
e1_rr_valencia_vivers,valencia_vivers,seasonal_naive,7,abs_50,50.0,0.0476190476190476,0.05,0.048780487804878,0.0139470013947001,0.0146443514644351,46250043_10_M,Valencia-Vivers,Urban/Residential,Valencia
e1_rr_valencia_vivers,valencia_vivers,seasonal_naive,7,p75,26.690899581589957,0.3381924198250728,0.3304843304843304,0.3342939481268011,0.2447698744769874,0.2391910739191074,46250043_10_M,Valencia-Vivers,Urban/Residential,Valencia
e1_rr_valencia_vivers,valencia_vivers,seasonal_naive,7,p90,33.944421199442125,0.1384615384615384,0.1395348837209302,0.138996138996139,0.0899581589958159,0.0906555090655509,46250043_10_M,Valencia-Vivers,Urban/Residential,Valencia
e1_rr_valencia_vivers,valencia_vivers,stl_ridge_direct,1,abs_50,50.0,0.6666666666666666,0.0324825986078886,0.0619469026548672,0.2914131169709263,0.0141987829614604,46250043_10_M,Valencia-Vivers,Urban/Residential,Valencia
e1_rr_valencia_vivers,valencia_vivers,stl_ridge_direct,1,p75,26.686950642325897,0.989041095890411,0.2584108804581245,0.4097616345062428,0.9445571331981067,0.246788370520622,46250043_10_M,Valencia-Vivers,Urban/Residential,Valencia
e1_rr_valencia_vivers,valencia_vivers,stl_ridge_direct,1,p90,33.93874239350913,0.9333333333333332,0.1037037037037037,0.1866666666666666,0.821501014198783,0.0912778904665314,46250043_10_M,Valencia-Vivers,Urban/Residential,Valencia
e1_rr_valencia_vivers,valencia_vivers,stl_ridge_direct,2,abs_50,50.0,0.5714285714285714,0.028235294117647,0.0538116591928251,0.2891156462585034,0.0142857142857142,46250043_10_M,Valencia-Vivers,Urban/Residential,Valencia
e1_rr_valencia_vivers,valencia_vivers,stl_ridge_direct,2,p75,26.68826530612245,0.9861111111111112,0.2530292230933713,0.4027226318774816,0.954421768707483,0.2448979591836734,46250043_10_M,Valencia-Vivers,Urban/Residential,Valencia
e1_rr_valencia_vivers,valencia_vivers,stl_ridge_direct,2,p90,33.94068027210884,0.9166666666666666,0.0989370400654129,0.1785977859778597,0.8319727891156462,0.0897959183673469,46250043_10_M,Valencia-Vivers,Urban/Residential,Valencia
e1_rr_valencia_vivers,valencia_vivers,stl_ridge_direct,3,abs_50,50.0,0.5238095238095238,0.0266343825665859,0.0506912442396313,0.2826830937713894,0.0143737166324435,46250043_10_M,Valencia-Vivers,Urban/Residential,Valencia
e1_rr_valencia_vivers,valencia_vivers,stl_ridge_direct,3,p75,26.689425051334705,0.9887005649717514,0.2496433666191155,0.398633257403189,0.9596167008898016,0.2422997946611909,46250043_10_M,Valencia-Vivers,Urban/Residential,Valencia
e1_rr_valencia_vivers,valencia_vivers,stl_ridge_direct,3,p90,33.941341546885695,0.8923076923076924,0.0949263502454991,0.1715976331360946,0.836413415468857,0.0889801505817932,46250043_10_M,Valencia-Vivers,Urban/Residential,Valencia
e1_rr_valencia_vivers,valencia_vivers,stl_ridge_direct,4,abs_50,50.0,0.5238095238095238,0.0278481012658227,0.0528846153846153,0.2716643741403026,0.014442916093535,46250043_10_M,Valencia-Vivers,Urban/Residential,Valencia
e1_rr_valencia_vivers,valencia_vivers,stl_ridge_direct,4,p75,26.691024759284733,0.9886039886039886,0.248211731044349,0.396798170383076,0.9614855570839064,0.2414030261348005,46250043_10_M,Valencia-Vivers,Urban/Residential,Valencia
e1_rr_valencia_vivers,valencia_vivers,stl_ridge_direct,4,p90,33.94339752407153,0.875968992248062,0.0920945395273023,0.1666666666666666,0.843878954607978,0.0887207702888583,46250043_10_M,Valencia-Vivers,Urban/Residential,Valencia
e1_rr_valencia_vivers,valencia_vivers,stl_ridge_direct,5,abs_50,50.0,0.4545454545454545,0.0259067357512953,0.0490196078431372,0.2669432918395574,0.0152143845089903,46250043_10_M,Valencia-Vivers,Urban/Residential,Valencia
e1_rr_valencia_vivers,valencia_vivers,stl_ridge_direct,5,p75,26.69173582295989,0.9886039886039886,0.249102656137832,0.3979357798165137,0.963347164591978,0.2427385892116182,46250043_10_M,Valencia-Vivers,Urban/Residential,Valencia
e1_rr_valencia_vivers,valencia_vivers,stl_ridge_direct,5,p90,33.94349930843707,0.9097744360902256,0.0975806451612903,0.1762563729060451,0.8575380359612724,0.0919778699861687,46250043_10_M,Valencia-Vivers,Urban/Residential,Valencia
e1_rr_valencia_vivers,valencia_vivers,stl_ridge_direct,6,abs_50,50.0,0.4545454545454545,0.0268096514745308,0.050632911392405,0.2586685159500693,0.015256588072122,46250043_10_M,Valencia-Vivers,Urban/Residential,Valencia
e1_rr_valencia_vivers,valencia_vivers,stl_ridge_direct,6,p75,26.691747572815533,0.9884726224783862,0.2467625899280575,0.3949337938975244,0.9639389736477116,0.2406380027739251,46250043_10_M,Valencia-Vivers,Urban/Residential,Valencia
e1_rr_valencia_vivers,valencia_vivers,stl_ridge_direct,6,p90,33.94500693481276,0.9166666666666666,0.0968,0.175108538350217,0.8668515950069348,0.0915395284327323,46250043_10_M,Valencia-Vivers,Urban/Residential,Valencia
e1_rr_valencia_vivers,valencia_vivers,stl_ridge_direct,7,abs_50,50.0,0.4761904761904761,0.0277008310249307,0.0523560209424083,0.2517433751743375,0.0146443514644351,46250043_10_M,Valencia-Vivers,Urban/Residential,Valencia
e1_rr_valencia_vivers,valencia_vivers,stl_ridge_direct,7,p75,26.690899581589957,0.9912536443148688,0.2442528735632184,0.3919308357348703,0.9707112970711296,0.2391910739191074,46250043_10_M,Valencia-Vivers,Urban/Residential,Valencia
e1_rr_valencia_vivers,valencia_vivers,stl_ridge_direct,7,p90,33.944421199442125,0.9076923076923076,0.0943245403677058,0.170890658942795,0.8723849372384938,0.0906555090655509,46250043_10_M,Valencia-Vivers,Urban/Residential,Valencia
e1_rr_zarra_emep,zarra_emep,hgb_direct,1,abs_50,50.0,0.0,,,0.0,0.0150375939849624,46263999_10_M,Zarra-EMEP,Rural Remote EMEP,Valencia
e1_rr_zarra_emep,zarra_emep,hgb_direct,1,p75,13.759569377990433,0.6925064599483204,0.694300518134715,0.6934023285899095,0.2638414217361586,0.264524948735475,46263999_10_M,Zarra-EMEP,Rural Remote EMEP,Valencia
e1_rr_zarra_emep,zarra_emep,hgb_direct,1,p90,18.349829118250177,0.4270833333333333,0.5290322580645161,0.4726224783861672,0.1059466848940533,0.1312371838687628,46263999_10_M,Zarra-EMEP,Rural Remote EMEP,Valencia
e1_rr_zarra_emep,zarra_emep,hgb_direct,2,abs_50,50.0,0.0,,,0.0,0.0143934201507882,46263999_10_M,Zarra-EMEP,Rural Remote EMEP,Valencia
e1_rr_zarra_emep,zarra_emep,hgb_direct,2,p75,13.760795065113092,0.5408163265306123,0.539440203562341,0.5401273885350318,0.2693625771076079,0.2686771761480466,46263999_10_M,Zarra-EMEP,Rural Remote EMEP,Valencia
e1_rr_zarra_emep,zarra_emep,hgb_direct,2,p90,18.35113091158328,0.1947368421052631,0.3894736842105263,0.2596491228070175,0.0651130911583276,0.1302261823166552,46263999_10_M,Zarra-EMEP,Rural Remote EMEP,Valencia
e1_rr_zarra_emep,zarra_emep,hgb_direct,3,abs_50,50.0,0.0,,,0.0,0.0151098901098901,46263999_10_M,Zarra-EMEP,Rural Remote EMEP,Valencia
e1_rr_zarra_emep,zarra_emep,hgb_direct,3,p75,13.7604739010989,0.473551637279597,0.4783715012722646,0.4759493670886076,0.2699175824175824,0.2726648351648351,46263999_10_M,Zarra-EMEP,Rural Remote EMEP,Valencia
e1_rr_zarra_emep,zarra_emep,hgb_direct,3,p90,18.352335164835168,0.0880829015544041,0.288135593220339,0.1349206349206349,0.040521978021978,0.132554945054945,46263999_10_M,Zarra-EMEP,Rural Remote EMEP,Valencia
e1_rr_zarra_emep,zarra_emep,hgb_direct,4,abs_50,50.0,0.0,,,0.0,0.0157967032967032,46263999_10_M,Zarra-EMEP,Rural Remote EMEP,Valencia
e1_rr_zarra_emep,zarra_emep,hgb_direct,4,p75,13.7604739010989,0.4181360201511335,0.4510869565217391,0.4339869281045751,0.2527472527472527,0.2726648351648351,46263999_10_M,Zarra-EMEP,Rural Remote EMEP,Valencia
e1_rr_zarra_emep,zarra_emep,hgb_direct,4,p90,18.351030219780224,0.0612244897959183,0.3076923076923077,0.1021276595744681,0.0267857142857142,0.1346153846153846,46263999_10_M,Zarra-EMEP,Rural Remote EMEP,Valencia
e1_rr_zarra_emep,zarra_emep,hgb_direct,5,abs_50,50.0,0.0,,,0.0,0.0165061898211829,46263999_10_M,Zarra-EMEP,Rural Remote EMEP,Valencia
e1_rr_zarra_emep,zarra_emep,hgb_direct,5,p75,13.760144429160936,0.3725,0.4613003095975232,0.4121715076071922,0.2221458046767538,0.2751031636863824,46263999_10_M,Zarra-EMEP,Rural Remote EMEP,Valencia
e1_rr_zarra_emep,zarra_emep,hgb_direct,5,p90,18.349931224209083,0.0505050505050505,0.2325581395348837,0.0829875518672199,0.0295735900962861,0.1361760660247593,46263999_10_M,Zarra-EMEP,Rural Remote EMEP,Valencia
e1_rr_zarra_emep,zarra_emep,hgb_direct,6,abs_50,50.0,0.0,,,0.0,0.0172294968986905,46263999_10_M,Zarra-EMEP,Rural Remote EMEP,Valencia
e1_rr_zarra_emep,zarra_emep,hgb_direct,6,p75,13.7605099931082,0.36,0.4376899696048632,0.3950617283950617,0.2267401791867677,0.2756719503790489,46263999_10_M,Zarra-EMEP,Rural Remote EMEP,Valencia
e1_rr_zarra_emep,zarra_emep,hgb_direct,6,p90,18.35044796691937,0.0202020202020202,0.1428571428571428,0.0353982300884955,0.0192970365265334,0.1364576154376292,46263999_10_M,Zarra-EMEP,Rural Remote EMEP,Valencia
e1_rr_zarra_emep,zarra_emep,hgb_direct,7,abs_50,50.0,0.0,,,0.0,0.017943409247757,46263999_10_M,Zarra-EMEP,Rural Remote EMEP,Valencia
e1_rr_zarra_emep,zarra_emep,hgb_direct,7,p75,13.760351966873706,0.3508771929824561,0.425531914893617,0.3846153846153846,0.2270531400966183,0.2753623188405797,46263999_10_M,Zarra-EMEP,Rural Remote EMEP,Valencia
e1_rr_zarra_emep,zarra_emep,hgb_direct,7,p90,18.350172532781233,0.0199004975124378,0.1290322580645161,0.0344827586206896,0.0213940648723257,0.1387163561076604,46263999_10_M,Zarra-EMEP,Rural Remote EMEP,Valencia
e1_rr_zarra_emep,zarra_emep,persistence,1,abs_50,50.0,0.2727272727272727,0.3,0.2857142857142856,0.0136705399863294,0.0150375939849624,46263999_10_M,Zarra-EMEP,Rural Remote EMEP,Valencia
e1_rr_zarra_emep,zarra_emep,persistence,1,p75,13.759569377990433,0.689922480620155,0.6971279373368147,0.6935064935064935,0.2617908407382092,0.264524948735475,46263999_10_M,Zarra-EMEP,Rural Remote EMEP,Valencia
e1_rr_zarra_emep,zarra_emep,persistence,1,p90,18.349829118250177,0.4947916666666667,0.5135135135135135,0.5039787798408488,0.1264524948735475,0.1312371838687628,46263999_10_M,Zarra-EMEP,Rural Remote EMEP,Valencia
e1_rr_zarra_emep,zarra_emep,persistence,2,abs_50,50.0,0.1428571428571428,0.15,0.1463414634146341,0.0137080191912268,0.0143934201507882,46263999_10_M,Zarra-EMEP,Rural Remote EMEP,Valencia
e1_rr_zarra_emep,zarra_emep,persistence,2,p75,13.760795065113092,0.5255102040816326,0.5364583333333334,0.5309278350515464,0.2631939684715558,0.2686771761480466,46263999_10_M,Zarra-EMEP,Rural Remote EMEP,Valencia
e1_rr_zarra_emep,zarra_emep,persistence,2,p90,18.35113091158328,0.3157894736842105,0.3225806451612903,0.3191489361702127,0.1274845784784098,0.1302261823166552,46263999_10_M,Zarra-EMEP,Rural Remote EMEP,Valencia
e1_rr_zarra_emep,zarra_emep,persistence,3,abs_50,50.0,0.0454545454545454,0.0454545454545454,0.0454545454545454,0.0151098901098901,0.0151098901098901,46263999_10_M,Zarra-EMEP,Rural Remote EMEP,Valencia
e1_rr_zarra_emep,zarra_emep,persistence,3,p75,13.7604739010989,0.4634760705289673,0.4804177545691906,0.4717948717948718,0.2630494505494505,0.2726648351648351,46263999_10_M,Zarra-EMEP,Rural Remote EMEP,Valencia
e1_rr_zarra_emep,zarra_emep,persistence,3,p90,18.352335164835168,0.2590673575129533,0.2659574468085106,0.2624671916010498,0.1291208791208791,0.132554945054945,46263999_10_M,Zarra-EMEP,Rural Remote EMEP,Valencia
e1_rr_zarra_emep,zarra_emep,persistence,4,abs_50,50.0,0.0,0.0,,0.0151098901098901,0.0157967032967032,46263999_10_M,Zarra-EMEP,Rural Remote EMEP,Valencia
e1_rr_zarra_emep,zarra_emep,persistence,4,p75,13.7604739010989,0.4382871536523929,0.4507772020725388,0.4444444444444444,0.2651098901098901,0.2726648351648351,46263999_10_M,Zarra-EMEP,Rural Remote EMEP,Valencia
e1_rr_zarra_emep,zarra_emep,persistence,4,p90,18.351030219780224,0.2346938775510204,0.2459893048128342,0.2402088772845953,0.1284340659340659,0.1346153846153846,46263999_10_M,Zarra-EMEP,Rural Remote EMEP,Valencia
e1_rr_zarra_emep,zarra_emep,persistence,5,abs_50,50.0,0.0,0.0,,0.015130674002751,0.0165061898211829,46263999_10_M,Zarra-EMEP,Rural Remote EMEP,Valencia
e1_rr_zarra_emep,zarra_emep,persistence,5,p75,13.760144429160936,0.425,0.4392764857881137,0.4320203303684879,0.266162310866575,0.2751031636863824,46263999_10_M,Zarra-EMEP,Rural Remote EMEP,Valencia
e1_rr_zarra_emep,zarra_emep,persistence,5,p90,18.349931224209083,0.2272727272727272,0.2393617021276596,0.233160621761658,0.1292984869325997,0.1361760660247593,46263999_10_M,Zarra-EMEP,Rural Remote EMEP,Valencia
e1_rr_zarra_emep,zarra_emep,persistence,6,abs_50,50.0,0.0,0.0,,0.0144727773949,0.0172294968986905,46263999_10_M,Zarra-EMEP,Rural Remote EMEP,Valencia
e1_rr_zarra_emep,zarra_emep,persistence,6,p75,13.7605099931082,0.4,0.4145077720207253,0.4071246819338422,0.2660234321157822,0.2756719503790489,46263999_10_M,Zarra-EMEP,Rural Remote EMEP,Valencia
e1_rr_zarra_emep,zarra_emep,persistence,6,p90,18.35044796691937,0.1919191919191919,0.2043010752688172,0.1979166666666666,0.1281874569262577,0.1364576154376292,46263999_10_M,Zarra-EMEP,Rural Remote EMEP,Valencia
e1_rr_zarra_emep,zarra_emep,persistence,7,abs_50,50.0,0.0,0.0,,0.0144927536231884,0.017943409247757,46263999_10_M,Zarra-EMEP,Rural Remote EMEP,Valencia
e1_rr_zarra_emep,zarra_emep,persistence,7,p75,13.760351966873706,0.3884711779448621,0.4036458333333333,0.3959131545338441,0.2650103519668737,0.2753623188405797,46263999_10_M,Zarra-EMEP,Rural Remote EMEP,Valencia
e1_rr_zarra_emep,zarra_emep,persistence,7,p90,18.350172532781233,0.1691542288557214,0.1837837837837838,0.1761658031088083,0.1276742581090407,0.1387163561076604,46263999_10_M,Zarra-EMEP,Rural Remote EMEP,Valencia
e1_rr_zarra_emep,zarra_emep,ridge_direct,1,abs_50,50.0,0.0909090909090909,0.4,0.1481481481481481,0.0034176349965823,0.0150375939849624,46263999_10_M,Zarra-EMEP,Rural Remote EMEP,Valencia
e1_rr_zarra_emep,zarra_emep,ridge_direct,1,p75,13.759569377990433,0.6692506459948321,0.7038043478260869,0.6860927152317879,0.251537935748462,0.264524948735475,46263999_10_M,Zarra-EMEP,Rural Remote EMEP,Valencia
e1_rr_zarra_emep,zarra_emep,ridge_direct,1,p90,18.349829118250177,0.3958333333333333,0.5801526717557252,0.4705882352941176,0.0895420369104579,0.1312371838687628,46263999_10_M,Zarra-EMEP,Rural Remote EMEP,Valencia
e1_rr_zarra_emep,zarra_emep,ridge_direct,2,abs_50,50.0,0.0,0.0,,0.0006854009595613,0.0143934201507882,46263999_10_M,Zarra-EMEP,Rural Remote EMEP,Valencia
e1_rr_zarra_emep,zarra_emep,ridge_direct,2,p75,13.760795065113092,0.4515306122448979,0.5479876160990712,0.495104895104895,0.2213845099383139,0.2686771761480466,46263999_10_M,Zarra-EMEP,Rural Remote EMEP,Valencia
e1_rr_zarra_emep,zarra_emep,ridge_direct,2,p90,18.35113091158328,0.2105263157894736,0.449438202247191,0.2867383512544803,0.0610006854009595,0.1302261823166552,46263999_10_M,Zarra-EMEP,Rural Remote EMEP,Valencia
e1_rr_zarra_emep,zarra_emep,ridge_direct,3,abs_50,50.0,0.0,,,0.0,0.0151098901098901,46263999_10_M,Zarra-EMEP,Rural Remote EMEP,Valencia
e1_rr_zarra_emep,zarra_emep,ridge_direct,3,p75,13.7604739010989,0.36272040302267,0.5070422535211268,0.4229074889867841,0.195054945054945,0.2726648351648351,46263999_10_M,Zarra-EMEP,Rural Remote EMEP,Valencia
e1_rr_zarra_emep,zarra_emep,ridge_direct,3,p90,18.352335164835168,0.1347150259067357,0.3376623376623376,0.1925925925925926,0.0528846153846153,0.132554945054945,46263999_10_M,Zarra-EMEP,Rural Remote EMEP,Valencia
e1_rr_zarra_emep,zarra_emep,ridge_direct,4,abs_50,50.0,0.0,,,0.0,0.0157967032967032,46263999_10_M,Zarra-EMEP,Rural Remote EMEP,Valencia
e1_rr_zarra_emep,zarra_emep,ridge_direct,4,p75,13.7604739010989,0.3148614609571788,0.4807692307692308,0.3805175038051751,0.1785714285714285,0.2726648351648351,46263999_10_M,Zarra-EMEP,Rural Remote EMEP,Valencia
e1_rr_zarra_emep,zarra_emep,ridge_direct,4,p90,18.351030219780224,0.0816326530612244,0.2461538461538461,0.1226053639846743,0.0446428571428571,0.1346153846153846,46263999_10_M,Zarra-EMEP,Rural Remote EMEP,Valencia
e1_rr_zarra_emep,zarra_emep,ridge_direct,5,abs_50,50.0,0.0,,,0.0,0.0165061898211829,46263999_10_M,Zarra-EMEP,Rural Remote EMEP,Valencia
e1_rr_zarra_emep,zarra_emep,ridge_direct,5,p75,13.760144429160936,0.2775,0.4512195121951219,0.3436532507739939,0.1691884456671251,0.2751031636863824,46263999_10_M,Zarra-EMEP,Rural Remote EMEP,Valencia
e1_rr_zarra_emep,zarra_emep,ridge_direct,5,p90,18.349931224209083,0.0707070707070707,0.2413793103448276,0.109375,0.0398899587345254,0.1361760660247593,46263999_10_M,Zarra-EMEP,Rural Remote EMEP,Valencia
e1_rr_zarra_emep,zarra_emep,ridge_direct,6,abs_50,50.0,0.0,,,0.0,0.0172294968986905,46263999_10_M,Zarra-EMEP,Rural Remote EMEP,Valencia
e1_rr_zarra_emep,zarra_emep,ridge_direct,6,p75,13.7605099931082,0.27,0.4481327800829875,0.3369734789391576,0.1660923501033769,0.2756719503790489,46263999_10_M,Zarra-EMEP,Rural Remote EMEP,Valencia
e1_rr_zarra_emep,zarra_emep,ridge_direct,6,p90,18.35044796691937,0.0909090909090909,0.3333333333333333,0.1428571428571428,0.0372157133011716,0.1364576154376292,46263999_10_M,Zarra-EMEP,Rural Remote EMEP,Valencia
e1_rr_zarra_emep,zarra_emep,ridge_direct,7,abs_50,50.0,0.0,,,0.0,0.017943409247757,46263999_10_M,Zarra-EMEP,Rural Remote EMEP,Valencia
e1_rr_zarra_emep,zarra_emep,ridge_direct,7,p75,13.760351966873706,0.2531328320802005,0.4279661016949153,0.3181102362204724,0.1628709454796411,0.2753623188405797,46263999_10_M,Zarra-EMEP,Rural Remote EMEP,Valencia
e1_rr_zarra_emep,zarra_emep,ridge_direct,7,p90,18.350172532781233,0.0796019900497512,0.3018867924528302,0.1259842519685039,0.0365769496204278,0.1387163561076604,46263999_10_M,Zarra-EMEP,Rural Remote EMEP,Valencia
e1_rr_zarra_emep,zarra_emep,sarima,1,abs_50,50.0,0.0,,,0.0,0.0118343195266272,46263999_10_M,Zarra-EMEP,Rural Remote EMEP,Valencia
e1_rr_zarra_emep,zarra_emep,sarima,1,p75,13.34672619047619,0.6956521739130435,0.7272727272727273,0.711111111111111,0.2619047619047619,0.2738095238095238,46263999_10_M,Zarra-EMEP,Rural Remote EMEP,Valencia
e1_rr_zarra_emep,zarra_emep,sarima,1,p90,17.64404761904762,0.4583333333333333,0.5789473684210527,0.5116279069767442,0.1130952380952381,0.1428571428571428,46263999_10_M,Zarra-EMEP,Rural Remote EMEP,Valencia
e1_rr_zarra_emep,zarra_emep,sarima,2,abs_50,50.0,0.0,,,0.0,0.0116279069767441,46263999_10_M,Zarra-EMEP,Rural Remote EMEP,Valencia
e1_rr_zarra_emep,zarra_emep,sarima,2,p75,13.346491228070176,0.3725490196078431,0.6551724137931034,0.475,0.1695906432748538,0.2982456140350877,46263999_10_M,Zarra-EMEP,Rural Remote EMEP,Valencia
e1_rr_zarra_emep,zarra_emep,sarima,2,p90,17.626900584795322,0.1739130434782608,0.6666666666666666,0.2758620689655172,0.0350877192982456,0.1345029239766081,46263999_10_M,Zarra-EMEP,Rural Remote EMEP,Valencia
e1_rr_zarra_emep,zarra_emep,sarima,3,abs_50,50.0,0.0,,,0.0,0.0172413793103448,46263999_10_M,Zarra-EMEP,Rural Remote EMEP,Valencia
e1_rr_zarra_emep,zarra_emep,sarima,3,p75,13.342485549132949,0.3958333333333333,0.475,0.4318181818181817,0.2312138728323699,0.2774566473988439,46263999_10_M,Zarra-EMEP,Rural Remote EMEP,Valencia
e1_rr_zarra_emep,zarra_emep,sarima,3,p90,17.636994219653182,0.1904761904761904,0.6666666666666666,0.2962962962962963,0.0346820809248554,0.1213872832369942,46263999_10_M,Zarra-EMEP,Rural Remote EMEP,Valencia
e1_rr_zarra_emep,zarra_emep,sarima,4,abs_50,50.0,0.0,,,0.0,0.0058823529411764,46263999_10_M,Zarra-EMEP,Rural Remote EMEP,Valencia
e1_rr_zarra_emep,zarra_emep,sarima,4,p75,13.3594674556213,0.24,0.6666666666666666,0.3529411764705882,0.1065088757396449,0.2958579881656805,46263999_10_M,Zarra-EMEP,Rural Remote EMEP,Valencia
e1_rr_zarra_emep,zarra_emep,sarima,4,p90,17.654437869822488,0.0384615384615384,1.0,0.074074074074074,0.0059171597633136,0.1538461538461538,46263999_10_M,Zarra-EMEP,Rural Remote EMEP,Valencia
e1_rr_zarra_emep,zarra_emep,sarima,5,abs_50,50.0,,,,0.0,0.0,46263999_10_M,Zarra-EMEP,Rural Remote EMEP,Valencia
e1_rr_zarra_emep,zarra_emep,sarima,5,p75,13.345588235294118,0.1111111111111111,0.6,0.1875,0.0588235294117647,0.3176470588235294,46263999_10_M,Zarra-EMEP,Rural Remote EMEP,Valencia
e1_rr_zarra_emep,zarra_emep,sarima,5,p90,17.62470588235294,0.0384615384615384,1.0,0.074074074074074,0.0058823529411764,0.1529411764705882,46263999_10_M,Zarra-EMEP,Rural Remote EMEP,Valencia
e1_rr_zarra_emep,zarra_emep,sarima,6,abs_50,50.0,,,,0.0,0.0,46263999_10_M,Zarra-EMEP,Rural Remote EMEP,Valencia
e1_rr_zarra_emep,zarra_emep,sarima,6,p75,13.331845238095235,0.0454545454545454,0.4,0.0816326530612245,0.0297619047619047,0.2619047619047619,46263999_10_M,Zarra-EMEP,Rural Remote EMEP,Valencia
e1_rr_zarra_emep,zarra_emep,sarima,6,p90,17.623214285714287,0.0526315789473684,1.0,0.1,0.0059523809523809,0.1130952380952381,46263999_10_M,Zarra-EMEP,Rural Remote EMEP,Valencia
e1_rr_zarra_emep,zarra_emep,sarima,7,abs_50,50.0,0.0,,,0.0,0.0174418604651162,46263999_10_M,Zarra-EMEP,Rural Remote EMEP,Valencia
e1_rr_zarra_emep,zarra_emep,sarima,7,p75,13.349415204678362,0.0238095238095238,0.2,0.0425531914893617,0.0292397660818713,0.2456140350877192,46263999_10_M,Zarra-EMEP,Rural Remote EMEP,Valencia
e1_rr_zarra_emep,zarra_emep,sarima,7,p90,17.632748538011697,0.0,,,0.0,0.1169590643274853,46263999_10_M,Zarra-EMEP,Rural Remote EMEP,Valencia
e1_rr_zarra_emep,zarra_emep,seasonal_naive,1,abs_50,50.0,0.0,0.0,,0.0177717019822283,0.0150375939849624,46263999_10_M,Zarra-EMEP,Rural Remote EMEP,Valencia
e1_rr_zarra_emep,zarra_emep,seasonal_naive,1,p75,13.759569377990433,0.421188630490956,0.3995098039215686,0.4100628930817609,0.278879015721121,0.264524948735475,46263999_10_M,Zarra-EMEP,Rural Remote EMEP,Valencia
e1_rr_zarra_emep,zarra_emep,seasonal_naive,1,p90,18.349829118250177,0.1822916666666666,0.1758793969849246,0.1790281329923273,0.1360218728639781,0.1312371838687628,46263999_10_M,Zarra-EMEP,Rural Remote EMEP,Valencia
e1_rr_zarra_emep,zarra_emep,seasonal_naive,2,abs_50,50.0,0.0,0.0,,0.0178204249485949,0.0143934201507882,46263999_10_M,Zarra-EMEP,Rural Remote EMEP,Valencia
e1_rr_zarra_emep,zarra_emep,seasonal_naive,2,p75,13.760795065113092,0.4209183673469387,0.4064039408866995,0.4135338345864662,0.2782727895819054,0.2686771761480466,46263999_10_M,Zarra-EMEP,Rural Remote EMEP,Valencia
e1_rr_zarra_emep,zarra_emep,seasonal_naive,2,p90,18.35113091158328,0.1894736842105263,0.1773399014778325,0.183206106870229,0.1391363947909527,0.1302261823166552,46263999_10_M,Zarra-EMEP,Rural Remote EMEP,Valencia
e1_rr_zarra_emep,zarra_emep,seasonal_naive,3,abs_50,50.0,0.0,0.0,,0.0157967032967032,0.0151098901098901,46263999_10_M,Zarra-EMEP,Rural Remote EMEP,Valencia
e1_rr_zarra_emep,zarra_emep,seasonal_naive,3,p75,13.7604739010989,0.4105793450881612,0.4116161616161616,0.4110970996216898,0.2719780219780219,0.2726648351648351,46263999_10_M,Zarra-EMEP,Rural Remote EMEP,Valencia
e1_rr_zarra_emep,zarra_emep,seasonal_naive,3,p90,18.352335164835168,0.1865284974093264,0.18,0.183206106870229,0.1373626373626373,0.132554945054945,46263999_10_M,Zarra-EMEP,Rural Remote EMEP,Valencia
e1_rr_zarra_emep,zarra_emep,seasonal_naive,4,abs_50,50.0,0.0,0.0,,0.0157967032967032,0.0157967032967032,46263999_10_M,Zarra-EMEP,Rural Remote EMEP,Valencia
e1_rr_zarra_emep,zarra_emep,seasonal_naive,4,p75,13.7604739010989,0.4055415617128463,0.4170984455958549,0.4112388250319285,0.2651098901098901,0.2726648351648351,46263999_10_M,Zarra-EMEP,Rural Remote EMEP,Valencia
e1_rr_zarra_emep,zarra_emep,seasonal_naive,4,p90,18.351030219780224,0.1683673469387755,0.171875,0.1701030927835051,0.1318681318681318,0.1346153846153846,46263999_10_M,Zarra-EMEP,Rural Remote EMEP,Valencia
e1_rr_zarra_emep,zarra_emep,seasonal_naive,5,abs_50,50.0,0.0,0.0,,0.0137551581843191,0.0165061898211829,46263999_10_M,Zarra-EMEP,Rural Remote EMEP,Valencia
e1_rr_zarra_emep,zarra_emep,seasonal_naive,5,p75,13.760144429160936,0.3925,0.4099216710182767,0.4010217113665389,0.2634112792297111,0.2751031636863824,46263999_10_M,Zarra-EMEP,Rural Remote EMEP,Valencia
e1_rr_zarra_emep,zarra_emep,seasonal_naive,5,p90,18.349931224209083,0.1666666666666666,0.1764705882352941,0.1714285714285714,0.1286107290233837,0.1361760660247593,46263999_10_M,Zarra-EMEP,Rural Remote EMEP,Valencia
e1_rr_zarra_emep,zarra_emep,seasonal_naive,6,abs_50,50.0,0.0,0.0,,0.0144727773949,0.0172294968986905,46263999_10_M,Zarra-EMEP,Rural Remote EMEP,Valencia
e1_rr_zarra_emep,zarra_emep,seasonal_naive,6,p75,13.7605099931082,0.395,0.4114583333333333,0.403061224489796,0.2646450723638869,0.2756719503790489,46263999_10_M,Zarra-EMEP,Rural Remote EMEP,Valencia
e1_rr_zarra_emep,zarra_emep,seasonal_naive,6,p90,18.35044796691937,0.1717171717171717,0.1808510638297872,0.1761658031088083,0.129565816678153,0.1364576154376292,46263999_10_M,Zarra-EMEP,Rural Remote EMEP,Valencia
e1_rr_zarra_emep,zarra_emep,seasonal_naive,7,abs_50,50.0,0.0,0.0,,0.0144927536231884,0.017943409247757,46263999_10_M,Zarra-EMEP,Rural Remote EMEP,Valencia
e1_rr_zarra_emep,zarra_emep,seasonal_naive,7,p75,13.760351966873706,0.3884711779448621,0.4036458333333333,0.3959131545338441,0.2650103519668737,0.2753623188405797,46263999_10_M,Zarra-EMEP,Rural Remote EMEP,Valencia
e1_rr_zarra_emep,zarra_emep,seasonal_naive,7,p90,18.350172532781233,0.1691542288557214,0.1837837837837838,0.1761658031088083,0.1276742581090407,0.1387163561076604,46263999_10_M,Zarra-EMEP,Rural Remote EMEP,Valencia
e1_rr_zarra_emep,zarra_emep,stl_ridge_direct,1,abs_50,50.0,0.1363636363636363,0.046875,0.0697674418604651,0.0437457279562542,0.0150375939849624,46263999_10_M,Zarra-EMEP,Rural Remote EMEP,Valencia
e1_rr_zarra_emep,zarra_emep,stl_ridge_direct,1,p75,13.759569377990433,0.979328165374677,0.3116776315789473,0.4728633811603243,0.8311688311688312,0.264524948735475,46263999_10_M,Zarra-EMEP,Rural Remote EMEP,Valencia
e1_rr_zarra_emep,zarra_emep,stl_ridge_direct,1,p90,18.349829118250177,0.9010416666666666,0.1852248394004282,0.3072824156305506,0.6384142173615858,0.1312371838687628,46263999_10_M,Zarra-EMEP,Rural Remote EMEP,Valencia
e1_rr_zarra_emep,zarra_emep,stl_ridge_direct,2,abs_50,50.0,0.0,0.0,,0.0390678546949965,0.0143934201507882,46263999_10_M,Zarra-EMEP,Rural Remote EMEP,Valencia
e1_rr_zarra_emep,zarra_emep,stl_ridge_direct,2,p75,13.760795065113092,0.9770408163265306,0.3042096902303415,0.4639612356147789,0.8629198080877313,0.2686771761480466,46263999_10_M,Zarra-EMEP,Rural Remote EMEP,Valencia
e1_rr_zarra_emep,zarra_emep,stl_ridge_direct,2,p90,18.35113091158328,0.8368421052631579,0.168076109936575,0.2799295774647887,0.6483893077450309,0.1302261823166552,46263999_10_M,Zarra-EMEP,Rural Remote EMEP,Valencia
e1_rr_zarra_emep,zarra_emep,stl_ridge_direct,3,abs_50,50.0,0.0,0.0,,0.0343406593406593,0.0151098901098901,46263999_10_M,Zarra-EMEP,Rural Remote EMEP,Valencia
e1_rr_zarra_emep,zarra_emep,stl_ridge_direct,3,p75,13.7604739010989,0.9748110831234256,0.3014018691588785,0.4604402141582391,0.8818681318681318,0.2726648351648351,46263999_10_M,Zarra-EMEP,Rural Remote EMEP,Valencia
e1_rr_zarra_emep,zarra_emep,stl_ridge_direct,3,p90,18.352335164835168,0.8134715025906736,0.1661375661375661,0.2759226713532513,0.6490384615384616,0.132554945054945,46263999_10_M,Zarra-EMEP,Rural Remote EMEP,Valencia
e1_rr_zarra_emep,zarra_emep,stl_ridge_direct,4,abs_50,50.0,0.0,0.0,,0.0336538461538461,0.0157967032967032,46263999_10_M,Zarra-EMEP,Rural Remote EMEP,Valencia
e1_rr_zarra_emep,zarra_emep,stl_ridge_direct,4,p75,13.7604739010989,0.9722921914357684,0.2969230769230769,0.4549204478491456,0.8928571428571429,0.2726648351648351,46263999_10_M,Zarra-EMEP,Rural Remote EMEP,Valencia
e1_rr_zarra_emep,zarra_emep,stl_ridge_direct,4,p90,18.351030219780224,0.8163265306122449,0.1670146137787056,0.2772963604852686,0.657967032967033,0.1346153846153846,46263999_10_M,Zarra-EMEP,Rural Remote EMEP,Valencia
e1_rr_zarra_emep,zarra_emep,stl_ridge_direct,5,abs_50,50.0,0.0,0.0,,0.0323246217331499,0.0165061898211829,46263999_10_M,Zarra-EMEP,Rural Remote EMEP,Valencia
e1_rr_zarra_emep,zarra_emep,stl_ridge_direct,5,p75,13.760144429160936,0.97,0.2991518889745567,0.4572775486152033,0.8920220082530949,0.2751031636863824,46263999_10_M,Zarra-EMEP,Rural Remote EMEP,Valencia
e1_rr_zarra_emep,zarra_emep,stl_ridge_direct,5,p90,18.349931224209083,0.8131313131313131,0.1678832116788321,0.2783059636992221,0.6595598349381018,0.1361760660247593,46263999_10_M,Zarra-EMEP,Rural Remote EMEP,Valencia
e1_rr_zarra_emep,zarra_emep,stl_ridge_direct,6,abs_50,50.0,0.0,0.0,,0.0296347346657477,0.0172294968986905,46263999_10_M,Zarra-EMEP,Rural Remote EMEP,Valencia
e1_rr_zarra_emep,zarra_emep,stl_ridge_direct,6,p75,13.7605099931082,0.9675,0.2963246554364471,0.4536928487690504,0.9000689179875948,0.2756719503790489,46263999_10_M,Zarra-EMEP,Rural Remote EMEP,Valencia
e1_rr_zarra_emep,zarra_emep,stl_ridge_direct,6,p90,18.35044796691937,0.797979797979798,0.1650992685475444,0.2735930735930736,0.6595451412818746,0.1364576154376292,46263999_10_M,Zarra-EMEP,Rural Remote EMEP,Valencia
e1_rr_zarra_emep,zarra_emep,stl_ridge_direct,7,abs_50,50.0,0.0,0.0,,0.0296756383712905,0.017943409247757,46263999_10_M,Zarra-EMEP,Rural Remote EMEP,Valencia
e1_rr_zarra_emep,zarra_emep,stl_ridge_direct,7,p75,13.760351966873706,0.9674185463659148,0.293983244478294,0.4509345794392523,0.9061421670117322,0.2753623188405797,46263999_10_M,Zarra-EMEP,Rural Remote EMEP,Valencia
e1_rr_zarra_emep,zarra_emep,stl_ridge_direct,7,p90,18.350172532781233,0.835820895522388,0.1740932642487046,0.288164665523156,0.665976535541753,0.1387163561076604,46263999_10_M,Zarra-EMEP,Rural Remote EMEP,Valencia
