dataset,model,horizon,mse,bias_sq,cond_bias_sq,irreducible_sq,rho,std_pred_ug,std_true_ug,alpha
e1_rr_08019004_10_M,hgb_direct,1,44.14375385060723,0.8940502522106615,0.7952597232000878,42.45444387519646,0.5920228136840662,5.6781562571264015,8.084794686695023,0.49326089709889387
e1_rr_08019004_10_M,hgb_direct,2,61.25138069306449,2.5121460635732773,1.0249931355029647,57.71424149398826,0.3536756001699183,3.88494578260968,8.121923974407359,0.22879792667968596
e1_rr_08019004_10_M,hgb_direct,3,73.56655120447657,3.8349447162597734,2.950835097203152,66.78077139101363,0.22046095053833942,3.5648403802853177,8.378086382422694,0.18104665677537796
e1_rr_08019004_10_M,hgb_direct,4,75.55037696601113,4.589540880926258,2.8392665997644015,68.12156948532046,0.2083545310961809,3.4432708194719512,8.438782041950304,0.16648795704724106
e1_rr_08019004_10_M,hgb_direct,5,76.35617904790821,4.263315001214678,3.456864438514676,68.63599960817885,0.18399182347974813,3.410054154378533,8.428579251315709,0.16368685428802543
e1_rr_08019004_10_M,hgb_direct,6,75.16901182376654,3.7715185924803754,2.986686753343493,68.41080647794266,0.19542110835177742,3.3763241668911665,8.433688918117635,0.1602703255826597
e1_rr_08019004_10_M,hgb_direct,7,77.17774981378874,3.8218779642963283,3.5028218703692864,69.85304997912309,0.1663201656198131,3.2812903626370438,8.47586724898587,0.1498721832153405
e1_rr_08019004_10_M,persistence,1,53.56368537666175,0.0031754972956105523,11.368906567960183,42.19160331140596,0.5954092711061981,8.185542630778691,8.084794686695023,1.0250781074221793
e1_rr_08019004_10_M,persistence,2,83.11393466963622,0.005790452979455263,26.386456231534346,56.721687985122415,0.3743433596732174,8.177163193793929,8.121923974407359,1.013648753023813
e1_rr_08019004_10_M,persistence,3,99.38133630289532,0.00010802415552394068,34.491515417586044,64.88971286115374,0.2748529232579736,8.17568929572147,8.378086382422694,0.952267777649765
e1_rr_08019004_10_M,persistence,4,110.71313011152415,0.0026013791959758913,42.09074973064109,68.6197790016871,0.1908286338291173,8.098099662412752,8.438782041950304,0.9208877471999852
e1_rr_08019004_10_M,persistence,5,113.04755787901418,0.00045621642002081637,44.28192817079057,68.7651734918036,0.178982371512881,8.163033886240916,8.428579251315709,0.9379818811588121
e1_rr_08019004_10_M,persistence,6,109.7438155922039,0.0007404599799051424,41.405779397424375,68.3372957347996,0.19804777683345762,8.10500561158086,8.433688918117635,0.9235735446299949
e1_rr_08019004_10_M,persistence,7,114.04587528174305,0.008264462809917826,44.48002304778303,69.5575877711501,0.17825588389069263,8.18020773631386,8.47586724898587,0.9314517720999232
e1_rr_08019004_10_M,ridge_direct,1,43.935523646352316,1.0670253939836143,0.4042863292516198,42.46421192311707,0.5918965880232853,5.421197533063378,8.084794686695023,0.4496270936663593
e1_rr_08019004_10_M,ridge_direct,2,59.408878571969375,3.2439512065302387,0.015729620915215764,56.14919774452394,0.3857610172557584,3.258539439923342,8.121923974407359,0.16096376576425495
e1_rr_08019004_10_M,ridge_direct,3,68.06021905504272,4.455358254204043,0.031389496728374114,63.573471304110306,0.3070766314665735,2.7498853567428028,8.378086382422694,0.10773070677422433
e1_rr_08019004_10_M,ridge_direct,4,72.07774219371156,5.263715096352354,0.15032401272709323,66.6637030846321,0.25275187892270107,2.520634424528334,8.438782041950304,0.08921958242919564
e1_rr_08019004_10_M,ridge_direct,5,73.03833154763416,5.725848809451788,0.18959066360085042,67.12289207458151,0.23484480170164487,2.414828123036006,8.428579251315709,0.08208498073168695
e1_rr_08019004_10_M,ridge_direct,6,72.9122103401896,5.570546945828343,0.15627409210121349,67.18538930226006,0.23541020106569635,2.3806915846514207,8.433688918117635,0.07968399839996634
e1_rr_08019004_10_M,ridge_direct,7,74.13013970008406,5.214421524795313,0.32893440069997043,68.58678377458875,0.21281099020327693,2.3772857316560487,8.47586724898587,0.07866734178847912
e1_rr_08019004_10_M,sarima,1,39.98795281387877,0.6595865937820247,2.590473324631845,36.737892895464896,0.6131257295394351,6.313714812311854,7.67252105667227,0.6771638168436921
e1_rr_08019004_10_M,sarima,2,87.58282106303146,0.11449944472510964,0.38881736058085514,87.07950425772549,0.35865710400160666,4.208949908476924,9.996728509995439,0.17726856081321574
e1_rr_08019004_10_M,sarima,3,89.84047464984178,0.04835599687558304,0.04370218483784806,89.74841646812838,0.3328937801867044,3.135392431994976,10.046577335887713,0.0973974413707909
e1_rr_08019004_10_M,sarima,4,91.11592018893087,0.1880518554147095,0.023739059929966982,90.9041292735862,0.29730807151234917,2.8148175820937937,9.98591265519048,0.07945568645265172
e1_rr_08019004_10_M,sarima,5,71.37324796440335,0.2638178086797125,0.784535196924583,70.32489495879905,0.3488410134394645,2.2357230380843323,8.948096217963121,0.06242732319535398
e1_rr_08019004_10_M,sarima,6,65.299559459661,0.003355369022349658,0.7375276488339187,64.55867644180474,0.1996629420326107,2.4960205155398993,8.199950373284631,0.09265606520691769
e1_rr_08019004_10_M,sarima,7,65.35285474236514,0.44080858496856046,2.13423905963561,62.77780709776097,0.16288232739547298,2.768928061352674,8.030487863758974,0.11888840073720566
e1_rr_08019004_10_M,seasonal_naive,1,109.89660265878878,0.0007306759991186285,46.21923000149154,63.6766419812981,0.16066542035668757,8.097419559527289,8.084794686695023,1.003125553722795
e1_rr_08019004_10_M,seasonal_naive,2,110.75723088344469,1.2174763242471632e-05,46.59933275105127,64.15788595763017,0.16554338729206228,8.170901199683692,8.121923974407359,1.0120968622378332
e1_rr_08019004_10_M,seasonal_naive,3,112.38328136599851,0.0010001934514213813,44.35939828026307,68.022882892284,0.1758044413841796,8.133189946401734,8.378086382422694,0.9423932409049295
e1_rr_08019004_10_M,seasonal_naive,4,113.91172490706322,0.00015049543262249805,44.973439254955316,68.93813515667524,0.1787318999929652,8.214503467221952,8.438782041950304,0.9475520913696711
e1_rr_08019004_10_M,seasonal_naive,5,113.7289843166542,0.0005120638332644,44.92536748433474,68.80310476848618,0.17748451740399057,8.198581165659315,8.428579251315709,0.9461688622838936
e1_rr_08019004_10_M,seasonal_naive,6,113.11718890554724,0.0028888610417432477,44.371582660589766,68.74271738391572,0.18309276957611056,8.205347253134665,8.433688918117635,0.9465831623288561
e1_rr_08019004_10_M,seasonal_naive,7,114.04587528174305,0.008264462809917826,44.48002304778303,69.5575877711501,0.17825588389069263,8.18020773631386,8.47586724898587,0.9314517720999232
e1_rr_08019004_10_M,stl_ridge_direct,1,658.2592643893106,536.962992185122,63.76657700747851,57.529695196710485,0.34620123037144435,10.784363604170233,8.084794686695023,1.7793076794101776
e1_rr_08019004_10_M,stl_ridge_direct,2,694.3219919502726,563.0633705238216,69.32695598497867,61.931665441472504,0.247290905287945,10.33475897398739,8.121923974407359,1.6191342705632572
e1_rr_08019004_10_M,stl_ridge_direct,3,706.5271543869773,571.7846941263181,68.07137009759887,66.67109016306009,0.22397681143702738,10.127034638038024,8.378086382422694,1.4610831193197351
e1_rr_08019004_10_M,stl_ridge_direct,4,716.8300722487779,579.7399785162611,69.06963536362896,68.02045836888789,0.2117343866574915,10.097594702029461,8.438782041950304,1.4317801262179088
e1_rr_08019004_10_M,stl_ridge_direct,5,718.856889297041,583.7860633666285,67.04724178096706,68.02358414944537,0.20609121559835802,9.925294158101394,8.428579251315709,1.386685659845838
e1_rr_08019004_10_M,stl_ridge_direct,6,718.9767958927675,588.5530932035866,62.48686669528795,67.93683599389286,0.21178555287380255,9.69099695394836,8.433688918117635,1.3203885774173787
e1_rr_08019004_10_M,stl_ridge_direct,7,719.4859892422508,589.773887273379,60.859970723553005,68.8521312453183,0.20394838753518116,9.529919527942596,8.47586724898587,1.264183665959114
e1_rr_08019028_10_M,hgb_direct,1,60.84392546256978,0.2972992993534452,0.8567012201137341,59.68992494310258,0.6020675800072834,6.751315958269997,9.67621342509993,0.48681728358721577
e1_rr_08019028_10_M,hgb_direct,2,81.43432176218052,0.8408099983533832,1.828728310493835,78.7647834533333,0.3800578715523203,4.998933543957812,9.594930148055685,0.27143827817015287
e1_rr_08019028_10_M,hgb_direct,3,89.82180428008007,1.4245740849239013,3.4257036257654043,84.97152656939076,0.26569282916524617,4.39133229892498,9.561668128675326,0.21092364720309076
e1_rr_08019028_10_M,hgb_direct,4,94.37376699687394,1.5580961005957037,3.710780134136807,89.10489076214144,0.20680989000163136,3.9216651620880816,9.648119978981214,0.16521734137952931
e1_rr_08019028_10_M,hgb_direct,5,94.26446389478002,1.359756295309376,3.3763241481292745,89.52838345134137,0.19083645983470873,3.676967986463774,9.639092701876464,0.14551487257927337
e1_rr_08019028_10_M,hgb_direct,6,94.14838773225638,1.2552664486181644,2.8657152013120166,90.02740608232618,0.19861289755007097,3.6156425869906257,9.681144914582307,0.13948180029240612
e1_rr_08019028_10_M,hgb_direct,7,95.09522286253802,1.190164826900723,2.939446142194555,90.96561189344276,0.19693699066133363,3.630304664804209,9.72810315748998,0.13926109732758538
e1_rr_08019028_10_M,persistence,1,68.61302713987473,0.002916150315089685,12.717482247290345,55.892628742269316,0.6348560175669029,9.709160231340915,9.67621342509993,1.0068214487498746
e1_rr_08019028_10_M,persistence,2,112.53650070126227,0.00023585722182125035,35.22837644989873,77.30788839414171,0.4003361326980282,9.776546961717127,9.594930148055685,1.0382151136037319
e1_rr_08019028_10_M,persistence,3,135.99205218617772,0.0025567357827325095,51.49191959975849,84.49757585063648,0.27527566139019194,9.807881555071505,9.561668128675326,1.0521631637875424
e1_rr_08019028_10_M,persistence,4,151.6748510638298,0.039547386952367036,62.13038139438319,89.50492228249423,0.19614510062317422,9.774714216856998,9.648119978981214,1.026414424341451
e1_rr_08019028_10_M,persistence,5,155.47412268188302,0.03328932989554422,65.60025508724904,89.84057826473844,0.18181981567772199,9.851976498193581,9.639092701876464,1.0446586875462816
e1_rr_08019028_10_M,persistence,6,150.96467857142855,0.01665943367346851,61.42089475422087,89.52712438353424,0.21162435886476377,9.885914467161893,9.681144914582307,1.0427501361623268
e1_rr_08019028_10_M,persistence,7,146.17690544412608,0.04679969786783471,56.83142865141763,89.29867709484064,0.23748337234376576,9.848925003093184,9.72810315748998,1.0249940075411548
e1_rr_08019028_10_M,ridge_direct,1,56.10606960945453,0.3238457172489156,0.2684195712352111,55.51380432097044,0.6380346184452759,6.691851382692803,9.67621342509993,0.47827942316777067
e1_rr_08019028_10_M,ridge_direct,2,76.88957623753497,0.9632319494639772,0.09970243470608105,75.8266418533649,0.4199506665679139,4.345154234797722,9.594930148055685,0.20508162907994384
e1_rr_08019028_10_M,ridge_direct,3,83.61459015203565,1.4310872378987407,0.0501439590776694,82.13335895505922,0.31880429969032176,3.272229380296413,9.561668128675326,0.11711705619807129
e1_rr_08019028_10_M,ridge_direct,4,87.96694727514587,1.5811454848165123,0.011945022343122728,86.37385676798624,0.26853135373068904,2.7001160048133213,9.648119978981214,0.07832122206360094
e1_rr_08019028_10_M,ridge_direct,5,88.38061608141857,1.5613808160611897,0.0009775946650495816,86.81825767069233,0.256100094520049,2.499839062317441,9.639092701876464,0.06725921372625164
e1_rr_08019028_10_M,ridge_direct,6,89.21644934788134,1.484153842151012,0.0002285496358210189,87.7320669560945,0.25285834830138915,2.4328404545919606,9.681144914582307,0.06315006700986578
e1_rr_08019028_10_M,ridge_direct,7,90.2875741258245,1.4122323958507652,0.0015663350854557233,88.87377539488831,0.24675535508472204,2.3608845974850774,9.72810315748998,0.05889700124895883
e1_rr_08019028_10_M,sarima,1,46.44175645326052,0.24347315704152256,0.0003426749132803216,46.19794062130569,0.7251245109890375,7.175752847482524,9.870361928794708,0.5285289595264814
e1_rr_08019028_10_M,sarima,2,67.10147321157731,0.12031316723540599,2.2624020137725105,64.71875803056939,0.39935880584884664,5.008468458089459,8.774916398972524,0.32577961901758656
e1_rr_08019028_10_M,sarima,3,64.24261421768958,0.057834433811383215,2.603253374147906,61.581526409730294,0.23317782318103777,3.495168287672105,8.069842145507021,0.18758845367890864
e1_rr_08019028_10_M,sarima,4,117.33325920663597,0.10718632118990498,0.35664903294783584,116.8694238524982,0.27959839560549943,3.7453910881616603,11.259685816724994,0.11064754967240643
e1_rr_08019028_10_M,sarima,5,101.6416013247663,0.07996345757878615,0.23857673903355006,101.32306112815395,0.28031034951101813,3.427872535047352,10.486339021213112,0.10685664642790285
e1_rr_08019028_10_M,sarima,6,82.29673420868855,1.0918796906994181,1.6262494896670734,79.57860502832206,0.16961052691337103,2.8105313089201807,9.05183459108503,0.09640590519151059
e1_rr_08019028_10_M,sarima,7,130.3421056454332,0.5626709448017315,3.2818407483855876,126.4975939522459,0.1313194007949984,3.3014516183168183,11.345364518237243,0.08467846297603117
e1_rr_08019028_10_M,seasonal_naive,1,147.6297286012526,0.006227483318151267,58.348332550815165,89.27516856711934,0.21564314913473315,9.725217159113669,9.67621342509993,1.010154348171558
e1_rr_08019028_10_M,seasonal_naive,2,146.50914446002807,0.018968977258645613,58.78673569319404,87.70343978957536,0.21760246439647682,9.75513130221338,9.594930148055685,1.0336716465812408
e1_rr_08019028_10_M,seasonal_naive,3,144.8153102961918,0.041854580738078455,57.956561747182946,86.8168939682708,0.2245179166616009,9.759686518745228,9.561668128675326,1.0418481020058352
e1_rr_08019028_10_M,seasonal_naive,4,142.8347375886525,0.10597102761430488,54.86568593369374,87.86308062734442,0.2368770989495231,9.692556170248634,9.648119978981214,1.0092325802106015
e1_rr_08019028_10_M,seasonal_naive,5,142.6978245363766,0.11853826610039579,55.02370759625463,87.55557867402158,0.2401074254872637,9.732214413384048,9.639092701876464,1.0194150074656814
e1_rr_08019028_10_M,seasonal_naive,6,143.77919285714285,0.08927290306122418,55.35531601398811,88.33460394009353,0.23980938074372496,9.76174468948318,9.681144914582307,1.0167201895731224
e1_rr_08019028_10_M,seasonal_naive,7,146.17690544412608,0.04679969786783471,56.83142865141763,89.29867709484064,0.23748337234376576,9.848925003093184,9.72810315748998,1.0249940075411548
e1_rr_08019028_10_M,stl_ridge_direct,1,825.6892905075262,669.1799066834344,78.7570153981793,77.75236842591227,0.4117894328007957,12.859077376735986,9.67621342509993,1.7660733676422002
e1_rr_08019028_10_M,stl_ridge_direct,2,860.0218016959598,688.708836569381,87.35324940822174,83.95971571835696,0.2966745325195681,12.192867442371336,9.594930148055685,1.6148346879114406
e1_rr_08019028_10_M,stl_ridge_direct,3,867.3069753743572,695.1411892752545,87.05544603110407,85.11034006799919,0.2628200064292821,11.843348477983668,9.561668128675326,1.534198961508409
e1_rr_08019028_10_M,stl_ridge_direct,4,867.1797031750938,697.2406724926175,83.13154005780608,86.80749062467004,0.25971268172490913,11.623389033022987,9.648119978981214,1.4513767330697773
e1_rr_08019028_10_M,stl_ridge_direct,5,869.979650308099,701.6392616053656,81.50746091897615,86.83292778375754,0.25579164576264013,11.49374764113285,9.639092701876464,1.421840893697212
e1_rr_08019028_10_M,stl_ridge_direct,6,876.7343958272406,710.9439410107955,78.14541422999683,87.6450405864485,0.25468780394981105,11.305659030655484,9.681144914582307,1.363761182404448
e1_rr_08019028_10_M,stl_ridge_direct,7,884.455943538323,718.3361584180682,77.21024262357662,88.90954249667831,0.24598833569275708,11.179935811580894,9.72810315748998,1.3207550676421287
e1_rr_08019043_10_M,hgb_direct,1,56.36835411765702,0.4895806964712281,0.9363655687896764,54.94240785239612,0.5443604286623922,5.777773536513767,8.83626627098029,0.4275465851538352
e1_rr_08019043_10_M,hgb_direct,2,73.07670058497087,1.0587990911517184,1.2170535920180536,70.80084790180109,0.3077906457792607,3.8251932465080563,8.843646694955885,0.18708716432382205
e1_rr_08019043_10_M,hgb_direct,3,79.99725628982873,1.7472360055445604,2.5724880045032488,75.67753227978092,0.19334383061593835,3.3181975512086823,8.866586495113411,0.1400527261565961
e1_rr_08019043_10_M,hgb_direct,4,84.76875049488913,2.2860395098571806,3.799710892984571,78.68300009204741,0.13360530276468544,3.145130901902059,8.950589265470782,0.12347362399079052
e1_rr_08019043_10_M,hgb_direct,5,86.83785442573331,2.4374137939717158,4.783413216853642,79.61702741490794,0.09445224388053595,3.0336682375105264,8.962907037391439,0.1145614192038644
e1_rr_08019043_10_M,hgb_direct,6,85.77517531140136,2.4612939339577973,4.856854811857267,78.45702656558629,0.10138813361087126,3.1065342465840513,8.903477207199744,0.1217399134952659
e1_rr_08019043_10_M,hgb_direct,7,82.98009971418824,2.4663533348044564,3.812594346500199,76.7011520328836,0.14355491555782637,3.2229873197435777,8.849580220341563,0.13263918749115264
e1_rr_08019043_10_M,persistence,1,69.92791341991341,0.0019041322314049057,15.496413536081304,54.42959575160074,0.5503599619656027,8.799675598096488,8.83626627098029,0.9917352167965885
e1_rr_08019043_10_M,persistence,2,104.37006097560977,0.010333749650961316,34.44543137143514,69.91429585452369,0.3256848203160897,8.749264518599334,8.843646694955885,0.9787692698558855
e1_rr_08019043_10_M,persistence,3,116.90841966637402,0.012218109473292039,43.14588875006669,73.75031280683403,0.2487892025894865,8.774464001793973,8.866586495113411,0.9793282512993597
e1_rr_08019043_10_M,persistence,4,135.75274250440916,0.008919753086419187,57.19946228235095,78.5443604689718,0.1399318647449366,8.815505257966047,8.950589265470782,0.9700433911843225
e1_rr_08019043_10_M,persistence,5,143.2846051464064,0.006505488812554186,63.644017390369996,79.63408226722385,0.0933216281666129,8.814153140006633,8.962907037391439,0.967082222017256
e1_rr_08019043_10_M,persistence,6,138.12750667853962,0.014558582032449157,59.731937378867066,78.3810107176401,0.10601169312933414,8.672516648196078,8.903477207199744,0.9487919295585887
e1_rr_08019043_10_M,persistence,7,129.53321109123436,0.02933958384669755,52.407626120654655,77.096245386733,0.12475212473127303,8.343315098876214,8.849580220341563,0.8888571097663709
e1_rr_08019043_10_M,ridge_direct,1,56.51381841708168,0.5799384731127751,1.2301010064641817,54.70377893750474,0.5471603991291456,5.943954166577923,8.83626627098029,0.452494510795521
e1_rr_08019043_10_M,ridge_direct,2,71.62726380832723,1.5167517880208365,0.3174938327927174,69.79301818751368,0.3280568052549298,3.464684392491676,8.843646694955885,0.1534845238091155
e1_rr_08019043_10_M,ridge_direct,3,76.14844943800676,2.0844781239535233,0.1917067808519977,73.87226453320123,0.24565187042268466,2.6159368859058287,8.866586495113411,0.08704455577266686
e1_rr_08019043_10_M,ridge_direct,4,80.72716223464704,2.39980800270377,0.48278067031580957,77.84457356162748,0.1682733480756361,2.200969823965384,8.950589265470782,0.060467904728370554
e1_rr_08019043_10_M,ridge_direct,5,81.9125639658201,2.6526566428073575,0.5941330841587763,78.66577423885397,0.1440919768491036,2.06228328144787,8.962907037391439,0.05294181890488774
e1_rr_08019043_10_M,ridge_direct,6,80.72191863931276,2.7858094856049123,0.4647863408429891,77.47132281286483,0.15071170734229164,2.02361065553464,8.903477207199744,0.0516576460973275
e1_rr_08019043_10_M,ridge_direct,7,79.92432338836983,2.9421712164788927,0.4636738013409079,76.51847837055003,0.15146142020210415,2.0213059628452954,8.849580220341563,0.052169752149304714
e1_rr_08019043_10_M,sarima,1,65.84880492162829,0.06021253689664607,0.27887476012685575,65.50971762460479,0.6582287892375442,7.604932398588331,10.751347516552666,0.5003396450888176
e1_rr_08019043_10_M,sarima,2,50.77584775855725,0.31214808905442826,0.1929817567882563,50.27071791271457,0.49471388945810746,4.47541560757799,8.158490805426101,0.3009172521351125
e1_rr_08019043_10_M,sarima,3,54.01159370269128,0.07756058495827521,0.38196887274775826,53.55206424498524,0.3028491676165157,2.9434704608843205,7.678522531331912,0.1469481211691042
e1_rr_08019043_10_M,sarima,4,57.04329977261882,0.008302623878697554,0.016709955356057845,57.01828719338407,0.25375589251048897,2.1102295567501783,7.806567739682517,0.07307000519129467
e1_rr_08019043_10_M,sarima,5,65.23975747291561,0.018940595523408356,0.0007849265829998906,65.22003195080919,0.2729826585995269,2.319633006031498,8.394732751703117,0.07635277216128203
e1_rr_08019043_10_M,sarima,6,98.16605368481714,0.0198783956689077,0.2284932245136906,97.91768206463456,0.2236834251114104,2.7489744250661983,10.152584059188044,0.07331421873889074
e1_rr_08019043_10_M,sarima,7,63.43411784392951,0.3237986484497277,0.6004115777576791,62.50990761772209,0.31406662348821945,3.3903130908615156,8.327694187353408,0.1657410463117063
e1_rr_08019043_10_M,seasonal_naive,1,130.61258874458875,0.28926702273195465,52.9150498417123,77.40827188014448,0.0927254919945912,8.093620286059108,8.83626627098029,0.8389731502564658
e1_rr_08019043_10_M,seasonal_naive,2,130.20805749128917,0.21273950909929729,52.55506064349213,77.44025733869776,0.09921238685108118,8.12688621984969,8.843646694955885,0.8444726540735621
e1_rr_08019043_10_M,seasonal_naive,3,130.8339069359087,0.1807182956261422,52.84285630015968,77.81033234012287,0.10125522903323539,8.167097450085636,8.866586495113411,0.8484427934472594
e1_rr_08019043_10_M,seasonal_naive,4,129.24298059964727,0.19753086419752947,50.02262736445884,79.0228223709909,0.11665587218893211,8.116806424541238,8.950589265470782,0.8223697389430259
e1_rr_08019043_10_M,seasonal_naive,5,129.62244897959184,0.1635689288253392,50.29910497108048,79.15977507968601,0.12088481292446754,8.17566553170495,8.962907037391439,0.8320481286869505
e1_rr_08019043_10_M,seasonal_naive,6,129.6452537845058,0.09624912280979935,51.481586198415044,78.06741846328094,0.12326550871498433,8.272558629433036,8.903477207199744,0.8632973445864803
e1_rr_08019043_10_M,seasonal_naive,7,129.53321109123436,0.02933958384669755,52.407626120654655,77.096245386733,0.12475212473127303,8.343315098876214,8.849580220341563,0.8888571097663709
e1_rr_08019043_10_M,stl_ridge_direct,1,703.3724298629814,566.5252825713168,65.48526606316379,71.36188122850105,0.2933203314545561,10.684153262690485,8.83626627098029,1.4619840340426025
e1_rr_08019043_10_M,stl_ridge_direct,2,737.3145858183108,591.8183777225238,69.85545277310483,75.64075532268205,0.1812502816722207,9.96087090668946,8.843646694955885,1.268620879947843
e1_rr_08019043_10_M,stl_ridge_direct,3,751.6858144396617,601.9550257098432,72.88030623102503,76.85048249879348,0.1498729821770135,9.865858083462319,8.866586495113411,1.2381031197853476
e1_rr_08019043_10_M,stl_ridge_direct,4,757.9577522451966,609.3170804834735,70.12809432651905,78.51257743520371,0.14134232938774247,9.63934900285012,8.950589265470782,1.1598241645699974
e1_rr_08019043_10_M,stl_ridge_direct,5,763.095934793724,615.9606920253345,68.32706155960877,78.80818120878075,0.13780350165893648,9.501138457693909,8.962907037391439,1.123708096534114
e1_rr_08019043_10_M,stl_ridge_direct,6,769.4254542214351,626.6218609130883,65.07615874173798,77.72743456660847,0.13958229736728264,9.309747333404632,8.903477207199744,1.0933431447620363
e1_rr_08019043_10_M,stl_ridge_direct,7,778.7770195853476,636.68022802064,65.2733052136728,76.82348635103504,0.13800701027664147,9.300493746840049,8.849580220341563,1.1045024137855053
e1_rr_08019045_10_M,hgb_direct,1,50.53389751546438,6.196657172556531e-05,0.22620066478396672,50.30763488410869,0.6070884642848787,5.894387196900317,8.92585173130824,0.4360918645718679
e1_rr_08019045_10_M,hgb_direct,2,69.48497610233947,9.826048696118328e-05,0.7661204263065063,68.718757415546,0.3780494337342607,4.26041739581319,8.954210848597704,0.22638605171110454
e1_rr_08019045_10_M,hgb_direct,3,78.52651499061228,0.01702684634524905,2.053008577058332,76.45647956720872,0.2201355450104477,3.4060896656848176,8.963828643748863,0.14438599221895818
e1_rr_08019045_10_M,hgb_direct,4,81.51316164906169,0.023906254189713632,2.417251204846902,79.07200419002507,0.1357956847121871,2.7735696224421877,8.975384259558037,0.09549311102936248
e1_rr_08019045_10_M,hgb_direct,5,83.2091288339492,0.02300933564991312,3.3119524256783257,79.87416707262093,0.09575630262685139,2.679624306799677,8.978492771200301,0.08907194638943425
e1_rr_08019045_10_M,hgb_direct,6,84.54563479195146,0.011869657052484852,3.597196832399857,80.93656830249914,0.07439464380619076,2.5677771664394906,9.021474925866107,0.08101390614558479
e1_rr_08019045_10_M,hgb_direct,7,84.65174995475142,0.02111586181894846,4.0497768737636015,80.58085721916886,0.05745497955262064,2.5290143301822536,8.991537224062297,0.07911060162721155
e1_rr_08019045_10_M,persistence,1,62.129676985195154,0.001752036504005829,11.995800146036714,50.13212480265436,0.6089001098564717,8.898447465140205,8.92585173130824,0.99386900017514
e1_rr_08019045_10_M,persistence,2,96.33270325203253,0.009061079347242863,28.709485174708668,67.61415699797661,0.3958512910707247,8.902659213431535,8.954210848597704,0.9885186448709231
e1_rr_08019045_10_M,persistence,3,117.41346284935241,0.01616208716275198,42.70593582338608,74.6913649388036,0.265381650786907,8.913813517592459,8.963828643748863,0.9888718103812012
e1_rr_08019045_10_M,persistence,4,132.8585880740233,0.021877228199058553,54.71196115217853,78.12474969364571,0.17377917651256833,8.9564883052325,8.975384259558037,0.9957938149785238
e1_rr_08019045_10_M,persistence,5,136.1276960110041,0.022872921826427865,57.42173556383306,78.68308752534466,0.15474006374619395,8.967045626467556,8.978492771200301,0.9974517220772176
e1_rr_08019045_10_M,persistence,6,136.12705031013095,0.0737697046785857,56.702681964445034,79.35059864100731,0.1581813186951039,8.957147123751012,9.021474925866107,0.9857898054761877
e1_rr_08019045_10_M,persistence,7,134.6252729785764,0.09461895043912903,55.706629822504766,78.82402420563245,0.15821257219222543,8.886261646757346,8.991537224062297,0.9767204926369417
e1_rr_08019045_10_M,ridge_direct,1,50.97738554622787,0.0026029520978125683,0.31101251657252915,50.663770077557544,0.6033956585749191,5.943505145514169,8.92585173130824,0.4433900563206618
e1_rr_08019045_10_M,ridge_direct,2,67.81401188613209,0.00507160076777166,0.05539387532199324,67.75354641004232,0.3936492636972986,3.760177542468326,8.954210848597704,0.17634456097684412
e1_rr_08019045_10_M,ridge_direct,3,74.47936253054057,0.014476454371746907,0.03141139026166032,74.43347468590717,0.27136137870009747,2.609669487234332,8.963828643748863,0.08475862912913652
e1_rr_08019045_10_M,ridge_direct,4,77.54586552990212,0.021214979964114356,0.04242016051773543,77.48223038942027,0.1953845161132296,1.9596126615505858,8.975384259558037,0.04766881675416533
e1_rr_08019045_10_M,ridge_direct,5,78.35306068128688,0.02103921124451512,0.10427600137990671,78.22774546866248,0.1720260391818171,1.86745249762281,8.978492771200301,0.04326057148630252
e1_rr_08019045_10_M,ridge_direct,6,79.48542045725505,0.014270812863463263,0.097497136703484,79.3736525076881,0.1572833981846953,1.7311735479206523,9.021474925866107,0.03682358964882066
e1_rr_08019045_10_M,ridge_direct,7,79.2004622303496,0.028610229500329095,0.10412850411461884,79.06772349673466,0.1483809917046268,1.6568626958520625,8.991537224062297,0.03395511039421236
e1_rr_08019045_10_M,sarima,1,73.5144618171251,0.0002930152857999614,13.090232925580173,60.4239358762591,0.45850939637461846,7.62858098702549,8.746905354878217,0.7606391377573289
e1_rr_08019045_10_M,sarima,2,81.70158612843507,0.18359054669837713,7.118886348600093,74.3991092331366,0.2413993559124579,4.8137678634985255,8.888357344522715,0.29331027258002423
e1_rr_08019045_10_M,sarima,3,65.89019123540575,0.011149803581719683,1.6824256819599668,64.19661574986407,0.2566399094960913,3.4246111928816543,8.289933034060308,0.1706555822445474
e1_rr_08019045_10_M,sarima,4,73.10853607191763,0.35405680296873926,1.1829556563829984,71.57152361256588,0.15536519466968285,2.4181831718916835,8.563987097141144,0.07973084752496609
e1_rr_08019045_10_M,sarima,5,60.49119711159607,0.016493814767023312,0.5533155696853973,59.92138772714367,0.16436046713661892,2.0336895972833156,7.847615507288812,0.06715740414301812
e1_rr_08019045_10_M,sarima,6,63.14996904622845,0.012969249079869669,0.008883454441412008,63.12811634270715,0.20968685889624705,1.7981616656771533,8.125972201617063,0.04896737294453698
e1_rr_08019045_10_M,sarima,7,70.40757910775542,0.09396353538070355,0.03177631189017184,70.28183926048455,0.1620475863302026,1.198450962387315,8.495714796071827,0.019899432345612422
e1_rr_08019045_10_M,seasonal_naive,1,132.00226783310904,0.13406636457995344,54.240537117091165,77.62766435143789,0.16014081269061173,8.79421067117112,8.92585173130824,0.9707209297825611
e1_rr_08019045_10_M,seasonal_naive,2,133.10955284552847,0.09114181006308575,54.9413050799978,78.07710595546757,0.16186896396337008,8.861649053240354,8.954210848597704,0.9794323854265088
e1_rr_08019045_10_M,seasonal_naive,3,132.83560327198364,0.0938856385586275,54.54823766521825,78.19347996820676,0.16383464788466362,8.854263584002336,8.963828643748863,0.975703361566131
e1_rr_08019045_10_M,seasonal_naive,4,132.72222755311859,0.10223337832207001,54.29233431096853,78.327659863828,0.16637421321891546,8.861605705700752,8.975384259558037,0.9748072326737032
e1_rr_08019045_10_M,seasonal_naive,5,133.52169876203575,0.08612246915495846,55.01165569156162,78.42392060131921,0.16480117126633062,8.896650396931523,8.978492771200301,0.9818523299688945
e1_rr_08019045_10_M,seasonal_naive,6,134.5627567195038,0.13081357898091422,55.06652994222735,79.36541319829553,0.15760489686978962,8.842511204570888,9.021474925866107,0.960718480241115
e1_rr_08019045_10_M,seasonal_naive,7,134.6252729785764,0.09461895043912903,55.706629822504766,78.82402420563245,0.15821257219222543,8.886261646757346,8.991537224062297,0.9767204926369417
e1_rr_08019045_10_M,stl_ridge_direct,1,578.3711315536268,439.0467237266596,70.10903460414227,69.21537322282484,0.3622611979832179,11.606603535017346,8.92585173130824,1.6908728965334368
e1_rr_08019045_10_M,stl_ridge_direct,2,595.5355839579406,444.3504840563141,75.90710667970188,75.27799322192466,0.24721011353362046,10.926039941243758,8.954210848597704,1.488918527754045
e1_rr_08019045_10_M,stl_ridge_direct,3,599.5998616096438,445.8632167323074,76.76462089973055,76.97202397760601,0.20504497544394654,10.59953017719457,8.963828643748863,1.3982542231729098
e1_rr_08019045_10_M,stl_ridge_direct,4,599.6486536096435,445.7173851267158,76.15498470872271,77.77628377420515,0.18580871989781556,10.39438700246384,8.975384259558037,1.3411941884614695
e1_rr_08019045_10_M,stl_ridge_direct,5,601.7879819322184,448.25369313630927,75.47055831361651,78.06373048229258,0.1778413534430059,10.284126560929344,8.978492771200301,1.311982223246466
e1_rr_08019045_10_M,stl_ridge_direct,6,598.5606453145074,447.1357528780075,72.31727708568081,79.1076153508192,0.16735249843582586,10.01372292320544,9.021474925866107,1.232071886929962
e1_rr_08019045_10_M,stl_ridge_direct,7,601.6545238944296,450.7624262762361,72.20600155665929,78.68609606153413,0.1635152636959824,9.96766504235014,8.991537224062297,1.228906885544433
e1_rr_08019052_10_M,hgb_direct,1,65.88762809004362,0.3422483497641417,0.4134264490102905,65.1319532912692,0.603263371675941,6.747487045386842,10.11913679497682,0.444628385449558
e1_rr_08019052_10_M,hgb_direct,2,88.85640891252285,0.6805982976628987,0.8883821011549748,87.28742851370498,0.38427921540517884,4.831370511439513,10.119803822485249,0.22792738155957631
e1_rr_08019052_10_M,hgb_direct,3,96.92655144601076,1.2030056469301798,1.7242120524960367,93.99933374658455,0.2941048438405349,4.296480512862057,10.143960640016203,0.1793951021930147
e1_rr_08019052_10_M,hgb_direct,4,102.02286072166623,1.5172305126060184,2.540579047029884,97.96505116203033,0.2222511069556255,3.8501297994501926,10.151627285221519,0.1438399136095002
e1_rr_08019052_10_M,hgb_direct,5,101.27850046955272,1.727043460214109,2.6579999900810005,96.8934570192576,0.21510239028217265,3.7984384423673427,10.079390815554406,0.1420174190422324
e1_rr_08019052_10_M,hgb_direct,6,101.96819088063467,1.6893658971500671,2.9716640701508594,97.30716091333377,0.20101442153188023,3.74806371173925,10.069984900789583,0.13853397335969758
e1_rr_08019052_10_M,hgb_direct,7,105.25473585899162,1.8667393994185406,4.724951238828572,98.66304522074451,0.15953542341911264,3.778908302043609,10.061796758843434,0.1410527721448125
e1_rr_08019052_10_M,persistence,1,81.33506643558637,7.50910854866864e-05,16.198495092200982,65.13649625229988,0.6032265987352208,10.128867877453676,10.11913679497682,1.0019242276547602
e1_rr_08019052_10_M,persistence,2,125.51652173913044,0.0,38.46171784349022,87.0548038956402,0.3872234611014236,10.12037665348902,10.119803822485249,1.0001132131069643
e1_rr_08019052_10_M,persistence,3,146.03313953488373,7.605462412117395e-05,51.70176703227874,94.33129644798086,0.2885681656969501,10.117618195249069,10.143960640016203,0.9948130238510762
e1_rr_08019052_10_M,persistence,4,159.67424242424244,7.640960438165581e-05,61.75229537294716,97.9218706416909,0.2231917493412787,10.124022324926036,10.151627285221519,0.9945688652812306
e1_rr_08019052_10_M,persistence,5,155.59894921190894,0.00041746624231641326,59.735690200059175,95.86284154560744,0.2375152175552521,10.122895439813261,10.079390815554406,1.0086510211370567
e1_rr_08019052_10_M,persistence,6,156.49970777323202,0.0012710412666554734,60.58192167556795,95.91651505639743,0.2326384153019384,10.126104265763498,10.069984900789583,1.011176926340473
e1_rr_08019052_10_M,persistence,7,164.84610883557636,0.004142869419837307,67.36261604810893,97.47934991804757,0.1927266258222018,10.146649321945917,10.061796758843434,1.0169374023370077
e1_rr_08019052_10_M,ridge_direct,1,65.76513865963742,0.5056158567449651,0.43082446823909276,64.8286983346533,0.6057130166966399,6.785665076969958,10.11913679497682,0.4496741335183056
e1_rr_08019052_10_M,ridge_direct,2,87.0723601294892,1.3253209018124281,0.0914331471849273,85.65560608049182,0.4044807269260812,4.395644751226744,10.119803822485249,0.18866919015118508
e1_rr_08019052_10_M,ridge_direct,3,94.28986087399383,1.8760575485829376,0.03144028660258563,92.38236303880832,0.3197055985863909,3.4203950987071186,10.143960640016203,0.11369397221551053
e1_rr_08019052_10_M,ridge_direct,4,97.99812581852999,2.289949655143505,0.02233593777929914,95.6858402256072,0.26741707342836357,2.8641705845251124,10.151627285221519,0.07960244944462282
e1_rr_08019052_10_M,ridge_direct,5,97.37830424856476,2.62168093328213,0.014313957534523584,94.7423093577481,0.2596978573147755,2.737237150418851,10.079390815554406,0.07374902480278393
e1_rr_08019052_10_M,ridge_direct,6,98.240121738005,2.806867518661304,0.04455906488265004,95.38869515446109,0.24356871891308618,2.6638235036311935,10.069984900789583,0.06997666718524839
e1_rr_08019052_10_M,ridge_direct,7,99.95032007961284,3.0140903045781826,0.2381022960289943,96.69812747900568,0.21180205464740365,2.6190664956182674,10.061796758843434,0.06775509655394488
e1_rr_08019052_10_M,sarima,1,52.234791739262036,0.24723012158744362,4.982595491300289,47.0049661263743,0.6441943022684099,8.006557766443931,8.963731792859546,0.7978366381107133
e1_rr_08019052_10_M,sarima,2,71.23069922691296,0.03047507920297209,4.02422843508739,67.17599571262258,0.41489513084751767,5.743420691857381,9.007993706552194,0.4065229877608301
e1_rr_08019052_10_M,sarima,3,72.93289236203259,0.05442223336402756,2.8872460873817105,69.99122404128684,0.35474218986025213,4.873429204029134,8.948017636778504,0.2966304018433699
e1_rr_08019052_10_M,sarima,4,96.84773629147364,0.8831955037293499,1.6643353766355755,94.3002054111087,0.2090802726999221,3.3663219146899053,9.930304087758039,0.11491750627868642
e1_rr_08019052_10_M,sarima,5,107.97999719606439,2.0618228174773705,0.26149049538657543,105.65668388320043,0.243506558954289,3.0920317387320546,10.597949953169081,0.08512245836716294
e1_rr_08019052_10_M,sarima,6,105.36352550190551,0.5301993669946654,1.1657128692046832,103.66761326570615,0.1533538060267215,2.659779214388992,10.303607183295291,0.06663656305133242
e1_rr_08019052_10_M,sarima,7,84.13291462317446,0.23566340478033448,1.125502891918097,82.77174832647603,0.21116228039492507,3.026349042094981,9.307778963187308,0.10571726248705371
e1_rr_08019052_10_M,seasonal_naive,1,164.6204506065858,0.0037498819401268974,65.95118600663514,98.66551471801057,0.19089444710700743,10.052720578997382,10.11913679497682,0.9869162245106438
e1_rr_08019052_10_M,seasonal_naive,2,165.13333333333333,0.004140642722117463,66.45174304549208,98.67744964511911,0.190921889614878,10.083885922773405,10.119803822485249,0.9929140605474327
e1_rr_08019052_10_M,seasonal_naive,3,165.90988372093022,0.003180435370470601,66.75373694256028,99.15296634299952,0.19082383412061377,10.106005475650495,10.143960640016203,0.9925306971875213
e1_rr_08019052_10_M,seasonal_naive,4,166.56934731934732,0.0038880602691791326,67.19935454354471,99.3661047155334,0.18920999765644098,10.118310618706358,10.151627285221519,0.9934469628307762
e1_rr_08019052_10_M,seasonal_naive,5,165.24868651488617,0.004665057462098078,67.36001467169157,97.88400678573251,0.19109936781242365,10.133479918078141,10.079390815554406,1.01076141065923
e1_rr_08019052_10_M,seasonal_naive,6,164.87551139684396,0.0020782088326608467,67.24169928137522,97.63173390663607,0.19288863534020972,10.142489259473194,10.069984900789583,1.0144519334982935
e1_rr_08019052_10_M,seasonal_naive,7,164.84610883557636,0.004142869419837307,67.36261604810893,97.47934991804757,0.1927266258222018,10.146649321945917,10.061796758843434,1.0169374023370077
e1_rr_08019052_10_M,stl_ridge_direct,1,731.0351104525847,549.9670400883704,93.61448226987535,87.45358809433868,0.3820149789413127,13.541119558854868,10.11913679497682,1.7906974344495044
e1_rr_08019052_10_M,stl_ridge_direct,2,765.0444541790793,569.4607997454167,101.09462643635906,94.48902799730332,0.27811788436079304,12.869080789372024,10.119803822485249,1.6171520940263624
e1_rr_08019052_10_M,stl_ridge_direct,3,774.7318026317068,577.8717783902587,100.16246561091701,96.69755863053106,0.24551135832087873,12.498577539322882,10.143960640016203,1.518119877942414
e1_rr_08019052_10_M,stl_ridge_direct,4,783.2389474885672,584.2643398409451,100.99407327277119,97.98053437485092,0.2219128502297037,12.30235729642774,10.151627285221519,1.4686061528880836
e1_rr_08019052_10_M,stl_ridge_direct,5,784.2774840548493,588.9636972640025,98.46382985376945,96.84995693707702,0.21609538057025507,12.1010040218858,10.079390815554406,1.4413658927554949
e1_rr_08019052_10_M,stl_ridge_direct,6,784.8417269794514,593.4453454932367,94.53513038888235,96.86125109733274,0.21166986337013793,11.854430120032514,10.069984900789583,1.3858101027922152
e1_rr_08019052_10_M,stl_ridge_direct,7,787.1351273704395,595.9647128375371,94.22537104347589,96.94504348942688,0.20596404273588412,11.779343718439167,10.061796758843434,1.3705380834373673
e1_rr_08019054_10_M,hgb_direct,1,43.839275189789596,0.03872336622949406,0.5771047253464987,43.223447098213605,0.5991960303719615,5.680202782793292,8.211884661862298,0.4784559928007614
e1_rr_08019054_10_M,hgb_direct,2,61.28319763996732,0.13617362382263584,1.779634430704744,59.367389585439945,0.35547540334774685,4.264369061849328,8.243438611393099,0.2676040929025354
e1_rr_08019054_10_M,hgb_direct,3,66.92213534201346,0.36528405456061164,2.5384362679811883,64.01841501947165,0.2450520847301061,3.615607728100395,8.252778780368255,0.19193854769948857
e1_rr_08019054_10_M,hgb_direct,4,69.82507186146609,0.6471477559162205,2.852067326184309,66.32585677936554,0.16945542471293373,3.089114580926559,8.263577890809236,0.13974355417764414
e1_rr_08019054_10_M,hgb_direct,5,72.13481476378809,0.7492579216913418,3.0591004527219323,68.32645638937478,0.1494275401456727,2.9982188317625345,8.359840491692124,0.12862656538597614
e1_rr_08019054_10_M,hgb_direct,6,71.11584915435805,0.7507107131050936,2.234935661135413,68.13020278011753,0.15951940187507993,2.8287387456734234,8.361168669848807,0.11445946433681893
e1_rr_08019054_10_M,hgb_direct,7,72.02937508908418,0.7846743309523372,2.7095299717630295,68.53517078636882,0.13684368120398704,2.789697249410613,8.357216373704762,0.11142710712610267
e1_rr_08019054_10_M,persistence,1,52.15266993693062,4.910797813154852e-07,10.12048476379516,42.03218468205573,0.613759898459124,8.221396431524312,8.211884661862298,1.0023179279209762
e1_rr_08019054_10_M,persistence,2,84.63241525423729,1.795461074405591e-05,26.341869695178648,58.2905276044479,0.3771069114171556,8.241090790683083,8.243438611393099,0.9994304594288184
e1_rr_08019054_10_M,persistence,3,102.15704125177811,0.00034196058752461347,38.3482805336636,63.80841875752696,0.25126438542960566,8.266228239679442,8.252778780368255,1.0032620330399051
e1_rr_08019054_10_M,persistence,4,115.1619957081545,0.0017034809589010446,48.61578269008913,66.54450953710648,0.1597283953144924,8.29242993208149,8.263577890809236,1.0069951320565016
e1_rr_08019054_10_M,persistence,5,120.1397764960346,0.0005490524070197656,51.45073533111458,68.688492112513,0.13095145437384104,8.267650064543867,8.359840491692124,0.9780660648570412
e1_rr_08019054_10_M,persistence,6,119.30523567802757,2.726066591960032e-05,50.77863315779598,68.52657525956566,0.14062935780056568,8.301738575211946,8.361168669848807,0.9858347830786093
e1_rr_08019054_10_M,persistence,7,120.99551020408161,0.0004654523200367661,52.32020973828319,68.67483501347839,0.12933099667815648,8.31411814925372,8.357216373704762,0.9897125804566119
e1_rr_08019054_10_M,ridge_direct,1,43.190718632598255,0.09224502764571325,0.6719854675885184,42.42648813736401,0.6089778764397095,5.820603280314179,8.211884661862298,0.5024007945076104
e1_rr_08019054_10_M,ridge_direct,2,59.43496804038816,0.2770590872121068,0.5769409056933933,58.58096804748268,0.3713967770282988,3.8211527934575287,8.243438611393099,0.2148681236988795
e1_rr_08019054_10_M,ridge_direct,3,64.58796745842521,0.5100235526368924,0.3246707704515109,63.7532731353368,0.25287045340547365,2.6566827980157903,8.252778780368255,0.10362844940356795
e1_rr_08019054_10_M,ridge_direct,4,67.23157504934288,0.6990049465870961,0.3923333788584041,66.14023672389736,0.1772946312750966,2.091453207207648,8.263577890809236,0.06405603529186635
e1_rr_08019054_10_M,ridge_direct,5,69.0553916005236,0.7399421496800062,0.2938826988149139,68.02156675202868,0.1633744247985361,1.9078936214304434,8.359840491692124,0.052084959405375365
e1_rr_08019054_10_M,ridge_direct,6,69.01152536142216,0.7462622008600267,0.27871099352803014,67.98655216703409,0.1658350333915648,1.9145055461134803,8.361168669848807,0.05242993128093065
e1_rr_08019054_10_M,ridge_direct,7,69.27916251711106,0.7509636634763617,0.30492110176718124,68.22327775186753,0.15228860576681236,1.8249054447786441,8.357216373704762,0.047682326910121156
e1_rr_08019054_10_M,sarima,1,50.79796180656112,0.0020452119161783544,0.313848094506115,50.48206850013882,0.6496321161018888,6.631502851903997,9.345722343864642,0.5034984906442423
e1_rr_08019054_10_M,sarima,2,71.24151373381542,0.006260089857210343,2.802783978743591,68.43246966521463,0.3163324217057773,4.432629762257565,8.720187542679547,0.2583873606121182
e1_rr_08019054_10_M,sarima,3,72.23982331539115,0.028867675021640515,3.306344661263369,68.90461097910614,0.17771153863575648,3.317358374029948,8.435145523525264,0.15466769837725752
e1_rr_08019054_10_M,sarima,4,56.662290169093644,0.055815031109632984,1.8379647781438804,54.76851035984013,0.1433842735133618,2.4279206644588487,7.477842875318539,0.10541837368433793
e1_rr_08019054_10_M,sarima,5,87.24965291188303,0.008834115490149896,2.5731651129589377,84.66765368343397,0.038760643920909145,1.9610332155690955,9.208422704574726,0.04535230925915346
e1_rr_08019054_10_M,sarima,6,89.96087810958703,0.0016563902624142852,3.322337341768935,86.6368843775557,0.01695060322728202,1.980525077749857,9.309231133506792,0.04526192964306994
e1_rr_08019054_10_M,sarima,7,66.945583936787,0.04755848946149597,3.4265829039322306,63.471442543393294,0.0149779305924626,1.9704441711323992,7.967790460388354,0.06115788531726433
e1_rr_08019054_10_M,seasonal_naive,1,120.87355290819902,0.008045851137021285,54.36656724809687,66.49893980896512,0.11782042256650374,8.340896506503354,8.211884661862298,1.0316675800192843
e1_rr_08019054_10_M,seasonal_naive,2,121.00622175141243,0.009076060718503257,54.06582516318313,66.93132052751082,0.1226932966457467,8.364361358258328,8.243438611393099,1.0295531170014134
e1_rr_08019054_10_M,seasonal_naive,3,121.4886984352774,0.010358780394529525,54.41705946621317,67.06128018866967,0.12399072260738994,8.400059953997143,8.252778780368255,1.0360109936512827
e1_rr_08019054_10_M,seasonal_naive,4,121.98407010014304,0.010802316204837218,54.70552914805387,67.26773863588433,0.12215602758300566,8.405764470081905,8.263577890809236,1.034708897782465
e1_rr_08019054_10_M,seasonal_naive,5,120.00620043258833,3.16254186443369e-05,51.41263407805842,68.59353472911123,0.13604047973741065,8.307537102249187,8.359840491692124,0.9875261325216845
e1_rr_08019054_10_M,seasonal_naive,6,120.05738941261785,0.00021457257179461448,51.47431463386801,68.58286020617803,0.1377370704890023,8.326203118204033,8.361168669848807,0.9916536929600754
e1_rr_08019054_10_M,seasonal_naive,7,120.99551020408161,0.0004654523200367661,52.32020973828319,68.67483501347839,0.12933099667815648,8.31411814925372,8.357216373704762,0.9897125804566119
e1_rr_08019054_10_M,stl_ridge_direct,1,504.5444778086595,382.9006453234576,62.45424176361023,59.18959072159169,0.34967499450602535,10.774290339575431,8.211884661862298,1.7214391156878546
e1_rr_08019054_10_M,stl_ridge_direct,2,527.2156495796256,390.59410252496554,71.82586026039867,64.79568679426156,0.2155948834858113,10.252257066603907,8.243438611393099,1.5467572424206821
e1_rr_08019054_10_M,stl_ridge_direct,3,535.723418968428,394.9001654396516,74.54780340590025,66.27545012287605,0.16404767036552487,9.987956116657,8.252778780368255,1.4647140366755793
e1_rr_08019054_10_M,stl_ridge_direct,4,539.219168173607,397.60778028082285,74.75691402991497,66.85447386286913,0.14482403310679406,9.842972750362797,8.263577890809236,1.4187841090073938
e1_rr_08019054_10_M,stl_ridge_direct,5,533.4506465493566,395.0615015105142,70.10727016872563,68.28187487011662,0.1515470190351033,9.639917336117403,8.359840491692124,1.3296907189402547
e1_rr_08019054_10_M,stl_ridge_direct,6,532.5934248166951,397.4234342190001,66.90249391393395,68.26749668376101,0.15324016773290386,9.460661360515177,8.361168669848807,1.2802919822079486
e1_rr_08019054_10_M,stl_ridge_direct,7,534.7113644855527,399.4121365971775,66.8419546946893,68.45727319368575,0.14085991731088543,9.352889725670547,8.357216373704762,1.2524728915193892
e1_rr_08263007_10_M,hgb_direct,1,62.05604533620415,0.03244730234390959,0.04127236601414099,61.9823256678461,0.5988340764730385,6.0899213500836575,9.830378008513131,0.3837805239824233
e1_rr_08263007_10_M,hgb_direct,2,81.03664328246172,0.16412067713002998,0.8535756088983166,80.01894699643339,0.42573509888386685,5.1327111932755365,9.886005751972428,0.2695578219795431
e1_rr_08263007_10_M,hgb_direct,3,89.16953581930203,0.14167664323136805,1.5283266379180256,87.49953253815261,0.33717028465480026,4.586355430681569,9.935929994564741,0.21306806946825668
e1_rr_08263007_10_M,hgb_direct,4,94.49648253748136,0.3442154056153479,2.2966949196351827,91.85557221223083,0.2795490139819629,4.30597224571796,9.982103537494178,0.18607940645167306
e1_rr_08263007_10_M,hgb_direct,5,97.05280711030353,0.4084960898666309,2.592616749003516,94.05169427143339,0.2556051261811107,4.174199576390191,10.031250709400187,0.1731554836469668
e1_rr_08263007_10_M,hgb_direct,6,95.77965003132334,0.37816457763159206,2.318441226301922,93.08304422738985,0.2664568400967908,4.189833919518131,10.009842779377937,0.17520201803318164
e1_rr_08263007_10_M,hgb_direct,7,94.7495651770296,0.6386673309503129,2.3438405147893464,91.76705733128993,0.2597766376125052,4.107966029729261,9.920081353169094,0.17148384777114165
e1_rr_08263007_10_M,persistence,1,74.68682860010772,0.0021710334166483007,14.127206965614304,60.5574506010767,0.6110212476402438,9.765187529000066,9.830378008513131,0.986780910553468
e1_rr_08263007_10_M,persistence,2,110.87386903072357,0.006344349440875944,30.913033966610392,79.95449071467229,0.42650895381127635,9.776419068129773,9.886005751972428,0.9779528151888685
e1_rr_08263007_10_M,persistence,3,129.19044620341282,0.006147564043798414,41.80653134432356,87.37776729504543,0.3389944063385421,9.834021728525311,9.935929994564741,0.979592116092201
e1_rr_08263007_10_M,persistence,4,141.8127874309306,0.0005287756729098285,49.766721348123255,92.0455373071344,0.27611805910951326,9.810792289792643,9.982103537494178,0.9659708519171583
e1_rr_08263007_10_M,persistence,5,147.44993228070072,0.0002838296074586544,52.97546719897209,94.47418125212116,0.24725572489137315,9.758708940282819,10.031250709400187,0.9463996272624785
e1_rr_08263007_10_M,persistence,6,146.74813562441994,0.013421932294595615,52.98024132826094,93.7544723638644,0.2535708268290773,9.81695684162935,10.009842779377937,0.961832064316748
e1_rr_08263007_10_M,persistence,7,146.09647328160034,0.03730972730834879,53.83998771621165,92.21917583808039,0.25077794032890277,9.825311263733587,9.920081353169094,0.9809845504734415
e1_rr_08263007_10_M,ridge_direct,1,59.938335680792974,0.10180313123132204,0.1674625797696783,59.669069969792005,0.6184981765416552,5.670848953027976,9.830378008513131,0.3327788550361783
e1_rr_08263007_10_M,ridge_direct,2,78.03750318282192,0.18856918793487792,0.009524467079569889,77.83940952780748,0.4511665837693142,4.362642066033735,9.886005751972428,0.1947410232754328
e1_rr_08263007_10_M,ridge_direct,3,85.55441150115547,0.29458977495648686,0.0031427123159872565,85.25667901388299,0.36932711951406705,3.725668303943643,9.935929994564741,0.14060194492373018
e1_rr_08263007_10_M,ridge_direct,4,90.62458550081625,0.4640730642171456,0.03687406522419377,90.1236383713749,0.3090778986207263,3.2772737949156245,9.982103537494178,0.10779070449299247
e1_rr_08263007_10_M,ridge_direct,5,92.78571345960918,0.5471116217085248,0.06773285710147559,92.1708689807992,0.2898710540018189,3.1680245851059823,10.031250709400187,0.09973943801754262
e1_rr_08263007_10_M,ridge_direct,6,92.10033628449848,0.5397652072814859,0.06167803798381692,91.49889303923318,0.2946347240163764,3.1975978999082124,10.009842779377937,0.10204534247462943
e1_rr_08263007_10_M,ridge_direct,7,91.09663645984926,0.8025433410206788,0.05489490251644082,90.23919821631215,0.2881139713745806,3.0924106472803174,9.920081353169094,0.09717708159636636
e1_rr_08263007_10_M,sarima,1,85.42277476314902,0.14879057695340048,1.2167290740133014,84.05725511218228,0.46330487204192033,5.896228855676828,10.345616279071544,0.3248148910055473
e1_rr_08263007_10_M,sarima,2,90.73461627018844,0.12303013686336461,1.6833014940207898,88.92828463930431,0.2925642991280998,4.182593182246613,9.861668348744367,0.17988314189115273
e1_rr_08263007_10_M,sarima,3,88.45169002324072,0.0006970225516916814,1.220976092048563,87.23001690864047,0.26290204620218915,3.6499293584496972,9.68022701127567,0.14216668410352415
e1_rr_08263007_10_M,sarima,4,97.25893548905213,0.053150100090116906,0.6344411454583739,96.57134424350365,0.2311251793076024,3.131010586106927,10.100554402109585,0.09609010053111891
e1_rr_08263007_10_M,sarima,5,110.90707708680593,0.21262807971658432,0.00018210997196384373,110.69426689711739,0.25162722039734964,2.7489127678408716,10.870914326126735,0.06394252335185344
e1_rr_08263007_10_M,sarima,6,81.03176787132487,0.94055114847761,0.7220391840590933,79.36917753878815,0.13295645862112537,2.044840085618735,8.988741197304288,0.05175126229946802
e1_rr_08263007_10_M,sarima,7,96.63482077604564,2.7576917800026854,0.7535719685486738,93.12355702749427,0.13790373074836018,2.2117011792944163,9.743144299639107,0.05152934590200146
e1_rr_08263007_10_M,seasonal_naive,1,142.91437585720894,0.007573838763456845,52.35743699706725,90.54936502137821,0.25097487538454344,9.703021799255856,9.830378008513131,0.9742570966080997
e1_rr_08263007_10_M,seasonal_naive,2,144.20319276672313,0.0012738252083260033,52.70208096548147,91.49983797603335,0.25254406798482765,9.756271999977884,9.886005751972428,0.9739262733215929
e1_rr_08263007_10_M,seasonal_naive,3,145.95707099262742,0.00011783413947120882,53.2788349008803,92.67811825760764,0.24744277587941765,9.757809325922143,9.935929994564741,0.9644675252676356
e1_rr_08263007_10_M,seasonal_naive,4,148.63948215539614,0.005823428163404288,54.57356627015911,94.06009245707362,0.23669248026525297,9.750081230921458,9.982103537494178,0.9540526178044146
e1_rr_08263007_10_M,seasonal_naive,5,149.7543244179948,0.014896614485971432,54.64133100022219,95.09809680328668,0.23438227652642146,9.743124853306558,10.031250709400187,0.9433793511724222
e1_rr_08263007_10_M,seasonal_naive,6,148.38322561108163,0.03516758277934365,54.11181814135649,94.23623988694578,0.24390563516874342,9.797530615689045,10.009842779377937,0.9580291995023578
e1_rr_08263007_10_M,seasonal_naive,7,146.09647328160034,0.03730972730834879,53.83998771621165,92.21917583808039,0.25077794032890277,9.825311263733587,9.920081353169094,0.9809845504734415
e1_rr_08263007_10_M,stl_ridge_direct,1,692.8408632003924,524.3691046442226,87.2452792396899,81.22647931647998,0.3993273189853251,13.26605664096247,9.830378008513131,1.8211396846394465
e1_rr_08263007_10_M,stl_ridge_direct,2,712.2179354006053,531.2477016483045,94.16041305947621,86.80982069282467,0.3343149930811232,13.008668804923635,9.886005751972428,1.7315059814131324
e1_rr_08263007_10_M,stl_ridge_direct,3,721.0446758551565,536.7641401285466,94.46697018091369,89.81356554569622,0.30040651843073307,12.704230165598526,9.935929994564741,1.6348565847589545
e1_rr_08263007_10_M,stl_ridge_direct,4,729.3676981374414,542.0884952122404,94.99105348016384,92.28814944503716,0.2716732486318407,12.458205883429766,9.982103537494178,1.5576391957728777
e1_rr_08263007_10_M,stl_ridge_direct,5,731.6901057083782,545.9628663714473,92.01456493534742,93.71267440158341,0.2621127408581489,12.221740883993824,10.031250709400187,1.4844171874046594
e1_rr_08263007_10_M,stl_ridge_direct,6,731.6403413127188,551.4718363260963,87.12445020938112,93.04405477724127,0.2671860320796135,12.008538074492366,10.009842779377937,1.439215296820355
e1_rr_08263007_10_M,stl_ridge_direct,7,726.0206465632688,553.8532145446968,81.17131236875768,90.99611964981396,0.2744412431604735,11.73199178572756,9.920081353169094,1.3986628282688447
e1_rr_22125001_10_M,hgb_direct,1,43.17456178227027,0.03173009237102817,0.5843873064063684,42.55844438349286,0.6484162939017386,6.32092227884586,8.569294200846775,0.544090062862485
e1_rr_22125001_10_M,hgb_direct,2,63.66740086738541,0.14820535197921297,1.3848384378808267,62.134357077525365,0.37835046578220477,4.398658095753925,8.515561101974448,0.26681723102728516
e1_rr_22125001_10_M,hgb_direct,3,70.02059375774542,0.29232305672714426,1.6509233695113754,68.07734733150691,0.2518661216887967,3.4322307823190026,8.525752249766432,0.16206437078042035
e1_rr_22125001_10_M,hgb_direct,4,73.94790680705754,0.4275696156681222,2.107722767406611,71.41261442398282,0.16563603875873706,2.8711287517918214,8.568961955316938,0.11226617011846322
e1_rr_22125001_10_M,hgb_direct,5,75.85303998012435,0.4943715929064686,2.4461529474359556,72.91251543978194,0.10553064349761224,2.4701920052325415,8.586830986745316,0.08275525741568675
e1_rr_22125001_10_M,hgb_direct,6,76.5677911900252,0.41898190444949196,3.1129709953041362,73.03583829027158,0.07446502244587169,2.4025187049393084,8.569893995377228,0.07859278075720905
e1_rr_22125001_10_M,hgb_direct,7,77.56101824840573,0.28204800645682976,3.9433669492235803,73.33560329272535,0.05779491435363901,2.481553681313497,8.577959178376078,0.08369112357553524
e1_rr_22125001_10_M,persistence,1,49.47898599066044,0.0001606585844866157,8.438577453768383,41.04024787830757,0.6641673935193122,8.596368762322783,8.569294200846775,1.0063289535132638
e1_rr_22125001_10_M,persistence,2,87.43346774193549,0.0004918379292403466,26.79945252292258,60.63352338108366,0.4047789641516625,8.623738766763388,8.515561101974448,1.0255684346471143
e1_rr_22125001_10_M,persistence,3,105.47027027027028,0.0005277574872169308,38.52710436255828,66.94263815022478,0.281153209685305,8.604063180499365,8.525752249766432,1.0184548131558795
e1_rr_22125001_10_M,persistence,4,119.53762711864407,0.001340304510198274,48.76096079588284,70.77532601825105,0.19003814136990874,8.61133450012395,8.568961955316938,1.009914225023329
e1_rr_22125001_10_M,persistence,5,125.52032520325203,0.01005427398447426,53.266026674980445,72.24424425428711,0.1421268032511098,8.518776644928458,8.586830986745316,0.984211949226615
e1_rr_22125001_10_M,persistence,6,127.45658073270013,0.0028724945643068887,55.31421015456472,72.13949808357113,0.1332276074288242,8.579098834789491,8.569893995377228,1.0021493341297505
e1_rr_22125001_10_M,persistence,7,129.77664630006788,0.0011065898091421453,57.33271808612072,72.44282162413803,0.12439255129172248,8.638871394243372,8.577959178376078,1.0142524541961857
e1_rr_22125001_10_M,ridge_direct,1,40.97432380689116,0.030078866882446324,0.10143940212707353,40.842805537881645,0.6661884681763103,6.0272605062247475,8.569294200846775,0.4947090084535672
e1_rr_22125001_10_M,ridge_direct,2,61.32563275876874,0.1222049891288357,0.12637772562044178,61.07705004401946,0.3971519201066031,3.7374678919530098,8.515561101974448,0.1926319858321604
e1_rr_22125001_10_M,ridge_direct,3,67.79434968426943,0.27310778544198033,0.2025622787443035,67.31867962008316,0.27179734291929925,2.767346001159857,8.525752249766432,0.10535654206501677
e1_rr_22125001_10_M,ridge_direct,4,71.73865617130987,0.3856822127726697,0.3561955152655985,70.99677844327161,0.18193005813117197,2.1557729219371233,8.568961955316938,0.06329211315516457
e1_rr_22125001_10_M,ridge_direct,5,73.19456559779523,0.42578525175020754,0.31951813592510764,72.44926221011993,0.13198298340097095,1.6985749243881023,8.586830986745316,0.03912943591203885
e1_rr_22125001_10_M,ridge_direct,6,73.09720087779546,0.3997107096714926,0.20125572164415606,72.49623444647983,0.11354416768508953,1.421676819027644,8.569893995377228,0.027520154283673423
e1_rr_22125001_10_M,ridge_direct,7,73.29387561008964,0.3478837418302592,0.18249177074492906,72.76350009751447,0.10542940763817883,1.3315597104634258,8.577959178376078,0.024096465358417272
e1_rr_22125001_10_M,sarima,1,25.667925622530085,0.05817671162160647,0.16157225137507505,25.448176659533424,0.8049997852201348,6.442953204025242,8.503000670831636,0.5741502091521271
e1_rr_22125001_10_M,sarima,2,56.46627211057634,0.6353346691552036,0.09698204366431494,55.73395539775686,0.4791863395037251,4.387208792574458,8.505646039996664,0.26604922340661463
e1_rr_22125001_10_M,sarima,3,63.16705684024466,0.8588171197285313,0.08088821176691874,62.227351508749194,0.3469579705369597,3.2026413570620296,8.41091162380359,0.14498747137678447
e1_rr_22125001_10_M,sarima,4,101.99880245460744,2.0386967805190572,2.0041833492245313,97.95592232486386,0.09409011606442047,2.3510766241226433,9.94137148704476,0.05592950317907359
e1_rr_22125001_10_M,sarima,5,72.11527516297656,0.12891805367955245,2.048377288001508,69.9379798212955,0.050483398780338515,1.853941600455101,8.373570166346239,0.04901971383621099
e1_rr_22125001_10_M,sarima,6,63.64294907249322,0.009759604275395208,1.8643606972398576,61.76882877097797,0.0011859954007472362,1.3747370606764284,7.8593203048491285,0.030596327715659666
e1_rr_22125001_10_M,sarima,7,81.42805978993616,0.06950607304812285,1.2162732837559294,80.1422804331321,0.05351600151932938,1.5826224583727178,8.965069110160233,0.031163581610148854
e1_rr_22125001_10_M,seasonal_naive,1,130.16010673782523,0.00025634167497036117,57.744040412834444,72.4158099833158,0.11768306032620202,8.60741072101222,8.569294200846775,1.0089158549297432
e1_rr_22125001_10_M,seasonal_naive,2,129.81787634408602,0.0025404851716961845,58.12047764025231,71.694858218662,0.10633425086584687,8.529174557663966,8.515561101974448,1.0031998683691998
e1_rr_22125001_10_M,seasonal_naive,3,129.95135135135135,0.004749817384952377,58.23235445151228,71.71424708245411,0.11576901071511332,8.61803057891809,8.525752249766432,1.0217641125071333
e1_rr_22125001_10_M,seasonal_naive,4,129.95254237288137,0.012665785693766059,57.55986815180475,72.38000843538286,0.11941695157804363,8.610101320963283,8.568961955316938,1.0096249978419385
e1_rr_22125001_10_M,seasonal_naive,5,129.76084010840108,0.016051310580856244,57.141379957622135,72.60340884019811,0.12381002020043474,8.62232747086044,8.586830986745316,1.0082847449434182
e1_rr_22125001_10_M,seasonal_naive,6,129.06784260515605,0.0073071180424509425,56.80354086898596,72.25699461812762,0.12708172251557154,8.625889271880286,8.569893995377228,1.0131105966443503
e1_rr_22125001_10_M,seasonal_naive,7,129.77664630006788,0.0011065898091421453,57.33271808612072,72.44282162413803,0.12439255129172248,8.638871394243372,8.577959178376078,1.0142524541961857
e1_rr_22125001_10_M,stl_ridge_direct,1,349.2044541620565,210.0865011770162,73.62373125922059,65.49422172581977,0.32879590288586796,11.397976042784226,8.569294200846775,1.769152917855925
e1_rr_22125001_10_M,stl_ridge_direct,2,355.56631078102276,204.0151815764997,81.80930442051992,69.74182478400319,0.19555018329053422,10.710069141714836,8.515561101974448,1.5818234520741539
e1_rr_22125001_10_M,stl_ridge_direct,3,355.22771521064146,201.2368203116086,83.09159754271926,70.89929735631347,0.1568885184416167,10.45305190027285,8.525752249766432,1.503213947864122
e1_rr_22125001_10_M,stl_ridge_direct,4,350.5681044255569,198.31971713596593,80.23262297828228,72.01576431130877,0.13863993008041703,10.145266776648624,8.568961955316938,1.4017498357595453
e1_rr_22125001_10_M,stl_ridge_direct,5,345.14466042430945,196.65214321708538,76.04390616169292,72.44861104553115,0.13201643539222557,9.853918532750832,8.586830986745316,1.3168979002075991
e1_rr_22125001_10_M,stl_ridge_direct,6,340.6796194500426,196.80523262641972,71.70560376428595,72.16878305933695,0.1317226311521804,9.596765126369428,8.569893995377228,1.2540037402205562
e1_rr_22125001_10_M,stl_ridge_direct,7,340.0938409188263,197.98255841661498,69.74507738090682,72.36620512130457,0.1285097478107821,9.453703200293017,8.577959178376078,1.214607550804526
e1_rr_43004005_10_M,hgb_direct,1,54.50900798757274,0.07486566742978247,0.5118194182049088,53.92232290193805,0.5900999315512541,6.082749979604197,9.095636410579399,0.4472329047300539
e1_rr_43004005_10_M,hgb_direct,2,71.72860593689207,0.18512818947495227,1.0585380672686355,70.48493968014849,0.35484062604505306,4.215279192317,8.979880449417525,0.22034925154365256
e1_rr_43004005_10_M,hgb_direct,3,76.99482584894031,0.3149485993996812,1.6057670695779507,75.07411017996269,0.2550187270675737,3.552363253899204,8.960810965503358,0.15715930756701266
e1_rr_43004005_10_M,hgb_direct,4,80.52559050916531,0.4130581830114598,2.311371879866145,77.8011604462877,0.18476469738453366,3.178586788785256,8.975021465399953,0.12542876787840293
e1_rr_43004005_10_M,hgb_direct,5,82.40420338203835,0.27253756016088904,2.634647499689327,79.49701832218813,0.12621705377813136,2.757597364192858,8.98799015768453,0.09413183702625007
e1_rr_43004005_10_M,hgb_direct,6,83.7117938115055,0.21461256155741276,3.4123792314908044,80.08480201845728,0.10303331668773029,2.7742424142327535,8.996893549174187,0.09508316959017774
e1_rr_43004005_10_M,hgb_direct,7,84.06869287604631,0.2917191043618247,3.5163076736839987,80.2606660980005,0.08737448308248869,2.6609605105687026,8.993226001095026,0.08754792238315547
e1_rr_43004005_10_M,persistence,1,64.75378962235783,0.0019036293832435025,13.062884182024833,51.68900181094978,0.6125463508441762,9.185760114067953,9.095636410579399,1.0199150873512381
e1_rr_43004005_10_M,persistence,2,99.07489428940599,0.0025315464379572646,31.408007700726337,67.66435504224171,0.4011111015492966,9.206214501483952,8.979880449417525,1.051044416442529
e1_rr_43004005_10_M,persistence,3,109.49440686036598,0.010374706705853606,38.34413886119235,71.13989329246782,0.33768460762284375,9.21819237214765,8.960810965503358,1.058271018370742
e1_rr_43004005_10_M,persistence,4,124.99601308634648,0.011058631242388524,49.325853718538696,75.65910073656538,0.24643575208623356,9.235002862987127,8.975021465399953,1.0587735343988913
e1_rr_43004005_10_M,persistence,5,132.78862124481014,0.0031359546560342415,55.075319694372965,77.7101655957811,0.19506318873424355,9.174500822980152,8.98799015768453,1.0419328042295803
e1_rr_43004005_10_M,persistence,6,132.0787737469268,6.278089541314881e-05,54.2714786984859,77.80723226754547,0.1968589090199111,9.138036504756052,8.996893549174187,1.0316220432559404
e1_rr_43004005_10_M,persistence,7,137.43549594807988,0.0009716079424616134,58.79545108915779,78.6390732509796,0.16638550235468894,9.164161613283516,8.993226001095026,1.0383755755133608
e1_rr_43004005_10_M,ridge_direct,1,51.94162625558425,0.07910006667572285,0.09059988087493284,51.77192630803359,0.6117276258569961,5.865050208084705,9.095636410579399,0.41579310715636714
e1_rr_43004005_10_M,ridge_direct,2,67.63159550228823,0.17371869673580576,0.006687139526941617,67.45118966602548,0.4043928695001499,3.713174554850939,8.979880449417525,0.17098169642034858
e1_rr_43004005_10_M,ridge_direct,3,71.91250662472369,0.27649267243231157,0.017701969016595757,71.61831198327478,0.3287441494048967,2.812765432064246,8.960810965503358,0.09853088890471655
e1_rr_43004005_10_M,ridge_direct,4,75.97955933056066,0.3353222664348954,0.05646474090206402,75.58777232322369,0.24822587704660443,1.9902094679256968,8.975021465399953,0.04917298630089584
e1_rr_43004005_10_M,ridge_direct,5,77.84741906736618,0.353965101509577,0.04024638534071089,77.4532075805159,0.2030528310905234,1.6244218295968618,8.98799015768453,0.03266423247119015
e1_rr_43004005_10_M,ridge_direct,6,78.39084352292635,0.2860943023469373,0.013486392763989604,78.09126282781543,0.18773507405317733,1.5729015472998338,8.996893549174187,0.0305645436182838
e1_rr_43004005_10_M,ridge_direct,7,78.97641459392598,0.29960536523773185,0.0005441611612329168,78.67626506752703,0.1649978339180042,1.460535547926785,8.993226001095026,0.026375047385708037
e1_rr_43004005_10_M,sarima,1,54.246689419746616,0.1596139720491877,0.950734403639645,53.13634104405776,0.6218924134092191,4.813794809452946,9.308444334502958,0.2674366581098202
e1_rr_43004005_10_M,sarima,2,64.07653543730237,0.36420165333903365,1.955614789787014,61.756718994176325,0.49999127555632683,3.1385941518327445,9.07421259159618,0.1196333937348953
e1_rr_43004005_10_M,sarima,3,61.92208630912184,0.4651146590273027,1.8783330704423873,59.57863857965214,0.42378159704505974,2.240848287063674,8.521774496244301,0.06914564518544575
e1_rr_43004005_10_M,sarima,4,62.20560804512847,0.06261350722423015,0.12038577445248982,62.02260876345175,0.1602795184433934,1.6257716260137571,7.978593311572464,0.04152086783849873
e1_rr_43004005_10_M,sarima,5,78.63150452570605,0.04935521751127504,1.1375610114159647,77.44458829677882,0.056802317890537725,1.5672486393160825,8.814492177703215,0.03161412815889434
e1_rr_43004005_10_M,sarima,6,67.27055923750586,0.14033768419915396,3.7872202214046196,63.3430013319021,-0.06754772235931987,1.4072465457345913,7.977050886450671,0.031121151493601257
e1_rr_43004005_10_M,sarima,7,67.84442494850558,8.220137354828822e-05,0.24990698294781072,67.59443576418424,0.10920135357857554,1.403116533869663,8.271047289956275,0.028778388864055458
e1_rr_43004005_10_M,seasonal_naive,1,140.0389598028763,0.07647498572839864,59.44586031390443,80.51662450324346,0.16358876793480237,9.198058110985242,9.095636410579399,1.0226478625901123
e1_rr_43004005_10_M,seasonal_naive,2,136.6985175378963,0.05225786892434008,58.3947240995109,78.25153556946104,0.17204019936601703,9.186544493255191,8.979880449417525,1.0465578891700646
e1_rr_43004005_10_M,seasonal_naive,3,137.06393188397053,0.030248727958844236,58.9653832907814,78.0682998652303,0.16656894281177856,9.171484870669818,8.960810965503358,1.0475739169886653
e1_rr_43004005_10_M,seasonal_naive,4,137.10229621285836,0.011707254513753634,58.71139650768381,78.37919245066078,0.16420115345005656,9.136045107256601,8.975021465399953,1.036204510488659
e1_rr_43004005_10_M,seasonal_naive,5,136.78590346447493,0.0010634332239915765,58.259398895589335,78.52544113566155,0.16720526681692927,9.135623770987081,8.98799015768453,1.0331211093894197
e1_rr_43004005_10_M,seasonal_naive,6,137.19465193890048,8.440735140554078e-05,58.5101403149207,78.68442721662838,0.1670819649830109,9.152410787728181,8.996893549174187,1.0348701130481452
e1_rr_43004005_10_M,seasonal_naive,7,137.43549594807988,0.0009716079424616134,58.79545108915779,78.6390732509796,0.16638550235468894,9.164161613283516,8.993226001095026,1.0383755755133608
e1_rr_43004005_10_M,stl_ridge_direct,1,485.0634986191215,337.48570150718007,75.68633876562473,71.89145834631691,0.3619631748230872,11.992075013896503,9.095636410579399,1.7382910333109236
e1_rr_43004005_10_M,stl_ridge_direct,2,494.15324153100244,338.4279765199362,80.67862141976767,75.04664359129873,0.26332849327652164,11.346786277849901,8.979880449417525,1.5966313037249018
e1_rr_43004005_10_M,stl_ridge_direct,3,493.3548311700475,337.09954928537314,80.02246538787617,76.23281649679816,0.22495363686765968,10.96129469117957,8.960810965503358,1.4963358331121372
e1_rr_43004005_10_M,stl_ridge_direct,4,492.2847628186811,335.4388286339358,79.28266399714855,77.5632701875969,0.19259096678716286,10.632589372195518,8.975021465399953,1.4034827909733105
e1_rr_43004005_10_M,stl_ridge_direct,5,488.00661554056916,333.7152126347764,76.09543227984068,78.19597062595237,0.17898607721908,10.331994686969832,8.98799015768453,1.3214269870276298
e1_rr_43004005_10_M,stl_ridge_direct,6,483.14553017652844,332.56072013374086,72.16610199641663,78.41870804637112,0.176632761316636,10.084209540644595,8.996893549174187,1.2563150394097655
e1_rr_43004005_10_M,stl_ridge_direct,7,481.0343275945843,331.53479507510957,71.06177680130376,78.43775571817066,0.1737045843350243,9.991979339214016,8.993226001095026,1.2344458382197825
e1_rr_43004006_10_M,hgb_direct,1,87.38851987054068,0.053438085629678715,1.3854297332704422,85.94965205164054,0.503559678186554,6.580592478882451,10.730703670985957,0.3760742426599971
e1_rr_43004006_10_M,hgb_direct,2,107.21102137690096,0.1223744723433111,2.081907364790004,105.00673953976764,0.2970065904448974,4.630218403175554,10.731535552715131,0.1861569334216844
e1_rr_43004006_10_M,hgb_direct,3,112.06021141132136,0.1491222158932579,2.7049556800462264,109.20613351538186,0.23677955428694566,4.191485070838885,10.756039016487215,0.15185570397214473
e1_rr_43004006_10_M,hgb_direct,4,116.04483017838598,0.17661268556083373,3.6552141223240135,112.21300337050114,0.17606117390839726,3.806484170283251,10.76116158709878,0.12512086862313423
e1_rr_43004006_10_M,hgb_direct,5,118.06958806647866,0.2631641277370308,4.519079025734515,113.28734491300713,0.13703842673421762,3.5982937731971205,10.745024236654034,0.11214461794211036
e1_rr_43004006_10_M,hgb_direct,6,118.49237684697238,0.31076918858099367,4.590134063276781,113.59147359511458,0.13345408665751327,3.5776418483603964,10.754125769259737,0.11067346351995953
e1_rr_43004006_10_M,hgb_direct,7,120.03738836203325,0.3457770644161924,5.4484494863903565,114.24316181122673,0.10620018915698244,3.475763651003505,10.749248765292867,0.104554865301192
e1_rr_43004006_10_M,persistence,1,108.78657106491553,0.0010847314067466485,25.675977548141528,83.10950878536728,0.5274822311773789,10.727402398880578,10.730703670985957,0.9993848000293655
e1_rr_43004006_10_M,persistence,2,162.58611534197956,0.006606718963385262,57.49356096605483,105.08594765696135,0.29584648122501395,10.757337886251312,10.731535552715131,1.0048144745528285
e1_rr_43004006_10_M,persistence,3,177.1354034934441,0.010795263145846015,67.77224980580097,109.3523584244973,0.23409537789931356,10.750329303339562,10.756039016487215,0.9989386059918826
e1_rr_43004006_10_M,persistence,4,188.59948713927758,0.006266936859627492,76.83295213182457,111.76026807059334,0.18683436643916604,10.775995590933638,10.76116158709878,1.0027588523551918
e1_rr_43004006_10_M,persistence,5,193.38323944429422,0.006184371759826494,81.10707071433767,112.26998435819674,0.16610610579691093,10.790760541230837,10.745024236654034,1.0085311381508968
e1_rr_43004006_10_M,persistence,6,188.97210039037802,0.002041439480252357,77.4374456335081,111.5326133173896,0.1887122551708513,10.829290190651367,10.754125769259737,1.0140275645807937
e1_rr_43004006_10_M,persistence,7,193.8533798855536,3.532908610680507e-05,81.5678804212798,112.28546413518772,0.16799239435258567,10.837285846532957,10.749248765292867,1.016447213758479
e1_rr_43004006_10_M,ridge_direct,1,82.6008594261491,0.08804366427241037,0.3177690912229682,82.19504667065374,0.5349571273204958,6.304176522713779,10.730703670985957,0.3451439989374162
e1_rr_43004006_10_M,ridge_direct,2,102.84109415303165,0.181272820448843,0.07482046897153867,102.58500086361128,0.33051654203217595,3.8204833266286924,10.731535552715131,0.1267397598758236
e1_rr_43004006_10_M,ridge_direct,3,107.38822651788013,0.2422712698453272,0.06466274447673133,107.08129250355807,0.2728201945036017,3.188753359572877,10.756039016487215,0.08788952564673293
e1_rr_43004006_10_M,ridge_direct,4,109.92498036835475,0.3571112878564197,0.023470387815742025,109.54439869268258,0.23246927800283526,2.654839947051295,10.76116158709878,0.060863704470883795
e1_rr_43004006_10_M,ridge_direct,5,110.88186996329883,0.4211745275557357,0.01181634337040498,110.4488790923727,0.20824133693194374,2.346261217749076,10.745024236654034,0.04768018427839447
e1_rr_43004006_10_M,ridge_direct,6,111.32876070992029,0.40989212243344225,0.014751128034626401,110.90411745945218,0.20259990796362787,2.3002391130524886,10.754125769259737,0.045750489520756055
e1_rr_43004006_10_M,ridge_direct,7,112.54619134420973,0.47588512197372396,0.02499250388142741,112.04531371835458,0.17406847764830952,2.029195544860412,10.749248765292867,0.03563621520083286
e1_rr_43004006_10_M,sarima,1,60.09618535072536,0.056106671513265996,0.6738006505287416,59.36627802868336,0.5437586286021026,5.81301987862039,9.180849746795857,0.400901661898133
e1_rr_43004006_10_M,sarima,2,126.061047139877,0.22249217094574048,0.1292439218442872,125.70931104708698,0.2926116502827873,3.071428802020577,11.72521294194944,0.06861821678191324
e1_rr_43004006_10_M,sarima,3,116.05133350542721,0.0032252311359467893,0.23648591354474052,115.81162236074655,0.23430623298162997,2.1074087277895432,11.069730703613278,0.03624294141818979
e1_rr_43004006_10_M,sarima,4,94.91216991432657,0.007240787712078661,1.9898363771710035,92.91509274944347,0.02594266686195515,1.6607675824652577,9.642492870760856,0.029664638828573862
e1_rr_43004006_10_M,sarima,5,82.77959927917337,0.10313787439648182,3.9772119492877165,78.69924945548915,-0.08873916313964679,1.203948688623446,8.906396381843233,0.018273086782191306
e1_rr_43004006_10_M,sarima,6,128.750021349206,0.1555901959758847,0.5142534688633975,128.0801776843667,0.04476896016851846,1.2242847624684725,11.32860976350012,0.011679161252006996
e1_rr_43004006_10_M,sarima,7,126.4330681797225,0.8297909804545873,3.337837316953171,122.26543988231475,-0.07875156142942058,0.9534768789760478,11.091818547479702,0.007389496025638933
e1_rr_43004006_10_M,seasonal_naive,1,191.4953831582543,0.009247886741928928,79.49908314270249,111.98705212880988,0.16568399296243383,10.694131666616693,10.730703670985957,0.9931952863887791
e1_rr_43004006_10_M,seasonal_naive,2,192.47293439389762,0.0034747135007340622,80.38309118819582,112.08636849220103,0.16352242035048623,10.720508449600409,10.731535552715131,0.9979459719152046
e1_rr_43004006_10_M,seasonal_naive,3,193.87719603886356,0.001727242103335008,81.2179752408056,112.65749355595464,0.16196400950370626,10.75419280504933,10.756039016487215,0.9996567411127208
e1_rr_43004006_10_M,seasonal_naive,4,194.156350228156,0.0020206614902656323,81.42753154235479,112.72679802431097,0.16297460666324204,10.777516570260866,10.76116158709878,1.0030419413945857
e1_rr_43004006_10_M,seasonal_naive,5,194.01331042380752,0.0002313549292529298,81.71909304289842,112.29398602597982,0.16547915797223448,10.817938902877616,10.745024236654034,1.0136178496111714
e1_rr_43004006_10_M,seasonal_naive,6,193.53812799790535,9.5367431640625e-07,81.16407216621303,112.37405487801794,0.16833488287043813,10.81940501089985,10.754125769259737,1.0121771626439202
e1_rr_43004006_10_M,seasonal_naive,7,193.8533798855536,3.532908610680507e-05,81.5678804212798,112.28546413518772,0.16799239435258567,10.837285846532957,10.749248765292867,1.016447213758479
e1_rr_43004006_10_M,stl_ridge_direct,1,794.0350648118973,582.617817273579,107.96221094703442,103.4550365912837,0.318664817207499,13.809984283509493,10.730703670985957,1.6562655347887045
e1_rr_43004006_10_M,stl_ridge_direct,2,809.2406434665817,586.6302466109455,113.99690418222733,108.61349267340897,0.238526751858731,13.236691593942629,10.731535552715131,1.5213711031585426
e1_rr_43004006_10_M,stl_ridge_direct,3,814.5105989965859,589.2022661562314,115.00361475423873,110.30471808611561,0.21579809680457504,13.045106581138329,10.756039016487215,1.4709249873761483
e1_rr_43004006_10_M,stl_ridge_direct,4,817.1763886690728,593.1971865151615,112.65096838808756,111.32823376582384,0.19656516209338717,12.72898552158981,10.76116158709878,1.3991661173639585
e1_rr_43004006_10_M,stl_ridge_direct,5,815.69684320114,594.9922248631719,109.20485078908989,111.49976754887825,0.18510091786284893,12.439026326004786,10.745024236654034,1.340164084842201
e1_rr_43004006_10_M,stl_ridge_direct,6,809.9218286842073,594.3725378972142,103.7942906298743,111.75500015711845,0.18354673977475677,12.161833027334144,10.754125769259737,1.2789331684329437
e1_rr_43004006_10_M,stl_ridge_direct,7,807.9858405227061,595.486311399619,100.68057473042118,111.81895439266596,0.17960754374730872,11.96461720282329,10.749248765292867,1.2389146522285046
e1_rr_44013007_10_M,hgb_direct,1,203.04184055511473,0.010266349093174455,0.5747866792245432,202.45678752679703,0.4575279890438548,8.0794218420264,16.001807857752134,0.2549308919802797
e1_rr_44013007_10_M,hgb_direct,2,240.82912535957612,0.0030479999995281196,4.913951976954639,235.91212538262192,0.2847417551465521,6.77907605402335,16.022702744490527,0.17900677204405616
e1_rr_44013007_10_M,hgb_direct,3,241.3305612698893,0.0069189216034507535,4.574716201792889,236.74892614649292,0.28166875042128825,6.655674611428391,16.035914468324478,0.17226486213920025
e1_rr_44013007_10_M,hgb_direct,4,238.61721622109107,0.025149118652621257,3.9236513114946123,234.66841579094387,0.28081901142672816,6.46301688246121,15.96115587612979,0.16396150758821754
e1_rr_44013007_10_M,hgb_direct,5,237.18985093938977,0.09917172862513823,2.930380756681984,234.1602984540827,0.28328689344167646,6.231940882558159,15.955928402402781,0.1525465858102479
e1_rr_44013007_10_M,hgb_direct,6,235.64968739744558,0.13465819419357766,2.9828534326697778,232.5321757705822,0.2874016905526233,6.30272936211641,15.92069770473967,0.15672314045074687
e1_rr_44013007_10_M,hgb_direct,7,231.8073049850074,0.09509454093118001,2.151559487685414,229.5606509563908,0.30127252926463605,6.25389435714134,15.889516559884767,0.15491009259470057
e1_rr_44013007_10_M,persistence,1,300.1459762944479,0.005236594361243265,85.57231387948265,214.56842582060398,0.4025313196833089,15.691759299061317,16.001807857752134,0.9616237321537219
e1_rr_44013007_10_M,persistence,2,434.2923462986198,0.001612067839089065,183.22033886887874,251.07039536190197,0.14843703174217757,15.914253203349384,16.022702744490527,0.986508827765293
e1_rr_44013007_10_M,persistence,3,467.09962168978564,0.000311680546522299,211.7728895230994,255.32642048613974,0.08422372426352279,15.903023121417043,16.035914468324478,0.9834944611695633
e1_rr_44013007_10_M,persistence,4,491.41191381495565,0.0003148488163452067,236.73865339646466,254.67294556967465,0.01832521379153726,15.678805427729195,15.96115587612979,0.9649332313930449
e1_rr_44013007_10_M,persistence,5,495.61974522292996,0.0017140654793299458,241.06129103036375,254.55674012708687,0.011710067836872905,15.712993625925803,15.955928402402781,0.9697810888201485
e1_rr_44013007_10_M,persistence,6,413.52658552210124,0.00014814991129472152,167.5356398704754,245.99079750171452,0.1717613110424801,15.67811583110707,15.92069770473967,0.9697583885096632
e1_rr_44013007_10_M,persistence,7,359.82273603082854,0.008792826149459258,127.503073658481,232.31086954619806,0.28261666348839154,15.782368048299327,15.889516559884767,0.9865587802590255
e1_rr_44013007_10_M,ridge_direct,1,204.1396224668264,6.395676618544905e-06,0.10376680750328157,204.03584926364653,0.4507383326482176,7.534756750576915,16.001807857752134,0.2217177026388804
e1_rr_44013007_10_M,ridge_direct,2,233.71431463387245,0.001470150228440905,0.18560322005877974,233.5272412635852,0.3006117756540893,5.2474300445403985,16.022702744490527,0.10725604133970151
e1_rr_44013007_10_M,ridge_direct,3,236.6851370254132,7.160298031411067e-05,0.44139678906835333,236.24366863336454,0.28513525999049516,5.2367816342921385,16.035914468324478,0.10664523790781538
e1_rr_44013007_10_M,ridge_direct,4,234.72585773601327,0.006488788555286472,0.3932489491918524,234.32611999826614,0.28320121135612814,5.147314324731803,15.96115587612979,0.10399984722695821
e1_rr_44013007_10_M,ridge_direct,5,233.96435754889427,0.025765440448998485,0.2057495946876301,233.73284251375762,0.2862349567682206,5.0207407668839235,15.955928402402781,0.09901282202757723
e1_rr_44013007_10_M,ridge_direct,6,232.99723748264623,0.042203239265160244,0.15415146394207097,232.80088277943898,0.28555141793324557,4.938799076985748,15.92069770473967,0.09623178113706012
e1_rr_44013007_10_M,ridge_direct,7,231.67883570718553,0.023015526966261086,0.11157996530799029,231.5442402149113,0.2879385594247888,4.909240382492519,15.889516559884767,0.0954568783902243
e1_rr_44013007_10_M,sarima,1,204.5654393044744,0.8157762519273974,6.3002310005989495,197.44943205194807,0.39837580681695844,8.613067319998992,15.319808883881256,0.3160887131912815
e1_rr_44013007_10_M,sarima,2,280.9335658295503,0.9692235489151341,9.611335599001068,270.3530066816341,0.2279070071694833,6.948841643746255,16.886827131097053,0.16932797485227608
e1_rr_44013007_10_M,sarima,3,288.94903414864194,3.2979689492576783,5.368805827971926,280.28225937141235,0.1720658858226583,5.241346510281411,16.995107002231048,0.0951125746527263
e1_rr_44013007_10_M,sarima,4,225.7028992174262,0.95123095697833,8.479510135416902,216.27215812503096,0.16414972050482762,5.359172948319429,14.908420778238387,0.12922075121023774
e1_rr_44013007_10_M,sarima,5,145.11485493619602,0.28983390467643666,5.096383216972772,139.7286378145468,0.2297048996819582,5.047386952182121,12.145452313645377,0.17270535949170632
e1_rr_44013007_10_M,sarima,6,171.52899189135945,1.6095909274841647,0.6962354107008089,169.22316555317448,0.32321307056197385,5.277423966778683,13.746401833030554,0.1473892809312945
e1_rr_44013007_10_M,sarima,7,206.5882687516599,4.401917473898307,7.74580314610953,194.44054813165204,0.2826514549335548,6.892024819577546,14.53697281839502,0.22477381085804055
e1_rr_44013007_10_M,seasonal_naive,1,366.0748596381784,0.09964006197051918,128.50272702818054,237.47249254802736,0.2694117065966428,15.646978695761659,16.001807857752134,0.9561430660924822
e1_rr_44013007_10_M,seasonal_naive,2,366.5633626097867,0.08842601411503964,128.51174012671203,237.9631964689596,0.2703489581637501,15.668022865658253,16.022702744490527,0.9562178400490231
e1_rr_44013007_10_M,seasonal_naive,3,366.1128625472888,0.04897876914807922,128.0892480020753,237.97463577606553,0.27307650769512914,15.696683574118712,16.035914468324478,0.9581386176669051
e1_rr_44013007_10_M,seasonal_naive,4,362.08428390367555,0.006891735379207911,127.14762691308871,234.9297652552076,0.27898646158151086,15.728922053013372,15.96115587612979,0.97111182534897
e1_rr_44013007_10_M,seasonal_naive,5,360.0757961783439,0.0001172461357458744,125.62165998745917,234.45401894474907,0.2812432602715549,15.695604211419317,15.955928402402781,0.9676357823094123
e1_rr_44013007_10_M,seasonal_naive,6,357.6194746957079,0.0003693488093220061,124.18993898113071,233.4291663657678,0.28117764698611747,15.620598293251971,15.92069770473967,0.9626560300122126
e1_rr_44013007_10_M,seasonal_naive,7,359.82273603082854,0.008792826149459258,127.503073658481,232.31086954619806,0.28261666348839154,15.782368048299327,15.889516559884767,0.9865587802590255
e1_rr_44013007_10_M,stl_ridge_direct,1,1019.0427481284837,616.8233799976874,173.72810600502575,228.49126212577042,0.3281122859831549,18.430985569804395,16.001807857752134,1.32665810799108
e1_rr_44013007_10_M,stl_ridge_direct,2,1023.2955289480541,609.9810204814092,178.1553825556845,235.15912591096009,0.28984641070613765,17.991608881631368,16.022702744490527,1.2608645996195706
e1_rr_44013007_10_M,stl_ridge_direct,3,1024.2506844082986,610.046990923081,177.81611914309931,236.38757434211809,0.28415224779343345,17.89141219861618,16.035914468324478,1.2448063087216623
e1_rr_44013007_10_M,stl_ridge_direct,4,1026.477013501115,613.9352802347032,178.4501057466306,234.0916275197814,0.28482165681725824,17.904604701240785,15.96115587612979,1.2583480959650588
e1_rr_44013007_10_M,stl_ridge_direct,5,1016.2593550260807,616.2551681065664,166.5615231945826,233.44266372493166,0.2882190689732836,17.504674484490693,15.955928402402781,1.203549399144306
e1_rr_44013007_10_M,stl_ridge_direct,6,1002.5187953272816,613.009768148581,157.43941276563598,232.06961441306467,0.29055921479586,17.17339173672136,15.92069770473967,1.1635577969715523
e1_rr_44013007_10_M,stl_ridge_direct,7,1002.1115279592012,614.1583244171106,156.61060904763517,231.34259449445523,0.2893221120134894,17.111604538985823,15.889516559884767,1.1597385721543236
e1_rr_44216001_10_M,hgb_direct,1,73.2404408440534,0.16076407399299056,0.0021439224969971474,73.0775328475634,0.5786554269473979,6.018959872819182,10.48164780120376,0.32974921520338374
e1_rr_44216001_10_M,hgb_direct,2,104.95515037597815,0.2554886333200918,1.781867595320734,102.91779414733733,0.26109022411153726,4.0787584275908415,10.509364351231921,0.15062708461278954
e1_rr_44216001_10_M,hgb_direct,3,110.46706611558263,0.2999992255462927,2.741749826391124,107.42531706364522,0.16962924917731342,3.4398192272722,10.517031880812617,0.10697563141951294
e1_rr_44216001_10_M,hgb_direct,4,113.23293455320679,0.3360102208653342,3.784439845189804,109.11248448715165,0.11120122714495848,3.114186609166907,10.510881577121104,0.08778311337277372
e1_rr_44216001_10_M,hgb_direct,5,110.91933049651476,0.2628725581855236,4.066366159694241,106.590091778635,0.08709848707729655,2.9191800063929616,10.36363261289093,0.07934101165182095
e1_rr_44216001_10_M,hgb_direct,6,111.44914677092413,0.20663815962827345,4.77544626565892,106.46706234563698,0.05124190253096944,2.7147036638256186,10.33186103013325,0.06903792759657469
e1_rr_44216001_10_M,hgb_direct,7,110.96032486684027,0.18686420411775292,4.069859024324245,106.70360163839824,0.055950013495681426,2.596245187708618,10.345949735949814,0.06297246313616651
e1_rr_44216001_10_M,persistence,1,88.26472303206997,1.2239798043340569e-05,17.680576241839603,70.58413455043231,0.597944166069728,10.472267883867781,10.48164780120376,0.9982110216792845
e1_rr_44216001_10_M,persistence,2,161.6540035067212,0.0001106738431594275,59.049224244781804,102.6046685880963,0.26646423231393035,10.484719009187947,10.509364351231921,0.9953153314467378
e1_rr_44216001_10_M,persistence,3,182.05909888823874,0.001191845326483725,74.8280885195575,107.22981852335474,0.1747614742439656,10.488295025942481,10.517031880812617,0.9945426438287063
e1_rr_44216001_10_M,persistence,4,192.1558289396602,0.002538223497511353,83.49658183323417,108.65670888292853,0.12841797694106197,10.4874325535714,10.510881577121104,0.9955431203686775
e1_rr_44216001_10_M,persistence,5,196.61466275659825,0.007947644069108565,90.20043069226858,106.40628442026056,0.0964235271829944,10.496688741699577,10.36363261289093,1.0258423414372249
e1_rr_44216001_10_M,persistence,6,202.47974163241338,0.01449033500689106,96.19663435775536,106.26861693965114,0.0669682913122378,10.499895372372121,10.33186103013325,1.0327919185614067
e1_rr_44216001_10_M,persistence,7,205.1387419165197,0.019086535188174648,98.41318976443057,106.70646561690091,0.055710389760477194,10.496719112358884,10.345949735949814,1.0293579508285111
e1_rr_44216001_10_M,ridge_direct,1,69.84767647178835,0.02830336951564696,0.12902308044228827,69.6903500218304,0.6047086308786028,6.697540720334536,10.48164780120376,0.4082926859463594
e1_rr_44216001_10_M,ridge_direct,2,104.63512243424957,0.07933860261480026,1.6581892712567006,102.89759456037808,0.2614402321207393,4.035277637336308,10.509364351231921,0.1474327422244373
e1_rr_44216001_10_M,ridge_direct,3,109.11576660034741,0.10792513073855413,1.6973676525163648,107.3104738170925,0.17266259917733626,3.1187286909588288,10.517031880812617,0.08793642595491905
e1_rr_44216001_10_M,ridge_direct,4,110.39147535580369,0.1462862678515112,1.5474452091173747,108.69774387883481,0.12696356778891682,2.578462533590546,10.510881577121104,0.06017877796965013
e1_rr_44216001_10_M,ridge_direct,5,108.12799582082258,0.13800131332523963,1.5670032009390145,106.42299130655833,0.09561352447782377,2.2427034249098923,10.36363261289093,0.04682951657613755
e1_rr_44216001_10_M,ridge_direct,6,107.80665786841378,0.1475564639317605,1.4629957548050816,106.19610564967697,0.07186119647331587,1.9520035096846826,10.33186103013325,0.03569472795420198
e1_rr_44216001_10_M,ridge_direct,7,107.81845685070064,0.1575486340620357,1.1580712844579177,106.50283693218067,0.07075331593847971,1.8081474555709185,10.345949735949814,0.030544073835114358
e1_rr_44216001_10_M,sarima,1,42.94146703630466,0.1888074714380447,0.0768063641291172,42.67585320073749,0.5175886764383708,4.2288953019535285,7.634934593018424,0.3067914304963428
e1_rr_44216001_10_M,sarima,2,61.98165368528594,0.04304004495394661,0.36334771241470465,61.5752659279173,0.2756679398805256,2.853141928947742,8.163294669781443,0.12215628181305732
e1_rr_44216001_10_M,sarima,3,96.77837945498432,0.1303807113489598,0.1312343368101132,96.51676440682523,0.1830358666512018,2.1913614377477604,9.993115942021175,0.04808683322960092
e1_rr_44216001_10_M,sarima,4,106.08844620888522,0.2381705979782516,0.00029908652866131736,105.84997652437833,0.1749079182663189,1.810392486557131,10.449421747161239,0.03001656289962456
e1_rr_44216001_10_M,sarima,5,92.71290471919939,0.5671323772032135,0.0002479388288224554,92.14552440316733,0.14184477960568512,1.391256922342808,9.697296246821212,0.020583221610631485
e1_rr_44216001_10_M,sarima,6,44.73770595052107,0.012297048025084004,0.10502610436444564,44.62038279813154,0.13380945812432382,1.2260153469953436,6.740465489601941,0.03308354461339138
e1_rr_44216001_10_M,sarima,7,56.14204513036096,0.9644813591708464,0.17330356809330713,55.00426020309682,0.23724557357312634,1.3949423768821658,7.634451513951416,0.033385420697317675
e1_rr_44216001_10_M,seasonal_naive,1,206.5865889212828,0.0072473204192128465,97.21663092622663,109.36271067463697,0.06761168242895764,10.568531279767246,10.48164780120376,1.0166469191397804
e1_rr_44216001_10_M,seasonal_naive,2,207.11630625365282,0.005772802312946527,97.1574539730022,109.95307947833768,0.06685553053831218,10.559457204290128,10.509364351231921,1.0095557133800994
e1_rr_44216001_10_M,seasonal_naive,3,207.3335283791691,0.01146616148768037,97.1805029285982,110.14155928908318,0.06493610225525076,10.540952248154706,10.517031880812617,1.0045540548596346
e1_rr_44216001_10_M,seasonal_naive,4,206.98886936145283,0.011367781926929214,96.92455269034976,110.05294888917618,0.06207315589516907,10.49747039061201,10.510881577121104,0.9974497608941156
e1_rr_44216001_10_M,seasonal_naive,5,204.65454545454546,0.014882568949355674,97.61673283078994,107.02293005480617,0.059633698956023856,10.498139804860983,10.36363261289093,1.0261259861097833
e1_rr_44216001_10_M,seasonal_naive,6,204.37874339401057,0.013930375362603102,97.9685892526706,106.39622376597737,0.05735278795467421,10.49046936198866,10.33186103013325,1.030938426258409
e1_rr_44216001_10_M,seasonal_naive,7,205.1387419165197,0.019086535188174648,98.41318976443057,106.70646561690091,0.055710389760477194,10.496719112358884,10.345949735949814,1.0293579508285111
e1_rr_44216001_10_M,stl_ridge_direct,1,404.2776100166836,197.35342888976314,106.11370823544279,100.81047289147757,0.2870793142224337,13.310215083615606,10.48164780120376,1.6125419497672202
e1_rr_44216001_10_M,stl_ridge_direct,2,427.4304333893189,193.2109234692487,125.65483399153139,108.56467592853882,0.13053910941701247,12.581469763248212,10.509364351231921,1.4332100951172828
e1_rr_44216001_10_M,stl_ridge_direct,3,426.55445480548883,192.02613225896488,125.14575785090598,109.38256469561796,0.10525551036894523,12.293832035803073,10.517031880812617,1.3664324583480894
e1_rr_44216001_10_M,stl_ridge_direct,4,424.7619320733225,190.90346976619955,124.21840899218512,109.6400533149379,0.08712296447800041,12.061070426629918,10.510881577121104,1.3167199649726944
e1_rr_44216001_10_M,stl_ridge_direct,5,420.46181344981443,190.22233962670455,123.42608283508177,106.81339098802812,0.07420987069168379,11.878813033297115,10.36363261289093,1.3137782738705877
e1_rr_44216001_10_M,stl_ridge_direct,6,416.57133697225817,188.63324332544326,121.62643178470655,106.31166186210832,0.06388670375141164,11.68850595838819,10.33186103013325,1.2798553644353072
e1_rr_44216001_10_M,stl_ridge_direct,7,415.00012543381587,188.55659931882747,119.81799554815713,106.62553056683132,0.06212710001240828,11.588904523088441,10.345949735949814,1.2547119708585341
e1_rr_45153999_10_M,hgb_direct,1,157.67243833557694,0.21770960509270176,1.5603913023734162,155.89433742811076,0.5233063679316102,8.916728642742562,14.652167213012419,0.37034575236774303
e1_rr_45153999_10_M,hgb_direct,2,196.5126523508276,0.4853097540542946,3.1278060014006526,192.89953659537267,0.3221236624752851,6.494377911065899,14.670817545094287,0.19595957176021633
e1_rr_45153999_10_M,hgb_direct,3,209.60043000108215,0.6246222498596765,4.9652917331777084,204.0105160180448,0.22762975905833827,5.567235233256546,14.668300794545944,0.1440520786916048
e1_rr_45153999_10_M,hgb_direct,4,210.31348259653825,0.8137867304525492,4.1443324147595915,205.35536345132613,0.20302317045767318,5.007010559488753,14.635015320620179,0.11704979348234497
e1_rr_45153999_10_M,hgb_direct,5,211.9291272263957,0.9420380562779394,4.015117668950371,206.97197150116733,0.17978506417080872,4.633099783481103,14.624818488881136,0.10036038949247444
e1_rr_45153999_10_M,hgb_direct,6,215.4945317306254,1.1960898195613487,5.488569089419533,208.80987282164452,0.13253064823788535,4.274914843189138,14.57885655041169,0.08598209257543035
e1_rr_45153999_10_M,hgb_direct,7,216.21588922875435,1.2266520856282754,5.529153327073422,209.46008381605265,0.11629574454072122,4.046031369068685,14.571609652331377,0.07709805706683356
e1_rr_45153999_10_M,persistence,1,201.34107027724048,5.986030102251205e-05,47.43782235224588,153.90318806469347,0.5320942207509866,14.683845553749707,14.652167213012419,1.0043287228362316
e1_rr_45153999_10_M,persistence,2,314.27102199223805,0.0013593482492063836,114.91656453487494,199.35309810911394,0.27162394487764707,14.704859726456036,14.670817545094287,1.0046461864875291
e1_rr_45153999_10_M,persistence,3,364.8460038986355,0.0009727589495722725,154.86055202501225,209.9844791146737,0.1550805339150234,14.719065891209532,14.668300794545944,1.006933719604062
e1_rr_45153999_10_M,persistence,4,381.3515625,0.003745185004340423,170.0477047869211,211.30011252807458,0.11603029144495619,14.738339170105144,14.635015320620179,1.0141699318608068
e1_rr_45153999_10_M,persistence,5,389.5981735159817,0.009574105491323748,177.7129730030299,211.87562640746052,0.09693352115489236,14.74853808515195,14.624818488881136,1.0169906933643833
e1_rr_45153999_10_M,persistence,6,399.43557880967955,0.012801982684023244,188.00775835587754,211.41501847111792,0.07285154351515517,14.773684318395345,14.57885655041169,1.026906030558648
e1_rr_45153999_10_M,persistence,7,401.3859764089122,0.018757869278508487,190.02067772283775,211.34654081679594,0.06811918593830668,14.777404978852898,14.571609652331377,1.0284455264144605
e1_rr_45153999_10_M,ridge_direct,1,163.44067628604563,0.3593816601731816,2.972975260045998,160.10831936582642,0.504203304468607,9.111902914803354,14.652167213012419,0.38673585220802964
e1_rr_45153999_10_M,ridge_direct,2,208.05847551242985,0.973198325409305,5.0009555046100775,202.0843216824105,0.2471638066894517,5.862376736311233,14.670817545094287,0.15967569550816316
e1_rr_45153999_10_M,ridge_direct,3,217.09718993560168,1.4237147689468175,5.393507775196214,210.2799673914587,0.15058759533251875,4.531256827511105,14.668300794545944,0.09542842194509663
e1_rr_45153999_10_M,ridge_direct,4,216.81798610499118,1.722120861296539,4.0407157737972,211.0551494698975,0.12085832239792663,3.7789165716433883,14.635015320620179,0.06667273105570731
e1_rr_45153999_10_M,ridge_direct,5,216.18877935542957,1.8165872610569846,3.0139473841643416,211.35824471020823,0.10869717267963634,3.325748822457594,14.624818488881136,0.051712784428495376
e1_rr_45153999_10_M,ridge_direct,6,213.41021296716337,1.9450628415891371,1.4863759163639265,209.9787742092103,0.10983976820533853,2.8205083995054903,14.57885655041169,0.037428969426976086
e1_rr_45153999_10_M,ridge_direct,7,210.95771924675037,1.9253068521015433,0.41665162158052377,208.61576077306833,0.13229184563842858,2.5731907052187446,14.571609652331377,0.03118378952338813
e1_rr_45153999_10_M,sarima,1,99.22775667058872,0.7255817971288204,7.740418273275036,90.76175660018484,0.5561482037868964,9.157415072958827,11.463229242319962,0.6381633285041324
e1_rr_45153999_10_M,sarima,2,176.63931314861435,4.399175027911773,0.33596866325325375,171.90416945744934,0.5074237089148304,7.141122805847714,15.215589474651125,0.22027004419050045
e1_rr_45153999_10_M,sarima,3,180.02056552147747,3.902661369207939,0.6669294517344158,175.45097470053514,0.36952883653171115,6.084199679442913,14.254752731823734,0.1821744811097952
e1_rr_45153999_10_M,sarima,4,106.61370321060595,1.0533368565266075,5.268474926337476,100.29189142774185,0.2996599217597351,5.44083418860116,10.496960366855397,0.26866052974208765
e1_rr_45153999_10_M,sarima,5,344.9452122274979,4.571461833156481,14.275082705482227,326.0986676888591,0.0759800901883304,5.154279551404756,18.110553771853628,0.08099766123143011
e1_rr_45153999_10_M,sarima,6,130.09676895384825,6.135164529819827,4.161420727337143,119.80018369669129,0.23991169423583403,4.744865666353334,11.274605078424244,0.17711084937843496
e1_rr_45153999_10_M,sarima,7,190.34465573254678,9.266499495805014,2.6763781897017718,178.40177804704,0.22907991815038106,4.779307674904835,13.721602950940266,0.1213166146310791
e1_rr_45153999_10_M,seasonal_naive,1,403.6808510638298,0.0008417854831287149,189.91246802742913,213.7675412509175,0.06540770577699627,14.739237910018792,14.652167213012419,1.01192033985413
e1_rr_45153999_10_M,seasonal_naive,2,403.53298835705044,2.67769430437693e-05,189.23132273238068,214.3016388477267,0.06577767201327345,14.721149863257716,14.670817545094287,1.0068733262496825
e1_rr_45153999_10_M,seasonal_naive,3,403.4795321637427,0.0010137127768763536,189.279794616764,214.19872383420181,0.06680810706835906,14.737860763337677,14.668300794545944,1.0095068819897204
e1_rr_45153999_10_M,seasonal_naive,4,401.5618489583333,0.0033573574490018045,188.3821190523614,213.17637254852298,0.06857825444586732,14.728880379937255,14.635015320620179,1.0128685990277055
e1_rr_45153999_10_M,seasonal_naive,5,402.3581213307241,0.013633951735444691,189.44229306164982,212.90219431733877,0.06779741193408886,14.755328571506295,14.624818488881136,1.01792738975774
e1_rr_45153999_10_M,seasonal_naive,6,401.36690647482015,0.01511822232564137,189.805965725763,211.54582252673146,0.0684976174567016,14.775625530282847,14.57885655041169,1.027175912209923
e1_rr_45153999_10_M,seasonal_naive,7,401.3859764089122,0.018757869278508487,190.02067772283775,211.34654081679594,0.06811918593830668,14.777404978852898,14.571609652331377,1.0284455264144605
e1_rr_45153999_10_M,stl_ridge_direct,1,599.7840999490077,194.62920930327286,205.35675848006034,199.79813216567445,0.26333855308367743,18.18875470758359,14.652167213012419,1.5409984423296128
e1_rr_45153999_10_M,stl_ridge_direct,2,630.602318796076,181.8156426818101,237.41414253602878,211.3725335782373,0.13392425596946825,17.37302749585277,14.670817545094287,1.4023046754588862
e1_rr_45153999_10_M,stl_ridge_direct,3,637.4059597655545,177.57885835105213,246.80996980058438,213.01713161391802,0.09977493870052342,17.173715628838305,14.668300794545944,1.3707836643106877
e1_rr_45153999_10_M,stl_ridge_direct,4,623.9567153803251,174.8735644152883,236.75613793194216,212.32701303309477,0.09310501107329748,16.749475271608613,14.635015320620179,1.3098333657987526
e1_rr_45153999_10_M,stl_ridge_direct,5,627.1050579803583,174.60533897330706,240.15629664979596,212.34342235725526,0.08490567142352626,16.738707049741354,14.624818488881136,1.3099745188500647
e1_rr_45153999_10_M,stl_ridge_direct,6,621.6166341150703,172.26427042293153,238.20577899189314,211.14658470024543,0.08105744399609376,16.61564136335895,14.57885655041169,1.298934625770637
e1_rr_45153999_10_M,stl_ridge_direct,7,621.1793349768715,171.5443696496131,238.6633671325747,210.97159819468365,0.08003784733179936,16.615013780983766,14.571609652331377,1.300128726471384
e1_rr_50008001_10_M,hgb_direct,1,64.08674271064967,0.006655773770487036,0.1562699020310531,63.92381703484813,0.6191020268205373,6.6983799728373485,10.180987654310673,0.43287224232390104
e1_rr_50008001_10_M,hgb_direct,2,93.67884680125057,0.00024283116052672014,1.852375583263535,91.82622838682653,0.341460100185124,4.8423357654211765,10.195380693234062,0.22558120183172897
e1_rr_50008001_10_M,hgb_direct,3,103.48071872026784,0.0060409665858964555,3.6824302323047178,99.7922475213772,0.22715655129547177,4.249083947828399,10.25776279255559,0.1715873705065659
e1_rr_50008001_10_M,hgb_direct,4,105.32703049731059,0.0008753734475012491,4.255960251174337,101.07019487268876,0.19741857669610824,4.087564259575315,10.255196921545377,0.1588697375123192
e1_rr_50008001_10_M,hgb_direct,5,103.79372980480838,0.00013554359393485444,3.8472618553406823,99.94633240587376,0.20547876646690277,4.060469945743858,10.215294566793576,0.15799771708447197
e1_rr_50008001_10_M,hgb_direct,6,103.37305508111093,0.0007501015561629906,3.595938202613449,99.77636677694134,0.19584526048149448,3.8911888984010097,10.186067189377708,0.14593234301462402
e1_rr_50008001_10_M,hgb_direct,7,102.41505053934796,0.0008728427260435449,3.162657073194341,99.2515206234276,0.2021121150422281,3.834359569730234,10.172440591448641,0.142080785369397
e1_rr_50008001_10_M,persistence,1,76.48972188633616,0.00042255848194759713,14.152000869208125,62.33729845864612,0.6313425754527672,10.189605488109166,10.180987654310673,1.001693643373676
e1_rr_50008001_10_M,persistence,2,135.00667475728156,0.0010342780893580967,43.832286657697125,91.1733538214951,0.35053660885616816,10.194449816417473,10.195380693234062,0.9998174007723085
e1_rr_50008001_10_M,persistence,3,161.21398176291794,0.001117875851110025,61.55491595893534,99.65794792813146,0.229948793544337,10.20445428168138,10.25776279255559,0.9896332187443948
e1_rr_50008001_10_M,persistence,4,167.13520097442145,0.0007180572101697435,66.16796636594502,100.96651655126624,0.1998997741381869,10.184380999395385,10.255196921545377,0.9862369454936974
e1_rr_50008001_10_M,persistence,5,171.06040268456377,5.360491169894802e-05,70.01157751108231,101.04877156856975,0.17792394073805365,10.1848375904822,10.215294566793576,0.9940458745927591
e1_rr_50008001_10_M,persistence,6,166.23824068417838,5.37359750037974e-05,66.38815445876106,99.85003248944234,0.1940241632062737,10.124235801910185,10.186067189377708,0.9878964624692085
e1_rr_50008001_10_M,persistence,7,163.91799265605874,0.0022786892368264096,64.9230629708446,98.99265099597734,0.20820898488993334,10.175478432942993,10.172440591448641,1.0005973581401917
e1_rr_50008001_10_M,ridge_direct,1,61.13876058687839,9.862080726408708e-06,0.0033803784350329388,61.135370346362684,0.6404601416060174,6.578657816733054,10.180987654310673,0.4175368143953775
e1_rr_50008001_10_M,ridge_direct,2,89.05173277764705,0.00011364599953227027,0.14994922611971157,88.90166990552783,0.3804345159369759,4.265907499098955,10.195380693234062,0.17507171028335722
e1_rr_50008001_10_M,ridge_direct,3,97.3397362131594,0.0037713626796162286,0.32157903807139565,97.01438581240838,0.27928512908828595,3.4319199987694957,10.25776279255559,0.11193579990496455
e1_rr_50008001_10_M,ridge_direct,4,98.71557724900862,0.0031204830287306557,0.29131441468415836,98.42114235129573,0.2533033936089684,3.1374116867318227,10.255196921545377,0.09359550924054534
e1_rr_50008001_10_M,ridge_direct,5,99.04410129781691,0.0010288684743789578,0.33581579705719977,98.70725663228534,0.23258438686212504,2.9554141813650343,10.215294566793576,0.08370182302823018
e1_rr_50008001_10_M,ridge_direct,6,98.3662730944853,0.0005827516302694145,0.2303734457382636,98.1353168971168,0.2327483726579498,2.85076290062585,10.186067189377708,0.07832657266795306
e1_rr_50008001_10_M,ridge_direct,7,97.6331473456043,0.004400553281838958,0.13732488821317682,97.49142190410929,0.24053818260123389,2.817434100930467,10.172440591448641,0.0767109231644983
e1_rr_50008001_10_M,sarima,1,61.44210837718987,0.04690495729233547,0.5678492610938545,60.82735415880367,0.59745407108925,6.564306228056674,9.725849690374728,0.4555358478862474
e1_rr_50008001_10_M,sarima,2,103.45048015772751,0.012715529571970693,1.421860575545117,102.01590405261045,0.2842717768752049,4.187199473885006,10.534923844440607,0.15797359462620902
e1_rr_50008001_10_M,sarima,3,77.02641227354253,0.2694302984206645,2.484009223668525,74.27297275145335,0.16690643879873687,3.03496748348739,8.740786176037405,0.12056106957196944
e1_rr_50008001_10_M,sarima,4,90.83318508784714,0.06948350673169346,0.7870987379957286,89.97660284311974,0.14132159471436256,2.2412961409824677,9.58176484342968,0.05471513441054574
e1_rr_50008001_10_M,sarima,5,106.57315223747747,0.2387495605460411,0.3492998982865831,105.98510277864484,0.09962144723854202,1.6217369006767621,10.346375615552489,0.02456882094914007
e1_rr_50008001_10_M,sarima,6,94.4113247723341,1.5336682512236741,0.06566210838212048,92.81199441272828,0.13797516461665515,1.5983208962474946,9.726929574011137,0.02700078631833429
e1_rr_50008001_10_M,sarima,7,102.21055169311056,1.1990764067748232,0.671641244487336,100.33983404184839,0.10226149298818392,1.8492866746913177,10.069767524349858,0.03372636935926525
e1_rr_50008001_10_M,seasonal_naive,1,161.7708585247884,0.0005559787638774377,62.97729161918285,98.79301092684169,0.2165238915017855,10.140250376976585,10.180987654310673,0.9920133925120613
e1_rr_50008001_10_M,seasonal_naive,2,163.01577669902912,0.005845567442737641,63.90503848956484,99.10489264202157,0.21580394387057047,10.194266065240644,10.195380693234062,0.9997813584215013
e1_rr_50008001_10_M,seasonal_naive,3,164.59939209726443,0.003127835108692812,63.91399611035476,100.68226815180098,0.207705491540592,10.125216612789961,10.25776279255559,0.9743238693501788
e1_rr_50008001_10_M,seasonal_naive,4,165.07795371498173,0.003858815710023766,64.46105137506872,100.613043524203,0.2081367767362186,10.16324763250479,10.255196921545377,0.9821481584941123
e1_rr_50008001_10_M,seasonal_naive,5,163.75899938987186,0.0012094608202072058,64.04066882015162,99.71712110890007,0.21075587477899657,10.15547474014033,10.215294566793576,0.988322475370984
e1_rr_50008001_10_M,seasonal_naive,6,163.71166768478926,0.001255332082727978,64.49967943468768,99.21073291801885,0.20930108754480833,10.16312418509634,10.186067189377708,0.9955002916141974
e1_rr_50008001_10_M,seasonal_naive,7,163.91799265605874,0.0022786892368264096,64.9230629708446,98.99265099597734,0.20820898488993334,10.175478432942993,10.172440591448641,1.0005973581401917
e1_rr_50008001_10_M,stl_ridge_direct,1,507.9708792839562,325.4214758277311,94.00590210424802,88.54350135197701,0.3817930940969573,13.582694865343111,10.180987654310673,1.7798855086703773
e1_rr_50008001_10_M,stl_ridge_direct,2,525.4275225944566,327.72908335418066,102.55559335975653,95.14284588051937,0.29101170904454315,13.093948713717134,10.195380693234062,1.6494318536043888
e1_rr_50008001_10_M,stl_ridge_direct,3,529.3045207042733,327.17719887794175,103.53051778556872,98.59680404076293,0.2509208774396542,12.7488815719521,10.25776279255559,1.5446812319558003
e1_rr_50008001_10_M,stl_ridge_direct,4,527.9072502203305,327.6647101209024,100.84681660873404,99.395723490694,0.23429853789220575,12.445029215190207,10.255196921545377,1.472664550049477
e1_rr_50008001_10_M,stl_ridge_direct,5,523.2405709330253,327.21646118984904,97.03960542800363,98.98450431517276,0.22680090942086575,12.167706355320986,10.215294566793576,1.4187819405739974
e1_rr_50008001_10_M,stl_ridge_direct,6,516.7782421192477,327.2576896766097,90.97265010278993,98.54790233984801,0.22404309057098354,11.820076356187762,10.186067189377708,1.3465655237612386
e1_rr_50008001_10_M,stl_ridge_direct,7,513.7645963433059,327.94196415461954,87.46771256018974,98.35491962849669,0.2225172229347989,11.615960702323378,10.172440591448641,1.303947013027621
e1_rr_daily,hgb_direct,1,133.81455486617207,0.0017537576427167575,2.0185323135842927,131.79426879494505,0.43451566164237343,6.9592327558114215,12.746334893025082,0.29809320356169733
e1_rr_daily,hgb_direct,2,165.6769437130484,0.0010210939683693568,8.667612785336356,157.00830983374368,0.1731979764886775,5.147604619039027,12.722571528000739,0.16370447877143712
e1_rr_daily,hgb_direct,3,175.16623714137535,0.0007273085783875897,12.63062406328529,162.53488576951165,0.08216661052089796,4.605048375773338,12.792172403322496,0.12959247547764516
e1_rr_daily,hgb_direct,4,183.81087639628194,6.267717254529684e-05,17.084559084553852,166.72625463455552,0.025558267313414183,4.463469831988538,12.916471483574888,0.11941460010587357
e1_rr_daily,hgb_direct,5,182.67094774697028,0.027348024971581973,15.389782937438163,167.25381678456054,0.019214142871278227,4.17151733332322,12.935052643989463,0.10400439782294464
e1_rr_daily,hgb_direct,6,183.69775552879435,0.03202695757781556,16.318039111988032,167.34768945922846,0.005973647784428905,4.116837511818502,12.936524316275147,0.10127266388075863
e1_rr_daily,hgb_direct,7,184.3261049809912,0.009067855174651283,16.77014097003789,167.54689615577863,0.0030182526034826167,4.1342046695013215,12.944049694611444,0.10201020095952479
e1_rr_daily,persistence,1,149.6993720565149,0.003652940466127039,36.640101782174504,113.05561733387425,0.5514894408536996,13.08257589069545,12.746334893025082,1.053454726049834
e1_rr_daily,persistence,2,263.7386091127098,0.002699678786147676,109.32258653807648,154.41332289584724,0.21454475763814845,13.185305213639236,12.722571528000739,1.0740650185212561
e1_rr_daily,persistence,3,300.0112812248187,0.001038906395183119,138.50430713199967,161.50593518642384,0.114189561653793,13.229517846356046,12.792172403322496,1.0695458950581038
e1_rr_daily,persistence,4,320.0372771474878,0.0010507264459964519,153.97851649490016,166.05770992614163,0.06826741775424439,13.290582175392544,12.916471483574888,1.0587665965191422
e1_rr_daily,persistence,5,327.8990228013029,0.0003209583125550964,160.90342376370234,166.995278079288,0.043753847678933984,13.250729655836217,12.935052643989463,1.0494051370962934
e1_rr_daily,persistence,6,327.3382352941176,0.00026699132812160265,160.34592512869077,166.99204317409874,0.046484432979237766,13.264124146700564,12.936524316275147,1.051288558149505
e1_rr_daily,persistence,7,317.3275720164609,0.03490592558722353,149.96319420681257,167.32947188406112,0.036149551263493396,12.713867619508974,12.944049694611444,0.9647505326390482
e1_rr_daily,ridge_direct,1,119.42459345545737,0.016184687014063212,3.10961890148213e-06,119.40840565882439,0.5148194584583846,6.560297815801412,12.746334893025082,0.2648966469796901
e1_rr_daily,ridge_direct,2,157.83023563219493,0.00961610456744947,1.5267152038613403,156.29390432376613,0.18550245176189378,3.59567138526641,12.722571528000739,0.07987487388350584
e1_rr_daily,ridge_direct,3,165.22669337373964,0.0023143933355947795,2.4160723186360653,162.80830666176794,0.07127748762182985,2.466165911501909,12.792172403322496,0.037166868674262395
e1_rr_daily,ridge_direct,4,169.84474301678625,0.005713921197329573,3.057120974141123,166.78190812144777,0.01787852056524548,1.9793898610814917,12.916471483574888,0.023484153143012127
e1_rr_daily,ridge_direct,5,170.83440694194883,0.014187145444854436,3.5993700778715763,167.22084971863242,0.023795346623670714,2.204994651041792,12.935052643989463,0.029058867145163543
e1_rr_daily,ridge_direct,6,169.67426408372754,0.010359217068825052,2.910118719213666,166.753786147445,0.059870496331184846,2.4804231394019176,12.936524316275147,0.03676345590255883
e1_rr_daily,ridge_direct,7,168.304778640289,0.005712931872372402,1.785517279672739,166.51354842874383,0.07859113857720741,2.3535200979173534,12.944049694611444,0.03305943898943174
e1_rr_daily,sarima,1,325.4599554429609,2.8616765438139105,28.570470045308568,294.02780885383834,0.497919764899329,4.500023755656078,19.772581096945693,0.05179679427494965
e1_rr_daily,sarima,2,149.09590347306104,0.6383742680359874,7.649099672587257,140.8084295324378,0.3884949575086543,2.237265279546299,12.877814134311366,0.030182183860621242
e1_rr_daily,sarima,3,71.06518569971112,0.8127123107852131,0.03473072507065866,70.21774266385525,0.19031242390092803,1.4380694971563812,8.535603068493954,0.02838515874694403
e1_rr_daily,sarima,4,71.32906015491108,0.34452006338912394,0.15874326244211842,70.82579682907986,0.06075732903819511,0.9106942791442549,8.431382783282158,0.011666688530863813
e1_rr_daily,sarima,5,230.66792743542044,0.020150767281178168,15.932641641810946,214.71513502632834,-0.2106526054556053,0.8339917517749259,14.989511125683261,0.003095626624962999
e1_rr_daily,sarima,6,384.2180847511789,0.20033689078142095,20.083292050574784,363.93445580982274,-0.19003224718068187,0.7888947580561045,19.431143454194867,0.0016483196066309253
e1_rr_daily,sarima,7,137.9396040048859,0.2764905350857217,4.150498356289013,133.51261511351115,-0.10494559546318959,0.8179220813680047,11.618926026052666,0.004955550343644378
e1_rr_daily,seasonal_naive,1,374.68759811616957,0.36529404661272535,211.85549158083796,162.46681248871894,0.0037137111748558886,14.602592699461882,12.746334893025082,1.312469724785839
e1_rr_daily,seasonal_naive,2,374.29096722621904,0.20760370121169155,212.219539825008,161.86382369999936,-0.00012637565169612748,14.566149033057034,12.722571528000739,1.310809848764621
e1_rr_daily,seasonal_naive,3,372.3811442385173,0.09228670440061316,208.66309091418216,163.62576661993452,0.009219148087716074,14.56310828250906,12.792172403322496,1.296043414361797
e1_rr_daily,seasonal_naive,4,368.6523500810373,0.0014506591995039123,201.8469624292679,166.80393699256982,0.013696781285635866,14.384199625391535,12.916471483574888,1.2401768615386688
e1_rr_daily,seasonal_naive,5,365.77361563517917,1.0610192150571177e-05,198.4988181083067,167.27478691668037,0.015615712584645874,14.290950924132037,12.935052643989463,1.2206351009880623
e1_rr_daily,seasonal_naive,6,338.77450980392155,0.007499786406937603,171.49896654926715,167.26804346824747,0.02261854792667006,13.388366791569224,12.936524316275147,1.0710752538159911
e1_rr_daily,seasonal_naive,7,317.3275720164609,0.03490592558722353,149.96319420681257,167.32947188406112,0.036149551263493396,12.713867619508974,12.944049694611444,0.9647505326390482
e1_rr_daily,stl_ridge_direct,1,784.048915342015,425.80049911906036,200.50939241595765,157.73902380699695,0.1706265443343289,16.33499698808459,12.746334893025082,1.6423566293810137
e1_rr_daily,stl_ridge_direct,2,805.0435841802581,418.2628036802086,225.107625897289,161.6731546027601,0.034321653144975324,15.440246788096028,12.722571528000739,1.472850521013925
e1_rr_daily,stl_ridge_direct,3,792.0442690336057,411.04797997982746,217.40864372136474,163.587645332414,0.017831191808498195,14.97288329030138,12.792172403322496,1.3700053749435839
e1_rr_daily,stl_ridge_direct,4,775.4965224372432,400.14204177644655,208.55702445287864,166.7974562079179,0.015048163898505749,14.635872718388041,12.916471483574888,1.2839540129305065
e1_rr_daily,stl_ridge_direct,5,766.7486725063095,398.20155294014364,201.28592253718853,167.26119702897742,0.01802979650281763,14.420743372614556,12.935052643989463,1.2429077485748152
e1_rr_daily,stl_ridge_direct,6,734.0891799468715,394.4369484974116,172.4575905221869,167.19464092727307,0.030825412092636117,13.531084629187031,12.936524316275147,1.0940319424526166
e1_rr_daily,stl_ridge_direct,7,706.5500859861806,389.6285992826096,149.70554457622913,167.21594212734192,0.044546422568573635,12.81203282376617,12.944049694611444,0.9797059419083551
e1_rr_valencia_vivers,hgb_direct,1,72.87422992395693,0.005076510628257455,0.49315172720933237,72.37600168611931,0.5628905359178489,6.496025686995738,10.292903667797292,0.3983085699378003
e1_rr_valencia_vivers,hgb_direct,2,94.10348751024861,0.04306964942567786,1.5467328644250098,92.5136849963979,0.3563186075017899,4.911641919734304,10.294058991281753,0.22765651809984547
e1_rr_valencia_vivers,hgb_direct,3,103.39910163815453,0.03749759684144523,3.3510511757999724,100.01055286551309,0.23978749640749575,4.3006522901047,10.301056846234212,0.17430309329252228
e1_rr_valencia_vivers,hgb_direct,4,107.18565626037149,0.015192482575879565,5.052792013893444,102.1176717639022,0.18903755234627398,4.193203419017507,10.290874804236772,0.16603026955912104
e1_rr_valencia_vivers,hgb_direct,5,110.0378471193965,0.019993489788394457,5.3366124907510075,104.68124113885712,0.1532727859036695,3.8970552914708696,10.353725588295868,0.14167063301202507
e1_rr_valencia_vivers,hgb_direct,6,108.95149838878787,0.047438082919295875,5.126385631830082,103.7776746740385,0.1512988941169915,3.8234042404045523,10.30577223169929,0.13763831752544586
e1_rr_valencia_vivers,hgb_direct,7,109.25279935153253,0.09621719673670816,5.721293192608885,103.43528896218693,0.13818846577473204,3.8109568765772197,10.268833797261177,0.13772913482564228
e1_rr_valencia_vivers,persistence,1,84.93238674780257,0.008086618107642243,15.773636249061697,69.15066388063325,0.5893128138932278,10.037343761269959,10.292903667797292,0.9509589716422063
e1_rr_valencia_vivers,persistence,2,139.08503401360545,0.0036656022953397865,45.06832898537072,94.01303942593935,0.3358776248057252,10.170839026129638,10.294058991281753,0.976203265729983
e1_rr_valencia_vivers,persistence,3,159.02121834360028,7.4958269326142735e-06,59.19457007738189,99.82664077039142,0.243374681564903,10.200817186017282,10.301056846234212,0.9806326777399333
e1_rr_valencia_vivers,persistence,4,171.67469050894084,1.1825273542236049e-05,69.29754549162152,102.37713319204579,0.18244227629242324,10.202005354423479,10.290874804236772,0.9828030708367869
e1_rr_valencia_vivers,persistence,5,184.28423236514521,0.006772629794788748,78.89119482307562,105.38626491227484,0.13006079391235398,10.22868530891723,10.353725588295868,0.9759921715824951
e1_rr_valencia_vivers,persistence,6,182.39320388349515,0.0027051540759580927,78.42627580415729,103.9642229252619,0.14537856915489214,10.35409952004542,10.30577223169929,1.009400673495076
e1_rr_valencia_vivers,persistence,7,185.47071129707112,0.0009847516675126912,81.76619764783986,103.70352889756376,0.12865559638139987,10.363609283948094,10.268833797261177,1.018544043159155
e1_rr_valencia_vivers,ridge_direct,1,69.49080841547342,0.0017758939653056399,0.2763345402682817,69.21269798123981,0.5888158075097205,6.586299703072377,10.292903667797292,0.40945592653450325
e1_rr_valencia_vivers,ridge_direct,2,94.6207021703295,0.006149007385820617,1.2180505408868203,93.39650262205689,0.34442987587582374,4.649234730854425,10.294058991281753,0.20398096473151137
e1_rr_valencia_vivers,ridge_direct,3,100.85279091680471,0.0029983516784322143,1.5273538374805777,99.32243872764568,0.2529483115449656,3.8414965133738015,10.301056846234212,0.1390712374635772
e1_rr_valencia_vivers,ridge_direct,4,103.30351015661799,0.0014600233573324585,1.6695613383680368,101.63248879489262,0.2007900026730893,3.358419843355283,10.290874804236772,0.10650386907380988
e1_rr_valencia_vivers,ridge_direct,5,106.01925220366354,0.0005709483504905934,1.7308054161522974,104.28787583916076,0.16480901633273023,3.0219881110362303,10.353725588295868,0.0851907029917788
e1_rr_valencia_vivers,ridge_direct,6,104.29718307626734,0.005316850963025047,1.3556861858601128,102.93618003944418,0.17554021360120534,2.973416836319043,10.30577223169929,0.08324353463072749
e1_rr_valencia_vivers,ridge_direct,7,103.52863882560506,0.033178413652027255,1.2178585879857406,102.27760182396729,0.17342059436131396,2.8843935648183012,10.268833797261177,0.07889814388488618
e1_rr_valencia_vivers,sarima,1,83.06551053440882,0.0656903240665972,1.2911590646228095,81.7086611457194,0.5893943716094447,5.458661835538708,11.189373291562923,0.23799117639363146
e1_rr_valencia_vivers,sarima,2,67.76362727213089,0.9627019890826481,0.01398709446717802,66.78693818858106,0.4555433448554475,4.063706163434087,9.180187259720206,0.19594830677954048
e1_rr_valencia_vivers,sarima,3,104.08908477351086,2.93718145990681,0.007962902641057899,101.14394041096297,0.3246175141517902,3.3623750617690216,10.63285253838879,0.09999832603571664
e1_rr_valencia_vivers,sarima,4,79.47698070864145,2.602745927756583,0.10822021850128247,76.76601456238359,0.2783241801563688,2.867858248379984,9.122059863050499,0.09883926946359041
e1_rr_valencia_vivers,sarima,5,119.1358481964873,1.935544408325559,2.1122111730001585,115.0880926151616,0.10405345258007942,2.575713636757758,10.786463941924966,0.05702128007036976
e1_rr_valencia_vivers,sarima,6,102.13972884789837,1.8380982050491785,0.02698983923404593,100.27464080361516,0.1917217229050285,2.120421636296681,10.202995052103132,0.043190586542454446
e1_rr_valencia_vivers,sarima,7,83.12156186941556,1.3610943959982964,0.3780222685666464,81.38244520485063,0.15217917791151517,2.0038553200982836,9.127531003629747,0.04819767515318053
e1_rr_valencia_vivers,seasonal_naive,1,177.06220419202162,0.0006953330398396336,73.33446347802584,103.72704538095593,0.14465297152962497,10.052453472971319,10.292903667797292,0.953824178058149
e1_rr_valencia_vivers,seasonal_naive,2,179.50544217687076,0.0007779166088203226,75.50162008112905,104.00304417913287,0.13616049374187825,10.090810978045377,10.294058991281753,0.9609014232062976
e1_rr_valencia_vivers,seasonal_naive,3,181.19233401779604,0.00026984976957364695,76.83016937414793,104.36189479387852,0.12841685267746233,10.088111347054669,10.301056846234212,0.959082941403856
e1_rr_valencia_vivers,seasonal_naive,4,181.22214580467676,0.0008745972311832318,77.01410035077419,104.20717085667141,0.1265097570237217,10.077663863710411,10.290874804236772,0.958992360748156
e1_rr_valencia_vivers,seasonal_naive,5,181.81811894882435,0.027777777777778172,76.35989742309877,105.43044374794778,0.1284666987976147,10.068523987259974,10.353725588295868,0.9456671811049956
e1_rr_valencia_vivers,seasonal_naive,6,181.07975034674064,0.01681716140127524,76.64377998701461,104.41915319832474,0.1298136219554501,10.092472959097401,10.30577223169929,0.959034231876922
e1_rr_valencia_vivers,seasonal_naive,7,185.47071129707112,0.0009847516675126912,81.76619764783986,103.70352889756376,0.12865559638139987,10.363609283948094,10.268833797261177,1.018544043159155
e1_rr_valencia_vivers,stl_ridge_direct,1,701.3793048625494,504.10853701309753,101.98517721515756,95.28559063429444,0.3171798272759177,13.363472482019588,10.292903667797292,1.685632247191392
e1_rr_valencia_vivers,stl_ridge_direct,2,726.8814018632919,509.14704345722424,116.88995810911257,100.84440029695487,0.21988020386267318,13.075025731156488,10.294058991281753,1.613287612190759
e1_rr_valencia_vivers,stl_ridge_direct,3,733.3453036266961,509.84376767115185,121.00906389676896,102.49247205877526,0.18468452765934593,12.902857805631346,10.301056846234212,1.568946933786211
e1_rr_valencia_vivers,stl_ridge_direct,4,731.5342412943081,508.3826962966847,120.16475407675134,102.98679092087231,0.1659167848746509,12.66939739216308,10.290874804236772,1.5156793289218133
e1_rr_valencia_vivers,stl_ridge_direct,5,722.1580519465964,502.6340187890909,114.93281925471068,104.5912139027948,0.1559883203190136,12.33573278233228,10.353725588295868,1.4195039500312812
e1_rr_valencia_vivers,stl_ridge_direct,6,718.7835973326124,505.20436537330863,109.93922708822808,103.64000487107549,0.15552354180955827,12.087981045089883,10.30577223169929,1.3757719827485044
e1_rr_valencia_vivers,stl_ridge_direct,7,724.6909341186232,510.11926258541286,111.56210231637615,103.00956921683414,0.15209623258925964,12.124147195180843,10.268833797261177,1.3939915818758064
e1_rr_zarra_emep,hgb_direct,1,63.23575734358225,0.23609270810848088,0.018966926676632388,62.980697708797116,0.6081272029577216,6.217186088051108,9.997029556921854,0.38676376635886905
e1_rr_zarra_emep,hgb_direct,2,86.92903660620583,0.6264242961335256,0.6013913201638268,85.70122098990849,0.36414535008361676,4.395081278467562,9.93995127255619,0.19550835023339433
e1_rr_zarra_emep,hgb_direct,3,97.78728079925703,0.7579580727318747,1.0447389867782553,95.98458373974692,0.2654757328743198,3.7198367570913353,10.16180268751023,0.13400044703838743
e1_rr_zarra_emep,hgb_direct,4,104.08061784968109,0.94319540885442,0.9613308220109186,102.17609161881576,0.2342650917636877,3.416258805803429,10.397554297531915,0.10795409831253415
e1_rr_zarra_emep,hgb_direct,5,117.8601457279068,1.2933661741644569,1.099074312944741,115.4677052407976,0.20923083898582132,3.347566095650625,10.988813386666573,0.09280186943267192
e1_rr_zarra_emep,hgb_direct,6,122.328605993306,1.3519161499316903,1.171578127094442,119.80511171627988,0.18454685628112152,3.1376637495876682,11.136841692568055,0.07937590826527263
e1_rr_zarra_emep,hgb_direct,7,132.12597166342056,1.5690349242321453,2.0799824956873216,128.4769542435011,0.1541989552808438,3.2111809089424757,11.471974398765305,0.07835256314589265
e1_rr_zarra_emep,persistence,1,71.21326042378674,0.011224700040039925,11.760248258906802,59.4417874648399,0.636575864332798,9.793189567547152,9.997029556921854,0.959635642996041
e1_rr_zarra_emep,persistence,2,133.9451679232351,0.004511714061430739,45.29019437292578,88.65046183624789,0.3205495517267103,9.916045909188563,9.93995127255619,0.9951958280725224
e1_rr_zarra_emep,persistence,3,165.49519230769232,0.00390625,65.92121485263061,99.57007120506171,0.1890904758171955,10.040688171437452,10.16180268751023,0.9763048424154169
e1_rr_zarra_emep,persistence,4,177.87156593406593,0.010755513373988803,72.23706544802782,105.62374497266413,0.15162335811124253,10.075751208681309,10.397554297531915,0.939058129284584
e1_rr_zarra_emep,persistence,5,191.67056396148556,0.07380153217704209,73.0856427650704,118.51111966423812,0.13628691332595552,10.046645597534042,10.988813386666573,0.8358735225338928
e1_rr_zarra_emep,persistence,6,197.1536871123363,0.11779418742557764,74.86076126307817,122.17513166183257,0.1222660396513614,10.013868879015199,11.136841692568055,0.8084994118590736
e1_rr_zarra_emep,persistence,7,208.9385783298827,0.17031997984378963,78.38283074740845,130.38542760263044,0.09631159553792384,9.958292018987283,11.471974398765305,0.7535175583894963
e1_rr_zarra_emep,ridge_direct,1,59.593466183443255,0.0824468295499941,0.2646855873361403,59.24633376655709,0.6381101235050496,6.893681797089391,9.997029556921854,0.4755109408749366
e1_rr_zarra_emep,ridge_direct,2,90.05849016005322,0.20102864190841815,2.0663587515306117,87.7911027666142,0.33384090486450846,4.7558458058375965,9.93995127255619,0.22892173043494526
e1_rr_zarra_emep,ridge_direct,3,100.94899495914684,0.27892903779164296,2.483756608222662,98.18630931313255,0.2217107856555622,3.8289751052990657,10.16180268751023,0.14197882235331674
e1_rr_zarra_emep,ridge_direct,4,106.9316532736171,0.3933230519584931,2.179997307778347,104.35833291388028,0.18626484651219138,3.4131802496537245,10.397554297531915,0.10775962065316494
e1_rr_zarra_emep,ridge_direct,5,120.29560651166565,0.6578127965991833,2.110764235975824,117.52702947909064,0.1634737491208984,3.249229464397557,10.988813386666573,0.0874297364441653
e1_rr_zarra_emep,ridge_direct,6,123.617401486111,0.7225317955981624,1.8953228560766553,120.9995468344362,0.15629226465731488,3.117309460668479,11.136841692568055,0.07834941218304581
e1_rr_zarra_emep,ridge_direct,7,131.56936618383918,0.8111978787386628,1.8254201888619943,128.9327481162385,0.1425271960350533,2.986149462577012,11.471974398765305,0.06775584161549593
e1_rr_zarra_emep,sarima,1,33.21156841042725,0.06651494064283359,0.011165797316618358,33.13388767246779,0.7408483988524951,6.243372493772091,8.56995957607762,0.5307389325344521
e1_rr_zarra_emep,sarima,2,74.0067604104609,0.5051536257545798,0.4737233009478042,73.02788348375852,0.45880639616429003,3.724366089167405,9.61765512777629,0.14995685634582323
e1_rr_zarra_emep,sarima,3,180.3550676932951,0.5595343227003461,0.12091160042800676,179.67462177016674,0.25021731782218826,3.116455159847957,13.844679672656667,0.050670587699586836
e1_rr_zarra_emep,sarima,4,53.8455695664193,0.03329818569615836,0.15529757774221417,53.65697380298093,0.3508954570822494,2.3507972842413665,7.822487767896651,0.09031098420640087
e1_rr_zarra_emep,sarima,5,39.403250916944685,0.09325821302562383,0.01904705942754151,39.29094564449152,0.3033104289956563,1.8572052611110568,6.578133010971624,0.07971031200271657
e1_rr_zarra_emep,sarima,6,43.35461794352918,0.002053143640946049,0.41825991068518575,42.934304889203034,0.19474471820702124,1.9476890041380188,6.680329242002617,0.08500480788256852
e1_rr_zarra_emep,sarima,7,106.04014379614974,0.5733264014516096,0.2192404200145789,105.24757697468353,0.15431241258126507,2.070517955189285,10.383395395819072,0.03976300682847855
e1_rr_zarra_emep,seasonal_naive,1,206.2112098427888,0.20785621544696337,107.27402108127657,98.72933254606521,0.11009029643174463,11.45789321976429,9.997029556921854,1.3136134572483888
e1_rr_zarra_emep,seasonal_naive,2,201.22069910897875,0.19181878355657686,103.52364471989233,97.50523560552986,0.11459138562535133,11.313689772281332,9.93995127255619,1.2955077671337074
e1_rr_zarra_emep,seasonal_naive,3,200.02678571428572,0.062157065118946656,98.01011841946882,101.95451022969796,0.11253489958853716,11.043563425856938,10.16180268751023,1.1810735501461753
e1_rr_zarra_emep,seasonal_naive,4,204.52953296703296,0.005200628698224655,97.63826832555822,106.88606401277656,0.10636400967668543,10.987133403299495,10.397554297531915,1.1166225685610223
e1_rr_zarra_emep,seasonal_naive,5,203.38858321870703,0.09706610233307873,83.70004057377145,119.5914765426025,0.09811914022881985,10.226985548264508,10.988813386666573,0.8661511534785977
e1_rr_zarra_emep,seasonal_naive,6,199.8869745003446,0.15001607769731248,76.99187701375753,122.74508140888973,0.10175312884121525,9.907710012715292,11.136841692568055,0.7914481731281747
e1_rr_zarra_emep,seasonal_naive,7,208.9385783298827,0.17031997984378963,78.38283074740845,130.38542760263044,0.09631159553792384,9.958292018987283,11.471974398765305,0.7535175583894963
e1_rr_zarra_emep,stl_ridge_direct,1,358.3648015213777,153.09677576483304,116.17061697787655,89.09740877866793,0.3293878545291991,14.071147515669185,9.997029556921854,1.9811487271746202
e1_rr_zarra_emep,stl_ridge_direct,2,376.7900420495262,148.95115074191537,132.5823004977207,95.25659080989021,0.1894469377907038,13.397532113820375,9.93995127255619,1.8166911587040948
e1_rr_zarra_emep,stl_ridge_direct,3,374.34158752775824,143.33029381408022,130.02269446677153,100.98859924690643,0.1483848555169992,12.91060704934291,10.16180268751023,1.6141794357141772
e1_rr_zarra_emep,stl_ridge_direct,4,372.6292101123686,138.75515883901514,127.66213594557601,106.21191532777732,0.13247308646263853,12.676163119426464,10.397554297531915,1.4863231574296032
e1_rr_zarra_emep,stl_ridge_direct,5,361.4504383626176,129.85809226970278,112.62891803477095,118.96342805814389,0.12177200920662719,11.95080711708705,10.988813386666573,1.1827497847885304
e1_rr_zarra_emep,stl_ridge_direct,6,355.62216744813065,128.40243184813545,105.15306858379482,122.0666670162004,0.125791466725802,11.655336679184545,11.136841692568055,1.09528099942325
e1_rr_zarra_emep,stl_ridge_direct,7,361.6968195713163,127.2259780870781,104.66404606618443,129.80679541805384,0.1169299683912514,11.571962362846659,11.471974398765305,1.0175076583066403
