station_id,model,horizon,condition,raw_p_value,bh_q_value,bh_reject_q_0_05,family,family_size,alpha,primary_inferential_metric
01022001_10_47,sarima,1,lags_only,0.0324,0.07238774703557312,False,GLOBAL_ALL_CELLS,4522,0.05,Skill_RMSE / squared-error loss difference
01022001_10_47,sarima,2,lags_only,0.0081,0.023479615384615383,True,GLOBAL_ALL_CELLS,4522,0.05,Skill_RMSE / squared-error loss difference
01022001_10_47,sarima,3,lags_only,0.0099,0.027685714285714286,True,GLOBAL_ALL_CELLS,4522,0.05,Skill_RMSE / squared-error loss difference
01022001_10_47,sarima,4,lags_only,0.016,0.04092307692307692,True,GLOBAL_ALL_CELLS,4522,0.05,Skill_RMSE / squared-error loss difference
01022001_10_47,sarima,5,lags_only,0.0655,0.12450231189575453,False,GLOBAL_ALL_CELLS,4522,0.05,Skill_RMSE / squared-error loss difference
01022001_10_47,sarima,6,lags_only,0.2088,0.30795616438356166,False,GLOBAL_ALL_CELLS,4522,0.05,Skill_RMSE / squared-error loss difference
01022001_10_47,sarima,7,lags_only,0.409,0.4987858683926645,False,GLOBAL_ALL_CELLS,4522,0.05,Skill_RMSE / squared-error loss difference
01022001_10_47,xgboost_direct,1,lags_only,1.0,1.0,False,GLOBAL_ALL_CELLS,4522,0.05,Skill_RMSE / squared-error loss difference
01022001_10_47,xgboost_direct,2,lags_only,0.3068,0.40901909814323606,False,GLOBAL_ALL_CELLS,4522,0.05,Skill_RMSE / squared-error loss difference
01022001_10_47,xgboost_direct,3,lags_only,0.0006,0.002552398871119473,True,GLOBAL_ALL_CELLS,4522,0.05,Skill_RMSE / squared-error loss difference
01022001_10_47,xgboost_direct,4,lags_only,0.0,0.0,True,GLOBAL_ALL_CELLS,4522,0.05,Skill_RMSE / squared-error loss difference
01022001_10_47,xgboost_direct,5,lags_only,0.0,0.0,True,GLOBAL_ALL_CELLS,4522,0.05,Skill_RMSE / squared-error loss difference
01022001_10_47,xgboost_direct,6,lags_only,0.0,0.0,True,GLOBAL_ALL_CELLS,4522,0.05,Skill_RMSE / squared-error loss difference
01022001_10_47,xgboost_direct,7,lags_only,0.0,0.0,True,GLOBAL_ALL_CELLS,4522,0.05,Skill_RMSE / squared-error loss difference
01036004_10_47,sarima,1,lags_only,0.3542,0.449787250772255,False,GLOBAL_ALL_CELLS,4522,0.05,Skill_RMSE / squared-error loss difference
01036004_10_47,sarima,2,lags_only,0.0005,0.0021887705711519847,True,GLOBAL_ALL_CELLS,4522,0.05,Skill_RMSE / squared-error loss difference
01036004_10_47,sarima,3,lags_only,0.0004,0.0018106106106106107,True,GLOBAL_ALL_CELLS,4522,0.05,Skill_RMSE / squared-error loss difference
01036004_10_47,sarima,4,lags_only,0.0015,0.005629045643153527,True,GLOBAL_ALL_CELLS,4522,0.05,Skill_RMSE / squared-error loss difference
01036004_10_47,sarima,5,lags_only,0.0081,0.023479615384615383,True,GLOBAL_ALL_CELLS,4522,0.05,Skill_RMSE / squared-error loss difference
01036004_10_47,sarima,6,lags_only,0.0261,0.06055628527449975,False,GLOBAL_ALL_CELLS,4522,0.05,Skill_RMSE / squared-error loss difference
01036004_10_47,sarima,7,lags_only,0.0533,0.10543420822397201,False,GLOBAL_ALL_CELLS,4522,0.05,Skill_RMSE / squared-error loss difference
01036004_10_47,xgboost_direct,1,lags_only,0.9811,1.0,False,GLOBAL_ALL_CELLS,4522,0.05,Skill_RMSE / squared-error loss difference
01036004_10_47,xgboost_direct,2,lags_only,0.2051,0.30388669724770645,False,GLOBAL_ALL_CELLS,4522,0.05,Skill_RMSE / squared-error loss difference
01036004_10_47,xgboost_direct,3,lags_only,0.0056,0.017226666666666668,True,GLOBAL_ALL_CELLS,4522,0.05,Skill_RMSE / squared-error loss difference
01036004_10_47,xgboost_direct,4,lags_only,0.0025,0.008756777691711851,True,GLOBAL_ALL_CELLS,4522,0.05,Skill_RMSE / squared-error loss difference
01036004_10_47,xgboost_direct,5,lags_only,0.0006,0.002552398871119473,True,GLOBAL_ALL_CELLS,4522,0.05,Skill_RMSE / squared-error loss difference
01036004_10_47,xgboost_direct,6,lags_only,0.0001,0.0005270396270396271,True,GLOBAL_ALL_CELLS,4522,0.05,Skill_RMSE / squared-error loss difference
01036004_10_47,xgboost_direct,7,lags_only,0.0,0.0,True,GLOBAL_ALL_CELLS,4522,0.05,Skill_RMSE / squared-error loss difference
01051001_10_49,sarima,1,lags_only,0.0099,0.027685714285714286,True,GLOBAL_ALL_CELLS,4522,0.05,Skill_RMSE / squared-error loss difference
01051001_10_49,sarima,2,lags_only,0.0008,0.003244484304932736,True,GLOBAL_ALL_CELLS,4522,0.05,Skill_RMSE / squared-error loss difference
01051001_10_49,sarima,3,lags_only,0.0089,0.025264155681104836,True,GLOBAL_ALL_CELLS,4522,0.05,Skill_RMSE / squared-error loss difference
01051001_10_49,sarima,4,lags_only,0.039,0.08279718309859155,False,GLOBAL_ALL_CELLS,4522,0.05,Skill_RMSE / squared-error loss difference
01051001_10_49,sarima,5,lags_only,0.1528,0.24210287316047652,False,GLOBAL_ALL_CELLS,4522,0.05,Skill_RMSE / squared-error loss difference
01051001_10_49,sarima,6,lags_only,0.4416,0.5326527607361963,False,GLOBAL_ALL_CELLS,4522,0.05,Skill_RMSE / squared-error loss difference
01051001_10_49,sarima,7,lags_only,0.5772,0.6702872110939908,False,GLOBAL_ALL_CELLS,4522,0.05,Skill_RMSE / squared-error loss difference
01051001_10_49,xgboost_direct,1,lags_only,0.9998,1.0,False,GLOBAL_ALL_CELLS,4522,0.05,Skill_RMSE / squared-error loss difference
01051001_10_49,xgboost_direct,2,lags_only,0.0158,0.04052614861032332,True,GLOBAL_ALL_CELLS,4522,0.05,Skill_RMSE / squared-error loss difference
01051001_10_49,xgboost_direct,3,lags_only,0.0014,0.005284474123539232,True,GLOBAL_ALL_CELLS,4522,0.05,Skill_RMSE / squared-error loss difference
01051001_10_49,xgboost_direct,4,lags_only,0.0001,0.0005270396270396271,True,GLOBAL_ALL_CELLS,4522,0.05,Skill_RMSE / squared-error loss difference
01051001_10_49,xgboost_direct,5,lags_only,0.0007,0.0029120515179392823,True,GLOBAL_ALL_CELLS,4522,0.05,Skill_RMSE / squared-error loss difference
01051001_10_49,xgboost_direct,6,lags_only,0.0002,0.0009819761129207384,True,GLOBAL_ALL_CELLS,4522,0.05,Skill_RMSE / squared-error loss difference
01051001_10_49,xgboost_direct,7,lags_only,0.0002,0.0009819761129207384,True,GLOBAL_ALL_CELLS,4522,0.05,Skill_RMSE / squared-error loss difference
01055001_10_47,sarima,1,lags_only,0.1203,0.20051478068558792,False,GLOBAL_ALL_CELLS,4522,0.05,Skill_RMSE / squared-error loss difference
01055001_10_47,sarima,2,lags_only,0.0011,0.004273367697594502,True,GLOBAL_ALL_CELLS,4522,0.05,Skill_RMSE / squared-error loss difference
01055001_10_47,sarima,3,lags_only,0.0005,0.0021887705711519847,True,GLOBAL_ALL_CELLS,4522,0.05,Skill_RMSE / squared-error loss difference
01055001_10_47,sarima,4,lags_only,0.0,0.0,True,GLOBAL_ALL_CELLS,4522,0.05,Skill_RMSE / squared-error loss difference
01055001_10_47,sarima,5,lags_only,0.0004,0.0018106106106106107,True,GLOBAL_ALL_CELLS,4522,0.05,Skill_RMSE / squared-error loss difference
01055001_10_47,sarima,6,lags_only,0.0001,0.0005270396270396271,True,GLOBAL_ALL_CELLS,4522,0.05,Skill_RMSE / squared-error loss difference
01055001_10_47,sarima,7,lags_only,0.0011,0.004273367697594502,True,GLOBAL_ALL_CELLS,4522,0.05,Skill_RMSE / squared-error loss difference
01055001_10_47,xgboost_direct,1,lags_only,0.9993,1.0,False,GLOBAL_ALL_CELLS,4522,0.05,Skill_RMSE / squared-error loss difference
01055001_10_47,xgboost_direct,2,lags_only,0.5466,0.639846026404349,False,GLOBAL_ALL_CELLS,4522,0.05,Skill_RMSE / squared-error loss difference
01055001_10_47,xgboost_direct,3,lags_only,0.0347,0.07565737704918032,False,GLOBAL_ALL_CELLS,4522,0.05,Skill_RMSE / squared-error loss difference
01055001_10_47,xgboost_direct,4,lags_only,0.0149,0.038611919770773634,True,GLOBAL_ALL_CELLS,4522,0.05,Skill_RMSE / squared-error loss difference
01055001_10_47,xgboost_direct,5,lags_only,0.0001,0.0005270396270396271,True,GLOBAL_ALL_CELLS,4522,0.05,Skill_RMSE / squared-error loss difference
01055001_10_47,xgboost_direct,6,lags_only,0.0001,0.0005270396270396271,True,GLOBAL_ALL_CELLS,4522,0.05,Skill_RMSE / squared-error loss difference
01055001_10_47,xgboost_direct,7,lags_only,0.0,0.0,True,GLOBAL_ALL_CELLS,4522,0.05,Skill_RMSE / squared-error loss difference
01059008_10_49,sarima,1,lags_only,0.695,0.7866808510638298,False,GLOBAL_ALL_CELLS,4522,0.05,Skill_RMSE / squared-error loss difference
01059008_10_49,sarima,2,lags_only,0.0011,0.004273367697594502,True,GLOBAL_ALL_CELLS,4522,0.05,Skill_RMSE / squared-error loss difference
01059008_10_49,sarima,3,lags_only,0.0078,0.02272654639175258,True,GLOBAL_ALL_CELLS,4522,0.05,Skill_RMSE / squared-error loss difference
01059008_10_49,sarima,4,lags_only,0.0497,0.09953206377325066,False,GLOBAL_ALL_CELLS,4522,0.05,Skill_RMSE / squared-error loss difference
01059008_10_49,sarima,5,lags_only,0.1318,0.2155513924050633,False,GLOBAL_ALL_CELLS,4522,0.05,Skill_RMSE / squared-error loss difference
01059008_10_49,sarima,6,lags_only,0.5358,0.6294849571317225,False,GLOBAL_ALL_CELLS,4522,0.05,Skill_RMSE / squared-error loss difference
01059008_10_49,sarima,7,lags_only,0.6215,0.7142116899618807,False,GLOBAL_ALL_CELLS,4522,0.05,Skill_RMSE / squared-error loss difference
01059008_10_49,xgboost_direct,1,lags_only,1.0,1.0,False,GLOBAL_ALL_CELLS,4522,0.05,Skill_RMSE / squared-error loss difference
01059008_10_49,xgboost_direct,2,lags_only,0.1407,0.2266638403990025,False,GLOBAL_ALL_CELLS,4522,0.05,Skill_RMSE / squared-error loss difference
01059008_10_49,xgboost_direct,3,lags_only,0.0008,0.003244484304932736,True,GLOBAL_ALL_CELLS,4522,0.05,Skill_RMSE / squared-error loss difference
01059008_10_49,xgboost_direct,4,lags_only,0.0002,0.0009819761129207384,True,GLOBAL_ALL_CELLS,4522,0.05,Skill_RMSE / squared-error loss difference
01059008_10_49,xgboost_direct,5,lags_only,0.0,0.0,True,GLOBAL_ALL_CELLS,4522,0.05,Skill_RMSE / squared-error loss difference
01059008_10_49,xgboost_direct,6,lags_only,0.0,0.0,True,GLOBAL_ALL_CELLS,4522,0.05,Skill_RMSE / squared-error loss difference
01059008_10_49,xgboost_direct,7,lags_only,0.0,0.0,True,GLOBAL_ALL_CELLS,4522,0.05,Skill_RMSE / squared-error loss difference
01059009_10_47,sarima,1,lags_only,0.5295,0.6233790679510544,False,GLOBAL_ALL_CELLS,4522,0.05,Skill_RMSE / squared-error loss difference
01059009_10_47,sarima,2,lags_only,0.0003,0.0014087227414330216,True,GLOBAL_ALL_CELLS,4522,0.05,Skill_RMSE / squared-error loss difference
01059009_10_47,sarima,3,lags_only,0.0058,0.01775734597156398,True,GLOBAL_ALL_CELLS,4522,0.05,Skill_RMSE / squared-error loss difference
01059009_10_47,sarima,4,lags_only,0.0566,0.11075084379056685,False,GLOBAL_ALL_CELLS,4522,0.05,Skill_RMSE / squared-error loss difference
01059009_10_47,sarima,5,lags_only,0.3176,0.4199377777777778,False,GLOBAL_ALL_CELLS,4522,0.05,Skill_RMSE / squared-error loss difference
01059009_10_47,sarima,6,lags_only,0.6734,0.7647199397287795,False,GLOBAL_ALL_CELLS,4522,0.05,Skill_RMSE / squared-error loss difference
01059009_10_47,sarima,7,lags_only,0.8018,0.8923799163179916,False,GLOBAL_ALL_CELLS,4522,0.05,Skill_RMSE / squared-error loss difference
01059009_10_47,xgboost_direct,1,lags_only,1.0,1.0,False,GLOBAL_ALL_CELLS,4522,0.05,Skill_RMSE / squared-error loss difference
01059009_10_47,xgboost_direct,2,lags_only,0.0749,0.13858338788870703,False,GLOBAL_ALL_CELLS,4522,0.05,Skill_RMSE / squared-error loss difference
01059009_10_47,xgboost_direct,3,lags_only,0.0122,0.03291670644391408,True,GLOBAL_ALL_CELLS,4522,0.05,Skill_RMSE / squared-error loss difference
01059009_10_47,xgboost_direct,4,lags_only,0.0083,0.023921351179094965,True,GLOBAL_ALL_CELLS,4522,0.05,Skill_RMSE / squared-error loss difference
01059009_10_47,xgboost_direct,5,lags_only,0.0033,0.011012988929889299,True,GLOBAL_ALL_CELLS,4522,0.05,Skill_RMSE / squared-error loss difference
01059009_10_47,xgboost_direct,6,lags_only,0.0022,0.00785193370165746,True,GLOBAL_ALL_CELLS,4522,0.05,Skill_RMSE / squared-error loss difference
01059009_10_47,xgboost_direct,7,lags_only,0.0003,0.0014087227414330216,True,GLOBAL_ALL_CELLS,4522,0.05,Skill_RMSE / squared-error loss difference
01059012_10_47,sarima,1,lags_only,0.5787,0.6709952307692307,False,GLOBAL_ALL_CELLS,4522,0.05,Skill_RMSE / squared-error loss difference
01059012_10_47,sarima,2,lags_only,0.0,0.0,True,GLOBAL_ALL_CELLS,4522,0.05,Skill_RMSE / squared-error loss difference
01059012_10_47,sarima,3,lags_only,0.0003,0.0014087227414330216,True,GLOBAL_ALL_CELLS,4522,0.05,Skill_RMSE / squared-error loss difference
01059012_10_47,sarima,4,lags_only,0.0012,0.004618212765957446,True,GLOBAL_ALL_CELLS,4522,0.05,Skill_RMSE / squared-error loss difference
01059012_10_47,sarima,5,lags_only,0.0148,0.03846298850574713,True,GLOBAL_ALL_CELLS,4522,0.05,Skill_RMSE / squared-error loss difference
01059012_10_47,sarima,6,lags_only,0.0667,0.12630544388609713,False,GLOBAL_ALL_CELLS,4522,0.05,Skill_RMSE / squared-error loss difference
01059012_10_47,sarima,7,lags_only,0.123,0.20426221079691517,False,GLOBAL_ALL_CELLS,4522,0.05,Skill_RMSE / squared-error loss difference
01059012_10_47,xgboost_direct,1,lags_only,1.0,1.0,False,GLOBAL_ALL_CELLS,4522,0.05,Skill_RMSE / squared-error loss difference
01059012_10_47,xgboost_direct,2,lags_only,0.0291,0.066426148409894,False,GLOBAL_ALL_CELLS,4522,0.05,Skill_RMSE / squared-error loss difference
01059012_10_47,xgboost_direct,3,lags_only,0.0,0.0,True,GLOBAL_ALL_CELLS,4522,0.05,Skill_RMSE / squared-error loss difference
01059012_10_47,xgboost_direct,4,lags_only,0.0,0.0,True,GLOBAL_ALL_CELLS,4522,0.05,Skill_RMSE / squared-error loss difference
01059012_10_47,xgboost_direct,5,lags_only,0.0,0.0,True,GLOBAL_ALL_CELLS,4522,0.05,Skill_RMSE / squared-error loss difference
01059012_10_47,xgboost_direct,6,lags_only,0.0,0.0,True,GLOBAL_ALL_CELLS,4522,0.05,Skill_RMSE / squared-error loss difference
01059012_10_47,xgboost_direct,7,lags_only,0.0,0.0,True,GLOBAL_ALL_CELLS,4522,0.05,Skill_RMSE / squared-error loss difference
03014009_10_46,sarima,1,lags_only,0.0246,0.05772765957446809,False,GLOBAL_ALL_CELLS,4522,0.05,Skill_RMSE / squared-error loss difference
03014009_10_46,sarima,2,lags_only,0.0,0.0,True,GLOBAL_ALL_CELLS,4522,0.05,Skill_RMSE / squared-error loss difference
03014009_10_46,sarima,3,lags_only,0.0,0.0,True,GLOBAL_ALL_CELLS,4522,0.05,Skill_RMSE / squared-error loss difference
03014009_10_46,sarima,4,lags_only,0.0003,0.0014087227414330216,True,GLOBAL_ALL_CELLS,4522,0.05,Skill_RMSE / squared-error loss difference
03014009_10_46,sarima,5,lags_only,0.0054,0.016725205479452054,True,GLOBAL_ALL_CELLS,4522,0.05,Skill_RMSE / squared-error loss difference
03014009_10_46,sarima,6,lags_only,0.0087,0.024789792060491492,True,GLOBAL_ALL_CELLS,4522,0.05,Skill_RMSE / squared-error loss difference
03014009_10_46,sarima,7,lags_only,0.0029,0.009882290881688018,True,GLOBAL_ALL_CELLS,4522,0.05,Skill_RMSE / squared-error loss difference
03014009_10_46,xgboost_direct,1,lags_only,0.2854,0.38791067027351966,False,GLOBAL_ALL_CELLS,4522,0.05,Skill_RMSE / squared-error loss difference
03014009_10_46,xgboost_direct,2,lags_only,0.1058,0.1807433320740461,False,GLOBAL_ALL_CELLS,4522,0.05,Skill_RMSE / squared-error loss difference
03014009_10_46,xgboost_direct,3,lags_only,0.157,0.2478024432809773,False,GLOBAL_ALL_CELLS,4522,0.05,Skill_RMSE / squared-error loss difference
03014009_10_46,xgboost_direct,4,lags_only,0.2051,0.30388669724770645,False,GLOBAL_ALL_CELLS,4522,0.05,Skill_RMSE / squared-error loss difference
03014009_10_46,xgboost_direct,5,lags_only,0.2553,0.35853000000000007,False,GLOBAL_ALL_CELLS,4522,0.05,Skill_RMSE / squared-error loss difference
03014009_10_46,xgboost_direct,6,lags_only,0.2369,0.3380801261829653,False,GLOBAL_ALL_CELLS,4522,0.05,Skill_RMSE / squared-error loss difference
03014009_10_46,xgboost_direct,7,lags_only,0.2113,0.31042839506172837,False,GLOBAL_ALL_CELLS,4522,0.05,Skill_RMSE / squared-error loss difference
03066003_10_46,sarima,1,lags_only,0.066,0.12529471032745593,False,GLOBAL_ALL_CELLS,4522,0.05,Skill_RMSE / squared-error loss difference
03066003_10_46,sarima,2,lags_only,0.0239,0.05640699373695198,False,GLOBAL_ALL_CELLS,4522,0.05,Skill_RMSE / squared-error loss difference
03066003_10_46,sarima,3,lags_only,0.029,0.06623131313131313,False,GLOBAL_ALL_CELLS,4522,0.05,Skill_RMSE / squared-error loss difference
03066003_10_46,sarima,4,lags_only,0.0465,0.09501717126073203,False,GLOBAL_ALL_CELLS,4522,0.05,Skill_RMSE / squared-error loss difference
03066003_10_46,sarima,5,lags_only,0.0638,0.12193727810650888,False,GLOBAL_ALL_CELLS,4522,0.05,Skill_RMSE / squared-error loss difference
03066003_10_46,sarima,6,lags_only,0.1086,0.1847589164785553,False,GLOBAL_ALL_CELLS,4522,0.05,Skill_RMSE / squared-error loss difference
03066003_10_46,sarima,7,lags_only,0.1352,0.21944522613065323,False,GLOBAL_ALL_CELLS,4522,0.05,Skill_RMSE / squared-error loss difference
03066003_10_46,xgboost_direct,1,lags_only,0.3813,0.4713610169491525,False,GLOBAL_ALL_CELLS,4522,0.05,Skill_RMSE / squared-error loss difference
03066003_10_46,xgboost_direct,2,lags_only,0.1113,0.18834628315278298,False,GLOBAL_ALL_CELLS,4522,0.05,Skill_RMSE / squared-error loss difference
03066003_10_46,xgboost_direct,3,lags_only,0.016,0.04092307692307692,True,GLOBAL_ALL_CELLS,4522,0.05,Skill_RMSE / squared-error loss difference
03066003_10_46,xgboost_direct,4,lags_only,0.0001,0.0005270396270396271,True,GLOBAL_ALL_CELLS,4522,0.05,Skill_RMSE / squared-error loss difference
03066003_10_46,xgboost_direct,5,lags_only,0.4566,0.5477977188328913,False,GLOBAL_ALL_CELLS,4522,0.05,Skill_RMSE / squared-error loss difference
03066003_10_46,xgboost_direct,6,lags_only,0.7126,0.8035853366583541,False,GLOBAL_ALL_CELLS,4522,0.05,Skill_RMSE / squared-error loss difference
03066003_10_46,xgboost_direct,7,lags_only,0.187,0.28385834172541125,False,GLOBAL_ALL_CELLS,4522,0.05,Skill_RMSE / squared-error loss difference
03133002_10_46,sarima,1,lags_only,0.0494,0.09901897163120567,False,GLOBAL_ALL_CELLS,4522,0.05,Skill_RMSE / squared-error loss difference
03133002_10_46,sarima,2,lags_only,0.006,0.01822162525184688,True,GLOBAL_ALL_CELLS,4522,0.05,Skill_RMSE / squared-error loss difference
03133002_10_46,sarima,3,lags_only,0.0207,0.05027142857142857,False,GLOBAL_ALL_CELLS,4522,0.05,Skill_RMSE / squared-error loss difference
03133002_10_46,sarima,4,lags_only,0.0478,0.09645319053993753,False,GLOBAL_ALL_CELLS,4522,0.05,Skill_RMSE / squared-error loss difference
03133002_10_46,sarima,5,lags_only,0.0913,0.16196885052961946,False,GLOBAL_ALL_CELLS,4522,0.05,Skill_RMSE / squared-error loss difference
03133002_10_46,sarima,6,lags_only,0.1732,0.2665794417971409,False,GLOBAL_ALL_CELLS,4522,0.05,Skill_RMSE / squared-error loss difference
03133002_10_46,sarima,7,lags_only,0.272,0.3747901918976546,False,GLOBAL_ALL_CELLS,4522,0.05,Skill_RMSE / squared-error loss difference
03133002_10_46,xgboost_direct,1,lags_only,1.0,1.0,False,GLOBAL_ALL_CELLS,4522,0.05,Skill_RMSE / squared-error loss difference
03133002_10_46,xgboost_direct,2,lags_only,0.2308,0.33195852417302796,False,GLOBAL_ALL_CELLS,4522,0.05,Skill_RMSE / squared-error loss difference
03133002_10_46,xgboost_direct,3,lags_only,0.0149,0.038611919770773634,True,GLOBAL_ALL_CELLS,4522,0.05,Skill_RMSE / squared-error loss difference
03133002_10_46,xgboost_direct,4,lags_only,0.0055,0.016999999999999998,True,GLOBAL_ALL_CELLS,4522,0.05,Skill_RMSE / squared-error loss difference
03133002_10_46,xgboost_direct,5,lags_only,0.0007,0.0029120515179392823,True,GLOBAL_ALL_CELLS,4522,0.05,Skill_RMSE / squared-error loss difference
03133002_10_46,xgboost_direct,6,lags_only,0.0001,0.0005270396270396271,True,GLOBAL_ALL_CELLS,4522,0.05,Skill_RMSE / squared-error loss difference
03133002_10_46,xgboost_direct,7,lags_only,0.0006,0.002552398871119473,True,GLOBAL_ALL_CELLS,4522,0.05,Skill_RMSE / squared-error loss difference
04013004_10_49,sarima,1,lags_only,0.6352,0.7277361033696479,False,GLOBAL_ALL_CELLS,4522,0.05,Skill_RMSE / squared-error loss difference
04013004_10_49,sarima,2,lags_only,0.3574,0.4506867819297267,False,GLOBAL_ALL_CELLS,4522,0.05,Skill_RMSE / squared-error loss difference
04013004_10_49,sarima,3,lags_only,0.3554,0.4501733333333333,False,GLOBAL_ALL_CELLS,4522,0.05,Skill_RMSE / squared-error loss difference
04013004_10_49,sarima,4,lags_only,0.361,0.45245059573289,False,GLOBAL_ALL_CELLS,4522,0.05,Skill_RMSE / squared-error loss difference
04013004_10_49,sarima,5,lags_only,0.356,0.45055793296089386,False,GLOBAL_ALL_CELLS,4522,0.05,Skill_RMSE / squared-error loss difference
04013004_10_49,sarima,6,lags_only,0.8408,0.9264370370370371,False,GLOBAL_ALL_CELLS,4522,0.05,Skill_RMSE / squared-error loss difference
04013004_10_49,sarima,7,lags_only,0.3636,0.45407323943661965,False,GLOBAL_ALL_CELLS,4522,0.05,Skill_RMSE / squared-error loss difference
04013004_10_49,xgboost_direct,1,lags_only,0.9683,1.0,False,GLOBAL_ALL_CELLS,4522,0.05,Skill_RMSE / squared-error loss difference
04013004_10_49,xgboost_direct,2,lags_only,0.2944,0.39668557806912985,False,GLOBAL_ALL_CELLS,4522,0.05,Skill_RMSE / squared-error loss difference
04013004_10_49,xgboost_direct,3,lags_only,0.2032,0.30235946034879896,False,GLOBAL_ALL_CELLS,4522,0.05,Skill_RMSE / squared-error loss difference
04013004_10_49,xgboost_direct,4,lags_only,0.0749,0.13858338788870703,False,GLOBAL_ALL_CELLS,4522,0.05,Skill_RMSE / squared-error loss difference
04013004_10_49,xgboost_direct,5,lags_only,0.3124,0.41378816637375515,False,GLOBAL_ALL_CELLS,4522,0.05,Skill_RMSE / squared-error loss difference
04013004_10_49,xgboost_direct,6,lags_only,0.257,0.36024612523248606,False,GLOBAL_ALL_CELLS,4522,0.05,Skill_RMSE / squared-error loss difference
04013004_10_49,xgboost_direct,7,lags_only,0.0698,0.13075211267605635,False,GLOBAL_ALL_CELLS,4522,0.05,Skill_RMSE / squared-error loss difference
04022001_10_49,sarima,1,lags_only,1.0,1.0,False,GLOBAL_ALL_CELLS,4522,0.05,Skill_RMSE / squared-error loss difference
04022001_10_49,sarima,2,lags_only,0.5541,0.6477870217166495,False,GLOBAL_ALL_CELLS,4522,0.05,Skill_RMSE / squared-error loss difference
04022001_10_49,sarima,3,lags_only,0.3639,0.4543224185532855,False,GLOBAL_ALL_CELLS,4522,0.05,Skill_RMSE / squared-error loss difference
04022001_10_49,sarima,4,lags_only,0.3611,0.45245059573289,False,GLOBAL_ALL_CELLS,4522,0.05,Skill_RMSE / squared-error loss difference
04022001_10_49,sarima,5,lags_only,0.3567,0.45055793296089386,False,GLOBAL_ALL_CELLS,4522,0.05,Skill_RMSE / squared-error loss difference
04022001_10_49,sarima,6,lags_only,0.3519,0.44812497887918895,False,GLOBAL_ALL_CELLS,4522,0.05,Skill_RMSE / squared-error loss difference
04022001_10_49,sarima,7,lags_only,0.3549,0.45017049088359046,False,GLOBAL_ALL_CELLS,4522,0.05,Skill_RMSE / squared-error loss difference
04022001_10_49,xgboost_direct,1,lags_only,1.0,1.0,False,GLOBAL_ALL_CELLS,4522,0.05,Skill_RMSE / squared-error loss difference
04022001_10_49,xgboost_direct,2,lags_only,0.4003,0.4900261505143476,False,GLOBAL_ALL_CELLS,4522,0.05,Skill_RMSE / squared-error loss difference
04022001_10_49,xgboost_direct,3,lags_only,0.3607,0.45245059573289,False,GLOBAL_ALL_CELLS,4522,0.05,Skill_RMSE / squared-error loss difference
04022001_10_49,xgboost_direct,4,lags_only,0.6411,0.7324543203638201,False,GLOBAL_ALL_CELLS,4522,0.05,Skill_RMSE / squared-error loss difference
04022001_10_49,xgboost_direct,5,lags_only,0.2034,0.30255750000000003,False,GLOBAL_ALL_CELLS,4522,0.05,Skill_RMSE / squared-error loss difference
04022001_10_49,xgboost_direct,6,lags_only,0.1371,0.22228978128361418,False,GLOBAL_ALL_CELLS,4522,0.05,Skill_RMSE / squared-error loss difference
04022001_10_49,xgboost_direct,7,lags_only,0.1799,0.2751125464998309,False,GLOBAL_ALL_CELLS,4522,0.05,Skill_RMSE / squared-error loss difference
04032005_10_49,sarima,1,lags_only,0.3523,0.4482556555993247,False,GLOBAL_ALL_CELLS,4522,0.05,Skill_RMSE / squared-error loss difference
04032005_10_49,sarima,2,lags_only,0.351,0.44773540197461215,False,GLOBAL_ALL_CELLS,4522,0.05,Skill_RMSE / squared-error loss difference
04032005_10_49,sarima,3,lags_only,0.3382,0.4390871088142406,False,GLOBAL_ALL_CELLS,4522,0.05,Skill_RMSE / squared-error loss difference
04032005_10_49,sarima,4,lags_only,0.3522,0.44825454545454546,False,GLOBAL_ALL_CELLS,4522,0.05,Skill_RMSE / squared-error loss difference
04032005_10_49,sarima,5,lags_only,0.3378,0.438819764435507,False,GLOBAL_ALL_CELLS,4522,0.05,Skill_RMSE / squared-error loss difference
04032005_10_49,sarima,6,lags_only,0.3471,0.44577852882703783,False,GLOBAL_ALL_CELLS,4522,0.05,Skill_RMSE / squared-error loss difference
04032005_10_49,sarima,7,lags_only,0.3547,0.4501693516699411,False,GLOBAL_ALL_CELLS,4522,0.05,Skill_RMSE / squared-error loss difference
04032005_10_49,xgboost_direct,1,lags_only,0.9599,1.0,False,GLOBAL_ALL_CELLS,4522,0.05,Skill_RMSE / squared-error loss difference
04032005_10_49,xgboost_direct,2,lags_only,0.2312,0.33242810810810813,False,GLOBAL_ALL_CELLS,4522,0.05,Skill_RMSE / squared-error loss difference
04032005_10_49,xgboost_direct,3,lags_only,0.1199,0.20006929889298894,False,GLOBAL_ALL_CELLS,4522,0.05,Skill_RMSE / squared-error loss difference
04032005_10_49,xgboost_direct,4,lags_only,0.1267,0.20879642857142858,False,GLOBAL_ALL_CELLS,4522,0.05,Skill_RMSE / squared-error loss difference
04032005_10_49,xgboost_direct,5,lags_only,0.1753,0.2693532449881074,False,GLOBAL_ALL_CELLS,4522,0.05,Skill_RMSE / squared-error loss difference
04032005_10_49,xgboost_direct,6,lags_only,0.0271,0.06252357142857143,False,GLOBAL_ALL_CELLS,4522,0.05,Skill_RMSE / squared-error loss difference
04032005_10_49,xgboost_direct,7,lags_only,0.0213,0.05139733191035219,False,GLOBAL_ALL_CELLS,4522,0.05,Skill_RMSE / squared-error loss difference
04902001_10_49,sarima,1,lags_only,0.3037,0.4066720165827658,False,GLOBAL_ALL_CELLS,4522,0.05,Skill_RMSE / squared-error loss difference
04902001_10_49,sarima,2,lags_only,0.1737,0.2671671428571429,False,GLOBAL_ALL_CELLS,4522,0.05,Skill_RMSE / squared-error loss difference
04902001_10_49,sarima,3,lags_only,0.2038,0.30305281157513975,False,GLOBAL_ALL_CELLS,4522,0.05,Skill_RMSE / squared-error loss difference
04902001_10_49,sarima,4,lags_only,0.1625,0.2547053726169844,False,GLOBAL_ALL_CELLS,4522,0.05,Skill_RMSE / squared-error loss difference
04902001_10_49,sarima,5,lags_only,0.1727,0.26608156729131177,False,GLOBAL_ALL_CELLS,4522,0.05,Skill_RMSE / squared-error loss difference
04902001_10_49,sarima,6,lags_only,0.1732,0.2665794417971409,False,GLOBAL_ALL_CELLS,4522,0.05,Skill_RMSE / squared-error loss difference
04902001_10_49,sarima,7,lags_only,0.1801,0.2753252873563219,False,GLOBAL_ALL_CELLS,4522,0.05,Skill_RMSE / squared-error loss difference
04902001_10_49,xgboost_direct,1,lags_only,0.6436,0.7345681978798586,False,GLOBAL_ALL_CELLS,4522,0.05,Skill_RMSE / squared-error loss difference
04902001_10_49,xgboost_direct,2,lags_only,0.3064,0.4089553719008264,False,GLOBAL_ALL_CELLS,4522,0.05,Skill_RMSE / squared-error loss difference
04902001_10_49,xgboost_direct,3,lags_only,0.5862,0.6789949795081968,False,GLOBAL_ALL_CELLS,4522,0.05,Skill_RMSE / squared-error loss difference
04902001_10_49,xgboost_direct,4,lags_only,0.4124,0.5021197630586968,False,GLOBAL_ALL_CELLS,4522,0.05,Skill_RMSE / squared-error loss difference
04902001_10_49,xgboost_direct,5,lags_only,0.4585,0.5495194805194805,False,GLOBAL_ALL_CELLS,4522,0.05,Skill_RMSE / squared-error loss difference
04902001_10_49,xgboost_direct,6,lags_only,0.3492,0.4468258064516129,False,GLOBAL_ALL_CELLS,4522,0.05,Skill_RMSE / squared-error loss difference
04902001_10_49,xgboost_direct,7,lags_only,0.3554,0.4501733333333333,False,GLOBAL_ALL_CELLS,4522,0.05,Skill_RMSE / squared-error loss difference
05019002_10_49,sarima,1,lags_only,0.3512,0.44773791936848045,False,GLOBAL_ALL_CELLS,4522,0.05,Skill_RMSE / squared-error loss difference
05019002_10_49,sarima,2,lags_only,0.1644,0.25668357487922705,False,GLOBAL_ALL_CELLS,4522,0.05,Skill_RMSE / squared-error loss difference
05019002_10_49,sarima,3,lags_only,0.0877,0.15699897070467142,False,GLOBAL_ALL_CELLS,4522,0.05,Skill_RMSE / squared-error loss difference
05019002_10_49,sarima,4,lags_only,0.0341,0.07481814653081029,False,GLOBAL_ALL_CELLS,4522,0.05,Skill_RMSE / squared-error loss difference
05019002_10_49,sarima,5,lags_only,0.0207,0.05027142857142857,False,GLOBAL_ALL_CELLS,4522,0.05,Skill_RMSE / squared-error loss difference
05019002_10_49,sarima,6,lags_only,0.0319,0.07166010928961748,False,GLOBAL_ALL_CELLS,4522,0.05,Skill_RMSE / squared-error loss difference
05019002_10_49,sarima,7,lags_only,0.0282,0.0645672911392405,False,GLOBAL_ALL_CELLS,4522,0.05,Skill_RMSE / squared-error loss difference
05019002_10_49,xgboost_direct,1,lags_only,0.6698,0.7612052274440814,False,GLOBAL_ALL_CELLS,4522,0.05,Skill_RMSE / squared-error loss difference
05019002_10_49,xgboost_direct,2,lags_only,0.7249,0.8158282229965157,False,GLOBAL_ALL_CELLS,4522,0.05,Skill_RMSE / squared-error loss difference
05019002_10_49,xgboost_direct,3,lags_only,0.6617,0.7528703396226416,False,GLOBAL_ALL_CELLS,4522,0.05,Skill_RMSE / squared-error loss difference
05019002_10_49,xgboost_direct,4,lags_only,0.5716,0.6644666323907455,False,GLOBAL_ALL_CELLS,4522,0.05,Skill_RMSE / squared-error loss difference
05019002_10_49,xgboost_direct,5,lags_only,0.2956,0.3980652769505658,False,GLOBAL_ALL_CELLS,4522,0.05,Skill_RMSE / squared-error loss difference
05019002_10_49,xgboost_direct,6,lags_only,0.0601,0.11614196581196581,False,GLOBAL_ALL_CELLS,4522,0.05,Skill_RMSE / squared-error loss difference
05019002_10_49,xgboost_direct,7,lags_only,0.2343,0.33557246835443033,False,GLOBAL_ALL_CELLS,4522,0.05,Skill_RMSE / squared-error loss difference
07003001_10_49,sarima,1,lags_only,0.1874,0.28437006711409396,False,GLOBAL_ALL_CELLS,4522,0.05,Skill_RMSE / squared-error loss difference
07003001_10_49,sarima,2,lags_only,0.1273,0.2097087795992714,False,GLOBAL_ALL_CELLS,4522,0.05,Skill_RMSE / squared-error loss difference
07003001_10_49,sarima,3,lags_only,0.1847,0.2810273889636608,False,GLOBAL_ALL_CELLS,4522,0.05,Skill_RMSE / squared-error loss difference
07003001_10_49,sarima,4,lags_only,0.4038,0.493642497972425,False,GLOBAL_ALL_CELLS,4522,0.05,Skill_RMSE / squared-error loss difference
07003001_10_49,sarima,5,lags_only,0.2734,0.37600815085158146,False,GLOBAL_ALL_CELLS,4522,0.05,Skill_RMSE / squared-error loss difference
07003001_10_49,sarima,6,lags_only,0.3853,0.4757855270344074,False,GLOBAL_ALL_CELLS,4522,0.05,Skill_RMSE / squared-error loss difference
07003001_10_49,sarima,7,lags_only,0.5446,0.6379521885521885,False,GLOBAL_ALL_CELLS,4522,0.05,Skill_RMSE / squared-error loss difference
07003001_10_49,xgboost_direct,1,lags_only,0.9874,1.0,False,GLOBAL_ALL_CELLS,4522,0.05,Skill_RMSE / squared-error loss difference
07003001_10_49,xgboost_direct,2,lags_only,0.4123,0.5021197630586968,False,GLOBAL_ALL_CELLS,4522,0.05,Skill_RMSE / squared-error loss difference
07003001_10_49,xgboost_direct,3,lags_only,0.6645,0.7557517605633802,False,GLOBAL_ALL_CELLS,4522,0.05,Skill_RMSE / squared-error loss difference
07003001_10_49,xgboost_direct,4,lags_only,0.8565,0.9409846938775511,False,GLOBAL_ALL_CELLS,4522,0.05,Skill_RMSE / squared-error loss difference
07003001_10_49,xgboost_direct,5,lags_only,0.3704,0.460654660434424,False,GLOBAL_ALL_CELLS,4522,0.05,Skill_RMSE / squared-error loss difference
07003001_10_49,xgboost_direct,6,lags_only,0.2519,0.3550784912718205,False,GLOBAL_ALL_CELLS,4522,0.05,Skill_RMSE / squared-error loss difference
07003001_10_49,xgboost_direct,7,lags_only,0.7068,0.7982391608391608,False,GLOBAL_ALL_CELLS,4522,0.05,Skill_RMSE / squared-error loss difference
07003004_10_49,sarima,1,lags_only,0.0993,0.172307981580967,False,GLOBAL_ALL_CELLS,4522,0.05,Skill_RMSE / squared-error loss difference
07003004_10_49,sarima,2,lags_only,0.0343,0.0750385099177552,False,GLOBAL_ALL_CELLS,4522,0.05,Skill_RMSE / squared-error loss difference
07003004_10_49,sarima,3,lags_only,0.1101,0.18667874015748032,False,GLOBAL_ALL_CELLS,4522,0.05,Skill_RMSE / squared-error loss difference
07003004_10_49,sarima,4,lags_only,0.2632,0.3657622618315919,False,GLOBAL_ALL_CELLS,4522,0.05,Skill_RMSE / squared-error loss difference
07003004_10_49,sarima,5,lags_only,0.4108,0.5007109433962265,False,GLOBAL_ALL_CELLS,4522,0.05,Skill_RMSE / squared-error loss difference
07003004_10_49,sarima,6,lags_only,0.5782,0.6709914828116983,False,GLOBAL_ALL_CELLS,4522,0.05,Skill_RMSE / squared-error loss difference
07003004_10_49,sarima,7,lags_only,0.7795,0.8697012089810017,False,GLOBAL_ALL_CELLS,4522,0.05,Skill_RMSE / squared-error loss difference
07003004_10_49,xgboost_direct,1,lags_only,0.9494,1.0,False,GLOBAL_ALL_CELLS,4522,0.05,Skill_RMSE / squared-error loss difference
07003004_10_49,xgboost_direct,2,lags_only,0.3487,0.44656510903426794,False,GLOBAL_ALL_CELLS,4522,0.05,Skill_RMSE / squared-error loss difference
07003004_10_49,xgboost_direct,3,lags_only,0.128,0.2106317321688501,False,GLOBAL_ALL_CELLS,4522,0.05,Skill_RMSE / squared-error loss difference
07003004_10_49,xgboost_direct,4,lags_only,0.0792,0.14487961165048543,False,GLOBAL_ALL_CELLS,4522,0.05,Skill_RMSE / squared-error loss difference
07003004_10_49,xgboost_direct,5,lags_only,0.094,0.16617200938232993,False,GLOBAL_ALL_CELLS,4522,0.05,Skill_RMSE / squared-error loss difference
07003004_10_49,xgboost_direct,6,lags_only,0.222,0.3222741573033708,False,GLOBAL_ALL_CELLS,4522,0.05,Skill_RMSE / squared-error loss difference
07003004_10_49,xgboost_direct,7,lags_only,0.1913,0.2889307281229125,False,GLOBAL_ALL_CELLS,4522,0.05,Skill_RMSE / squared-error loss difference
07015001_10_49,sarima,1,lags_only,0.4841,0.5753219973718791,False,GLOBAL_ALL_CELLS,4522,0.05,Skill_RMSE / squared-error loss difference
07015001_10_49,sarima,2,lags_only,0.0,0.0,True,GLOBAL_ALL_CELLS,4522,0.05,Skill_RMSE / squared-error loss difference
07015001_10_49,sarima,3,lags_only,0.0,0.0,True,GLOBAL_ALL_CELLS,4522,0.05,Skill_RMSE / squared-error loss difference
07015001_10_49,sarima,4,lags_only,0.0,0.0,True,GLOBAL_ALL_CELLS,4522,0.05,Skill_RMSE / squared-error loss difference
07015001_10_49,sarima,5,lags_only,0.0,0.0,True,GLOBAL_ALL_CELLS,4522,0.05,Skill_RMSE / squared-error loss difference
07015001_10_49,sarima,6,lags_only,0.0,0.0,True,GLOBAL_ALL_CELLS,4522,0.05,Skill_RMSE / squared-error loss difference
07015001_10_49,sarima,7,lags_only,0.0,0.0,True,GLOBAL_ALL_CELLS,4522,0.05,Skill_RMSE / squared-error loss difference
07015001_10_49,xgboost_direct,1,lags_only,0.995,1.0,False,GLOBAL_ALL_CELLS,4522,0.05,Skill_RMSE / squared-error loss difference
07015001_10_49,xgboost_direct,2,lags_only,0.0335,0.07407677261613693,False,GLOBAL_ALL_CELLS,4522,0.05,Skill_RMSE / squared-error loss difference
07015001_10_49,xgboost_direct,3,lags_only,0.0173,0.043485603112840464,True,GLOBAL_ALL_CELLS,4522,0.05,Skill_RMSE / squared-error loss difference
07015001_10_49,xgboost_direct,4,lags_only,0.0112,0.030732038834951455,True,GLOBAL_ALL_CELLS,4522,0.05,Skill_RMSE / squared-error loss difference
07015001_10_49,xgboost_direct,5,lags_only,0.0049,0.01540876216968011,True,GLOBAL_ALL_CELLS,4522,0.05,Skill_RMSE / squared-error loss difference
07015001_10_49,xgboost_direct,6,lags_only,0.0061,0.018463319946452478,True,GLOBAL_ALL_CELLS,4522,0.05,Skill_RMSE / squared-error loss difference
07015001_10_49,xgboost_direct,7,lags_only,0.0135,0.03578370457209847,True,GLOBAL_ALL_CELLS,4522,0.05,Skill_RMSE / squared-error loss difference
07026001_10_49,sarima,1,lags_only,0.2514,0.3545947598253275,False,GLOBAL_ALL_CELLS,4522,0.05,Skill_RMSE / squared-error loss difference
07026001_10_49,sarima,2,lags_only,0.0469,0.09536052158273381,False,GLOBAL_ALL_CELLS,4522,0.05,Skill_RMSE / squared-error loss difference
07026001_10_49,sarima,3,lags_only,0.1019,0.1754060905976399,False,GLOBAL_ALL_CELLS,4522,0.05,Skill_RMSE / squared-error loss difference
07026001_10_49,sarima,4,lags_only,0.2153,0.3153827664399093,False,GLOBAL_ALL_CELLS,4522,0.05,Skill_RMSE / squared-error loss difference
07026001_10_49,sarima,5,lags_only,0.3096,0.4115259259259259,False,GLOBAL_ALL_CELLS,4522,0.05,Skill_RMSE / squared-error loss difference
07026001_10_49,sarima,6,lags_only,0.6939,0.7856323985978968,False,GLOBAL_ALL_CELLS,4522,0.05,Skill_RMSE / squared-error loss difference
07026001_10_49,sarima,7,lags_only,0.9097,0.9890991584515507,False,GLOBAL_ALL_CELLS,4522,0.05,Skill_RMSE / squared-error loss difference
07026001_10_49,xgboost_direct,1,lags_only,0.7093,0.8004628400299476,False,GLOBAL_ALL_CELLS,4522,0.05,Skill_RMSE / squared-error loss difference
07026001_10_49,xgboost_direct,2,lags_only,0.4557,0.5468883757961783,False,GLOBAL_ALL_CELLS,4522,0.05,Skill_RMSE / squared-error loss difference
07026001_10_49,xgboost_direct,3,lags_only,0.4836,0.5750300289245333,False,GLOBAL_ALL_CELLS,4522,0.05,Skill_RMSE / squared-error loss difference
07026001_10_49,xgboost_direct,4,lags_only,0.3946,0.48488619565217395,False,GLOBAL_ALL_CELLS,4522,0.05,Skill_RMSE / squared-error loss difference
07026001_10_49,xgboost_direct,5,lags_only,0.4482,0.539462443438914,False,GLOBAL_ALL_CELLS,4522,0.05,Skill_RMSE / squared-error loss difference
07026001_10_49,xgboost_direct,6,lags_only,0.2347,0.3356462365591398,False,GLOBAL_ALL_CELLS,4522,0.05,Skill_RMSE / squared-error loss difference
07026001_10_49,xgboost_direct,7,lags_only,0.1482,0.23622150158618258,False,GLOBAL_ALL_CELLS,4522,0.05,Skill_RMSE / squared-error loss difference
07032002_10_49,sarima,1,lags_only,0.2001,0.2988283355350066,False,GLOBAL_ALL_CELLS,4522,0.05,Skill_RMSE / squared-error loss difference
07032002_10_49,sarima,2,lags_only,0.0,0.0,True,GLOBAL_ALL_CELLS,4522,0.05,Skill_RMSE / squared-error loss difference
07032002_10_49,sarima,3,lags_only,0.0,0.0,True,GLOBAL_ALL_CELLS,4522,0.05,Skill_RMSE / squared-error loss difference
07032002_10_49,sarima,4,lags_only,0.0,0.0,True,GLOBAL_ALL_CELLS,4522,0.05,Skill_RMSE / squared-error loss difference
07032002_10_49,sarima,5,lags_only,0.0,0.0,True,GLOBAL_ALL_CELLS,4522,0.05,Skill_RMSE / squared-error loss difference
07032002_10_49,sarima,6,lags_only,0.0,0.0,True,GLOBAL_ALL_CELLS,4522,0.05,Skill_RMSE / squared-error loss difference
07032002_10_49,sarima,7,lags_only,0.0,0.0,True,GLOBAL_ALL_CELLS,4522,0.05,Skill_RMSE / squared-error loss difference
07032002_10_49,xgboost_direct,1,lags_only,0.8548,0.9398019936785801,False,GLOBAL_ALL_CELLS,4522,0.05,Skill_RMSE / squared-error loss difference
07032002_10_49,xgboost_direct,2,lags_only,0.0638,0.12193727810650888,False,GLOBAL_ALL_CELLS,4522,0.05,Skill_RMSE / squared-error loss difference
07032002_10_49,xgboost_direct,3,lags_only,0.0339,0.07452396694214876,False,GLOBAL_ALL_CELLS,4522,0.05,Skill_RMSE / squared-error loss difference
07032002_10_49,xgboost_direct,4,lags_only,0.0,0.0,True,GLOBAL_ALL_CELLS,4522,0.05,Skill_RMSE / squared-error loss difference
07032002_10_49,xgboost_direct,5,lags_only,0.1497,0.23810882870207528,False,GLOBAL_ALL_CELLS,4522,0.05,Skill_RMSE / squared-error loss difference
07032002_10_49,xgboost_direct,6,lags_only,0.0184,0.04571692307692307,True,GLOBAL_ALL_CELLS,4522,0.05,Skill_RMSE / squared-error loss difference
07032002_10_49,xgboost_direct,7,lags_only,0.0009,0.003585726872246696,True,GLOBAL_ALL_CELLS,4522,0.05,Skill_RMSE / squared-error loss difference
07032003_10_49,sarima,1,lags_only,0.1935,0.29128062583222375,False,GLOBAL_ALL_CELLS,4522,0.05,Skill_RMSE / squared-error loss difference
07032003_10_49,sarima,2,lags_only,0.0,0.0,True,GLOBAL_ALL_CELLS,4522,0.05,Skill_RMSE / squared-error loss difference
07032003_10_49,sarima,3,lags_only,0.0,0.0,True,GLOBAL_ALL_CELLS,4522,0.05,Skill_RMSE / squared-error loss difference
07032003_10_49,sarima,4,lags_only,0.0,0.0,True,GLOBAL_ALL_CELLS,4522,0.05,Skill_RMSE / squared-error loss difference
07032003_10_49,sarima,5,lags_only,0.0,0.0,True,GLOBAL_ALL_CELLS,4522,0.05,Skill_RMSE / squared-error loss difference
07032003_10_49,sarima,6,lags_only,0.0,0.0,True,GLOBAL_ALL_CELLS,4522,0.05,Skill_RMSE / squared-error loss difference
07032003_10_49,sarima,7,lags_only,0.0,0.0,True,GLOBAL_ALL_CELLS,4522,0.05,Skill_RMSE / squared-error loss difference
07032003_10_49,xgboost_direct,1,lags_only,0.9369,1.0,False,GLOBAL_ALL_CELLS,4522,0.05,Skill_RMSE / squared-error loss difference
07032003_10_49,xgboost_direct,2,lags_only,0.2791,0.3812961329305136,False,GLOBAL_ALL_CELLS,4522,0.05,Skill_RMSE / squared-error loss difference
07032003_10_49,xgboost_direct,3,lags_only,0.1199,0.20006929889298894,False,GLOBAL_ALL_CELLS,4522,0.05,Skill_RMSE / squared-error loss difference
07032003_10_49,xgboost_direct,4,lags_only,0.0958,0.1680851937984496,False,GLOBAL_ALL_CELLS,4522,0.05,Skill_RMSE / squared-error loss difference
07032003_10_49,xgboost_direct,5,lags_only,0.0805,0.14684187172246874,False,GLOBAL_ALL_CELLS,4522,0.05,Skill_RMSE / squared-error loss difference
07032003_10_49,xgboost_direct,6,lags_only,0.0168,0.04239375,True,GLOBAL_ALL_CELLS,4522,0.05,Skill_RMSE / squared-error loss difference
07032003_10_49,xgboost_direct,7,lags_only,0.4769,0.5684084870848708,False,GLOBAL_ALL_CELLS,4522,0.05,Skill_RMSE / squared-error loss difference
07040003_10_49,sarima,1,lags_only,0.0976,0.17014155744024673,False,GLOBAL_ALL_CELLS,4522,0.05,Skill_RMSE / squared-error loss difference
07040003_10_49,sarima,2,lags_only,0.0166,0.04205333333333334,True,GLOBAL_ALL_CELLS,4522,0.05,Skill_RMSE / squared-error loss difference
07040003_10_49,sarima,3,lags_only,0.049,0.09843536206130608,False,GLOBAL_ALL_CELLS,4522,0.05,Skill_RMSE / squared-error loss difference
07040003_10_49,sarima,4,lags_only,0.148,0.23615243472124206,False,GLOBAL_ALL_CELLS,4522,0.05,Skill_RMSE / squared-error loss difference
07040003_10_49,sarima,5,lags_only,0.2283,0.32909550525980236,False,GLOBAL_ALL_CELLS,4522,0.05,Skill_RMSE / squared-error loss difference
07040003_10_49,sarima,6,lags_only,0.3645,0.4548203642384106,False,GLOBAL_ALL_CELLS,4522,0.05,Skill_RMSE / squared-error loss difference
07040003_10_49,sarima,7,lags_only,0.5973,0.6895559356650498,False,GLOBAL_ALL_CELLS,4522,0.05,Skill_RMSE / squared-error loss difference
07040003_10_49,xgboost_direct,1,lags_only,0.9931,1.0,False,GLOBAL_ALL_CELLS,4522,0.05,Skill_RMSE / squared-error loss difference
07040003_10_49,xgboost_direct,2,lags_only,0.2323,0.33358545570022236,False,GLOBAL_ALL_CELLS,4522,0.05,Skill_RMSE / squared-error loss difference
07040003_10_49,xgboost_direct,3,lags_only,0.0024,0.008439191290824261,True,GLOBAL_ALL_CELLS,4522,0.05,Skill_RMSE / squared-error loss difference
07040003_10_49,xgboost_direct,4,lags_only,0.0009,0.003585726872246696,True,GLOBAL_ALL_CELLS,4522,0.05,Skill_RMSE / squared-error loss difference
07040003_10_49,xgboost_direct,5,lags_only,0.0,0.0,True,GLOBAL_ALL_CELLS,4522,0.05,Skill_RMSE / squared-error loss difference
07040003_10_49,xgboost_direct,6,lags_only,0.0,0.0,True,GLOBAL_ALL_CELLS,4522,0.05,Skill_RMSE / squared-error loss difference
07040003_10_49,xgboost_direct,7,lags_only,0.0,0.0,True,GLOBAL_ALL_CELLS,4522,0.05,Skill_RMSE / squared-error loss difference
07040006_10_47,sarima,1,lags_only,0.4429,0.5339359637430019,False,GLOBAL_ALL_CELLS,4522,0.05,Skill_RMSE / squared-error loss difference
07040006_10_47,sarima,2,lags_only,0.0005,0.0021887705711519847,True,GLOBAL_ALL_CELLS,4522,0.05,Skill_RMSE / squared-error loss difference
07040006_10_47,sarima,3,lags_only,0.0003,0.0014087227414330216,True,GLOBAL_ALL_CELLS,4522,0.05,Skill_RMSE / squared-error loss difference
07040006_10_47,sarima,4,lags_only,0.0002,0.0009819761129207384,True,GLOBAL_ALL_CELLS,4522,0.05,Skill_RMSE / squared-error loss difference
07040006_10_47,sarima,5,lags_only,0.0319,0.07166010928961748,False,GLOBAL_ALL_CELLS,4522,0.05,Skill_RMSE / squared-error loss difference
07040006_10_47,sarima,6,lags_only,0.0138,0.0363022687609075,True,GLOBAL_ALL_CELLS,4522,0.05,Skill_RMSE / squared-error loss difference
07040006_10_47,sarima,7,lags_only,0.0613,0.11800706683695189,False,GLOBAL_ALL_CELLS,4522,0.05,Skill_RMSE / squared-error loss difference
07040006_10_47,xgboost_direct,1,lags_only,0.9997,1.0,False,GLOBAL_ALL_CELLS,4522,0.05,Skill_RMSE / squared-error loss difference
07040006_10_47,xgboost_direct,2,lags_only,0.6391,0.7310928914748293,False,GLOBAL_ALL_CELLS,4522,0.05,Skill_RMSE / squared-error loss difference
07040006_10_47,xgboost_direct,3,lags_only,0.4892,0.5806200524934384,False,GLOBAL_ALL_CELLS,4522,0.05,Skill_RMSE / squared-error loss difference
07040006_10_47,xgboost_direct,4,lags_only,0.256,0.3592898820608318,False,GLOBAL_ALL_CELLS,4522,0.05,Skill_RMSE / squared-error loss difference
07040006_10_47,xgboost_direct,5,lags_only,0.3157,0.417792039800995,False,GLOBAL_ALL_CELLS,4522,0.05,Skill_RMSE / squared-error loss difference
07040006_10_47,xgboost_direct,6,lags_only,0.0894,0.15922284363922803,False,GLOBAL_ALL_CELLS,4522,0.05,Skill_RMSE / squared-error loss difference
07040006_10_47,xgboost_direct,7,lags_only,0.2794,0.3815906976744186,False,GLOBAL_ALL_CELLS,4522,0.05,Skill_RMSE / squared-error loss difference
07042001_10_49,sarima,1,lags_only,0.2701,0.3729441832061069,False,GLOBAL_ALL_CELLS,4522,0.05,Skill_RMSE / squared-error loss difference
07042001_10_49,sarima,2,lags_only,0.0559,0.10961830008673026,False,GLOBAL_ALL_CELLS,4522,0.05,Skill_RMSE / squared-error loss difference
07042001_10_49,sarima,3,lags_only,0.075,0.1387116564417178,False,GLOBAL_ALL_CELLS,4522,0.05,Skill_RMSE / squared-error loss difference
07042001_10_49,sarima,4,lags_only,0.1136,0.19110833333333335,False,GLOBAL_ALL_CELLS,4522,0.05,Skill_RMSE / squared-error loss difference
07042001_10_49,sarima,5,lags_only,0.205,0.30388669724770645,False,GLOBAL_ALL_CELLS,4522,0.05,Skill_RMSE / squared-error loss difference
07042001_10_49,sarima,6,lags_only,0.2903,0.39291727027835976,False,GLOBAL_ALL_CELLS,4522,0.05,Skill_RMSE / squared-error loss difference
07042001_10_49,sarima,7,lags_only,0.3614,0.4525756854057048,False,GLOBAL_ALL_CELLS,4522,0.05,Skill_RMSE / squared-error loss difference
07042001_10_49,xgboost_direct,1,lags_only,0.8351,0.9217286307053941,False,GLOBAL_ALL_CELLS,4522,0.05,Skill_RMSE / squared-error loss difference
07042001_10_49,xgboost_direct,2,lags_only,0.4511,0.5425197340425532,False,GLOBAL_ALL_CELLS,4522,0.05,Skill_RMSE / squared-error loss difference
07042001_10_49,xgboost_direct,3,lags_only,0.163,0.2550470588235294,False,GLOBAL_ALL_CELLS,4522,0.05,Skill_RMSE / squared-error loss difference
07042001_10_49,xgboost_direct,4,lags_only,0.3966,0.4866825508819539,False,GLOBAL_ALL_CELLS,4522,0.05,Skill_RMSE / squared-error loss difference
07042001_10_49,xgboost_direct,5,lags_only,0.0227,0.054139978902953585,False,GLOBAL_ALL_CELLS,4522,0.05,Skill_RMSE / squared-error loss difference
07042001_10_49,xgboost_direct,6,lags_only,0.3699,0.46016170563961484,False,GLOBAL_ALL_CELLS,4522,0.05,Skill_RMSE / squared-error loss difference
07042001_10_49,xgboost_direct,7,lags_only,0.0689,0.12938779069767442,False,GLOBAL_ALL_CELLS,4522,0.05,Skill_RMSE / squared-error loss difference
07044001_10_49,sarima,1,lags_only,0.089,0.15901145792177004,False,GLOBAL_ALL_CELLS,4522,0.05,Skill_RMSE / squared-error loss difference
07044001_10_49,sarima,2,lags_only,0.0467,0.09524284428442845,False,GLOBAL_ALL_CELLS,4522,0.05,Skill_RMSE / squared-error loss difference
07044001_10_49,sarima,3,lags_only,0.0662,0.12551631027253668,False,GLOBAL_ALL_CELLS,4522,0.05,Skill_RMSE / squared-error loss difference
07044001_10_49,sarima,4,lags_only,0.0733,0.13634825174825174,False,GLOBAL_ALL_CELLS,4522,0.05,Skill_RMSE / squared-error loss difference
07044001_10_49,sarima,5,lags_only,0.1171,0.19612081481481483,False,GLOBAL_ALL_CELLS,4522,0.05,Skill_RMSE / squared-error loss difference
07044001_10_49,sarima,6,lags_only,0.1479,0.2360761736674903,False,GLOBAL_ALL_CELLS,4522,0.05,Skill_RMSE / squared-error loss difference
07044001_10_49,sarima,7,lags_only,0.1973,0.29562312789927103,False,GLOBAL_ALL_CELLS,4522,0.05,Skill_RMSE / squared-error loss difference
07044001_10_49,xgboost_direct,1,lags_only,0.7921,0.8824528701650654,False,GLOBAL_ALL_CELLS,4522,0.05,Skill_RMSE / squared-error loss difference
07044001_10_49,xgboost_direct,2,lags_only,0.2626,0.3652919434194342,False,GLOBAL_ALL_CELLS,4522,0.05,Skill_RMSE / squared-error loss difference
07044001_10_49,xgboost_direct,3,lags_only,0.1716,0.2647475946775844,False,GLOBAL_ALL_CELLS,4522,0.05,Skill_RMSE / squared-error loss difference
07044001_10_49,xgboost_direct,4,lags_only,0.0574,0.11212215982721381,False,GLOBAL_ALL_CELLS,4522,0.05,Skill_RMSE / squared-error loss difference
07044001_10_49,xgboost_direct,5,lags_only,0.0709,0.13248338842975207,False,GLOBAL_ALL_CELLS,4522,0.05,Skill_RMSE / squared-error loss difference
07044001_10_49,xgboost_direct,6,lags_only,0.0468,0.09524284428442845,False,GLOBAL_ALL_CELLS,4522,0.05,Skill_RMSE / squared-error loss difference
07044001_10_49,xgboost_direct,7,lags_only,0.0155,0.03980181714934696,True,GLOBAL_ALL_CELLS,4522,0.05,Skill_RMSE / squared-error loss difference
07046001_10_49,sarima,1,lags_only,0.9502,1.0,False,GLOBAL_ALL_CELLS,4522,0.05,Skill_RMSE / squared-error loss difference
07046001_10_49,sarima,2,lags_only,0.0107,0.029593516819571862,True,GLOBAL_ALL_CELLS,4522,0.05,Skill_RMSE / squared-error loss difference
07046001_10_49,sarima,3,lags_only,0.007,0.020743119266055047,True,GLOBAL_ALL_CELLS,4522,0.05,Skill_RMSE / squared-error loss difference
07046001_10_49,sarima,4,lags_only,0.0233,0.05525044572627163,False,GLOBAL_ALL_CELLS,4522,0.05,Skill_RMSE / squared-error loss difference
07046001_10_49,sarima,5,lags_only,0.0277,0.06358345177664974,False,GLOBAL_ALL_CELLS,4522,0.05,Skill_RMSE / squared-error loss difference
07046001_10_49,sarima,6,lags_only,0.0468,0.09524284428442845,False,GLOBAL_ALL_CELLS,4522,0.05,Skill_RMSE / squared-error loss difference
07046001_10_49,sarima,7,lags_only,0.1012,0.17453333333333332,False,GLOBAL_ALL_CELLS,4522,0.05,Skill_RMSE / squared-error loss difference
07046001_10_49,xgboost_direct,1,lags_only,0.5746,0.6676107913669065,False,GLOBAL_ALL_CELLS,4522,0.05,Skill_RMSE / squared-error loss difference
07046001_10_49,xgboost_direct,2,lags_only,0.2721,0.3747901918976546,False,GLOBAL_ALL_CELLS,4522,0.05,Skill_RMSE / squared-error loss difference
07046001_10_49,xgboost_direct,3,lags_only,0.2915,0.3939518828451883,False,GLOBAL_ALL_CELLS,4522,0.05,Skill_RMSE / squared-error loss difference
07046001_10_49,xgboost_direct,4,lags_only,0.3985,0.4883514905149052,False,GLOBAL_ALL_CELLS,4522,0.05,Skill_RMSE / squared-error loss difference
07046001_10_49,xgboost_direct,5,lags_only,0.3996,0.48943423618634885,False,GLOBAL_ALL_CELLS,4522,0.05,Skill_RMSE / squared-error loss difference
07046001_10_49,xgboost_direct,6,lags_only,0.1989,0.2976260092653872,False,GLOBAL_ALL_CELLS,4522,0.05,Skill_RMSE / squared-error loss difference
07046001_10_49,xgboost_direct,7,lags_only,0.0526,0.1042319018404908,False,GLOBAL_ALL_CELLS,4522,0.05,Skill_RMSE / squared-error loss difference
07054001_10_47,sarima,1,lags_only,0.2057,0.3044763993453355,False,GLOBAL_ALL_CELLS,4522,0.05,Skill_RMSE / squared-error loss difference
07054001_10_47,sarima,2,lags_only,0.3977,0.4875032258064516,False,GLOBAL_ALL_CELLS,4522,0.05,Skill_RMSE / squared-error loss difference
07054001_10_47,sarima,3,lags_only,0.7379,0.8288086934923001,False,GLOBAL_ALL_CELLS,4522,0.05,Skill_RMSE / squared-error loss difference
07054001_10_47,sarima,4,lags_only,0.9464,1.0,False,GLOBAL_ALL_CELLS,4522,0.05,Skill_RMSE / squared-error loss difference
07054001_10_47,sarima,5,lags_only,0.9841,1.0,False,GLOBAL_ALL_CELLS,4522,0.05,Skill_RMSE / squared-error loss difference
07054001_10_47,sarima,6,lags_only,0.989,1.0,False,GLOBAL_ALL_CELLS,4522,0.05,Skill_RMSE / squared-error loss difference
07054001_10_47,sarima,7,lags_only,0.9965,1.0,False,GLOBAL_ALL_CELLS,4522,0.05,Skill_RMSE / squared-error loss difference
07054001_10_47,xgboost_direct,1,lags_only,0.9992,1.0,False,GLOBAL_ALL_CELLS,4522,0.05,Skill_RMSE / squared-error loss difference
07054001_10_47,xgboost_direct,2,lags_only,0.3614,0.4525756854057048,False,GLOBAL_ALL_CELLS,4522,0.05,Skill_RMSE / squared-error loss difference
07054001_10_47,xgboost_direct,3,lags_only,0.3585,0.4513187639198218,False,GLOBAL_ALL_CELLS,4522,0.05,Skill_RMSE / squared-error loss difference
07054001_10_47,xgboost_direct,4,lags_only,0.3108,0.41263581914268943,False,GLOBAL_ALL_CELLS,4522,0.05,Skill_RMSE / squared-error loss difference
07054001_10_47,xgboost_direct,5,lags_only,0.1477,0.2358401836158192,False,GLOBAL_ALL_CELLS,4522,0.05,Skill_RMSE / squared-error loss difference
07054001_10_47,xgboost_direct,6,lags_only,0.0468,0.09524284428442845,False,GLOBAL_ALL_CELLS,4522,0.05,Skill_RMSE / squared-error loss difference
07054001_10_47,xgboost_direct,7,lags_only,0.0327,0.07287796944307541,False,GLOBAL_ALL_CELLS,4522,0.05,Skill_RMSE / squared-error loss difference
08096014_10_47,sarima,1,lags_only,0.1653,0.25775400000000004,False,GLOBAL_ALL_CELLS,4522,0.05,Skill_RMSE / squared-error loss difference
08096014_10_47,sarima,2,lags_only,0.0,0.0,True,GLOBAL_ALL_CELLS,4522,0.05,Skill_RMSE / squared-error loss difference
08096014_10_47,sarima,3,lags_only,0.0,0.0,True,GLOBAL_ALL_CELLS,4522,0.05,Skill_RMSE / squared-error loss difference
08096014_10_47,sarima,4,lags_only,0.0,0.0,True,GLOBAL_ALL_CELLS,4522,0.05,Skill_RMSE / squared-error loss difference
08096014_10_47,sarima,5,lags_only,0.0,0.0,True,GLOBAL_ALL_CELLS,4522,0.05,Skill_RMSE / squared-error loss difference
08096014_10_47,sarima,6,lags_only,0.0,0.0,True,GLOBAL_ALL_CELLS,4522,0.05,Skill_RMSE / squared-error loss difference
08096014_10_47,sarima,7,lags_only,0.0,0.0,True,GLOBAL_ALL_CELLS,4522,0.05,Skill_RMSE / squared-error loss difference
08096014_10_47,xgboost_direct,1,lags_only,0.8613,0.9453295316670711,False,GLOBAL_ALL_CELLS,4522,0.05,Skill_RMSE / squared-error loss difference
08096014_10_47,xgboost_direct,2,lags_only,0.0332,0.07373791748526523,False,GLOBAL_ALL_CELLS,4522,0.05,Skill_RMSE / squared-error loss difference
08096014_10_47,xgboost_direct,3,lags_only,0.0,0.0,True,GLOBAL_ALL_CELLS,4522,0.05,Skill_RMSE / squared-error loss difference
08096014_10_47,xgboost_direct,4,lags_only,0.0,0.0,True,GLOBAL_ALL_CELLS,4522,0.05,Skill_RMSE / squared-error loss difference
08096014_10_47,xgboost_direct,5,lags_only,0.0,0.0,True,GLOBAL_ALL_CELLS,4522,0.05,Skill_RMSE / squared-error loss difference
08096014_10_47,xgboost_direct,6,lags_only,0.0,0.0,True,GLOBAL_ALL_CELLS,4522,0.05,Skill_RMSE / squared-error loss difference
08096014_10_47,xgboost_direct,7,lags_only,0.0,0.0,True,GLOBAL_ALL_CELLS,4522,0.05,Skill_RMSE / squared-error loss difference
08101001_10_47,sarima,1,lags_only,0.016,0.04092307692307692,True,GLOBAL_ALL_CELLS,4522,0.05,Skill_RMSE / squared-error loss difference
08101001_10_47,sarima,2,lags_only,0.0,0.0,True,GLOBAL_ALL_CELLS,4522,0.05,Skill_RMSE / squared-error loss difference
08101001_10_47,sarima,3,lags_only,0.0,0.0,True,GLOBAL_ALL_CELLS,4522,0.05,Skill_RMSE / squared-error loss difference
08101001_10_47,sarima,4,lags_only,0.0,0.0,True,GLOBAL_ALL_CELLS,4522,0.05,Skill_RMSE / squared-error loss difference
08101001_10_47,sarima,5,lags_only,0.0,0.0,True,GLOBAL_ALL_CELLS,4522,0.05,Skill_RMSE / squared-error loss difference
08101001_10_47,sarima,6,lags_only,0.0,0.0,True,GLOBAL_ALL_CELLS,4522,0.05,Skill_RMSE / squared-error loss difference
08101001_10_47,sarima,7,lags_only,0.0,0.0,True,GLOBAL_ALL_CELLS,4522,0.05,Skill_RMSE / squared-error loss difference
08101001_10_47,xgboost_direct,1,lags_only,0.8281,0.9160147260273972,False,GLOBAL_ALL_CELLS,4522,0.05,Skill_RMSE / squared-error loss difference
08101001_10_47,xgboost_direct,2,lags_only,0.0027,0.00931304347826087,True,GLOBAL_ALL_CELLS,4522,0.05,Skill_RMSE / squared-error loss difference
08101001_10_47,xgboost_direct,3,lags_only,0.0,0.0,True,GLOBAL_ALL_CELLS,4522,0.05,Skill_RMSE / squared-error loss difference
08101001_10_47,xgboost_direct,4,lags_only,0.0,0.0,True,GLOBAL_ALL_CELLS,4522,0.05,Skill_RMSE / squared-error loss difference
08101001_10_47,xgboost_direct,5,lags_only,0.0,0.0,True,GLOBAL_ALL_CELLS,4522,0.05,Skill_RMSE / squared-error loss difference
08101001_10_47,xgboost_direct,6,lags_only,0.0,0.0,True,GLOBAL_ALL_CELLS,4522,0.05,Skill_RMSE / squared-error loss difference
08101001_10_47,xgboost_direct,7,lags_only,0.0,0.0,True,GLOBAL_ALL_CELLS,4522,0.05,Skill_RMSE / squared-error loss difference
08184006_10_47,sarima,1,lags_only,0.1853,0.2817507061197041,False,GLOBAL_ALL_CELLS,4522,0.05,Skill_RMSE / squared-error loss difference
08184006_10_47,sarima,2,lags_only,0.0,0.0,True,GLOBAL_ALL_CELLS,4522,0.05,Skill_RMSE / squared-error loss difference
08184006_10_47,sarima,3,lags_only,0.0001,0.0005270396270396271,True,GLOBAL_ALL_CELLS,4522,0.05,Skill_RMSE / squared-error loss difference
08184006_10_47,sarima,4,lags_only,0.0,0.0,True,GLOBAL_ALL_CELLS,4522,0.05,Skill_RMSE / squared-error loss difference
08184006_10_47,sarima,5,lags_only,0.0,0.0,True,GLOBAL_ALL_CELLS,4522,0.05,Skill_RMSE / squared-error loss difference
08184006_10_47,sarima,6,lags_only,0.0,0.0,True,GLOBAL_ALL_CELLS,4522,0.05,Skill_RMSE / squared-error loss difference
08184006_10_47,sarima,7,lags_only,0.0108,0.02979719341061623,True,GLOBAL_ALL_CELLS,4522,0.05,Skill_RMSE / squared-error loss difference
08184006_10_47,xgboost_direct,1,lags_only,0.639,0.7310928914748293,False,GLOBAL_ALL_CELLS,4522,0.05,Skill_RMSE / squared-error loss difference
08184006_10_47,xgboost_direct,2,lags_only,0.0744,0.13788393442622948,False,GLOBAL_ALL_CELLS,4522,0.05,Skill_RMSE / squared-error loss difference
08184006_10_47,xgboost_direct,3,lags_only,0.0009,0.003585726872246696,True,GLOBAL_ALL_CELLS,4522,0.05,Skill_RMSE / squared-error loss difference
08184006_10_47,xgboost_direct,4,lags_only,0.0,0.0,True,GLOBAL_ALL_CELLS,4522,0.05,Skill_RMSE / squared-error loss difference
08184006_10_47,xgboost_direct,5,lags_only,0.0005,0.0021887705711519847,True,GLOBAL_ALL_CELLS,4522,0.05,Skill_RMSE / squared-error loss difference
08184006_10_47,xgboost_direct,6,lags_only,0.0,0.0,True,GLOBAL_ALL_CELLS,4522,0.05,Skill_RMSE / squared-error loss difference
08184006_10_47,xgboost_direct,7,lags_only,0.0,0.0,True,GLOBAL_ALL_CELLS,4522,0.05,Skill_RMSE / squared-error loss difference
08194008_10_47,sarima,1,lags_only,0.0032,0.010734718100890208,True,GLOBAL_ALL_CELLS,4522,0.05,Skill_RMSE / squared-error loss difference
08194008_10_47,sarima,2,lags_only,0.0,0.0,True,GLOBAL_ALL_CELLS,4522,0.05,Skill_RMSE / squared-error loss difference
08194008_10_47,sarima,3,lags_only,0.0,0.0,True,GLOBAL_ALL_CELLS,4522,0.05,Skill_RMSE / squared-error loss difference
08194008_10_47,sarima,4,lags_only,0.0,0.0,True,GLOBAL_ALL_CELLS,4522,0.05,Skill_RMSE / squared-error loss difference
08194008_10_47,sarima,5,lags_only,0.0,0.0,True,GLOBAL_ALL_CELLS,4522,0.05,Skill_RMSE / squared-error loss difference
08194008_10_47,sarima,6,lags_only,0.0,0.0,True,GLOBAL_ALL_CELLS,4522,0.05,Skill_RMSE / squared-error loss difference
08194008_10_47,sarima,7,lags_only,0.0,0.0,True,GLOBAL_ALL_CELLS,4522,0.05,Skill_RMSE / squared-error loss difference
08194008_10_47,xgboost_direct,1,lags_only,0.7497,0.8397679960366609,False,GLOBAL_ALL_CELLS,4522,0.05,Skill_RMSE / squared-error loss difference
08194008_10_47,xgboost_direct,2,lags_only,0.0076,0.022229754204398447,True,GLOBAL_ALL_CELLS,4522,0.05,Skill_RMSE / squared-error loss difference
08194008_10_47,xgboost_direct,3,lags_only,0.0,0.0,True,GLOBAL_ALL_CELLS,4522,0.05,Skill_RMSE / squared-error loss difference
08194008_10_47,xgboost_direct,4,lags_only,0.0,0.0,True,GLOBAL_ALL_CELLS,4522,0.05,Skill_RMSE / squared-error loss difference
08194008_10_47,xgboost_direct,5,lags_only,0.0,0.0,True,GLOBAL_ALL_CELLS,4522,0.05,Skill_RMSE / squared-error loss difference
08194008_10_47,xgboost_direct,6,lags_only,0.0,0.0,True,GLOBAL_ALL_CELLS,4522,0.05,Skill_RMSE / squared-error loss difference
08194008_10_47,xgboost_direct,7,lags_only,0.0,0.0,True,GLOBAL_ALL_CELLS,4522,0.05,Skill_RMSE / squared-error loss difference
08202001_10_47,sarima,1,lags_only,0.2575,0.36038842463633547,False,GLOBAL_ALL_CELLS,4522,0.05,Skill_RMSE / squared-error loss difference
08202001_10_47,sarima,2,lags_only,0.0,0.0,True,GLOBAL_ALL_CELLS,4522,0.05,Skill_RMSE / squared-error loss difference
08202001_10_47,sarima,3,lags_only,0.0,0.0,True,GLOBAL_ALL_CELLS,4522,0.05,Skill_RMSE / squared-error loss difference
08202001_10_47,sarima,4,lags_only,0.0,0.0,True,GLOBAL_ALL_CELLS,4522,0.05,Skill_RMSE / squared-error loss difference
08202001_10_47,sarima,5,lags_only,0.0,0.0,True,GLOBAL_ALL_CELLS,4522,0.05,Skill_RMSE / squared-error loss difference
08202001_10_47,sarima,6,lags_only,0.0,0.0,True,GLOBAL_ALL_CELLS,4522,0.05,Skill_RMSE / squared-error loss difference
08202001_10_47,sarima,7,lags_only,0.0,0.0,True,GLOBAL_ALL_CELLS,4522,0.05,Skill_RMSE / squared-error loss difference
08202001_10_47,xgboost_direct,1,lags_only,0.9348,1.0,False,GLOBAL_ALL_CELLS,4522,0.05,Skill_RMSE / squared-error loss difference
08202001_10_47,xgboost_direct,2,lags_only,0.2232,0.3234969230769231,False,GLOBAL_ALL_CELLS,4522,0.05,Skill_RMSE / squared-error loss difference
08202001_10_47,xgboost_direct,3,lags_only,0.0278,0.06378061897513952,False,GLOBAL_ALL_CELLS,4522,0.05,Skill_RMSE / squared-error loss difference
08202001_10_47,xgboost_direct,4,lags_only,0.0043,0.01380028388928318,True,GLOBAL_ALL_CELLS,4522,0.05,Skill_RMSE / squared-error loss difference
08202001_10_47,xgboost_direct,5,lags_only,0.0004,0.0018106106106106107,True,GLOBAL_ALL_CELLS,4522,0.05,Skill_RMSE / squared-error loss difference
08202001_10_47,xgboost_direct,6,lags_only,0.0003,0.0014087227414330216,True,GLOBAL_ALL_CELLS,4522,0.05,Skill_RMSE / squared-error loss difference
08202001_10_47,xgboost_direct,7,lags_only,0.0008,0.003244484304932736,True,GLOBAL_ALL_CELLS,4522,0.05,Skill_RMSE / squared-error loss difference
08260010_10_47,sarima,1,lags_only,0.1836,0.2795418181818182,False,GLOBAL_ALL_CELLS,4522,0.05,Skill_RMSE / squared-error loss difference
08260010_10_47,sarima,2,lags_only,0.0,0.0,True,GLOBAL_ALL_CELLS,4522,0.05,Skill_RMSE / squared-error loss difference
08260010_10_47,sarima,3,lags_only,0.0,0.0,True,GLOBAL_ALL_CELLS,4522,0.05,Skill_RMSE / squared-error loss difference
08260010_10_47,sarima,4,lags_only,0.0,0.0,True,GLOBAL_ALL_CELLS,4522,0.05,Skill_RMSE / squared-error loss difference
08260010_10_47,sarima,5,lags_only,0.0,0.0,True,GLOBAL_ALL_CELLS,4522,0.05,Skill_RMSE / squared-error loss difference
08260010_10_47,sarima,6,lags_only,0.0,0.0,True,GLOBAL_ALL_CELLS,4522,0.05,Skill_RMSE / squared-error loss difference
08260010_10_47,sarima,7,lags_only,0.0029,0.009882290881688018,True,GLOBAL_ALL_CELLS,4522,0.05,Skill_RMSE / squared-error loss difference
08260010_10_47,xgboost_direct,1,lags_only,0.8987,0.9797303278688525,False,GLOBAL_ALL_CELLS,4522,0.05,Skill_RMSE / squared-error loss difference
08260010_10_47,xgboost_direct,2,lags_only,0.0052,0.01619449035812672,True,GLOBAL_ALL_CELLS,4522,0.05,Skill_RMSE / squared-error loss difference
08260010_10_47,xgboost_direct,3,lags_only,0.0001,0.0005270396270396271,True,GLOBAL_ALL_CELLS,4522,0.05,Skill_RMSE / squared-error loss difference
08260010_10_47,xgboost_direct,4,lags_only,0.0,0.0,True,GLOBAL_ALL_CELLS,4522,0.05,Skill_RMSE / squared-error loss difference
08260010_10_47,xgboost_direct,5,lags_only,0.0,0.0,True,GLOBAL_ALL_CELLS,4522,0.05,Skill_RMSE / squared-error loss difference
08260010_10_47,xgboost_direct,6,lags_only,0.0,0.0,True,GLOBAL_ALL_CELLS,4522,0.05,Skill_RMSE / squared-error loss difference
08260010_10_47,xgboost_direct,7,lags_only,0.0,0.0,True,GLOBAL_ALL_CELLS,4522,0.05,Skill_RMSE / squared-error loss difference
08263001_10_47,sarima,1,lags_only,0.0121,0.03268590203106332,True,GLOBAL_ALL_CELLS,4522,0.05,Skill_RMSE / squared-error loss difference
08263001_10_47,sarima,2,lags_only,0.0,0.0,True,GLOBAL_ALL_CELLS,4522,0.05,Skill_RMSE / squared-error loss difference
08263001_10_47,sarima,3,lags_only,0.0,0.0,True,GLOBAL_ALL_CELLS,4522,0.05,Skill_RMSE / squared-error loss difference
08263001_10_47,sarima,4,lags_only,0.0,0.0,True,GLOBAL_ALL_CELLS,4522,0.05,Skill_RMSE / squared-error loss difference
08263001_10_47,sarima,5,lags_only,0.0,0.0,True,GLOBAL_ALL_CELLS,4522,0.05,Skill_RMSE / squared-error loss difference
08263001_10_47,sarima,6,lags_only,0.0,0.0,True,GLOBAL_ALL_CELLS,4522,0.05,Skill_RMSE / squared-error loss difference
08263001_10_47,sarima,7,lags_only,0.0001,0.0005270396270396271,True,GLOBAL_ALL_CELLS,4522,0.05,Skill_RMSE / squared-error loss difference
08263001_10_47,xgboost_direct,1,lags_only,0.7043,0.7960121469632593,False,GLOBAL_ALL_CELLS,4522,0.05,Skill_RMSE / squared-error loss difference
08263001_10_47,xgboost_direct,2,lags_only,0.0374,0.08000132450331127,False,GLOBAL_ALL_CELLS,4522,0.05,Skill_RMSE / squared-error loss difference
08263001_10_47,xgboost_direct,3,lags_only,0.0198,0.04860781758957655,True,GLOBAL_ALL_CELLS,4522,0.05,Skill_RMSE / squared-error loss difference
08263001_10_47,xgboost_direct,4,lags_only,0.0021,0.007554653937947494,True,GLOBAL_ALL_CELLS,4522,0.05,Skill_RMSE / squared-error loss difference
08263001_10_47,xgboost_direct,5,lags_only,0.0001,0.0005270396270396271,True,GLOBAL_ALL_CELLS,4522,0.05,Skill_RMSE / squared-error loss difference
08263001_10_47,xgboost_direct,6,lags_only,0.0005,0.0021887705711519847,True,GLOBAL_ALL_CELLS,4522,0.05,Skill_RMSE / squared-error loss difference
08263001_10_47,xgboost_direct,7,lags_only,0.0069,0.020487065003282994,True,GLOBAL_ALL_CELLS,4522,0.05,Skill_RMSE / squared-error loss difference
09018002_10_49,sarima,1,lags_only,0.2932,0.3955400954653938,False,GLOBAL_ALL_CELLS,4522,0.05,Skill_RMSE / squared-error loss difference
09018002_10_49,sarima,2,lags_only,0.0246,0.05772765957446809,False,GLOBAL_ALL_CELLS,4522,0.05,Skill_RMSE / squared-error loss difference
09018002_10_49,sarima,3,lags_only,0.0178,0.044470497237569066,True,GLOBAL_ALL_CELLS,4522,0.05,Skill_RMSE / squared-error loss difference
09018002_10_49,sarima,4,lags_only,0.04,0.08448388603456329,False,GLOBAL_ALL_CELLS,4522,0.05,Skill_RMSE / squared-error loss difference
09018002_10_49,sarima,5,lags_only,0.137,0.22220731707317073,False,GLOBAL_ALL_CELLS,4522,0.05,Skill_RMSE / squared-error loss difference
09018002_10_49,sarima,6,lags_only,0.2592,0.3616483801295896,False,GLOBAL_ALL_CELLS,4522,0.05,Skill_RMSE / squared-error loss difference
09018002_10_49,sarima,7,lags_only,0.3255,0.42651724137931035,False,GLOBAL_ALL_CELLS,4522,0.05,Skill_RMSE / squared-error loss difference
09018002_10_49,xgboost_direct,1,lags_only,0.9291,1.0,False,GLOBAL_ALL_CELLS,4522,0.05,Skill_RMSE / squared-error loss difference
09018002_10_49,xgboost_direct,2,lags_only,0.1219,0.20273328429569695,False,GLOBAL_ALL_CELLS,4522,0.05,Skill_RMSE / squared-error loss difference
09018002_10_49,xgboost_direct,3,lags_only,0.0033,0.011012988929889299,True,GLOBAL_ALL_CELLS,4522,0.05,Skill_RMSE / squared-error loss difference
09018002_10_49,xgboost_direct,4,lags_only,0.0003,0.0014087227414330216,True,GLOBAL_ALL_CELLS,4522,0.05,Skill_RMSE / squared-error loss difference
09018002_10_49,xgboost_direct,5,lags_only,0.0,0.0,True,GLOBAL_ALL_CELLS,4522,0.05,Skill_RMSE / squared-error loss difference
09018002_10_49,xgboost_direct,6,lags_only,0.0,0.0,True,GLOBAL_ALL_CELLS,4522,0.05,Skill_RMSE / squared-error loss difference
09018002_10_49,xgboost_direct,7,lags_only,0.0001,0.0005270396270396271,True,GLOBAL_ALL_CELLS,4522,0.05,Skill_RMSE / squared-error loss difference
09059003_10_49,sarima,1,lags_only,0.1569,0.24773107541899442,False,GLOBAL_ALL_CELLS,4522,0.05,Skill_RMSE / squared-error loss difference
09059003_10_49,sarima,2,lags_only,0.0008,0.003244484304932736,True,GLOBAL_ALL_CELLS,4522,0.05,Skill_RMSE / squared-error loss difference
09059003_10_49,sarima,3,lags_only,0.0,0.0,True,GLOBAL_ALL_CELLS,4522,0.05,Skill_RMSE / squared-error loss difference
09059003_10_49,sarima,4,lags_only,0.0,0.0,True,GLOBAL_ALL_CELLS,4522,0.05,Skill_RMSE / squared-error loss difference
09059003_10_49,sarima,5,lags_only,0.0,0.0,True,GLOBAL_ALL_CELLS,4522,0.05,Skill_RMSE / squared-error loss difference
09059003_10_49,sarima,6,lags_only,0.0001,0.0005270396270396271,True,GLOBAL_ALL_CELLS,4522,0.05,Skill_RMSE / squared-error loss difference
09059003_10_49,sarima,7,lags_only,0.0002,0.0009819761129207384,True,GLOBAL_ALL_CELLS,4522,0.05,Skill_RMSE / squared-error loss difference
09059003_10_49,xgboost_direct,1,lags_only,0.4418,0.5327518933333334,False,GLOBAL_ALL_CELLS,4522,0.05,Skill_RMSE / squared-error loss difference
09059003_10_49,xgboost_direct,2,lags_only,0.1718,0.26487541766109785,False,GLOBAL_ALL_CELLS,4522,0.05,Skill_RMSE / squared-error loss difference
09059003_10_49,xgboost_direct,3,lags_only,0.0003,0.0014087227414330216,True,GLOBAL_ALL_CELLS,4522,0.05,Skill_RMSE / squared-error loss difference
09059003_10_49,xgboost_direct,4,lags_only,0.0102,0.028384246153846156,True,GLOBAL_ALL_CELLS,4522,0.05,Skill_RMSE / squared-error loss difference
09059003_10_49,xgboost_direct,5,lags_only,0.0483,0.09728846325167038,False,GLOBAL_ALL_CELLS,4522,0.05,Skill_RMSE / squared-error loss difference
09059003_10_49,xgboost_direct,6,lags_only,0.0026,0.009044,True,GLOBAL_ALL_CELLS,4522,0.05,Skill_RMSE / squared-error loss difference
09059003_10_49,xgboost_direct,7,lags_only,0.0,0.0,True,GLOBAL_ALL_CELLS,4522,0.05,Skill_RMSE / squared-error loss difference
09059006_10_49,sarima,1,lags_only,0.3677,0.45767668593448946,False,GLOBAL_ALL_CELLS,4522,0.05,Skill_RMSE / squared-error loss difference
09059006_10_49,sarima,2,lags_only,0.0856,0.1540936305732484,False,GLOBAL_ALL_CELLS,4522,0.05,Skill_RMSE / squared-error loss difference
09059006_10_49,sarima,3,lags_only,0.0004,0.0018106106106106107,True,GLOBAL_ALL_CELLS,4522,0.05,Skill_RMSE / squared-error loss difference
09059006_10_49,sarima,4,lags_only,0.0004,0.0018106106106106107,True,GLOBAL_ALL_CELLS,4522,0.05,Skill_RMSE / squared-error loss difference
09059006_10_49,sarima,5,lags_only,0.0007,0.0029120515179392823,True,GLOBAL_ALL_CELLS,4522,0.05,Skill_RMSE / squared-error loss difference
09059006_10_49,sarima,6,lags_only,0.0018,0.006617560975609756,True,GLOBAL_ALL_CELLS,4522,0.05,Skill_RMSE / squared-error loss difference
09059006_10_49,sarima,7,lags_only,0.0034,0.011271847507331378,True,GLOBAL_ALL_CELLS,4522,0.05,Skill_RMSE / squared-error loss difference
09059006_10_49,xgboost_direct,1,lags_only,0.36,0.45219999999999994,False,GLOBAL_ALL_CELLS,4522,0.05,Skill_RMSE / squared-error loss difference
09059006_10_49,xgboost_direct,2,lags_only,0.3435,0.4435485436893204,False,GLOBAL_ALL_CELLS,4522,0.05,Skill_RMSE / squared-error loss difference
09059006_10_49,xgboost_direct,3,lags_only,0.0484,0.09744648263579697,False,GLOBAL_ALL_CELLS,4522,0.05,Skill_RMSE / squared-error loss difference
09059006_10_49,xgboost_direct,4,lags_only,0.0027,0.00931304347826087,True,GLOBAL_ALL_CELLS,4522,0.05,Skill_RMSE / squared-error loss difference
09059006_10_49,xgboost_direct,5,lags_only,0.0,0.0,True,GLOBAL_ALL_CELLS,4522,0.05,Skill_RMSE / squared-error loss difference
09059006_10_49,xgboost_direct,6,lags_only,0.0006,0.002552398871119473,True,GLOBAL_ALL_CELLS,4522,0.05,Skill_RMSE / squared-error loss difference
09059006_10_49,xgboost_direct,7,lags_only,0.0,0.0,True,GLOBAL_ALL_CELLS,4522,0.05,Skill_RMSE / squared-error loss difference
09219002_10_49,sarima,1,lags_only,0.0412,0.08653339526242453,False,GLOBAL_ALL_CELLS,4522,0.05,Skill_RMSE / squared-error loss difference
09219002_10_49,sarima,2,lags_only,0.0002,0.0009819761129207384,True,GLOBAL_ALL_CELLS,4522,0.05,Skill_RMSE / squared-error loss difference
09219002_10_49,sarima,3,lags_only,0.0007,0.0029120515179392823,True,GLOBAL_ALL_CELLS,4522,0.05,Skill_RMSE / squared-error loss difference
09219002_10_49,sarima,4,lags_only,0.0005,0.0021887705711519847,True,GLOBAL_ALL_CELLS,4522,0.05,Skill_RMSE / squared-error loss difference
09219002_10_49,sarima,5,lags_only,0.0044,0.014091218130311617,True,GLOBAL_ALL_CELLS,4522,0.05,Skill_RMSE / squared-error loss difference
09219002_10_49,sarima,6,lags_only,0.0218,0.05232462845010616,False,GLOBAL_ALL_CELLS,4522,0.05,Skill_RMSE / squared-error loss difference
09219002_10_49,sarima,7,lags_only,0.0423,0.08802604693971468,False,GLOBAL_ALL_CELLS,4522,0.05,Skill_RMSE / squared-error loss difference
09219002_10_49,xgboost_direct,1,lags_only,1.0,1.0,False,GLOBAL_ALL_CELLS,4522,0.05,Skill_RMSE / squared-error loss difference
09219002_10_49,xgboost_direct,2,lags_only,0.2527,0.35576257783312576,False,GLOBAL_ALL_CELLS,4522,0.05,Skill_RMSE / squared-error loss difference
09219002_10_49,xgboost_direct,3,lags_only,0.0369,0.07919401993355482,False,GLOBAL_ALL_CELLS,4522,0.05,Skill_RMSE / squared-error loss difference
09219002_10_49,xgboost_direct,4,lags_only,0.0035,0.011586383601756954,True,GLOBAL_ALL_CELLS,4522,0.05,Skill_RMSE / squared-error loss difference
09219002_10_49,xgboost_direct,5,lags_only,0.0,0.0,True,GLOBAL_ALL_CELLS,4522,0.05,Skill_RMSE / squared-error loss difference
09219002_10_49,xgboost_direct,6,lags_only,0.0001,0.0005270396270396271,True,GLOBAL_ALL_CELLS,4522,0.05,Skill_RMSE / squared-error loss difference
09219002_10_49,xgboost_direct,7,lags_only,0.0008,0.003244484304932736,True,GLOBAL_ALL_CELLS,4522,0.05,Skill_RMSE / squared-error loss difference
11004007_10_49,sarima,1,lags_only,0.0613,0.11800706683695189,False,GLOBAL_ALL_CELLS,4522,0.05,Skill_RMSE / squared-error loss difference
11004007_10_49,sarima,2,lags_only,0.0,0.0,True,GLOBAL_ALL_CELLS,4522,0.05,Skill_RMSE / squared-error loss difference
11004007_10_49,sarima,3,lags_only,0.0001,0.0005270396270396271,True,GLOBAL_ALL_CELLS,4522,0.05,Skill_RMSE / squared-error loss difference
11004007_10_49,sarima,4,lags_only,0.0,0.0,True,GLOBAL_ALL_CELLS,4522,0.05,Skill_RMSE / squared-error loss difference
11004007_10_49,sarima,5,lags_only,0.0012,0.004618212765957446,True,GLOBAL_ALL_CELLS,4522,0.05,Skill_RMSE / squared-error loss difference
11004007_10_49,sarima,6,lags_only,0.0081,0.023479615384615383,True,GLOBAL_ALL_CELLS,4522,0.05,Skill_RMSE / squared-error loss difference
11004007_10_49,sarima,7,lags_only,0.0337,0.07426481481481481,False,GLOBAL_ALL_CELLS,4522,0.05,Skill_RMSE / squared-error loss difference
11004007_10_49,xgboost_direct,1,lags_only,0.9994,1.0,False,GLOBAL_ALL_CELLS,4522,0.05,Skill_RMSE / squared-error loss difference
11004007_10_49,xgboost_direct,2,lags_only,0.2722,0.37481376370280145,False,GLOBAL_ALL_CELLS,4522,0.05,Skill_RMSE / squared-error loss difference
11004007_10_49,xgboost_direct,3,lags_only,0.2342,0.3355679340937896,False,GLOBAL_ALL_CELLS,4522,0.05,Skill_RMSE / squared-error loss difference
11004007_10_49,xgboost_direct,4,lags_only,0.0689,0.12938779069767442,False,GLOBAL_ALL_CELLS,4522,0.05,Skill_RMSE / squared-error loss difference
11004007_10_49,xgboost_direct,5,lags_only,0.0121,0.03268590203106332,True,GLOBAL_ALL_CELLS,4522,0.05,Skill_RMSE / squared-error loss difference
11004007_10_49,xgboost_direct,6,lags_only,0.1348,0.21911056793673617,False,GLOBAL_ALL_CELLS,4522,0.05,Skill_RMSE / squared-error loss difference
11004007_10_49,xgboost_direct,7,lags_only,0.1941,0.2920865890183028,False,GLOBAL_ALL_CELLS,4522,0.05,Skill_RMSE / squared-error loss difference
11008001_10_49,sarima,1,lags_only,0.5942,0.6865029126213591,False,GLOBAL_ALL_CELLS,4522,0.05,Skill_RMSE / squared-error loss difference
11008001_10_49,sarima,2,lags_only,0.0039,0.012678504672897196,True,GLOBAL_ALL_CELLS,4522,0.05,Skill_RMSE / squared-error loss difference
11008001_10_49,sarima,3,lags_only,0.0024,0.008439191290824261,True,GLOBAL_ALL_CELLS,4522,0.05,Skill_RMSE / squared-error loss difference
11008001_10_49,sarima,4,lags_only,0.0008,0.003244484304932736,True,GLOBAL_ALL_CELLS,4522,0.05,Skill_RMSE / squared-error loss difference
11008001_10_49,sarima,5,lags_only,0.0049,0.01540876216968011,True,GLOBAL_ALL_CELLS,4522,0.05,Skill_RMSE / squared-error loss difference
11008001_10_49,sarima,6,lags_only,0.0402,0.08486666666666667,False,GLOBAL_ALL_CELLS,4522,0.05,Skill_RMSE / squared-error loss difference
11008001_10_49,sarima,7,lags_only,0.5119,0.6056545787545787,False,GLOBAL_ALL_CELLS,4522,0.05,Skill_RMSE / squared-error loss difference
11008001_10_49,xgboost_direct,1,lags_only,0.9997,1.0,False,GLOBAL_ALL_CELLS,4522,0.05,Skill_RMSE / squared-error loss difference
11008001_10_49,xgboost_direct,2,lags_only,0.6453,0.736136881937437,False,GLOBAL_ALL_CELLS,4522,0.05,Skill_RMSE / squared-error loss difference
11008001_10_49,xgboost_direct,3,lags_only,0.0871,0.15623411344704483,False,GLOBAL_ALL_CELLS,4522,0.05,Skill_RMSE / squared-error loss difference
11008001_10_49,xgboost_direct,4,lags_only,0.0337,0.07426481481481481,False,GLOBAL_ALL_CELLS,4522,0.05,Skill_RMSE / squared-error loss difference
11008001_10_49,xgboost_direct,5,lags_only,0.0491,0.09854869063470927,False,GLOBAL_ALL_CELLS,4522,0.05,Skill_RMSE / squared-error loss difference
11008001_10_49,xgboost_direct,6,lags_only,0.0896,0.1594534435261708,False,GLOBAL_ALL_CELLS,4522,0.05,Skill_RMSE / squared-error loss difference
11008001_10_49,xgboost_direct,7,lags_only,0.237,0.3380801261829653,False,GLOBAL_ALL_CELLS,4522,0.05,Skill_RMSE / squared-error loss difference
11008009_10_49,sarima,1,lags_only,0.7337,0.8249108403779214,False,GLOBAL_ALL_CELLS,4522,0.05,Skill_RMSE / squared-error loss difference
11008009_10_49,sarima,2,lags_only,0.0045,0.01435049365303244,True,GLOBAL_ALL_CELLS,4522,0.05,Skill_RMSE / squared-error loss difference
11008009_10_49,sarima,3,lags_only,0.0015,0.005629045643153527,True,GLOBAL_ALL_CELLS,4522,0.05,Skill_RMSE / squared-error loss difference
11008009_10_49,sarima,4,lags_only,0.0007,0.0029120515179392823,True,GLOBAL_ALL_CELLS,4522,0.05,Skill_RMSE / squared-error loss difference
11008009_10_49,sarima,5,lags_only,0.0012,0.004618212765957446,True,GLOBAL_ALL_CELLS,4522,0.05,Skill_RMSE / squared-error loss difference
11008009_10_49,sarima,6,lags_only,0.0041,0.013252466047176557,True,GLOBAL_ALL_CELLS,4522,0.05,Skill_RMSE / squared-error loss difference
11008009_10_49,sarima,7,lags_only,0.05,0.1,False,GLOBAL_ALL_CELLS,4522,0.05,Skill_RMSE / squared-error loss difference
11008009_10_49,xgboost_direct,1,lags_only,1.0,1.0,False,GLOBAL_ALL_CELLS,4522,0.05,Skill_RMSE / squared-error loss difference
11008009_10_49,xgboost_direct,2,lags_only,0.3937,0.4841749796029372,False,GLOBAL_ALL_CELLS,4522,0.05,Skill_RMSE / squared-error loss difference
11008009_10_49,xgboost_direct,3,lags_only,0.0693,0.1299231343283582,False,GLOBAL_ALL_CELLS,4522,0.05,Skill_RMSE / squared-error loss difference
11008009_10_49,xgboost_direct,4,lags_only,0.0364,0.07826951973371375,False,GLOBAL_ALL_CELLS,4522,0.05,Skill_RMSE / squared-error loss difference
11008009_10_49,xgboost_direct,5,lags_only,0.0245,0.05764255983350677,False,GLOBAL_ALL_CELLS,4522,0.05,Skill_RMSE / squared-error loss difference
11008009_10_49,xgboost_direct,6,lags_only,0.0949,0.16704468664850136,False,GLOBAL_ALL_CELLS,4522,0.05,Skill_RMSE / squared-error loss difference
11008009_10_49,xgboost_direct,7,lags_only,0.2137,0.3133435149156939,False,GLOBAL_ALL_CELLS,4522,0.05,Skill_RMSE / squared-error loss difference
11012002_10_49,sarima,1,lags_only,0.0059,0.017966195286195287,True,GLOBAL_ALL_CELLS,4522,0.05,Skill_RMSE / squared-error loss difference
11012002_10_49,sarima,2,lags_only,0.0,0.0,True,GLOBAL_ALL_CELLS,4522,0.05,Skill_RMSE / squared-error loss difference
11012002_10_49,sarima,3,lags_only,0.0,0.0,True,GLOBAL_ALL_CELLS,4522,0.05,Skill_RMSE / squared-error loss difference
11012002_10_49,sarima,4,lags_only,0.0,0.0,True,GLOBAL_ALL_CELLS,4522,0.05,Skill_RMSE / squared-error loss difference
11012002_10_49,sarima,5,lags_only,0.0,0.0,True,GLOBAL_ALL_CELLS,4522,0.05,Skill_RMSE / squared-error loss difference
11012002_10_49,sarima,6,lags_only,0.0005,0.0021887705711519847,True,GLOBAL_ALL_CELLS,4522,0.05,Skill_RMSE / squared-error loss difference
11012002_10_49,sarima,7,lags_only,0.0085,0.024358048162230674,True,GLOBAL_ALL_CELLS,4522,0.05,Skill_RMSE / squared-error loss difference
11012002_10_49,xgboost_direct,1,lags_only,1.0,1.0,False,GLOBAL_ALL_CELLS,4522,0.05,Skill_RMSE / squared-error loss difference
11012002_10_49,xgboost_direct,2,lags_only,0.0988,0.17170392006149116,False,GLOBAL_ALL_CELLS,4522,0.05,Skill_RMSE / squared-error loss difference
11012002_10_49,xgboost_direct,3,lags_only,0.0018,0.006617560975609756,True,GLOBAL_ALL_CELLS,4522,0.05,Skill_RMSE / squared-error loss difference
11012002_10_49,xgboost_direct,4,lags_only,0.0,0.0,True,GLOBAL_ALL_CELLS,4522,0.05,Skill_RMSE / squared-error loss difference
11012002_10_49,xgboost_direct,5,lags_only,0.0,0.0,True,GLOBAL_ALL_CELLS,4522,0.05,Skill_RMSE / squared-error loss difference
11012002_10_49,xgboost_direct,6,lags_only,0.0,0.0,True,GLOBAL_ALL_CELLS,4522,0.05,Skill_RMSE / squared-error loss difference
11012002_10_49,xgboost_direct,7,lags_only,0.0002,0.0009819761129207384,True,GLOBAL_ALL_CELLS,4522,0.05,Skill_RMSE / squared-error loss difference
11020003_10_49,sarima,1,lags_only,0.2521,0.3551390031152648,False,GLOBAL_ALL_CELLS,4522,0.05,Skill_RMSE / squared-error loss difference
11020003_10_49,sarima,2,lags_only,0.3935,0.48406066376496193,False,GLOBAL_ALL_CELLS,4522,0.05,Skill_RMSE / squared-error loss difference
11020003_10_49,sarima,3,lags_only,0.0113,0.030968848484848484,True,GLOBAL_ALL_CELLS,4522,0.05,Skill_RMSE / squared-error loss difference
11020003_10_49,sarima,4,lags_only,0.0185,0.04594014277869302,True,GLOBAL_ALL_CELLS,4522,0.05,Skill_RMSE / squared-error loss difference
11020003_10_49,sarima,5,lags_only,0.0163,0.04150259009009009,True,GLOBAL_ALL_CELLS,4522,0.05,Skill_RMSE / squared-error loss difference
11020003_10_49,sarima,6,lags_only,0.0031,0.010453542132736764,True,GLOBAL_ALL_CELLS,4522,0.05,Skill_RMSE / squared-error loss difference
11020003_10_49,sarima,7,lags_only,0.0295,0.06723739919354839,False,GLOBAL_ALL_CELLS,4522,0.05,Skill_RMSE / squared-error loss difference
11020003_10_49,xgboost_direct,1,lags_only,1.0,1.0,False,GLOBAL_ALL_CELLS,4522,0.05,Skill_RMSE / squared-error loss difference
11020003_10_49,xgboost_direct,2,lags_only,0.6992,0.7910388791593695,False,GLOBAL_ALL_CELLS,4522,0.05,Skill_RMSE / squared-error loss difference
11020003_10_49,xgboost_direct,3,lags_only,0.1632,0.2552716707021792,False,GLOBAL_ALL_CELLS,4522,0.05,Skill_RMSE / squared-error loss difference
11020003_10_49,xgboost_direct,4,lags_only,0.047,0.0954351145038168,False,GLOBAL_ALL_CELLS,4522,0.05,Skill_RMSE / squared-error loss difference
11020003_10_49,xgboost_direct,5,lags_only,0.0062,0.018690933333333333,True,GLOBAL_ALL_CELLS,4522,0.05,Skill_RMSE / squared-error loss difference
11020003_10_49,xgboost_direct,6,lags_only,0.0737,0.13686710472279262,False,GLOBAL_ALL_CELLS,4522,0.05,Skill_RMSE / squared-error loss difference
11020003_10_49,xgboost_direct,7,lags_only,0.1639,0.25601236614853196,False,GLOBAL_ALL_CELLS,4522,0.05,Skill_RMSE / squared-error loss difference
11020004_10_49,sarima,1,lags_only,0.6056,0.698246608873024,False,GLOBAL_ALL_CELLS,4522,0.05,Skill_RMSE / squared-error loss difference
11020004_10_49,sarima,2,lags_only,0.2342,0.3355679340937896,False,GLOBAL_ALL_CELLS,4522,0.05,Skill_RMSE / squared-error loss difference
11020004_10_49,sarima,3,lags_only,0.4382,0.5292575854700854,False,GLOBAL_ALL_CELLS,4522,0.05,Skill_RMSE / squared-error loss difference
11020004_10_49,sarima,4,lags_only,0.5577,0.6511026329375322,False,GLOBAL_ALL_CELLS,4522,0.05,Skill_RMSE / squared-error loss difference
11020004_10_49,sarima,5,lags_only,0.484,0.5753219973718791,False,GLOBAL_ALL_CELLS,4522,0.05,Skill_RMSE / squared-error loss difference
11020004_10_49,sarima,6,lags_only,0.5285,0.6225259182078666,False,GLOBAL_ALL_CELLS,4522,0.05,Skill_RMSE / squared-error loss difference
11020004_10_49,sarima,7,lags_only,0.5073,0.6006835820895523,False,GLOBAL_ALL_CELLS,4522,0.05,Skill_RMSE / squared-error loss difference
11020004_10_49,xgboost_direct,1,lags_only,0.9998,1.0,False,GLOBAL_ALL_CELLS,4522,0.05,Skill_RMSE / squared-error loss difference
11020004_10_49,xgboost_direct,2,lags_only,0.0646,0.12305021061499581,False,GLOBAL_ALL_CELLS,4522,0.05,Skill_RMSE / squared-error loss difference
11020004_10_49,xgboost_direct,3,lags_only,0.6288,0.7218668697638996,False,GLOBAL_ALL_CELLS,4522,0.05,Skill_RMSE / squared-error loss difference
11020004_10_49,xgboost_direct,4,lags_only,0.062,0.11910110450297365,False,GLOBAL_ALL_CELLS,4522,0.05,Skill_RMSE / squared-error loss difference
11020004_10_49,xgboost_direct,5,lags_only,0.0359,0.0774891646778043,False,GLOBAL_ALL_CELLS,4522,0.05,Skill_RMSE / squared-error loss difference
11020004_10_49,xgboost_direct,6,lags_only,0.353,0.4490199718706047,False,GLOBAL_ALL_CELLS,4522,0.05,Skill_RMSE / squared-error loss difference
11020004_10_49,xgboost_direct,7,lags_only,0.4051,0.4949410207939508,False,GLOBAL_ALL_CELLS,4522,0.05,Skill_RMSE / squared-error loss difference
11022005_10_49,sarima,1,lags_only,0.2888,0.39160845323741006,False,GLOBAL_ALL_CELLS,4522,0.05,Skill_RMSE / squared-error loss difference
11022005_10_49,sarima,2,lags_only,0.0,0.0,True,GLOBAL_ALL_CELLS,4522,0.05,Skill_RMSE / squared-error loss difference
11022005_10_49,sarima,3,lags_only,0.0,0.0,True,GLOBAL_ALL_CELLS,4522,0.05,Skill_RMSE / squared-error loss difference
11022005_10_49,sarima,4,lags_only,0.0,0.0,True,GLOBAL_ALL_CELLS,4522,0.05,Skill_RMSE / squared-error loss difference
11022005_10_49,sarima,5,lags_only,0.0,0.0,True,GLOBAL_ALL_CELLS,4522,0.05,Skill_RMSE / squared-error loss difference
11022005_10_49,sarima,6,lags_only,0.0,0.0,True,GLOBAL_ALL_CELLS,4522,0.05,Skill_RMSE / squared-error loss difference
11022005_10_49,sarima,7,lags_only,0.0008,0.003244484304932736,True,GLOBAL_ALL_CELLS,4522,0.05,Skill_RMSE / squared-error loss difference
11022005_10_49,xgboost_direct,1,lags_only,1.0,1.0,False,GLOBAL_ALL_CELLS,4522,0.05,Skill_RMSE / squared-error loss difference
11022005_10_49,xgboost_direct,2,lags_only,0.1708,0.2639636363636364,False,GLOBAL_ALL_CELLS,4522,0.05,Skill_RMSE / squared-error loss difference
11022005_10_49,xgboost_direct,3,lags_only,0.0003,0.0014087227414330216,True,GLOBAL_ALL_CELLS,4522,0.05,Skill_RMSE / squared-error loss difference
11022005_10_49,xgboost_direct,4,lags_only,0.0003,0.0014087227414330216,True,GLOBAL_ALL_CELLS,4522,0.05,Skill_RMSE / squared-error loss difference
11022005_10_49,xgboost_direct,5,lags_only,0.0776,0.1426452032520325,False,GLOBAL_ALL_CELLS,4522,0.05,Skill_RMSE / squared-error loss difference
11022005_10_49,xgboost_direct,6,lags_only,0.0248,0.058046376811594205,False,GLOBAL_ALL_CELLS,4522,0.05,Skill_RMSE / squared-error loss difference
11022005_10_49,xgboost_direct,7,lags_only,0.0217,0.0521954255319149,False,GLOBAL_ALL_CELLS,4522,0.05,Skill_RMSE / squared-error loss difference
11028001_10_49,sarima,1,lags_only,0.8238,0.9123741366642174,False,GLOBAL_ALL_CELLS,4522,0.05,Skill_RMSE / squared-error loss difference
11028001_10_49,sarima,2,lags_only,0.0246,0.05772765957446809,False,GLOBAL_ALL_CELLS,4522,0.05,Skill_RMSE / squared-error loss difference
11028001_10_49,sarima,3,lags_only,0.0011,0.004273367697594502,True,GLOBAL_ALL_CELLS,4522,0.05,Skill_RMSE / squared-error loss difference
11028001_10_49,sarima,4,lags_only,0.0009,0.003585726872246696,True,GLOBAL_ALL_CELLS,4522,0.05,Skill_RMSE / squared-error loss difference
11028001_10_49,sarima,5,lags_only,0.0004,0.0018106106106106107,True,GLOBAL_ALL_CELLS,4522,0.05,Skill_RMSE / squared-error loss difference
11028001_10_49,sarima,6,lags_only,0.0018,0.006617560975609756,True,GLOBAL_ALL_CELLS,4522,0.05,Skill_RMSE / squared-error loss difference
11028001_10_49,sarima,7,lags_only,0.0071,0.020998168737737084,True,GLOBAL_ALL_CELLS,4522,0.05,Skill_RMSE / squared-error loss difference
11028001_10_49,xgboost_direct,1,lags_only,1.0,1.0,False,GLOBAL_ALL_CELLS,4522,0.05,Skill_RMSE / squared-error loss difference
11028001_10_49,xgboost_direct,2,lags_only,0.9981,1.0,False,GLOBAL_ALL_CELLS,4522,0.05,Skill_RMSE / squared-error loss difference
11028001_10_49,xgboost_direct,3,lags_only,0.6431,0.7341828326180257,False,GLOBAL_ALL_CELLS,4522,0.05,Skill_RMSE / squared-error loss difference
11028001_10_49,xgboost_direct,4,lags_only,0.5629,0.6562087651456561,False,GLOBAL_ALL_CELLS,4522,0.05,Skill_RMSE / squared-error loss difference
11028001_10_49,xgboost_direct,5,lags_only,0.5379,0.631459968847352,False,GLOBAL_ALL_CELLS,4522,0.05,Skill_RMSE / squared-error loss difference
11028001_10_49,xgboost_direct,6,lags_only,0.4,0.4897914974275657,False,GLOBAL_ALL_CELLS,4522,0.05,Skill_RMSE / squared-error loss difference
11028001_10_49,xgboost_direct,7,lags_only,0.3513,0.4477391770011274,False,GLOBAL_ALL_CELLS,4522,0.05,Skill_RMSE / squared-error loss difference
11033004_10_49,sarima,1,lags_only,0.9638,1.0,False,GLOBAL_ALL_CELLS,4522,0.05,Skill_RMSE / squared-error loss difference
11033004_10_49,sarima,2,lags_only,0.1263,0.2082890590809628,False,GLOBAL_ALL_CELLS,4522,0.05,Skill_RMSE / squared-error loss difference
11033004_10_49,sarima,3,lags_only,0.0149,0.038611919770773634,True,GLOBAL_ALL_CELLS,4522,0.05,Skill_RMSE / squared-error loss difference
11033004_10_49,sarima,4,lags_only,0.0019,0.006934463276836157,True,GLOBAL_ALL_CELLS,4522,0.05,Skill_RMSE / squared-error loss difference
11033004_10_49,sarima,5,lags_only,0.0005,0.0021887705711519847,True,GLOBAL_ALL_CELLS,4522,0.05,Skill_RMSE / squared-error loss difference
11033004_10_49,sarima,6,lags_only,0.0001,0.0005270396270396271,True,GLOBAL_ALL_CELLS,4522,0.05,Skill_RMSE / squared-error loss difference
11033004_10_49,sarima,7,lags_only,0.0006,0.002552398871119473,True,GLOBAL_ALL_CELLS,4522,0.05,Skill_RMSE / squared-error loss difference
11033004_10_49,xgboost_direct,1,lags_only,1.0,1.0,False,GLOBAL_ALL_CELLS,4522,0.05,Skill_RMSE / squared-error loss difference
11033004_10_49,xgboost_direct,2,lags_only,0.8402,0.9260015598342676,False,GLOBAL_ALL_CELLS,4522,0.05,Skill_RMSE / squared-error loss difference
11033004_10_49,xgboost_direct,3,lags_only,0.2455,0.34779166666666667,False,GLOBAL_ALL_CELLS,4522,0.05,Skill_RMSE / squared-error loss difference
11033004_10_49,xgboost_direct,4,lags_only,0.0695,0.130244094488189,False,GLOBAL_ALL_CELLS,4522,0.05,Skill_RMSE / squared-error loss difference
11033004_10_49,xgboost_direct,5,lags_only,0.0937,0.16570645287446228,False,GLOBAL_ALL_CELLS,4522,0.05,Skill_RMSE / squared-error loss difference
11033004_10_49,xgboost_direct,6,lags_only,0.0125,0.03360582639714626,True,GLOBAL_ALL_CELLS,4522,0.05,Skill_RMSE / squared-error loss difference
11033004_10_49,xgboost_direct,7,lags_only,0.0027,0.00931304347826087,True,GLOBAL_ALL_CELLS,4522,0.05,Skill_RMSE / squared-error loss difference
12005005_10_49,sarima,1,lags_only,0.5897,0.6821753389613712,False,GLOBAL_ALL_CELLS,4522,0.05,Skill_RMSE / squared-error loss difference
12005005_10_49,sarima,2,lags_only,0.1498,0.2381841068917018,False,GLOBAL_ALL_CELLS,4522,0.05,Skill_RMSE / squared-error loss difference
12005005_10_49,sarima,3,lags_only,0.0998,0.17291019157088122,False,GLOBAL_ALL_CELLS,4522,0.05,Skill_RMSE / squared-error loss difference
12005005_10_49,sarima,4,lags_only,0.2757,0.37815876288659794,False,GLOBAL_ALL_CELLS,4522,0.05,Skill_RMSE / squared-error loss difference
12005005_10_49,sarima,5,lags_only,0.4789,0.5705794574664209,False,GLOBAL_ALL_CELLS,4522,0.05,Skill_RMSE / squared-error loss difference
12005005_10_49,sarima,6,lags_only,0.4873,0.57866875,False,GLOBAL_ALL_CELLS,4522,0.05,Skill_RMSE / squared-error loss difference
12005005_10_49,sarima,7,lags_only,0.7857,0.8759702662721893,False,GLOBAL_ALL_CELLS,4522,0.05,Skill_RMSE / squared-error loss difference
12005005_10_49,xgboost_direct,1,lags_only,0.9422,1.0,False,GLOBAL_ALL_CELLS,4522,0.05,Skill_RMSE / squared-error loss difference
12005005_10_49,xgboost_direct,2,lags_only,0.5283,0.6225259182078666,False,GLOBAL_ALL_CELLS,4522,0.05,Skill_RMSE / squared-error loss difference
12005005_10_49,xgboost_direct,3,lags_only,0.1447,0.23178653914275593,False,GLOBAL_ALL_CELLS,4522,0.05,Skill_RMSE / squared-error loss difference
12005005_10_49,xgboost_direct,4,lags_only,0.1238,0.20528918225155846,False,GLOBAL_ALL_CELLS,4522,0.05,Skill_RMSE / squared-error loss difference
12005005_10_49,xgboost_direct,5,lags_only,0.1792,0.2743203791469194,False,GLOBAL_ALL_CELLS,4522,0.05,Skill_RMSE / squared-error loss difference
12005005_10_49,xgboost_direct,6,lags_only,0.0727,0.1353435158501441,False,GLOBAL_ALL_CELLS,4522,0.05,Skill_RMSE / squared-error loss difference
12005005_10_49,xgboost_direct,7,lags_only,0.0911,0.16174095013741657,False,GLOBAL_ALL_CELLS,4522,0.05,Skill_RMSE / squared-error loss difference
12009007_10_46,sarima,1,lags_only,0.0126,0.03373428063943162,True,GLOBAL_ALL_CELLS,4522,0.05,Skill_RMSE / squared-error loss difference
12009007_10_46,sarima,2,lags_only,0.0007,0.0029120515179392823,True,GLOBAL_ALL_CELLS,4522,0.05,Skill_RMSE / squared-error loss difference
12009007_10_46,sarima,3,lags_only,0.0002,0.0009819761129207384,True,GLOBAL_ALL_CELLS,4522,0.05,Skill_RMSE / squared-error loss difference
12009007_10_46,sarima,4,lags_only,0.0049,0.01540876216968011,True,GLOBAL_ALL_CELLS,4522,0.05,Skill_RMSE / squared-error loss difference
12009007_10_46,sarima,5,lags_only,0.0586,0.11412110249784668,False,GLOBAL_ALL_CELLS,4522,0.05,Skill_RMSE / squared-error loss difference
12009007_10_46,sarima,6,lags_only,0.3992,0.489076781360065,False,GLOBAL_ALL_CELLS,4522,0.05,Skill_RMSE / squared-error loss difference
12009007_10_46,sarima,7,lags_only,0.8431,0.9282927197467739,False,GLOBAL_ALL_CELLS,4522,0.05,Skill_RMSE / squared-error loss difference
12009007_10_46,xgboost_direct,1,lags_only,0.9999,1.0,False,GLOBAL_ALL_CELLS,4522,0.05,Skill_RMSE / squared-error loss difference
12009007_10_46,xgboost_direct,2,lags_only,0.7122,0.8035350299401198,False,GLOBAL_ALL_CELLS,4522,0.05,Skill_RMSE / squared-error loss difference
12009007_10_46,xgboost_direct,3,lags_only,0.0344,0.07514821256038648,False,GLOBAL_ALL_CELLS,4522,0.05,Skill_RMSE / squared-error loss difference
12009007_10_46,xgboost_direct,4,lags_only,0.0127,0.033941725768321516,True,GLOBAL_ALL_CELLS,4522,0.05,Skill_RMSE / squared-error loss difference
12009007_10_46,xgboost_direct,5,lags_only,0.0003,0.0014087227414330216,True,GLOBAL_ALL_CELLS,4522,0.05,Skill_RMSE / squared-error loss difference
12009007_10_46,xgboost_direct,6,lags_only,0.0004,0.0018106106106106107,True,GLOBAL_ALL_CELLS,4522,0.05,Skill_RMSE / squared-error loss difference
12009007_10_46,xgboost_direct,7,lags_only,0.0151,0.03899611650485437,True,GLOBAL_ALL_CELLS,4522,0.05,Skill_RMSE / squared-error loss difference
12028001_10_46,sarima,1,lags_only,0.4943,0.5863653200419727,False,GLOBAL_ALL_CELLS,4522,0.05,Skill_RMSE / squared-error loss difference
12028001_10_46,sarima,2,lags_only,0.0617,0.1185751806204845,False,GLOBAL_ALL_CELLS,4522,0.05,Skill_RMSE / squared-error loss difference
12028001_10_46,sarima,3,lags_only,0.0967,0.16896344667697064,False,GLOBAL_ALL_CELLS,4522,0.05,Skill_RMSE / squared-error loss difference
12028001_10_46,sarima,4,lags_only,0.1292,0.21237455470737918,False,GLOBAL_ALL_CELLS,4522,0.05,Skill_RMSE / squared-error loss difference
12028001_10_46,sarima,5,lags_only,0.1916,0.28919065420560747,False,GLOBAL_ALL_CELLS,4522,0.05,Skill_RMSE / squared-error loss difference
12028001_10_46,sarima,6,lags_only,0.2329,0.33412874365482237,False,GLOBAL_ALL_CELLS,4522,0.05,Skill_RMSE / squared-error loss difference
12028001_10_46,sarima,7,lags_only,0.3605,0.45245059573289,False,GLOBAL_ALL_CELLS,4522,0.05,Skill_RMSE / squared-error loss difference
12028001_10_46,xgboost_direct,1,lags_only,0.9392,1.0,False,GLOBAL_ALL_CELLS,4522,0.05,Skill_RMSE / squared-error loss difference
12028001_10_46,xgboost_direct,2,lags_only,0.4034,0.4934202867189613,False,GLOBAL_ALL_CELLS,4522,0.05,Skill_RMSE / squared-error loss difference
12028001_10_46,xgboost_direct,3,lags_only,0.0719,0.13413028052805281,False,GLOBAL_ALL_CELLS,4522,0.05,Skill_RMSE / squared-error loss difference
12028001_10_46,xgboost_direct,4,lags_only,0.0153,0.03944503990877993,True,GLOBAL_ALL_CELLS,4522,0.05,Skill_RMSE / squared-error loss difference
12028001_10_46,xgboost_direct,5,lags_only,0.0164,0.041639977540707473,True,GLOBAL_ALL_CELLS,4522,0.05,Skill_RMSE / squared-error loss difference
12028001_10_46,xgboost_direct,6,lags_only,0.002,0.007229416466826539,True,GLOBAL_ALL_CELLS,4522,0.05,Skill_RMSE / squared-error loss difference
12028001_10_46,xgboost_direct,7,lags_only,0.0029,0.009882290881688018,True,GLOBAL_ALL_CELLS,4522,0.05,Skill_RMSE / squared-error loss difference
12032001_10_46,sarima,1,lags_only,0.0054,0.016725205479452054,True,GLOBAL_ALL_CELLS,4522,0.05,Skill_RMSE / squared-error loss difference
12032001_10_46,sarima,2,lags_only,0.0032,0.010734718100890208,True,GLOBAL_ALL_CELLS,4522,0.05,Skill_RMSE / squared-error loss difference
12032001_10_46,sarima,3,lags_only,0.0132,0.035091358024691356,True,GLOBAL_ALL_CELLS,4522,0.05,Skill_RMSE / squared-error loss difference
12032001_10_46,sarima,4,lags_only,0.0467,0.09524284428442845,False,GLOBAL_ALL_CELLS,4522,0.05,Skill_RMSE / squared-error loss difference
12032001_10_46,sarima,5,lags_only,0.1017,0.17512848438690024,False,GLOBAL_ALL_CELLS,4522,0.05,Skill_RMSE / squared-error loss difference
12032001_10_46,sarima,6,lags_only,0.2008,0.29947810026385224,False,GLOBAL_ALL_CELLS,4522,0.05,Skill_RMSE / squared-error loss difference
12032001_10_46,sarima,7,lags_only,0.3026,0.40543917037037036,False,GLOBAL_ALL_CELLS,4522,0.05,Skill_RMSE / squared-error loss difference
12032001_10_46,xgboost_direct,1,lags_only,1.0,1.0,False,GLOBAL_ALL_CELLS,4522,0.05,Skill_RMSE / squared-error loss difference
12032001_10_46,xgboost_direct,2,lags_only,0.8941,0.9763632455928519,False,GLOBAL_ALL_CELLS,4522,0.05,Skill_RMSE / squared-error loss difference
12032001_10_46,xgboost_direct,3,lags_only,0.151,0.239904,False,GLOBAL_ALL_CELLS,4522,0.05,Skill_RMSE / squared-error loss difference
12032001_10_46,xgboost_direct,4,lags_only,0.0615,0.11824107142857143,False,GLOBAL_ALL_CELLS,4522,0.05,Skill_RMSE / squared-error loss difference
12032001_10_46,xgboost_direct,5,lags_only,0.0139,0.03652283556072051,True,GLOBAL_ALL_CELLS,4522,0.05,Skill_RMSE / squared-error loss difference
12032001_10_46,xgboost_direct,6,lags_only,0.0048,0.015178741258741257,True,GLOBAL_ALL_CELLS,4522,0.05,Skill_RMSE / squared-error loss difference
12032001_10_46,xgboost_direct,7,lags_only,0.002,0.007229416466826539,True,GLOBAL_ALL_CELLS,4522,0.05,Skill_RMSE / squared-error loss difference
12040008_10_46,sarima,1,lags_only,0.0,0.0,True,GLOBAL_ALL_CELLS,4522,0.05,Skill_RMSE / squared-error loss difference
12040008_10_46,sarima,2,lags_only,0.0,0.0,True,GLOBAL_ALL_CELLS,4522,0.05,Skill_RMSE / squared-error loss difference
12040008_10_46,sarima,3,lags_only,0.0014,0.005284474123539232,True,GLOBAL_ALL_CELLS,4522,0.05,Skill_RMSE / squared-error loss difference
12040008_10_46,sarima,4,lags_only,0.0122,0.03291670644391408,True,GLOBAL_ALL_CELLS,4522,0.05,Skill_RMSE / squared-error loss difference
12040008_10_46,sarima,5,lags_only,0.0682,0.1285537307211338,False,GLOBAL_ALL_CELLS,4522,0.05,Skill_RMSE / squared-error loss difference
12040008_10_46,sarima,6,lags_only,0.2922,0.39466200716845884,False,GLOBAL_ALL_CELLS,4522,0.05,Skill_RMSE / squared-error loss difference
12040008_10_46,sarima,7,lags_only,0.6405,0.7322965883244882,False,GLOBAL_ALL_CELLS,4522,0.05,Skill_RMSE / squared-error loss difference
12040008_10_46,xgboost_direct,1,lags_only,1.0,1.0,False,GLOBAL_ALL_CELLS,4522,0.05,Skill_RMSE / squared-error loss difference
12040008_10_46,xgboost_direct,2,lags_only,0.8289,0.9165588853581031,False,GLOBAL_ALL_CELLS,4522,0.05,Skill_RMSE / squared-error loss difference
12040008_10_46,xgboost_direct,3,lags_only,0.8555,0.9402243499392466,False,GLOBAL_ALL_CELLS,4522,0.05,Skill_RMSE / squared-error loss difference
12040008_10_46,xgboost_direct,4,lags_only,0.8291,0.9165588853581031,False,GLOBAL_ALL_CELLS,4522,0.05,Skill_RMSE / squared-error loss difference
12040008_10_46,xgboost_direct,5,lags_only,0.6697,0.7612052274440814,False,GLOBAL_ALL_CELLS,4522,0.05,Skill_RMSE / squared-error loss difference
12040008_10_46,xgboost_direct,6,lags_only,0.3282,0.42881259751516904,False,GLOBAL_ALL_CELLS,4522,0.05,Skill_RMSE / squared-error loss difference
12040008_10_46,xgboost_direct,7,lags_only,0.4642,0.5550270756213643,False,GLOBAL_ALL_CELLS,4522,0.05,Skill_RMSE / squared-error loss difference
12040010_10_46,sarima,1,lags_only,0.0031,0.010453542132736764,True,GLOBAL_ALL_CELLS,4522,0.05,Skill_RMSE / squared-error loss difference
12040010_10_46,sarima,2,lags_only,0.0001,0.0005270396270396271,True,GLOBAL_ALL_CELLS,4522,0.05,Skill_RMSE / squared-error loss difference
12040010_10_46,sarima,3,lags_only,0.0005,0.0021887705711519847,True,GLOBAL_ALL_CELLS,4522,0.05,Skill_RMSE / squared-error loss difference
12040010_10_46,sarima,4,lags_only,0.0021,0.007554653937947494,True,GLOBAL_ALL_CELLS,4522,0.05,Skill_RMSE / squared-error loss difference
12040010_10_46,sarima,5,lags_only,0.022,0.052664902064584435,False,GLOBAL_ALL_CELLS,4522,0.05,Skill_RMSE / squared-error loss difference
12040010_10_46,sarima,6,lags_only,0.5573,0.6508550103305785,False,GLOBAL_ALL_CELLS,4522,0.05,Skill_RMSE / squared-error loss difference
12040010_10_46,sarima,7,lags_only,0.8935,0.9760529468599034,False,GLOBAL_ALL_CELLS,4522,0.05,Skill_RMSE / squared-error loss difference
12040010_10_46,xgboost_direct,1,lags_only,1.0,1.0,False,GLOBAL_ALL_CELLS,4522,0.05,Skill_RMSE / squared-error loss difference
12040010_10_46,xgboost_direct,2,lags_only,0.5433,0.6370417314670813,False,GLOBAL_ALL_CELLS,4522,0.05,Skill_RMSE / squared-error loss difference
12040010_10_46,xgboost_direct,3,lags_only,0.1222,0.2031575,False,GLOBAL_ALL_CELLS,4522,0.05,Skill_RMSE / squared-error loss difference
12040010_10_46,xgboost_direct,4,lags_only,0.0959,0.1680851937984496,False,GLOBAL_ALL_CELLS,4522,0.05,Skill_RMSE / squared-error loss difference
12040010_10_46,xgboost_direct,5,lags_only,0.0151,0.03899611650485437,True,GLOBAL_ALL_CELLS,4522,0.05,Skill_RMSE / squared-error loss difference
12040010_10_46,xgboost_direct,6,lags_only,0.0461,0.0943276923076923,False,GLOBAL_ALL_CELLS,4522,0.05,Skill_RMSE / squared-error loss difference
12040010_10_46,xgboost_direct,7,lags_only,0.0769,0.14158868078175893,False,GLOBAL_ALL_CELLS,4522,0.05,Skill_RMSE / squared-error loss difference
12140002_10_46,sarima,1,lags_only,0.0061,0.018463319946452478,True,GLOBAL_ALL_CELLS,4522,0.05,Skill_RMSE / squared-error loss difference
12140002_10_46,sarima,2,lags_only,0.0186,0.04616311745334796,True,GLOBAL_ALL_CELLS,4522,0.05,Skill_RMSE / squared-error loss difference
12140002_10_46,sarima,3,lags_only,0.04,0.08448388603456329,False,GLOBAL_ALL_CELLS,4522,0.05,Skill_RMSE / squared-error loss difference
12140002_10_46,sarima,4,lags_only,0.0813,0.1479430985915493,False,GLOBAL_ALL_CELLS,4522,0.05,Skill_RMSE / squared-error loss difference
12140002_10_46,sarima,5,lags_only,0.2361,0.3372217940619078,False,GLOBAL_ALL_CELLS,4522,0.05,Skill_RMSE / squared-error loss difference
12140002_10_46,sarima,6,lags_only,0.3943,0.48478102229472536,False,GLOBAL_ALL_CELLS,4522,0.05,Skill_RMSE / squared-error loss difference
12140002_10_46,sarima,7,lags_only,0.5869,0.6796317029449424,False,GLOBAL_ALL_CELLS,4522,0.05,Skill_RMSE / squared-error loss difference
12140002_10_46,xgboost_direct,1,lags_only,0.9999,1.0,False,GLOBAL_ALL_CELLS,4522,0.05,Skill_RMSE / squared-error loss difference
12140002_10_46,xgboost_direct,2,lags_only,0.3857,0.47588314238952534,False,GLOBAL_ALL_CELLS,4522,0.05,Skill_RMSE / squared-error loss difference
12140002_10_46,xgboost_direct,3,lags_only,0.0759,0.13991838565022421,False,GLOBAL_ALL_CELLS,4522,0.05,Skill_RMSE / squared-error loss difference
12140002_10_46,xgboost_direct,4,lags_only,0.0172,0.0433064587973274,True,GLOBAL_ALL_CELLS,4522,0.05,Skill_RMSE / squared-error loss difference
12140002_10_46,xgboost_direct,5,lags_only,0.0019,0.006934463276836157,True,GLOBAL_ALL_CELLS,4522,0.05,Skill_RMSE / squared-error loss difference
12140002_10_46,xgboost_direct,6,lags_only,0.006,0.01822162525184688,True,GLOBAL_ALL_CELLS,4522,0.05,Skill_RMSE / squared-error loss difference
12140002_10_46,xgboost_direct,7,lags_only,0.0351,0.07616228406909788,False,GLOBAL_ALL_CELLS,4522,0.05,Skill_RMSE / squared-error loss difference
12141002_10_46,sarima,1,lags_only,0.8076,0.8975097566969772,False,GLOBAL_ALL_CELLS,4522,0.05,Skill_RMSE / squared-error loss difference
12141002_10_46,sarima,2,lags_only,0.0187,0.0463858475041141,True,GLOBAL_ALL_CELLS,4522,0.05,Skill_RMSE / squared-error loss difference
12141002_10_46,sarima,3,lags_only,0.0125,0.03360582639714626,True,GLOBAL_ALL_CELLS,4522,0.05,Skill_RMSE / squared-error loss difference
12141002_10_46,sarima,4,lags_only,0.0374,0.08000132450331127,False,GLOBAL_ALL_CELLS,4522,0.05,Skill_RMSE / squared-error loss difference
12141002_10_46,sarima,5,lags_only,0.0627,0.12029249045396691,False,GLOBAL_ALL_CELLS,4522,0.05,Skill_RMSE / squared-error loss difference
12141002_10_46,sarima,6,lags_only,0.1688,0.2619470144131778,False,GLOBAL_ALL_CELLS,4522,0.05,Skill_RMSE / squared-error loss difference
12141002_10_46,sarima,7,lags_only,0.2632,0.3657622618315919,False,GLOBAL_ALL_CELLS,4522,0.05,Skill_RMSE / squared-error loss difference
12141002_10_46,xgboost_direct,1,lags_only,1.0,1.0,False,GLOBAL_ALL_CELLS,4522,0.05,Skill_RMSE / squared-error loss difference
12141002_10_46,xgboost_direct,2,lags_only,0.8441,0.9291675267770204,False,GLOBAL_ALL_CELLS,4522,0.05,Skill_RMSE / squared-error loss difference
12141002_10_46,xgboost_direct,3,lags_only,0.3727,0.4630051084866795,False,GLOBAL_ALL_CELLS,4522,0.05,Skill_RMSE / squared-error loss difference
12141002_10_46,xgboost_direct,4,lags_only,0.1972,0.29562312789927103,False,GLOBAL_ALL_CELLS,4522,0.05,Skill_RMSE / squared-error loss difference
12141002_10_46,xgboost_direct,5,lags_only,0.0074,0.02172909090909091,True,GLOBAL_ALL_CELLS,4522,0.05,Skill_RMSE / squared-error loss difference
12141002_10_46,xgboost_direct,6,lags_only,0.0086,0.024582300884955752,True,GLOBAL_ALL_CELLS,4522,0.05,Skill_RMSE / squared-error loss difference
12141002_10_46,xgboost_direct,7,lags_only,0.0421,0.08781190036900369,False,GLOBAL_ALL_CELLS,4522,0.05,Skill_RMSE / squared-error loss difference
13034002_10_49,sarima,1,lags_only,0.2068,0.30570434782608696,False,GLOBAL_ALL_CELLS,4522,0.05,Skill_RMSE / squared-error loss difference
13034002_10_49,sarima,2,lags_only,0.0,0.0,True,GLOBAL_ALL_CELLS,4522,0.05,Skill_RMSE / squared-error loss difference
13034002_10_49,sarima,3,lags_only,0.0,0.0,True,GLOBAL_ALL_CELLS,4522,0.05,Skill_RMSE / squared-error loss difference
13034002_10_49,sarima,4,lags_only,0.0,0.0,True,GLOBAL_ALL_CELLS,4522,0.05,Skill_RMSE / squared-error loss difference
13034002_10_49,sarima,5,lags_only,0.0,0.0,True,GLOBAL_ALL_CELLS,4522,0.05,Skill_RMSE / squared-error loss difference
13034002_10_49,sarima,6,lags_only,0.0003,0.0014087227414330216,True,GLOBAL_ALL_CELLS,4522,0.05,Skill_RMSE / squared-error loss difference
13034002_10_49,sarima,7,lags_only,0.0002,0.0009819761129207384,True,GLOBAL_ALL_CELLS,4522,0.05,Skill_RMSE / squared-error loss difference
13034002_10_49,xgboost_direct,1,lags_only,0.7231,0.8140050286283295,False,GLOBAL_ALL_CELLS,4522,0.05,Skill_RMSE / squared-error loss difference
13034002_10_49,xgboost_direct,2,lags_only,0.0285,0.06518816388467376,False,GLOBAL_ALL_CELLS,4522,0.05,Skill_RMSE / squared-error loss difference
13034002_10_49,xgboost_direct,3,lags_only,0.0001,0.0005270396270396271,True,GLOBAL_ALL_CELLS,4522,0.05,Skill_RMSE / squared-error loss difference
13034002_10_49,xgboost_direct,4,lags_only,0.034,0.07467119961146189,False,GLOBAL_ALL_CELLS,4522,0.05,Skill_RMSE / squared-error loss difference
13034002_10_49,xgboost_direct,5,lags_only,0.0003,0.0014087227414330216,True,GLOBAL_ALL_CELLS,4522,0.05,Skill_RMSE / squared-error loss difference
13034002_10_49,xgboost_direct,6,lags_only,0.0002,0.0009819761129207384,True,GLOBAL_ALL_CELLS,4522,0.05,Skill_RMSE / squared-error loss difference
13034002_10_49,xgboost_direct,7,lags_only,0.0002,0.0009819761129207384,True,GLOBAL_ALL_CELLS,4522,0.05,Skill_RMSE / squared-error loss difference
13071015_10_49,sarima,1,lags_only,0.2923,0.3946791878172589,False,GLOBAL_ALL_CELLS,4522,0.05,Skill_RMSE / squared-error loss difference
13071015_10_49,sarima,2,lags_only,0.0,0.0,True,GLOBAL_ALL_CELLS,4522,0.05,Skill_RMSE / squared-error loss difference
13071015_10_49,sarima,3,lags_only,0.0,0.0,True,GLOBAL_ALL_CELLS,4522,0.05,Skill_RMSE / squared-error loss difference
13071015_10_49,sarima,4,lags_only,0.0,0.0,True,GLOBAL_ALL_CELLS,4522,0.05,Skill_RMSE / squared-error loss difference
13071015_10_49,sarima,5,lags_only,0.0,0.0,True,GLOBAL_ALL_CELLS,4522,0.05,Skill_RMSE / squared-error loss difference
13071015_10_49,sarima,6,lags_only,0.0004,0.0018106106106106107,True,GLOBAL_ALL_CELLS,4522,0.05,Skill_RMSE / squared-error loss difference
13071015_10_49,sarima,7,lags_only,0.0082,0.023693546325878598,True,GLOBAL_ALL_CELLS,4522,0.05,Skill_RMSE / squared-error loss difference
13071015_10_49,xgboost_direct,1,lags_only,1.0,1.0,False,GLOBAL_ALL_CELLS,4522,0.05,Skill_RMSE / squared-error loss difference
13071015_10_49,xgboost_direct,2,lags_only,0.3067,0.40901909814323606,False,GLOBAL_ALL_CELLS,4522,0.05,Skill_RMSE / squared-error loss difference
13071015_10_49,xgboost_direct,3,lags_only,0.0118,0.031990167865707436,True,GLOBAL_ALL_CELLS,4522,0.05,Skill_RMSE / squared-error loss difference
13071015_10_49,xgboost_direct,4,lags_only,0.0052,0.01619449035812672,True,GLOBAL_ALL_CELLS,4522,0.05,Skill_RMSE / squared-error loss difference
13071015_10_49,xgboost_direct,5,lags_only,0.0171,0.043078662952646236,True,GLOBAL_ALL_CELLS,4522,0.05,Skill_RMSE / squared-error loss difference
13071015_10_49,xgboost_direct,6,lags_only,0.0053,0.01646057692307692,True,GLOBAL_ALL_CELLS,4522,0.05,Skill_RMSE / squared-error loss difference
13071015_10_49,xgboost_direct,7,lags_only,0.0023,0.008163736263736263,True,GLOBAL_ALL_CELLS,4522,0.05,Skill_RMSE / squared-error loss difference
13071017_10_49,sarima,1,lags_only,0.0475,0.09606216457960645,False,GLOBAL_ALL_CELLS,4522,0.05,Skill_RMSE / squared-error loss difference
13071017_10_49,sarima,2,lags_only,0.0,0.0,True,GLOBAL_ALL_CELLS,4522,0.05,Skill_RMSE / squared-error loss difference
13071017_10_49,sarima,3,lags_only,0.0,0.0,True,GLOBAL_ALL_CELLS,4522,0.05,Skill_RMSE / squared-error loss difference
13071017_10_49,sarima,4,lags_only,0.0,0.0,True,GLOBAL_ALL_CELLS,4522,0.05,Skill_RMSE / squared-error loss difference
13071017_10_49,sarima,5,lags_only,0.0,0.0,True,GLOBAL_ALL_CELLS,4522,0.05,Skill_RMSE / squared-error loss difference
13071017_10_49,sarima,6,lags_only,0.0,0.0,True,GLOBAL_ALL_CELLS,4522,0.05,Skill_RMSE / squared-error loss difference
13071017_10_49,sarima,7,lags_only,0.0,0.0,True,GLOBAL_ALL_CELLS,4522,0.05,Skill_RMSE / squared-error loss difference
13071017_10_49,xgboost_direct,1,lags_only,0.9745,1.0,False,GLOBAL_ALL_CELLS,4522,0.05,Skill_RMSE / squared-error loss difference
13071017_10_49,xgboost_direct,2,lags_only,0.0213,0.05139733191035219,False,GLOBAL_ALL_CELLS,4522,0.05,Skill_RMSE / squared-error loss difference
13071017_10_49,xgboost_direct,3,lags_only,0.0001,0.0005270396270396271,True,GLOBAL_ALL_CELLS,4522,0.05,Skill_RMSE / squared-error loss difference
13071017_10_49,xgboost_direct,4,lags_only,0.0006,0.002552398871119473,True,GLOBAL_ALL_CELLS,4522,0.05,Skill_RMSE / squared-error loss difference
13071017_10_49,xgboost_direct,5,lags_only,0.0007,0.0029120515179392823,True,GLOBAL_ALL_CELLS,4522,0.05,Skill_RMSE / squared-error loss difference
13071017_10_49,xgboost_direct,6,lags_only,0.0,0.0,True,GLOBAL_ALL_CELLS,4522,0.05,Skill_RMSE / squared-error loss difference
13071017_10_49,xgboost_direct,7,lags_only,0.0002,0.0009819761129207384,True,GLOBAL_ALL_CELLS,4522,0.05,Skill_RMSE / squared-error loss difference
14021006_10_49,sarima,1,lags_only,0.9663,1.0,False,GLOBAL_ALL_CELLS,4522,0.05,Skill_RMSE / squared-error loss difference
14021006_10_49,sarima,2,lags_only,0.7564,0.8466437623762376,False,GLOBAL_ALL_CELLS,4522,0.05,Skill_RMSE / squared-error loss difference
14021006_10_49,sarima,3,lags_only,0.3962,0.4863236699239956,False,GLOBAL_ALL_CELLS,4522,0.05,Skill_RMSE / squared-error loss difference
14021006_10_49,sarima,4,lags_only,0.3549,0.45017049088359046,False,GLOBAL_ALL_CELLS,4522,0.05,Skill_RMSE / squared-error loss difference
14021006_10_49,sarima,5,lags_only,0.3734,0.4633684961580681,False,GLOBAL_ALL_CELLS,4522,0.05,Skill_RMSE / squared-error loss difference
14021006_10_49,sarima,6,lags_only,0.3561,0.45055793296089386,False,GLOBAL_ALL_CELLS,4522,0.05,Skill_RMSE / squared-error loss difference
14021006_10_49,sarima,7,lags_only,0.3624,0.45307514514791264,False,GLOBAL_ALL_CELLS,4522,0.05,Skill_RMSE / squared-error loss difference
14021006_10_49,xgboost_direct,1,lags_only,0.9764,1.0,False,GLOBAL_ALL_CELLS,4522,0.05,Skill_RMSE / squared-error loss difference
14021006_10_49,xgboost_direct,2,lags_only,0.253,0.3559124650295306,False,GLOBAL_ALL_CELLS,4522,0.05,Skill_RMSE / squared-error loss difference
14021006_10_49,xgboost_direct,3,lags_only,0.1376,0.22270121689334288,False,GLOBAL_ALL_CELLS,4522,0.05,Skill_RMSE / squared-error loss difference
14021006_10_49,xgboost_direct,4,lags_only,0.0007,0.0029120515179392823,True,GLOBAL_ALL_CELLS,4522,0.05,Skill_RMSE / squared-error loss difference
14021006_10_49,xgboost_direct,5,lags_only,0.3176,0.4199377777777778,False,GLOBAL_ALL_CELLS,4522,0.05,Skill_RMSE / squared-error loss difference
14021006_10_49,xgboost_direct,6,lags_only,0.2231,0.32345565886502087,False,GLOBAL_ALL_CELLS,4522,0.05,Skill_RMSE / squared-error loss difference
14021006_10_49,xgboost_direct,7,lags_only,0.0163,0.04150259009009009,True,GLOBAL_ALL_CELLS,4522,0.05,Skill_RMSE / squared-error loss difference
14021007_10_49,sarima,1,lags_only,0.4245,0.5151200536193029,False,GLOBAL_ALL_CELLS,4522,0.05,Skill_RMSE / squared-error loss difference
14021007_10_49,sarima,2,lags_only,0.0059,0.017966195286195287,True,GLOBAL_ALL_CELLS,4522,0.05,Skill_RMSE / squared-error loss difference
14021007_10_49,sarima,3,lags_only,0.0014,0.005284474123539232,True,GLOBAL_ALL_CELLS,4522,0.05,Skill_RMSE / squared-error loss difference
14021007_10_49,sarima,4,lags_only,0.0117,0.031776216216216215,True,GLOBAL_ALL_CELLS,4522,0.05,Skill_RMSE / squared-error loss difference
14021007_10_49,sarima,5,lags_only,0.0403,0.08503807746150258,False,GLOBAL_ALL_CELLS,4522,0.05,Skill_RMSE / squared-error loss difference
14021007_10_49,sarima,6,lags_only,0.1347,0.2191055395683453,False,GLOBAL_ALL_CELLS,4522,0.05,Skill_RMSE / squared-error loss difference
14021007_10_49,sarima,7,lags_only,0.2164,0.316379178790818,False,GLOBAL_ALL_CELLS,4522,0.05,Skill_RMSE / squared-error loss difference
14021007_10_49,xgboost_direct,1,lags_only,0.9854,1.0,False,GLOBAL_ALL_CELLS,4522,0.05,Skill_RMSE / squared-error loss difference
14021007_10_49,xgboost_direct,2,lags_only,0.2032,0.30235946034879896,False,GLOBAL_ALL_CELLS,4522,0.05,Skill_RMSE / squared-error loss difference
14021007_10_49,xgboost_direct,3,lags_only,0.0142,0.03722457971014493,True,GLOBAL_ALL_CELLS,4522,0.05,Skill_RMSE / squared-error loss difference
14021007_10_49,xgboost_direct,4,lags_only,0.0032,0.010734718100890208,True,GLOBAL_ALL_CELLS,4522,0.05,Skill_RMSE / squared-error loss difference
14021007_10_49,xgboost_direct,5,lags_only,0.2635,0.36606666666666665,False,GLOBAL_ALL_CELLS,4522,0.05,Skill_RMSE / squared-error loss difference
14021007_10_49,xgboost_direct,6,lags_only,0.1332,0.21729090909090912,False,GLOBAL_ALL_CELLS,4522,0.05,Skill_RMSE / squared-error loss difference
14021007_10_49,xgboost_direct,7,lags_only,0.0106,0.02938884120171674,True,GLOBAL_ALL_CELLS,4522,0.05,Skill_RMSE / squared-error loss difference
14021009_10_49,sarima,1,lags_only,0.5714,0.6644049370018,False,GLOBAL_ALL_CELLS,4522,0.05,Skill_RMSE / squared-error loss difference
14021009_10_49,sarima,2,lags_only,0.082,0.14897709923664124,False,GLOBAL_ALL_CELLS,4522,0.05,Skill_RMSE / squared-error loss difference
14021009_10_49,sarima,3,lags_only,0.1484,0.23629042253521126,False,GLOBAL_ALL_CELLS,4522,0.05,Skill_RMSE / squared-error loss difference
14021009_10_49,sarima,4,lags_only,0.2758,0.37815876288659794,False,GLOBAL_ALL_CELLS,4522,0.05,Skill_RMSE / squared-error loss difference
14021009_10_49,sarima,5,lags_only,0.3454,0.4448586727428083,False,GLOBAL_ALL_CELLS,4522,0.05,Skill_RMSE / squared-error loss difference
14021009_10_49,sarima,6,lags_only,0.4172,0.5068722192369693,False,GLOBAL_ALL_CELLS,4522,0.05,Skill_RMSE / squared-error loss difference
14021009_10_49,sarima,7,lags_only,0.4702,0.5614587800369686,False,GLOBAL_ALL_CELLS,4522,0.05,Skill_RMSE / squared-error loss difference
14021009_10_49,xgboost_direct,1,lags_only,0.9687,1.0,False,GLOBAL_ALL_CELLS,4522,0.05,Skill_RMSE / squared-error loss difference
14021009_10_49,xgboost_direct,2,lags_only,0.0027,0.00931304347826087,True,GLOBAL_ALL_CELLS,4522,0.05,Skill_RMSE / squared-error loss difference
14021009_10_49,xgboost_direct,3,lags_only,0.001,0.003945898778359511,True,GLOBAL_ALL_CELLS,4522,0.05,Skill_RMSE / squared-error loss difference
14021009_10_49,xgboost_direct,4,lags_only,0.0011,0.004273367697594502,True,GLOBAL_ALL_CELLS,4522,0.05,Skill_RMSE / squared-error loss difference
14021009_10_49,xgboost_direct,5,lags_only,0.0,0.0,True,GLOBAL_ALL_CELLS,4522,0.05,Skill_RMSE / squared-error loss difference
14021009_10_49,xgboost_direct,6,lags_only,0.0,0.0,True,GLOBAL_ALL_CELLS,4522,0.05,Skill_RMSE / squared-error loss difference
14021009_10_49,xgboost_direct,7,lags_only,0.0001,0.0005270396270396271,True,GLOBAL_ALL_CELLS,4522,0.05,Skill_RMSE / squared-error loss difference
14026002_10_49,sarima,1,lags_only,0.9457,1.0,False,GLOBAL_ALL_CELLS,4522,0.05,Skill_RMSE / squared-error loss difference
14026002_10_49,sarima,2,lags_only,0.5374,0.6312007272727272,False,GLOBAL_ALL_CELLS,4522,0.05,Skill_RMSE / squared-error loss difference
14026002_10_49,sarima,3,lags_only,0.345,0.4448502994011976,False,GLOBAL_ALL_CELLS,4522,0.05,Skill_RMSE / squared-error loss difference
14026002_10_49,sarima,4,lags_only,0.2886,0.3915539153915392,False,GLOBAL_ALL_CELLS,4522,0.05,Skill_RMSE / squared-error loss difference
14026002_10_49,sarima,5,lags_only,0.0809,0.14745255945183394,False,GLOBAL_ALL_CELLS,4522,0.05,Skill_RMSE / squared-error loss difference
14026002_10_49,sarima,6,lags_only,0.0547,0.10759173553719008,False,GLOBAL_ALL_CELLS,4522,0.05,Skill_RMSE / squared-error loss difference
14026002_10_49,sarima,7,lags_only,0.0849,0.1531383326685281,False,GLOBAL_ALL_CELLS,4522,0.05,Skill_RMSE / squared-error loss difference
14026002_10_49,xgboost_direct,1,lags_only,0.3505,0.44747628458498023,False,GLOBAL_ALL_CELLS,4522,0.05,Skill_RMSE / squared-error loss difference
14026002_10_49,xgboost_direct,2,lags_only,0.4577,0.5487060975609755,False,GLOBAL_ALL_CELLS,4522,0.05,Skill_RMSE / squared-error loss difference
14026002_10_49,xgboost_direct,3,lags_only,0.0199,0.048747453954496214,True,GLOBAL_ALL_CELLS,4522,0.05,Skill_RMSE / squared-error loss difference
14026002_10_49,xgboost_direct,4,lags_only,0.0006,0.002552398871119473,True,GLOBAL_ALL_CELLS,4522,0.05,Skill_RMSE / squared-error loss difference
14026002_10_49,xgboost_direct,5,lags_only,0.0002,0.0009819761129207384,True,GLOBAL_ALL_CELLS,4522,0.05,Skill_RMSE / squared-error loss difference
14026002_10_49,xgboost_direct,6,lags_only,0.3565,0.45055793296089386,False,GLOBAL_ALL_CELLS,4522,0.05,Skill_RMSE / squared-error loss difference
14026002_10_49,xgboost_direct,7,lags_only,0.0272,0.06269031600407747,False,GLOBAL_ALL_CELLS,4522,0.05,Skill_RMSE / squared-error loss difference
14047001_10_49,sarima,1,lags_only,0.3515,0.4478678500986193,False,GLOBAL_ALL_CELLS,4522,0.05,Skill_RMSE / squared-error loss difference
14047001_10_49,sarima,2,lags_only,0.1411,0.2270655516014235,False,GLOBAL_ALL_CELLS,4522,0.05,Skill_RMSE / squared-error loss difference
14047001_10_49,sarima,3,lags_only,0.0299,0.06790949271722752,False,GLOBAL_ALL_CELLS,4522,0.05,Skill_RMSE / squared-error loss difference
14047001_10_49,sarima,4,lags_only,0.0055,0.016999999999999998,True,GLOBAL_ALL_CELLS,4522,0.05,Skill_RMSE / squared-error loss difference
14047001_10_49,sarima,5,lags_only,0.0005,0.0021887705711519847,True,GLOBAL_ALL_CELLS,4522,0.05,Skill_RMSE / squared-error loss difference
14047001_10_49,sarima,6,lags_only,0.0006,0.002552398871119473,True,GLOBAL_ALL_CELLS,4522,0.05,Skill_RMSE / squared-error loss difference
14047001_10_49,sarima,7,lags_only,0.0,0.0,True,GLOBAL_ALL_CELLS,4522,0.05,Skill_RMSE / squared-error loss difference
14047001_10_49,xgboost_direct,1,lags_only,0.3463,0.4453835608646189,False,GLOBAL_ALL_CELLS,4522,0.05,Skill_RMSE / squared-error loss difference
14047001_10_49,xgboost_direct,2,lags_only,0.2688,0.3717166972477064,False,GLOBAL_ALL_CELLS,4522,0.05,Skill_RMSE / squared-error loss difference
14047001_10_49,xgboost_direct,3,lags_only,0.2973,0.39964048751486325,False,GLOBAL_ALL_CELLS,4522,0.05,Skill_RMSE / squared-error loss difference
14047001_10_49,xgboost_direct,4,lags_only,0.4249,0.5151200536193029,False,GLOBAL_ALL_CELLS,4522,0.05,Skill_RMSE / squared-error loss difference
14047001_10_49,xgboost_direct,5,lags_only,0.2449,0.34715918495297804,False,GLOBAL_ALL_CELLS,4522,0.05,Skill_RMSE / squared-error loss difference
14047001_10_49,xgboost_direct,6,lags_only,0.0146,0.038074509803921575,True,GLOBAL_ALL_CELLS,4522,0.05,Skill_RMSE / squared-error loss difference
14047001_10_49,xgboost_direct,7,lags_only,0.005,0.015690492713393477,True,GLOBAL_ALL_CELLS,4522,0.05,Skill_RMSE / squared-error loss difference
15005011_10_47,sarima,1,lags_only,0.0093,0.02623493449781659,True,GLOBAL_ALL_CELLS,4522,0.05,Skill_RMSE / squared-error loss difference
15005011_10_47,sarima,2,lags_only,0.0,0.0,True,GLOBAL_ALL_CELLS,4522,0.05,Skill_RMSE / squared-error loss difference
15005011_10_47,sarima,3,lags_only,0.0,0.0,True,GLOBAL_ALL_CELLS,4522,0.05,Skill_RMSE / squared-error loss difference
15005011_10_47,sarima,4,lags_only,0.0,0.0,True,GLOBAL_ALL_CELLS,4522,0.05,Skill_RMSE / squared-error loss difference
15005011_10_47,sarima,5,lags_only,0.0,0.0,True,GLOBAL_ALL_CELLS,4522,0.05,Skill_RMSE / squared-error loss difference
15005011_10_47,sarima,6,lags_only,0.0,0.0,True,GLOBAL_ALL_CELLS,4522,0.05,Skill_RMSE / squared-error loss difference
15005011_10_47,sarima,7,lags_only,0.0,0.0,True,GLOBAL_ALL_CELLS,4522,0.05,Skill_RMSE / squared-error loss difference
15005011_10_47,xgboost_direct,1,lags_only,0.6199,0.712916531027467,False,GLOBAL_ALL_CELLS,4522,0.05,Skill_RMSE / squared-error loss difference
15005011_10_47,xgboost_direct,2,lags_only,0.0003,0.0014087227414330216,True,GLOBAL_ALL_CELLS,4522,0.05,Skill_RMSE / squared-error loss difference
15005011_10_47,xgboost_direct,3,lags_only,0.0,0.0,True,GLOBAL_ALL_CELLS,4522,0.05,Skill_RMSE / squared-error loss difference
15005011_10_47,xgboost_direct,4,lags_only,0.0,0.0,True,GLOBAL_ALL_CELLS,4522,0.05,Skill_RMSE / squared-error loss difference
15005011_10_47,xgboost_direct,5,lags_only,0.0,0.0,True,GLOBAL_ALL_CELLS,4522,0.05,Skill_RMSE / squared-error loss difference
15005011_10_47,xgboost_direct,6,lags_only,0.0,0.0,True,GLOBAL_ALL_CELLS,4522,0.05,Skill_RMSE / squared-error loss difference
15005011_10_47,xgboost_direct,7,lags_only,0.0,0.0,True,GLOBAL_ALL_CELLS,4522,0.05,Skill_RMSE / squared-error loss difference
15005014_10_49,sarima,1,lags_only,0.0038,0.012406931407942237,True,GLOBAL_ALL_CELLS,4522,0.05,Skill_RMSE / squared-error loss difference
15005014_10_49,sarima,2,lags_only,0.0,0.0,True,GLOBAL_ALL_CELLS,4522,0.05,Skill_RMSE / squared-error loss difference
15005014_10_49,sarima,3,lags_only,0.0,0.0,True,GLOBAL_ALL_CELLS,4522,0.05,Skill_RMSE / squared-error loss difference
15005014_10_49,sarima,4,lags_only,0.0,0.0,True,GLOBAL_ALL_CELLS,4522,0.05,Skill_RMSE / squared-error loss difference
15005014_10_49,sarima,5,lags_only,0.0,0.0,True,GLOBAL_ALL_CELLS,4522,0.05,Skill_RMSE / squared-error loss difference
15005014_10_49,sarima,6,lags_only,0.0,0.0,True,GLOBAL_ALL_CELLS,4522,0.05,Skill_RMSE / squared-error loss difference
15005014_10_49,sarima,7,lags_only,0.0,0.0,True,GLOBAL_ALL_CELLS,4522,0.05,Skill_RMSE / squared-error loss difference
15005014_10_49,xgboost_direct,1,lags_only,0.9995,1.0,False,GLOBAL_ALL_CELLS,4522,0.05,Skill_RMSE / squared-error loss difference
15005014_10_49,xgboost_direct,2,lags_only,0.4993,0.5916757337526206,False,GLOBAL_ALL_CELLS,4522,0.05,Skill_RMSE / squared-error loss difference
15005014_10_49,xgboost_direct,3,lags_only,0.1165,0.1951882178584661,False,GLOBAL_ALL_CELLS,4522,0.05,Skill_RMSE / squared-error loss difference
15005014_10_49,xgboost_direct,4,lags_only,0.0212,0.051265454545454545,False,GLOBAL_ALL_CELLS,4522,0.05,Skill_RMSE / squared-error loss difference
15005014_10_49,xgboost_direct,5,lags_only,0.0893,0.15922284363922803,False,GLOBAL_ALL_CELLS,4522,0.05,Skill_RMSE / squared-error loss difference
15005014_10_49,xgboost_direct,6,lags_only,0.0656,0.12464000000000001,False,GLOBAL_ALL_CELLS,4522,0.05,Skill_RMSE / squared-error loss difference
15005014_10_49,xgboost_direct,7,lags_only,0.1097,0.18614011257035648,False,GLOBAL_ALL_CELLS,4522,0.05,Skill_RMSE / squared-error loss difference
15023004_10_47,sarima,1,lags_only,0.2132,0.3128132381570409,False,GLOBAL_ALL_CELLS,4522,0.05,Skill_RMSE / squared-error loss difference
15023004_10_47,sarima,2,lags_only,0.0,0.0,True,GLOBAL_ALL_CELLS,4522,0.05,Skill_RMSE / squared-error loss difference
15023004_10_47,sarima,3,lags_only,0.0,0.0,True,GLOBAL_ALL_CELLS,4522,0.05,Skill_RMSE / squared-error loss difference
15023004_10_47,sarima,4,lags_only,0.0,0.0,True,GLOBAL_ALL_CELLS,4522,0.05,Skill_RMSE / squared-error loss difference
15023004_10_47,sarima,5,lags_only,0.0,0.0,True,GLOBAL_ALL_CELLS,4522,0.05,Skill_RMSE / squared-error loss difference
15023004_10_47,sarima,6,lags_only,0.0,0.0,True,GLOBAL_ALL_CELLS,4522,0.05,Skill_RMSE / squared-error loss difference
15023004_10_47,sarima,7,lags_only,0.0,0.0,True,GLOBAL_ALL_CELLS,4522,0.05,Skill_RMSE / squared-error loss difference
15023004_10_47,xgboost_direct,1,lags_only,1.0,1.0,False,GLOBAL_ALL_CELLS,4522,0.05,Skill_RMSE / squared-error loss difference
15023004_10_47,xgboost_direct,2,lags_only,0.0043,0.01380028388928318,True,GLOBAL_ALL_CELLS,4522,0.05,Skill_RMSE / squared-error loss difference
15023004_10_47,xgboost_direct,3,lags_only,0.0,0.0,True,GLOBAL_ALL_CELLS,4522,0.05,Skill_RMSE / squared-error loss difference
15023004_10_47,xgboost_direct,4,lags_only,0.0,0.0,True,GLOBAL_ALL_CELLS,4522,0.05,Skill_RMSE / squared-error loss difference
15023004_10_47,xgboost_direct,5,lags_only,0.0,0.0,True,GLOBAL_ALL_CELLS,4522,0.05,Skill_RMSE / squared-error loss difference
15023004_10_47,xgboost_direct,6,lags_only,0.0,0.0,True,GLOBAL_ALL_CELLS,4522,0.05,Skill_RMSE / squared-error loss difference
15023004_10_47,xgboost_direct,7,lags_only,0.0,0.0,True,GLOBAL_ALL_CELLS,4522,0.05,Skill_RMSE / squared-error loss difference
15030021_10_47,sarima,1,lags_only,0.2273,0.3279676451818762,False,GLOBAL_ALL_CELLS,4522,0.05,Skill_RMSE / squared-error loss difference
15030021_10_47,sarima,2,lags_only,0.0,0.0,True,GLOBAL_ALL_CELLS,4522,0.05,Skill_RMSE / squared-error loss difference
15030021_10_47,sarima,3,lags_only,0.0,0.0,True,GLOBAL_ALL_CELLS,4522,0.05,Skill_RMSE / squared-error loss difference
15030021_10_47,sarima,4,lags_only,0.0,0.0,True,GLOBAL_ALL_CELLS,4522,0.05,Skill_RMSE / squared-error loss difference
15030021_10_47,sarima,5,lags_only,0.0,0.0,True,GLOBAL_ALL_CELLS,4522,0.05,Skill_RMSE / squared-error loss difference
15030021_10_47,sarima,6,lags_only,0.0,0.0,True,GLOBAL_ALL_CELLS,4522,0.05,Skill_RMSE / squared-error loss difference
15030021_10_47,sarima,7,lags_only,0.0038,0.012406931407942237,True,GLOBAL_ALL_CELLS,4522,0.05,Skill_RMSE / squared-error loss difference
15030021_10_47,xgboost_direct,1,lags_only,0.9999,1.0,False,GLOBAL_ALL_CELLS,4522,0.05,Skill_RMSE / squared-error loss difference
15030021_10_47,xgboost_direct,2,lags_only,0.2833,0.38563594220349184,False,GLOBAL_ALL_CELLS,4522,0.05,Skill_RMSE / squared-error loss difference
15030021_10_47,xgboost_direct,3,lags_only,0.0604,0.11657225778915921,False,GLOBAL_ALL_CELLS,4522,0.05,Skill_RMSE / squared-error loss difference
15030021_10_47,xgboost_direct,4,lags_only,0.0314,0.07081835411471321,False,GLOBAL_ALL_CELLS,4522,0.05,Skill_RMSE / squared-error loss difference
15030021_10_47,xgboost_direct,5,lags_only,0.0526,0.1042319018404908,False,GLOBAL_ALL_CELLS,4522,0.05,Skill_RMSE / squared-error loss difference
15030021_10_47,xgboost_direct,6,lags_only,0.069,0.12952179327521796,False,GLOBAL_ALL_CELLS,4522,0.05,Skill_RMSE / squared-error loss difference
15030021_10_47,xgboost_direct,7,lags_only,0.0857,0.15421225626740948,False,GLOBAL_ALL_CELLS,4522,0.05,Skill_RMSE / squared-error loss difference
15030027_10_49,sarima,1,lags_only,0.1437,0.23034789081885854,False,GLOBAL_ALL_CELLS,4522,0.05,Skill_RMSE / squared-error loss difference
15030027_10_49,sarima,2,lags_only,0.0,0.0,True,GLOBAL_ALL_CELLS,4522,0.05,Skill_RMSE / squared-error loss difference
15030027_10_49,sarima,3,lags_only,0.0,0.0,True,GLOBAL_ALL_CELLS,4522,0.05,Skill_RMSE / squared-error loss difference
15030027_10_49,sarima,4,lags_only,0.0,0.0,True,GLOBAL_ALL_CELLS,4522,0.05,Skill_RMSE / squared-error loss difference
15030027_10_49,sarima,5,lags_only,0.0,0.0,True,GLOBAL_ALL_CELLS,4522,0.05,Skill_RMSE / squared-error loss difference
15030027_10_49,sarima,6,lags_only,0.0,0.0,True,GLOBAL_ALL_CELLS,4522,0.05,Skill_RMSE / squared-error loss difference
15030027_10_49,sarima,7,lags_only,0.0,0.0,True,GLOBAL_ALL_CELLS,4522,0.05,Skill_RMSE / squared-error loss difference
15030027_10_49,xgboost_direct,1,lags_only,0.996,1.0,False,GLOBAL_ALL_CELLS,4522,0.05,Skill_RMSE / squared-error loss difference
15030027_10_49,xgboost_direct,2,lags_only,0.545,0.6381382703262559,False,GLOBAL_ALL_CELLS,4522,0.05,Skill_RMSE / squared-error loss difference
15030027_10_49,xgboost_direct,3,lags_only,0.0892,0.15918011049723757,False,GLOBAL_ALL_CELLS,4522,0.05,Skill_RMSE / squared-error loss difference
15030027_10_49,xgboost_direct,4,lags_only,0.0069,0.020487065003282994,True,GLOBAL_ALL_CELLS,4522,0.05,Skill_RMSE / squared-error loss difference
15030027_10_49,xgboost_direct,5,lags_only,0.0001,0.0005270396270396271,True,GLOBAL_ALL_CELLS,4522,0.05,Skill_RMSE / squared-error loss difference
15030027_10_49,xgboost_direct,6,lags_only,0.0107,0.029593516819571862,True,GLOBAL_ALL_CELLS,4522,0.05,Skill_RMSE / squared-error loss difference
15030027_10_49,xgboost_direct,7,lags_only,0.0089,0.025264155681104836,True,GLOBAL_ALL_CELLS,4522,0.05,Skill_RMSE / squared-error loss difference
15030028_10_49,sarima,1,lags_only,0.1325,0.216539573545356,False,GLOBAL_ALL_CELLS,4522,0.05,Skill_RMSE / squared-error loss difference
15030028_10_49,sarima,2,lags_only,0.0,0.0,True,GLOBAL_ALL_CELLS,4522,0.05,Skill_RMSE / squared-error loss difference
15030028_10_49,sarima,3,lags_only,0.0,0.0,True,GLOBAL_ALL_CELLS,4522,0.05,Skill_RMSE / squared-error loss difference
15030028_10_49,sarima,4,lags_only,0.0,0.0,True,GLOBAL_ALL_CELLS,4522,0.05,Skill_RMSE / squared-error loss difference
15030028_10_49,sarima,5,lags_only,0.0,0.0,True,GLOBAL_ALL_CELLS,4522,0.05,Skill_RMSE / squared-error loss difference
15030028_10_49,sarima,6,lags_only,0.0,0.0,True,GLOBAL_ALL_CELLS,4522,0.05,Skill_RMSE / squared-error loss difference
15030028_10_49,sarima,7,lags_only,0.0,0.0,True,GLOBAL_ALL_CELLS,4522,0.05,Skill_RMSE / squared-error loss difference
15030028_10_49,xgboost_direct,1,lags_only,0.9989,1.0,False,GLOBAL_ALL_CELLS,4522,0.05,Skill_RMSE / squared-error loss difference
15030028_10_49,xgboost_direct,2,lags_only,0.0489,0.09827813333333334,False,GLOBAL_ALL_CELLS,4522,0.05,Skill_RMSE / squared-error loss difference
15030028_10_49,xgboost_direct,3,lags_only,0.0024,0.008439191290824261,True,GLOBAL_ALL_CELLS,4522,0.05,Skill_RMSE / squared-error loss difference
15030028_10_49,xgboost_direct,4,lags_only,0.0002,0.0009819761129207384,True,GLOBAL_ALL_CELLS,4522,0.05,Skill_RMSE / squared-error loss difference
15030028_10_49,xgboost_direct,5,lags_only,0.0,0.0,True,GLOBAL_ALL_CELLS,4522,0.05,Skill_RMSE / squared-error loss difference
15030028_10_49,xgboost_direct,6,lags_only,0.0009,0.003585726872246696,True,GLOBAL_ALL_CELLS,4522,0.05,Skill_RMSE / squared-error loss difference
15030028_10_49,xgboost_direct,7,lags_only,0.0,0.0,True,GLOBAL_ALL_CELLS,4522,0.05,Skill_RMSE / squared-error loss difference
15032001_10_46,sarima,1,lags_only,0.0328,0.07302885278188086,False,GLOBAL_ALL_CELLS,4522,0.05,Skill_RMSE / squared-error loss difference
15032001_10_46,sarima,2,lags_only,0.0001,0.0005270396270396271,True,GLOBAL_ALL_CELLS,4522,0.05,Skill_RMSE / squared-error loss difference
15032001_10_46,sarima,3,lags_only,0.0007,0.0029120515179392823,True,GLOBAL_ALL_CELLS,4522,0.05,Skill_RMSE / squared-error loss difference
15032001_10_46,sarima,4,lags_only,0.0118,0.031990167865707436,True,GLOBAL_ALL_CELLS,4522,0.05,Skill_RMSE / squared-error loss difference
15032001_10_46,sarima,5,lags_only,0.0671,0.12690347135089922,False,GLOBAL_ALL_CELLS,4522,0.05,Skill_RMSE / squared-error loss difference
15032001_10_46,sarima,6,lags_only,0.1397,0.2255349518029275,False,GLOBAL_ALL_CELLS,4522,0.05,Skill_RMSE / squared-error loss difference
15032001_10_46,sarima,7,lags_only,0.3404,0.4409306215983958,False,GLOBAL_ALL_CELLS,4522,0.05,Skill_RMSE / squared-error loss difference
15032001_10_46,xgboost_direct,1,lags_only,0.9904,1.0,False,GLOBAL_ALL_CELLS,4522,0.05,Skill_RMSE / squared-error loss difference
15032001_10_46,xgboost_direct,2,lags_only,0.0148,0.03846298850574713,True,GLOBAL_ALL_CELLS,4522,0.05,Skill_RMSE / squared-error loss difference
15032001_10_46,xgboost_direct,3,lags_only,0.0318,0.0715420895522388,False,GLOBAL_ALL_CELLS,4522,0.05,Skill_RMSE / squared-error loss difference
15032001_10_46,xgboost_direct,4,lags_only,0.0491,0.09854869063470927,False,GLOBAL_ALL_CELLS,4522,0.05,Skill_RMSE / squared-error loss difference
15032001_10_46,xgboost_direct,5,lags_only,0.0772,0.1420831908831909,False,GLOBAL_ALL_CELLS,4522,0.05,Skill_RMSE / squared-error loss difference
15032001_10_46,xgboost_direct,6,lags_only,0.0027,0.00931304347826087,True,GLOBAL_ALL_CELLS,4522,0.05,Skill_RMSE / squared-error loss difference
15032001_10_46,xgboost_direct,7,lags_only,0.0046,0.01461784961349262,True,GLOBAL_ALL_CELLS,4522,0.05,Skill_RMSE / squared-error loss difference
15034008_10_47,sarima,1,lags_only,0.0024,0.008439191290824261,True,GLOBAL_ALL_CELLS,4522,0.05,Skill_RMSE / squared-error loss difference
15034008_10_47,sarima,2,lags_only,0.0,0.0,True,GLOBAL_ALL_CELLS,4522,0.05,Skill_RMSE / squared-error loss difference
15034008_10_47,sarima,3,lags_only,0.0,0.0,True,GLOBAL_ALL_CELLS,4522,0.05,Skill_RMSE / squared-error loss difference
15034008_10_47,sarima,4,lags_only,0.0,0.0,True,GLOBAL_ALL_CELLS,4522,0.05,Skill_RMSE / squared-error loss difference
15034008_10_47,sarima,5,lags_only,0.0,0.0,True,GLOBAL_ALL_CELLS,4522,0.05,Skill_RMSE / squared-error loss difference
15034008_10_47,sarima,6,lags_only,0.0,0.0,True,GLOBAL_ALL_CELLS,4522,0.05,Skill_RMSE / squared-error loss difference
15034008_10_47,sarima,7,lags_only,0.0,0.0,True,GLOBAL_ALL_CELLS,4522,0.05,Skill_RMSE / squared-error loss difference
15034008_10_47,xgboost_direct,1,lags_only,0.9978,1.0,False,GLOBAL_ALL_CELLS,4522,0.05,Skill_RMSE / squared-error loss difference
15034008_10_47,xgboost_direct,2,lags_only,0.0,0.0,True,GLOBAL_ALL_CELLS,4522,0.05,Skill_RMSE / squared-error loss difference
15034008_10_47,xgboost_direct,3,lags_only,0.0,0.0,True,GLOBAL_ALL_CELLS,4522,0.05,Skill_RMSE / squared-error loss difference
15034008_10_47,xgboost_direct,4,lags_only,0.0031,0.010453542132736764,True,GLOBAL_ALL_CELLS,4522,0.05,Skill_RMSE / squared-error loss difference
15034008_10_47,xgboost_direct,5,lags_only,0.0008,0.003244484304932736,True,GLOBAL_ALL_CELLS,4522,0.05,Skill_RMSE / squared-error loss difference
15034008_10_47,xgboost_direct,6,lags_only,0.0,0.0,True,GLOBAL_ALL_CELLS,4522,0.05,Skill_RMSE / squared-error loss difference
15034008_10_47,xgboost_direct,7,lags_only,0.0,0.0,True,GLOBAL_ALL_CELLS,4522,0.05,Skill_RMSE / squared-error loss difference
15036003_10_49,sarima,1,lags_only,0.5316,0.6253629552549428,False,GLOBAL_ALL_CELLS,4522,0.05,Skill_RMSE / squared-error loss difference
15036003_10_49,sarima,2,lags_only,0.0001,0.0005270396270396271,True,GLOBAL_ALL_CELLS,4522,0.05,Skill_RMSE / squared-error loss difference
15036003_10_49,sarima,3,lags_only,0.0,0.0,True,GLOBAL_ALL_CELLS,4522,0.05,Skill_RMSE / squared-error loss difference
15036003_10_49,sarima,4,lags_only,0.0,0.0,True,GLOBAL_ALL_CELLS,4522,0.05,Skill_RMSE / squared-error loss difference
15036003_10_49,sarima,5,lags_only,0.0,0.0,True,GLOBAL_ALL_CELLS,4522,0.05,Skill_RMSE / squared-error loss difference
15036003_10_49,sarima,6,lags_only,0.0002,0.0009819761129207384,True,GLOBAL_ALL_CELLS,4522,0.05,Skill_RMSE / squared-error loss difference
15036003_10_49,sarima,7,lags_only,0.0146,0.038074509803921575,True,GLOBAL_ALL_CELLS,4522,0.05,Skill_RMSE / squared-error loss difference
15036003_10_49,xgboost_direct,1,lags_only,1.0,1.0,False,GLOBAL_ALL_CELLS,4522,0.05,Skill_RMSE / squared-error loss difference
15036003_10_49,xgboost_direct,2,lags_only,0.2011,0.29962906095551894,False,GLOBAL_ALL_CELLS,4522,0.05,Skill_RMSE / squared-error loss difference
15036003_10_49,xgboost_direct,3,lags_only,0.0892,0.15918011049723757,False,GLOBAL_ALL_CELLS,4522,0.05,Skill_RMSE / squared-error loss difference
15036003_10_49,xgboost_direct,4,lags_only,0.0007,0.0029120515179392823,True,GLOBAL_ALL_CELLS,4522,0.05,Skill_RMSE / squared-error loss difference
15036003_10_49,xgboost_direct,5,lags_only,0.003,0.010184684684684685,True,GLOBAL_ALL_CELLS,4522,0.05,Skill_RMSE / squared-error loss difference
15036003_10_49,xgboost_direct,6,lags_only,0.0413,0.08666292343387472,False,GLOBAL_ALL_CELLS,4522,0.05,Skill_RMSE / squared-error loss difference
15036003_10_49,xgboost_direct,7,lags_only,0.0275,0.0632849872773537,False,GLOBAL_ALL_CELLS,4522,0.05,Skill_RMSE / squared-error loss difference
15036004_10_47,sarima,1,lags_only,0.576,0.6690655021834061,False,GLOBAL_ALL_CELLS,4522,0.05,Skill_RMSE / squared-error loss difference
15036004_10_47,sarima,2,lags_only,0.0001,0.0005270396270396271,True,GLOBAL_ALL_CELLS,4522,0.05,Skill_RMSE / squared-error loss difference
15036004_10_47,sarima,3,lags_only,0.0,0.0,True,GLOBAL_ALL_CELLS,4522,0.05,Skill_RMSE / squared-error loss difference
15036004_10_47,sarima,4,lags_only,0.0,0.0,True,GLOBAL_ALL_CELLS,4522,0.05,Skill_RMSE / squared-error loss difference
15036004_10_47,sarima,5,lags_only,0.0006,0.002552398871119473,True,GLOBAL_ALL_CELLS,4522,0.05,Skill_RMSE / squared-error loss difference
15036004_10_47,sarima,6,lags_only,0.0015,0.005629045643153527,True,GLOBAL_ALL_CELLS,4522,0.05,Skill_RMSE / squared-error loss difference
15036004_10_47,sarima,7,lags_only,0.0487,0.09791969764339706,False,GLOBAL_ALL_CELLS,4522,0.05,Skill_RMSE / squared-error loss difference
15036004_10_47,xgboost_direct,1,lags_only,0.9998,1.0,False,GLOBAL_ALL_CELLS,4522,0.05,Skill_RMSE / squared-error loss difference
15036004_10_47,xgboost_direct,2,lags_only,0.1009,0.1741487786259542,False,GLOBAL_ALL_CELLS,4522,0.05,Skill_RMSE / squared-error loss difference
15036004_10_47,xgboost_direct,3,lags_only,0.1303,0.21348427536231884,False,GLOBAL_ALL_CELLS,4522,0.05,Skill_RMSE / squared-error loss difference
15036004_10_47,xgboost_direct,4,lags_only,0.0,0.0,True,GLOBAL_ALL_CELLS,4522,0.05,Skill_RMSE / squared-error loss difference
15036004_10_47,xgboost_direct,5,lags_only,0.0,0.0,True,GLOBAL_ALL_CELLS,4522,0.05,Skill_RMSE / squared-error loss difference
15036004_10_47,xgboost_direct,6,lags_only,0.0009,0.003585726872246696,True,GLOBAL_ALL_CELLS,4522,0.05,Skill_RMSE / squared-error loss difference
15036004_10_47,xgboost_direct,7,lags_only,0.0024,0.008439191290824261,True,GLOBAL_ALL_CELLS,4522,0.05,Skill_RMSE / squared-error loss difference
15041001_10_47,sarima,1,lags_only,0.0214,0.05161109333333333,False,GLOBAL_ALL_CELLS,4522,0.05,Skill_RMSE / squared-error loss difference
15041001_10_47,sarima,2,lags_only,0.0,0.0,True,GLOBAL_ALL_CELLS,4522,0.05,Skill_RMSE / squared-error loss difference
15041001_10_47,sarima,3,lags_only,0.0,0.0,True,GLOBAL_ALL_CELLS,4522,0.05,Skill_RMSE / squared-error loss difference
15041001_10_47,sarima,4,lags_only,0.0,0.0,True,GLOBAL_ALL_CELLS,4522,0.05,Skill_RMSE / squared-error loss difference
15041001_10_47,sarima,5,lags_only,0.0,0.0,True,GLOBAL_ALL_CELLS,4522,0.05,Skill_RMSE / squared-error loss difference
15041001_10_47,sarima,6,lags_only,0.0001,0.0005270396270396271,True,GLOBAL_ALL_CELLS,4522,0.05,Skill_RMSE / squared-error loss difference
15041001_10_47,sarima,7,lags_only,0.0005,0.0021887705711519847,True,GLOBAL_ALL_CELLS,4522,0.05,Skill_RMSE / squared-error loss difference
15041001_10_47,xgboost_direct,1,lags_only,0.9994,1.0,False,GLOBAL_ALL_CELLS,4522,0.05,Skill_RMSE / squared-error loss difference
15041001_10_47,xgboost_direct,2,lags_only,0.2521,0.3551390031152648,False,GLOBAL_ALL_CELLS,4522,0.05,Skill_RMSE / squared-error loss difference
15041001_10_47,xgboost_direct,3,lags_only,0.0059,0.017966195286195287,True,GLOBAL_ALL_CELLS,4522,0.05,Skill_RMSE / squared-error loss difference
15041001_10_47,xgboost_direct,4,lags_only,0.0095,0.026715796019900494,True,GLOBAL_ALL_CELLS,4522,0.05,Skill_RMSE / squared-error loss difference
15041001_10_47,xgboost_direct,5,lags_only,0.0265,0.06126431492842536,False,GLOBAL_ALL_CELLS,4522,0.05,Skill_RMSE / squared-error loss difference
15041001_10_47,xgboost_direct,6,lags_only,0.0038,0.012406931407942237,True,GLOBAL_ALL_CELLS,4522,0.05,Skill_RMSE / squared-error loss difference
15041001_10_47,xgboost_direct,7,lags_only,0.0,0.0,True,GLOBAL_ALL_CELLS,4522,0.05,Skill_RMSE / squared-error loss difference
15070002_10_47,sarima,1,lags_only,0.6293,0.7222575126903553,False,GLOBAL_ALL_CELLS,4522,0.05,Skill_RMSE / squared-error loss difference
15070002_10_47,sarima,2,lags_only,0.0012,0.004618212765957446,True,GLOBAL_ALL_CELLS,4522,0.05,Skill_RMSE / squared-error loss difference
15070002_10_47,sarima,3,lags_only,0.0441,0.09105945205479452,False,GLOBAL_ALL_CELLS,4522,0.05,Skill_RMSE / squared-error loss difference
15070002_10_47,sarima,4,lags_only,0.2039,0.3031018408941486,False,GLOBAL_ALL_CELLS,4522,0.05,Skill_RMSE / squared-error loss difference
15070002_10_47,sarima,5,lags_only,0.3825,0.4727152227384531,False,GLOBAL_ALL_CELLS,4522,0.05,Skill_RMSE / squared-error loss difference
15070002_10_47,sarima,6,lags_only,0.4945,0.5864487280356674,False,GLOBAL_ALL_CELLS,4522,0.05,Skill_RMSE / squared-error loss difference
15070002_10_47,sarima,7,lags_only,0.6969,0.788634084084084,False,GLOBAL_ALL_CELLS,4522,0.05,Skill_RMSE / squared-error loss difference
15070002_10_47,xgboost_direct,1,lags_only,1.0,1.0,False,GLOBAL_ALL_CELLS,4522,0.05,Skill_RMSE / squared-error loss difference
15070002_10_47,xgboost_direct,2,lags_only,0.1403,0.22618060606060605,False,GLOBAL_ALL_CELLS,4522,0.05,Skill_RMSE / squared-error loss difference
15070002_10_47,xgboost_direct,3,lags_only,0.3509,0.4477341422121896,False,GLOBAL_ALL_CELLS,4522,0.05,Skill_RMSE / squared-error loss difference
15070002_10_47,xgboost_direct,4,lags_only,0.009,0.025515987460815046,True,GLOBAL_ALL_CELLS,4522,0.05,Skill_RMSE / squared-error loss difference
15070002_10_47,xgboost_direct,5,lags_only,0.0074,0.02172909090909091,True,GLOBAL_ALL_CELLS,4522,0.05,Skill_RMSE / squared-error loss difference
15070002_10_47,xgboost_direct,6,lags_only,0.0,0.0,True,GLOBAL_ALL_CELLS,4522,0.05,Skill_RMSE / squared-error loss difference
15070002_10_47,xgboost_direct,7,lags_only,0.0003,0.0014087227414330216,True,GLOBAL_ALL_CELLS,4522,0.05,Skill_RMSE / squared-error loss difference
15070006_10_47,sarima,1,lags_only,0.9865,1.0,False,GLOBAL_ALL_CELLS,4522,0.05,Skill_RMSE / squared-error loss difference
15070006_10_47,sarima,2,lags_only,0.9939,1.0,False,GLOBAL_ALL_CELLS,4522,0.05,Skill_RMSE / squared-error loss difference
15070006_10_47,sarima,3,lags_only,0.999,1.0,False,GLOBAL_ALL_CELLS,4522,0.05,Skill_RMSE / squared-error loss difference
15070006_10_47,sarima,4,lags_only,0.9997,1.0,False,GLOBAL_ALL_CELLS,4522,0.05,Skill_RMSE / squared-error loss difference
15070006_10_47,sarima,5,lags_only,1.0,1.0,False,GLOBAL_ALL_CELLS,4522,0.05,Skill_RMSE / squared-error loss difference
15070006_10_47,sarima,6,lags_only,1.0,1.0,False,GLOBAL_ALL_CELLS,4522,0.05,Skill_RMSE / squared-error loss difference
15070006_10_47,sarima,7,lags_only,1.0,1.0,False,GLOBAL_ALL_CELLS,4522,0.05,Skill_RMSE / squared-error loss difference
15070006_10_47,xgboost_direct,1,lags_only,0.9974,1.0,False,GLOBAL_ALL_CELLS,4522,0.05,Skill_RMSE / squared-error loss difference
15070006_10_47,xgboost_direct,2,lags_only,0.6787,0.7697721093554051,False,GLOBAL_ALL_CELLS,4522,0.05,Skill_RMSE / squared-error loss difference
15070006_10_47,xgboost_direct,3,lags_only,0.5299,0.6236876106194691,False,GLOBAL_ALL_CELLS,4522,0.05,Skill_RMSE / squared-error loss difference
15070006_10_47,xgboost_direct,4,lags_only,0.276,0.3782036363636364,False,GLOBAL_ALL_CELLS,4522,0.05,Skill_RMSE / squared-error loss difference
15070006_10_47,xgboost_direct,5,lags_only,0.2935,0.39570870602265945,False,GLOBAL_ALL_CELLS,4522,0.05,Skill_RMSE / squared-error loss difference
15070006_10_47,xgboost_direct,6,lags_only,0.2103,0.30956269531249997,False,GLOBAL_ALL_CELLS,4522,0.05,Skill_RMSE / squared-error loss difference
15070006_10_47,xgboost_direct,7,lags_only,0.124,0.20554545454545453,False,GLOBAL_ALL_CELLS,4522,0.05,Skill_RMSE / squared-error loss difference
15078005_10_49,sarima,1,lags_only,0.0481,0.09692878787878788,False,GLOBAL_ALL_CELLS,4522,0.05,Skill_RMSE / squared-error loss difference
15078005_10_49,sarima,2,lags_only,0.0,0.0,True,GLOBAL_ALL_CELLS,4522,0.05,Skill_RMSE / squared-error loss difference
15078005_10_49,sarima,3,lags_only,0.0,0.0,True,GLOBAL_ALL_CELLS,4522,0.05,Skill_RMSE / squared-error loss difference
15078005_10_49,sarima,4,lags_only,0.0,0.0,True,GLOBAL_ALL_CELLS,4522,0.05,Skill_RMSE / squared-error loss difference
15078005_10_49,sarima,5,lags_only,0.0,0.0,True,GLOBAL_ALL_CELLS,4522,0.05,Skill_RMSE / squared-error loss difference
15078005_10_49,sarima,6,lags_only,0.0,0.0,True,GLOBAL_ALL_CELLS,4522,0.05,Skill_RMSE / squared-error loss difference
15078005_10_49,sarima,7,lags_only,0.0004,0.0018106106106106107,True,GLOBAL_ALL_CELLS,4522,0.05,Skill_RMSE / squared-error loss difference
15078005_10_49,xgboost_direct,1,lags_only,1.0,1.0,False,GLOBAL_ALL_CELLS,4522,0.05,Skill_RMSE / squared-error loss difference
15078005_10_49,xgboost_direct,2,lags_only,0.9818,1.0,False,GLOBAL_ALL_CELLS,4522,0.05,Skill_RMSE / squared-error loss difference
15078005_10_49,xgboost_direct,3,lags_only,0.3761,0.46607952863798296,False,GLOBAL_ALL_CELLS,4522,0.05,Skill_RMSE / squared-error loss difference
15078005_10_49,xgboost_direct,4,lags_only,0.0296,0.06739738167170192,False,GLOBAL_ALL_CELLS,4522,0.05,Skill_RMSE / squared-error loss difference
15078005_10_49,xgboost_direct,5,lags_only,0.0355,0.07691950167704839,False,GLOBAL_ALL_CELLS,4522,0.05,Skill_RMSE / squared-error loss difference
15078005_10_49,xgboost_direct,6,lags_only,0.1756,0.26953944331296675,False,GLOBAL_ALL_CELLS,4522,0.05,Skill_RMSE / squared-error loss difference
15078005_10_49,xgboost_direct,7,lags_only,0.0216,0.05198254390633316,False,GLOBAL_ALL_CELLS,4522,0.05,Skill_RMSE / squared-error loss difference
15078007_10_49,sarima,1,lags_only,0.0008,0.003244484304932736,True,GLOBAL_ALL_CELLS,4522,0.05,Skill_RMSE / squared-error loss difference
15078007_10_49,sarima,2,lags_only,0.0,0.0,True,GLOBAL_ALL_CELLS,4522,0.05,Skill_RMSE / squared-error loss difference
15078007_10_49,sarima,3,lags_only,0.0,0.0,True,GLOBAL_ALL_CELLS,4522,0.05,Skill_RMSE / squared-error loss difference
15078007_10_49,sarima,4,lags_only,0.0,0.0,True,GLOBAL_ALL_CELLS,4522,0.05,Skill_RMSE / squared-error loss difference
15078007_10_49,sarima,5,lags_only,0.0,0.0,True,GLOBAL_ALL_CELLS,4522,0.05,Skill_RMSE / squared-error loss difference
15078007_10_49,sarima,6,lags_only,0.0,0.0,True,GLOBAL_ALL_CELLS,4522,0.05,Skill_RMSE / squared-error loss difference
15078007_10_49,sarima,7,lags_only,0.0004,0.0018106106106106107,True,GLOBAL_ALL_CELLS,4522,0.05,Skill_RMSE / squared-error loss difference
15078007_10_49,xgboost_direct,1,lags_only,0.9999,1.0,False,GLOBAL_ALL_CELLS,4522,0.05,Skill_RMSE / squared-error loss difference
15078007_10_49,xgboost_direct,2,lags_only,0.0709,0.13248338842975207,False,GLOBAL_ALL_CELLS,4522,0.05,Skill_RMSE / squared-error loss difference
15078007_10_49,xgboost_direct,3,lags_only,0.0008,0.003244484304932736,True,GLOBAL_ALL_CELLS,4522,0.05,Skill_RMSE / squared-error loss difference
15078007_10_49,xgboost_direct,4,lags_only,0.0006,0.002552398871119473,True,GLOBAL_ALL_CELLS,4522,0.05,Skill_RMSE / squared-error loss difference
15078007_10_49,xgboost_direct,5,lags_only,0.0008,0.003244484304932736,True,GLOBAL_ALL_CELLS,4522,0.05,Skill_RMSE / squared-error loss difference
15078007_10_49,xgboost_direct,6,lags_only,0.0,0.0,True,GLOBAL_ALL_CELLS,4522,0.05,Skill_RMSE / squared-error loss difference
15078007_10_49,xgboost_direct,7,lags_only,0.0,0.0,True,GLOBAL_ALL_CELLS,4522,0.05,Skill_RMSE / squared-error loss difference
15078008_10_49,sarima,1,lags_only,0.0459,0.09400353260869566,False,GLOBAL_ALL_CELLS,4522,0.05,Skill_RMSE / squared-error loss difference
15078008_10_49,sarima,2,lags_only,0.0,0.0,True,GLOBAL_ALL_CELLS,4522,0.05,Skill_RMSE / squared-error loss difference
15078008_10_49,sarima,3,lags_only,0.0,0.0,True,GLOBAL_ALL_CELLS,4522,0.05,Skill_RMSE / squared-error loss difference
15078008_10_49,sarima,4,lags_only,0.0,0.0,True,GLOBAL_ALL_CELLS,4522,0.05,Skill_RMSE / squared-error loss difference
15078008_10_49,sarima,5,lags_only,0.0002,0.0009819761129207384,True,GLOBAL_ALL_CELLS,4522,0.05,Skill_RMSE / squared-error loss difference
15078008_10_49,sarima,6,lags_only,0.0003,0.0014087227414330216,True,GLOBAL_ALL_CELLS,4522,0.05,Skill_RMSE / squared-error loss difference
15078008_10_49,sarima,7,lags_only,0.0022,0.00785193370165746,True,GLOBAL_ALL_CELLS,4522,0.05,Skill_RMSE / squared-error loss difference
15078008_10_49,xgboost_direct,1,lags_only,0.9999,1.0,False,GLOBAL_ALL_CELLS,4522,0.05,Skill_RMSE / squared-error loss difference
15078008_10_49,xgboost_direct,2,lags_only,0.5425,0.6363644617380025,False,GLOBAL_ALL_CELLS,4522,0.05,Skill_RMSE / squared-error loss difference
15078008_10_49,xgboost_direct,3,lags_only,0.0348,0.0757293551491819,False,GLOBAL_ALL_CELLS,4522,0.05,Skill_RMSE / squared-error loss difference
15078008_10_49,xgboost_direct,4,lags_only,0.0255,0.05934688625836335,False,GLOBAL_ALL_CELLS,4522,0.05,Skill_RMSE / squared-error loss difference
15078008_10_49,xgboost_direct,5,lags_only,0.0062,0.018690933333333333,True,GLOBAL_ALL_CELLS,4522,0.05,Skill_RMSE / squared-error loss difference
15078008_10_49,xgboost_direct,6,lags_only,0.0046,0.01461784961349262,True,GLOBAL_ALL_CELLS,4522,0.05,Skill_RMSE / squared-error loss difference
15078008_10_49,xgboost_direct,7,lags_only,0.0033,0.011012988929889299,True,GLOBAL_ALL_CELLS,4522,0.05,Skill_RMSE / squared-error loss difference
16078001_10_49,sarima,1,lags_only,0.8156,0.9044,False,GLOBAL_ALL_CELLS,4522,0.05,Skill_RMSE / squared-error loss difference
16078001_10_49,sarima,2,lags_only,0.0002,0.0009819761129207384,True,GLOBAL_ALL_CELLS,4522,0.05,Skill_RMSE / squared-error loss difference
16078001_10_49,sarima,3,lags_only,0.0,0.0,True,GLOBAL_ALL_CELLS,4522,0.05,Skill_RMSE / squared-error loss difference
16078001_10_49,sarima,4,lags_only,0.0,0.0,True,GLOBAL_ALL_CELLS,4522,0.05,Skill_RMSE / squared-error loss difference
16078001_10_49,sarima,5,lags_only,0.0022,0.00785193370165746,True,GLOBAL_ALL_CELLS,4522,0.05,Skill_RMSE / squared-error loss difference
16078001_10_49,sarima,6,lags_only,0.0,0.0,True,GLOBAL_ALL_CELLS,4522,0.05,Skill_RMSE / squared-error loss difference
16078001_10_49,sarima,7,lags_only,0.0005,0.0021887705711519847,True,GLOBAL_ALL_CELLS,4522,0.05,Skill_RMSE / squared-error loss difference
16078001_10_49,xgboost_direct,1,lags_only,0.9994,1.0,False,GLOBAL_ALL_CELLS,4522,0.05,Skill_RMSE / squared-error loss difference
16078001_10_49,xgboost_direct,2,lags_only,0.0101,0.028175323874151757,True,GLOBAL_ALL_CELLS,4522,0.05,Skill_RMSE / squared-error loss difference
16078001_10_49,xgboost_direct,3,lags_only,0.0,0.0,True,GLOBAL_ALL_CELLS,4522,0.05,Skill_RMSE / squared-error loss difference
16078001_10_49,xgboost_direct,4,lags_only,0.0,0.0,True,GLOBAL_ALL_CELLS,4522,0.05,Skill_RMSE / squared-error loss difference
16078001_10_49,xgboost_direct,5,lags_only,0.0,0.0,True,GLOBAL_ALL_CELLS,4522,0.05,Skill_RMSE / squared-error loss difference
16078001_10_49,xgboost_direct,6,lags_only,0.0,0.0,True,GLOBAL_ALL_CELLS,4522,0.05,Skill_RMSE / squared-error loss difference
16078001_10_49,xgboost_direct,7,lags_only,0.0,0.0,True,GLOBAL_ALL_CELLS,4522,0.05,Skill_RMSE / squared-error loss difference
18021001_10_49,sarima,1,lags_only,0.8084,0.8979574551707198,False,GLOBAL_ALL_CELLS,4522,0.05,Skill_RMSE / squared-error loss difference
18021001_10_49,sarima,2,lags_only,0.9858,1.0,False,GLOBAL_ALL_CELLS,4522,0.05,Skill_RMSE / squared-error loss difference
18021001_10_49,sarima,3,lags_only,0.9982,1.0,False,GLOBAL_ALL_CELLS,4522,0.05,Skill_RMSE / squared-error loss difference
18021001_10_49,sarima,4,lags_only,0.9998,1.0,False,GLOBAL_ALL_CELLS,4522,0.05,Skill_RMSE / squared-error loss difference
18021001_10_49,sarima,5,lags_only,1.0,1.0,False,GLOBAL_ALL_CELLS,4522,0.05,Skill_RMSE / squared-error loss difference
18021001_10_49,sarima,6,lags_only,1.0,1.0,False,GLOBAL_ALL_CELLS,4522,0.05,Skill_RMSE / squared-error loss difference
18021001_10_49,sarima,7,lags_only,1.0,1.0,False,GLOBAL_ALL_CELLS,4522,0.05,Skill_RMSE / squared-error loss difference
18021001_10_49,xgboost_direct,1,lags_only,1.0,1.0,False,GLOBAL_ALL_CELLS,4522,0.05,Skill_RMSE / squared-error loss difference
18021001_10_49,xgboost_direct,2,lags_only,0.3883,0.4786985009539384,False,GLOBAL_ALL_CELLS,4522,0.05,Skill_RMSE / squared-error loss difference
18021001_10_49,xgboost_direct,3,lags_only,0.4164,0.5061577532921258,False,GLOBAL_ALL_CELLS,4522,0.05,Skill_RMSE / squared-error loss difference
18021001_10_49,xgboost_direct,4,lags_only,0.082,0.14897709923664124,False,GLOBAL_ALL_CELLS,4522,0.05,Skill_RMSE / squared-error loss difference
18021001_10_49,xgboost_direct,5,lags_only,0.302,0.4048751852949896,False,GLOBAL_ALL_CELLS,4522,0.05,Skill_RMSE / squared-error loss difference
18021001_10_49,xgboost_direct,6,lags_only,0.0154,0.03965763097949886,True,GLOBAL_ALL_CELLS,4522,0.05,Skill_RMSE / squared-error loss difference
18021001_10_49,xgboost_direct,7,lags_only,0.0023,0.008163736263736263,True,GLOBAL_ALL_CELLS,4522,0.05,Skill_RMSE / squared-error loss difference
18087007_10_49,sarima,1,lags_only,0.3713,0.4615224299065421,False,GLOBAL_ALL_CELLS,4522,0.05,Skill_RMSE / squared-error loss difference
18087007_10_49,sarima,2,lags_only,0.3016,0.4045788193414417,False,GLOBAL_ALL_CELLS,4522,0.05,Skill_RMSE / squared-error loss difference
18087007_10_49,sarima,3,lags_only,0.3237,0.4247740568775391,False,GLOBAL_ALL_CELLS,4522,0.05,Skill_RMSE / squared-error loss difference
18087007_10_49,sarima,4,lags_only,0.3337,0.4347526058162971,False,GLOBAL_ALL_CELLS,4522,0.05,Skill_RMSE / squared-error loss difference
18087007_10_49,sarima,5,lags_only,0.3486,0.44656510903426794,False,GLOBAL_ALL_CELLS,4522,0.05,Skill_RMSE / squared-error loss difference
18087007_10_49,sarima,6,lags_only,0.3635,0.45407323943661965,False,GLOBAL_ALL_CELLS,4522,0.05,Skill_RMSE / squared-error loss difference
18087007_10_49,sarima,7,lags_only,0.3607,0.45245059573289,False,GLOBAL_ALL_CELLS,4522,0.05,Skill_RMSE / squared-error loss difference
18087007_10_49,xgboost_direct,1,lags_only,0.9608,1.0,False,GLOBAL_ALL_CELLS,4522,0.05,Skill_RMSE / squared-error loss difference
18087007_10_49,xgboost_direct,2,lags_only,0.0199,0.048747453954496214,True,GLOBAL_ALL_CELLS,4522,0.05,Skill_RMSE / squared-error loss difference
18087007_10_49,xgboost_direct,3,lags_only,0.0146,0.038074509803921575,True,GLOBAL_ALL_CELLS,4522,0.05,Skill_RMSE / squared-error loss difference
18087007_10_49,xgboost_direct,4,lags_only,0.0013,0.004969230769230769,True,GLOBAL_ALL_CELLS,4522,0.05,Skill_RMSE / squared-error loss difference
18087007_10_49,xgboost_direct,5,lags_only,0.0002,0.0009819761129207384,True,GLOBAL_ALL_CELLS,4522,0.05,Skill_RMSE / squared-error loss difference
18087007_10_49,xgboost_direct,6,lags_only,0.0005,0.0021887705711519847,True,GLOBAL_ALL_CELLS,4522,0.05,Skill_RMSE / squared-error loss difference
18087007_10_49,xgboost_direct,7,lags_only,0.0,0.0,True,GLOBAL_ALL_CELLS,4522,0.05,Skill_RMSE / squared-error loss difference
18087010_10_49,sarima,1,lags_only,0.3481,0.4463022965693224,False,GLOBAL_ALL_CELLS,4522,0.05,Skill_RMSE / squared-error loss difference
18087010_10_49,sarima,2,lags_only,0.3393,0.44013614457831324,False,GLOBAL_ALL_CELLS,4522,0.05,Skill_RMSE / squared-error loss difference
18087010_10_49,sarima,3,lags_only,0.35,0.4473431317128321,False,GLOBAL_ALL_CELLS,4522,0.05,Skill_RMSE / squared-error loss difference
18087010_10_49,sarima,4,lags_only,0.3542,0.449787250772255,False,GLOBAL_ALL_CELLS,4522,0.05,Skill_RMSE / squared-error loss difference
18087010_10_49,sarima,5,lags_only,0.3408,0.44106971951917573,False,GLOBAL_ALL_CELLS,4522,0.05,Skill_RMSE / squared-error loss difference
18087010_10_49,sarima,6,lags_only,0.3472,0.445780352072686,False,GLOBAL_ALL_CELLS,4522,0.05,Skill_RMSE / squared-error loss difference
18087010_10_49,sarima,7,lags_only,0.3432,0.4435485436893204,False,GLOBAL_ALL_CELLS,4522,0.05,Skill_RMSE / squared-error loss difference
18087010_10_49,xgboost_direct,1,lags_only,0.9021,0.9827261382799326,False,GLOBAL_ALL_CELLS,4522,0.05,Skill_RMSE / squared-error loss difference
18087010_10_49,xgboost_direct,2,lags_only,0.2568,0.36007739534883715,False,GLOBAL_ALL_CELLS,4522,0.05,Skill_RMSE / squared-error loss difference
18087010_10_49,xgboost_direct,3,lags_only,0.1009,0.1741487786259542,False,GLOBAL_ALL_CELLS,4522,0.05,Skill_RMSE / squared-error loss difference
18087010_10_49,xgboost_direct,4,lags_only,0.0038,0.012406931407942237,True,GLOBAL_ALL_CELLS,4522,0.05,Skill_RMSE / squared-error loss difference
18087010_10_49,xgboost_direct,5,lags_only,0.0,0.0,True,GLOBAL_ALL_CELLS,4522,0.05,Skill_RMSE / squared-error loss difference
18087010_10_49,xgboost_direct,6,lags_only,0.0002,0.0009819761129207384,True,GLOBAL_ALL_CELLS,4522,0.05,Skill_RMSE / squared-error loss difference
18087010_10_49,xgboost_direct,7,lags_only,0.0043,0.01380028388928318,True,GLOBAL_ALL_CELLS,4522,0.05,Skill_RMSE / squared-error loss difference
18140001_10_49,sarima,1,lags_only,0.3323,0.43354316214656663,False,GLOBAL_ALL_CELLS,4522,0.05,Skill_RMSE / squared-error loss difference
18140001_10_49,sarima,2,lags_only,0.3223,0.4237977900552486,False,GLOBAL_ALL_CELLS,4522,0.05,Skill_RMSE / squared-error loss difference
18140001_10_49,sarima,3,lags_only,0.3206,0.4225626565685988,False,GLOBAL_ALL_CELLS,4522,0.05,Skill_RMSE / squared-error loss difference
18140001_10_49,sarima,4,lags_only,0.3221,0.42378126272912425,False,GLOBAL_ALL_CELLS,4522,0.05,Skill_RMSE / squared-error loss difference
18140001_10_49,sarima,5,lags_only,0.3208,0.4225626565685988,False,GLOBAL_ALL_CELLS,4522,0.05,Skill_RMSE / squared-error loss difference
18140001_10_49,sarima,6,lags_only,0.3113,0.41293593429158115,False,GLOBAL_ALL_CELLS,4522,0.05,Skill_RMSE / squared-error loss difference
18140001_10_49,sarima,7,lags_only,0.3119,0.4132469381775564,False,GLOBAL_ALL_CELLS,4522,0.05,Skill_RMSE / squared-error loss difference
18140001_10_49,xgboost_direct,1,lags_only,0.3493,0.4468273267326733,False,GLOBAL_ALL_CELLS,4522,0.05,Skill_RMSE / squared-error loss difference
18140001_10_49,xgboost_direct,2,lags_only,0.1828,0.27851132075471696,False,GLOBAL_ALL_CELLS,4522,0.05,Skill_RMSE / squared-error loss difference
18140001_10_49,xgboost_direct,3,lags_only,0.0775,0.14257729861676158,False,GLOBAL_ALL_CELLS,4522,0.05,Skill_RMSE / squared-error loss difference
18140001_10_49,xgboost_direct,4,lags_only,0.0338,0.07434027237354085,False,GLOBAL_ALL_CELLS,4522,0.05,Skill_RMSE / squared-error loss difference
18140001_10_49,xgboost_direct,5,lags_only,0.0052,0.01619449035812672,True,GLOBAL_ALL_CELLS,4522,0.05,Skill_RMSE / squared-error loss difference
18140001_10_49,xgboost_direct,6,lags_only,0.0031,0.010453542132736764,True,GLOBAL_ALL_CELLS,4522,0.05,Skill_RMSE / squared-error loss difference
18140001_10_49,xgboost_direct,7,lags_only,0.002,0.007229416466826539,True,GLOBAL_ALL_CELLS,4522,0.05,Skill_RMSE / squared-error loss difference
19130001_10_49,sarima,1,lags_only,0.1448,0.23186458923512748,False,GLOBAL_ALL_CELLS,4522,0.05,Skill_RMSE / squared-error loss difference
19130001_10_49,sarima,2,lags_only,0.0018,0.006617560975609756,True,GLOBAL_ALL_CELLS,4522,0.05,Skill_RMSE / squared-error loss difference
19130001_10_49,sarima,3,lags_only,0.0003,0.0014087227414330216,True,GLOBAL_ALL_CELLS,4522,0.05,Skill_RMSE / squared-error loss difference
19130001_10_49,sarima,4,lags_only,0.0,0.0,True,GLOBAL_ALL_CELLS,4522,0.05,Skill_RMSE / squared-error loss difference
19130001_10_49,sarima,5,lags_only,0.0,0.0,True,GLOBAL_ALL_CELLS,4522,0.05,Skill_RMSE / squared-error loss difference
19130001_10_49,sarima,6,lags_only,0.0004,0.0018106106106106107,True,GLOBAL_ALL_CELLS,4522,0.05,Skill_RMSE / squared-error loss difference
19130001_10_49,sarima,7,lags_only,0.0001,0.0005270396270396271,True,GLOBAL_ALL_CELLS,4522,0.05,Skill_RMSE / squared-error loss difference
19130001_10_49,xgboost_direct,1,lags_only,0.9879,1.0,False,GLOBAL_ALL_CELLS,4522,0.05,Skill_RMSE / squared-error loss difference
19130001_10_49,xgboost_direct,2,lags_only,0.4713,0.5626237064413939,False,GLOBAL_ALL_CELLS,4522,0.05,Skill_RMSE / squared-error loss difference
19130001_10_49,xgboost_direct,3,lags_only,0.2414,0.34316592266582835,False,GLOBAL_ALL_CELLS,4522,0.05,Skill_RMSE / squared-error loss difference
19130001_10_49,xgboost_direct,4,lags_only,0.3154,0.41751721311475415,False,GLOBAL_ALL_CELLS,4522,0.05,Skill_RMSE / squared-error loss difference
19130001_10_49,xgboost_direct,5,lags_only,0.3566,0.45055793296089386,False,GLOBAL_ALL_CELLS,4522,0.05,Skill_RMSE / squared-error loss difference
19130001_10_49,xgboost_direct,6,lags_only,0.0064,0.019216998671978753,True,GLOBAL_ALL_CELLS,4522,0.05,Skill_RMSE / squared-error loss difference
19130001_10_49,xgboost_direct,7,lags_only,0.0,0.0,True,GLOBAL_ALL_CELLS,4522,0.05,Skill_RMSE / squared-error loss difference
20009001_10_49,sarima,1,lags_only,0.2224,0.3226476740455566,False,GLOBAL_ALL_CELLS,4522,0.05,Skill_RMSE / squared-error loss difference
20009001_10_49,sarima,2,lags_only,0.0,0.0,True,GLOBAL_ALL_CELLS,4522,0.05,Skill_RMSE / squared-error loss difference
20009001_10_49,sarima,3,lags_only,0.0,0.0,True,GLOBAL_ALL_CELLS,4522,0.05,Skill_RMSE / squared-error loss difference
20009001_10_49,sarima,4,lags_only,0.0,0.0,True,GLOBAL_ALL_CELLS,4522,0.05,Skill_RMSE / squared-error loss difference
20009001_10_49,sarima,5,lags_only,0.0,0.0,True,GLOBAL_ALL_CELLS,4522,0.05,Skill_RMSE / squared-error loss difference
20009001_10_49,sarima,6,lags_only,0.0001,0.0005270396270396271,True,GLOBAL_ALL_CELLS,4522,0.05,Skill_RMSE / squared-error loss difference
20009001_10_49,sarima,7,lags_only,0.0003,0.0014087227414330216,True,GLOBAL_ALL_CELLS,4522,0.05,Skill_RMSE / squared-error loss difference
20009001_10_49,xgboost_direct,1,lags_only,0.9997,1.0,False,GLOBAL_ALL_CELLS,4522,0.05,Skill_RMSE / squared-error loss difference
20009001_10_49,xgboost_direct,2,lags_only,0.7512,0.8412398216939079,False,GLOBAL_ALL_CELLS,4522,0.05,Skill_RMSE / squared-error loss difference
20009001_10_49,xgboost_direct,3,lags_only,0.3598,0.4520743539872187,False,GLOBAL_ALL_CELLS,4522,0.05,Skill_RMSE / squared-error loss difference
20009001_10_49,xgboost_direct,4,lags_only,0.1418,0.2277867140319716,False,GLOBAL_ALL_CELLS,4522,0.05,Skill_RMSE / squared-error loss difference
20009001_10_49,xgboost_direct,5,lags_only,0.0146,0.038074509803921575,True,GLOBAL_ALL_CELLS,4522,0.05,Skill_RMSE / squared-error loss difference
20009001_10_49,xgboost_direct,6,lags_only,0.0447,0.09200427856167501,False,GLOBAL_ALL_CELLS,4522,0.05,Skill_RMSE / squared-error loss difference
20009001_10_49,xgboost_direct,7,lags_only,0.0778,0.14289666937449227,False,GLOBAL_ALL_CELLS,4522,0.05,Skill_RMSE / squared-error loss difference
20016001_10_47,sarima,1,lags_only,0.0547,0.10759173553719008,False,GLOBAL_ALL_CELLS,4522,0.05,Skill_RMSE / squared-error loss difference
20016001_10_47,sarima,2,lags_only,0.0,0.0,True,GLOBAL_ALL_CELLS,4522,0.05,Skill_RMSE / squared-error loss difference
20016001_10_47,sarima,3,lags_only,0.0,0.0,True,GLOBAL_ALL_CELLS,4522,0.05,Skill_RMSE / squared-error loss difference
20016001_10_47,sarima,4,lags_only,0.0006,0.002552398871119473,True,GLOBAL_ALL_CELLS,4522,0.05,Skill_RMSE / squared-error loss difference
20016001_10_47,sarima,5,lags_only,0.0,0.0,True,GLOBAL_ALL_CELLS,4522,0.05,Skill_RMSE / squared-error loss difference
20016001_10_47,sarima,6,lags_only,0.002,0.007229416466826539,True,GLOBAL_ALL_CELLS,4522,0.05,Skill_RMSE / squared-error loss difference
20016001_10_47,sarima,7,lags_only,0.0047,0.014883333333333333,True,GLOBAL_ALL_CELLS,4522,0.05,Skill_RMSE / squared-error loss difference
20016001_10_47,xgboost_direct,1,lags_only,0.9168,0.9951439270283244,False,GLOBAL_ALL_CELLS,4522,0.05,Skill_RMSE / squared-error loss difference
20016001_10_47,xgboost_direct,2,lags_only,0.0065,0.01947846255798542,True,GLOBAL_ALL_CELLS,4522,0.05,Skill_RMSE / squared-error loss difference
20016001_10_47,xgboost_direct,3,lags_only,0.0414,0.08679221140472879,False,GLOBAL_ALL_CELLS,4522,0.05,Skill_RMSE / squared-error loss difference
20016001_10_47,xgboost_direct,4,lags_only,0.1595,0.2507854659248957,False,GLOBAL_ALL_CELLS,4522,0.05,Skill_RMSE / squared-error loss difference
20016001_10_47,xgboost_direct,5,lags_only,0.3533,0.4492751968503937,False,GLOBAL_ALL_CELLS,4522,0.05,Skill_RMSE / squared-error loss difference
20016001_10_47,xgboost_direct,6,lags_only,0.8772,0.9606922741583918,False,GLOBAL_ALL_CELLS,4522,0.05,Skill_RMSE / squared-error loss difference
20016001_10_47,xgboost_direct,7,lags_only,0.0069,0.020487065003282994,True,GLOBAL_ALL_CELLS,4522,0.05,Skill_RMSE / squared-error loss difference
20018001_10_47,sarima,1,lags_only,0.1723,0.2655557600545331,False,GLOBAL_ALL_CELLS,4522,0.05,Skill_RMSE / squared-error loss difference
20018001_10_47,sarima,2,lags_only,0.0,0.0,True,GLOBAL_ALL_CELLS,4522,0.05,Skill_RMSE / squared-error loss difference
20018001_10_47,sarima,3,lags_only,0.0,0.0,True,GLOBAL_ALL_CELLS,4522,0.05,Skill_RMSE / squared-error loss difference
20018001_10_47,sarima,4,lags_only,0.0,0.0,True,GLOBAL_ALL_CELLS,4522,0.05,Skill_RMSE / squared-error loss difference
20018001_10_47,sarima,5,lags_only,0.0001,0.0005270396270396271,True,GLOBAL_ALL_CELLS,4522,0.05,Skill_RMSE / squared-error loss difference
20018001_10_47,sarima,6,lags_only,0.0006,0.002552398871119473,True,GLOBAL_ALL_CELLS,4522,0.05,Skill_RMSE / squared-error loss difference
20018001_10_47,sarima,7,lags_only,0.0046,0.01461784961349262,True,GLOBAL_ALL_CELLS,4522,0.05,Skill_RMSE / squared-error loss difference
20018001_10_47,xgboost_direct,1,lags_only,0.9508,1.0,False,GLOBAL_ALL_CELLS,4522,0.05,Skill_RMSE / squared-error loss difference
20018001_10_47,xgboost_direct,2,lags_only,0.0251,0.05853646209386282,False,GLOBAL_ALL_CELLS,4522,0.05,Skill_RMSE / squared-error loss difference
20018001_10_47,xgboost_direct,3,lags_only,0.0003,0.0014087227414330216,True,GLOBAL_ALL_CELLS,4522,0.05,Skill_RMSE / squared-error loss difference
20018001_10_47,xgboost_direct,4,lags_only,0.0,0.0,True,GLOBAL_ALL_CELLS,4522,0.05,Skill_RMSE / squared-error loss difference
20018001_10_47,xgboost_direct,5,lags_only,0.0,0.0,True,GLOBAL_ALL_CELLS,4522,0.05,Skill_RMSE / squared-error loss difference
20018001_10_47,xgboost_direct,6,lags_only,0.0,0.0,True,GLOBAL_ALL_CELLS,4522,0.05,Skill_RMSE / squared-error loss difference
20018001_10_47,xgboost_direct,7,lags_only,0.0,0.0,True,GLOBAL_ALL_CELLS,4522,0.05,Skill_RMSE / squared-error loss difference
20019001_10_49,sarima,1,lags_only,0.0405,0.08530088495575222,False,GLOBAL_ALL_CELLS,4522,0.05,Skill_RMSE / squared-error loss difference
20019001_10_49,sarima,2,lags_only,0.0,0.0,True,GLOBAL_ALL_CELLS,4522,0.05,Skill_RMSE / squared-error loss difference
20019001_10_49,sarima,3,lags_only,0.0,0.0,True,GLOBAL_ALL_CELLS,4522,0.05,Skill_RMSE / squared-error loss difference
20019001_10_49,sarima,4,lags_only,0.0,0.0,True,GLOBAL_ALL_CELLS,4522,0.05,Skill_RMSE / squared-error loss difference
20019001_10_49,sarima,5,lags_only,0.0,0.0,True,GLOBAL_ALL_CELLS,4522,0.05,Skill_RMSE / squared-error loss difference
20019001_10_49,sarima,6,lags_only,0.0,0.0,True,GLOBAL_ALL_CELLS,4522,0.05,Skill_RMSE / squared-error loss difference
20019001_10_49,sarima,7,lags_only,0.0001,0.0005270396270396271,True,GLOBAL_ALL_CELLS,4522,0.05,Skill_RMSE / squared-error loss difference
20019001_10_49,xgboost_direct,1,lags_only,1.0,1.0,False,GLOBAL_ALL_CELLS,4522,0.05,Skill_RMSE / squared-error loss difference
20019001_10_49,xgboost_direct,2,lags_only,0.0392,0.08310473511486169,False,GLOBAL_ALL_CELLS,4522,0.05,Skill_RMSE / squared-error loss difference
20019001_10_49,xgboost_direct,3,lags_only,0.0003,0.0014087227414330216,True,GLOBAL_ALL_CELLS,4522,0.05,Skill_RMSE / squared-error loss difference
20019001_10_49,xgboost_direct,4,lags_only,0.0,0.0,True,GLOBAL_ALL_CELLS,4522,0.05,Skill_RMSE / squared-error loss difference
20019001_10_49,xgboost_direct,5,lags_only,0.0,0.0,True,GLOBAL_ALL_CELLS,4522,0.05,Skill_RMSE / squared-error loss difference
20019001_10_49,xgboost_direct,6,lags_only,0.0,0.0,True,GLOBAL_ALL_CELLS,4522,0.05,Skill_RMSE / squared-error loss difference
20019001_10_49,xgboost_direct,7,lags_only,0.0,0.0,True,GLOBAL_ALL_CELLS,4522,0.05,Skill_RMSE / squared-error loss difference
20040001_10_47,sarima,1,lags_only,0.1916,0.28919065420560747,False,GLOBAL_ALL_CELLS,4522,0.05,Skill_RMSE / squared-error loss difference
20040001_10_47,sarima,2,lags_only,0.0005,0.0021887705711519847,True,GLOBAL_ALL_CELLS,4522,0.05,Skill_RMSE / squared-error loss difference
20040001_10_47,sarima,3,lags_only,0.0,0.0,True,GLOBAL_ALL_CELLS,4522,0.05,Skill_RMSE / squared-error loss difference
20040001_10_47,sarima,4,lags_only,0.0,0.0,True,GLOBAL_ALL_CELLS,4522,0.05,Skill_RMSE / squared-error loss difference
20040001_10_47,sarima,5,lags_only,0.0,0.0,True,GLOBAL_ALL_CELLS,4522,0.05,Skill_RMSE / squared-error loss difference
20040001_10_47,sarima,6,lags_only,0.0,0.0,True,GLOBAL_ALL_CELLS,4522,0.05,Skill_RMSE / squared-error loss difference
20040001_10_47,sarima,7,lags_only,0.0006,0.002552398871119473,True,GLOBAL_ALL_CELLS,4522,0.05,Skill_RMSE / squared-error loss difference
20040001_10_47,xgboost_direct,1,lags_only,0.9991,1.0,False,GLOBAL_ALL_CELLS,4522,0.05,Skill_RMSE / squared-error loss difference
20040001_10_47,xgboost_direct,2,lags_only,0.2776,0.3797057471264368,False,GLOBAL_ALL_CELLS,4522,0.05,Skill_RMSE / squared-error loss difference
20040001_10_47,xgboost_direct,3,lags_only,0.0038,0.012406931407942237,True,GLOBAL_ALL_CELLS,4522,0.05,Skill_RMSE / squared-error loss difference
20040001_10_47,xgboost_direct,4,lags_only,0.0007,0.0029120515179392823,True,GLOBAL_ALL_CELLS,4522,0.05,Skill_RMSE / squared-error loss difference
20040001_10_47,xgboost_direct,5,lags_only,0.0,0.0,True,GLOBAL_ALL_CELLS,4522,0.05,Skill_RMSE / squared-error loss difference
20040001_10_47,xgboost_direct,6,lags_only,0.0,0.0,True,GLOBAL_ALL_CELLS,4522,0.05,Skill_RMSE / squared-error loss difference
20040001_10_47,xgboost_direct,7,lags_only,0.0,0.0,True,GLOBAL_ALL_CELLS,4522,0.05,Skill_RMSE / squared-error loss difference
20055001_10_47,sarima,1,lags_only,0.002,0.007229416466826539,True,GLOBAL_ALL_CELLS,4522,0.05,Skill_RMSE / squared-error loss difference
20055001_10_47,sarima,2,lags_only,0.0,0.0,True,GLOBAL_ALL_CELLS,4522,0.05,Skill_RMSE / squared-error loss difference
20055001_10_47,sarima,3,lags_only,0.0,0.0,True,GLOBAL_ALL_CELLS,4522,0.05,Skill_RMSE / squared-error loss difference
20055001_10_47,sarima,4,lags_only,0.0041,0.013252466047176557,True,GLOBAL_ALL_CELLS,4522,0.05,Skill_RMSE / squared-error loss difference
20055001_10_47,sarima,5,lags_only,0.0801,0.14634836363636364,False,GLOBAL_ALL_CELLS,4522,0.05,Skill_RMSE / squared-error loss difference
20055001_10_47,sarima,6,lags_only,0.5353,0.6292244866129452,False,GLOBAL_ALL_CELLS,4522,0.05,Skill_RMSE / squared-error loss difference
20055001_10_47,sarima,7,lags_only,0.8375,0.9237012195121952,False,GLOBAL_ALL_CELLS,4522,0.05,Skill_RMSE / squared-error loss difference
20055001_10_47,xgboost_direct,1,lags_only,1.0,1.0,False,GLOBAL_ALL_CELLS,4522,0.05,Skill_RMSE / squared-error loss difference
20055001_10_47,xgboost_direct,2,lags_only,0.0,0.0,True,GLOBAL_ALL_CELLS,4522,0.05,Skill_RMSE / squared-error loss difference
20055001_10_47,xgboost_direct,3,lags_only,0.0,0.0,True,GLOBAL_ALL_CELLS,4522,0.05,Skill_RMSE / squared-error loss difference
20055001_10_47,xgboost_direct,4,lags_only,0.0,0.0,True,GLOBAL_ALL_CELLS,4522,0.05,Skill_RMSE / squared-error loss difference
20055001_10_47,xgboost_direct,5,lags_only,0.0,0.0,True,GLOBAL_ALL_CELLS,4522,0.05,Skill_RMSE / squared-error loss difference
20055001_10_47,xgboost_direct,6,lags_only,0.0,0.0,True,GLOBAL_ALL_CELLS,4522,0.05,Skill_RMSE / squared-error loss difference
20055001_10_47,xgboost_direct,7,lags_only,0.0,0.0,True,GLOBAL_ALL_CELLS,4522,0.05,Skill_RMSE / squared-error loss difference
20069002_10_49,sarima,1,lags_only,0.0032,0.010734718100890208,True,GLOBAL_ALL_CELLS,4522,0.05,Skill_RMSE / squared-error loss difference
20069002_10_49,sarima,2,lags_only,0.0,0.0,True,GLOBAL_ALL_CELLS,4522,0.05,Skill_RMSE / squared-error loss difference
20069002_10_49,sarima,3,lags_only,0.0,0.0,True,GLOBAL_ALL_CELLS,4522,0.05,Skill_RMSE / squared-error loss difference
20069002_10_49,sarima,4,lags_only,0.0,0.0,True,GLOBAL_ALL_CELLS,4522,0.05,Skill_RMSE / squared-error loss difference
20069002_10_49,sarima,5,lags_only,0.0,0.0,True,GLOBAL_ALL_CELLS,4522,0.05,Skill_RMSE / squared-error loss difference
20069002_10_49,sarima,6,lags_only,0.0,0.0,True,GLOBAL_ALL_CELLS,4522,0.05,Skill_RMSE / squared-error loss difference
20069002_10_49,sarima,7,lags_only,0.0,0.0,True,GLOBAL_ALL_CELLS,4522,0.05,Skill_RMSE / squared-error loss difference
20069002_10_49,xgboost_direct,1,lags_only,0.5902,0.6825791304347826,False,GLOBAL_ALL_CELLS,4522,0.05,Skill_RMSE / squared-error loss difference
20069002_10_49,xgboost_direct,2,lags_only,0.0001,0.0005270396270396271,True,GLOBAL_ALL_CELLS,4522,0.05,Skill_RMSE / squared-error loss difference
20069002_10_49,xgboost_direct,3,lags_only,0.0,0.0,True,GLOBAL_ALL_CELLS,4522,0.05,Skill_RMSE / squared-error loss difference
20069002_10_49,xgboost_direct,4,lags_only,0.0,0.0,True,GLOBAL_ALL_CELLS,4522,0.05,Skill_RMSE / squared-error loss difference
20069002_10_49,xgboost_direct,5,lags_only,0.0,0.0,True,GLOBAL_ALL_CELLS,4522,0.05,Skill_RMSE / squared-error loss difference
20069002_10_49,xgboost_direct,6,lags_only,0.0,0.0,True,GLOBAL_ALL_CELLS,4522,0.05,Skill_RMSE / squared-error loss difference
20069002_10_49,xgboost_direct,7,lags_only,0.0,0.0,True,GLOBAL_ALL_CELLS,4522,0.05,Skill_RMSE / squared-error loss difference
20069004_10_47,sarima,1,lags_only,0.0651,0.12384610854017669,False,GLOBAL_ALL_CELLS,4522,0.05,Skill_RMSE / squared-error loss difference
20069004_10_47,sarima,2,lags_only,0.0078,0.02272654639175258,True,GLOBAL_ALL_CELLS,4522,0.05,Skill_RMSE / squared-error loss difference
20069004_10_47,sarima,3,lags_only,0.0188,0.04655728368017525,True,GLOBAL_ALL_CELLS,4522,0.05,Skill_RMSE / squared-error loss difference
20069004_10_47,sarima,4,lags_only,0.0209,0.05070268240343347,False,GLOBAL_ALL_CELLS,4522,0.05,Skill_RMSE / squared-error loss difference
20069004_10_47,sarima,5,lags_only,0.0384,0.08179218087611868,False,GLOBAL_ALL_CELLS,4522,0.05,Skill_RMSE / squared-error loss difference
20069004_10_47,sarima,6,lags_only,0.015,0.03880434782608696,True,GLOBAL_ALL_CELLS,4522,0.05,Skill_RMSE / squared-error loss difference
20069004_10_47,sarima,7,lags_only,0.0233,0.05525044572627163,False,GLOBAL_ALL_CELLS,4522,0.05,Skill_RMSE / squared-error loss difference
20069004_10_47,xgboost_direct,1,lags_only,0.9973,1.0,False,GLOBAL_ALL_CELLS,4522,0.05,Skill_RMSE / squared-error loss difference
20069004_10_47,xgboost_direct,2,lags_only,1.0,1.0,False,GLOBAL_ALL_CELLS,4522,0.05,Skill_RMSE / squared-error loss difference
20069004_10_47,xgboost_direct,3,lags_only,0.8254,0.9136986046511628,False,GLOBAL_ALL_CELLS,4522,0.05,Skill_RMSE / squared-error loss difference
20069004_10_47,xgboost_direct,4,lags_only,0.5784,0.6709914828116983,False,GLOBAL_ALL_CELLS,4522,0.05,Skill_RMSE / squared-error loss difference
20069004_10_47,xgboost_direct,5,lags_only,0.6203,0.7131951690821255,False,GLOBAL_ALL_CELLS,4522,0.05,Skill_RMSE / squared-error loss difference
20069004_10_47,xgboost_direct,6,lags_only,0.9503,1.0,False,GLOBAL_ALL_CELLS,4522,0.05,Skill_RMSE / squared-error loss difference
20069004_10_47,xgboost_direct,7,lags_only,0.5285,0.6225259182078666,False,GLOBAL_ALL_CELLS,4522,0.05,Skill_RMSE / squared-error loss difference
20069005_10_47,sarima,1,lags_only,0.3858,0.47588314238952534,False,GLOBAL_ALL_CELLS,4522,0.05,Skill_RMSE / squared-error loss difference
20069005_10_47,sarima,2,lags_only,0.0011,0.004273367697594502,True,GLOBAL_ALL_CELLS,4522,0.05,Skill_RMSE / squared-error loss difference
20069005_10_47,sarima,3,lags_only,0.0189,0.04677931034482759,True,GLOBAL_ALL_CELLS,4522,0.05,Skill_RMSE / squared-error loss difference
20069005_10_47,sarima,4,lags_only,0.0059,0.017966195286195287,True,GLOBAL_ALL_CELLS,4522,0.05,Skill_RMSE / squared-error loss difference
20069005_10_47,sarima,5,lags_only,0.0232,0.05507107611548556,False,GLOBAL_ALL_CELLS,4522,0.05,Skill_RMSE / squared-error loss difference
20069005_10_47,sarima,6,lags_only,0.123,0.20426221079691517,False,GLOBAL_ALL_CELLS,4522,0.05,Skill_RMSE / squared-error loss difference
20069005_10_47,sarima,7,lags_only,0.1201,0.20032910365178902,False,GLOBAL_ALL_CELLS,4522,0.05,Skill_RMSE / squared-error loss difference
20069005_10_47,xgboost_direct,1,lags_only,1.0,1.0,False,GLOBAL_ALL_CELLS,4522,0.05,Skill_RMSE / squared-error loss difference
20069005_10_47,xgboost_direct,2,lags_only,0.8204,0.909053859348199,False,GLOBAL_ALL_CELLS,4522,0.05,Skill_RMSE / squared-error loss difference
20069005_10_47,xgboost_direct,3,lags_only,0.3813,0.4713610169491525,False,GLOBAL_ALL_CELLS,4522,0.05,Skill_RMSE / squared-error loss difference
20069005_10_47,xgboost_direct,4,lags_only,0.647,0.7378900378310215,False,GLOBAL_ALL_CELLS,4522,0.05,Skill_RMSE / squared-error loss difference
20069005_10_47,xgboost_direct,5,lags_only,0.7166,0.8074919511587342,False,GLOBAL_ALL_CELLS,4522,0.05,Skill_RMSE / squared-error loss difference
20069005_10_47,xgboost_direct,6,lags_only,0.3974,0.4872675704989154,False,GLOBAL_ALL_CELLS,4522,0.05,Skill_RMSE / squared-error loss difference
20069005_10_47,xgboost_direct,7,lags_only,0.4416,0.5326527607361963,False,GLOBAL_ALL_CELLS,4522,0.05,Skill_RMSE / squared-error loss difference
20069006_10_46,sarima,1,lags_only,0.1028,0.17655206988226357,False,GLOBAL_ALL_CELLS,4522,0.05,Skill_RMSE / squared-error loss difference
20069006_10_46,sarima,2,lags_only,0.0001,0.0005270396270396271,True,GLOBAL_ALL_CELLS,4522,0.05,Skill_RMSE / squared-error loss difference
20069006_10_46,sarima,3,lags_only,0.0,0.0,True,GLOBAL_ALL_CELLS,4522,0.05,Skill_RMSE / squared-error loss difference
20069006_10_46,sarima,4,lags_only,0.0,0.0,True,GLOBAL_ALL_CELLS,4522,0.05,Skill_RMSE / squared-error loss difference
20069006_10_46,sarima,5,lags_only,0.0,0.0,True,GLOBAL_ALL_CELLS,4522,0.05,Skill_RMSE / squared-error loss difference
20069006_10_46,sarima,6,lags_only,0.0,0.0,True,GLOBAL_ALL_CELLS,4522,0.05,Skill_RMSE / squared-error loss difference
20069006_10_46,sarima,7,lags_only,0.0,0.0,True,GLOBAL_ALL_CELLS,4522,0.05,Skill_RMSE / squared-error loss difference
20069006_10_46,xgboost_direct,1,lags_only,0.9693,1.0,False,GLOBAL_ALL_CELLS,4522,0.05,Skill_RMSE / squared-error loss difference
20069006_10_46,xgboost_direct,2,lags_only,0.0964,0.1687,False,GLOBAL_ALL_CELLS,4522,0.05,Skill_RMSE / squared-error loss difference
20069006_10_46,xgboost_direct,3,lags_only,0.0057,0.01751046195652174,True,GLOBAL_ALL_CELLS,4522,0.05,Skill_RMSE / squared-error loss difference
20069006_10_46,xgboost_direct,4,lags_only,0.0007,0.0029120515179392823,True,GLOBAL_ALL_CELLS,4522,0.05,Skill_RMSE / squared-error loss difference
20069006_10_46,xgboost_direct,5,lags_only,0.0001,0.0005270396270396271,True,GLOBAL_ALL_CELLS,4522,0.05,Skill_RMSE / squared-error loss difference
20069006_10_46,xgboost_direct,6,lags_only,0.0018,0.006617560975609756,True,GLOBAL_ALL_CELLS,4522,0.05,Skill_RMSE / squared-error loss difference
20069006_10_46,xgboost_direct,7,lags_only,0.0001,0.0005270396270396271,True,GLOBAL_ALL_CELLS,4522,0.05,Skill_RMSE / squared-error loss difference
20069007_10_49,sarima,1,lags_only,0.1489,0.23691970443349755,False,GLOBAL_ALL_CELLS,4522,0.05,Skill_RMSE / squared-error loss difference
20069007_10_49,sarima,2,lags_only,0.0007,0.0029120515179392823,True,GLOBAL_ALL_CELLS,4522,0.05,Skill_RMSE / squared-error loss difference
20069007_10_49,sarima,3,lags_only,0.0002,0.0009819761129207384,True,GLOBAL_ALL_CELLS,4522,0.05,Skill_RMSE / squared-error loss difference
20069007_10_49,sarima,4,lags_only,0.0,0.0,True,GLOBAL_ALL_CELLS,4522,0.05,Skill_RMSE / squared-error loss difference
20069007_10_49,sarima,5,lags_only,0.0,0.0,True,GLOBAL_ALL_CELLS,4522,0.05,Skill_RMSE / squared-error loss difference
20069007_10_49,sarima,6,lags_only,0.0003,0.0014087227414330216,True,GLOBAL_ALL_CELLS,4522,0.05,Skill_RMSE / squared-error loss difference
20069007_10_49,sarima,7,lags_only,0.0004,0.0018106106106106107,True,GLOBAL_ALL_CELLS,4522,0.05,Skill_RMSE / squared-error loss difference
20069007_10_49,xgboost_direct,1,lags_only,0.9998,1.0,False,GLOBAL_ALL_CELLS,4522,0.05,Skill_RMSE / squared-error loss difference
20069007_10_49,xgboost_direct,2,lags_only,0.8422,0.927753568818514,False,GLOBAL_ALL_CELLS,4522,0.05,Skill_RMSE / squared-error loss difference
20069007_10_49,xgboost_direct,3,lags_only,0.5541,0.6477870217166495,False,GLOBAL_ALL_CELLS,4522,0.05,Skill_RMSE / squared-error loss difference
20069007_10_49,xgboost_direct,4,lags_only,0.1805,0.27565721040189123,False,GLOBAL_ALL_CELLS,4522,0.05,Skill_RMSE / squared-error loss difference
20069007_10_49,xgboost_direct,5,lags_only,0.0179,0.044597134986225896,True,GLOBAL_ALL_CELLS,4522,0.05,Skill_RMSE / squared-error loss difference
20069007_10_49,xgboost_direct,6,lags_only,0.0386,0.0821408,False,GLOBAL_ALL_CELLS,4522,0.05,Skill_RMSE / squared-error loss difference
20069007_10_49,xgboost_direct,7,lags_only,0.005,0.015690492713393477,True,GLOBAL_ALL_CELLS,4522,0.05,Skill_RMSE / squared-error loss difference
20071001_10_47,sarima,1,lags_only,0.1598,0.2511698296836983,False,GLOBAL_ALL_CELLS,4522,0.05,Skill_RMSE / squared-error loss difference
20071001_10_47,sarima,2,lags_only,0.0,0.0,True,GLOBAL_ALL_CELLS,4522,0.05,Skill_RMSE / squared-error loss difference
20071001_10_47,sarima,3,lags_only,0.0004,0.0018106106106106107,True,GLOBAL_ALL_CELLS,4522,0.05,Skill_RMSE / squared-error loss difference
20071001_10_47,sarima,4,lags_only,0.0001,0.0005270396270396271,True,GLOBAL_ALL_CELLS,4522,0.05,Skill_RMSE / squared-error loss difference
20071001_10_47,sarima,5,lags_only,0.0006,0.002552398871119473,True,GLOBAL_ALL_CELLS,4522,0.05,Skill_RMSE / squared-error loss difference
20071001_10_47,sarima,6,lags_only,0.0257,0.059720143884892087,False,GLOBAL_ALL_CELLS,4522,0.05,Skill_RMSE / squared-error loss difference
20071001_10_47,sarima,7,lags_only,0.1008,0.1741487786259542,False,GLOBAL_ALL_CELLS,4522,0.05,Skill_RMSE / squared-error loss difference
20071001_10_47,xgboost_direct,1,lags_only,0.8954,0.9770749999999999,False,GLOBAL_ALL_CELLS,4522,0.05,Skill_RMSE / squared-error loss difference
20071001_10_47,xgboost_direct,2,lags_only,0.0087,0.024789792060491492,True,GLOBAL_ALL_CELLS,4522,0.05,Skill_RMSE / squared-error loss difference
20071001_10_47,xgboost_direct,3,lags_only,0.0014,0.005284474123539232,True,GLOBAL_ALL_CELLS,4522,0.05,Skill_RMSE / squared-error loss difference
20071001_10_47,xgboost_direct,4,lags_only,0.0,0.0,True,GLOBAL_ALL_CELLS,4522,0.05,Skill_RMSE / squared-error loss difference
20071001_10_47,xgboost_direct,5,lags_only,0.0,0.0,True,GLOBAL_ALL_CELLS,4522,0.05,Skill_RMSE / squared-error loss difference
20071001_10_47,xgboost_direct,6,lags_only,0.0,0.0,True,GLOBAL_ALL_CELLS,4522,0.05,Skill_RMSE / squared-error loss difference
20071001_10_47,xgboost_direct,7,lags_only,0.0,0.0,True,GLOBAL_ALL_CELLS,4522,0.05,Skill_RMSE / squared-error loss difference
20073001_10_49,sarima,1,lags_only,0.2052,0.3039352767769407,False,GLOBAL_ALL_CELLS,4522,0.05,Skill_RMSE / squared-error loss difference
20073001_10_49,sarima,2,lags_only,0.0,0.0,True,GLOBAL_ALL_CELLS,4522,0.05,Skill_RMSE / squared-error loss difference
20073001_10_49,sarima,3,lags_only,0.0,0.0,True,GLOBAL_ALL_CELLS,4522,0.05,Skill_RMSE / squared-error loss difference
20073001_10_49,sarima,4,lags_only,0.0,0.0,True,GLOBAL_ALL_CELLS,4522,0.05,Skill_RMSE / squared-error loss difference
20073001_10_49,sarima,5,lags_only,0.0,0.0,True,GLOBAL_ALL_CELLS,4522,0.05,Skill_RMSE / squared-error loss difference
20073001_10_49,sarima,6,lags_only,0.0,0.0,True,GLOBAL_ALL_CELLS,4522,0.05,Skill_RMSE / squared-error loss difference
20073001_10_49,sarima,7,lags_only,0.0001,0.0005270396270396271,True,GLOBAL_ALL_CELLS,4522,0.05,Skill_RMSE / squared-error loss difference
20073001_10_49,xgboost_direct,1,lags_only,0.9999,1.0,False,GLOBAL_ALL_CELLS,4522,0.05,Skill_RMSE / squared-error loss difference
20073001_10_49,xgboost_direct,2,lags_only,0.2532,0.3559124650295306,False,GLOBAL_ALL_CELLS,4522,0.05,Skill_RMSE / squared-error loss difference
20073001_10_49,xgboost_direct,3,lags_only,0.0582,0.1133909521757863,False,GLOBAL_ALL_CELLS,4522,0.05,Skill_RMSE / squared-error loss difference
20073001_10_49,xgboost_direct,4,lags_only,0.035,0.07605478135511774,False,GLOBAL_ALL_CELLS,4522,0.05,Skill_RMSE / squared-error loss difference
20073001_10_49,xgboost_direct,5,lags_only,0.0044,0.014091218130311617,True,GLOBAL_ALL_CELLS,4522,0.05,Skill_RMSE / squared-error loss difference
20073001_10_49,xgboost_direct,6,lags_only,0.0025,0.008756777691711851,True,GLOBAL_ALL_CELLS,4522,0.05,Skill_RMSE / squared-error loss difference
20073001_10_49,xgboost_direct,7,lags_only,0.0164,0.041639977540707473,True,GLOBAL_ALL_CELLS,4522,0.05,Skill_RMSE / squared-error loss difference
20080001_10_49,sarima,1,lags_only,0.0331,0.07355194103194101,False,GLOBAL_ALL_CELLS,4522,0.05,Skill_RMSE / squared-error loss difference
20080001_10_49,sarima,2,lags_only,0.0,0.0,True,GLOBAL_ALL_CELLS,4522,0.05,Skill_RMSE / squared-error loss difference
20080001_10_49,sarima,3,lags_only,0.0,0.0,True,GLOBAL_ALL_CELLS,4522,0.05,Skill_RMSE / squared-error loss difference
20080001_10_49,sarima,4,lags_only,0.0014,0.005284474123539232,True,GLOBAL_ALL_CELLS,4522,0.05,Skill_RMSE / squared-error loss difference
20080001_10_49,sarima,5,lags_only,0.0117,0.031776216216216215,True,GLOBAL_ALL_CELLS,4522,0.05,Skill_RMSE / squared-error loss difference
20080001_10_49,sarima,6,lags_only,0.076,0.14004563977180112,False,GLOBAL_ALL_CELLS,4522,0.05,Skill_RMSE / squared-error loss difference
20080001_10_49,sarima,7,lags_only,0.1954,0.2936519774011299,False,GLOBAL_ALL_CELLS,4522,0.05,Skill_RMSE / squared-error loss difference
20080001_10_49,xgboost_direct,1,lags_only,0.9998,1.0,False,GLOBAL_ALL_CELLS,4522,0.05,Skill_RMSE / squared-error loss difference
20080001_10_49,xgboost_direct,2,lags_only,0.0474,0.0959028187919463,False,GLOBAL_ALL_CELLS,4522,0.05,Skill_RMSE / squared-error loss difference
20080001_10_49,xgboost_direct,3,lags_only,0.0006,0.002552398871119473,True,GLOBAL_ALL_CELLS,4522,0.05,Skill_RMSE / squared-error loss difference
20080001_10_49,xgboost_direct,4,lags_only,0.0,0.0,True,GLOBAL_ALL_CELLS,4522,0.05,Skill_RMSE / squared-error loss difference
20080001_10_49,xgboost_direct,5,lags_only,0.0,0.0,True,GLOBAL_ALL_CELLS,4522,0.05,Skill_RMSE / squared-error loss difference
20080001_10_49,xgboost_direct,6,lags_only,0.0,0.0,True,GLOBAL_ALL_CELLS,4522,0.05,Skill_RMSE / squared-error loss difference
20080001_10_49,xgboost_direct,7,lags_only,0.0,0.0,True,GLOBAL_ALL_CELLS,4522,0.05,Skill_RMSE / squared-error loss difference
21005002_10_49,sarima,1,lags_only,0.1298,0.2131283950617284,False,GLOBAL_ALL_CELLS,4522,0.05,Skill_RMSE / squared-error loss difference
21005002_10_49,sarima,2,lags_only,0.0188,0.04655728368017525,True,GLOBAL_ALL_CELLS,4522,0.05,Skill_RMSE / squared-error loss difference
21005002_10_49,sarima,3,lags_only,0.0246,0.05772765957446809,False,GLOBAL_ALL_CELLS,4522,0.05,Skill_RMSE / squared-error loss difference
21005002_10_49,sarima,4,lags_only,0.0427,0.08877673563218391,False,GLOBAL_ALL_CELLS,4522,0.05,Skill_RMSE / squared-error loss difference
21005002_10_49,sarima,5,lags_only,0.3195,0.42134120734908137,False,GLOBAL_ALL_CELLS,4522,0.05,Skill_RMSE / squared-error loss difference
21005002_10_49,sarima,6,lags_only,0.4621,0.5531011646373742,False,GLOBAL_ALL_CELLS,4522,0.05,Skill_RMSE / squared-error loss difference
21005002_10_49,sarima,7,lags_only,0.571,0.6641105967078189,False,GLOBAL_ALL_CELLS,4522,0.05,Skill_RMSE / squared-error loss difference
21005002_10_49,xgboost_direct,1,lags_only,0.9866,1.0,False,GLOBAL_ALL_CELLS,4522,0.05,Skill_RMSE / squared-error loss difference
21005002_10_49,xgboost_direct,2,lags_only,0.3095,0.4115139664804469,False,GLOBAL_ALL_CELLS,4522,0.05,Skill_RMSE / squared-error loss difference
21005002_10_49,xgboost_direct,3,lags_only,0.4521,0.5435778250465302,False,GLOBAL_ALL_CELLS,4522,0.05,Skill_RMSE / squared-error loss difference
21005002_10_49,xgboost_direct,4,lags_only,0.0136,0.03585959183673469,True,GLOBAL_ALL_CELLS,4522,0.05,Skill_RMSE / squared-error loss difference
21005002_10_49,xgboost_direct,5,lags_only,0.4065,0.49613846153846153,False,GLOBAL_ALL_CELLS,4522,0.05,Skill_RMSE / squared-error loss difference
21005002_10_49,xgboost_direct,6,lags_only,0.5638,0.6570467164563483,False,GLOBAL_ALL_CELLS,4522,0.05,Skill_RMSE / squared-error loss difference
21005002_10_49,xgboost_direct,7,lags_only,0.3091,0.411103,False,GLOBAL_ALL_CELLS,4522,0.05,Skill_RMSE / squared-error loss difference
21041008_10_49,sarima,1,lags_only,0.8337,0.9206328205128205,False,GLOBAL_ALL_CELLS,4522,0.05,Skill_RMSE / squared-error loss difference
21041008_10_49,sarima,2,lags_only,0.3227,0.4240771287416448,False,GLOBAL_ALL_CELLS,4522,0.05,Skill_RMSE / squared-error loss difference
21041008_10_49,sarima,3,lags_only,0.2586,0.3611736338376042,False,GLOBAL_ALL_CELLS,4522,0.05,Skill_RMSE / squared-error loss difference
21041008_10_49,sarima,4,lags_only,0.4281,0.5185824270024109,False,GLOBAL_ALL_CELLS,4522,0.05,Skill_RMSE / squared-error loss difference
21041008_10_49,sarima,5,lags_only,0.7765,0.8672099283773771,False,GLOBAL_ALL_CELLS,4522,0.05,Skill_RMSE / squared-error loss difference
21041008_10_49,sarima,6,lags_only,0.916,0.9945142857142857,False,GLOBAL_ALL_CELLS,4522,0.05,Skill_RMSE / squared-error loss difference
21041008_10_49,sarima,7,lags_only,0.9501,1.0,False,GLOBAL_ALL_CELLS,4522,0.05,Skill_RMSE / squared-error loss difference
21041008_10_49,xgboost_direct,1,lags_only,0.9983,1.0,False,GLOBAL_ALL_CELLS,4522,0.05,Skill_RMSE / squared-error loss difference
21041008_10_49,xgboost_direct,2,lags_only,0.0866,0.15552231930103255,False,GLOBAL_ALL_CELLS,4522,0.05,Skill_RMSE / squared-error loss difference
21041008_10_49,xgboost_direct,3,lags_only,0.0398,0.08417942001870908,False,GLOBAL_ALL_CELLS,4522,0.05,Skill_RMSE / squared-error loss difference
21041008_10_49,xgboost_direct,4,lags_only,0.0151,0.03899611650485437,True,GLOBAL_ALL_CELLS,4522,0.05,Skill_RMSE / squared-error loss difference
21041008_10_49,xgboost_direct,5,lags_only,0.4142,0.5039043314500942,False,GLOBAL_ALL_CELLS,4522,0.05,Skill_RMSE / squared-error loss difference
21041008_10_49,xgboost_direct,6,lags_only,0.0022,0.00785193370165746,True,GLOBAL_ALL_CELLS,4522,0.05,Skill_RMSE / squared-error loss difference
21041008_10_49,xgboost_direct,7,lags_only,0.0094,0.02648398753894081,True,GLOBAL_ALL_CELLS,4522,0.05,Skill_RMSE / squared-error loss difference
21041016_10_49,sarima,1,lags_only,0.0437,0.09039862763037512,False,GLOBAL_ALL_CELLS,4522,0.05,Skill_RMSE / squared-error loss difference
21041016_10_49,sarima,2,lags_only,0.024,0.05658394160583942,False,GLOBAL_ALL_CELLS,4522,0.05,Skill_RMSE / squared-error loss difference
21041016_10_49,sarima,3,lags_only,0.0874,0.15664795877923107,False,GLOBAL_ALL_CELLS,4522,0.05,Skill_RMSE / squared-error loss difference
21041016_10_49,sarima,4,lags_only,0.1461,0.23369798372833395,False,GLOBAL_ALL_CELLS,4522,0.05,Skill_RMSE / squared-error loss difference
21041016_10_49,sarima,5,lags_only,0.1372,0.22237218637992828,False,GLOBAL_ALL_CELLS,4522,0.05,Skill_RMSE / squared-error loss difference
21041016_10_49,sarima,6,lags_only,0.1476,0.23576375838926178,False,GLOBAL_ALL_CELLS,4522,0.05,Skill_RMSE / squared-error loss difference
21041016_10_49,sarima,7,lags_only,0.2247,0.32504587332053747,False,GLOBAL_ALL_CELLS,4522,0.05,Skill_RMSE / squared-error loss difference
21041016_10_49,xgboost_direct,1,lags_only,0.9884,1.0,False,GLOBAL_ALL_CELLS,4522,0.05,Skill_RMSE / squared-error loss difference
21041016_10_49,xgboost_direct,2,lags_only,0.0227,0.054139978902953585,False,GLOBAL_ALL_CELLS,4522,0.05,Skill_RMSE / squared-error loss difference
21041016_10_49,xgboost_direct,3,lags_only,0.0006,0.002552398871119473,True,GLOBAL_ALL_CELLS,4522,0.05,Skill_RMSE / squared-error loss difference
21041016_10_49,xgboost_direct,4,lags_only,0.0,0.0,True,GLOBAL_ALL_CELLS,4522,0.05,Skill_RMSE / squared-error loss difference
21041016_10_49,xgboost_direct,5,lags_only,0.0012,0.004618212765957446,True,GLOBAL_ALL_CELLS,4522,0.05,Skill_RMSE / squared-error loss difference
21041016_10_49,xgboost_direct,6,lags_only,0.0,0.0,True,GLOBAL_ALL_CELLS,4522,0.05,Skill_RMSE / squared-error loss difference
21041016_10_49,xgboost_direct,7,lags_only,0.0012,0.004618212765957446,True,GLOBAL_ALL_CELLS,4522,0.05,Skill_RMSE / squared-error loss difference
21041017_10_49,sarima,1,lags_only,0.3518,0.4481238309859155,False,GLOBAL_ALL_CELLS,4522,0.05,Skill_RMSE / squared-error loss difference
21041017_10_49,sarima,2,lags_only,0.1,0.17305778798316113,False,GLOBAL_ALL_CELLS,4522,0.05,Skill_RMSE / squared-error loss difference
21041017_10_49,sarima,3,lags_only,0.1347,0.2191055395683453,False,GLOBAL_ALL_CELLS,4522,0.05,Skill_RMSE / squared-error loss difference
21041017_10_49,sarima,4,lags_only,0.1704,0.2635255813953489,False,GLOBAL_ALL_CELLS,4522,0.05,Skill_RMSE / squared-error loss difference
21041017_10_49,sarima,5,lags_only,0.1959,0.2941101593625498,False,GLOBAL_ALL_CELLS,4522,0.05,Skill_RMSE / squared-error loss difference
21041017_10_49,sarima,6,lags_only,0.2598,0.3622619796484736,False,GLOBAL_ALL_CELLS,4522,0.05,Skill_RMSE / squared-error loss difference
21041017_10_49,sarima,7,lags_only,0.306,0.4086627288836385,False,GLOBAL_ALL_CELLS,4522,0.05,Skill_RMSE / squared-error loss difference
21041017_10_49,xgboost_direct,1,lags_only,1.0,1.0,False,GLOBAL_ALL_CELLS,4522,0.05,Skill_RMSE / squared-error loss difference
21041017_10_49,xgboost_direct,2,lags_only,0.201,0.29962906095551894,False,GLOBAL_ALL_CELLS,4522,0.05,Skill_RMSE / squared-error loss difference
21041017_10_49,xgboost_direct,3,lags_only,0.0606,0.11690836177474404,False,GLOBAL_ALL_CELLS,4522,0.05,Skill_RMSE / squared-error loss difference
21041017_10_49,xgboost_direct,4,lags_only,0.0049,0.01540876216968011,True,GLOBAL_ALL_CELLS,4522,0.05,Skill_RMSE / squared-error loss difference
21041017_10_49,xgboost_direct,5,lags_only,0.0153,0.03944503990877993,True,GLOBAL_ALL_CELLS,4522,0.05,Skill_RMSE / squared-error loss difference
21041017_10_49,xgboost_direct,6,lags_only,0.0028,0.009606676783004552,True,GLOBAL_ALL_CELLS,4522,0.05,Skill_RMSE / squared-error loss difference
21041017_10_49,xgboost_direct,7,lags_only,0.0,0.0,True,GLOBAL_ALL_CELLS,4522,0.05,Skill_RMSE / squared-error loss difference
21050001_10_49,sarima,1,lags_only,0.2451,0.34733381385145723,False,GLOBAL_ALL_CELLS,4522,0.05,Skill_RMSE / squared-error loss difference
21050001_10_49,sarima,2,lags_only,0.0,0.0,True,GLOBAL_ALL_CELLS,4522,0.05,Skill_RMSE / squared-error loss difference
21050001_10_49,sarima,3,lags_only,0.0001,0.0005270396270396271,True,GLOBAL_ALL_CELLS,4522,0.05,Skill_RMSE / squared-error loss difference
21050001_10_49,sarima,4,lags_only,0.0005,0.0021887705711519847,True,GLOBAL_ALL_CELLS,4522,0.05,Skill_RMSE / squared-error loss difference
21050001_10_49,sarima,5,lags_only,0.0014,0.005284474123539232,True,GLOBAL_ALL_CELLS,4522,0.05,Skill_RMSE / squared-error loss difference
21050001_10_49,sarima,6,lags_only,0.031,0.07016116116116115,False,GLOBAL_ALL_CELLS,4522,0.05,Skill_RMSE / squared-error loss difference
21050001_10_49,sarima,7,lags_only,0.1604,0.25185027777777774,False,GLOBAL_ALL_CELLS,4522,0.05,Skill_RMSE / squared-error loss difference
21050001_10_49,xgboost_direct,1,lags_only,0.999,1.0,False,GLOBAL_ALL_CELLS,4522,0.05,Skill_RMSE / squared-error loss difference
21050001_10_49,xgboost_direct,2,lags_only,0.6706,0.7619229145728643,False,GLOBAL_ALL_CELLS,4522,0.05,Skill_RMSE / squared-error loss difference
21050001_10_49,xgboost_direct,3,lags_only,0.0064,0.019216998671978753,True,GLOBAL_ALL_CELLS,4522,0.05,Skill_RMSE / squared-error loss difference
21050001_10_49,xgboost_direct,4,lags_only,0.0143,0.03744331210191083,True,GLOBAL_ALL_CELLS,4522,0.05,Skill_RMSE / squared-error loss difference
21050001_10_49,xgboost_direct,5,lags_only,0.0413,0.08666292343387472,False,GLOBAL_ALL_CELLS,4522,0.05,Skill_RMSE / squared-error loss difference
21050001_10_49,xgboost_direct,6,lags_only,0.187,0.28385834172541125,False,GLOBAL_ALL_CELLS,4522,0.05,Skill_RMSE / squared-error loss difference
21050001_10_49,xgboost_direct,7,lags_only,0.0912,0.16185494505494508,False,GLOBAL_ALL_CELLS,4522,0.05,Skill_RMSE / squared-error loss difference
21055004_10_49,sarima,1,lags_only,0.1886,0.2858073726541555,False,GLOBAL_ALL_CELLS,4522,0.05,Skill_RMSE / squared-error loss difference
21055004_10_49,sarima,2,lags_only,0.0009,0.003585726872246696,True,GLOBAL_ALL_CELLS,4522,0.05,Skill_RMSE / squared-error loss difference
21055004_10_49,sarima,3,lags_only,0.0,0.0,True,GLOBAL_ALL_CELLS,4522,0.05,Skill_RMSE / squared-error loss difference
21055004_10_49,sarima,4,lags_only,0.0004,0.0018106106106106107,True,GLOBAL_ALL_CELLS,4522,0.05,Skill_RMSE / squared-error loss difference
21055004_10_49,sarima,5,lags_only,0.0126,0.03373428063943162,True,GLOBAL_ALL_CELLS,4522,0.05,Skill_RMSE / squared-error loss difference
21055004_10_49,sarima,6,lags_only,0.1578,0.24871788079470197,False,GLOBAL_ALL_CELLS,4522,0.05,Skill_RMSE / squared-error loss difference
21055004_10_49,sarima,7,lags_only,0.2407,0.342493832599119,False,GLOBAL_ALL_CELLS,4522,0.05,Skill_RMSE / squared-error loss difference
21055004_10_49,xgboost_direct,1,lags_only,0.9944,1.0,False,GLOBAL_ALL_CELLS,4522,0.05,Skill_RMSE / squared-error loss difference
21055004_10_49,xgboost_direct,2,lags_only,0.6019,0.6943346428571429,False,GLOBAL_ALL_CELLS,4522,0.05,Skill_RMSE / squared-error loss difference
21055004_10_49,xgboost_direct,3,lags_only,0.1704,0.2635255813953489,False,GLOBAL_ALL_CELLS,4522,0.05,Skill_RMSE / squared-error loss difference
21055004_10_49,xgboost_direct,4,lags_only,0.0863,0.15504513309495432,False,GLOBAL_ALL_CELLS,4522,0.05,Skill_RMSE / squared-error loss difference
21055004_10_49,xgboost_direct,5,lags_only,0.0026,0.009044,True,GLOBAL_ALL_CELLS,4522,0.05,Skill_RMSE / squared-error loss difference
21055004_10_49,xgboost_direct,6,lags_only,0.0473,0.09582912186379929,False,GLOBAL_ALL_CELLS,4522,0.05,Skill_RMSE / squared-error loss difference
21055004_10_49,xgboost_direct,7,lags_only,0.052,0.10340545294635003,False,GLOBAL_ALL_CELLS,4522,0.05,Skill_RMSE / squared-error loss difference
21055007_10_49,sarima,1,lags_only,0.2092,0.3083449804432855,False,GLOBAL_ALL_CELLS,4522,0.05,Skill_RMSE / squared-error loss difference
21055007_10_49,sarima,2,lags_only,0.0,0.0,True,GLOBAL_ALL_CELLS,4522,0.05,Skill_RMSE / squared-error loss difference
21055007_10_49,sarima,3,lags_only,0.0,0.0,True,GLOBAL_ALL_CELLS,4522,0.05,Skill_RMSE / squared-error loss difference
21055007_10_49,sarima,4,lags_only,0.0,0.0,True,GLOBAL_ALL_CELLS,4522,0.05,Skill_RMSE / squared-error loss difference
21055007_10_49,sarima,5,lags_only,0.0,0.0,True,GLOBAL_ALL_CELLS,4522,0.05,Skill_RMSE / squared-error loss difference
21055007_10_49,sarima,6,lags_only,0.0092,0.025985259212991878,True,GLOBAL_ALL_CELLS,4522,0.05,Skill_RMSE / squared-error loss difference
21055007_10_49,sarima,7,lags_only,0.0168,0.04239375,True,GLOBAL_ALL_CELLS,4522,0.05,Skill_RMSE / squared-error loss difference
21055007_10_49,xgboost_direct,1,lags_only,0.904,0.9845587668593448,False,GLOBAL_ALL_CELLS,4522,0.05,Skill_RMSE / squared-error loss difference
21055007_10_49,xgboost_direct,2,lags_only,0.0136,0.03585959183673469,True,GLOBAL_ALL_CELLS,4522,0.05,Skill_RMSE / squared-error loss difference
21055007_10_49,xgboost_direct,3,lags_only,0.0032,0.010734718100890208,True,GLOBAL_ALL_CELLS,4522,0.05,Skill_RMSE / squared-error loss difference
21055007_10_49,xgboost_direct,4,lags_only,0.0005,0.0021887705711519847,True,GLOBAL_ALL_CELLS,4522,0.05,Skill_RMSE / squared-error loss difference
21055007_10_49,xgboost_direct,5,lags_only,0.0003,0.0014087227414330216,True,GLOBAL_ALL_CELLS,4522,0.05,Skill_RMSE / squared-error loss difference
21055007_10_49,xgboost_direct,6,lags_only,0.0,0.0,True,GLOBAL_ALL_CELLS,4522,0.05,Skill_RMSE / squared-error loss difference
21055007_10_49,xgboost_direct,7,lags_only,0.0001,0.0005270396270396271,True,GLOBAL_ALL_CELLS,4522,0.05,Skill_RMSE / squared-error loss difference
21060002_10_49,sarima,1,lags_only,0.3959,0.48608737442302463,False,GLOBAL_ALL_CELLS,4522,0.05,Skill_RMSE / squared-error loss difference
21060002_10_49,sarima,2,lags_only,0.0662,0.12551631027253668,False,GLOBAL_ALL_CELLS,4522,0.05,Skill_RMSE / squared-error loss difference
21060002_10_49,sarima,3,lags_only,0.032,0.07181339950372209,False,GLOBAL_ALL_CELLS,4522,0.05,Skill_RMSE / squared-error loss difference
21060002_10_49,sarima,4,lags_only,0.0573,0.11197519446845289,False,GLOBAL_ALL_CELLS,4522,0.05,Skill_RMSE / squared-error loss difference
21060002_10_49,sarima,5,lags_only,0.13,0.2133793103448276,False,GLOBAL_ALL_CELLS,4522,0.05,Skill_RMSE / squared-error loss difference
21060002_10_49,sarima,6,lags_only,0.2049,0.30388669724770645,False,GLOBAL_ALL_CELLS,4522,0.05,Skill_RMSE / squared-error loss difference
21060002_10_49,sarima,7,lags_only,0.2411,0.34284723270440254,False,GLOBAL_ALL_CELLS,4522,0.05,Skill_RMSE / squared-error loss difference
21060002_10_49,xgboost_direct,1,lags_only,1.0,1.0,False,GLOBAL_ALL_CELLS,4522,0.05,Skill_RMSE / squared-error loss difference
21060002_10_49,xgboost_direct,2,lags_only,0.4829,0.5743487112046292,False,GLOBAL_ALL_CELLS,4522,0.05,Skill_RMSE / squared-error loss difference
21060002_10_49,xgboost_direct,3,lags_only,0.0834,0.15109567307692306,False,GLOBAL_ALL_CELLS,4522,0.05,Skill_RMSE / squared-error loss difference
21060002_10_49,xgboost_direct,4,lags_only,0.0614,0.11809902169289664,False,GLOBAL_ALL_CELLS,4522,0.05,Skill_RMSE / squared-error loss difference
21060002_10_49,xgboost_direct,5,lags_only,0.2573,0.36036,False,GLOBAL_ALL_CELLS,4522,0.05,Skill_RMSE / squared-error loss difference
21060002_10_49,xgboost_direct,6,lags_only,0.274,0.3767187595013682,False,GLOBAL_ALL_CELLS,4522,0.05,Skill_RMSE / squared-error loss difference
21060002_10_49,xgboost_direct,7,lags_only,0.1081,0.18411608286252354,False,GLOBAL_ALL_CELLS,4522,0.05,Skill_RMSE / squared-error loss difference
21064002_10_49,sarima,1,lags_only,0.2192,0.31964604966139953,False,GLOBAL_ALL_CELLS,4522,0.05,Skill_RMSE / squared-error loss difference
21064002_10_49,sarima,2,lags_only,0.0003,0.0014087227414330216,True,GLOBAL_ALL_CELLS,4522,0.05,Skill_RMSE / squared-error loss difference
21064002_10_49,sarima,3,lags_only,0.0013,0.004969230769230769,True,GLOBAL_ALL_CELLS,4522,0.05,Skill_RMSE / squared-error loss difference
21064002_10_49,sarima,4,lags_only,0.0026,0.009044,True,GLOBAL_ALL_CELLS,4522,0.05,Skill_RMSE / squared-error loss difference
21064002_10_49,sarima,5,lags_only,0.0205,0.04994665948275862,True,GLOBAL_ALL_CELLS,4522,0.05,Skill_RMSE / squared-error loss difference
21064002_10_49,sarima,6,lags_only,0.0246,0.05772765957446809,False,GLOBAL_ALL_CELLS,4522,0.05,Skill_RMSE / squared-error loss difference
21064002_10_49,sarima,7,lags_only,0.0322,0.07208336633663366,False,GLOBAL_ALL_CELLS,4522,0.05,Skill_RMSE / squared-error loss difference
21064002_10_49,xgboost_direct,1,lags_only,1.0,1.0,False,GLOBAL_ALL_CELLS,4522,0.05,Skill_RMSE / squared-error loss difference
21064002_10_49,xgboost_direct,2,lags_only,0.0553,0.10858297872340426,False,GLOBAL_ALL_CELLS,4522,0.05,Skill_RMSE / squared-error loss difference
21064002_10_49,xgboost_direct,3,lags_only,0.0028,0.009606676783004552,True,GLOBAL_ALL_CELLS,4522,0.05,Skill_RMSE / squared-error loss difference
21064002_10_49,xgboost_direct,4,lags_only,0.0038,0.012406931407942237,True,GLOBAL_ALL_CELLS,4522,0.05,Skill_RMSE / squared-error loss difference
21064002_10_49,xgboost_direct,5,lags_only,0.0041,0.013252466047176557,True,GLOBAL_ALL_CELLS,4522,0.05,Skill_RMSE / squared-error loss difference
21064002_10_49,xgboost_direct,6,lags_only,0.002,0.007229416466826539,True,GLOBAL_ALL_CELLS,4522,0.05,Skill_RMSE / squared-error loss difference
21064002_10_49,xgboost_direct,7,lags_only,0.0112,0.030732038834951455,True,GLOBAL_ALL_CELLS,4522,0.05,Skill_RMSE / squared-error loss difference
23010002_10_49,sarima,1,lags_only,0.8118,0.9010701030927835,False,GLOBAL_ALL_CELLS,4522,0.05,Skill_RMSE / squared-error loss difference
23010002_10_49,sarima,2,lags_only,0.3564,0.45055793296089386,False,GLOBAL_ALL_CELLS,4522,0.05,Skill_RMSE / squared-error loss difference
23010002_10_49,sarima,3,lags_only,0.361,0.45245059573289,False,GLOBAL_ALL_CELLS,4522,0.05,Skill_RMSE / squared-error loss difference
23010002_10_49,sarima,4,lags_only,0.363,0.4535744680851064,False,GLOBAL_ALL_CELLS,4522,0.05,Skill_RMSE / squared-error loss difference
23010002_10_49,sarima,5,lags_only,0.3574,0.4506867819297267,False,GLOBAL_ALL_CELLS,4522,0.05,Skill_RMSE / squared-error loss difference
23010002_10_49,sarima,6,lags_only,0.3602,0.45232557622882535,False,GLOBAL_ALL_CELLS,4522,0.05,Skill_RMSE / squared-error loss difference
23010002_10_49,sarima,7,lags_only,0.3658,0.455939250275634,False,GLOBAL_ALL_CELLS,4522,0.05,Skill_RMSE / squared-error loss difference
23010002_10_49,xgboost_direct,1,lags_only,0.9646,1.0,False,GLOBAL_ALL_CELLS,4522,0.05,Skill_RMSE / squared-error loss difference
23010002_10_49,xgboost_direct,2,lags_only,0.2691,0.37201779272393765,False,GLOBAL_ALL_CELLS,4522,0.05,Skill_RMSE / squared-error loss difference
23010002_10_49,xgboost_direct,3,lags_only,0.2721,0.3747901918976546,False,GLOBAL_ALL_CELLS,4522,0.05,Skill_RMSE / squared-error loss difference
23010002_10_49,xgboost_direct,4,lags_only,0.0211,0.05113301178992498,False,GLOBAL_ALL_CELLS,4522,0.05,Skill_RMSE / squared-error loss difference
23010002_10_49,xgboost_direct,5,lags_only,0.0445,0.09171786690975386,False,GLOBAL_ALL_CELLS,4522,0.05,Skill_RMSE / squared-error loss difference
23010002_10_49,xgboost_direct,6,lags_only,0.14,0.22593861527480372,False,GLOBAL_ALL_CELLS,4522,0.05,Skill_RMSE / squared-error loss difference
23010002_10_49,xgboost_direct,7,lags_only,0.2046,0.30384275862068966,False,GLOBAL_ALL_CELLS,4522,0.05,Skill_RMSE / squared-error loss difference
23050003_10_49,sarima,1,lags_only,0.3809,0.471253023255814,False,GLOBAL_ALL_CELLS,4522,0.05,Skill_RMSE / squared-error loss difference
23050003_10_49,sarima,2,lags_only,0.3469,0.44577852882703783,False,GLOBAL_ALL_CELLS,4522,0.05,Skill_RMSE / squared-error loss difference
23050003_10_49,sarima,3,lags_only,0.3407,0.4410665330661323,False,GLOBAL_ALL_CELLS,4522,0.05,Skill_RMSE / squared-error loss difference
23050003_10_49,sarima,4,lags_only,0.3406,0.4410633447880871,False,GLOBAL_ALL_CELLS,4522,0.05,Skill_RMSE / squared-error loss difference
23050003_10_49,sarima,5,lags_only,0.3484,0.44656031746031744,False,GLOBAL_ALL_CELLS,4522,0.05,Skill_RMSE / squared-error loss difference
23050003_10_49,sarima,6,lags_only,0.3479,0.44617237663074305,False,GLOBAL_ALL_CELLS,4522,0.05,Skill_RMSE / squared-error loss difference
23050003_10_49,sarima,7,lags_only,0.341,0.4412022889842633,False,GLOBAL_ALL_CELLS,4522,0.05,Skill_RMSE / squared-error loss difference
23050003_10_49,xgboost_direct,1,lags_only,0.977,1.0,False,GLOBAL_ALL_CELLS,4522,0.05,Skill_RMSE / squared-error loss difference
23050003_10_49,xgboost_direct,2,lags_only,0.0965,0.16874439288476412,False,GLOBAL_ALL_CELLS,4522,0.05,Skill_RMSE / squared-error loss difference
23050003_10_49,xgboost_direct,3,lags_only,0.2777,0.3797276685817962,False,GLOBAL_ALL_CELLS,4522,0.05,Skill_RMSE / squared-error loss difference
23050003_10_49,xgboost_direct,4,lags_only,0.5665,0.6593855855855857,False,GLOBAL_ALL_CELLS,4522,0.05,Skill_RMSE / squared-error loss difference
23050003_10_49,xgboost_direct,5,lags_only,0.3106,0.4124913950073421,False,GLOBAL_ALL_CELLS,4522,0.05,Skill_RMSE / squared-error loss difference
23050003_10_49,xgboost_direct,6,lags_only,0.1297,0.21304155466763533,False,GLOBAL_ALL_CELLS,4522,0.05,Skill_RMSE / squared-error loss difference
23050003_10_49,xgboost_direct,7,lags_only,0.1867,0.2835933490090696,False,GLOBAL_ALL_CELLS,4522,0.05,Skill_RMSE / squared-error loss difference
23097001_10_49,sarima,1,lags_only,0.3577,0.45093933649289103,False,GLOBAL_ALL_CELLS,4522,0.05,Skill_RMSE / squared-error loss difference
23097001_10_49,sarima,2,lags_only,0.3608,0.45245059573289,False,GLOBAL_ALL_CELLS,4522,0.05,Skill_RMSE / squared-error loss difference
23097001_10_49,sarima,3,lags_only,0.3668,0.45680793169925643,False,GLOBAL_ALL_CELLS,4522,0.05,Skill_RMSE / squared-error loss difference
23097001_10_49,sarima,4,lags_only,0.3623,0.45307514514791264,False,GLOBAL_ALL_CELLS,4522,0.05,Skill_RMSE / squared-error loss difference
23097001_10_49,sarima,5,lags_only,0.3502,0.44747228030517094,False,GLOBAL_ALL_CELLS,4522,0.05,Skill_RMSE / squared-error loss difference
23097001_10_49,sarima,6,lags_only,0.3567,0.45055793296089386,False,GLOBAL_ALL_CELLS,4522,0.05,Skill_RMSE / squared-error loss difference
23097001_10_49,sarima,7,lags_only,0.3487,0.44656510903426794,False,GLOBAL_ALL_CELLS,4522,0.05,Skill_RMSE / squared-error loss difference
23097001_10_49,xgboost_direct,1,lags_only,0.6157,0.7086269788750318,False,GLOBAL_ALL_CELLS,4522,0.05,Skill_RMSE / squared-error loss difference
23097001_10_49,xgboost_direct,2,lags_only,0.1754,0.2694153532608696,False,GLOBAL_ALL_CELLS,4522,0.05,Skill_RMSE / squared-error loss difference
23097001_10_49,xgboost_direct,3,lags_only,0.0215,0.05176943556975506,False,GLOBAL_ALL_CELLS,4522,0.05,Skill_RMSE / squared-error loss difference
23097001_10_49,xgboost_direct,4,lags_only,0.0327,0.07287796944307541,False,GLOBAL_ALL_CELLS,4522,0.05,Skill_RMSE / squared-error loss difference
23097001_10_49,xgboost_direct,5,lags_only,0.2895,0.39218663870581183,False,GLOBAL_ALL_CELLS,4522,0.05,Skill_RMSE / squared-error loss difference
23097001_10_49,xgboost_direct,6,lags_only,0.141,0.2270655516014235,False,GLOBAL_ALL_CELLS,4522,0.05,Skill_RMSE / squared-error loss difference
23097001_10_49,xgboost_direct,7,lags_only,0.0123,0.03314696066746126,True,GLOBAL_ALL_CELLS,4522,0.05,Skill_RMSE / squared-error loss difference
24038001_10_47,sarima,1,lags_only,0.362,0.45295074709463196,False,GLOBAL_ALL_CELLS,4522,0.05,Skill_RMSE / squared-error loss difference
24038001_10_47,sarima,2,lags_only,0.143,0.22930709219858156,False,GLOBAL_ALL_CELLS,4522,0.05,Skill_RMSE / squared-error loss difference
24038001_10_47,sarima,3,lags_only,0.0436,0.09027435897435897,False,GLOBAL_ALL_CELLS,4522,0.05,Skill_RMSE / squared-error loss difference
24038001_10_47,sarima,4,lags_only,0.0045,0.01435049365303244,True,GLOBAL_ALL_CELLS,4522,0.05,Skill_RMSE / squared-error loss difference
24038001_10_47,sarima,5,lags_only,0.0028,0.009606676783004552,True,GLOBAL_ALL_CELLS,4522,0.05,Skill_RMSE / squared-error loss difference
24038001_10_47,sarima,6,lags_only,0.0059,0.017966195286195287,True,GLOBAL_ALL_CELLS,4522,0.05,Skill_RMSE / squared-error loss difference
24038001_10_47,sarima,7,lags_only,0.0176,0.04406821705426357,True,GLOBAL_ALL_CELLS,4522,0.05,Skill_RMSE / squared-error loss difference
24038001_10_47,xgboost_direct,1,lags_only,0.3598,0.4520743539872187,False,GLOBAL_ALL_CELLS,4522,0.05,Skill_RMSE / squared-error loss difference
24038001_10_47,xgboost_direct,2,lags_only,0.2457,0.34796598809896645,False,GLOBAL_ALL_CELLS,4522,0.05,Skill_RMSE / squared-error loss difference
24038001_10_47,xgboost_direct,3,lags_only,0.3224,0.42380604651162795,False,GLOBAL_ALL_CELLS,4522,0.05,Skill_RMSE / squared-error loss difference
24038001_10_47,xgboost_direct,4,lags_only,0.2681,0.3710891337618611,False,GLOBAL_ALL_CELLS,4522,0.05,Skill_RMSE / squared-error loss difference
24038001_10_47,xgboost_direct,5,lags_only,0.3053,0.40821011235955057,False,GLOBAL_ALL_CELLS,4522,0.05,Skill_RMSE / squared-error loss difference
24038001_10_47,xgboost_direct,6,lags_only,0.0576,0.11236721311475409,False,GLOBAL_ALL_CELLS,4522,0.05,Skill_RMSE / squared-error loss difference
24038001_10_47,xgboost_direct,7,lags_only,0.0204,0.04972981132075472,True,GLOBAL_ALL_CELLS,4522,0.05,Skill_RMSE / squared-error loss difference
24089006_10_49,sarima,1,lags_only,0.355,0.45017106001121704,False,GLOBAL_ALL_CELLS,4522,0.05,Skill_RMSE / squared-error loss difference
24089006_10_49,sarima,2,lags_only,0.0647,0.1231888,False,GLOBAL_ALL_CELLS,4522,0.05,Skill_RMSE / squared-error loss difference
24089006_10_49,sarima,3,lags_only,0.0553,0.10858297872340426,False,GLOBAL_ALL_CELLS,4522,0.05,Skill_RMSE / squared-error loss difference
24089006_10_49,sarima,4,lags_only,0.109,0.18530000000000002,False,GLOBAL_ALL_CELLS,4522,0.05,Skill_RMSE / squared-error loss difference
24089006_10_49,sarima,5,lags_only,0.1809,0.2761748143146523,False,GLOBAL_ALL_CELLS,4522,0.05,Skill_RMSE / squared-error loss difference
24089006_10_49,sarima,6,lags_only,0.2304,0.33159414385741565,False,GLOBAL_ALL_CELLS,4522,0.05,Skill_RMSE / squared-error loss difference
24089006_10_49,sarima,7,lags_only,0.2206,0.3206535519125683,False,GLOBAL_ALL_CELLS,4522,0.05,Skill_RMSE / squared-error loss difference
24089006_10_49,xgboost_direct,1,lags_only,0.3586,0.45131900918452544,False,GLOBAL_ALL_CELLS,4522,0.05,Skill_RMSE / squared-error loss difference
24089006_10_49,xgboost_direct,2,lags_only,0.2152,0.3153384316267012,False,GLOBAL_ALL_CELLS,4522,0.05,Skill_RMSE / squared-error loss difference
24089006_10_49,xgboost_direct,3,lags_only,0.0534,0.10553968531468533,False,GLOBAL_ALL_CELLS,4522,0.05,Skill_RMSE / squared-error loss difference
24089006_10_49,xgboost_direct,4,lags_only,0.0038,0.012406931407942237,True,GLOBAL_ALL_CELLS,4522,0.05,Skill_RMSE / squared-error loss difference
24089006_10_49,xgboost_direct,5,lags_only,0.0126,0.03373428063943162,True,GLOBAL_ALL_CELLS,4522,0.05,Skill_RMSE / squared-error loss difference
24089006_10_49,xgboost_direct,6,lags_only,0.0003,0.0014087227414330216,True,GLOBAL_ALL_CELLS,4522,0.05,Skill_RMSE / squared-error loss difference
24089006_10_49,xgboost_direct,7,lags_only,0.0004,0.0018106106106106107,True,GLOBAL_ALL_CELLS,4522,0.05,Skill_RMSE / squared-error loss difference
24089010_10_49,sarima,1,lags_only,0.3381,0.4390833429063757,False,GLOBAL_ALL_CELLS,4522,0.05,Skill_RMSE / squared-error loss difference
24089010_10_49,sarima,2,lags_only,0.2543,0.35734760720944686,False,GLOBAL_ALL_CELLS,4522,0.05,Skill_RMSE / squared-error loss difference
24089010_10_49,sarima,3,lags_only,0.2388,0.3403257485029941,False,GLOBAL_ALL_CELLS,4522,0.05,Skill_RMSE / squared-error loss difference
24089010_10_49,sarima,4,lags_only,0.2943,0.39666903129657227,False,GLOBAL_ALL_CELLS,4522,0.05,Skill_RMSE / squared-error loss difference
24089010_10_49,sarima,5,lags_only,0.3339,0.4347526058162971,False,GLOBAL_ALL_CELLS,4522,0.05,Skill_RMSE / squared-error loss difference
24089010_10_49,sarima,6,lags_only,0.3462,0.4453816216216216,False,GLOBAL_ALL_CELLS,4522,0.05,Skill_RMSE / squared-error loss difference
24089010_10_49,sarima,7,lags_only,0.3403,0.44092739255014324,False,GLOBAL_ALL_CELLS,4522,0.05,Skill_RMSE / squared-error loss difference
24089010_10_49,xgboost_direct,1,lags_only,0.5679,0.6608450334534225,False,GLOBAL_ALL_CELLS,4522,0.05,Skill_RMSE / squared-error loss difference
24089010_10_49,xgboost_direct,2,lags_only,0.2615,0.36429544054220586,False,GLOBAL_ALL_CELLS,4522,0.05,Skill_RMSE / squared-error loss difference
24089010_10_49,xgboost_direct,3,lags_only,0.1512,0.239904,False,GLOBAL_ALL_CELLS,4522,0.05,Skill_RMSE / squared-error loss difference
24089010_10_49,xgboost_direct,4,lags_only,0.0008,0.003244484304932736,True,GLOBAL_ALL_CELLS,4522,0.05,Skill_RMSE / squared-error loss difference
24089010_10_49,xgboost_direct,5,lags_only,0.0083,0.023921351179094965,True,GLOBAL_ALL_CELLS,4522,0.05,Skill_RMSE / squared-error loss difference
24089010_10_49,xgboost_direct,6,lags_only,0.0,0.0,True,GLOBAL_ALL_CELLS,4522,0.05,Skill_RMSE / squared-error loss difference
24089010_10_49,xgboost_direct,7,lags_only,0.0006,0.002552398871119473,True,GLOBAL_ALL_CELLS,4522,0.05,Skill_RMSE / squared-error loss difference
24115015_10_49,sarima,1,lags_only,0.3579,0.45106571906354515,False,GLOBAL_ALL_CELLS,4522,0.05,Skill_RMSE / squared-error loss difference
24115015_10_49,sarima,2,lags_only,0.3083,0.4102803413772808,False,GLOBAL_ALL_CELLS,4522,0.05,Skill_RMSE / squared-error loss difference
24115015_10_49,sarima,3,lags_only,0.1375,0.22261904761904766,False,GLOBAL_ALL_CELLS,4522,0.05,Skill_RMSE / squared-error loss difference
24115015_10_49,sarima,4,lags_only,0.0524,0.1040179104477612,False,GLOBAL_ALL_CELLS,4522,0.05,Skill_RMSE / squared-error loss difference
24115015_10_49,sarima,5,lags_only,0.0468,0.09524284428442845,False,GLOBAL_ALL_CELLS,4522,0.05,Skill_RMSE / squared-error loss difference
24115015_10_49,sarima,6,lags_only,0.0757,0.13960660685154977,False,GLOBAL_ALL_CELLS,4522,0.05,Skill_RMSE / squared-error loss difference
24115015_10_49,sarima,7,lags_only,0.0942,0.16639546875000003,False,GLOBAL_ALL_CELLS,4522,0.05,Skill_RMSE / squared-error loss difference
24115015_10_49,xgboost_direct,1,lags_only,0.3611,0.45245059573289,False,GLOBAL_ALL_CELLS,4522,0.05,Skill_RMSE / squared-error loss difference
24115015_10_49,xgboost_direct,2,lags_only,0.3384,0.4392206659012629,False,GLOBAL_ALL_CELLS,4522,0.05,Skill_RMSE / squared-error loss difference
24115015_10_49,xgboost_direct,3,lags_only,0.0974,0.1699239197530864,False,GLOBAL_ALL_CELLS,4522,0.05,Skill_RMSE / squared-error loss difference
24115015_10_49,xgboost_direct,4,lags_only,0.0034,0.011271847507331378,True,GLOBAL_ALL_CELLS,4522,0.05,Skill_RMSE / squared-error loss difference
24115015_10_49,xgboost_direct,5,lags_only,0.0799,0.14610101091791347,False,GLOBAL_ALL_CELLS,4522,0.05,Skill_RMSE / squared-error loss difference
24115015_10_49,xgboost_direct,6,lags_only,0.0009,0.003585726872246696,True,GLOBAL_ALL_CELLS,4522,0.05,Skill_RMSE / squared-error loss difference
24115015_10_49,xgboost_direct,7,lags_only,0.0019,0.006934463276836157,True,GLOBAL_ALL_CELLS,4522,0.05,Skill_RMSE / squared-error loss difference
24134006_10_49,sarima,1,lags_only,0.3443,0.444327796803653,False,GLOBAL_ALL_CELLS,4522,0.05,Skill_RMSE / squared-error loss difference
24134006_10_49,sarima,2,lags_only,0.0093,0.02623493449781659,True,GLOBAL_ALL_CELLS,4522,0.05,Skill_RMSE / squared-error loss difference
24134006_10_49,sarima,3,lags_only,0.0074,0.02172909090909091,True,GLOBAL_ALL_CELLS,4522,0.05,Skill_RMSE / squared-error loss difference
24134006_10_49,sarima,4,lags_only,0.0068,0.02028337730870712,True,GLOBAL_ALL_CELLS,4522,0.05,Skill_RMSE / squared-error loss difference
24134006_10_49,sarima,5,lags_only,0.0226,0.05398689910195457,False,GLOBAL_ALL_CELLS,4522,0.05,Skill_RMSE / squared-error loss difference
24134006_10_49,sarima,6,lags_only,0.1114,0.18834628315278298,False,GLOBAL_ALL_CELLS,4522,0.05,Skill_RMSE / squared-error loss difference
24134006_10_49,sarima,7,lags_only,0.1573,0.24801624825662483,False,GLOBAL_ALL_CELLS,4522,0.05,Skill_RMSE / squared-error loss difference
24134006_10_49,xgboost_direct,1,lags_only,0.3582,0.4511923119777159,False,GLOBAL_ALL_CELLS,4522,0.05,Skill_RMSE / squared-error loss difference
24134006_10_49,xgboost_direct,2,lags_only,0.1429,0.22922802412202908,False,GLOBAL_ALL_CELLS,4522,0.05,Skill_RMSE / squared-error loss difference
24134006_10_49,xgboost_direct,3,lags_only,0.0001,0.0005270396270396271,True,GLOBAL_ALL_CELLS,4522,0.05,Skill_RMSE / squared-error loss difference
24134006_10_49,xgboost_direct,4,lags_only,0.0,0.0,True,GLOBAL_ALL_CELLS,4522,0.05,Skill_RMSE / squared-error loss difference
24134006_10_49,xgboost_direct,5,lags_only,0.2288,0.3296061165976426,False,GLOBAL_ALL_CELLS,4522,0.05,Skill_RMSE / squared-error loss difference
24134006_10_49,xgboost_direct,6,lags_only,0.0068,0.02028337730870712,True,GLOBAL_ALL_CELLS,4522,0.05,Skill_RMSE / squared-error loss difference
24134006_10_49,xgboost_direct,7,lags_only,0.0,0.0,True,GLOBAL_ALL_CELLS,4522,0.05,Skill_RMSE / squared-error loss difference
24181001_10_49,sarima,1,lags_only,0.366,0.45606282722513086,False,GLOBAL_ALL_CELLS,4522,0.05,Skill_RMSE / squared-error loss difference
24181001_10_49,sarima,2,lags_only,0.0834,0.15109567307692306,False,GLOBAL_ALL_CELLS,4522,0.05,Skill_RMSE / squared-error loss difference
24181001_10_49,sarima,3,lags_only,0.0333,0.07385120156939677,False,GLOBAL_ALL_CELLS,4522,0.05,Skill_RMSE / squared-error loss difference
24181001_10_49,sarima,4,lags_only,0.0507,0.10117625772285967,False,GLOBAL_ALL_CELLS,4522,0.05,Skill_RMSE / squared-error loss difference
24181001_10_49,sarima,5,lags_only,0.0789,0.14438923512747875,False,GLOBAL_ALL_CELLS,4522,0.05,Skill_RMSE / squared-error loss difference
24181001_10_49,sarima,6,lags_only,0.1141,0.19159309320460452,False,GLOBAL_ALL_CELLS,4522,0.05,Skill_RMSE / squared-error loss difference
24181001_10_49,sarima,7,lags_only,0.1659,0.2584222528418877,False,GLOBAL_ALL_CELLS,4522,0.05,Skill_RMSE / squared-error loss difference
24181001_10_49,xgboost_direct,1,lags_only,0.8738,0.957432420644536,False,GLOBAL_ALL_CELLS,4522,0.05,Skill_RMSE / squared-error loss difference
24181001_10_49,xgboost_direct,2,lags_only,0.3542,0.449787250772255,False,GLOBAL_ALL_CELLS,4522,0.05,Skill_RMSE / squared-error loss difference
24181001_10_49,xgboost_direct,3,lags_only,0.0928,0.16424328767123286,False,GLOBAL_ALL_CELLS,4522,0.05,Skill_RMSE / squared-error loss difference
24181001_10_49,xgboost_direct,4,lags_only,0.1991,0.29762981818181816,False,GLOBAL_ALL_CELLS,4522,0.05,Skill_RMSE / squared-error loss difference
24181001_10_49,xgboost_direct,5,lags_only,0.0471,0.09555235531628534,False,GLOBAL_ALL_CELLS,4522,0.05,Skill_RMSE / squared-error loss difference
24181001_10_49,xgboost_direct,6,lags_only,0.0179,0.044597134986225896,True,GLOBAL_ALL_CELLS,4522,0.05,Skill_RMSE / squared-error loss difference
24181001_10_49,xgboost_direct,7,lags_only,0.0034,0.011271847507331378,True,GLOBAL_ALL_CELLS,4522,0.05,Skill_RMSE / squared-error loss difference
26011001_10_49,sarima,1,lags_only,0.2897,0.3923400419287212,False,GLOBAL_ALL_CELLS,4522,0.05,Skill_RMSE / squared-error loss difference
26011001_10_49,sarima,2,lags_only,0.0004,0.0018106106106106107,True,GLOBAL_ALL_CELLS,4522,0.05,Skill_RMSE / squared-error loss difference
26011001_10_49,sarima,3,lags_only,0.0032,0.010734718100890208,True,GLOBAL_ALL_CELLS,4522,0.05,Skill_RMSE / squared-error loss difference
26011001_10_49,sarima,4,lags_only,0.0046,0.01461784961349262,True,GLOBAL_ALL_CELLS,4522,0.05,Skill_RMSE / squared-error loss difference
26011001_10_49,sarima,5,lags_only,0.0589,0.11450808254514187,False,GLOBAL_ALL_CELLS,4522,0.05,Skill_RMSE / squared-error loss difference
26011001_10_49,sarima,6,lags_only,0.2169,0.3167006134969325,False,GLOBAL_ALL_CELLS,4522,0.05,Skill_RMSE / squared-error loss difference
26011001_10_49,sarima,7,lags_only,0.5217,0.6154780589616489,False,GLOBAL_ALL_CELLS,4522,0.05,Skill_RMSE / squared-error loss difference
26011001_10_49,xgboost_direct,1,lags_only,1.0,1.0,False,GLOBAL_ALL_CELLS,4522,0.05,Skill_RMSE / squared-error loss difference
26011001_10_49,xgboost_direct,2,lags_only,0.2401,0.3419628976377953,False,GLOBAL_ALL_CELLS,4522,0.05,Skill_RMSE / squared-error loss difference
26011001_10_49,xgboost_direct,3,lags_only,0.0353,0.07655952038369304,False,GLOBAL_ALL_CELLS,4522,0.05,Skill_RMSE / squared-error loss difference
26011001_10_49,xgboost_direct,4,lags_only,0.0115,0.03132710843373494,True,GLOBAL_ALL_CELLS,4522,0.05,Skill_RMSE / squared-error loss difference
26011001_10_49,xgboost_direct,5,lags_only,0.0143,0.03744331210191083,True,GLOBAL_ALL_CELLS,4522,0.05,Skill_RMSE / squared-error loss difference
26011001_10_49,xgboost_direct,6,lags_only,0.0134,0.03556032863849765,True,GLOBAL_ALL_CELLS,4522,0.05,Skill_RMSE / squared-error loss difference
26011001_10_49,xgboost_direct,7,lags_only,0.0052,0.01619449035812672,True,GLOBAL_ALL_CELLS,4522,0.05,Skill_RMSE / squared-error loss difference
26019001_10_49,sarima,1,lags_only,0.025,0.05839359504132232,False,GLOBAL_ALL_CELLS,4522,0.05,Skill_RMSE / squared-error loss difference
26019001_10_49,sarima,2,lags_only,0.0032,0.010734718100890208,True,GLOBAL_ALL_CELLS,4522,0.05,Skill_RMSE / squared-error loss difference
26019001_10_49,sarima,3,lags_only,0.008,0.023249357326478152,True,GLOBAL_ALL_CELLS,4522,0.05,Skill_RMSE / squared-error loss difference
26019001_10_49,sarima,4,lags_only,0.0461,0.0943276923076923,False,GLOBAL_ALL_CELLS,4522,0.05,Skill_RMSE / squared-error loss difference
26019001_10_49,sarima,5,lags_only,0.0941,0.16628378272762798,False,GLOBAL_ALL_CELLS,4522,0.05,Skill_RMSE / squared-error loss difference
26019001_10_49,sarima,6,lags_only,0.2314,0.33250422624721954,False,GLOBAL_ALL_CELLS,4522,0.05,Skill_RMSE / squared-error loss difference
26019001_10_49,sarima,7,lags_only,0.4591,0.5500927927927928,False,GLOBAL_ALL_CELLS,4522,0.05,Skill_RMSE / squared-error loss difference
26019001_10_49,xgboost_direct,1,lags_only,1.0,1.0,False,GLOBAL_ALL_CELLS,4522,0.05,Skill_RMSE / squared-error loss difference
26019001_10_49,xgboost_direct,2,lags_only,0.5545,0.6480871026104937,False,GLOBAL_ALL_CELLS,4522,0.05,Skill_RMSE / squared-error loss difference
26019001_10_49,xgboost_direct,3,lags_only,0.1016,0.17508963414634146,False,GLOBAL_ALL_CELLS,4522,0.05,Skill_RMSE / squared-error loss difference
26019001_10_49,xgboost_direct,4,lags_only,0.1373,0.22245453242565388,False,GLOBAL_ALL_CELLS,4522,0.05,Skill_RMSE / squared-error loss difference
26019001_10_49,xgboost_direct,5,lags_only,0.0082,0.023693546325878598,True,GLOBAL_ALL_CELLS,4522,0.05,Skill_RMSE / squared-error loss difference
26019001_10_49,xgboost_direct,6,lags_only,0.0033,0.011012988929889299,True,GLOBAL_ALL_CELLS,4522,0.05,Skill_RMSE / squared-error loss difference
26019001_10_49,xgboost_direct,7,lags_only,0.0049,0.01540876216968011,True,GLOBAL_ALL_CELLS,4522,0.05,Skill_RMSE / squared-error loss difference
26066001_10_49,sarima,1,lags_only,0.2892,0.39189763260413546,False,GLOBAL_ALL_CELLS,4522,0.05,Skill_RMSE / squared-error loss difference
26066001_10_49,sarima,2,lags_only,0.0114,0.031092159227985527,True,GLOBAL_ALL_CELLS,4522,0.05,Skill_RMSE / squared-error loss difference
26066001_10_49,sarima,3,lags_only,0.0324,0.07238774703557312,False,GLOBAL_ALL_CELLS,4522,0.05,Skill_RMSE / squared-error loss difference
26066001_10_49,sarima,4,lags_only,0.0476,0.09609250000000001,False,GLOBAL_ALL_CELLS,4522,0.05,Skill_RMSE / squared-error loss difference
26066001_10_49,sarima,5,lags_only,0.102,0.1754446557626474,False,GLOBAL_ALL_CELLS,4522,0.05,Skill_RMSE / squared-error loss difference
26066001_10_49,sarima,6,lags_only,0.2974,0.3996561069836552,False,GLOBAL_ALL_CELLS,4522,0.05,Skill_RMSE / squared-error loss difference
26066001_10_49,sarima,7,lags_only,0.5405,0.6343002594706798,False,GLOBAL_ALL_CELLS,4522,0.05,Skill_RMSE / squared-error loss difference
26066001_10_49,xgboost_direct,1,lags_only,1.0,1.0,False,GLOBAL_ALL_CELLS,4522,0.05,Skill_RMSE / squared-error loss difference
26066001_10_49,xgboost_direct,2,lags_only,0.1819,0.2774794335805799,False,GLOBAL_ALL_CELLS,4522,0.05,Skill_RMSE / squared-error loss difference
26066001_10_49,xgboost_direct,3,lags_only,0.0009,0.003585726872246696,True,GLOBAL_ALL_CELLS,4522,0.05,Skill_RMSE / squared-error loss difference
26066001_10_49,xgboost_direct,4,lags_only,0.0005,0.0021887705711519847,True,GLOBAL_ALL_CELLS,4522,0.05,Skill_RMSE / squared-error loss difference
26066001_10_49,xgboost_direct,5,lags_only,0.0,0.0,True,GLOBAL_ALL_CELLS,4522,0.05,Skill_RMSE / squared-error loss difference
26066001_10_49,xgboost_direct,6,lags_only,0.0,0.0,True,GLOBAL_ALL_CELLS,4522,0.05,Skill_RMSE / squared-error loss difference
26066001_10_49,xgboost_direct,7,lags_only,0.0,0.0,True,GLOBAL_ALL_CELLS,4522,0.05,Skill_RMSE / squared-error loss difference
26089001_10_49,sarima,1,lags_only,0.0892,0.15918011049723757,False,GLOBAL_ALL_CELLS,4522,0.05,Skill_RMSE / squared-error loss difference
26089001_10_49,sarima,2,lags_only,0.059,0.1146532015470563,False,GLOBAL_ALL_CELLS,4522,0.05,Skill_RMSE / squared-error loss difference
26089001_10_49,sarima,3,lags_only,0.2706,0.3735205128205128,False,GLOBAL_ALL_CELLS,4522,0.05,Skill_RMSE / squared-error loss difference
26089001_10_49,sarima,4,lags_only,0.2758,0.37815876288659794,False,GLOBAL_ALL_CELLS,4522,0.05,Skill_RMSE / squared-error loss difference
26089001_10_49,sarima,5,lags_only,0.5816,0.6741848756729043,False,GLOBAL_ALL_CELLS,4522,0.05,Skill_RMSE / squared-error loss difference
26089001_10_49,sarima,6,lags_only,0.8644,0.9480516129032257,False,GLOBAL_ALL_CELLS,4522,0.05,Skill_RMSE / squared-error loss difference
26089001_10_49,sarima,7,lags_only,0.9558,1.0,False,GLOBAL_ALL_CELLS,4522,0.05,Skill_RMSE / squared-error loss difference
26089001_10_49,xgboost_direct,1,lags_only,1.0,1.0,False,GLOBAL_ALL_CELLS,4522,0.05,Skill_RMSE / squared-error loss difference
26089001_10_49,xgboost_direct,2,lags_only,0.3054,0.4082231155778895,False,GLOBAL_ALL_CELLS,4522,0.05,Skill_RMSE / squared-error loss difference
26089001_10_49,xgboost_direct,3,lags_only,0.0735,0.1366640625,False,GLOBAL_ALL_CELLS,4522,0.05,Skill_RMSE / squared-error loss difference
26089001_10_49,xgboost_direct,4,lags_only,0.0002,0.0009819761129207384,True,GLOBAL_ALL_CELLS,4522,0.05,Skill_RMSE / squared-error loss difference
26089001_10_49,xgboost_direct,5,lags_only,0.0001,0.0005270396270396271,True,GLOBAL_ALL_CELLS,4522,0.05,Skill_RMSE / squared-error loss difference
26089001_10_49,xgboost_direct,6,lags_only,0.0,0.0,True,GLOBAL_ALL_CELLS,4522,0.05,Skill_RMSE / squared-error loss difference
26089001_10_49,xgboost_direct,7,lags_only,0.0,0.0,True,GLOBAL_ALL_CELLS,4522,0.05,Skill_RMSE / squared-error loss difference
26117001_10_49,sarima,1,lags_only,0.0239,0.05640699373695198,False,GLOBAL_ALL_CELLS,4522,0.05,Skill_RMSE / squared-error loss difference
26117001_10_49,sarima,2,lags_only,0.0001,0.0005270396270396271,True,GLOBAL_ALL_CELLS,4522,0.05,Skill_RMSE / squared-error loss difference
26117001_10_49,sarima,3,lags_only,0.0058,0.01775734597156398,True,GLOBAL_ALL_CELLS,4522,0.05,Skill_RMSE / squared-error loss difference
26117001_10_49,sarima,4,lags_only,0.0293,0.0668489404641776,False,GLOBAL_ALL_CELLS,4522,0.05,Skill_RMSE / squared-error loss difference
26117001_10_49,sarima,5,lags_only,0.047,0.0954351145038168,False,GLOBAL_ALL_CELLS,4522,0.05,Skill_RMSE / squared-error loss difference
26117001_10_49,sarima,6,lags_only,0.4411,0.5324757608115323,False,GLOBAL_ALL_CELLS,4522,0.05,Skill_RMSE / squared-error loss difference
26117001_10_49,sarima,7,lags_only,0.4457,0.5368820990942994,False,GLOBAL_ALL_CELLS,4522,0.05,Skill_RMSE / squared-error loss difference
26117001_10_49,xgboost_direct,1,lags_only,1.0,1.0,False,GLOBAL_ALL_CELLS,4522,0.05,Skill_RMSE / squared-error loss difference
26117001_10_49,xgboost_direct,2,lags_only,0.086,0.15469053301511534,False,GLOBAL_ALL_CELLS,4522,0.05,Skill_RMSE / squared-error loss difference
26117001_10_49,xgboost_direct,3,lags_only,0.0008,0.003244484304932736,True,GLOBAL_ALL_CELLS,4522,0.05,Skill_RMSE / squared-error loss difference
26117001_10_49,xgboost_direct,4,lags_only,0.0005,0.0021887705711519847,True,GLOBAL_ALL_CELLS,4522,0.05,Skill_RMSE / squared-error loss difference
26117001_10_49,xgboost_direct,5,lags_only,0.0001,0.0005270396270396271,True,GLOBAL_ALL_CELLS,4522,0.05,Skill_RMSE / squared-error loss difference
26117001_10_49,xgboost_direct,6,lags_only,0.0,0.0,True,GLOBAL_ALL_CELLS,4522,0.05,Skill_RMSE / squared-error loss difference
26117001_10_49,xgboost_direct,7,lags_only,0.0,0.0,True,GLOBAL_ALL_CELLS,4522,0.05,Skill_RMSE / squared-error loss difference
27013002_10_47,sarima,1,lags_only,0.5846,0.6773151934409429,False,GLOBAL_ALL_CELLS,4522,0.05,Skill_RMSE / squared-error loss difference
27013002_10_47,sarima,2,lags_only,0.2002,0.2988789699570815,False,GLOBAL_ALL_CELLS,4522,0.05,Skill_RMSE / squared-error loss difference
27013002_10_47,sarima,3,lags_only,0.485,0.5762401471361009,False,GLOBAL_ALL_CELLS,4522,0.05,Skill_RMSE / squared-error loss difference
27013002_10_47,sarima,4,lags_only,0.743,0.8332951388888888,False,GLOBAL_ALL_CELLS,4522,0.05,Skill_RMSE / squared-error loss difference
27013002_10_47,sarima,5,lags_only,0.8608,0.9450200534110221,False,GLOBAL_ALL_CELLS,4522,0.05,Skill_RMSE / squared-error loss difference
27013002_10_47,sarima,6,lags_only,0.9445,1.0,False,GLOBAL_ALL_CELLS,4522,0.05,Skill_RMSE / squared-error loss difference
27013002_10_47,sarima,7,lags_only,0.9868,1.0,False,GLOBAL_ALL_CELLS,4522,0.05,Skill_RMSE / squared-error loss difference
27013002_10_47,xgboost_direct,1,lags_only,0.9999,1.0,False,GLOBAL_ALL_CELLS,4522,0.05,Skill_RMSE / squared-error loss difference
27013002_10_47,xgboost_direct,2,lags_only,0.6527,0.7436405643738977,False,GLOBAL_ALL_CELLS,4522,0.05,Skill_RMSE / squared-error loss difference
27013002_10_47,xgboost_direct,3,lags_only,0.0925,0.1638405797101449,False,GLOBAL_ALL_CELLS,4522,0.05,Skill_RMSE / squared-error loss difference
27013002_10_47,xgboost_direct,4,lags_only,0.0662,0.12551631027253668,False,GLOBAL_ALL_CELLS,4522,0.05,Skill_RMSE / squared-error loss difference
27013002_10_47,xgboost_direct,5,lags_only,0.0029,0.009882290881688018,True,GLOBAL_ALL_CELLS,4522,0.05,Skill_RMSE / squared-error loss difference
27013002_10_47,xgboost_direct,6,lags_only,0.0132,0.035091358024691356,True,GLOBAL_ALL_CELLS,4522,0.05,Skill_RMSE / squared-error loss difference
27013002_10_47,xgboost_direct,7,lags_only,0.0017,0.006306316652994257,True,GLOBAL_ALL_CELLS,4522,0.05,Skill_RMSE / squared-error loss difference
27025015_10_47,sarima,1,lags_only,0.3415,0.44172282608695657,False,GLOBAL_ALL_CELLS,4522,0.05,Skill_RMSE / squared-error loss difference
27025015_10_47,sarima,2,lags_only,0.001,0.003945898778359511,True,GLOBAL_ALL_CELLS,4522,0.05,Skill_RMSE / squared-error loss difference
27025015_10_47,sarima,3,lags_only,0.0,0.0,True,GLOBAL_ALL_CELLS,4522,0.05,Skill_RMSE / squared-error loss difference
27025015_10_47,sarima,4,lags_only,0.0003,0.0014087227414330216,True,GLOBAL_ALL_CELLS,4522,0.05,Skill_RMSE / squared-error loss difference
27025015_10_47,sarima,5,lags_only,0.0319,0.07166010928961748,False,GLOBAL_ALL_CELLS,4522,0.05,Skill_RMSE / squared-error loss difference
27025015_10_47,sarima,6,lags_only,0.0953,0.1674879906723669,False,GLOBAL_ALL_CELLS,4522,0.05,Skill_RMSE / squared-error loss difference
27025015_10_47,sarima,7,lags_only,0.3542,0.449787250772255,False,GLOBAL_ALL_CELLS,4522,0.05,Skill_RMSE / squared-error loss difference
27025015_10_47,xgboost_direct,1,lags_only,0.9999,1.0,False,GLOBAL_ALL_CELLS,4522,0.05,Skill_RMSE / squared-error loss difference
27025015_10_47,xgboost_direct,2,lags_only,0.1548,0.24509999999999998,False,GLOBAL_ALL_CELLS,4522,0.05,Skill_RMSE / squared-error loss difference
27025015_10_47,xgboost_direct,3,lags_only,0.0015,0.005629045643153527,True,GLOBAL_ALL_CELLS,4522,0.05,Skill_RMSE / squared-error loss difference
27025015_10_47,xgboost_direct,4,lags_only,0.0,0.0,True,GLOBAL_ALL_CELLS,4522,0.05,Skill_RMSE / squared-error loss difference
27025015_10_47,xgboost_direct,5,lags_only,0.0,0.0,True,GLOBAL_ALL_CELLS,4522,0.05,Skill_RMSE / squared-error loss difference
27025015_10_47,xgboost_direct,6,lags_only,0.0,0.0,True,GLOBAL_ALL_CELLS,4522,0.05,Skill_RMSE / squared-error loss difference
27025015_10_47,xgboost_direct,7,lags_only,0.0002,0.0009819761129207384,True,GLOBAL_ALL_CELLS,4522,0.05,Skill_RMSE / squared-error loss difference
27028005_10_49,sarima,1,lags_only,0.3338,0.4347526058162971,False,GLOBAL_ALL_CELLS,4522,0.05,Skill_RMSE / squared-error loss difference
27028005_10_49,sarima,2,lags_only,0.0003,0.0014087227414330216,True,GLOBAL_ALL_CELLS,4522,0.05,Skill_RMSE / squared-error loss difference
27028005_10_49,sarima,3,lags_only,0.0017,0.006306316652994257,True,GLOBAL_ALL_CELLS,4522,0.05,Skill_RMSE / squared-error loss difference
27028005_10_49,sarima,4,lags_only,0.0034,0.011271847507331378,True,GLOBAL_ALL_CELLS,4522,0.05,Skill_RMSE / squared-error loss difference
27028005_10_49,sarima,5,lags_only,0.0084,0.024147997457088365,True,GLOBAL_ALL_CELLS,4522,0.05,Skill_RMSE / squared-error loss difference
27028005_10_49,sarima,6,lags_only,0.0561,0.10996280884265279,False,GLOBAL_ALL_CELLS,4522,0.05,Skill_RMSE / squared-error loss difference
27028005_10_49,sarima,7,lags_only,0.0592,0.11474599228461209,False,GLOBAL_ALL_CELLS,4522,0.05,Skill_RMSE / squared-error loss difference
27028005_10_49,xgboost_direct,1,lags_only,1.0,1.0,False,GLOBAL_ALL_CELLS,4522,0.05,Skill_RMSE / squared-error loss difference
27028005_10_49,xgboost_direct,2,lags_only,0.8057,0.8964998523622048,False,GLOBAL_ALL_CELLS,4522,0.05,Skill_RMSE / squared-error loss difference
27028005_10_49,xgboost_direct,3,lags_only,0.3243,0.4254379460400348,False,GLOBAL_ALL_CELLS,4522,0.05,Skill_RMSE / squared-error loss difference
27028005_10_49,xgboost_direct,4,lags_only,0.1561,0.24672638937434463,False,GLOBAL_ALL_CELLS,4522,0.05,Skill_RMSE / squared-error loss difference
27028005_10_49,xgboost_direct,5,lags_only,0.0041,0.013252466047176557,True,GLOBAL_ALL_CELLS,4522,0.05,Skill_RMSE / squared-error loss difference
27028005_10_49,xgboost_direct,6,lags_only,0.0206,0.05013627556512379,False,GLOBAL_ALL_CELLS,4522,0.05,Skill_RMSE / squared-error loss difference
27028005_10_49,xgboost_direct,7,lags_only,0.0303,0.06868,False,GLOBAL_ALL_CELLS,4522,0.05,Skill_RMSE / squared-error loss difference
27033001_10_47,sarima,1,lags_only,0.6383,0.7307323037974683,False,GLOBAL_ALL_CELLS,4522,0.05,Skill_RMSE / squared-error loss difference
27033001_10_47,sarima,2,lags_only,0.0802,0.14635367231638416,False,GLOBAL_ALL_CELLS,4522,0.05,Skill_RMSE / squared-error loss difference
27033001_10_47,sarima,3,lags_only,0.205,0.30388669724770645,False,GLOBAL_ALL_CELLS,4522,0.05,Skill_RMSE / squared-error loss difference
27033001_10_47,sarima,4,lags_only,0.3208,0.4225626565685988,False,GLOBAL_ALL_CELLS,4522,0.05,Skill_RMSE / squared-error loss difference
27033001_10_47,sarima,5,lags_only,0.479,0.5705794574664209,False,GLOBAL_ALL_CELLS,4522,0.05,Skill_RMSE / squared-error loss difference
27033001_10_47,sarima,6,lags_only,0.7481,0.8381833994053518,False,GLOBAL_ALL_CELLS,4522,0.05,Skill_RMSE / squared-error loss difference
27033001_10_47,sarima,7,lags_only,0.9975,1.0,False,GLOBAL_ALL_CELLS,4522,0.05,Skill_RMSE / squared-error loss difference
27033001_10_47,xgboost_direct,1,lags_only,0.9978,1.0,False,GLOBAL_ALL_CELLS,4522,0.05,Skill_RMSE / squared-error loss difference
27033001_10_47,xgboost_direct,2,lags_only,0.7737,0.8642962944664032,False,GLOBAL_ALL_CELLS,4522,0.05,Skill_RMSE / squared-error loss difference
27033001_10_47,xgboost_direct,3,lags_only,0.1401,0.22601933642525865,False,GLOBAL_ALL_CELLS,4522,0.05,Skill_RMSE / squared-error loss difference
27033001_10_47,xgboost_direct,4,lags_only,0.0195,0.04797551686615887,True,GLOBAL_ALL_CELLS,4522,0.05,Skill_RMSE / squared-error loss difference
27033001_10_47,xgboost_direct,5,lags_only,0.0079,0.023003090792015457,True,GLOBAL_ALL_CELLS,4522,0.05,Skill_RMSE / squared-error loss difference
27033001_10_47,xgboost_direct,6,lags_only,0.0348,0.0757293551491819,False,GLOBAL_ALL_CELLS,4522,0.05,Skill_RMSE / squared-error loss difference
27033001_10_47,xgboost_direct,7,lags_only,0.0336,0.07415285505124451,False,GLOBAL_ALL_CELLS,4522,0.05,Skill_RMSE / squared-error loss difference
27065004_10_47,sarima,1,lags_only,0.321,0.4225799126637555,False,GLOBAL_ALL_CELLS,4522,0.05,Skill_RMSE / squared-error loss difference
27065004_10_47,sarima,2,lags_only,0.0064,0.019216998671978753,True,GLOBAL_ALL_CELLS,4522,0.05,Skill_RMSE / squared-error loss difference
27065004_10_47,sarima,3,lags_only,0.0221,0.052848334214701226,False,GLOBAL_ALL_CELLS,4522,0.05,Skill_RMSE / squared-error loss difference
27065004_10_47,sarima,4,lags_only,0.0459,0.09400353260869566,False,GLOBAL_ALL_CELLS,4522,0.05,Skill_RMSE / squared-error loss difference
27065004_10_47,sarima,5,lags_only,0.0853,0.15379848484848485,False,GLOBAL_ALL_CELLS,4522,0.05,Skill_RMSE / squared-error loss difference
27065004_10_47,sarima,6,lags_only,0.2295,0.33040401146131804,False,GLOBAL_ALL_CELLS,4522,0.05,Skill_RMSE / squared-error loss difference
27065004_10_47,sarima,7,lags_only,0.531,0.6248196721311476,False,GLOBAL_ALL_CELLS,4522,0.05,Skill_RMSE / squared-error loss difference
27065004_10_47,xgboost_direct,1,lags_only,0.971,1.0,False,GLOBAL_ALL_CELLS,4522,0.05,Skill_RMSE / squared-error loss difference
27065004_10_47,xgboost_direct,2,lags_only,0.4544,0.5457627622841965,False,GLOBAL_ALL_CELLS,4522,0.05,Skill_RMSE / squared-error loss difference
27065004_10_47,xgboost_direct,3,lags_only,0.0591,0.11474599228461209,False,GLOBAL_ALL_CELLS,4522,0.05,Skill_RMSE / squared-error loss difference
27065004_10_47,xgboost_direct,4,lags_only,0.003,0.010184684684684685,True,GLOBAL_ALL_CELLS,4522,0.05,Skill_RMSE / squared-error loss difference
27065004_10_47,xgboost_direct,5,lags_only,0.1074,0.1830617414248021,False,GLOBAL_ALL_CELLS,4522,0.05,Skill_RMSE / squared-error loss difference
27065004_10_47,xgboost_direct,6,lags_only,0.0007,0.0029120515179392823,True,GLOBAL_ALL_CELLS,4522,0.05,Skill_RMSE / squared-error loss difference
27065004_10_47,xgboost_direct,7,lags_only,0.0147,0.03826908462867012,True,GLOBAL_ALL_CELLS,4522,0.05,Skill_RMSE / squared-error loss difference
28005002_10_49,sarima,1,lags_only,0.1603,0.2517806877387982,False,GLOBAL_ALL_CELLS,4522,0.05,Skill_RMSE / squared-error loss difference
28005002_10_49,sarima,2,lags_only,0.0108,0.02979719341061623,True,GLOBAL_ALL_CELLS,4522,0.05,Skill_RMSE / squared-error loss difference
28005002_10_49,sarima,3,lags_only,0.0242,0.05699604166666667,False,GLOBAL_ALL_CELLS,4522,0.05,Skill_RMSE / squared-error loss difference
28005002_10_49,sarima,4,lags_only,0.0965,0.16874439288476412,False,GLOBAL_ALL_CELLS,4522,0.05,Skill_RMSE / squared-error loss difference
28005002_10_49,sarima,5,lags_only,0.1851,0.28154127144298685,False,GLOBAL_ALL_CELLS,4522,0.05,Skill_RMSE / squared-error loss difference
28005002_10_49,sarima,6,lags_only,0.3118,0.41323552168815947,False,GLOBAL_ALL_CELLS,4522,0.05,Skill_RMSE / squared-error loss difference
28005002_10_49,sarima,7,lags_only,0.3553,0.4501733333333333,False,GLOBAL_ALL_CELLS,4522,0.05,Skill_RMSE / squared-error loss difference
28005002_10_49,xgboost_direct,1,lags_only,0.9243,1.0,False,GLOBAL_ALL_CELLS,4522,0.05,Skill_RMSE / squared-error loss difference
28005002_10_49,xgboost_direct,2,lags_only,0.0231,0.054862499999999995,False,GLOBAL_ALL_CELLS,4522,0.05,Skill_RMSE / squared-error loss difference
28005002_10_49,xgboost_direct,3,lags_only,0.0316,0.07119840558046837,False,GLOBAL_ALL_CELLS,4522,0.05,Skill_RMSE / squared-error loss difference
28005002_10_49,xgboost_direct,4,lags_only,0.0455,0.09335344827586207,False,GLOBAL_ALL_CELLS,4522,0.05,Skill_RMSE / squared-error loss difference
28005002_10_49,xgboost_direct,5,lags_only,0.0097,0.027210545905707196,True,GLOBAL_ALL_CELLS,4522,0.05,Skill_RMSE / squared-error loss difference
28005002_10_49,xgboost_direct,6,lags_only,0.016,0.04092307692307692,True,GLOBAL_ALL_CELLS,4522,0.05,Skill_RMSE / squared-error loss difference
28005002_10_49,xgboost_direct,7,lags_only,0.0,0.0,True,GLOBAL_ALL_CELLS,4522,0.05,Skill_RMSE / squared-error loss difference
28006004_10_49,sarima,1,lags_only,0.3362,0.4372437158469945,False,GLOBAL_ALL_CELLS,4522,0.05,Skill_RMSE / squared-error loss difference
28006004_10_49,sarima,2,lags_only,0.0664,0.1257900293255132,False,GLOBAL_ALL_CELLS,4522,0.05,Skill_RMSE / squared-error loss difference
28006004_10_49,sarima,3,lags_only,0.0455,0.09335344827586207,False,GLOBAL_ALL_CELLS,4522,0.05,Skill_RMSE / squared-error loss difference
28006004_10_49,sarima,4,lags_only,0.0351,0.07616228406909788,False,GLOBAL_ALL_CELLS,4522,0.05,Skill_RMSE / squared-error loss difference
28006004_10_49,sarima,5,lags_only,0.0732,0.13621827160493827,False,GLOBAL_ALL_CELLS,4522,0.05,Skill_RMSE / squared-error loss difference
28006004_10_49,sarima,6,lags_only,0.1589,0.2500159359777314,False,GLOBAL_ALL_CELLS,4522,0.05,Skill_RMSE / squared-error loss difference
28006004_10_49,sarima,7,lags_only,0.2503,0.3533738994692476,False,GLOBAL_ALL_CELLS,4522,0.05,Skill_RMSE / squared-error loss difference
28006004_10_49,xgboost_direct,1,lags_only,0.8347,0.921512060546875,False,GLOBAL_ALL_CELLS,4522,0.05,Skill_RMSE / squared-error loss difference
28006004_10_49,xgboost_direct,2,lags_only,0.1564,0.24711418588399722,False,GLOBAL_ALL_CELLS,4522,0.05,Skill_RMSE / squared-error loss difference
28006004_10_49,xgboost_direct,3,lags_only,0.1429,0.22922802412202908,False,GLOBAL_ALL_CELLS,4522,0.05,Skill_RMSE / squared-error loss difference
28006004_10_49,xgboost_direct,4,lags_only,0.1114,0.18834628315278298,False,GLOBAL_ALL_CELLS,4522,0.05,Skill_RMSE / squared-error loss difference
28006004_10_49,xgboost_direct,5,lags_only,0.2658,0.36869558282208587,False,GLOBAL_ALL_CELLS,4522,0.05,Skill_RMSE / squared-error loss difference
28006004_10_49,xgboost_direct,6,lags_only,0.0417,0.0871383548983364,False,GLOBAL_ALL_CELLS,4522,0.05,Skill_RMSE / squared-error loss difference
28006004_10_49,xgboost_direct,7,lags_only,0.1153,0.1935362286562732,False,GLOBAL_ALL_CELLS,4522,0.05,Skill_RMSE / squared-error loss difference
28013002_10_49,sarima,1,lags_only,0.7698,0.8601521126760564,False,GLOBAL_ALL_CELLS,4522,0.05,Skill_RMSE / squared-error loss difference
28013002_10_49,sarima,2,lags_only,0.1301,0.21346596516690855,False,GLOBAL_ALL_CELLS,4522,0.05,Skill_RMSE / squared-error loss difference
28013002_10_49,sarima,3,lags_only,0.0083,0.023921351179094965,True,GLOBAL_ALL_CELLS,4522,0.05,Skill_RMSE / squared-error loss difference
28013002_10_49,sarima,4,lags_only,0.0129,0.03443553719008264,True,GLOBAL_ALL_CELLS,4522,0.05,Skill_RMSE / squared-error loss difference
28013002_10_49,sarima,5,lags_only,0.0466,0.09517850045167119,False,GLOBAL_ALL_CELLS,4522,0.05,Skill_RMSE / squared-error loss difference
28013002_10_49,sarima,6,lags_only,0.2206,0.3206535519125683,False,GLOBAL_ALL_CELLS,4522,0.05,Skill_RMSE / squared-error loss difference
28013002_10_49,sarima,7,lags_only,0.347,0.44577852882703783,False,GLOBAL_ALL_CELLS,4522,0.05,Skill_RMSE / squared-error loss difference
28013002_10_49,xgboost_direct,1,lags_only,0.9996,1.0,False,GLOBAL_ALL_CELLS,4522,0.05,Skill_RMSE / squared-error loss difference
28013002_10_49,xgboost_direct,2,lags_only,0.0427,0.08877673563218391,False,GLOBAL_ALL_CELLS,4522,0.05,Skill_RMSE / squared-error loss difference
28013002_10_49,xgboost_direct,3,lags_only,0.1247,0.2064031478770132,False,GLOBAL_ALL_CELLS,4522,0.05,Skill_RMSE / squared-error loss difference
28013002_10_49,xgboost_direct,4,lags_only,0.0,0.0,True,GLOBAL_ALL_CELLS,4522,0.05,Skill_RMSE / squared-error loss difference
28013002_10_49,xgboost_direct,5,lags_only,0.0447,0.09200427856167501,False,GLOBAL_ALL_CELLS,4522,0.05,Skill_RMSE / squared-error loss difference
28013002_10_49,xgboost_direct,6,lags_only,0.0,0.0,True,GLOBAL_ALL_CELLS,4522,0.05,Skill_RMSE / squared-error loss difference
28013002_10_49,xgboost_direct,7,lags_only,0.0,0.0,True,GLOBAL_ALL_CELLS,4522,0.05,Skill_RMSE / squared-error loss difference
28014002_10_49,sarima,1,lags_only,0.0567,0.1108985294117647,False,GLOBAL_ALL_CELLS,4522,0.05,Skill_RMSE / squared-error loss difference
28014002_10_49,sarima,2,lags_only,0.0025,0.008756777691711851,True,GLOBAL_ALL_CELLS,4522,0.05,Skill_RMSE / squared-error loss difference
28014002_10_49,sarima,3,lags_only,0.0123,0.03314696066746126,True,GLOBAL_ALL_CELLS,4522,0.05,Skill_RMSE / squared-error loss difference
28014002_10_49,sarima,4,lags_only,0.0448,0.0921262391996362,False,GLOBAL_ALL_CELLS,4522,0.05,Skill_RMSE / squared-error loss difference
28014002_10_49,sarima,5,lags_only,0.1419,0.22786640625,False,GLOBAL_ALL_CELLS,4522,0.05,Skill_RMSE / squared-error loss difference
28014002_10_49,sarima,6,lags_only,0.3044,0.4073813609467456,False,GLOBAL_ALL_CELLS,4522,0.05,Skill_RMSE / squared-error loss difference
28014002_10_49,sarima,7,lags_only,0.3497,0.4470860616341532,False,GLOBAL_ALL_CELLS,4522,0.05,Skill_RMSE / squared-error loss difference
28014002_10_49,xgboost_direct,1,lags_only,0.9289,1.0,False,GLOBAL_ALL_CELLS,4522,0.05,Skill_RMSE / squared-error loss difference
28014002_10_49,xgboost_direct,2,lags_only,0.267,0.37001961385228316,False,GLOBAL_ALL_CELLS,4522,0.05,Skill_RMSE / squared-error loss difference
28014002_10_49,xgboost_direct,3,lags_only,0.0004,0.0018106106106106107,True,GLOBAL_ALL_CELLS,4522,0.05,Skill_RMSE / squared-error loss difference
28014002_10_49,xgboost_direct,4,lags_only,0.0959,0.1680851937984496,False,GLOBAL_ALL_CELLS,4522,0.05,Skill_RMSE / squared-error loss difference
28014002_10_49,xgboost_direct,5,lags_only,0.1102,0.18677826086956523,False,GLOBAL_ALL_CELLS,4522,0.05,Skill_RMSE / squared-error loss difference
28014002_10_49,xgboost_direct,6,lags_only,0.021,0.050917962466487936,False,GLOBAL_ALL_CELLS,4522,0.05,Skill_RMSE / squared-error loss difference
28014002_10_49,xgboost_direct,7,lags_only,0.0022,0.00785193370165746,True,GLOBAL_ALL_CELLS,4522,0.05,Skill_RMSE / squared-error loss difference
28016001_10_49,sarima,1,lags_only,0.1823,0.27784314122008763,False,GLOBAL_ALL_CELLS,4522,0.05,Skill_RMSE / squared-error loss difference
28016001_10_49,sarima,2,lags_only,0.0008,0.003244484304932736,True,GLOBAL_ALL_CELLS,4522,0.05,Skill_RMSE / squared-error loss difference
28016001_10_49,sarima,3,lags_only,0.0009,0.003585726872246696,True,GLOBAL_ALL_CELLS,4522,0.05,Skill_RMSE / squared-error loss difference
28016001_10_49,sarima,4,lags_only,0.0001,0.0005270396270396271,True,GLOBAL_ALL_CELLS,4522,0.05,Skill_RMSE / squared-error loss difference
28016001_10_49,sarima,5,lags_only,0.0012,0.004618212765957446,True,GLOBAL_ALL_CELLS,4522,0.05,Skill_RMSE / squared-error loss difference
28016001_10_49,sarima,6,lags_only,0.0058,0.01775734597156398,True,GLOBAL_ALL_CELLS,4522,0.05,Skill_RMSE / squared-error loss difference
28016001_10_49,sarima,7,lags_only,0.0155,0.03980181714934696,True,GLOBAL_ALL_CELLS,4522,0.05,Skill_RMSE / squared-error loss difference
28016001_10_49,xgboost_direct,1,lags_only,0.8366,0.9229336911441814,False,GLOBAL_ALL_CELLS,4522,0.05,Skill_RMSE / squared-error loss difference
28016001_10_49,xgboost_direct,2,lags_only,0.3543,0.4497879281302639,False,GLOBAL_ALL_CELLS,4522,0.05,Skill_RMSE / squared-error loss difference
28016001_10_49,xgboost_direct,3,lags_only,0.3317,0.4328852525252525,False,GLOBAL_ALL_CELLS,4522,0.05,Skill_RMSE / squared-error loss difference
28016001_10_49,xgboost_direct,4,lags_only,0.2694,0.37220494958753436,False,GLOBAL_ALL_CELLS,4522,0.05,Skill_RMSE / squared-error loss difference
28016001_10_49,xgboost_direct,5,lags_only,0.559,0.6523349677419356,False,GLOBAL_ALL_CELLS,4522,0.05,Skill_RMSE / squared-error loss difference
28016001_10_49,xgboost_direct,6,lags_only,0.1475,0.23568727915194346,False,GLOBAL_ALL_CELLS,4522,0.05,Skill_RMSE / squared-error loss difference
28016001_10_49,xgboost_direct,7,lags_only,0.3574,0.4506867819297267,False,GLOBAL_ALL_CELLS,4522,0.05,Skill_RMSE / squared-error loss difference
28045002_10_49,sarima,1,lags_only,0.3434,0.4435485436893204,False,GLOBAL_ALL_CELLS,4522,0.05,Skill_RMSE / squared-error loss difference
28045002_10_49,sarima,2,lags_only,0.0744,0.13788393442622948,False,GLOBAL_ALL_CELLS,4522,0.05,Skill_RMSE / squared-error loss difference
28045002_10_49,sarima,3,lags_only,0.0629,0.1206250212044105,False,GLOBAL_ALL_CELLS,4522,0.05,Skill_RMSE / squared-error loss difference
28045002_10_49,sarima,4,lags_only,0.0632,0.12109762711864408,False,GLOBAL_ALL_CELLS,4522,0.05,Skill_RMSE / squared-error loss difference
28045002_10_49,sarima,5,lags_only,0.0979,0.17059876685934489,False,GLOBAL_ALL_CELLS,4522,0.05,Skill_RMSE / squared-error loss difference
28045002_10_49,sarima,6,lags_only,0.1813,0.2766920688491394,False,GLOBAL_ALL_CELLS,4522,0.05,Skill_RMSE / squared-error loss difference
28045002_10_49,sarima,7,lags_only,0.2493,0.35229206249999995,False,GLOBAL_ALL_CELLS,4522,0.05,Skill_RMSE / squared-error loss difference
28045002_10_49,xgboost_direct,1,lags_only,0.3974,0.4872675704989154,False,GLOBAL_ALL_CELLS,4522,0.05,Skill_RMSE / squared-error loss difference
28045002_10_49,xgboost_direct,2,lags_only,0.156,0.24665454545454546,False,GLOBAL_ALL_CELLS,4522,0.05,Skill_RMSE / squared-error loss difference
28045002_10_49,xgboost_direct,3,lags_only,0.2587,0.3611736338376042,False,GLOBAL_ALL_CELLS,4522,0.05,Skill_RMSE / squared-error loss difference
28045002_10_49,xgboost_direct,4,lags_only,0.011,0.030293544457978074,True,GLOBAL_ALL_CELLS,4522,0.05,Skill_RMSE / squared-error loss difference
28045002_10_49,xgboost_direct,5,lags_only,0.2416,0.3433423004399749,False,GLOBAL_ALL_CELLS,4522,0.05,Skill_RMSE / squared-error loss difference
28045002_10_49,xgboost_direct,6,lags_only,0.0005,0.0021887705711519847,True,GLOBAL_ALL_CELLS,4522,0.05,Skill_RMSE / squared-error loss difference
28045002_10_49,xgboost_direct,7,lags_only,0.0027,0.00931304347826087,True,GLOBAL_ALL_CELLS,4522,0.05,Skill_RMSE / squared-error loss difference
28049003_10_49,sarima,1,lags_only,0.2209,0.32098643958868894,False,GLOBAL_ALL_CELLS,4522,0.05,Skill_RMSE / squared-error loss difference
28049003_10_49,sarima,2,lags_only,0.0045,0.01435049365303244,True,GLOBAL_ALL_CELLS,4522,0.05,Skill_RMSE / squared-error loss difference
28049003_10_49,sarima,3,lags_only,0.0076,0.022229754204398447,True,GLOBAL_ALL_CELLS,4522,0.05,Skill_RMSE / squared-error loss difference
28049003_10_49,sarima,4,lags_only,0.0314,0.07081835411471321,False,GLOBAL_ALL_CELLS,4522,0.05,Skill_RMSE / squared-error loss difference
28049003_10_49,sarima,5,lags_only,0.0738,0.13699655172413794,False,GLOBAL_ALL_CELLS,4522,0.05,Skill_RMSE / squared-error loss difference
28049003_10_49,sarima,6,lags_only,0.2074,0.3061909239307868,False,GLOBAL_ALL_CELLS,4522,0.05,Skill_RMSE / squared-error loss difference
28049003_10_49,sarima,7,lags_only,0.3247,0.42583915313225057,False,GLOBAL_ALL_CELLS,4522,0.05,Skill_RMSE / squared-error loss difference
28049003_10_49,xgboost_direct,1,lags_only,0.7147,0.8055516949152542,False,GLOBAL_ALL_CELLS,4522,0.05,Skill_RMSE / squared-error loss difference
28049003_10_49,xgboost_direct,2,lags_only,0.0194,0.0478075204359673,True,GLOBAL_ALL_CELLS,4522,0.05,Skill_RMSE / squared-error loss difference
28049003_10_49,xgboost_direct,3,lags_only,0.0003,0.0014087227414330216,True,GLOBAL_ALL_CELLS,4522,0.05,Skill_RMSE / squared-error loss difference
28049003_10_49,xgboost_direct,4,lags_only,0.0657,0.12477757244855102,False,GLOBAL_ALL_CELLS,4522,0.05,Skill_RMSE / squared-error loss difference
28049003_10_49,xgboost_direct,5,lags_only,0.0013,0.004969230769230769,True,GLOBAL_ALL_CELLS,4522,0.05,Skill_RMSE / squared-error loss difference
28049003_10_49,xgboost_direct,6,lags_only,0.0,0.0,True,GLOBAL_ALL_CELLS,4522,0.05,Skill_RMSE / squared-error loss difference
28049003_10_49,xgboost_direct,7,lags_only,0.0,0.0,True,GLOBAL_ALL_CELLS,4522,0.05,Skill_RMSE / squared-error loss difference
28058004_10_49,sarima,1,lags_only,0.1057,0.18070903591682422,False,GLOBAL_ALL_CELLS,4522,0.05,Skill_RMSE / squared-error loss difference
28058004_10_49,sarima,2,lags_only,0.0009,0.003585726872246696,True,GLOBAL_ALL_CELLS,4522,0.05,Skill_RMSE / squared-error loss difference
28058004_10_49,sarima,3,lags_only,0.0033,0.011012988929889299,True,GLOBAL_ALL_CELLS,4522,0.05,Skill_RMSE / squared-error loss difference
28058004_10_49,sarima,4,lags_only,0.0194,0.0478075204359673,True,GLOBAL_ALL_CELLS,4522,0.05,Skill_RMSE / squared-error loss difference
28058004_10_49,sarima,5,lags_only,0.0358,0.0774211382113821,False,GLOBAL_ALL_CELLS,4522,0.05,Skill_RMSE / squared-error loss difference
28058004_10_49,sarima,6,lags_only,0.1346,0.21910050395968322,False,GLOBAL_ALL_CELLS,4522,0.05,Skill_RMSE / squared-error loss difference
28058004_10_49,sarima,7,lags_only,0.2474,0.3499351892399124,False,GLOBAL_ALL_CELLS,4522,0.05,Skill_RMSE / squared-error loss difference
28058004_10_49,xgboost_direct,1,lags_only,0.6338,0.7263161682716675,False,GLOBAL_ALL_CELLS,4522,0.05,Skill_RMSE / squared-error loss difference
28058004_10_49,xgboost_direct,2,lags_only,0.1729,0.2662989782016349,False,GLOBAL_ALL_CELLS,4522,0.05,Skill_RMSE / squared-error loss difference
28058004_10_49,xgboost_direct,3,lags_only,0.1137,0.19120542952770544,False,GLOBAL_ALL_CELLS,4522,0.05,Skill_RMSE / squared-error loss difference
28058004_10_49,xgboost_direct,4,lags_only,0.103,0.17676129032258064,False,GLOBAL_ALL_CELLS,4522,0.05,Skill_RMSE / squared-error loss difference
28058004_10_49,xgboost_direct,5,lags_only,0.268,0.3710642988364973,False,GLOBAL_ALL_CELLS,4522,0.05,Skill_RMSE / squared-error loss difference
28058004_10_49,xgboost_direct,6,lags_only,0.0,0.0,True,GLOBAL_ALL_CELLS,4522,0.05,Skill_RMSE / squared-error loss difference
28058004_10_49,xgboost_direct,7,lags_only,0.0,0.0,True,GLOBAL_ALL_CELLS,4522,0.05,Skill_RMSE / squared-error loss difference
28065014_10_49,sarima,1,lags_only,0.0673,0.127175344755537,False,GLOBAL_ALL_CELLS,4522,0.05,Skill_RMSE / squared-error loss difference
28065014_10_49,sarima,2,lags_only,0.0017,0.006306316652994257,True,GLOBAL_ALL_CELLS,4522,0.05,Skill_RMSE / squared-error loss difference
28065014_10_49,sarima,3,lags_only,0.006,0.01822162525184688,True,GLOBAL_ALL_CELLS,4522,0.05,Skill_RMSE / squared-error loss difference
28065014_10_49,sarima,4,lags_only,0.0263,0.0609265368852459,False,GLOBAL_ALL_CELLS,4522,0.05,Skill_RMSE / squared-error loss difference
28065014_10_49,sarima,5,lags_only,0.0848,0.15301899441340783,False,GLOBAL_ALL_CELLS,4522,0.05,Skill_RMSE / squared-error loss difference
28065014_10_49,sarima,6,lags_only,0.2249,0.3250638977635783,False,GLOBAL_ALL_CELLS,4522,0.05,Skill_RMSE / squared-error loss difference
28065014_10_49,sarima,7,lags_only,0.3032,0.4061227488151659,False,GLOBAL_ALL_CELLS,4522,0.05,Skill_RMSE / squared-error loss difference
28065014_10_49,xgboost_direct,1,lags_only,0.7399,0.8304362869198312,False,GLOBAL_ALL_CELLS,4522,0.05,Skill_RMSE / squared-error loss difference
28065014_10_49,xgboost_direct,2,lags_only,0.2158,0.3159105212042732,False,GLOBAL_ALL_CELLS,4522,0.05,Skill_RMSE / squared-error loss difference
28065014_10_49,xgboost_direct,3,lags_only,0.0964,0.1687,False,GLOBAL_ALL_CELLS,4522,0.05,Skill_RMSE / squared-error loss difference
28065014_10_49,xgboost_direct,4,lags_only,0.008,0.023249357326478152,True,GLOBAL_ALL_CELLS,4522,0.05,Skill_RMSE / squared-error loss difference
28065014_10_49,xgboost_direct,5,lags_only,0.3306,0.4316988738088363,False,GLOBAL_ALL_CELLS,4522,0.05,Skill_RMSE / squared-error loss difference
28065014_10_49,xgboost_direct,6,lags_only,0.001,0.003945898778359511,True,GLOBAL_ALL_CELLS,4522,0.05,Skill_RMSE / squared-error loss difference
28065014_10_49,xgboost_direct,7,lags_only,0.0031,0.010453542132736764,True,GLOBAL_ALL_CELLS,4522,0.05,Skill_RMSE / squared-error loss difference
28067001_10_49,sarima,1,lags_only,0.3098,0.4115498237367803,False,GLOBAL_ALL_CELLS,4522,0.05,Skill_RMSE / squared-error loss difference
28067001_10_49,sarima,2,lags_only,0.0179,0.044597134986225896,True,GLOBAL_ALL_CELLS,4522,0.05,Skill_RMSE / squared-error loss difference
28067001_10_49,sarima,3,lags_only,0.0201,0.04913091891891892,True,GLOBAL_ALL_CELLS,4522,0.05,Skill_RMSE / squared-error loss difference
28067001_10_49,sarima,4,lags_only,0.0263,0.0609265368852459,False,GLOBAL_ALL_CELLS,4522,0.05,Skill_RMSE / squared-error loss difference
28067001_10_49,sarima,5,lags_only,0.054,0.10649280418665504,False,GLOBAL_ALL_CELLS,4522,0.05,Skill_RMSE / squared-error loss difference
28067001_10_49,sarima,6,lags_only,0.1341,0.21844387608069166,False,GLOBAL_ALL_CELLS,4522,0.05,Skill_RMSE / squared-error loss difference
28067001_10_49,sarima,7,lags_only,0.1897,0.28708949129852745,False,GLOBAL_ALL_CELLS,4522,0.05,Skill_RMSE / squared-error loss difference
28067001_10_49,xgboost_direct,1,lags_only,0.819,0.9079475361608236,False,GLOBAL_ALL_CELLS,4522,0.05,Skill_RMSE / squared-error loss difference
28067001_10_49,xgboost_direct,2,lags_only,0.3856,0.47588314238952534,False,GLOBAL_ALL_CELLS,4522,0.05,Skill_RMSE / squared-error loss difference
28067001_10_49,xgboost_direct,3,lags_only,0.1013,0.1746391917651544,False,GLOBAL_ALL_CELLS,4522,0.05,Skill_RMSE / squared-error loss difference
28067001_10_49,xgboost_direct,4,lags_only,0.2447,0.34698444653496396,False,GLOBAL_ALL_CELLS,4522,0.05,Skill_RMSE / squared-error loss difference
28067001_10_49,xgboost_direct,5,lags_only,0.6387,0.7310051632498102,False,GLOBAL_ALL_CELLS,4522,0.05,Skill_RMSE / squared-error loss difference
28067001_10_49,xgboost_direct,6,lags_only,0.3946,0.48488619565217395,False,GLOBAL_ALL_CELLS,4522,0.05,Skill_RMSE / squared-error loss difference
28067001_10_49,xgboost_direct,7,lags_only,0.2164,0.316379178790818,False,GLOBAL_ALL_CELLS,4522,0.05,Skill_RMSE / squared-error loss difference
28074007_10_49,sarima,1,lags_only,0.1887,0.28586311557788946,False,GLOBAL_ALL_CELLS,4522,0.05,Skill_RMSE / squared-error loss difference
28074007_10_49,sarima,2,lags_only,0.0082,0.023693546325878598,True,GLOBAL_ALL_CELLS,4522,0.05,Skill_RMSE / squared-error loss difference
28074007_10_49,sarima,3,lags_only,0.0346,0.07547573564881814,False,GLOBAL_ALL_CELLS,4522,0.05,Skill_RMSE / squared-error loss difference
28074007_10_49,sarima,4,lags_only,0.0917,0.16261466666666669,False,GLOBAL_ALL_CELLS,4522,0.05,Skill_RMSE / squared-error loss difference
28074007_10_49,sarima,5,lags_only,0.1771,0.2716574626865672,False,GLOBAL_ALL_CELLS,4522,0.05,Skill_RMSE / squared-error loss difference
28074007_10_49,sarima,6,lags_only,0.2817,0.38403599638227315,False,GLOBAL_ALL_CELLS,4522,0.05,Skill_RMSE / squared-error loss difference
28074007_10_49,sarima,7,lags_only,0.3339,0.4347526058162971,False,GLOBAL_ALL_CELLS,4522,0.05,Skill_RMSE / squared-error loss difference
28074007_10_49,xgboost_direct,1,lags_only,0.6408,0.7322965883244882,False,GLOBAL_ALL_CELLS,4522,0.05,Skill_RMSE / squared-error loss difference
28074007_10_49,xgboost_direct,2,lags_only,0.1685,0.2616610576923077,False,GLOBAL_ALL_CELLS,4522,0.05,Skill_RMSE / squared-error loss difference
28074007_10_49,xgboost_direct,3,lags_only,0.0002,0.0009819761129207384,True,GLOBAL_ALL_CELLS,4522,0.05,Skill_RMSE / squared-error loss difference
28074007_10_49,xgboost_direct,4,lags_only,0.0,0.0,True,GLOBAL_ALL_CELLS,4522,0.05,Skill_RMSE / squared-error loss difference
28074007_10_49,xgboost_direct,5,lags_only,0.0001,0.0005270396270396271,True,GLOBAL_ALL_CELLS,4522,0.05,Skill_RMSE / squared-error loss difference
28074007_10_49,xgboost_direct,6,lags_only,0.0,0.0,True,GLOBAL_ALL_CELLS,4522,0.05,Skill_RMSE / squared-error loss difference
28074007_10_49,xgboost_direct,7,lags_only,0.0,0.0,True,GLOBAL_ALL_CELLS,4522,0.05,Skill_RMSE / squared-error loss difference
28079008_10_47,sarima,1,lags_only,0.2055,0.30427996070726915,False,GLOBAL_ALL_CELLS,4522,0.05,Skill_RMSE / squared-error loss difference
28079008_10_47,sarima,2,lags_only,0.0901,0.1602801730920535,False,GLOBAL_ALL_CELLS,4522,0.05,Skill_RMSE / squared-error loss difference
28079008_10_47,sarima,3,lags_only,0.051,0.10168518518518518,False,GLOBAL_ALL_CELLS,4522,0.05,Skill_RMSE / squared-error loss difference
28079008_10_47,sarima,4,lags_only,0.1041,0.17831068181818183,False,GLOBAL_ALL_CELLS,4522,0.05,Skill_RMSE / squared-error loss difference
28079008_10_47,sarima,5,lags_only,0.2622,0.3650456896551724,False,GLOBAL_ALL_CELLS,4522,0.05,Skill_RMSE / squared-error loss difference
28079008_10_47,sarima,6,lags_only,0.3014,0.4044305044510386,False,GLOBAL_ALL_CELLS,4522,0.05,Skill_RMSE / squared-error loss difference
28079008_10_47,sarima,7,lags_only,0.3084,0.4102926743159753,False,GLOBAL_ALL_CELLS,4522,0.05,Skill_RMSE / squared-error loss difference
28079008_10_47,xgboost_direct,1,lags_only,0.7034,0.7951937,False,GLOBAL_ALL_CELLS,4522,0.05,Skill_RMSE / squared-error loss difference
28079008_10_47,xgboost_direct,2,lags_only,0.2768,0.3791849742502272,False,GLOBAL_ALL_CELLS,4522,0.05,Skill_RMSE / squared-error loss difference
28079008_10_47,xgboost_direct,3,lags_only,0.1139,0.19139940542549239,False,GLOBAL_ALL_CELLS,4522,0.05,Skill_RMSE / squared-error loss difference
28079008_10_47,xgboost_direct,4,lags_only,0.1078,0.18367430293896006,False,GLOBAL_ALL_CELLS,4522,0.05,Skill_RMSE / squared-error loss difference
28079008_10_47,xgboost_direct,5,lags_only,0.205,0.30388669724770645,False,GLOBAL_ALL_CELLS,4522,0.05,Skill_RMSE / squared-error loss difference
28079008_10_47,xgboost_direct,6,lags_only,0.0125,0.03360582639714626,True,GLOBAL_ALL_CELLS,4522,0.05,Skill_RMSE / squared-error loss difference
28079008_10_47,xgboost_direct,7,lags_only,0.019,0.04697539639147075,True,GLOBAL_ALL_CELLS,4522,0.05,Skill_RMSE / squared-error loss difference
28079018_10_47,sarima,1,lags_only,0.1484,0.23629042253521126,False,GLOBAL_ALL_CELLS,4522,0.05,Skill_RMSE / squared-error loss difference
28079018_10_47,sarima,2,lags_only,0.0215,0.05176943556975506,False,GLOBAL_ALL_CELLS,4522,0.05,Skill_RMSE / squared-error loss difference
28079018_10_47,sarima,3,lags_only,0.0234,0.05542943949711891,False,GLOBAL_ALL_CELLS,4522,0.05,Skill_RMSE / squared-error loss difference
28079018_10_47,sarima,4,lags_only,0.0313,0.07073393303348326,False,GLOBAL_ALL_CELLS,4522,0.05,Skill_RMSE / squared-error loss difference
28079018_10_47,sarima,5,lags_only,0.0419,0.08747543859649123,False,GLOBAL_ALL_CELLS,4522,0.05,Skill_RMSE / squared-error loss difference
28079018_10_47,sarima,6,lags_only,0.0908,0.16127164179104478,False,GLOBAL_ALL_CELLS,4522,0.05,Skill_RMSE / squared-error loss difference
28079018_10_47,sarima,7,lags_only,0.1538,0.2436019614711033,False,GLOBAL_ALL_CELLS,4522,0.05,Skill_RMSE / squared-error loss difference
28079018_10_47,xgboost_direct,1,lags_only,0.9063,0.9856393939393939,False,GLOBAL_ALL_CELLS,4522,0.05,Skill_RMSE / squared-error loss difference
28079018_10_47,xgboost_direct,2,lags_only,0.2574,0.36036,False,GLOBAL_ALL_CELLS,4522,0.05,Skill_RMSE / squared-error loss difference
28079018_10_47,xgboost_direct,3,lags_only,0.0219,0.052508907741251325,False,GLOBAL_ALL_CELLS,4522,0.05,Skill_RMSE / squared-error loss difference
28079018_10_47,xgboost_direct,4,lags_only,0.0017,0.006306316652994257,True,GLOBAL_ALL_CELLS,4522,0.05,Skill_RMSE / squared-error loss difference
28079018_10_47,xgboost_direct,5,lags_only,0.0011,0.004273367697594502,True,GLOBAL_ALL_CELLS,4522,0.05,Skill_RMSE / squared-error loss difference
28079018_10_47,xgboost_direct,6,lags_only,0.0006,0.002552398871119473,True,GLOBAL_ALL_CELLS,4522,0.05,Skill_RMSE / squared-error loss difference
28079018_10_47,xgboost_direct,7,lags_only,0.0005,0.0021887705711519847,True,GLOBAL_ALL_CELLS,4522,0.05,Skill_RMSE / squared-error loss difference
28079024_10_47,sarima,1,lags_only,0.2899,0.39249335329341317,False,GLOBAL_ALL_CELLS,4522,0.05,Skill_RMSE / squared-error loss difference
28079024_10_47,sarima,2,lags_only,0.0514,0.10239242290748898,False,GLOBAL_ALL_CELLS,4522,0.05,Skill_RMSE / squared-error loss difference
28079024_10_47,sarima,3,lags_only,0.0993,0.172307981580967,False,GLOBAL_ALL_CELLS,4522,0.05,Skill_RMSE / squared-error loss difference
28079024_10_47,sarima,4,lags_only,0.1612,0.25284301075268817,False,GLOBAL_ALL_CELLS,4522,0.05,Skill_RMSE / squared-error loss difference
28079024_10_47,sarima,5,lags_only,0.2305,0.33163251670378624,False,GLOBAL_ALL_CELLS,4522,0.05,Skill_RMSE / squared-error loss difference
28079024_10_47,sarima,6,lags_only,0.2802,0.3824522789012979,False,GLOBAL_ALL_CELLS,4522,0.05,Skill_RMSE / squared-error loss difference
28079024_10_47,sarima,7,lags_only,0.3175,0.4199377777777778,False,GLOBAL_ALL_CELLS,4522,0.05,Skill_RMSE / squared-error loss difference
28079024_10_47,xgboost_direct,1,lags_only,0.7383,0.8290520486714675,False,GLOBAL_ALL_CELLS,4522,0.05,Skill_RMSE / squared-error loss difference
28079024_10_47,xgboost_direct,2,lags_only,0.2142,0.3139748460291734,False,GLOBAL_ALL_CELLS,4522,0.05,Skill_RMSE / squared-error loss difference
28079024_10_47,xgboost_direct,3,lags_only,0.0845,0.15272142286171064,False,GLOBAL_ALL_CELLS,4522,0.05,Skill_RMSE / squared-error loss difference
28079024_10_47,xgboost_direct,4,lags_only,0.21,0.3092217518723543,False,GLOBAL_ALL_CELLS,4522,0.05,Skill_RMSE / squared-error loss difference
28079024_10_47,xgboost_direct,5,lags_only,0.311,0.41278015849721167,False,GLOBAL_ALL_CELLS,4522,0.05,Skill_RMSE / squared-error loss difference
28079024_10_47,xgboost_direct,6,lags_only,0.0,0.0,True,GLOBAL_ALL_CELLS,4522,0.05,Skill_RMSE / squared-error loss difference
28079024_10_47,xgboost_direct,7,lags_only,0.0002,0.0009819761129207384,True,GLOBAL_ALL_CELLS,4522,0.05,Skill_RMSE / squared-error loss difference
28079036_10_47,sarima,1,lags_only,0.1573,0.24801624825662483,False,GLOBAL_ALL_CELLS,4522,0.05,Skill_RMSE / squared-error loss difference
28079036_10_47,sarima,2,lags_only,0.017,0.04287451199107641,True,GLOBAL_ALL_CELLS,4522,0.05,Skill_RMSE / squared-error loss difference
28079036_10_47,sarima,3,lags_only,0.0344,0.07514821256038648,False,GLOBAL_ALL_CELLS,4522,0.05,Skill_RMSE / squared-error loss difference
28079036_10_47,sarima,4,lags_only,0.0684,0.12882332361516036,False,GLOBAL_ALL_CELLS,4522,0.05,Skill_RMSE / squared-error loss difference
28079036_10_47,sarima,5,lags_only,0.1253,0.20709305555555554,False,GLOBAL_ALL_CELLS,4522,0.05,Skill_RMSE / squared-error loss difference
28079036_10_47,sarima,6,lags_only,0.2436,0.34585846153846156,False,GLOBAL_ALL_CELLS,4522,0.05,Skill_RMSE / squared-error loss difference
28079036_10_47,sarima,7,lags_only,0.3316,0.4328796766743649,False,GLOBAL_ALL_CELLS,4522,0.05,Skill_RMSE / squared-error loss difference
28079036_10_47,xgboost_direct,1,lags_only,0.7145,0.8055270506108203,False,GLOBAL_ALL_CELLS,4522,0.05,Skill_RMSE / squared-error loss difference
28079036_10_47,xgboost_direct,2,lags_only,0.0946,0.1667113016367888,False,GLOBAL_ALL_CELLS,4522,0.05,Skill_RMSE / squared-error loss difference
28079036_10_47,xgboost_direct,3,lags_only,0.1664,0.25902265060240964,False,GLOBAL_ALL_CELLS,4522,0.05,Skill_RMSE / squared-error loss difference
28079036_10_47,xgboost_direct,4,lags_only,0.0,0.0,True,GLOBAL_ALL_CELLS,4522,0.05,Skill_RMSE / squared-error loss difference
28079036_10_47,xgboost_direct,5,lags_only,0.0,0.0,True,GLOBAL_ALL_CELLS,4522,0.05,Skill_RMSE / squared-error loss difference
28079036_10_47,xgboost_direct,6,lags_only,0.0022,0.00785193370165746,True,GLOBAL_ALL_CELLS,4522,0.05,Skill_RMSE / squared-error loss difference
28079036_10_47,xgboost_direct,7,lags_only,0.0,0.0,True,GLOBAL_ALL_CELLS,4522,0.05,Skill_RMSE / squared-error loss difference
28079038_10_47,sarima,1,lags_only,0.2812,0.38346996381182147,False,GLOBAL_ALL_CELLS,4522,0.05,Skill_RMSE / squared-error loss difference
28079038_10_47,sarima,2,lags_only,0.0985,0.17131423076923077,False,GLOBAL_ALL_CELLS,4522,0.05,Skill_RMSE / squared-error loss difference
28079038_10_47,sarima,3,lags_only,0.0442,0.09122428115015975,False,GLOBAL_ALL_CELLS,4522,0.05,Skill_RMSE / squared-error loss difference
28079038_10_47,sarima,4,lags_only,0.0338,0.07434027237354085,False,GLOBAL_ALL_CELLS,4522,0.05,Skill_RMSE / squared-error loss difference
28079038_10_47,sarima,5,lags_only,0.0841,0.152059256297481,False,GLOBAL_ALL_CELLS,4522,0.05,Skill_RMSE / squared-error loss difference
28079038_10_47,sarima,6,lags_only,0.1612,0.25284301075268817,False,GLOBAL_ALL_CELLS,4522,0.05,Skill_RMSE / squared-error loss difference
28079038_10_47,sarima,7,lags_only,0.2167,0.3165107881136951,False,GLOBAL_ALL_CELLS,4522,0.05,Skill_RMSE / squared-error loss difference
28079038_10_47,xgboost_direct,1,lags_only,0.8152,0.9041781702232033,False,GLOBAL_ALL_CELLS,4522,0.05,Skill_RMSE / squared-error loss difference
28079038_10_47,xgboost_direct,2,lags_only,0.3512,0.44773791936848045,False,GLOBAL_ALL_CELLS,4522,0.05,Skill_RMSE / squared-error loss difference
28079038_10_47,xgboost_direct,3,lags_only,0.0855,0.15397491039426525,False,GLOBAL_ALL_CELLS,4522,0.05,Skill_RMSE / squared-error loss difference
28079038_10_47,xgboost_direct,4,lags_only,0.0266,0.06143268641470888,False,GLOBAL_ALL_CELLS,4522,0.05,Skill_RMSE / squared-error loss difference
28079038_10_47,xgboost_direct,5,lags_only,0.009,0.025515987460815046,True,GLOBAL_ALL_CELLS,4522,0.05,Skill_RMSE / squared-error loss difference
28079038_10_47,xgboost_direct,6,lags_only,0.0027,0.00931304347826087,True,GLOBAL_ALL_CELLS,4522,0.05,Skill_RMSE / squared-error loss difference
28079038_10_47,xgboost_direct,7,lags_only,0.0116,0.031580493678506925,True,GLOBAL_ALL_CELLS,4522,0.05,Skill_RMSE / squared-error loss difference
28079040_10_47,sarima,1,lags_only,0.06,0.11604790419161676,False,GLOBAL_ALL_CELLS,4522,0.05,Skill_RMSE / squared-error loss difference
28079040_10_47,sarima,2,lags_only,0.0492,0.09866181818181818,False,GLOBAL_ALL_CELLS,4522,0.05,Skill_RMSE / squared-error loss difference
28079040_10_47,sarima,3,lags_only,0.06,0.11604790419161676,False,GLOBAL_ALL_CELLS,4522,0.05,Skill_RMSE / squared-error loss difference
28079040_10_47,sarima,4,lags_only,0.1947,0.29269727393617023,False,GLOBAL_ALL_CELLS,4522,0.05,Skill_RMSE / squared-error loss difference
28079040_10_47,sarima,5,lags_only,0.2283,0.32909550525980236,False,GLOBAL_ALL_CELLS,4522,0.05,Skill_RMSE / squared-error loss difference
28079040_10_47,sarima,6,lags_only,0.3385,0.4392243902439025,False,GLOBAL_ALL_CELLS,4522,0.05,Skill_RMSE / squared-error loss difference
28079040_10_47,sarima,7,lags_only,0.3926,0.48308495238095234,False,GLOBAL_ALL_CELLS,4522,0.05,Skill_RMSE / squared-error loss difference
28079040_10_47,xgboost_direct,1,lags_only,0.896,0.9774938480096502,False,GLOBAL_ALL_CELLS,4522,0.05,Skill_RMSE / squared-error loss difference
28079040_10_47,xgboost_direct,2,lags_only,0.3846,0.4750508604206501,False,GLOBAL_ALL_CELLS,4522,0.05,Skill_RMSE / squared-error loss difference
28079040_10_47,xgboost_direct,3,lags_only,0.1785,0.27343394308943086,False,GLOBAL_ALL_CELLS,4522,0.05,Skill_RMSE / squared-error loss difference
28079040_10_47,xgboost_direct,4,lags_only,0.0361,0.07784654268001907,False,GLOBAL_ALL_CELLS,4522,0.05,Skill_RMSE / squared-error loss difference
28079040_10_47,xgboost_direct,5,lags_only,0.0165,0.04187037037037037,True,GLOBAL_ALL_CELLS,4522,0.05,Skill_RMSE / squared-error loss difference
28079040_10_47,xgboost_direct,6,lags_only,0.0049,0.01540876216968011,True,GLOBAL_ALL_CELLS,4522,0.05,Skill_RMSE / squared-error loss difference
28079040_10_47,xgboost_direct,7,lags_only,0.0023,0.008163736263736263,True,GLOBAL_ALL_CELLS,4522,0.05,Skill_RMSE / squared-error loss difference
28079047_10_47,sarima,1,lags_only,0.6309,0.7235429368501141,False,GLOBAL_ALL_CELLS,4522,0.05,Skill_RMSE / squared-error loss difference
28079047_10_47,sarima,2,lags_only,0.6038,0.6963487885743433,False,GLOBAL_ALL_CELLS,4522,0.05,Skill_RMSE / squared-error loss difference
28079047_10_47,sarima,3,lags_only,0.9276,1.0,False,GLOBAL_ALL_CELLS,4522,0.05,Skill_RMSE / squared-error loss difference
28079047_10_47,sarima,4,lags_only,0.9996,1.0,False,GLOBAL_ALL_CELLS,4522,0.05,Skill_RMSE / squared-error loss difference
28079047_10_47,sarima,5,lags_only,0.9989,1.0,False,GLOBAL_ALL_CELLS,4522,0.05,Skill_RMSE / squared-error loss difference
28079047_10_47,sarima,6,lags_only,0.9956,1.0,False,GLOBAL_ALL_CELLS,4522,0.05,Skill_RMSE / squared-error loss difference
28079047_10_47,sarima,7,lags_only,0.9975,1.0,False,GLOBAL_ALL_CELLS,4522,0.05,Skill_RMSE / squared-error loss difference
28079047_10_47,xgboost_direct,1,lags_only,1.0,1.0,False,GLOBAL_ALL_CELLS,4522,0.05,Skill_RMSE / squared-error loss difference
28079047_10_47,xgboost_direct,2,lags_only,0.1138,0.19130245353159853,False,GLOBAL_ALL_CELLS,4522,0.05,Skill_RMSE / squared-error loss difference
28079047_10_47,xgboost_direct,3,lags_only,0.0073,0.021505276872964173,True,GLOBAL_ALL_CELLS,4522,0.05,Skill_RMSE / squared-error loss difference
28079047_10_47,xgboost_direct,4,lags_only,0.163,0.2550470588235294,False,GLOBAL_ALL_CELLS,4522,0.05,Skill_RMSE / squared-error loss difference
28079047_10_47,xgboost_direct,5,lags_only,0.0174,0.04368839533592449,True,GLOBAL_ALL_CELLS,4522,0.05,Skill_RMSE / squared-error loss difference
28079047_10_47,xgboost_direct,6,lags_only,0.1416,0.22762715961606825,False,GLOBAL_ALL_CELLS,4522,0.05,Skill_RMSE / squared-error loss difference
28079047_10_47,xgboost_direct,7,lags_only,0.6587,0.7499097180261832,False,GLOBAL_ALL_CELLS,4522,0.05,Skill_RMSE / squared-error loss difference
28079048_10_47,sarima,1,lags_only,0.0515,0.10254645530603258,False,GLOBAL_ALL_CELLS,4522,0.05,Skill_RMSE / squared-error loss difference
28079048_10_47,sarima,2,lags_only,0.0001,0.0005270396270396271,True,GLOBAL_ALL_CELLS,4522,0.05,Skill_RMSE / squared-error loss difference
28079048_10_47,sarima,3,lags_only,0.0008,0.003244484304932736,True,GLOBAL_ALL_CELLS,4522,0.05,Skill_RMSE / squared-error loss difference
28079048_10_47,sarima,4,lags_only,0.0085,0.024358048162230674,True,GLOBAL_ALL_CELLS,4522,0.05,Skill_RMSE / squared-error loss difference
28079048_10_47,sarima,5,lags_only,0.0756,0.13947906976744187,False,GLOBAL_ALL_CELLS,4522,0.05,Skill_RMSE / squared-error loss difference
28079048_10_47,sarima,6,lags_only,0.1898,0.2871447306791569,False,GLOBAL_ALL_CELLS,4522,0.05,Skill_RMSE / squared-error loss difference
28079048_10_47,sarima,7,lags_only,0.2658,0.36869558282208587,False,GLOBAL_ALL_CELLS,4522,0.05,Skill_RMSE / squared-error loss difference
28079048_10_47,xgboost_direct,1,lags_only,0.7312,0.8223045013678189,False,GLOBAL_ALL_CELLS,4522,0.05,Skill_RMSE / squared-error loss difference
28079048_10_47,xgboost_direct,2,lags_only,0.002,0.007229416466826539,True,GLOBAL_ALL_CELLS,4522,0.05,Skill_RMSE / squared-error loss difference
28079048_10_47,xgboost_direct,3,lags_only,0.0003,0.0014087227414330216,True,GLOBAL_ALL_CELLS,4522,0.05,Skill_RMSE / squared-error loss difference
28079048_10_47,xgboost_direct,4,lags_only,0.0,0.0,True,GLOBAL_ALL_CELLS,4522,0.05,Skill_RMSE / squared-error loss difference
28079048_10_47,xgboost_direct,5,lags_only,0.0,0.0,True,GLOBAL_ALL_CELLS,4522,0.05,Skill_RMSE / squared-error loss difference
28079048_10_47,xgboost_direct,6,lags_only,0.0001,0.0005270396270396271,True,GLOBAL_ALL_CELLS,4522,0.05,Skill_RMSE / squared-error loss difference
28079048_10_47,xgboost_direct,7,lags_only,0.0,0.0,True,GLOBAL_ALL_CELLS,4522,0.05,Skill_RMSE / squared-error loss difference
28079050_10_47,sarima,1,lags_only,0.2819,0.3841928270042194,False,GLOBAL_ALL_CELLS,4522,0.05,Skill_RMSE / squared-error loss difference
28079050_10_47,sarima,2,lags_only,0.0362,0.07798780371605527,False,GLOBAL_ALL_CELLS,4522,0.05,Skill_RMSE / squared-error loss difference
28079050_10_47,sarima,3,lags_only,0.0148,0.03846298850574713,True,GLOBAL_ALL_CELLS,4522,0.05,Skill_RMSE / squared-error loss difference
28079050_10_47,sarima,4,lags_only,0.0577,0.11251375592927985,False,GLOBAL_ALL_CELLS,4522,0.05,Skill_RMSE / squared-error loss difference
28079050_10_47,sarima,5,lags_only,0.1961,0.2942150630391506,False,GLOBAL_ALL_CELLS,4522,0.05,Skill_RMSE / squared-error loss difference
28079050_10_47,sarima,6,lags_only,0.3326,0.4338094029420248,False,GLOBAL_ALL_CELLS,4522,0.05,Skill_RMSE / squared-error loss difference
28079050_10_47,sarima,7,lags_only,0.3624,0.45307514514791264,False,GLOBAL_ALL_CELLS,4522,0.05,Skill_RMSE / squared-error loss difference
28079050_10_47,xgboost_direct,1,lags_only,0.6723,0.763662547098719,False,GLOBAL_ALL_CELLS,4522,0.05,Skill_RMSE / squared-error loss difference
28079050_10_47,xgboost_direct,2,lags_only,0.0176,0.04406821705426357,True,GLOBAL_ALL_CELLS,4522,0.05,Skill_RMSE / squared-error loss difference
28079050_10_47,xgboost_direct,3,lags_only,0.0,0.0,True,GLOBAL_ALL_CELLS,4522,0.05,Skill_RMSE / squared-error loss difference
28079050_10_47,xgboost_direct,4,lags_only,0.0,0.0,True,GLOBAL_ALL_CELLS,4522,0.05,Skill_RMSE / squared-error loss difference
28079050_10_47,xgboost_direct,5,lags_only,0.3477,0.4461689557321226,False,GLOBAL_ALL_CELLS,4522,0.05,Skill_RMSE / squared-error loss difference
28079050_10_47,xgboost_direct,6,lags_only,0.0,0.0,True,GLOBAL_ALL_CELLS,4522,0.05,Skill_RMSE / squared-error loss difference
28079050_10_47,xgboost_direct,7,lags_only,0.0149,0.038611919770773634,True,GLOBAL_ALL_CELLS,4522,0.05,Skill_RMSE / squared-error loss difference
28079055_10_47,sarima,1,lags_only,0.1214,0.20205034965034963,False,GLOBAL_ALL_CELLS,4522,0.05,Skill_RMSE / squared-error loss difference
28079055_10_47,sarima,2,lags_only,0.0016,0.005964715581203628,True,GLOBAL_ALL_CELLS,4522,0.05,Skill_RMSE / squared-error loss difference
28079055_10_47,sarima,3,lags_only,0.0238,0.05625906952430738,False,GLOBAL_ALL_CELLS,4522,0.05,Skill_RMSE / squared-error loss difference
28079055_10_47,sarima,4,lags_only,0.178,0.27285288135593216,False,GLOBAL_ALL_CELLS,4522,0.05,Skill_RMSE / squared-error loss difference
28079055_10_47,sarima,5,lags_only,0.2442,0.3463840652446675,False,GLOBAL_ALL_CELLS,4522,0.05,Skill_RMSE / squared-error loss difference
28079055_10_47,sarima,6,lags_only,0.3069,0.40901909814323606,False,GLOBAL_ALL_CELLS,4522,0.05,Skill_RMSE / squared-error loss difference
28079055_10_47,sarima,7,lags_only,0.3569,0.45068466908684723,False,GLOBAL_ALL_CELLS,4522,0.05,Skill_RMSE / squared-error loss difference
28079055_10_47,xgboost_direct,1,lags_only,0.6276,0.7207870492635856,False,GLOBAL_ALL_CELLS,4522,0.05,Skill_RMSE / squared-error loss difference
28079055_10_47,xgboost_direct,2,lags_only,0.0059,0.017966195286195287,True,GLOBAL_ALL_CELLS,4522,0.05,Skill_RMSE / squared-error loss difference
28079055_10_47,xgboost_direct,3,lags_only,0.0,0.0,True,GLOBAL_ALL_CELLS,4522,0.05,Skill_RMSE / squared-error loss difference
28079055_10_47,xgboost_direct,4,lags_only,0.0,0.0,True,GLOBAL_ALL_CELLS,4522,0.05,Skill_RMSE / squared-error loss difference
28079055_10_47,xgboost_direct,5,lags_only,0.0,0.0,True,GLOBAL_ALL_CELLS,4522,0.05,Skill_RMSE / squared-error loss difference
28079055_10_47,xgboost_direct,6,lags_only,0.0,0.0,True,GLOBAL_ALL_CELLS,4522,0.05,Skill_RMSE / squared-error loss difference
28079055_10_47,xgboost_direct,7,lags_only,0.0071,0.020998168737737084,True,GLOBAL_ALL_CELLS,4522,0.05,Skill_RMSE / squared-error loss difference
28079056_10_47,sarima,1,lags_only,0.0343,0.0750385099177552,False,GLOBAL_ALL_CELLS,4522,0.05,Skill_RMSE / squared-error loss difference
28079056_10_47,sarima,2,lags_only,0.0003,0.0014087227414330216,True,GLOBAL_ALL_CELLS,4522,0.05,Skill_RMSE / squared-error loss difference
28079056_10_47,sarima,3,lags_only,0.0061,0.018463319946452478,True,GLOBAL_ALL_CELLS,4522,0.05,Skill_RMSE / squared-error loss difference
28079056_10_47,sarima,4,lags_only,0.0444,0.09155348837209303,False,GLOBAL_ALL_CELLS,4522,0.05,Skill_RMSE / squared-error loss difference
28079056_10_47,sarima,5,lags_only,0.1133,0.19081661080074486,False,GLOBAL_ALL_CELLS,4522,0.05,Skill_RMSE / squared-error loss difference
28079056_10_47,sarima,6,lags_only,0.2924,0.3946963582089552,False,GLOBAL_ALL_CELLS,4522,0.05,Skill_RMSE / squared-error loss difference
28079056_10_47,sarima,7,lags_only,0.5578,0.6511026329375322,False,GLOBAL_ALL_CELLS,4522,0.05,Skill_RMSE / squared-error loss difference
28079056_10_47,xgboost_direct,1,lags_only,0.9997,1.0,False,GLOBAL_ALL_CELLS,4522,0.05,Skill_RMSE / squared-error loss difference
28079056_10_47,xgboost_direct,2,lags_only,0.2331,0.33430960989533776,False,GLOBAL_ALL_CELLS,4522,0.05,Skill_RMSE / squared-error loss difference
28079056_10_47,xgboost_direct,3,lags_only,0.0023,0.008163736263736263,True,GLOBAL_ALL_CELLS,4522,0.05,Skill_RMSE / squared-error loss difference
28079056_10_47,xgboost_direct,4,lags_only,0.0114,0.031092159227985527,True,GLOBAL_ALL_CELLS,4522,0.05,Skill_RMSE / squared-error loss difference
28079056_10_47,xgboost_direct,5,lags_only,0.0004,0.0018106106106106107,True,GLOBAL_ALL_CELLS,4522,0.05,Skill_RMSE / squared-error loss difference
28079056_10_47,xgboost_direct,6,lags_only,0.0,0.0,True,GLOBAL_ALL_CELLS,4522,0.05,Skill_RMSE / squared-error loss difference
28079056_10_47,xgboost_direct,7,lags_only,0.0,0.0,True,GLOBAL_ALL_CELLS,4522,0.05,Skill_RMSE / squared-error loss difference
28079057_10_47,sarima,1,lags_only,0.0887,0.1586007908264136,False,GLOBAL_ALL_CELLS,4522,0.05,Skill_RMSE / squared-error loss difference
28079057_10_47,sarima,2,lags_only,0.0102,0.028384246153846156,True,GLOBAL_ALL_CELLS,4522,0.05,Skill_RMSE / squared-error loss difference
28079057_10_47,sarima,3,lags_only,0.0481,0.09692878787878788,False,GLOBAL_ALL_CELLS,4522,0.05,Skill_RMSE / squared-error loss difference
28079057_10_47,sarima,4,lags_only,0.0894,0.15922284363922803,False,GLOBAL_ALL_CELLS,4522,0.05,Skill_RMSE / squared-error loss difference
28079057_10_47,sarima,5,lags_only,0.1735,0.266950323239197,False,GLOBAL_ALL_CELLS,4522,0.05,Skill_RMSE / squared-error loss difference
28079057_10_47,sarima,6,lags_only,0.2354,0.33654087891242496,False,GLOBAL_ALL_CELLS,4522,0.05,Skill_RMSE / squared-error loss difference
28079057_10_47,sarima,7,lags_only,0.3045,0.4073813609467456,False,GLOBAL_ALL_CELLS,4522,0.05,Skill_RMSE / squared-error loss difference
28079057_10_47,xgboost_direct,1,lags_only,0.8556,0.9402243499392466,False,GLOBAL_ALL_CELLS,4522,0.05,Skill_RMSE / squared-error loss difference
28079057_10_47,xgboost_direct,2,lags_only,0.1388,0.22440243117626027,False,GLOBAL_ALL_CELLS,4522,0.05,Skill_RMSE / squared-error loss difference
28079057_10_47,xgboost_direct,3,lags_only,0.0575,0.11226899827288428,False,GLOBAL_ALL_CELLS,4522,0.05,Skill_RMSE / squared-error loss difference
28079057_10_47,xgboost_direct,4,lags_only,0.1756,0.26953944331296675,False,GLOBAL_ALL_CELLS,4522,0.05,Skill_RMSE / squared-error loss difference
28079057_10_47,xgboost_direct,5,lags_only,0.0012,0.004618212765957446,True,GLOBAL_ALL_CELLS,4522,0.05,Skill_RMSE / squared-error loss difference
28079057_10_47,xgboost_direct,6,lags_only,0.0,0.0,True,GLOBAL_ALL_CELLS,4522,0.05,Skill_RMSE / squared-error loss difference
28079057_10_47,xgboost_direct,7,lags_only,0.0,0.0,True,GLOBAL_ALL_CELLS,4522,0.05,Skill_RMSE / squared-error loss difference
28079060_10_47,sarima,1,lags_only,0.781,0.8711598421312284,False,GLOBAL_ALL_CELLS,4522,0.05,Skill_RMSE / squared-error loss difference
28079060_10_47,sarima,2,lags_only,0.0736,0.13679375256884505,False,GLOBAL_ALL_CELLS,4522,0.05,Skill_RMSE / squared-error loss difference
28079060_10_47,sarima,3,lags_only,0.0418,0.08730697459584295,False,GLOBAL_ALL_CELLS,4522,0.05,Skill_RMSE / squared-error loss difference
28079060_10_47,sarima,4,lags_only,0.0907,0.16115732809430255,False,GLOBAL_ALL_CELLS,4522,0.05,Skill_RMSE / squared-error loss difference
28079060_10_47,sarima,5,lags_only,0.1967,0.29501737976782755,False,GLOBAL_ALL_CELLS,4522,0.05,Skill_RMSE / squared-error loss difference
28079060_10_47,sarima,6,lags_only,0.4346,0.5254709090909091,False,GLOBAL_ALL_CELLS,4522,0.05,Skill_RMSE / squared-error loss difference
28079060_10_47,sarima,7,lags_only,0.7822,0.872283205918619,False,GLOBAL_ALL_CELLS,4522,0.05,Skill_RMSE / squared-error loss difference
28079060_10_47,xgboost_direct,1,lags_only,1.0,1.0,False,GLOBAL_ALL_CELLS,4522,0.05,Skill_RMSE / squared-error loss difference
28079060_10_47,xgboost_direct,2,lags_only,0.1175,0.19664507772020723,False,GLOBAL_ALL_CELLS,4522,0.05,Skill_RMSE / squared-error loss difference
28079060_10_47,xgboost_direct,3,lags_only,0.0006,0.002552398871119473,True,GLOBAL_ALL_CELLS,4522,0.05,Skill_RMSE / squared-error loss difference
28079060_10_47,xgboost_direct,4,lags_only,0.0,0.0,True,GLOBAL_ALL_CELLS,4522,0.05,Skill_RMSE / squared-error loss difference
28079060_10_47,xgboost_direct,5,lags_only,0.0,0.0,True,GLOBAL_ALL_CELLS,4522,0.05,Skill_RMSE / squared-error loss difference
28079060_10_47,xgboost_direct,6,lags_only,0.0,0.0,True,GLOBAL_ALL_CELLS,4522,0.05,Skill_RMSE / squared-error loss difference
28079060_10_47,xgboost_direct,7,lags_only,0.0,0.0,True,GLOBAL_ALL_CELLS,4522,0.05,Skill_RMSE / squared-error loss difference
28080003_10_49,sarima,1,lags_only,0.1877,0.2846342723004695,False,GLOBAL_ALL_CELLS,4522,0.05,Skill_RMSE / squared-error loss difference
28080003_10_49,sarima,2,lags_only,0.0031,0.010453542132736764,True,GLOBAL_ALL_CELLS,4522,0.05,Skill_RMSE / squared-error loss difference
28080003_10_49,sarima,3,lags_only,0.0108,0.02979719341061623,True,GLOBAL_ALL_CELLS,4522,0.05,Skill_RMSE / squared-error loss difference
28080003_10_49,sarima,4,lags_only,0.0249,0.058190077519379844,False,GLOBAL_ALL_CELLS,4522,0.05,Skill_RMSE / squared-error loss difference
28080003_10_49,sarima,5,lags_only,0.0363,0.07812879581151833,False,GLOBAL_ALL_CELLS,4522,0.05,Skill_RMSE / squared-error loss difference
28080003_10_49,sarima,6,lags_only,0.0945,0.1667113016367888,False,GLOBAL_ALL_CELLS,4522,0.05,Skill_RMSE / squared-error loss difference
28080003_10_49,sarima,7,lags_only,0.1847,0.2810273889636608,False,GLOBAL_ALL_CELLS,4522,0.05,Skill_RMSE / squared-error loss difference
28080003_10_49,xgboost_direct,1,lags_only,0.6874,0.7786630260521041,False,GLOBAL_ALL_CELLS,4522,0.05,Skill_RMSE / squared-error loss difference
28080003_10_49,xgboost_direct,2,lags_only,0.3274,0.4283862268518519,False,GLOBAL_ALL_CELLS,4522,0.05,Skill_RMSE / squared-error loss difference
28080003_10_49,xgboost_direct,3,lags_only,0.3555,0.45017390086810416,False,GLOBAL_ALL_CELLS,4522,0.05,Skill_RMSE / squared-error loss difference
28080003_10_49,xgboost_direct,4,lags_only,0.0086,0.024582300884955752,True,GLOBAL_ALL_CELLS,4522,0.05,Skill_RMSE / squared-error loss difference
28080003_10_49,xgboost_direct,5,lags_only,0.0679,0.12814849749582638,False,GLOBAL_ALL_CELLS,4522,0.05,Skill_RMSE / squared-error loss difference
28080003_10_49,xgboost_direct,6,lags_only,0.0,0.0,True,GLOBAL_ALL_CELLS,4522,0.05,Skill_RMSE / squared-error loss difference
28080003_10_49,xgboost_direct,7,lags_only,0.0578,0.1126601724137931,False,GLOBAL_ALL_CELLS,4522,0.05,Skill_RMSE / squared-error loss difference
28092005_10_49,sarima,1,lags_only,0.2714,0.37416792682926825,False,GLOBAL_ALL_CELLS,4522,0.05,Skill_RMSE / squared-error loss difference
28092005_10_49,sarima,2,lags_only,0.005,0.015690492713393477,True,GLOBAL_ALL_CELLS,4522,0.05,Skill_RMSE / squared-error loss difference
28092005_10_49,sarima,3,lags_only,0.011,0.030293544457978074,True,GLOBAL_ALL_CELLS,4522,0.05,Skill_RMSE / squared-error loss difference
28092005_10_49,sarima,4,lags_only,0.0202,0.04932203023758099,True,GLOBAL_ALL_CELLS,4522,0.05,Skill_RMSE / squared-error loss difference
28092005_10_49,sarima,5,lags_only,0.0341,0.07481814653081029,False,GLOBAL_ALL_CELLS,4522,0.05,Skill_RMSE / squared-error loss difference
28092005_10_49,sarima,6,lags_only,0.1033,0.1771416761471369,False,GLOBAL_ALL_CELLS,4522,0.05,Skill_RMSE / squared-error loss difference
28092005_10_49,sarima,7,lags_only,0.1935,0.29128062583222375,False,GLOBAL_ALL_CELLS,4522,0.05,Skill_RMSE / squared-error loss difference
28092005_10_49,xgboost_direct,1,lags_only,0.6784,0.769624887104867,False,GLOBAL_ALL_CELLS,4522,0.05,Skill_RMSE / squared-error loss difference
28092005_10_49,xgboost_direct,2,lags_only,0.2672,0.3701833333333333,False,GLOBAL_ALL_CELLS,4522,0.05,Skill_RMSE / squared-error loss difference
28092005_10_49,xgboost_direct,3,lags_only,0.0636,0.12165786802030457,False,GLOBAL_ALL_CELLS,4522,0.05,Skill_RMSE / squared-error loss difference
28092005_10_49,xgboost_direct,4,lags_only,0.0,0.0,True,GLOBAL_ALL_CELLS,4522,0.05,Skill_RMSE / squared-error loss difference
28092005_10_49,xgboost_direct,5,lags_only,0.0,0.0,True,GLOBAL_ALL_CELLS,4522,0.05,Skill_RMSE / squared-error loss difference
28092005_10_49,xgboost_direct,6,lags_only,0.0,0.0,True,GLOBAL_ALL_CELLS,4522,0.05,Skill_RMSE / squared-error loss difference
28092005_10_49,xgboost_direct,7,lags_only,0.0,0.0,True,GLOBAL_ALL_CELLS,4522,0.05,Skill_RMSE / squared-error loss difference
28102001_10_49,sarima,1,lags_only,0.2487,0.35155404814004376,False,GLOBAL_ALL_CELLS,4522,0.05,Skill_RMSE / squared-error loss difference
28102001_10_49,sarima,2,lags_only,0.0267,0.06163215926493109,False,GLOBAL_ALL_CELLS,4522,0.05,Skill_RMSE / squared-error loss difference
28102001_10_49,sarima,3,lags_only,0.0439,0.09072934186471664,False,GLOBAL_ALL_CELLS,4522,0.05,Skill_RMSE / squared-error loss difference
28102001_10_49,sarima,4,lags_only,0.0693,0.1299231343283582,False,GLOBAL_ALL_CELLS,4522,0.05,Skill_RMSE / squared-error loss difference
28102001_10_49,sarima,5,lags_only,0.1108,0.1877248407643312,False,GLOBAL_ALL_CELLS,4522,0.05,Skill_RMSE / squared-error loss difference
28102001_10_49,sarima,6,lags_only,0.2472,0.3497617021276596,False,GLOBAL_ALL_CELLS,4522,0.05,Skill_RMSE / squared-error loss difference
28102001_10_49,sarima,7,lags_only,0.2834,0.3856559735179055,False,GLOBAL_ALL_CELLS,4522,0.05,Skill_RMSE / squared-error loss difference
28102001_10_49,xgboost_direct,1,lags_only,0.734,0.8250430027342779,False,GLOBAL_ALL_CELLS,4522,0.05,Skill_RMSE / squared-error loss difference
28102001_10_49,xgboost_direct,2,lags_only,0.4769,0.5684084870848708,False,GLOBAL_ALL_CELLS,4522,0.05,Skill_RMSE / squared-error loss difference
28102001_10_49,xgboost_direct,3,lags_only,0.3355,0.4364588607594937,False,GLOBAL_ALL_CELLS,4522,0.05,Skill_RMSE / squared-error loss difference
28102001_10_49,xgboost_direct,4,lags_only,0.4666,0.5574544782034346,False,GLOBAL_ALL_CELLS,4522,0.05,Skill_RMSE / squared-error loss difference
28102001_10_49,xgboost_direct,5,lags_only,0.0052,0.01619449035812672,True,GLOBAL_ALL_CELLS,4522,0.05,Skill_RMSE / squared-error loss difference
28102001_10_49,xgboost_direct,6,lags_only,0.2574,0.36036,False,GLOBAL_ALL_CELLS,4522,0.05,Skill_RMSE / squared-error loss difference
28102001_10_49,xgboost_direct,7,lags_only,0.002,0.007229416466826539,True,GLOBAL_ALL_CELLS,4522,0.05,Skill_RMSE / squared-error loss difference
28120001_10_49,sarima,1,lags_only,0.3434,0.4435485436893204,False,GLOBAL_ALL_CELLS,4522,0.05,Skill_RMSE / squared-error loss difference
28120001_10_49,sarima,2,lags_only,0.1157,0.19406357566765578,False,GLOBAL_ALL_CELLS,4522,0.05,Skill_RMSE / squared-error loss difference
28120001_10_49,sarima,3,lags_only,0.0686,0.12898511434511434,False,GLOBAL_ALL_CELLS,4522,0.05,Skill_RMSE / squared-error loss difference
28120001_10_49,sarima,4,lags_only,0.0162,0.041341083521444694,True,GLOBAL_ALL_CELLS,4522,0.05,Skill_RMSE / squared-error loss difference
28120001_10_49,sarima,5,lags_only,0.0121,0.03268590203106332,True,GLOBAL_ALL_CELLS,4522,0.05,Skill_RMSE / squared-error loss difference
28120001_10_49,sarima,6,lags_only,0.0258,0.05992172573189522,False,GLOBAL_ALL_CELLS,4522,0.05,Skill_RMSE / squared-error loss difference
28120001_10_49,sarima,7,lags_only,0.0405,0.08530088495575222,False,GLOBAL_ALL_CELLS,4522,0.05,Skill_RMSE / squared-error loss difference
28120001_10_49,xgboost_direct,1,lags_only,0.7367,0.8276664347826087,False,GLOBAL_ALL_CELLS,4522,0.05,Skill_RMSE / squared-error loss difference
28120001_10_49,xgboost_direct,2,lags_only,0.2568,0.36007739534883715,False,GLOBAL_ALL_CELLS,4522,0.05,Skill_RMSE / squared-error loss difference
28120001_10_49,xgboost_direct,3,lags_only,0.0604,0.11657225778915921,False,GLOBAL_ALL_CELLS,4522,0.05,Skill_RMSE / squared-error loss difference
28120001_10_49,xgboost_direct,4,lags_only,0.0609,0.11738695652173915,False,GLOBAL_ALL_CELLS,4522,0.05,Skill_RMSE / squared-error loss difference
28120001_10_49,xgboost_direct,5,lags_only,0.0011,0.004273367697594502,True,GLOBAL_ALL_CELLS,4522,0.05,Skill_RMSE / squared-error loss difference
28120001_10_49,xgboost_direct,6,lags_only,0.0196,0.0481691304347826,True,GLOBAL_ALL_CELLS,4522,0.05,Skill_RMSE / squared-error loss difference
28120001_10_49,xgboost_direct,7,lags_only,0.2678,0.3709009494640122,False,GLOBAL_ALL_CELLS,4522,0.05,Skill_RMSE / squared-error loss difference
28123002_10_49,sarima,1,lags_only,0.1337,0.2178707747747748,False,GLOBAL_ALL_CELLS,4522,0.05,Skill_RMSE / squared-error loss difference
28123002_10_49,sarima,2,lags_only,0.0027,0.00931304347826087,True,GLOBAL_ALL_CELLS,4522,0.05,Skill_RMSE / squared-error loss difference
28123002_10_49,sarima,3,lags_only,0.0276,0.06341829268292683,False,GLOBAL_ALL_CELLS,4522,0.05,Skill_RMSE / squared-error loss difference
28123002_10_49,sarima,4,lags_only,0.0576,0.11236721311475409,False,GLOBAL_ALL_CELLS,4522,0.05,Skill_RMSE / squared-error loss difference
28123002_10_49,sarima,5,lags_only,0.0952,0.1674423959548814,False,GLOBAL_ALL_CELLS,4522,0.05,Skill_RMSE / squared-error loss difference
28123002_10_49,sarima,6,lags_only,0.2206,0.3206535519125683,False,GLOBAL_ALL_CELLS,4522,0.05,Skill_RMSE / squared-error loss difference
28123002_10_49,sarima,7,lags_only,0.3117,0.41323552168815947,False,GLOBAL_ALL_CELLS,4522,0.05,Skill_RMSE / squared-error loss difference
28123002_10_49,xgboost_direct,1,lags_only,0.9472,1.0,False,GLOBAL_ALL_CELLS,4522,0.05,Skill_RMSE / squared-error loss difference
28123002_10_49,xgboost_direct,2,lags_only,0.0966,0.16885396211828374,False,GLOBAL_ALL_CELLS,4522,0.05,Skill_RMSE / squared-error loss difference
28123002_10_49,xgboost_direct,3,lags_only,0.0104,0.028887469287469287,True,GLOBAL_ALL_CELLS,4522,0.05,Skill_RMSE / squared-error loss difference
28123002_10_49,xgboost_direct,4,lags_only,0.1125,0.18975195822454308,False,GLOBAL_ALL_CELLS,4522,0.05,Skill_RMSE / squared-error loss difference
28123002_10_49,xgboost_direct,5,lags_only,0.0827,0.15000778178900923,False,GLOBAL_ALL_CELLS,4522,0.05,Skill_RMSE / squared-error loss difference
28123002_10_49,xgboost_direct,6,lags_only,0.0001,0.0005270396270396271,True,GLOBAL_ALL_CELLS,4522,0.05,Skill_RMSE / squared-error loss difference
28123002_10_49,xgboost_direct,7,lags_only,0.0,0.0,True,GLOBAL_ALL_CELLS,4522,0.05,Skill_RMSE / squared-error loss difference
28133002_10_49,sarima,1,lags_only,0.3619,0.45295074709463196,False,GLOBAL_ALL_CELLS,4522,0.05,Skill_RMSE / squared-error loss difference
28133002_10_49,sarima,2,lags_only,0.0812,0.14788014498590416,False,GLOBAL_ALL_CELLS,4522,0.05,Skill_RMSE / squared-error loss difference
28133002_10_49,sarima,3,lags_only,0.0904,0.1607506095163193,False,GLOBAL_ALL_CELLS,4522,0.05,Skill_RMSE / squared-error loss difference
28133002_10_49,sarima,4,lags_only,0.0959,0.1680851937984496,False,GLOBAL_ALL_CELLS,4522,0.05,Skill_RMSE / squared-error loss difference
28133002_10_49,sarima,5,lags_only,0.1393,0.22513030736240175,False,GLOBAL_ALL_CELLS,4522,0.05,Skill_RMSE / squared-error loss difference
28133002_10_49,sarima,6,lags_only,0.2181,0.31824724104549856,False,GLOBAL_ALL_CELLS,4522,0.05,Skill_RMSE / squared-error loss difference
28133002_10_49,sarima,7,lags_only,0.2861,0.3886284770201262,False,GLOBAL_ALL_CELLS,4522,0.05,Skill_RMSE / squared-error loss difference
28133002_10_49,xgboost_direct,1,lags_only,0.5916,0.6840233188442854,False,GLOBAL_ALL_CELLS,4522,0.05,Skill_RMSE / squared-error loss difference
28133002_10_49,xgboost_direct,2,lags_only,0.2927,0.394983407937929,False,GLOBAL_ALL_CELLS,4522,0.05,Skill_RMSE / squared-error loss difference
28133002_10_49,xgboost_direct,3,lags_only,0.0342,0.07492848837209302,False,GLOBAL_ALL_CELLS,4522,0.05,Skill_RMSE / squared-error loss difference
28133002_10_49,xgboost_direct,4,lags_only,0.001,0.003945898778359511,True,GLOBAL_ALL_CELLS,4522,0.05,Skill_RMSE / squared-error loss difference
28133002_10_49,xgboost_direct,5,lags_only,0.0002,0.0009819761129207384,True,GLOBAL_ALL_CELLS,4522,0.05,Skill_RMSE / squared-error loss difference
28133002_10_49,xgboost_direct,6,lags_only,0.0001,0.0005270396270396271,True,GLOBAL_ALL_CELLS,4522,0.05,Skill_RMSE / squared-error loss difference
28133002_10_49,xgboost_direct,7,lags_only,0.0529,0.104734588441331,False,GLOBAL_ALL_CELLS,4522,0.05,Skill_RMSE / squared-error loss difference
28148004_10_49,sarima,1,lags_only,0.0563,0.1102592464270247,False,GLOBAL_ALL_CELLS,4522,0.05,Skill_RMSE / squared-error loss difference
28148004_10_49,sarima,2,lags_only,0.0323,0.0722357072205737,False,GLOBAL_ALL_CELLS,4522,0.05,Skill_RMSE / squared-error loss difference
28148004_10_49,sarima,3,lags_only,0.0761,0.1401727902240326,False,GLOBAL_ALL_CELLS,4522,0.05,Skill_RMSE / squared-error loss difference
28148004_10_49,sarima,4,lags_only,0.1582,0.24908788300835655,False,GLOBAL_ALL_CELLS,4522,0.05,Skill_RMSE / squared-error loss difference
28148004_10_49,sarima,5,lags_only,0.258,0.3607532467532467,False,GLOBAL_ALL_CELLS,4522,0.05,Skill_RMSE / squared-error loss difference
28148004_10_49,sarima,6,lags_only,0.3477,0.4461689557321226,False,GLOBAL_ALL_CELLS,4522,0.05,Skill_RMSE / squared-error loss difference
28148004_10_49,sarima,7,lags_only,0.3618,0.45295074709463196,False,GLOBAL_ALL_CELLS,4522,0.05,Skill_RMSE / squared-error loss difference
28148004_10_49,xgboost_direct,1,lags_only,0.9931,1.0,False,GLOBAL_ALL_CELLS,4522,0.05,Skill_RMSE / squared-error loss difference
28148004_10_49,xgboost_direct,2,lags_only,0.2772,0.3793881355932203,False,GLOBAL_ALL_CELLS,4522,0.05,Skill_RMSE / squared-error loss difference
28148004_10_49,xgboost_direct,3,lags_only,0.0034,0.011271847507331378,True,GLOBAL_ALL_CELLS,4522,0.05,Skill_RMSE / squared-error loss difference
28148004_10_49,xgboost_direct,4,lags_only,0.0001,0.0005270396270396271,True,GLOBAL_ALL_CELLS,4522,0.05,Skill_RMSE / squared-error loss difference
28148004_10_49,xgboost_direct,5,lags_only,0.0002,0.0009819761129207384,True,GLOBAL_ALL_CELLS,4522,0.05,Skill_RMSE / squared-error loss difference
28148004_10_49,xgboost_direct,6,lags_only,0.0,0.0,True,GLOBAL_ALL_CELLS,4522,0.05,Skill_RMSE / squared-error loss difference
28148004_10_49,xgboost_direct,7,lags_only,0.0382,0.08151977347805568,False,GLOBAL_ALL_CELLS,4522,0.05,Skill_RMSE / squared-error loss difference
28171001_10_49,sarima,1,lags_only,0.2515,0.35462519488618643,False,GLOBAL_ALL_CELLS,4522,0.05,Skill_RMSE / squared-error loss difference
28171001_10_49,sarima,2,lags_only,0.0161,0.04110909090909091,True,GLOBAL_ALL_CELLS,4522,0.05,Skill_RMSE / squared-error loss difference
28171001_10_49,sarima,3,lags_only,0.0296,0.06739738167170192,False,GLOBAL_ALL_CELLS,4522,0.05,Skill_RMSE / squared-error loss difference
28171001_10_49,sarima,4,lags_only,0.0525,0.10417068889863976,False,GLOBAL_ALL_CELLS,4522,0.05,Skill_RMSE / squared-error loss difference
28171001_10_49,sarima,5,lags_only,0.0987,0.17159607843137253,False,GLOBAL_ALL_CELLS,4522,0.05,Skill_RMSE / squared-error loss difference
28171001_10_49,sarima,6,lags_only,0.1991,0.29762981818181816,False,GLOBAL_ALL_CELLS,4522,0.05,Skill_RMSE / squared-error loss difference
28171001_10_49,sarima,7,lags_only,0.2345,0.33557246835443033,False,GLOBAL_ALL_CELLS,4522,0.05,Skill_RMSE / squared-error loss difference
28171001_10_49,xgboost_direct,1,lags_only,0.9402,1.0,False,GLOBAL_ALL_CELLS,4522,0.05,Skill_RMSE / squared-error loss difference
28171001_10_49,xgboost_direct,2,lags_only,0.3236,0.4247740568775391,False,GLOBAL_ALL_CELLS,4522,0.05,Skill_RMSE / squared-error loss difference
28171001_10_49,xgboost_direct,3,lags_only,0.0855,0.15397491039426525,False,GLOBAL_ALL_CELLS,4522,0.05,Skill_RMSE / squared-error loss difference
28171001_10_49,xgboost_direct,4,lags_only,0.7598,0.8500285997031174,False,GLOBAL_ALL_CELLS,4522,0.05,Skill_RMSE / squared-error loss difference
28171001_10_49,xgboost_direct,5,lags_only,0.8802,0.963744406779661,False,GLOBAL_ALL_CELLS,4522,0.05,Skill_RMSE / squared-error loss difference
28171001_10_49,xgboost_direct,6,lags_only,0.3921,0.48260103429504625,False,GLOBAL_ALL_CELLS,4522,0.05,Skill_RMSE / squared-error loss difference
28171001_10_49,xgboost_direct,7,lags_only,0.219,0.3194574193548387,False,GLOBAL_ALL_CELLS,4522,0.05,Skill_RMSE / squared-error loss difference
29067005_10_49,sarima,1,lags_only,0.682,0.7731270995236902,False,GLOBAL_ALL_CELLS,4522,0.05,Skill_RMSE / squared-error loss difference
29067005_10_49,sarima,2,lags_only,0.119,0.19900813609467452,False,GLOBAL_ALL_CELLS,4522,0.05,Skill_RMSE / squared-error loss difference
29067005_10_49,sarima,3,lags_only,0.1645,0.25668357487922705,False,GLOBAL_ALL_CELLS,4522,0.05,Skill_RMSE / squared-error loss difference
29067005_10_49,sarima,4,lags_only,0.207,0.3059,False,GLOBAL_ALL_CELLS,4522,0.05,Skill_RMSE / squared-error loss difference
29067005_10_49,sarima,5,lags_only,0.2344,0.33557246835443033,False,GLOBAL_ALL_CELLS,4522,0.05,Skill_RMSE / squared-error loss difference
29067005_10_49,sarima,6,lags_only,0.2624,0.36521169590643277,False,GLOBAL_ALL_CELLS,4522,0.05,Skill_RMSE / squared-error loss difference
29067005_10_49,sarima,7,lags_only,0.2747,0.3772224111752202,False,GLOBAL_ALL_CELLS,4522,0.05,Skill_RMSE / squared-error loss difference
29067005_10_49,xgboost_direct,1,lags_only,0.9712,1.0,False,GLOBAL_ALL_CELLS,4522,0.05,Skill_RMSE / squared-error loss difference
29067005_10_49,xgboost_direct,2,lags_only,0.2077,0.3065337467362924,False,GLOBAL_ALL_CELLS,4522,0.05,Skill_RMSE / squared-error loss difference
29067005_10_49,xgboost_direct,3,lags_only,0.1639,0.25601236614853196,False,GLOBAL_ALL_CELLS,4522,0.05,Skill_RMSE / squared-error loss difference
29067005_10_49,xgboost_direct,4,lags_only,0.1505,0.2392130052724077,False,GLOBAL_ALL_CELLS,4522,0.05,Skill_RMSE / squared-error loss difference
29067005_10_49,xgboost_direct,5,lags_only,0.1254,0.2071826086956522,False,GLOBAL_ALL_CELLS,4522,0.05,Skill_RMSE / squared-error loss difference
29067005_10_49,xgboost_direct,6,lags_only,0.0228,0.054235455023671754,False,GLOBAL_ALL_CELLS,4522,0.05,Skill_RMSE / squared-error loss difference
29067005_10_49,xgboost_direct,7,lags_only,0.0022,0.00785193370165746,True,GLOBAL_ALL_CELLS,4522,0.05,Skill_RMSE / squared-error loss difference
29067006_10_49,sarima,1,lags_only,0.6774,0.7686832622333751,False,GLOBAL_ALL_CELLS,4522,0.05,Skill_RMSE / squared-error loss difference
29067006_10_49,sarima,2,lags_only,0.0558,0.10946967462039046,False,GLOBAL_ALL_CELLS,4522,0.05,Skill_RMSE / squared-error loss difference
29067006_10_49,sarima,3,lags_only,0.0994,0.17241534330648256,False,GLOBAL_ALL_CELLS,4522,0.05,Skill_RMSE / squared-error loss difference
29067006_10_49,sarima,4,lags_only,0.2112,0.31038232044198893,False,GLOBAL_ALL_CELLS,4522,0.05,Skill_RMSE / squared-error loss difference
29067006_10_49,sarima,5,lags_only,0.2823,0.3846220548357939,False,GLOBAL_ALL_CELLS,4522,0.05,Skill_RMSE / squared-error loss difference
29067006_10_49,sarima,6,lags_only,0.2964,0.3986676977989292,False,GLOBAL_ALL_CELLS,4522,0.05,Skill_RMSE / squared-error loss difference
29067006_10_49,sarima,7,lags_only,0.3187,0.4207770510948905,False,GLOBAL_ALL_CELLS,4522,0.05,Skill_RMSE / squared-error loss difference
29067006_10_49,xgboost_direct,1,lags_only,0.9911,1.0,False,GLOBAL_ALL_CELLS,4522,0.05,Skill_RMSE / squared-error loss difference
29067006_10_49,xgboost_direct,2,lags_only,0.103,0.17676129032258064,False,GLOBAL_ALL_CELLS,4522,0.05,Skill_RMSE / squared-error loss difference
29067006_10_49,xgboost_direct,3,lags_only,0.0591,0.11474599228461209,False,GLOBAL_ALL_CELLS,4522,0.05,Skill_RMSE / squared-error loss difference
29067006_10_49,xgboost_direct,4,lags_only,0.1349,0.21911558908045975,False,GLOBAL_ALL_CELLS,4522,0.05,Skill_RMSE / squared-error loss difference
29067006_10_49,xgboost_direct,5,lags_only,0.2119,0.3112087690808704,False,GLOBAL_ALL_CELLS,4522,0.05,Skill_RMSE / squared-error loss difference
29067006_10_49,xgboost_direct,6,lags_only,0.1115,0.18834628315278298,False,GLOBAL_ALL_CELLS,4522,0.05,Skill_RMSE / squared-error loss difference
29067006_10_49,xgboost_direct,7,lags_only,0.0824,0.14958362103572861,False,GLOBAL_ALL_CELLS,4522,0.05,Skill_RMSE / squared-error loss difference
29067008_10_49,sarima,1,lags_only,0.225,0.3250638977635783,False,GLOBAL_ALL_CELLS,4522,0.05,Skill_RMSE / squared-error loss difference
29067008_10_49,sarima,2,lags_only,0.4593,0.5501866490066225,False,GLOBAL_ALL_CELLS,4522,0.05,Skill_RMSE / squared-error loss difference
29067008_10_49,sarima,3,lags_only,0.4818,0.5733101289134439,False,GLOBAL_ALL_CELLS,4522,0.05,Skill_RMSE / squared-error loss difference
29067008_10_49,sarima,4,lags_only,0.0801,0.14634836363636364,False,GLOBAL_ALL_CELLS,4522,0.05,Skill_RMSE / squared-error loss difference
29067008_10_49,sarima,5,lags_only,0.2205,0.3206535519125683,False,GLOBAL_ALL_CELLS,4522,0.05,Skill_RMSE / squared-error loss difference
29067008_10_49,sarima,6,lags_only,0.2773,0.3794101664145234,False,GLOBAL_ALL_CELLS,4522,0.05,Skill_RMSE / squared-error loss difference
29067008_10_49,sarima,7,lags_only,0.3097,0.41153787834263883,False,GLOBAL_ALL_CELLS,4522,0.05,Skill_RMSE / squared-error loss difference
29067008_10_49,xgboost_direct,1,lags_only,0.7465,0.8368054040654438,False,GLOBAL_ALL_CELLS,4522,0.05,Skill_RMSE / squared-error loss difference
29067008_10_49,xgboost_direct,2,lags_only,0.0365,0.0784472433460076,False,GLOBAL_ALL_CELLS,4522,0.05,Skill_RMSE / squared-error loss difference
29067008_10_49,xgboost_direct,3,lags_only,0.0102,0.028384246153846156,True,GLOBAL_ALL_CELLS,4522,0.05,Skill_RMSE / squared-error loss difference
29067008_10_49,xgboost_direct,4,lags_only,0.0005,0.0021887705711519847,True,GLOBAL_ALL_CELLS,4522,0.05,Skill_RMSE / squared-error loss difference
29067008_10_49,xgboost_direct,5,lags_only,0.0038,0.012406931407942237,True,GLOBAL_ALL_CELLS,4522,0.05,Skill_RMSE / squared-error loss difference
29067008_10_49,xgboost_direct,6,lags_only,0.0036,0.011882627737226276,True,GLOBAL_ALL_CELLS,4522,0.05,Skill_RMSE / squared-error loss difference
29067008_10_49,xgboost_direct,7,lags_only,0.0314,0.07081835411471321,False,GLOBAL_ALL_CELLS,4522,0.05,Skill_RMSE / squared-error loss difference
30005002_10_47,sarima,1,lags_only,0.4721,0.5634299815254685,False,GLOBAL_ALL_CELLS,4522,0.05,Skill_RMSE / squared-error loss difference
30005002_10_47,sarima,2,lags_only,0.1262,0.2082760583941606,False,GLOBAL_ALL_CELLS,4522,0.05,Skill_RMSE / squared-error loss difference
30005002_10_47,sarima,3,lags_only,0.1667,0.2593111111111111,False,GLOBAL_ALL_CELLS,4522,0.05,Skill_RMSE / squared-error loss difference
30005002_10_47,sarima,4,lags_only,0.2613,0.3641289984591679,False,GLOBAL_ALL_CELLS,4522,0.05,Skill_RMSE / squared-error loss difference
30005002_10_47,sarima,5,lags_only,0.3061,0.4086755831118984,False,GLOBAL_ALL_CELLS,4522,0.05,Skill_RMSE / squared-error loss difference
30005002_10_47,sarima,6,lags_only,0.4101,0.49999250471825296,False,GLOBAL_ALL_CELLS,4522,0.05,Skill_RMSE / squared-error loss difference
30005002_10_47,sarima,7,lags_only,0.4696,0.5608904384574749,False,GLOBAL_ALL_CELLS,4522,0.05,Skill_RMSE / squared-error loss difference
30005002_10_47,xgboost_direct,1,lags_only,0.9283,1.0,False,GLOBAL_ALL_CELLS,4522,0.05,Skill_RMSE / squared-error loss difference
30005002_10_47,xgboost_direct,2,lags_only,0.0331,0.07355194103194101,False,GLOBAL_ALL_CELLS,4522,0.05,Skill_RMSE / squared-error loss difference
30005002_10_47,xgboost_direct,3,lags_only,0.0221,0.052848334214701226,False,GLOBAL_ALL_CELLS,4522,0.05,Skill_RMSE / squared-error loss difference
30005002_10_47,xgboost_direct,4,lags_only,0.007,0.020743119266055047,True,GLOBAL_ALL_CELLS,4522,0.05,Skill_RMSE / squared-error loss difference
30005002_10_47,xgboost_direct,5,lags_only,0.0009,0.003585726872246696,True,GLOBAL_ALL_CELLS,4522,0.05,Skill_RMSE / squared-error loss difference
30005002_10_47,xgboost_direct,6,lags_only,0.001,0.003945898778359511,True,GLOBAL_ALL_CELLS,4522,0.05,Skill_RMSE / squared-error loss difference
30005002_10_47,xgboost_direct,7,lags_only,0.0026,0.009044,True,GLOBAL_ALL_CELLS,4522,0.05,Skill_RMSE / squared-error loss difference
30015001_10_47,sarima,1,lags_only,0.2096,0.3087332899022801,False,GLOBAL_ALL_CELLS,4522,0.05,Skill_RMSE / squared-error loss difference
30015001_10_47,sarima,2,lags_only,0.0431,0.08944387333639284,False,GLOBAL_ALL_CELLS,4522,0.05,Skill_RMSE / squared-error loss difference
30015001_10_47,sarima,3,lags_only,0.0176,0.04406821705426357,True,GLOBAL_ALL_CELLS,4522,0.05,Skill_RMSE / squared-error loss difference
30015001_10_47,sarima,4,lags_only,0.0144,0.03766153846153846,True,GLOBAL_ALL_CELLS,4522,0.05,Skill_RMSE / squared-error loss difference
30015001_10_47,sarima,5,lags_only,0.0161,0.04110909090909091,True,GLOBAL_ALL_CELLS,4522,0.05,Skill_RMSE / squared-error loss difference
30015001_10_47,sarima,6,lags_only,0.0228,0.054235455023671754,False,GLOBAL_ALL_CELLS,4522,0.05,Skill_RMSE / squared-error loss difference
30015001_10_47,sarima,7,lags_only,0.0399,0.08435147265077138,False,GLOBAL_ALL_CELLS,4522,0.05,Skill_RMSE / squared-error loss difference
30015001_10_47,xgboost_direct,1,lags_only,0.5324,0.6261411703511053,False,GLOBAL_ALL_CELLS,4522,0.05,Skill_RMSE / squared-error loss difference
30015001_10_47,xgboost_direct,2,lags_only,0.1022,0.17572182509505702,False,GLOBAL_ALL_CELLS,4522,0.05,Skill_RMSE / squared-error loss difference
30015001_10_47,xgboost_direct,3,lags_only,0.3279,0.42854445086705206,False,GLOBAL_ALL_CELLS,4522,0.05,Skill_RMSE / squared-error loss difference
30015001_10_47,xgboost_direct,4,lags_only,0.0336,0.07415285505124451,False,GLOBAL_ALL_CELLS,4522,0.05,Skill_RMSE / squared-error loss difference
30015001_10_47,xgboost_direct,5,lags_only,0.0067,0.020024719101123595,True,GLOBAL_ALL_CELLS,4522,0.05,Skill_RMSE / squared-error loss difference
30015001_10_47,xgboost_direct,6,lags_only,0.0147,0.03826908462867012,True,GLOBAL_ALL_CELLS,4522,0.05,Skill_RMSE / squared-error loss difference
30015001_10_47,xgboost_direct,7,lags_only,0.045,0.09241144414168936,False,GLOBAL_ALL_CELLS,4522,0.05,Skill_RMSE / squared-error loss difference
30016001_10_47,sarima,1,lags_only,0.2867,0.38920966676673674,False,GLOBAL_ALL_CELLS,4522,0.05,Skill_RMSE / squared-error loss difference
30016001_10_47,sarima,2,lags_only,0.3753,0.465215625,False,GLOBAL_ALL_CELLS,4522,0.05,Skill_RMSE / squared-error loss difference
30016001_10_47,sarima,3,lags_only,0.5108,0.6045112797696939,False,GLOBAL_ALL_CELLS,4522,0.05,Skill_RMSE / squared-error loss difference
30016001_10_47,sarima,4,lags_only,0.6691,0.7607921046014584,False,GLOBAL_ALL_CELLS,4522,0.05,Skill_RMSE / squared-error loss difference
30016001_10_47,sarima,5,lags_only,0.811,0.9004031426466977,False,GLOBAL_ALL_CELLS,4522,0.05,Skill_RMSE / squared-error loss difference
30016001_10_47,sarima,6,lags_only,0.9048,0.9848080365736285,False,GLOBAL_ALL_CELLS,4522,0.05,Skill_RMSE / squared-error loss difference
30016001_10_47,sarima,7,lags_only,0.9431,1.0,False,GLOBAL_ALL_CELLS,4522,0.05,Skill_RMSE / squared-error loss difference
30016001_10_47,xgboost_direct,1,lags_only,0.9966,1.0,False,GLOBAL_ALL_CELLS,4522,0.05,Skill_RMSE / squared-error loss difference
30016001_10_47,xgboost_direct,2,lags_only,0.2617,0.3644617801047121,False,GLOBAL_ALL_CELLS,4522,0.05,Skill_RMSE / squared-error loss difference
30016001_10_47,xgboost_direct,3,lags_only,0.2587,0.3611736338376042,False,GLOBAL_ALL_CELLS,4522,0.05,Skill_RMSE / squared-error loss difference
30016001_10_47,xgboost_direct,4,lags_only,0.0959,0.1680851937984496,False,GLOBAL_ALL_CELLS,4522,0.05,Skill_RMSE / squared-error loss difference
30016001_10_47,xgboost_direct,5,lags_only,0.0673,0.127175344755537,False,GLOBAL_ALL_CELLS,4522,0.05,Skill_RMSE / squared-error loss difference
30016001_10_47,xgboost_direct,6,lags_only,0.024,0.05658394160583942,False,GLOBAL_ALL_CELLS,4522,0.05,Skill_RMSE / squared-error loss difference
30016001_10_47,xgboost_direct,7,lags_only,0.1312,0.21480318609703117,False,GLOBAL_ALL_CELLS,4522,0.05,Skill_RMSE / squared-error loss difference
30016018_10_47,sarima,1,lags_only,0.1063,0.18152892749244715,False,GLOBAL_ALL_CELLS,4522,0.05,Skill_RMSE / squared-error loss difference
30016018_10_47,sarima,2,lags_only,0.0,0.0,True,GLOBAL_ALL_CELLS,4522,0.05,Skill_RMSE / squared-error loss difference
30016018_10_47,sarima,3,lags_only,0.0001,0.0005270396270396271,True,GLOBAL_ALL_CELLS,4522,0.05,Skill_RMSE / squared-error loss difference
30016018_10_47,sarima,4,lags_only,0.0008,0.003244484304932736,True,GLOBAL_ALL_CELLS,4522,0.05,Skill_RMSE / squared-error loss difference
30016018_10_47,sarima,5,lags_only,0.0247,0.05784225789746245,False,GLOBAL_ALL_CELLS,4522,0.05,Skill_RMSE / squared-error loss difference
30016018_10_47,sarima,6,lags_only,0.1528,0.24210287316047652,False,GLOBAL_ALL_CELLS,4522,0.05,Skill_RMSE / squared-error loss difference
30016018_10_47,sarima,7,lags_only,0.199,0.29762981818181816,False,GLOBAL_ALL_CELLS,4522,0.05,Skill_RMSE / squared-error loss difference
30016018_10_47,xgboost_direct,1,lags_only,0.5824,0.6749392106611994,False,GLOBAL_ALL_CELLS,4522,0.05,Skill_RMSE / squared-error loss difference
30016018_10_47,xgboost_direct,2,lags_only,0.0276,0.06341829268292683,False,GLOBAL_ALL_CELLS,4522,0.05,Skill_RMSE / squared-error loss difference
30016018_10_47,xgboost_direct,3,lags_only,0.0019,0.006934463276836157,True,GLOBAL_ALL_CELLS,4522,0.05,Skill_RMSE / squared-error loss difference
30016018_10_47,xgboost_direct,4,lags_only,0.0001,0.0005270396270396271,True,GLOBAL_ALL_CELLS,4522,0.05,Skill_RMSE / squared-error loss difference
30016018_10_47,xgboost_direct,5,lags_only,0.0056,0.017226666666666668,True,GLOBAL_ALL_CELLS,4522,0.05,Skill_RMSE / squared-error loss difference
30016018_10_47,xgboost_direct,6,lags_only,0.0002,0.0009819761129207384,True,GLOBAL_ALL_CELLS,4522,0.05,Skill_RMSE / squared-error loss difference
30016018_10_47,xgboost_direct,7,lags_only,0.0114,0.031092159227985527,True,GLOBAL_ALL_CELLS,4522,0.05,Skill_RMSE / squared-error loss difference
30016020_10_47,sarima,1,lags_only,0.0701,0.13125971014492752,False,GLOBAL_ALL_CELLS,4522,0.05,Skill_RMSE / squared-error loss difference
30016020_10_47,sarima,2,lags_only,0.0228,0.054235455023671754,False,GLOBAL_ALL_CELLS,4522,0.05,Skill_RMSE / squared-error loss difference
30016020_10_47,sarima,3,lags_only,0.1668,0.2593774415405777,False,GLOBAL_ALL_CELLS,4522,0.05,Skill_RMSE / squared-error loss difference
30016020_10_47,sarima,4,lags_only,0.3118,0.41323552168815947,False,GLOBAL_ALL_CELLS,4522,0.05,Skill_RMSE / squared-error loss difference
30016020_10_47,sarima,5,lags_only,0.3496,0.4470846153846154,False,GLOBAL_ALL_CELLS,4522,0.05,Skill_RMSE / squared-error loss difference
30016020_10_47,sarima,6,lags_only,0.3628,0.4534498618021006,False,GLOBAL_ALL_CELLS,4522,0.05,Skill_RMSE / squared-error loss difference
30016020_10_47,sarima,7,lags_only,0.3521,0.4482534346846847,False,GLOBAL_ALL_CELLS,4522,0.05,Skill_RMSE / squared-error loss difference
30016020_10_47,xgboost_direct,1,lags_only,0.9609,1.0,False,GLOBAL_ALL_CELLS,4522,0.05,Skill_RMSE / squared-error loss difference
30016020_10_47,xgboost_direct,2,lags_only,0.1403,0.22618060606060605,False,GLOBAL_ALL_CELLS,4522,0.05,Skill_RMSE / squared-error loss difference
30016020_10_47,xgboost_direct,3,lags_only,0.1212,0.2017917525773196,False,GLOBAL_ALL_CELLS,4522,0.05,Skill_RMSE / squared-error loss difference
30016020_10_47,xgboost_direct,4,lags_only,0.0066,0.01976503311258278,True,GLOBAL_ALL_CELLS,4522,0.05,Skill_RMSE / squared-error loss difference
30016020_10_47,xgboost_direct,5,lags_only,0.0102,0.028384246153846156,True,GLOBAL_ALL_CELLS,4522,0.05,Skill_RMSE / squared-error loss difference
30016020_10_47,xgboost_direct,6,lags_only,0.022,0.052664902064584435,False,GLOBAL_ALL_CELLS,4522,0.05,Skill_RMSE / squared-error loss difference
30016020_10_47,xgboost_direct,7,lags_only,0.0017,0.006306316652994257,True,GLOBAL_ALL_CELLS,4522,0.05,Skill_RMSE / squared-error loss difference
30016021_10_47,sarima,1,lags_only,0.126,0.20802190580503835,False,GLOBAL_ALL_CELLS,4522,0.05,Skill_RMSE / squared-error loss difference
30016021_10_47,sarima,2,lags_only,0.1068,0.18217638626933233,False,GLOBAL_ALL_CELLS,4522,0.05,Skill_RMSE / squared-error loss difference
30016021_10_47,sarima,3,lags_only,0.2842,0.38639579073962715,False,GLOBAL_ALL_CELLS,4522,0.05,Skill_RMSE / squared-error loss difference
30016021_10_47,sarima,4,lags_only,0.34,0.4407912844036697,False,GLOBAL_ALL_CELLS,4522,0.05,Skill_RMSE / squared-error loss difference
30016021_10_47,sarima,5,lags_only,0.3368,0.4377722334004024,False,GLOBAL_ALL_CELLS,4522,0.05,Skill_RMSE / squared-error loss difference
30016021_10_47,sarima,6,lags_only,0.3368,0.4377722334004024,False,GLOBAL_ALL_CELLS,4522,0.05,Skill_RMSE / squared-error loss difference
30016021_10_47,sarima,7,lags_only,0.3478,0.44617066666666666,False,GLOBAL_ALL_CELLS,4522,0.05,Skill_RMSE / squared-error loss difference
30016021_10_47,xgboost_direct,1,lags_only,0.9414,1.0,False,GLOBAL_ALL_CELLS,4522,0.05,Skill_RMSE / squared-error loss difference
30016021_10_47,xgboost_direct,2,lags_only,0.1349,0.21911558908045975,False,GLOBAL_ALL_CELLS,4522,0.05,Skill_RMSE / squared-error loss difference
30016021_10_47,xgboost_direct,3,lags_only,0.0545,0.10733841463414635,False,GLOBAL_ALL_CELLS,4522,0.05,Skill_RMSE / squared-error loss difference
30016021_10_47,xgboost_direct,4,lags_only,0.0344,0.07514821256038648,False,GLOBAL_ALL_CELLS,4522,0.05,Skill_RMSE / squared-error loss difference
30016021_10_47,xgboost_direct,5,lags_only,0.0422,0.087858379373849,False,GLOBAL_ALL_CELLS,4522,0.05,Skill_RMSE / squared-error loss difference
30016021_10_47,xgboost_direct,6,lags_only,0.1093,0.18567039819684447,False,GLOBAL_ALL_CELLS,4522,0.05,Skill_RMSE / squared-error loss difference
30016021_10_47,xgboost_direct,7,lags_only,0.1333,0.21737562206996033,False,GLOBAL_ALL_CELLS,4522,0.05,Skill_RMSE / squared-error loss difference
30024002_10_47,sarima,1,lags_only,0.5569,0.6507239793281653,False,GLOBAL_ALL_CELLS,4522,0.05,Skill_RMSE / squared-error loss difference
30024002_10_47,sarima,2,lags_only,0.1645,0.25668357487922705,False,GLOBAL_ALL_CELLS,4522,0.05,Skill_RMSE / squared-error loss difference
30024002_10_47,sarima,3,lags_only,0.1973,0.29562312789927103,False,GLOBAL_ALL_CELLS,4522,0.05,Skill_RMSE / squared-error loss difference
30024002_10_47,sarima,4,lags_only,0.2442,0.3463840652446675,False,GLOBAL_ALL_CELLS,4522,0.05,Skill_RMSE / squared-error loss difference
30024002_10_47,sarima,5,lags_only,0.2769,0.3792070866141732,False,GLOBAL_ALL_CELLS,4522,0.05,Skill_RMSE / squared-error loss difference
30024002_10_47,sarima,6,lags_only,0.3724,0.46276251717504807,False,GLOBAL_ALL_CELLS,4522,0.05,Skill_RMSE / squared-error loss difference
30024002_10_47,sarima,7,lags_only,0.4027,0.4926973484848485,False,GLOBAL_ALL_CELLS,4522,0.05,Skill_RMSE / squared-error loss difference
30024002_10_47,xgboost_direct,1,lags_only,0.9891,1.0,False,GLOBAL_ALL_CELLS,4522,0.05,Skill_RMSE / squared-error loss difference
30024002_10_47,xgboost_direct,2,lags_only,0.1511,0.239904,False,GLOBAL_ALL_CELLS,4522,0.05,Skill_RMSE / squared-error loss difference
30024002_10_47,xgboost_direct,3,lags_only,0.1565,0.24718581907090464,False,GLOBAL_ALL_CELLS,4522,0.05,Skill_RMSE / squared-error loss difference
30024002_10_47,xgboost_direct,4,lags_only,0.0064,0.019216998671978753,True,GLOBAL_ALL_CELLS,4522,0.05,Skill_RMSE / squared-error loss difference
30024002_10_47,xgboost_direct,5,lags_only,0.1263,0.2082890590809628,False,GLOBAL_ALL_CELLS,4522,0.05,Skill_RMSE / squared-error loss difference
30024002_10_47,xgboost_direct,6,lags_only,0.0,0.0,True,GLOBAL_ALL_CELLS,4522,0.05,Skill_RMSE / squared-error loss difference
30024002_10_47,xgboost_direct,7,lags_only,0.0051,0.01597105263157895,True,GLOBAL_ALL_CELLS,4522,0.05,Skill_RMSE / squared-error loss difference
30030007_10_49,sarima,1,lags_only,0.3581,0.4511920312064642,False,GLOBAL_ALL_CELLS,4522,0.05,Skill_RMSE / squared-error loss difference
30030007_10_49,sarima,2,lags_only,0.1303,0.21348427536231884,False,GLOBAL_ALL_CELLS,4522,0.05,Skill_RMSE / squared-error loss difference
30030007_10_49,sarima,3,lags_only,0.1876,0.28457806105333777,False,GLOBAL_ALL_CELLS,4522,0.05,Skill_RMSE / squared-error loss difference
30030007_10_49,sarima,4,lags_only,0.2759,0.37818120642618974,False,GLOBAL_ALL_CELLS,4522,0.05,Skill_RMSE / squared-error loss difference
30030007_10_49,sarima,5,lags_only,0.3454,0.4448586727428083,False,GLOBAL_ALL_CELLS,4522,0.05,Skill_RMSE / squared-error loss difference
30030007_10_49,sarima,6,lags_only,0.407,0.49661467889908256,False,GLOBAL_ALL_CELLS,4522,0.05,Skill_RMSE / squared-error loss difference
30030007_10_49,sarima,7,lags_only,0.4549,0.5460732147597558,False,GLOBAL_ALL_CELLS,4522,0.05,Skill_RMSE / squared-error loss difference
30030007_10_49,xgboost_direct,1,lags_only,0.9873,1.0,False,GLOBAL_ALL_CELLS,4522,0.05,Skill_RMSE / squared-error loss difference
30030007_10_49,xgboost_direct,2,lags_only,0.0946,0.1667113016367888,False,GLOBAL_ALL_CELLS,4522,0.05,Skill_RMSE / squared-error loss difference
30030007_10_49,xgboost_direct,3,lags_only,0.0039,0.012678504672897196,True,GLOBAL_ALL_CELLS,4522,0.05,Skill_RMSE / squared-error loss difference
30030007_10_49,xgboost_direct,4,lags_only,0.0167,0.04223568232662192,True,GLOBAL_ALL_CELLS,4522,0.05,Skill_RMSE / squared-error loss difference
30030007_10_49,xgboost_direct,5,lags_only,0.0326,0.07276268509378084,False,GLOBAL_ALL_CELLS,4522,0.05,Skill_RMSE / squared-error loss difference
30030007_10_49,xgboost_direct,6,lags_only,0.0049,0.01540876216968011,True,GLOBAL_ALL_CELLS,4522,0.05,Skill_RMSE / squared-error loss difference
30030007_10_49,xgboost_direct,7,lags_only,0.0024,0.008439191290824261,True,GLOBAL_ALL_CELLS,4522,0.05,Skill_RMSE / squared-error loss difference
31010001_10_49,sarima,1,lags_only,0.2662,0.36902403433476394,False,GLOBAL_ALL_CELLS,4522,0.05,Skill_RMSE / squared-error loss difference
31010001_10_49,sarima,2,lags_only,0.0,0.0,True,GLOBAL_ALL_CELLS,4522,0.05,Skill_RMSE / squared-error loss difference
31010001_10_49,sarima,3,lags_only,0.0,0.0,True,GLOBAL_ALL_CELLS,4522,0.05,Skill_RMSE / squared-error loss difference
31010001_10_49,sarima,4,lags_only,0.0002,0.0009819761129207384,True,GLOBAL_ALL_CELLS,4522,0.05,Skill_RMSE / squared-error loss difference
31010001_10_49,sarima,5,lags_only,0.0028,0.009606676783004552,True,GLOBAL_ALL_CELLS,4522,0.05,Skill_RMSE / squared-error loss difference
31010001_10_49,sarima,6,lags_only,0.0072,0.021238356164383562,True,GLOBAL_ALL_CELLS,4522,0.05,Skill_RMSE / squared-error loss difference
31010001_10_49,sarima,7,lags_only,0.0373,0.07986297348484848,False,GLOBAL_ALL_CELLS,4522,0.05,Skill_RMSE / squared-error loss difference
31010001_10_49,xgboost_direct,1,lags_only,0.9926,1.0,False,GLOBAL_ALL_CELLS,4522,0.05,Skill_RMSE / squared-error loss difference
31010001_10_49,xgboost_direct,2,lags_only,0.0003,0.0014087227414330216,True,GLOBAL_ALL_CELLS,4522,0.05,Skill_RMSE / squared-error loss difference
31010001_10_49,xgboost_direct,3,lags_only,0.0001,0.0005270396270396271,True,GLOBAL_ALL_CELLS,4522,0.05,Skill_RMSE / squared-error loss difference
31010001_10_49,xgboost_direct,4,lags_only,0.0,0.0,True,GLOBAL_ALL_CELLS,4522,0.05,Skill_RMSE / squared-error loss difference
31010001_10_49,xgboost_direct,5,lags_only,0.0,0.0,True,GLOBAL_ALL_CELLS,4522,0.05,Skill_RMSE / squared-error loss difference
31010001_10_49,xgboost_direct,6,lags_only,0.0,0.0,True,GLOBAL_ALL_CELLS,4522,0.05,Skill_RMSE / squared-error loss difference
31010001_10_49,xgboost_direct,7,lags_only,0.0,0.0,True,GLOBAL_ALL_CELLS,4522,0.05,Skill_RMSE / squared-error loss difference
31107001_10_49,sarima,1,lags_only,0.0084,0.024147997457088365,True,GLOBAL_ALL_CELLS,4522,0.05,Skill_RMSE / squared-error loss difference
31107001_10_49,sarima,2,lags_only,0.0005,0.0021887705711519847,True,GLOBAL_ALL_CELLS,4522,0.05,Skill_RMSE / squared-error loss difference
31107001_10_49,sarima,3,lags_only,0.0013,0.004969230769230769,True,GLOBAL_ALL_CELLS,4522,0.05,Skill_RMSE / squared-error loss difference
31107001_10_49,sarima,4,lags_only,0.0086,0.024582300884955752,True,GLOBAL_ALL_CELLS,4522,0.05,Skill_RMSE / squared-error loss difference
31107001_10_49,sarima,5,lags_only,0.0097,0.027210545905707196,True,GLOBAL_ALL_CELLS,4522,0.05,Skill_RMSE / squared-error loss difference
31107001_10_49,sarima,6,lags_only,0.0335,0.07407677261613693,False,GLOBAL_ALL_CELLS,4522,0.05,Skill_RMSE / squared-error loss difference
31107001_10_49,sarima,7,lags_only,0.1051,0.17981922058267122,False,GLOBAL_ALL_CELLS,4522,0.05,Skill_RMSE / squared-error loss difference
31107001_10_49,xgboost_direct,1,lags_only,1.0,1.0,False,GLOBAL_ALL_CELLS,4522,0.05,Skill_RMSE / squared-error loss difference
31107001_10_49,xgboost_direct,2,lags_only,0.4332,0.5239182669162877,False,GLOBAL_ALL_CELLS,4522,0.05,Skill_RMSE / squared-error loss difference
31107001_10_49,xgboost_direct,3,lags_only,0.043,0.08931832797427652,False,GLOBAL_ALL_CELLS,4522,0.05,Skill_RMSE / squared-error loss difference
31107001_10_49,xgboost_direct,4,lags_only,0.0098,0.02745700123915737,True,GLOBAL_ALL_CELLS,4522,0.05,Skill_RMSE / squared-error loss difference
31107001_10_49,xgboost_direct,5,lags_only,0.0,0.0,True,GLOBAL_ALL_CELLS,4522,0.05,Skill_RMSE / squared-error loss difference
31107001_10_49,xgboost_direct,6,lags_only,0.0,0.0,True,GLOBAL_ALL_CELLS,4522,0.05,Skill_RMSE / squared-error loss difference
31107001_10_49,xgboost_direct,7,lags_only,0.0,0.0,True,GLOBAL_ALL_CELLS,4522,0.05,Skill_RMSE / squared-error loss difference
31149002_10_49,sarima,1,lags_only,0.346,0.4452509960159362,False,GLOBAL_ALL_CELLS,4522,0.05,Skill_RMSE / squared-error loss difference
31149002_10_49,sarima,2,lags_only,0.0,0.0,True,GLOBAL_ALL_CELLS,4522,0.05,Skill_RMSE / squared-error loss difference
31149002_10_49,sarima,3,lags_only,0.0,0.0,True,GLOBAL_ALL_CELLS,4522,0.05,Skill_RMSE / squared-error loss difference
31149002_10_49,sarima,4,lags_only,0.0,0.0,True,GLOBAL_ALL_CELLS,4522,0.05,Skill_RMSE / squared-error loss difference
31149002_10_49,sarima,5,lags_only,0.0,0.0,True,GLOBAL_ALL_CELLS,4522,0.05,Skill_RMSE / squared-error loss difference
31149002_10_49,sarima,6,lags_only,0.0,0.0,True,GLOBAL_ALL_CELLS,4522,0.05,Skill_RMSE / squared-error loss difference
31149002_10_49,sarima,7,lags_only,0.0,0.0,True,GLOBAL_ALL_CELLS,4522,0.05,Skill_RMSE / squared-error loss difference
31149002_10_49,xgboost_direct,1,lags_only,1.0,1.0,False,GLOBAL_ALL_CELLS,4522,0.05,Skill_RMSE / squared-error loss difference
31149002_10_49,xgboost_direct,2,lags_only,0.3399,0.4407880126182965,False,GLOBAL_ALL_CELLS,4522,0.05,Skill_RMSE / squared-error loss difference
31149002_10_49,xgboost_direct,3,lags_only,0.0068,0.02028337730870712,True,GLOBAL_ALL_CELLS,4522,0.05,Skill_RMSE / squared-error loss difference
31149002_10_49,xgboost_direct,4,lags_only,0.5136,0.6071893333333332,False,GLOBAL_ALL_CELLS,4522,0.05,Skill_RMSE / squared-error loss difference
31149002_10_49,xgboost_direct,5,lags_only,0.4533,0.5447063761955367,False,GLOBAL_ALL_CELLS,4522,0.05,Skill_RMSE / squared-error loss difference
31149002_10_49,xgboost_direct,6,lags_only,0.4995,0.5917576630861934,False,GLOBAL_ALL_CELLS,4522,0.05,Skill_RMSE / squared-error loss difference
31149002_10_49,xgboost_direct,7,lags_only,0.5243,0.6182228422425032,False,GLOBAL_ALL_CELLS,4522,0.05,Skill_RMSE / squared-error loss difference
31191001_10_49,sarima,1,lags_only,0.0006,0.002552398871119473,True,GLOBAL_ALL_CELLS,4522,0.05,Skill_RMSE / squared-error loss difference
31191001_10_49,sarima,2,lags_only,0.0001,0.0005270396270396271,True,GLOBAL_ALL_CELLS,4522,0.05,Skill_RMSE / squared-error loss difference
31191001_10_49,sarima,3,lags_only,0.0087,0.024789792060491492,True,GLOBAL_ALL_CELLS,4522,0.05,Skill_RMSE / squared-error loss difference
31191001_10_49,sarima,4,lags_only,0.0538,0.10614467713787086,False,GLOBAL_ALL_CELLS,4522,0.05,Skill_RMSE / squared-error loss difference
31191001_10_49,sarima,5,lags_only,0.2243,0.3247789305155299,False,GLOBAL_ALL_CELLS,4522,0.05,Skill_RMSE / squared-error loss difference
31191001_10_49,sarima,6,lags_only,0.4195,0.5095296803652968,False,GLOBAL_ALL_CELLS,4522,0.05,Skill_RMSE / squared-error loss difference
31191001_10_49,sarima,7,lags_only,0.5528,0.6466015519917226,False,GLOBAL_ALL_CELLS,4522,0.05,Skill_RMSE / squared-error loss difference
31191001_10_49,xgboost_direct,1,lags_only,1.0,1.0,False,GLOBAL_ALL_CELLS,4522,0.05,Skill_RMSE / squared-error loss difference
31191001_10_49,xgboost_direct,2,lags_only,0.8931,0.9759782986950217,False,GLOBAL_ALL_CELLS,4522,0.05,Skill_RMSE / squared-error loss difference
31191001_10_49,xgboost_direct,3,lags_only,0.3657,0.455939250275634,False,GLOBAL_ALL_CELLS,4522,0.05,Skill_RMSE / squared-error loss difference
31191001_10_49,xgboost_direct,4,lags_only,0.1348,0.21911056793673617,False,GLOBAL_ALL_CELLS,4522,0.05,Skill_RMSE / squared-error loss difference
31191001_10_49,xgboost_direct,5,lags_only,0.0176,0.04406821705426357,True,GLOBAL_ALL_CELLS,4522,0.05,Skill_RMSE / squared-error loss difference
31191001_10_49,xgboost_direct,6,lags_only,0.0009,0.003585726872246696,True,GLOBAL_ALL_CELLS,4522,0.05,Skill_RMSE / squared-error loss difference
31191001_10_49,xgboost_direct,7,lags_only,0.0009,0.003585726872246696,True,GLOBAL_ALL_CELLS,4522,0.05,Skill_RMSE / squared-error loss difference
31201012_10_49,sarima,1,lags_only,0.9427,1.0,False,GLOBAL_ALL_CELLS,4522,0.05,Skill_RMSE / squared-error loss difference
31201012_10_49,sarima,2,lags_only,0.0191,0.047171054068814854,True,GLOBAL_ALL_CELLS,4522,0.05,Skill_RMSE / squared-error loss difference
31201012_10_49,sarima,3,lags_only,0.0021,0.007554653937947494,True,GLOBAL_ALL_CELLS,4522,0.05,Skill_RMSE / squared-error loss difference
31201012_10_49,sarima,4,lags_only,0.0042,0.013527350427350428,True,GLOBAL_ALL_CELLS,4522,0.05,Skill_RMSE / squared-error loss difference
31201012_10_49,sarima,5,lags_only,0.0207,0.05027142857142857,False,GLOBAL_ALL_CELLS,4522,0.05,Skill_RMSE / squared-error loss difference
31201012_10_49,sarima,6,lags_only,0.1117,0.18861366691560866,False,GLOBAL_ALL_CELLS,4522,0.05,Skill_RMSE / squared-error loss difference
31201012_10_49,sarima,7,lags_only,0.1412,0.2271456421202419,False,GLOBAL_ALL_CELLS,4522,0.05,Skill_RMSE / squared-error loss difference
31201012_10_49,xgboost_direct,1,lags_only,1.0,1.0,False,GLOBAL_ALL_CELLS,4522,0.05,Skill_RMSE / squared-error loss difference
31201012_10_49,xgboost_direct,2,lags_only,0.6072,0.6996714904458599,False,GLOBAL_ALL_CELLS,4522,0.05,Skill_RMSE / squared-error loss difference
31201012_10_49,xgboost_direct,3,lags_only,0.0284,0.0649923076923077,False,GLOBAL_ALL_CELLS,4522,0.05,Skill_RMSE / squared-error loss difference
31201012_10_49,xgboost_direct,4,lags_only,0.0002,0.0009819761129207384,True,GLOBAL_ALL_CELLS,4522,0.05,Skill_RMSE / squared-error loss difference
31201012_10_49,xgboost_direct,5,lags_only,0.0,0.0,True,GLOBAL_ALL_CELLS,4522,0.05,Skill_RMSE / squared-error loss difference
31201012_10_49,xgboost_direct,6,lags_only,0.0001,0.0005270396270396271,True,GLOBAL_ALL_CELLS,4522,0.05,Skill_RMSE / squared-error loss difference
31201012_10_49,xgboost_direct,7,lags_only,0.0,0.0,True,GLOBAL_ALL_CELLS,4522,0.05,Skill_RMSE / squared-error loss difference
31201014_10_49,sarima,1,lags_only,0.1666,0.2592447350309704,False,GLOBAL_ALL_CELLS,4522,0.05,Skill_RMSE / squared-error loss difference
31201014_10_49,sarima,2,lags_only,0.0,0.0,True,GLOBAL_ALL_CELLS,4522,0.05,Skill_RMSE / squared-error loss difference
31201014_10_49,sarima,3,lags_only,0.0,0.0,True,GLOBAL_ALL_CELLS,4522,0.05,Skill_RMSE / squared-error loss difference
31201014_10_49,sarima,4,lags_only,0.0,0.0,True,GLOBAL_ALL_CELLS,4522,0.05,Skill_RMSE / squared-error loss difference
31201014_10_49,sarima,5,lags_only,0.0011,0.004273367697594502,True,GLOBAL_ALL_CELLS,4522,0.05,Skill_RMSE / squared-error loss difference
31201014_10_49,sarima,6,lags_only,0.0126,0.03373428063943162,True,GLOBAL_ALL_CELLS,4522,0.05,Skill_RMSE / squared-error loss difference
31201014_10_49,sarima,7,lags_only,0.0807,0.14714733870967742,False,GLOBAL_ALL_CELLS,4522,0.05,Skill_RMSE / squared-error loss difference
31201014_10_49,xgboost_direct,1,lags_only,0.9999,1.0,False,GLOBAL_ALL_CELLS,4522,0.05,Skill_RMSE / squared-error loss difference
31201014_10_49,xgboost_direct,2,lags_only,0.0955,0.16777428127428126,False,GLOBAL_ALL_CELLS,4522,0.05,Skill_RMSE / squared-error loss difference
31201014_10_49,xgboost_direct,3,lags_only,0.0,0.0,True,GLOBAL_ALL_CELLS,4522,0.05,Skill_RMSE / squared-error loss difference
31201014_10_49,xgboost_direct,4,lags_only,0.0,0.0,True,GLOBAL_ALL_CELLS,4522,0.05,Skill_RMSE / squared-error loss difference
31201014_10_49,xgboost_direct,5,lags_only,0.0002,0.0009819761129207384,True,GLOBAL_ALL_CELLS,4522,0.05,Skill_RMSE / squared-error loss difference
31201014_10_49,xgboost_direct,6,lags_only,0.0,0.0,True,GLOBAL_ALL_CELLS,4522,0.05,Skill_RMSE / squared-error loss difference
31201014_10_49,xgboost_direct,7,lags_only,0.0,0.0,True,GLOBAL_ALL_CELLS,4522,0.05,Skill_RMSE / squared-error loss difference
31201015_10_49,sarima,1,lags_only,0.5953,0.687598109833972,False,GLOBAL_ALL_CELLS,4522,0.05,Skill_RMSE / squared-error loss difference
31201015_10_49,sarima,2,lags_only,0.0085,0.024358048162230674,True,GLOBAL_ALL_CELLS,4522,0.05,Skill_RMSE / squared-error loss difference
31201015_10_49,sarima,3,lags_only,0.0479,0.09661186440677966,False,GLOBAL_ALL_CELLS,4522,0.05,Skill_RMSE / squared-error loss difference
31201015_10_49,sarima,4,lags_only,0.2249,0.3250638977635783,False,GLOBAL_ALL_CELLS,4522,0.05,Skill_RMSE / squared-error loss difference
31201015_10_49,sarima,5,lags_only,0.291,0.3936290756805264,False,GLOBAL_ALL_CELLS,4522,0.05,Skill_RMSE / squared-error loss difference
31201015_10_49,sarima,6,lags_only,0.2811,0.38344923076923076,False,GLOBAL_ALL_CELLS,4522,0.05,Skill_RMSE / squared-error loss difference
31201015_10_49,sarima,7,lags_only,0.237,0.3380801261829653,False,GLOBAL_ALL_CELLS,4522,0.05,Skill_RMSE / squared-error loss difference
31201015_10_49,xgboost_direct,1,lags_only,1.0,1.0,False,GLOBAL_ALL_CELLS,4522,0.05,Skill_RMSE / squared-error loss difference
31201015_10_49,xgboost_direct,2,lags_only,0.65,0.7407510080645162,False,GLOBAL_ALL_CELLS,4522,0.05,Skill_RMSE / squared-error loss difference
31201015_10_49,xgboost_direct,3,lags_only,0.0981,0.17088143297380587,False,GLOBAL_ALL_CELLS,4522,0.05,Skill_RMSE / squared-error loss difference
31201015_10_49,xgboost_direct,4,lags_only,0.2582,0.3609212982998454,False,GLOBAL_ALL_CELLS,4522,0.05,Skill_RMSE / squared-error loss difference
31201015_10_49,xgboost_direct,5,lags_only,0.2011,0.29962906095551894,False,GLOBAL_ALL_CELLS,4522,0.05,Skill_RMSE / squared-error loss difference
31201015_10_49,xgboost_direct,6,lags_only,0.3068,0.40901909814323606,False,GLOBAL_ALL_CELLS,4522,0.05,Skill_RMSE / squared-error loss difference
31201015_10_49,xgboost_direct,7,lags_only,0.4802,0.5715884180047381,False,GLOBAL_ALL_CELLS,4522,0.05,Skill_RMSE / squared-error loss difference
31216001_10_49,sarima,1,lags_only,0.0848,0.15301899441340783,False,GLOBAL_ALL_CELLS,4522,0.05,Skill_RMSE / squared-error loss difference
31216001_10_49,sarima,2,lags_only,0.0,0.0,True,GLOBAL_ALL_CELLS,4522,0.05,Skill_RMSE / squared-error loss difference
31216001_10_49,sarima,3,lags_only,0.0,0.0,True,GLOBAL_ALL_CELLS,4522,0.05,Skill_RMSE / squared-error loss difference
31216001_10_49,sarima,4,lags_only,0.0,0.0,True,GLOBAL_ALL_CELLS,4522,0.05,Skill_RMSE / squared-error loss difference
31216001_10_49,sarima,5,lags_only,0.0,0.0,True,GLOBAL_ALL_CELLS,4522,0.05,Skill_RMSE / squared-error loss difference
31216001_10_49,sarima,6,lags_only,0.0,0.0,True,GLOBAL_ALL_CELLS,4522,0.05,Skill_RMSE / squared-error loss difference
31216001_10_49,sarima,7,lags_only,0.0006,0.002552398871119473,True,GLOBAL_ALL_CELLS,4522,0.05,Skill_RMSE / squared-error loss difference
31216001_10_49,xgboost_direct,1,lags_only,1.0,1.0,False,GLOBAL_ALL_CELLS,4522,0.05,Skill_RMSE / squared-error loss difference
31216001_10_49,xgboost_direct,2,lags_only,0.413,0.5027149394347241,False,GLOBAL_ALL_CELLS,4522,0.05,Skill_RMSE / squared-error loss difference
31216001_10_49,xgboost_direct,3,lags_only,0.0092,0.025985259212991878,True,GLOBAL_ALL_CELLS,4522,0.05,Skill_RMSE / squared-error loss difference
31216001_10_49,xgboost_direct,4,lags_only,0.0056,0.017226666666666668,True,GLOBAL_ALL_CELLS,4522,0.05,Skill_RMSE / squared-error loss difference
31216001_10_49,xgboost_direct,5,lags_only,0.0074,0.02172909090909091,True,GLOBAL_ALL_CELLS,4522,0.05,Skill_RMSE / squared-error loss difference
31216001_10_49,xgboost_direct,6,lags_only,0.0,0.0,True,GLOBAL_ALL_CELLS,4522,0.05,Skill_RMSE / squared-error loss difference
31216001_10_49,xgboost_direct,7,lags_only,0.0,0.0,True,GLOBAL_ALL_CELLS,4522,0.05,Skill_RMSE / squared-error loss difference
31232002_10_49,sarima,1,lags_only,0.0018,0.006617560975609756,True,GLOBAL_ALL_CELLS,4522,0.05,Skill_RMSE / squared-error loss difference
31232002_10_49,sarima,2,lags_only,0.0001,0.0005270396270396271,True,GLOBAL_ALL_CELLS,4522,0.05,Skill_RMSE / squared-error loss difference
31232002_10_49,sarima,3,lags_only,0.0038,0.012406931407942237,True,GLOBAL_ALL_CELLS,4522,0.05,Skill_RMSE / squared-error loss difference
31232002_10_49,sarima,4,lags_only,0.0249,0.058190077519379844,False,GLOBAL_ALL_CELLS,4522,0.05,Skill_RMSE / squared-error loss difference
31232002_10_49,sarima,5,lags_only,0.0492,0.09866181818181818,False,GLOBAL_ALL_CELLS,4522,0.05,Skill_RMSE / squared-error loss difference
31232002_10_49,sarima,6,lags_only,0.205,0.30388669724770645,False,GLOBAL_ALL_CELLS,4522,0.05,Skill_RMSE / squared-error loss difference
31232002_10_49,sarima,7,lags_only,0.4528,0.5442747474747475,False,GLOBAL_ALL_CELLS,4522,0.05,Skill_RMSE / squared-error loss difference
31232002_10_49,xgboost_direct,1,lags_only,0.9997,1.0,False,GLOBAL_ALL_CELLS,4522,0.05,Skill_RMSE / squared-error loss difference
31232002_10_49,xgboost_direct,2,lags_only,0.3355,0.4364588607594937,False,GLOBAL_ALL_CELLS,4522,0.05,Skill_RMSE / squared-error loss difference
31232002_10_49,xgboost_direct,3,lags_only,0.023,0.054653704676826065,False,GLOBAL_ALL_CELLS,4522,0.05,Skill_RMSE / squared-error loss difference
31232002_10_49,xgboost_direct,4,lags_only,0.0114,0.031092159227985527,True,GLOBAL_ALL_CELLS,4522,0.05,Skill_RMSE / squared-error loss difference
31232002_10_49,xgboost_direct,5,lags_only,0.0016,0.005964715581203628,True,GLOBAL_ALL_CELLS,4522,0.05,Skill_RMSE / squared-error loss difference
31232002_10_49,xgboost_direct,6,lags_only,0.0013,0.004969230769230769,True,GLOBAL_ALL_CELLS,4522,0.05,Skill_RMSE / squared-error loss difference
31232002_10_49,xgboost_direct,7,lags_only,0.0181,0.04502101210121012,True,GLOBAL_ALL_CELLS,4522,0.05,Skill_RMSE / squared-error loss difference
31232003_10_49,sarima,1,lags_only,0.0167,0.04223568232662192,True,GLOBAL_ALL_CELLS,4522,0.05,Skill_RMSE / squared-error loss difference
31232003_10_49,sarima,2,lags_only,0.0298,0.06775042735042734,False,GLOBAL_ALL_CELLS,4522,0.05,Skill_RMSE / squared-error loss difference
31232003_10_49,sarima,3,lags_only,0.2195,0.3198772155978086,False,GLOBAL_ALL_CELLS,4522,0.05,Skill_RMSE / squared-error loss difference
31232003_10_49,sarima,4,lags_only,0.4575,0.5486117740652346,False,GLOBAL_ALL_CELLS,4522,0.05,Skill_RMSE / squared-error loss difference
31232003_10_49,sarima,5,lags_only,0.5642,0.6570467164563483,False,GLOBAL_ALL_CELLS,4522,0.05,Skill_RMSE / squared-error loss difference
31232003_10_49,sarima,6,lags_only,0.7126,0.8035853366583541,False,GLOBAL_ALL_CELLS,4522,0.05,Skill_RMSE / squared-error loss difference
31232003_10_49,sarima,7,lags_only,0.8542,0.9395992216005837,False,GLOBAL_ALL_CELLS,4522,0.05,Skill_RMSE / squared-error loss difference
31232003_10_49,xgboost_direct,1,lags_only,1.0,1.0,False,GLOBAL_ALL_CELLS,4522,0.05,Skill_RMSE / squared-error loss difference
31232003_10_49,xgboost_direct,2,lags_only,0.2028,0.3019629897925584,False,GLOBAL_ALL_CELLS,4522,0.05,Skill_RMSE / squared-error loss difference
31232003_10_49,xgboost_direct,3,lags_only,0.126,0.20802190580503835,False,GLOBAL_ALL_CELLS,4522,0.05,Skill_RMSE / squared-error loss difference
31232003_10_49,xgboost_direct,4,lags_only,0.0281,0.06443620689655173,False,GLOBAL_ALL_CELLS,4522,0.05,Skill_RMSE / squared-error loss difference
31232003_10_49,xgboost_direct,5,lags_only,0.0411,0.08640362622036261,False,GLOBAL_ALL_CELLS,4522,0.05,Skill_RMSE / squared-error loss difference
31232003_10_49,xgboost_direct,6,lags_only,0.0075,0.0219799092676604,True,GLOBAL_ALL_CELLS,4522,0.05,Skill_RMSE / squared-error loss difference
31232003_10_49,xgboost_direct,7,lags_only,0.0016,0.005964715581203628,True,GLOBAL_ALL_CELLS,4522,0.05,Skill_RMSE / squared-error loss difference
32032001_10_49,sarima,1,lags_only,0.3207,0.4225626565685988,False,GLOBAL_ALL_CELLS,4522,0.05,Skill_RMSE / squared-error loss difference
32032001_10_49,sarima,2,lags_only,0.0598,0.11576010273972602,False,GLOBAL_ALL_CELLS,4522,0.05,Skill_RMSE / squared-error loss difference
32032001_10_49,sarima,3,lags_only,0.1132,0.19071922503725783,False,GLOBAL_ALL_CELLS,4522,0.05,Skill_RMSE / squared-error loss difference
32032001_10_49,sarima,4,lags_only,0.1237,0.20528918225155846,False,GLOBAL_ALL_CELLS,4522,0.05,Skill_RMSE / squared-error loss difference
32032001_10_49,sarima,5,lags_only,0.1487,0.23668475888771556,False,GLOBAL_ALL_CELLS,4522,0.05,Skill_RMSE / squared-error loss difference
32032001_10_49,sarima,6,lags_only,0.1957,0.29390747260046496,False,GLOBAL_ALL_CELLS,4522,0.05,Skill_RMSE / squared-error loss difference
32032001_10_49,sarima,7,lags_only,0.2045,0.3037940210249671,False,GLOBAL_ALL_CELLS,4522,0.05,Skill_RMSE / squared-error loss difference
32032001_10_49,xgboost_direct,1,lags_only,0.9752,1.0,False,GLOBAL_ALL_CELLS,4522,0.05,Skill_RMSE / squared-error loss difference
32032001_10_49,xgboost_direct,2,lags_only,0.2341,0.3355679340937896,False,GLOBAL_ALL_CELLS,4522,0.05,Skill_RMSE / squared-error loss difference
32032001_10_49,xgboost_direct,3,lags_only,0.2889,0.39160845323741006,False,GLOBAL_ALL_CELLS,4522,0.05,Skill_RMSE / squared-error loss difference
32032001_10_49,xgboost_direct,4,lags_only,0.1031,0.17686578148710166,False,GLOBAL_ALL_CELLS,4522,0.05,Skill_RMSE / squared-error loss difference
32032001_10_49,xgboost_direct,5,lags_only,0.0522,0.10375753846153847,False,GLOBAL_ALL_CELLS,4522,0.05,Skill_RMSE / squared-error loss difference
32032001_10_49,xgboost_direct,6,lags_only,0.1241,0.20556051282051283,False,GLOBAL_ALL_CELLS,4522,0.05,Skill_RMSE / squared-error loss difference
32032001_10_49,xgboost_direct,7,lags_only,0.1639,0.25601236614853196,False,GLOBAL_ALL_CELLS,4522,0.05,Skill_RMSE / squared-error loss difference
32039001_10_49,sarima,1,lags_only,0.7979,0.8884766806205369,False,GLOBAL_ALL_CELLS,4522,0.05,Skill_RMSE / squared-error loss difference
32039001_10_49,sarima,2,lags_only,0.411,0.5008197251414713,False,GLOBAL_ALL_CELLS,4522,0.05,Skill_RMSE / squared-error loss difference
32039001_10_49,sarima,3,lags_only,0.3906,0.48114769817488423,False,GLOBAL_ALL_CELLS,4522,0.05,Skill_RMSE / squared-error loss difference
32039001_10_49,sarima,4,lags_only,0.38,0.4702681992337165,False,GLOBAL_ALL_CELLS,4522,0.05,Skill_RMSE / squared-error loss difference
32039001_10_49,sarima,5,lags_only,0.3734,0.4633684961580681,False,GLOBAL_ALL_CELLS,4522,0.05,Skill_RMSE / squared-error loss difference
32039001_10_49,sarima,6,lags_only,0.3469,0.44577852882703783,False,GLOBAL_ALL_CELLS,4522,0.05,Skill_RMSE / squared-error loss difference
32039001_10_49,sarima,7,lags_only,0.3567,0.45055793296089386,False,GLOBAL_ALL_CELLS,4522,0.05,Skill_RMSE / squared-error loss difference
32039001_10_49,xgboost_direct,1,lags_only,0.7388,0.8294075471698114,False,GLOBAL_ALL_CELLS,4522,0.05,Skill_RMSE / squared-error loss difference
32039001_10_49,xgboost_direct,2,lags_only,0.3696,0.4599150247660979,False,GLOBAL_ALL_CELLS,4522,0.05,Skill_RMSE / squared-error loss difference
32039001_10_49,xgboost_direct,3,lags_only,0.284,0.38623999999999997,False,GLOBAL_ALL_CELLS,4522,0.05,Skill_RMSE / squared-error loss difference
32039001_10_49,xgboost_direct,4,lags_only,0.3887,0.4789377111716621,False,GLOBAL_ALL_CELLS,4522,0.05,Skill_RMSE / squared-error loss difference
32039001_10_49,xgboost_direct,5,lags_only,0.3572,0.4506867819297267,False,GLOBAL_ALL_CELLS,4522,0.05,Skill_RMSE / squared-error loss difference
32039001_10_49,xgboost_direct,6,lags_only,0.5878,0.6804996415770609,False,GLOBAL_ALL_CELLS,4522,0.05,Skill_RMSE / squared-error loss difference
32039001_10_49,xgboost_direct,7,lags_only,0.4917,0.5834341117816846,False,GLOBAL_ALL_CELLS,4522,0.05,Skill_RMSE / squared-error loss difference
32054004_10_49,sarima,1,lags_only,0.0476,0.09609250000000001,False,GLOBAL_ALL_CELLS,4522,0.05,Skill_RMSE / squared-error loss difference
32054004_10_49,sarima,2,lags_only,0.0002,0.0009819761129207384,True,GLOBAL_ALL_CELLS,4522,0.05,Skill_RMSE / squared-error loss difference
32054004_10_49,sarima,3,lags_only,0.0,0.0,True,GLOBAL_ALL_CELLS,4522,0.05,Skill_RMSE / squared-error loss difference
32054004_10_49,sarima,4,lags_only,0.0,0.0,True,GLOBAL_ALL_CELLS,4522,0.05,Skill_RMSE / squared-error loss difference
32054004_10_49,sarima,5,lags_only,0.0002,0.0009819761129207384,True,GLOBAL_ALL_CELLS,4522,0.05,Skill_RMSE / squared-error loss difference
32054004_10_49,sarima,6,lags_only,0.0058,0.01775734597156398,True,GLOBAL_ALL_CELLS,4522,0.05,Skill_RMSE / squared-error loss difference
32054004_10_49,sarima,7,lags_only,0.0275,0.0632849872773537,False,GLOBAL_ALL_CELLS,4522,0.05,Skill_RMSE / squared-error loss difference
32054004_10_49,xgboost_direct,1,lags_only,0.9994,1.0,False,GLOBAL_ALL_CELLS,4522,0.05,Skill_RMSE / squared-error loss difference
32054004_10_49,xgboost_direct,2,lags_only,0.2946,0.396836818588025,False,GLOBAL_ALL_CELLS,4522,0.05,Skill_RMSE / squared-error loss difference
32054004_10_49,xgboost_direct,3,lags_only,0.1913,0.2889307281229125,False,GLOBAL_ALL_CELLS,4522,0.05,Skill_RMSE / squared-error loss difference
32054004_10_49,xgboost_direct,4,lags_only,0.0348,0.0757293551491819,False,GLOBAL_ALL_CELLS,4522,0.05,Skill_RMSE / squared-error loss difference
32054004_10_49,xgboost_direct,5,lags_only,0.0398,0.08417942001870908,False,GLOBAL_ALL_CELLS,4522,0.05,Skill_RMSE / squared-error loss difference
32054004_10_49,xgboost_direct,6,lags_only,0.0342,0.07492848837209302,False,GLOBAL_ALL_CELLS,4522,0.05,Skill_RMSE / squared-error loss difference
32054004_10_49,xgboost_direct,7,lags_only,0.0907,0.16115732809430255,False,GLOBAL_ALL_CELLS,4522,0.05,Skill_RMSE / squared-error loss difference
33004020_10_49,sarima,1,lags_only,0.0992,0.17226666666666668,False,GLOBAL_ALL_CELLS,4522,0.05,Skill_RMSE / squared-error loss difference
33004020_10_49,sarima,2,lags_only,0.0,0.0,True,GLOBAL_ALL_CELLS,4522,0.05,Skill_RMSE / squared-error loss difference
33004020_10_49,sarima,3,lags_only,0.0,0.0,True,GLOBAL_ALL_CELLS,4522,0.05,Skill_RMSE / squared-error loss difference
33004020_10_49,sarima,4,lags_only,0.0,0.0,True,GLOBAL_ALL_CELLS,4522,0.05,Skill_RMSE / squared-error loss difference
33004020_10_49,sarima,5,lags_only,0.0,0.0,True,GLOBAL_ALL_CELLS,4522,0.05,Skill_RMSE / squared-error loss difference
33004020_10_49,sarima,6,lags_only,0.0,0.0,True,GLOBAL_ALL_CELLS,4522,0.05,Skill_RMSE / squared-error loss difference
33004020_10_49,sarima,7,lags_only,0.0,0.0,True,GLOBAL_ALL_CELLS,4522,0.05,Skill_RMSE / squared-error loss difference
33004020_10_49,xgboost_direct,1,lags_only,1.0,1.0,False,GLOBAL_ALL_CELLS,4522,0.05,Skill_RMSE / squared-error loss difference
33004020_10_49,xgboost_direct,2,lags_only,0.5985,0.6907649310872895,False,GLOBAL_ALL_CELLS,4522,0.05,Skill_RMSE / squared-error loss difference
33004020_10_49,xgboost_direct,3,lags_only,0.0685,0.1289042863087807,False,GLOBAL_ALL_CELLS,4522,0.05,Skill_RMSE / squared-error loss difference
33004020_10_49,xgboost_direct,4,lags_only,0.0022,0.00785193370165746,True,GLOBAL_ALL_CELLS,4522,0.05,Skill_RMSE / squared-error loss difference
33004020_10_49,xgboost_direct,5,lags_only,0.0002,0.0009819761129207384,True,GLOBAL_ALL_CELLS,4522,0.05,Skill_RMSE / squared-error loss difference
33004020_10_49,xgboost_direct,6,lags_only,0.0,0.0,True,GLOBAL_ALL_CELLS,4522,0.05,Skill_RMSE / squared-error loss difference
33004020_10_49,xgboost_direct,7,lags_only,0.0,0.0,True,GLOBAL_ALL_CELLS,4522,0.05,Skill_RMSE / squared-error loss difference
33004021_10_49,sarima,1,lags_only,0.3267,0.4277178343949044,False,GLOBAL_ALL_CELLS,4522,0.05,Skill_RMSE / squared-error loss difference
33004021_10_49,sarima,2,lags_only,0.001,0.003945898778359511,True,GLOBAL_ALL_CELLS,4522,0.05,Skill_RMSE / squared-error loss difference
33004021_10_49,sarima,3,lags_only,0.0,0.0,True,GLOBAL_ALL_CELLS,4522,0.05,Skill_RMSE / squared-error loss difference
33004021_10_49,sarima,4,lags_only,0.0,0.0,True,GLOBAL_ALL_CELLS,4522,0.05,Skill_RMSE / squared-error loss difference
33004021_10_49,sarima,5,lags_only,0.0,0.0,True,GLOBAL_ALL_CELLS,4522,0.05,Skill_RMSE / squared-error loss difference
33004021_10_49,sarima,6,lags_only,0.0006,0.002552398871119473,True,GLOBAL_ALL_CELLS,4522,0.05,Skill_RMSE / squared-error loss difference
33004021_10_49,sarima,7,lags_only,0.006,0.01822162525184688,True,GLOBAL_ALL_CELLS,4522,0.05,Skill_RMSE / squared-error loss difference
33004021_10_49,xgboost_direct,1,lags_only,0.9999,1.0,False,GLOBAL_ALL_CELLS,4522,0.05,Skill_RMSE / squared-error loss difference
33004021_10_49,xgboost_direct,2,lags_only,0.3002,0.40305950118764844,False,GLOBAL_ALL_CELLS,4522,0.05,Skill_RMSE / squared-error loss difference
33004021_10_49,xgboost_direct,3,lags_only,0.0112,0.030732038834951455,True,GLOBAL_ALL_CELLS,4522,0.05,Skill_RMSE / squared-error loss difference
33004021_10_49,xgboost_direct,4,lags_only,0.0256,0.059548971193415644,False,GLOBAL_ALL_CELLS,4522,0.05,Skill_RMSE / squared-error loss difference
33004021_10_49,xgboost_direct,5,lags_only,0.013,0.03466155660377358,True,GLOBAL_ALL_CELLS,4522,0.05,Skill_RMSE / squared-error loss difference
33004021_10_49,xgboost_direct,6,lags_only,0.0,0.0,True,GLOBAL_ALL_CELLS,4522,0.05,Skill_RMSE / squared-error loss difference
33004021_10_49,xgboost_direct,7,lags_only,0.0,0.0,True,GLOBAL_ALL_CELLS,4522,0.05,Skill_RMSE / squared-error loss difference
33004048_10_49,sarima,1,lags_only,0.0001,0.0005270396270396271,True,GLOBAL_ALL_CELLS,4522,0.05,Skill_RMSE / squared-error loss difference
33004048_10_49,sarima,2,lags_only,0.0,0.0,True,GLOBAL_ALL_CELLS,4522,0.05,Skill_RMSE / squared-error loss difference
33004048_10_49,sarima,3,lags_only,0.0,0.0,True,GLOBAL_ALL_CELLS,4522,0.05,Skill_RMSE / squared-error loss difference
33004048_10_49,sarima,4,lags_only,0.0,0.0,True,GLOBAL_ALL_CELLS,4522,0.05,Skill_RMSE / squared-error loss difference
33004048_10_49,sarima,5,lags_only,0.0,0.0,True,GLOBAL_ALL_CELLS,4522,0.05,Skill_RMSE / squared-error loss difference
33004048_10_49,sarima,6,lags_only,0.0,0.0,True,GLOBAL_ALL_CELLS,4522,0.05,Skill_RMSE / squared-error loss difference
33004048_10_49,sarima,7,lags_only,0.0,0.0,True,GLOBAL_ALL_CELLS,4522,0.05,Skill_RMSE / squared-error loss difference
33004048_10_49,xgboost_direct,1,lags_only,0.1602,0.2517110493398193,False,GLOBAL_ALL_CELLS,4522,0.05,Skill_RMSE / squared-error loss difference
33004048_10_49,xgboost_direct,2,lags_only,0.0,0.0,True,GLOBAL_ALL_CELLS,4522,0.05,Skill_RMSE / squared-error loss difference
33004048_10_49,xgboost_direct,3,lags_only,0.0,0.0,True,GLOBAL_ALL_CELLS,4522,0.05,Skill_RMSE / squared-error loss difference
33004048_10_49,xgboost_direct,4,lags_only,0.0,0.0,True,GLOBAL_ALL_CELLS,4522,0.05,Skill_RMSE / squared-error loss difference
33004048_10_49,xgboost_direct,5,lags_only,0.0,0.0,True,GLOBAL_ALL_CELLS,4522,0.05,Skill_RMSE / squared-error loss difference
33004048_10_49,xgboost_direct,6,lags_only,0.0,0.0,True,GLOBAL_ALL_CELLS,4522,0.05,Skill_RMSE / squared-error loss difference
33004048_10_49,xgboost_direct,7,lags_only,0.0,0.0,True,GLOBAL_ALL_CELLS,4522,0.05,Skill_RMSE / squared-error loss difference
33004049_10_49,sarima,1,lags_only,0.0474,0.0959028187919463,False,GLOBAL_ALL_CELLS,4522,0.05,Skill_RMSE / squared-error loss difference
33004049_10_49,sarima,2,lags_only,0.0,0.0,True,GLOBAL_ALL_CELLS,4522,0.05,Skill_RMSE / squared-error loss difference
33004049_10_49,sarima,3,lags_only,0.0,0.0,True,GLOBAL_ALL_CELLS,4522,0.05,Skill_RMSE / squared-error loss difference
33004049_10_49,sarima,4,lags_only,0.0,0.0,True,GLOBAL_ALL_CELLS,4522,0.05,Skill_RMSE / squared-error loss difference
33004049_10_49,sarima,5,lags_only,0.0,0.0,True,GLOBAL_ALL_CELLS,4522,0.05,Skill_RMSE / squared-error loss difference
33004049_10_49,sarima,6,lags_only,0.0002,0.0009819761129207384,True,GLOBAL_ALL_CELLS,4522,0.05,Skill_RMSE / squared-error loss difference
33004049_10_49,sarima,7,lags_only,0.0072,0.021238356164383562,True,GLOBAL_ALL_CELLS,4522,0.05,Skill_RMSE / squared-error loss difference
33004049_10_49,xgboost_direct,1,lags_only,1.0,1.0,False,GLOBAL_ALL_CELLS,4522,0.05,Skill_RMSE / squared-error loss difference
33004049_10_49,xgboost_direct,2,lags_only,0.2728,0.37541132075471695,False,GLOBAL_ALL_CELLS,4522,0.05,Skill_RMSE / squared-error loss difference
33004049_10_49,xgboost_direct,3,lags_only,0.0208,0.05048717122920021,False,GLOBAL_ALL_CELLS,4522,0.05,Skill_RMSE / squared-error loss difference
33004049_10_49,xgboost_direct,4,lags_only,0.0,0.0,True,GLOBAL_ALL_CELLS,4522,0.05,Skill_RMSE / squared-error loss difference
33004049_10_49,xgboost_direct,5,lags_only,0.0,0.0,True,GLOBAL_ALL_CELLS,4522,0.05,Skill_RMSE / squared-error loss difference
33004049_10_49,xgboost_direct,6,lags_only,0.0001,0.0005270396270396271,True,GLOBAL_ALL_CELLS,4522,0.05,Skill_RMSE / squared-error loss difference
33004049_10_49,xgboost_direct,7,lags_only,0.0001,0.0005270396270396271,True,GLOBAL_ALL_CELLS,4522,0.05,Skill_RMSE / squared-error loss difference
33004052_10_49,sarima,1,lags_only,0.7684,0.8588,False,GLOBAL_ALL_CELLS,4522,0.05,Skill_RMSE / squared-error loss difference
33004052_10_49,sarima,2,lags_only,0.6915,0.7831111945905335,False,GLOBAL_ALL_CELLS,4522,0.05,Skill_RMSE / squared-error loss difference
33004052_10_49,sarima,3,lags_only,0.0193,0.04763897379912664,True,GLOBAL_ALL_CELLS,4522,0.05,Skill_RMSE / squared-error loss difference
33004052_10_49,sarima,4,lags_only,0.0002,0.0009819761129207384,True,GLOBAL_ALL_CELLS,4522,0.05,Skill_RMSE / squared-error loss difference
33004052_10_49,sarima,5,lags_only,0.0085,0.024358048162230674,True,GLOBAL_ALL_CELLS,4522,0.05,Skill_RMSE / squared-error loss difference
33004052_10_49,sarima,6,lags_only,0.0228,0.054235455023671754,False,GLOBAL_ALL_CELLS,4522,0.05,Skill_RMSE / squared-error loss difference
33004052_10_49,sarima,7,lags_only,0.1211,0.20169952117863718,False,GLOBAL_ALL_CELLS,4522,0.05,Skill_RMSE / squared-error loss difference
33004052_10_49,xgboost_direct,1,lags_only,1.0,1.0,False,GLOBAL_ALL_CELLS,4522,0.05,Skill_RMSE / squared-error loss difference
33004052_10_49,xgboost_direct,2,lags_only,0.7413,0.8315947903745968,False,GLOBAL_ALL_CELLS,4522,0.05,Skill_RMSE / squared-error loss difference
33004052_10_49,xgboost_direct,3,lags_only,0.023,0.054653704676826065,False,GLOBAL_ALL_CELLS,4522,0.05,Skill_RMSE / squared-error loss difference
33004052_10_49,xgboost_direct,4,lags_only,0.0435,0.09014986251145737,False,GLOBAL_ALL_CELLS,4522,0.05,Skill_RMSE / squared-error loss difference
33004052_10_49,xgboost_direct,5,lags_only,0.2418,0.3435185673892554,False,GLOBAL_ALL_CELLS,4522,0.05,Skill_RMSE / squared-error loss difference
33004052_10_49,xgboost_direct,6,lags_only,0.0756,0.13947906976744187,False,GLOBAL_ALL_CELLS,4522,0.05,Skill_RMSE / squared-error loss difference
33004052_10_49,xgboost_direct,7,lags_only,0.2072,0.30599555845852383,False,GLOBAL_ALL_CELLS,4522,0.05,Skill_RMSE / squared-error loss difference
33011001_10_49,sarima,1,lags_only,0.0924,0.16372758620689654,False,GLOBAL_ALL_CELLS,4522,0.05,Skill_RMSE / squared-error loss difference
33011001_10_49,sarima,2,lags_only,0.2067,0.30565644211903203,False,GLOBAL_ALL_CELLS,4522,0.05,Skill_RMSE / squared-error loss difference
33011001_10_49,sarima,3,lags_only,0.2594,0.36181579272054293,False,GLOBAL_ALL_CELLS,4522,0.05,Skill_RMSE / squared-error loss difference
33011001_10_49,sarima,4,lags_only,0.3237,0.4247740568775391,False,GLOBAL_ALL_CELLS,4522,0.05,Skill_RMSE / squared-error loss difference
33011001_10_49,sarima,5,lags_only,0.3492,0.4468258064516129,False,GLOBAL_ALL_CELLS,4522,0.05,Skill_RMSE / squared-error loss difference
33011001_10_49,sarima,6,lags_only,0.4369,0.5279694815606628,False,GLOBAL_ALL_CELLS,4522,0.05,Skill_RMSE / squared-error loss difference
33011001_10_49,sarima,7,lags_only,0.5445,0.6379521885521885,False,GLOBAL_ALL_CELLS,4522,0.05,Skill_RMSE / squared-error loss difference
33011001_10_49,xgboost_direct,1,lags_only,1.0,1.0,False,GLOBAL_ALL_CELLS,4522,0.05,Skill_RMSE / squared-error loss difference
33011001_10_49,xgboost_direct,2,lags_only,0.7517,0.8415913344887349,False,GLOBAL_ALL_CELLS,4522,0.05,Skill_RMSE / squared-error loss difference
33011001_10_49,xgboost_direct,3,lags_only,0.6408,0.7322965883244882,False,GLOBAL_ALL_CELLS,4522,0.05,Skill_RMSE / squared-error loss difference
33011001_10_49,xgboost_direct,4,lags_only,0.0895,0.15933818897637794,False,GLOBAL_ALL_CELLS,4522,0.05,Skill_RMSE / squared-error loss difference
33011001_10_49,xgboost_direct,5,lags_only,0.061,0.11752961227098423,False,GLOBAL_ALL_CELLS,4522,0.05,Skill_RMSE / squared-error loss difference
33011001_10_49,xgboost_direct,6,lags_only,0.2647,0.36762082309582306,False,GLOBAL_ALL_CELLS,4522,0.05,Skill_RMSE / squared-error loss difference
33011001_10_49,xgboost_direct,7,lags_only,0.1581,0.24908788300835655,False,GLOBAL_ALL_CELLS,4522,0.05,Skill_RMSE / squared-error loss difference
33024024_10_49,sarima,1,lags_only,0.0188,0.04655728368017525,True,GLOBAL_ALL_CELLS,4522,0.05,Skill_RMSE / squared-error loss difference
33024024_10_49,sarima,2,lags_only,0.0,0.0,True,GLOBAL_ALL_CELLS,4522,0.05,Skill_RMSE / squared-error loss difference
33024024_10_49,sarima,3,lags_only,0.0,0.0,True,GLOBAL_ALL_CELLS,4522,0.05,Skill_RMSE / squared-error loss difference
33024024_10_49,sarima,4,lags_only,0.0,0.0,True,GLOBAL_ALL_CELLS,4522,0.05,Skill_RMSE / squared-error loss difference
33024024_10_49,sarima,5,lags_only,0.0,0.0,True,GLOBAL_ALL_CELLS,4522,0.05,Skill_RMSE / squared-error loss difference
33024024_10_49,sarima,6,lags_only,0.0,0.0,True,GLOBAL_ALL_CELLS,4522,0.05,Skill_RMSE / squared-error loss difference
33024024_10_49,sarima,7,lags_only,0.0,0.0,True,GLOBAL_ALL_CELLS,4522,0.05,Skill_RMSE / squared-error loss difference
33024024_10_49,xgboost_direct,1,lags_only,0.9525,1.0,False,GLOBAL_ALL_CELLS,4522,0.05,Skill_RMSE / squared-error loss difference
33024024_10_49,xgboost_direct,2,lags_only,0.0385,0.0819665725047081,False,GLOBAL_ALL_CELLS,4522,0.05,Skill_RMSE / squared-error loss difference
33024024_10_49,xgboost_direct,3,lags_only,0.0007,0.0029120515179392823,True,GLOBAL_ALL_CELLS,4522,0.05,Skill_RMSE / squared-error loss difference
33024024_10_49,xgboost_direct,4,lags_only,0.0,0.0,True,GLOBAL_ALL_CELLS,4522,0.05,Skill_RMSE / squared-error loss difference
33024024_10_49,xgboost_direct,5,lags_only,0.0,0.0,True,GLOBAL_ALL_CELLS,4522,0.05,Skill_RMSE / squared-error loss difference
33024024_10_49,xgboost_direct,6,lags_only,0.0,0.0,True,GLOBAL_ALL_CELLS,4522,0.05,Skill_RMSE / squared-error loss difference
33024024_10_49,xgboost_direct,7,lags_only,0.0,0.0,True,GLOBAL_ALL_CELLS,4522,0.05,Skill_RMSE / squared-error loss difference
33024025_10_49,sarima,1,lags_only,0.3974,0.4872675704989154,False,GLOBAL_ALL_CELLS,4522,0.05,Skill_RMSE / squared-error loss difference
33024025_10_49,sarima,2,lags_only,0.0,0.0,True,GLOBAL_ALL_CELLS,4522,0.05,Skill_RMSE / squared-error loss difference
33024025_10_49,sarima,3,lags_only,0.0,0.0,True,GLOBAL_ALL_CELLS,4522,0.05,Skill_RMSE / squared-error loss difference
33024025_10_49,sarima,4,lags_only,0.0,0.0,True,GLOBAL_ALL_CELLS,4522,0.05,Skill_RMSE / squared-error loss difference
33024025_10_49,sarima,5,lags_only,0.0,0.0,True,GLOBAL_ALL_CELLS,4522,0.05,Skill_RMSE / squared-error loss difference
33024025_10_49,sarima,6,lags_only,0.0,0.0,True,GLOBAL_ALL_CELLS,4522,0.05,Skill_RMSE / squared-error loss difference
33024025_10_49,sarima,7,lags_only,0.0115,0.03132710843373494,True,GLOBAL_ALL_CELLS,4522,0.05,Skill_RMSE / squared-error loss difference
33024025_10_49,xgboost_direct,1,lags_only,1.0,1.0,False,GLOBAL_ALL_CELLS,4522,0.05,Skill_RMSE / squared-error loss difference
33024025_10_49,xgboost_direct,2,lags_only,0.1344,0.2188537270435722,False,GLOBAL_ALL_CELLS,4522,0.05,Skill_RMSE / squared-error loss difference
33024025_10_49,xgboost_direct,3,lags_only,0.0009,0.003585726872246696,True,GLOBAL_ALL_CELLS,4522,0.05,Skill_RMSE / squared-error loss difference
33024025_10_49,xgboost_direct,4,lags_only,0.0001,0.0005270396270396271,True,GLOBAL_ALL_CELLS,4522,0.05,Skill_RMSE / squared-error loss difference
33024025_10_49,xgboost_direct,5,lags_only,0.0,0.0,True,GLOBAL_ALL_CELLS,4522,0.05,Skill_RMSE / squared-error loss difference
33024025_10_49,xgboost_direct,6,lags_only,0.0,0.0,True,GLOBAL_ALL_CELLS,4522,0.05,Skill_RMSE / squared-error loss difference
33024025_10_49,xgboost_direct,7,lags_only,0.0,0.0,True,GLOBAL_ALL_CELLS,4522,0.05,Skill_RMSE / squared-error loss difference
33024027_10_49,sarima,1,lags_only,0.102,0.1754446557626474,False,GLOBAL_ALL_CELLS,4522,0.05,Skill_RMSE / squared-error loss difference
33024027_10_49,sarima,2,lags_only,0.0,0.0,True,GLOBAL_ALL_CELLS,4522,0.05,Skill_RMSE / squared-error loss difference
33024027_10_49,sarima,3,lags_only,0.0,0.0,True,GLOBAL_ALL_CELLS,4522,0.05,Skill_RMSE / squared-error loss difference
33024027_10_49,sarima,4,lags_only,0.0,0.0,True,GLOBAL_ALL_CELLS,4522,0.05,Skill_RMSE / squared-error loss difference
33024027_10_49,sarima,5,lags_only,0.0,0.0,True,GLOBAL_ALL_CELLS,4522,0.05,Skill_RMSE / squared-error loss difference
33024027_10_49,sarima,6,lags_only,0.0,0.0,True,GLOBAL_ALL_CELLS,4522,0.05,Skill_RMSE / squared-error loss difference
33024027_10_49,sarima,7,lags_only,0.0,0.0,True,GLOBAL_ALL_CELLS,4522,0.05,Skill_RMSE / squared-error loss difference
33024027_10_49,xgboost_direct,1,lags_only,0.6295,0.7223037300177619,False,GLOBAL_ALL_CELLS,4522,0.05,Skill_RMSE / squared-error loss difference
33024027_10_49,xgboost_direct,2,lags_only,0.0002,0.0009819761129207384,True,GLOBAL_ALL_CELLS,4522,0.05,Skill_RMSE / squared-error loss difference
33024027_10_49,xgboost_direct,3,lags_only,0.0024,0.008439191290824261,True,GLOBAL_ALL_CELLS,4522,0.05,Skill_RMSE / squared-error loss difference
33024027_10_49,xgboost_direct,4,lags_only,0.0017,0.006306316652994257,True,GLOBAL_ALL_CELLS,4522,0.05,Skill_RMSE / squared-error loss difference
33024027_10_49,xgboost_direct,5,lags_only,0.0078,0.02272654639175258,True,GLOBAL_ALL_CELLS,4522,0.05,Skill_RMSE / squared-error loss difference
33024027_10_49,xgboost_direct,6,lags_only,0.0,0.0,True,GLOBAL_ALL_CELLS,4522,0.05,Skill_RMSE / squared-error loss difference
33024027_10_49,xgboost_direct,7,lags_only,0.0,0.0,True,GLOBAL_ALL_CELLS,4522,0.05,Skill_RMSE / squared-error loss difference
33024031_10_49,sarima,1,lags_only,0.4819,0.5733101289134439,False,GLOBAL_ALL_CELLS,4522,0.05,Skill_RMSE / squared-error loss difference
33024031_10_49,sarima,2,lags_only,0.0095,0.026715796019900494,True,GLOBAL_ALL_CELLS,4522,0.05,Skill_RMSE / squared-error loss difference
33024031_10_49,sarima,3,lags_only,0.0,0.0,True,GLOBAL_ALL_CELLS,4522,0.05,Skill_RMSE / squared-error loss difference
33024031_10_49,sarima,4,lags_only,0.0,0.0,True,GLOBAL_ALL_CELLS,4522,0.05,Skill_RMSE / squared-error loss difference
33024031_10_49,sarima,5,lags_only,0.0,0.0,True,GLOBAL_ALL_CELLS,4522,0.05,Skill_RMSE / squared-error loss difference
33024031_10_49,sarima,6,lags_only,0.0,0.0,True,GLOBAL_ALL_CELLS,4522,0.05,Skill_RMSE / squared-error loss difference
33024031_10_49,sarima,7,lags_only,0.0004,0.0018106106106106107,True,GLOBAL_ALL_CELLS,4522,0.05,Skill_RMSE / squared-error loss difference
33024031_10_49,xgboost_direct,1,lags_only,1.0,1.0,False,GLOBAL_ALL_CELLS,4522,0.05,Skill_RMSE / squared-error loss difference
33024031_10_49,xgboost_direct,2,lags_only,0.4497,0.5411238424693986,False,GLOBAL_ALL_CELLS,4522,0.05,Skill_RMSE / squared-error loss difference
33024031_10_49,xgboost_direct,3,lags_only,0.0136,0.03585959183673469,True,GLOBAL_ALL_CELLS,4522,0.05,Skill_RMSE / squared-error loss difference
33024031_10_49,xgboost_direct,4,lags_only,0.0303,0.06868,False,GLOBAL_ALL_CELLS,4522,0.05,Skill_RMSE / squared-error loss difference
33024031_10_49,xgboost_direct,5,lags_only,0.003,0.010184684684684685,True,GLOBAL_ALL_CELLS,4522,0.05,Skill_RMSE / squared-error loss difference
33024031_10_49,xgboost_direct,6,lags_only,0.0001,0.0005270396270396271,True,GLOBAL_ALL_CELLS,4522,0.05,Skill_RMSE / squared-error loss difference
33024031_10_49,xgboost_direct,7,lags_only,0.0,0.0,True,GLOBAL_ALL_CELLS,4522,0.05,Skill_RMSE / squared-error loss difference
33024032_10_49,sarima,1,lags_only,0.1862,0.283024,False,GLOBAL_ALL_CELLS,4522,0.05,Skill_RMSE / squared-error loss difference
33024032_10_49,sarima,2,lags_only,0.0002,0.0009819761129207384,True,GLOBAL_ALL_CELLS,4522,0.05,Skill_RMSE / squared-error loss difference
33024032_10_49,sarima,3,lags_only,0.0,0.0,True,GLOBAL_ALL_CELLS,4522,0.05,Skill_RMSE / squared-error loss difference
33024032_10_49,sarima,4,lags_only,0.0,0.0,True,GLOBAL_ALL_CELLS,4522,0.05,Skill_RMSE / squared-error loss difference
33024032_10_49,sarima,5,lags_only,0.0,0.0,True,GLOBAL_ALL_CELLS,4522,0.05,Skill_RMSE / squared-error loss difference
33024032_10_49,sarima,6,lags_only,0.0,0.0,True,GLOBAL_ALL_CELLS,4522,0.05,Skill_RMSE / squared-error loss difference
33024032_10_49,sarima,7,lags_only,0.0012,0.004618212765957446,True,GLOBAL_ALL_CELLS,4522,0.05,Skill_RMSE / squared-error loss difference
33024032_10_49,xgboost_direct,1,lags_only,0.9999,1.0,False,GLOBAL_ALL_CELLS,4522,0.05,Skill_RMSE / squared-error loss difference
33024032_10_49,xgboost_direct,2,lags_only,0.4456,0.5368820990942994,False,GLOBAL_ALL_CELLS,4522,0.05,Skill_RMSE / squared-error loss difference
33024032_10_49,xgboost_direct,3,lags_only,0.0045,0.01435049365303244,True,GLOBAL_ALL_CELLS,4522,0.05,Skill_RMSE / squared-error loss difference
33024032_10_49,xgboost_direct,4,lags_only,0.0004,0.0018106106106106107,True,GLOBAL_ALL_CELLS,4522,0.05,Skill_RMSE / squared-error loss difference
33024032_10_49,xgboost_direct,5,lags_only,0.0002,0.0009819761129207384,True,GLOBAL_ALL_CELLS,4522,0.05,Skill_RMSE / squared-error loss difference
33024032_10_49,xgboost_direct,6,lags_only,0.0,0.0,True,GLOBAL_ALL_CELLS,4522,0.05,Skill_RMSE / squared-error loss difference
33024032_10_49,xgboost_direct,7,lags_only,0.0,0.0,True,GLOBAL_ALL_CELLS,4522,0.05,Skill_RMSE / squared-error loss difference
33031029_10_49,sarima,1,lags_only,0.1712,0.26431082280641854,False,GLOBAL_ALL_CELLS,4522,0.05,Skill_RMSE / squared-error loss difference
33031029_10_49,sarima,2,lags_only,0.0,0.0,True,GLOBAL_ALL_CELLS,4522,0.05,Skill_RMSE / squared-error loss difference
33031029_10_49,sarima,3,lags_only,0.0,0.0,True,GLOBAL_ALL_CELLS,4522,0.05,Skill_RMSE / squared-error loss difference
33031029_10_49,sarima,4,lags_only,0.0,0.0,True,GLOBAL_ALL_CELLS,4522,0.05,Skill_RMSE / squared-error loss difference
33031029_10_49,sarima,5,lags_only,0.0,0.0,True,GLOBAL_ALL_CELLS,4522,0.05,Skill_RMSE / squared-error loss difference
33031029_10_49,sarima,6,lags_only,0.0,0.0,True,GLOBAL_ALL_CELLS,4522,0.05,Skill_RMSE / squared-error loss difference
33031029_10_49,sarima,7,lags_only,0.0,0.0,True,GLOBAL_ALL_CELLS,4522,0.05,Skill_RMSE / squared-error loss difference
33031029_10_49,xgboost_direct,1,lags_only,0.9982,1.0,False,GLOBAL_ALL_CELLS,4522,0.05,Skill_RMSE / squared-error loss difference
33031029_10_49,xgboost_direct,2,lags_only,0.0721,0.1344479175257732,False,GLOBAL_ALL_CELLS,4522,0.05,Skill_RMSE / squared-error loss difference
33031029_10_49,xgboost_direct,3,lags_only,0.0218,0.05232462845010616,False,GLOBAL_ALL_CELLS,4522,0.05,Skill_RMSE / squared-error loss difference
33031029_10_49,xgboost_direct,4,lags_only,0.0033,0.011012988929889299,True,GLOBAL_ALL_CELLS,4522,0.05,Skill_RMSE / squared-error loss difference
33031029_10_49,xgboost_direct,5,lags_only,0.0021,0.007554653937947494,True,GLOBAL_ALL_CELLS,4522,0.05,Skill_RMSE / squared-error loss difference
33031029_10_49,xgboost_direct,6,lags_only,0.0142,0.03722457971014493,True,GLOBAL_ALL_CELLS,4522,0.05,Skill_RMSE / squared-error loss difference
33031029_10_49,xgboost_direct,7,lags_only,0.0351,0.07616228406909788,False,GLOBAL_ALL_CELLS,4522,0.05,Skill_RMSE / squared-error loss difference
33031030_10_49,sarima,1,lags_only,0.4478,0.539124494142705,False,GLOBAL_ALL_CELLS,4522,0.05,Skill_RMSE / squared-error loss difference
33031030_10_49,sarima,2,lags_only,0.0007,0.0029120515179392823,True,GLOBAL_ALL_CELLS,4522,0.05,Skill_RMSE / squared-error loss difference
33031030_10_49,sarima,3,lags_only,0.0,0.0,True,GLOBAL_ALL_CELLS,4522,0.05,Skill_RMSE / squared-error loss difference
33031030_10_49,sarima,4,lags_only,0.0,0.0,True,GLOBAL_ALL_CELLS,4522,0.05,Skill_RMSE / squared-error loss difference
33031030_10_49,sarima,5,lags_only,0.0,0.0,True,GLOBAL_ALL_CELLS,4522,0.05,Skill_RMSE / squared-error loss difference
33031030_10_49,sarima,6,lags_only,0.0,0.0,True,GLOBAL_ALL_CELLS,4522,0.05,Skill_RMSE / squared-error loss difference
33031030_10_49,sarima,7,lags_only,0.0004,0.0018106106106106107,True,GLOBAL_ALL_CELLS,4522,0.05,Skill_RMSE / squared-error loss difference
33031030_10_49,xgboost_direct,1,lags_only,0.9997,1.0,False,GLOBAL_ALL_CELLS,4522,0.05,Skill_RMSE / squared-error loss difference
33031030_10_49,xgboost_direct,2,lags_only,0.0703,0.13152527927182456,False,GLOBAL_ALL_CELLS,4522,0.05,Skill_RMSE / squared-error loss difference
33031030_10_49,xgboost_direct,3,lags_only,0.0004,0.0018106106106106107,True,GLOBAL_ALL_CELLS,4522,0.05,Skill_RMSE / squared-error loss difference
33031030_10_49,xgboost_direct,4,lags_only,0.0,0.0,True,GLOBAL_ALL_CELLS,4522,0.05,Skill_RMSE / squared-error loss difference
33031030_10_49,xgboost_direct,5,lags_only,0.0001,0.0005270396270396271,True,GLOBAL_ALL_CELLS,4522,0.05,Skill_RMSE / squared-error loss difference
33031030_10_49,xgboost_direct,6,lags_only,0.0001,0.0005270396270396271,True,GLOBAL_ALL_CELLS,4522,0.05,Skill_RMSE / squared-error loss difference
33031030_10_49,xgboost_direct,7,lags_only,0.0026,0.009044,True,GLOBAL_ALL_CELLS,4522,0.05,Skill_RMSE / squared-error loss difference
33031032_10_49,sarima,1,lags_only,0.1306,0.213898297718218,False,GLOBAL_ALL_CELLS,4522,0.05,Skill_RMSE / squared-error loss difference
33031032_10_49,sarima,2,lags_only,0.0,0.0,True,GLOBAL_ALL_CELLS,4522,0.05,Skill_RMSE / squared-error loss difference
33031032_10_49,sarima,3,lags_only,0.0,0.0,True,GLOBAL_ALL_CELLS,4522,0.05,Skill_RMSE / squared-error loss difference
33031032_10_49,sarima,4,lags_only,0.0,0.0,True,GLOBAL_ALL_CELLS,4522,0.05,Skill_RMSE / squared-error loss difference
33031032_10_49,sarima,5,lags_only,0.0001,0.0005270396270396271,True,GLOBAL_ALL_CELLS,4522,0.05,Skill_RMSE / squared-error loss difference
33031032_10_49,sarima,6,lags_only,0.0039,0.012678504672897196,True,GLOBAL_ALL_CELLS,4522,0.05,Skill_RMSE / squared-error loss difference
33031032_10_49,sarima,7,lags_only,0.0297,0.06759104177151486,False,GLOBAL_ALL_CELLS,4522,0.05,Skill_RMSE / squared-error loss difference
33031032_10_49,xgboost_direct,1,lags_only,1.0,1.0,False,GLOBAL_ALL_CELLS,4522,0.05,Skill_RMSE / squared-error loss difference
33031032_10_49,xgboost_direct,2,lags_only,0.3914,0.48187062346855436,False,GLOBAL_ALL_CELLS,4522,0.05,Skill_RMSE / squared-error loss difference
33031032_10_49,xgboost_direct,3,lags_only,0.0789,0.14438923512747875,False,GLOBAL_ALL_CELLS,4522,0.05,Skill_RMSE / squared-error loss difference
33031032_10_49,xgboost_direct,4,lags_only,0.0087,0.024789792060491492,True,GLOBAL_ALL_CELLS,4522,0.05,Skill_RMSE / squared-error loss difference
33031032_10_49,xgboost_direct,5,lags_only,0.0011,0.004273367697594502,True,GLOBAL_ALL_CELLS,4522,0.05,Skill_RMSE / squared-error loss difference
33031032_10_49,xgboost_direct,6,lags_only,0.0011,0.004273367697594502,True,GLOBAL_ALL_CELLS,4522,0.05,Skill_RMSE / squared-error loss difference
33031032_10_49,xgboost_direct,7,lags_only,0.0024,0.008439191290824261,True,GLOBAL_ALL_CELLS,4522,0.05,Skill_RMSE / squared-error loss difference
33037012_10_49,sarima,1,lags_only,0.2858,0.3883376201923077,False,GLOBAL_ALL_CELLS,4522,0.05,Skill_RMSE / squared-error loss difference
33037012_10_49,sarima,2,lags_only,0.0,0.0,True,GLOBAL_ALL_CELLS,4522,0.05,Skill_RMSE / squared-error loss difference
33037012_10_49,sarima,3,lags_only,0.0,0.0,True,GLOBAL_ALL_CELLS,4522,0.05,Skill_RMSE / squared-error loss difference
33037012_10_49,sarima,4,lags_only,0.0,0.0,True,GLOBAL_ALL_CELLS,4522,0.05,Skill_RMSE / squared-error loss difference
33037012_10_49,sarima,5,lags_only,0.0,0.0,True,GLOBAL_ALL_CELLS,4522,0.05,Skill_RMSE / squared-error loss difference
33037012_10_49,sarima,6,lags_only,0.0,0.0,True,GLOBAL_ALL_CELLS,4522,0.05,Skill_RMSE / squared-error loss difference
33037012_10_49,sarima,7,lags_only,0.0,0.0,True,GLOBAL_ALL_CELLS,4522,0.05,Skill_RMSE / squared-error loss difference
33037012_10_49,xgboost_direct,1,lags_only,1.0,1.0,False,GLOBAL_ALL_CELLS,4522,0.05,Skill_RMSE / squared-error loss difference
33037012_10_49,xgboost_direct,2,lags_only,0.5167,0.6102160877513712,False,GLOBAL_ALL_CELLS,4522,0.05,Skill_RMSE / squared-error loss difference
33037012_10_49,xgboost_direct,3,lags_only,0.0082,0.023693546325878598,True,GLOBAL_ALL_CELLS,4522,0.05,Skill_RMSE / squared-error loss difference
33037012_10_49,xgboost_direct,4,lags_only,0.0006,0.002552398871119473,True,GLOBAL_ALL_CELLS,4522,0.05,Skill_RMSE / squared-error loss difference
33037012_10_49,xgboost_direct,5,lags_only,0.0041,0.013252466047176557,True,GLOBAL_ALL_CELLS,4522,0.05,Skill_RMSE / squared-error loss difference
33037012_10_49,xgboost_direct,6,lags_only,0.0008,0.003244484304932736,True,GLOBAL_ALL_CELLS,4522,0.05,Skill_RMSE / squared-error loss difference
33037012_10_49,xgboost_direct,7,lags_only,0.0037,0.012203792851932896,True,GLOBAL_ALL_CELLS,4522,0.05,Skill_RMSE / squared-error loss difference
33044029_10_49,sarima,1,lags_only,0.0459,0.09400353260869566,False,GLOBAL_ALL_CELLS,4522,0.05,Skill_RMSE / squared-error loss difference
33044029_10_49,sarima,2,lags_only,0.0,0.0,True,GLOBAL_ALL_CELLS,4522,0.05,Skill_RMSE / squared-error loss difference
33044029_10_49,sarima,3,lags_only,0.0,0.0,True,GLOBAL_ALL_CELLS,4522,0.05,Skill_RMSE / squared-error loss difference
33044029_10_49,sarima,4,lags_only,0.0,0.0,True,GLOBAL_ALL_CELLS,4522,0.05,Skill_RMSE / squared-error loss difference
33044029_10_49,sarima,5,lags_only,0.0001,0.0005270396270396271,True,GLOBAL_ALL_CELLS,4522,0.05,Skill_RMSE / squared-error loss difference
33044029_10_49,sarima,6,lags_only,0.0009,0.003585726872246696,True,GLOBAL_ALL_CELLS,4522,0.05,Skill_RMSE / squared-error loss difference
33044029_10_49,sarima,7,lags_only,0.0671,0.12690347135089922,False,GLOBAL_ALL_CELLS,4522,0.05,Skill_RMSE / squared-error loss difference
33044029_10_49,xgboost_direct,1,lags_only,1.0,1.0,False,GLOBAL_ALL_CELLS,4522,0.05,Skill_RMSE / squared-error loss difference
33044029_10_49,xgboost_direct,2,lags_only,0.8358,0.9222761346998536,False,GLOBAL_ALL_CELLS,4522,0.05,Skill_RMSE / squared-error loss difference
33044029_10_49,xgboost_direct,3,lags_only,0.0725,0.13508240626287596,False,GLOBAL_ALL_CELLS,4522,0.05,Skill_RMSE / squared-error loss difference
33044029_10_49,xgboost_direct,4,lags_only,0.0199,0.048747453954496214,True,GLOBAL_ALL_CELLS,4522,0.05,Skill_RMSE / squared-error loss difference
33044029_10_49,xgboost_direct,5,lags_only,0.0012,0.004618212765957446,True,GLOBAL_ALL_CELLS,4522,0.05,Skill_RMSE / squared-error loss difference
33044029_10_49,xgboost_direct,6,lags_only,0.0056,0.017226666666666668,True,GLOBAL_ALL_CELLS,4522,0.05,Skill_RMSE / squared-error loss difference
33044029_10_49,xgboost_direct,7,lags_only,0.0174,0.04368839533592449,True,GLOBAL_ALL_CELLS,4522,0.05,Skill_RMSE / squared-error loss difference
33044030_10_49,sarima,1,lags_only,0.2128,0.3123276858162934,False,GLOBAL_ALL_CELLS,4522,0.05,Skill_RMSE / squared-error loss difference
33044030_10_49,sarima,2,lags_only,0.0,0.0,True,GLOBAL_ALL_CELLS,4522,0.05,Skill_RMSE / squared-error loss difference
33044030_10_49,sarima,3,lags_only,0.0,0.0,True,GLOBAL_ALL_CELLS,4522,0.05,Skill_RMSE / squared-error loss difference
33044030_10_49,sarima,4,lags_only,0.0,0.0,True,GLOBAL_ALL_CELLS,4522,0.05,Skill_RMSE / squared-error loss difference
33044030_10_49,sarima,5,lags_only,0.0002,0.0009819761129207384,True,GLOBAL_ALL_CELLS,4522,0.05,Skill_RMSE / squared-error loss difference
33044030_10_49,sarima,6,lags_only,0.0082,0.023693546325878598,True,GLOBAL_ALL_CELLS,4522,0.05,Skill_RMSE / squared-error loss difference
33044030_10_49,sarima,7,lags_only,0.0306,0.06929053580370556,False,GLOBAL_ALL_CELLS,4522,0.05,Skill_RMSE / squared-error loss difference
33044030_10_49,xgboost_direct,1,lags_only,1.0,1.0,False,GLOBAL_ALL_CELLS,4522,0.05,Skill_RMSE / squared-error loss difference
33044030_10_49,xgboost_direct,2,lags_only,0.2165,0.3164230769230769,False,GLOBAL_ALL_CELLS,4522,0.05,Skill_RMSE / squared-error loss difference
33044030_10_49,xgboost_direct,3,lags_only,0.0033,0.011012988929889299,True,GLOBAL_ALL_CELLS,4522,0.05,Skill_RMSE / squared-error loss difference
33044030_10_49,xgboost_direct,4,lags_only,0.0069,0.020487065003282994,True,GLOBAL_ALL_CELLS,4522,0.05,Skill_RMSE / squared-error loss difference
33044030_10_49,xgboost_direct,5,lags_only,0.0251,0.05853646209386282,False,GLOBAL_ALL_CELLS,4522,0.05,Skill_RMSE / squared-error loss difference
33044030_10_49,xgboost_direct,6,lags_only,0.1238,0.20528918225155846,False,GLOBAL_ALL_CELLS,4522,0.05,Skill_RMSE / squared-error loss difference
33044030_10_49,xgboost_direct,7,lags_only,0.2494,0.35232327397688223,False,GLOBAL_ALL_CELLS,4522,0.05,Skill_RMSE / squared-error loss difference
33044032_10_49,sarima,1,lags_only,0.1374,0.2225368194842407,False,GLOBAL_ALL_CELLS,4522,0.05,Skill_RMSE / squared-error loss difference
33044032_10_49,sarima,2,lags_only,0.0002,0.0009819761129207384,True,GLOBAL_ALL_CELLS,4522,0.05,Skill_RMSE / squared-error loss difference
33044032_10_49,sarima,3,lags_only,0.0001,0.0005270396270396271,True,GLOBAL_ALL_CELLS,4522,0.05,Skill_RMSE / squared-error loss difference
33044032_10_49,sarima,4,lags_only,0.002,0.007229416466826539,True,GLOBAL_ALL_CELLS,4522,0.05,Skill_RMSE / squared-error loss difference
33044032_10_49,sarima,5,lags_only,0.0118,0.031990167865707436,True,GLOBAL_ALL_CELLS,4522,0.05,Skill_RMSE / squared-error loss difference
33044032_10_49,sarima,6,lags_only,0.0375,0.080177304964539,False,GLOBAL_ALL_CELLS,4522,0.05,Skill_RMSE / squared-error loss difference
33044032_10_49,sarima,7,lags_only,0.1363,0.22115127377108001,False,GLOBAL_ALL_CELLS,4522,0.05,Skill_RMSE / squared-error loss difference
33044032_10_49,xgboost_direct,1,lags_only,1.0,1.0,False,GLOBAL_ALL_CELLS,4522,0.05,Skill_RMSE / squared-error loss difference
33044032_10_49,xgboost_direct,2,lags_only,0.2658,0.36869558282208587,False,GLOBAL_ALL_CELLS,4522,0.05,Skill_RMSE / squared-error loss difference
33044032_10_49,xgboost_direct,3,lags_only,0.0447,0.09200427856167501,False,GLOBAL_ALL_CELLS,4522,0.05,Skill_RMSE / squared-error loss difference
33044032_10_49,xgboost_direct,4,lags_only,0.0684,0.12882332361516036,False,GLOBAL_ALL_CELLS,4522,0.05,Skill_RMSE / squared-error loss difference
33044032_10_49,xgboost_direct,5,lags_only,0.0018,0.006617560975609756,True,GLOBAL_ALL_CELLS,4522,0.05,Skill_RMSE / squared-error loss difference
33044032_10_49,xgboost_direct,6,lags_only,0.0,0.0,True,GLOBAL_ALL_CELLS,4522,0.05,Skill_RMSE / squared-error loss difference
33044032_10_49,xgboost_direct,7,lags_only,0.0,0.0,True,GLOBAL_ALL_CELLS,4522,0.05,Skill_RMSE / squared-error loss difference
33044033_10_49,sarima,1,lags_only,0.0029,0.009882290881688018,True,GLOBAL_ALL_CELLS,4522,0.05,Skill_RMSE / squared-error loss difference
33044033_10_49,sarima,2,lags_only,0.0,0.0,True,GLOBAL_ALL_CELLS,4522,0.05,Skill_RMSE / squared-error loss difference
33044033_10_49,sarima,3,lags_only,0.0,0.0,True,GLOBAL_ALL_CELLS,4522,0.05,Skill_RMSE / squared-error loss difference
33044033_10_49,sarima,4,lags_only,0.0,0.0,True,GLOBAL_ALL_CELLS,4522,0.05,Skill_RMSE / squared-error loss difference
33044033_10_49,sarima,5,lags_only,0.0,0.0,True,GLOBAL_ALL_CELLS,4522,0.05,Skill_RMSE / squared-error loss difference
33044033_10_49,sarima,6,lags_only,0.0,0.0,True,GLOBAL_ALL_CELLS,4522,0.05,Skill_RMSE / squared-error loss difference
33044033_10_49,sarima,7,lags_only,0.0,0.0,True,GLOBAL_ALL_CELLS,4522,0.05,Skill_RMSE / squared-error loss difference
33044033_10_49,xgboost_direct,1,lags_only,1.0,1.0,False,GLOBAL_ALL_CELLS,4522,0.05,Skill_RMSE / squared-error loss difference
33044033_10_49,xgboost_direct,2,lags_only,0.8194,0.9081683333333334,False,GLOBAL_ALL_CELLS,4522,0.05,Skill_RMSE / squared-error loss difference
33044033_10_49,xgboost_direct,3,lags_only,0.4634,0.5543637037037037,False,GLOBAL_ALL_CELLS,4522,0.05,Skill_RMSE / squared-error loss difference
33044033_10_49,xgboost_direct,4,lags_only,0.8236,0.9123741366642174,False,GLOBAL_ALL_CELLS,4522,0.05,Skill_RMSE / squared-error loss difference
33044033_10_49,xgboost_direct,5,lags_only,0.2785,0.38059141734663043,False,GLOBAL_ALL_CELLS,4522,0.05,Skill_RMSE / squared-error loss difference
33044033_10_49,xgboost_direct,6,lags_only,0.1797,0.27489966170500674,False,GLOBAL_ALL_CELLS,4522,0.05,Skill_RMSE / squared-error loss difference
33044033_10_49,xgboost_direct,7,lags_only,0.1113,0.18834628315278298,False,GLOBAL_ALL_CELLS,4522,0.05,Skill_RMSE / squared-error loss difference
33060003_10_49,sarima,1,lags_only,0.0876,0.15694421553090335,False,GLOBAL_ALL_CELLS,4522,0.05,Skill_RMSE / squared-error loss difference
33060003_10_49,sarima,2,lags_only,0.0282,0.0645672911392405,False,GLOBAL_ALL_CELLS,4522,0.05,Skill_RMSE / squared-error loss difference
33060003_10_49,sarima,3,lags_only,0.0,0.0,True,GLOBAL_ALL_CELLS,4522,0.05,Skill_RMSE / squared-error loss difference
33060003_10_49,sarima,4,lags_only,0.0,0.0,True,GLOBAL_ALL_CELLS,4522,0.05,Skill_RMSE / squared-error loss difference
33060003_10_49,sarima,5,lags_only,0.0,0.0,True,GLOBAL_ALL_CELLS,4522,0.05,Skill_RMSE / squared-error loss difference
33060003_10_49,sarima,6,lags_only,0.0,0.0,True,GLOBAL_ALL_CELLS,4522,0.05,Skill_RMSE / squared-error loss difference
33060003_10_49,sarima,7,lags_only,0.0004,0.0018106106106106107,True,GLOBAL_ALL_CELLS,4522,0.05,Skill_RMSE / squared-error loss difference
33060003_10_49,xgboost_direct,1,lags_only,0.9994,1.0,False,GLOBAL_ALL_CELLS,4522,0.05,Skill_RMSE / squared-error loss difference
33060003_10_49,xgboost_direct,2,lags_only,0.5435,0.6370417314670813,False,GLOBAL_ALL_CELLS,4522,0.05,Skill_RMSE / squared-error loss difference
33060003_10_49,xgboost_direct,3,lags_only,0.0155,0.03980181714934696,True,GLOBAL_ALL_CELLS,4522,0.05,Skill_RMSE / squared-error loss difference
33060003_10_49,xgboost_direct,4,lags_only,0.0034,0.011271847507331378,True,GLOBAL_ALL_CELLS,4522,0.05,Skill_RMSE / squared-error loss difference
33060003_10_49,xgboost_direct,5,lags_only,0.0008,0.003244484304932736,True,GLOBAL_ALL_CELLS,4522,0.05,Skill_RMSE / squared-error loss difference
33060003_10_49,xgboost_direct,6,lags_only,0.0022,0.00785193370165746,True,GLOBAL_ALL_CELLS,4522,0.05,Skill_RMSE / squared-error loss difference
33060003_10_49,xgboost_direct,7,lags_only,0.0087,0.024789792060491492,True,GLOBAL_ALL_CELLS,4522,0.05,Skill_RMSE / squared-error loss difference
33066004_10_49,sarima,1,lags_only,0.0411,0.08640362622036261,False,GLOBAL_ALL_CELLS,4522,0.05,Skill_RMSE / squared-error loss difference
33066004_10_49,sarima,2,lags_only,0.0,0.0,True,GLOBAL_ALL_CELLS,4522,0.05,Skill_RMSE / squared-error loss difference
33066004_10_49,sarima,3,lags_only,0.0,0.0,True,GLOBAL_ALL_CELLS,4522,0.05,Skill_RMSE / squared-error loss difference
33066004_10_49,sarima,4,lags_only,0.0,0.0,True,GLOBAL_ALL_CELLS,4522,0.05,Skill_RMSE / squared-error loss difference
33066004_10_49,sarima,5,lags_only,0.0,0.0,True,GLOBAL_ALL_CELLS,4522,0.05,Skill_RMSE / squared-error loss difference
33066004_10_49,sarima,6,lags_only,0.0,0.0,True,GLOBAL_ALL_CELLS,4522,0.05,Skill_RMSE / squared-error loss difference
33066004_10_49,sarima,7,lags_only,0.0004,0.0018106106106106107,True,GLOBAL_ALL_CELLS,4522,0.05,Skill_RMSE / squared-error loss difference
33066004_10_49,xgboost_direct,1,lags_only,1.0,1.0,False,GLOBAL_ALL_CELLS,4522,0.05,Skill_RMSE / squared-error loss difference
33066004_10_49,xgboost_direct,2,lags_only,0.2315,0.332542249047014,False,GLOBAL_ALL_CELLS,4522,0.05,Skill_RMSE / squared-error loss difference
33066004_10_49,xgboost_direct,3,lags_only,0.0163,0.04150259009009009,True,GLOBAL_ALL_CELLS,4522,0.05,Skill_RMSE / squared-error loss difference
33066004_10_49,xgboost_direct,4,lags_only,0.1582,0.24908788300835655,False,GLOBAL_ALL_CELLS,4522,0.05,Skill_RMSE / squared-error loss difference
33066004_10_49,xgboost_direct,5,lags_only,0.0138,0.0363022687609075,True,GLOBAL_ALL_CELLS,4522,0.05,Skill_RMSE / squared-error loss difference
33066004_10_49,xgboost_direct,6,lags_only,0.0362,0.07798780371605527,False,GLOBAL_ALL_CELLS,4522,0.05,Skill_RMSE / squared-error loss difference
33066004_10_49,xgboost_direct,7,lags_only,0.0642,0.12249468354430379,False,GLOBAL_ALL_CELLS,4522,0.05,Skill_RMSE / squared-error loss difference
34023003_10_49,sarima,1,lags_only,0.0062,0.018690933333333333,True,GLOBAL_ALL_CELLS,4522,0.05,Skill_RMSE / squared-error loss difference
34023003_10_49,sarima,2,lags_only,0.0,0.0,True,GLOBAL_ALL_CELLS,4522,0.05,Skill_RMSE / squared-error loss difference
34023003_10_49,sarima,3,lags_only,0.0,0.0,True,GLOBAL_ALL_CELLS,4522,0.05,Skill_RMSE / squared-error loss difference
34023003_10_49,sarima,4,lags_only,0.0001,0.0005270396270396271,True,GLOBAL_ALL_CELLS,4522,0.05,Skill_RMSE / squared-error loss difference
34023003_10_49,sarima,5,lags_only,0.0001,0.0005270396270396271,True,GLOBAL_ALL_CELLS,4522,0.05,Skill_RMSE / squared-error loss difference
34023003_10_49,sarima,6,lags_only,0.0047,0.014883333333333333,True,GLOBAL_ALL_CELLS,4522,0.05,Skill_RMSE / squared-error loss difference
34023003_10_49,sarima,7,lags_only,0.0242,0.05699604166666667,False,GLOBAL_ALL_CELLS,4522,0.05,Skill_RMSE / squared-error loss difference
34023003_10_49,xgboost_direct,1,lags_only,0.4247,0.5151200536193029,False,GLOBAL_ALL_CELLS,4522,0.05,Skill_RMSE / squared-error loss difference
34023003_10_49,xgboost_direct,2,lags_only,0.0212,0.051265454545454545,False,GLOBAL_ALL_CELLS,4522,0.05,Skill_RMSE / squared-error loss difference
34023003_10_49,xgboost_direct,3,lags_only,0.0251,0.05853646209386282,False,GLOBAL_ALL_CELLS,4522,0.05,Skill_RMSE / squared-error loss difference
34023003_10_49,xgboost_direct,4,lags_only,0.1922,0.2899027351567712,False,GLOBAL_ALL_CELLS,4522,0.05,Skill_RMSE / squared-error loss difference
34023003_10_49,xgboost_direct,5,lags_only,0.4052,0.4949410207939508,False,GLOBAL_ALL_CELLS,4522,0.05,Skill_RMSE / squared-error loss difference
34023003_10_49,xgboost_direct,6,lags_only,0.0002,0.0009819761129207384,True,GLOBAL_ALL_CELLS,4522,0.05,Skill_RMSE / squared-error loss difference
34023003_10_49,xgboost_direct,7,lags_only,0.0011,0.004273367697594502,True,GLOBAL_ALL_CELLS,4522,0.05,Skill_RMSE / squared-error loss difference
34080004_10_49,sarima,1,lags_only,0.2548,0.3579389872631253,False,GLOBAL_ALL_CELLS,4522,0.05,Skill_RMSE / squared-error loss difference
34080004_10_49,sarima,2,lags_only,0.0136,0.03585959183673469,True,GLOBAL_ALL_CELLS,4522,0.05,Skill_RMSE / squared-error loss difference
34080004_10_49,sarima,3,lags_only,0.0127,0.033941725768321516,True,GLOBAL_ALL_CELLS,4522,0.05,Skill_RMSE / squared-error loss difference
34080004_10_49,sarima,4,lags_only,0.0414,0.08679221140472879,False,GLOBAL_ALL_CELLS,4522,0.05,Skill_RMSE / squared-error loss difference
34080004_10_49,sarima,5,lags_only,0.0949,0.16704468664850136,False,GLOBAL_ALL_CELLS,4522,0.05,Skill_RMSE / squared-error loss difference
34080004_10_49,sarima,6,lags_only,0.2226,0.32283425272610644,False,GLOBAL_ALL_CELLS,4522,0.05,Skill_RMSE / squared-error loss difference
34080004_10_49,sarima,7,lags_only,0.2729,0.37543468208092484,False,GLOBAL_ALL_CELLS,4522,0.05,Skill_RMSE / squared-error loss difference
34080004_10_49,xgboost_direct,1,lags_only,0.4881,0.5794665791546337,False,GLOBAL_ALL_CELLS,4522,0.05,Skill_RMSE / squared-error loss difference
34080004_10_49,xgboost_direct,2,lags_only,0.2961,0.39850125,False,GLOBAL_ALL_CELLS,4522,0.05,Skill_RMSE / squared-error loss difference
34080004_10_49,xgboost_direct,3,lags_only,0.2247,0.32504587332053747,False,GLOBAL_ALL_CELLS,4522,0.05,Skill_RMSE / squared-error loss difference
34080004_10_49,xgboost_direct,4,lags_only,0.0235,0.055637172774869105,False,GLOBAL_ALL_CELLS,4522,0.05,Skill_RMSE / squared-error loss difference
34080004_10_49,xgboost_direct,5,lags_only,0.0114,0.031092159227985527,True,GLOBAL_ALL_CELLS,4522,0.05,Skill_RMSE / squared-error loss difference
34080004_10_49,xgboost_direct,6,lags_only,0.0092,0.025985259212991878,True,GLOBAL_ALL_CELLS,4522,0.05,Skill_RMSE / squared-error loss difference
34080004_10_49,xgboost_direct,7,lags_only,0.0098,0.02745700123915737,True,GLOBAL_ALL_CELLS,4522,0.05,Skill_RMSE / squared-error loss difference
34120008_10_49,sarima,1,lags_only,0.4605,0.5513320095313742,False,GLOBAL_ALL_CELLS,4522,0.05,Skill_RMSE / squared-error loss difference
34120008_10_49,sarima,2,lags_only,0.0634,0.12132661870503597,False,GLOBAL_ALL_CELLS,4522,0.05,Skill_RMSE / squared-error loss difference
34120008_10_49,sarima,3,lags_only,0.0062,0.018690933333333333,True,GLOBAL_ALL_CELLS,4522,0.05,Skill_RMSE / squared-error loss difference
34120008_10_49,sarima,4,lags_only,0.0136,0.03585959183673469,True,GLOBAL_ALL_CELLS,4522,0.05,Skill_RMSE / squared-error loss difference
34120008_10_49,sarima,5,lags_only,0.0373,0.07986297348484848,False,GLOBAL_ALL_CELLS,4522,0.05,Skill_RMSE / squared-error loss difference
34120008_10_49,sarima,6,lags_only,0.0962,0.16848040278853602,False,GLOBAL_ALL_CELLS,4522,0.05,Skill_RMSE / squared-error loss difference
34120008_10_49,sarima,7,lags_only,0.1318,0.2155513924050633,False,GLOBAL_ALL_CELLS,4522,0.05,Skill_RMSE / squared-error loss difference
34120008_10_49,xgboost_direct,1,lags_only,0.3795,0.4697779906925814,False,GLOBAL_ALL_CELLS,4522,0.05,Skill_RMSE / squared-error loss difference
34120008_10_49,xgboost_direct,2,lags_only,0.1571,0.24787376133984643,False,GLOBAL_ALL_CELLS,4522,0.05,Skill_RMSE / squared-error loss difference
34120008_10_49,xgboost_direct,3,lags_only,0.0257,0.059720143884892087,False,GLOBAL_ALL_CELLS,4522,0.05,Skill_RMSE / squared-error loss difference
34120008_10_49,xgboost_direct,4,lags_only,0.002,0.007229416466826539,True,GLOBAL_ALL_CELLS,4522,0.05,Skill_RMSE / squared-error loss difference
34120008_10_49,xgboost_direct,5,lags_only,0.0001,0.0005270396270396271,True,GLOBAL_ALL_CELLS,4522,0.05,Skill_RMSE / squared-error loss difference
34120008_10_49,xgboost_direct,6,lags_only,0.0,0.0,True,GLOBAL_ALL_CELLS,4522,0.05,Skill_RMSE / squared-error loss difference
34120008_10_49,xgboost_direct,7,lags_only,0.0031,0.010453542132736764,True,GLOBAL_ALL_CELLS,4522,0.05,Skill_RMSE / squared-error loss difference
35002001_10_A,sarima,1,lags_only,0.9216,0.9989154362416107,False,GLOBAL_ALL_CELLS,4522,0.05,Skill_RMSE / squared-error loss difference
35002001_10_A,sarima,2,lags_only,0.3182,0.4202396028037383,False,GLOBAL_ALL_CELLS,4522,0.05,Skill_RMSE / squared-error loss difference
35002001_10_A,sarima,3,lags_only,0.3076,0.4098312315851502,False,GLOBAL_ALL_CELLS,4522,0.05,Skill_RMSE / squared-error loss difference
35002001_10_A,sarima,4,lags_only,0.2906,0.39320562537402753,False,GLOBAL_ALL_CELLS,4522,0.05,Skill_RMSE / squared-error loss difference
35002001_10_A,sarima,5,lags_only,0.2313,0.33246617927527017,False,GLOBAL_ALL_CELLS,4522,0.05,Skill_RMSE / squared-error loss difference
35002001_10_A,sarima,6,lags_only,0.2404,0.34217463015423355,False,GLOBAL_ALL_CELLS,4522,0.05,Skill_RMSE / squared-error loss difference
35002001_10_A,sarima,7,lags_only,0.2746,0.3771996354799514,False,GLOBAL_ALL_CELLS,4522,0.05,Skill_RMSE / squared-error loss difference
35002001_10_A,xgboost_direct,1,lags_only,0.9963,1.0,False,GLOBAL_ALL_CELLS,4522,0.05,Skill_RMSE / squared-error loss difference
35002001_10_A,xgboost_direct,2,lags_only,0.6599,0.7510867858041783,False,GLOBAL_ALL_CELLS,4522,0.05,Skill_RMSE / squared-error loss difference
35002001_10_A,xgboost_direct,3,lags_only,0.3251,0.42611657971014494,False,GLOBAL_ALL_CELLS,4522,0.05,Skill_RMSE / squared-error loss difference
35002001_10_A,xgboost_direct,4,lags_only,0.0517,0.10289938380281691,False,GLOBAL_ALL_CELLS,4522,0.05,Skill_RMSE / squared-error loss difference
35002001_10_A,xgboost_direct,5,lags_only,0.6277,0.7207870492635856,False,GLOBAL_ALL_CELLS,4522,0.05,Skill_RMSE / squared-error loss difference
35002001_10_A,xgboost_direct,6,lags_only,0.0159,0.04075952380952381,True,GLOBAL_ALL_CELLS,4522,0.05,Skill_RMSE / squared-error loss difference
35002001_10_A,xgboost_direct,7,lags_only,0.1913,0.2889307281229125,False,GLOBAL_ALL_CELLS,4522,0.05,Skill_RMSE / squared-error loss difference
35004001_10_49,sarima,1,lags_only,0.0078,0.02272654639175258,True,GLOBAL_ALL_CELLS,4522,0.05,Skill_RMSE / squared-error loss difference
35004001_10_49,sarima,2,lags_only,0.0031,0.010453542132736764,True,GLOBAL_ALL_CELLS,4522,0.05,Skill_RMSE / squared-error loss difference
35004001_10_49,sarima,3,lags_only,0.0059,0.017966195286195287,True,GLOBAL_ALL_CELLS,4522,0.05,Skill_RMSE / squared-error loss difference
35004001_10_49,sarima,4,lags_only,0.0073,0.021505276872964173,True,GLOBAL_ALL_CELLS,4522,0.05,Skill_RMSE / squared-error loss difference
35004001_10_49,sarima,5,lags_only,0.0104,0.028887469287469287,True,GLOBAL_ALL_CELLS,4522,0.05,Skill_RMSE / squared-error loss difference
35004001_10_49,sarima,6,lags_only,0.0131,0.03490760164997054,True,GLOBAL_ALL_CELLS,4522,0.05,Skill_RMSE / squared-error loss difference
35004001_10_49,sarima,7,lags_only,0.0206,0.05013627556512379,False,GLOBAL_ALL_CELLS,4522,0.05,Skill_RMSE / squared-error loss difference
35004001_10_49,xgboost_direct,1,lags_only,0.9985,1.0,False,GLOBAL_ALL_CELLS,4522,0.05,Skill_RMSE / squared-error loss difference
35004001_10_49,xgboost_direct,2,lags_only,0.0802,0.14635367231638416,False,GLOBAL_ALL_CELLS,4522,0.05,Skill_RMSE / squared-error loss difference
35004001_10_49,xgboost_direct,3,lags_only,0.011,0.030293544457978074,True,GLOBAL_ALL_CELLS,4522,0.05,Skill_RMSE / squared-error loss difference
35004001_10_49,xgboost_direct,4,lags_only,0.0078,0.02272654639175258,True,GLOBAL_ALL_CELLS,4522,0.05,Skill_RMSE / squared-error loss difference
35004001_10_49,xgboost_direct,5,lags_only,0.0002,0.0009819761129207384,True,GLOBAL_ALL_CELLS,4522,0.05,Skill_RMSE / squared-error loss difference
35004001_10_49,xgboost_direct,6,lags_only,0.0054,0.016725205479452054,True,GLOBAL_ALL_CELLS,4522,0.05,Skill_RMSE / squared-error loss difference
35004001_10_49,xgboost_direct,7,lags_only,0.0,0.0,True,GLOBAL_ALL_CELLS,4522,0.05,Skill_RMSE / squared-error loss difference
35006001_10_49,sarima,1,lags_only,0.5786,0.6709952307692307,False,GLOBAL_ALL_CELLS,4522,0.05,Skill_RMSE / squared-error loss difference
35006001_10_49,sarima,2,lags_only,0.0086,0.024582300884955752,True,GLOBAL_ALL_CELLS,4522,0.05,Skill_RMSE / squared-error loss difference
35006001_10_49,sarima,3,lags_only,0.0196,0.0481691304347826,True,GLOBAL_ALL_CELLS,4522,0.05,Skill_RMSE / squared-error loss difference
35006001_10_49,sarima,4,lags_only,0.019,0.04697539639147075,True,GLOBAL_ALL_CELLS,4522,0.05,Skill_RMSE / squared-error loss difference
35006001_10_49,sarima,5,lags_only,0.0166,0.04205333333333334,True,GLOBAL_ALL_CELLS,4522,0.05,Skill_RMSE / squared-error loss difference
35006001_10_49,sarima,6,lags_only,0.0139,0.03652283556072051,True,GLOBAL_ALL_CELLS,4522,0.05,Skill_RMSE / squared-error loss difference
35006001_10_49,sarima,7,lags_only,0.0095,0.026715796019900494,True,GLOBAL_ALL_CELLS,4522,0.05,Skill_RMSE / squared-error loss difference
35006001_10_49,xgboost_direct,1,lags_only,0.9998,1.0,False,GLOBAL_ALL_CELLS,4522,0.05,Skill_RMSE / squared-error loss difference
35006001_10_49,xgboost_direct,2,lags_only,0.3057,0.40838268833087155,False,GLOBAL_ALL_CELLS,4522,0.05,Skill_RMSE / squared-error loss difference
35006001_10_49,xgboost_direct,3,lags_only,0.1981,0.2965270440251572,False,GLOBAL_ALL_CELLS,4522,0.05,Skill_RMSE / squared-error loss difference
35006001_10_49,xgboost_direct,4,lags_only,0.0854,0.15391741729772818,False,GLOBAL_ALL_CELLS,4522,0.05,Skill_RMSE / squared-error loss difference
35006001_10_49,xgboost_direct,5,lags_only,0.0838,0.15157744,False,GLOBAL_ALL_CELLS,4522,0.05,Skill_RMSE / squared-error loss difference
35006001_10_49,xgboost_direct,6,lags_only,0.1189,0.19891446540880503,False,GLOBAL_ALL_CELLS,4522,0.05,Skill_RMSE / squared-error loss difference
35006001_10_49,xgboost_direct,7,lags_only,0.1334,0.21746027397260273,False,GLOBAL_ALL_CELLS,4522,0.05,Skill_RMSE / squared-error loss difference
35016010_10_49,sarima,1,lags_only,0.0346,0.07547573564881814,False,GLOBAL_ALL_CELLS,4522,0.05,Skill_RMSE / squared-error loss difference
35016010_10_49,sarima,2,lags_only,0.0473,0.09582912186379929,False,GLOBAL_ALL_CELLS,4522,0.05,Skill_RMSE / squared-error loss difference
35016010_10_49,sarima,3,lags_only,0.037,0.07933333333333333,False,GLOBAL_ALL_CELLS,4522,0.05,Skill_RMSE / squared-error loss difference
35016010_10_49,sarima,4,lags_only,0.0537,0.1059936272370144,False,GLOBAL_ALL_CELLS,4522,0.05,Skill_RMSE / squared-error loss difference
35016010_10_49,sarima,5,lags_only,0.0359,0.0774891646778043,False,GLOBAL_ALL_CELLS,4522,0.05,Skill_RMSE / squared-error loss difference
35016010_10_49,sarima,6,lags_only,0.0359,0.0774891646778043,False,GLOBAL_ALL_CELLS,4522,0.05,Skill_RMSE / squared-error loss difference
35016010_10_49,sarima,7,lags_only,0.0438,0.09056406035665296,False,GLOBAL_ALL_CELLS,4522,0.05,Skill_RMSE / squared-error loss difference
35016010_10_49,xgboost_direct,1,lags_only,0.9974,1.0,False,GLOBAL_ALL_CELLS,4522,0.05,Skill_RMSE / squared-error loss difference
35016010_10_49,xgboost_direct,2,lags_only,0.9613,1.0,False,GLOBAL_ALL_CELLS,4522,0.05,Skill_RMSE / squared-error loss difference
35016010_10_49,xgboost_direct,3,lags_only,0.709,0.8004628400299476,False,GLOBAL_ALL_CELLS,4522,0.05,Skill_RMSE / squared-error loss difference
35016010_10_49,xgboost_direct,4,lags_only,0.8473,0.9322361557177615,False,GLOBAL_ALL_CELLS,4522,0.05,Skill_RMSE / squared-error loss difference
35016010_10_49,xgboost_direct,5,lags_only,0.9424,1.0,False,GLOBAL_ALL_CELLS,4522,0.05,Skill_RMSE / squared-error loss difference
35016010_10_49,xgboost_direct,6,lags_only,0.2522,0.3551692307692308,False,GLOBAL_ALL_CELLS,4522,0.05,Skill_RMSE / squared-error loss difference
35016010_10_49,xgboost_direct,7,lags_only,0.9372,1.0,False,GLOBAL_ALL_CELLS,4522,0.05,Skill_RMSE / squared-error loss difference
35016012_10_49,sarima,1,lags_only,0.1865,0.28338474462365587,False,GLOBAL_ALL_CELLS,4522,0.05,Skill_RMSE / squared-error loss difference
35016012_10_49,sarima,2,lags_only,0.0644,0.12277268128161888,False,GLOBAL_ALL_CELLS,4522,0.05,Skill_RMSE / squared-error loss difference
35016012_10_49,sarima,3,lags_only,0.0688,0.12930739817123857,False,GLOBAL_ALL_CELLS,4522,0.05,Skill_RMSE / squared-error loss difference
35016012_10_49,sarima,4,lags_only,0.0817,0.1485514274225975,False,GLOBAL_ALL_CELLS,4522,0.05,Skill_RMSE / squared-error loss difference
35016012_10_49,sarima,5,lags_only,0.0999,0.1729509188361409,False,GLOBAL_ALL_CELLS,4522,0.05,Skill_RMSE / squared-error loss difference
35016012_10_49,sarima,6,lags_only,0.1192,0.19926890942698705,False,GLOBAL_ALL_CELLS,4522,0.05,Skill_RMSE / squared-error loss difference
35016012_10_49,sarima,7,lags_only,0.0632,0.12109762711864408,False,GLOBAL_ALL_CELLS,4522,0.05,Skill_RMSE / squared-error loss difference
35016012_10_49,xgboost_direct,1,lags_only,0.9999,1.0,False,GLOBAL_ALL_CELLS,4522,0.05,Skill_RMSE / squared-error loss difference
35016012_10_49,xgboost_direct,2,lags_only,0.9643,1.0,False,GLOBAL_ALL_CELLS,4522,0.05,Skill_RMSE / squared-error loss difference
35016012_10_49,xgboost_direct,3,lags_only,0.5288,0.6227170833333333,False,GLOBAL_ALL_CELLS,4522,0.05,Skill_RMSE / squared-error loss difference
35016012_10_49,xgboost_direct,4,lags_only,0.0175,0.043915094339622644,True,GLOBAL_ALL_CELLS,4522,0.05,Skill_RMSE / squared-error loss difference
35016012_10_49,xgboost_direct,5,lags_only,0.0047,0.014883333333333333,True,GLOBAL_ALL_CELLS,4522,0.05,Skill_RMSE / squared-error loss difference
35016012_10_49,xgboost_direct,6,lags_only,0.5642,0.6570467164563483,False,GLOBAL_ALL_CELLS,4522,0.05,Skill_RMSE / squared-error loss difference
35016012_10_49,xgboost_direct,7,lags_only,0.6571,0.7482765550239234,False,GLOBAL_ALL_CELLS,4522,0.05,Skill_RMSE / squared-error loss difference
35017001_10_47,sarima,1,lags_only,0.0247,0.05784225789746245,False,GLOBAL_ALL_CELLS,4522,0.05,Skill_RMSE / squared-error loss difference
35017001_10_47,sarima,2,lags_only,0.0152,0.03923196347031963,True,GLOBAL_ALL_CELLS,4522,0.05,Skill_RMSE / squared-error loss difference
35017001_10_47,sarima,3,lags_only,0.0237,0.056051987447698744,False,GLOBAL_ALL_CELLS,4522,0.05,Skill_RMSE / squared-error loss difference
35017001_10_47,sarima,4,lags_only,0.0417,0.0871383548983364,False,GLOBAL_ALL_CELLS,4522,0.05,Skill_RMSE / squared-error loss difference
35017001_10_47,sarima,5,lags_only,0.0625,0.11995967741935484,False,GLOBAL_ALL_CELLS,4522,0.05,Skill_RMSE / squared-error loss difference
35017001_10_47,sarima,6,lags_only,0.0676,0.12763557411273485,False,GLOBAL_ALL_CELLS,4522,0.05,Skill_RMSE / squared-error loss difference
35017001_10_47,sarima,7,lags_only,0.104,0.17820689655172411,False,GLOBAL_ALL_CELLS,4522,0.05,Skill_RMSE / squared-error loss difference
35017001_10_47,xgboost_direct,1,lags_only,0.9405,1.0,False,GLOBAL_ALL_CELLS,4522,0.05,Skill_RMSE / squared-error loss difference
35017001_10_47,xgboost_direct,2,lags_only,0.0464,0.09485569620253165,False,GLOBAL_ALL_CELLS,4522,0.05,Skill_RMSE / squared-error loss difference
35017001_10_47,xgboost_direct,3,lags_only,0.0014,0.005284474123539232,True,GLOBAL_ALL_CELLS,4522,0.05,Skill_RMSE / squared-error loss difference
35017001_10_47,xgboost_direct,4,lags_only,0.0057,0.01751046195652174,True,GLOBAL_ALL_CELLS,4522,0.05,Skill_RMSE / squared-error loss difference
35017001_10_47,xgboost_direct,5,lags_only,0.0018,0.006617560975609756,True,GLOBAL_ALL_CELLS,4522,0.05,Skill_RMSE / squared-error loss difference
35017001_10_47,xgboost_direct,6,lags_only,0.0968,0.16900756756756757,False,GLOBAL_ALL_CELLS,4522,0.05,Skill_RMSE / squared-error loss difference
35017001_10_47,xgboost_direct,7,lags_only,0.0335,0.07407677261613693,False,GLOBAL_ALL_CELLS,4522,0.05,Skill_RMSE / squared-error loss difference
35017002_10_47,sarima,1,lags_only,0.0686,0.12898511434511434,False,GLOBAL_ALL_CELLS,4522,0.05,Skill_RMSE / squared-error loss difference
35017002_10_47,sarima,2,lags_only,0.0114,0.031092159227985527,True,GLOBAL_ALL_CELLS,4522,0.05,Skill_RMSE / squared-error loss difference
35017002_10_47,sarima,3,lags_only,0.0128,0.034188777318369765,True,GLOBAL_ALL_CELLS,4522,0.05,Skill_RMSE / squared-error loss difference
35017002_10_47,sarima,4,lags_only,0.013,0.03466155660377358,True,GLOBAL_ALL_CELLS,4522,0.05,Skill_RMSE / squared-error loss difference
35017002_10_47,sarima,5,lags_only,0.0266,0.06143268641470888,False,GLOBAL_ALL_CELLS,4522,0.05,Skill_RMSE / squared-error loss difference
35017002_10_47,sarima,6,lags_only,0.0215,0.05176943556975506,False,GLOBAL_ALL_CELLS,4522,0.05,Skill_RMSE / squared-error loss difference
35017002_10_47,sarima,7,lags_only,0.0222,0.05305940803382664,False,GLOBAL_ALL_CELLS,4522,0.05,Skill_RMSE / squared-error loss difference
35017002_10_47,xgboost_direct,1,lags_only,1.0,1.0,False,GLOBAL_ALL_CELLS,4522,0.05,Skill_RMSE / squared-error loss difference
35017002_10_47,xgboost_direct,2,lags_only,0.4332,0.5239182669162877,False,GLOBAL_ALL_CELLS,4522,0.05,Skill_RMSE / squared-error loss difference
35017002_10_47,xgboost_direct,3,lags_only,0.1629,0.2550470588235294,False,GLOBAL_ALL_CELLS,4522,0.05,Skill_RMSE / squared-error loss difference
35017002_10_47,xgboost_direct,4,lags_only,0.0005,0.0021887705711519847,True,GLOBAL_ALL_CELLS,4522,0.05,Skill_RMSE / squared-error loss difference
35017002_10_47,xgboost_direct,5,lags_only,0.0391,0.08293161350844278,False,GLOBAL_ALL_CELLS,4522,0.05,Skill_RMSE / squared-error loss difference
35017002_10_47,xgboost_direct,6,lags_only,0.0062,0.018690933333333333,True,GLOBAL_ALL_CELLS,4522,0.05,Skill_RMSE / squared-error loss difference
35017002_10_47,xgboost_direct,7,lags_only,0.0498,0.09964407079646018,False,GLOBAL_ALL_CELLS,4522,0.05,Skill_RMSE / squared-error loss difference
35017003_10_49,sarima,1,lags_only,0.4507,0.5421828677839851,False,GLOBAL_ALL_CELLS,4522,0.05,Skill_RMSE / squared-error loss difference
35017003_10_49,sarima,2,lags_only,0.1202,0.20042197640117995,False,GLOBAL_ALL_CELLS,4522,0.05,Skill_RMSE / squared-error loss difference
35017003_10_49,sarima,3,lags_only,0.0265,0.06126431492842536,False,GLOBAL_ALL_CELLS,4522,0.05,Skill_RMSE / squared-error loss difference
35017003_10_49,sarima,4,lags_only,0.0252,0.05870911901081917,False,GLOBAL_ALL_CELLS,4522,0.05,Skill_RMSE / squared-error loss difference
35017003_10_49,sarima,5,lags_only,0.0294,0.06704326777609682,False,GLOBAL_ALL_CELLS,4522,0.05,Skill_RMSE / squared-error loss difference
35017003_10_49,sarima,6,lags_only,0.0389,0.08262367308595585,False,GLOBAL_ALL_CELLS,4522,0.05,Skill_RMSE / squared-error loss difference
35017003_10_49,sarima,7,lags_only,0.0486,0.0977620996441281,False,GLOBAL_ALL_CELLS,4522,0.05,Skill_RMSE / squared-error loss difference
35017003_10_49,xgboost_direct,1,lags_only,1.0,1.0,False,GLOBAL_ALL_CELLS,4522,0.05,Skill_RMSE / squared-error loss difference
35017003_10_49,xgboost_direct,2,lags_only,0.9199,0.9977903094267211,False,GLOBAL_ALL_CELLS,4522,0.05,Skill_RMSE / squared-error loss difference
35017003_10_49,xgboost_direct,3,lags_only,0.5447,0.6379521885521885,False,GLOBAL_ALL_CELLS,4522,0.05,Skill_RMSE / squared-error loss difference
35017003_10_49,xgboost_direct,4,lags_only,0.4979,0.5901713761467889,False,GLOBAL_ALL_CELLS,4522,0.05,Skill_RMSE / squared-error loss difference
35017003_10_49,xgboost_direct,5,lags_only,0.0682,0.1285537307211338,False,GLOBAL_ALL_CELLS,4522,0.05,Skill_RMSE / squared-error loss difference
35017003_10_49,xgboost_direct,6,lags_only,0.0523,0.10386499780412824,False,GLOBAL_ALL_CELLS,4522,0.05,Skill_RMSE / squared-error loss difference
35017003_10_49,xgboost_direct,7,lags_only,0.2833,0.38563594220349184,False,GLOBAL_ALL_CELLS,4522,0.05,Skill_RMSE / squared-error loss difference
35017004_10_49,sarima,1,lags_only,0.1327,0.21670978692668838,False,GLOBAL_ALL_CELLS,4522,0.05,Skill_RMSE / squared-error loss difference
35017004_10_49,sarima,2,lags_only,0.0322,0.07208336633663366,False,GLOBAL_ALL_CELLS,4522,0.05,Skill_RMSE / squared-error loss difference
35017004_10_49,sarima,3,lags_only,0.0019,0.006934463276836157,True,GLOBAL_ALL_CELLS,4522,0.05,Skill_RMSE / squared-error loss difference
35017004_10_49,sarima,4,lags_only,0.0008,0.003244484304932736,True,GLOBAL_ALL_CELLS,4522,0.05,Skill_RMSE / squared-error loss difference
35017004_10_49,sarima,5,lags_only,0.0008,0.003244484304932736,True,GLOBAL_ALL_CELLS,4522,0.05,Skill_RMSE / squared-error loss difference
35017004_10_49,sarima,6,lags_only,0.0007,0.0029120515179392823,True,GLOBAL_ALL_CELLS,4522,0.05,Skill_RMSE / squared-error loss difference
35017004_10_49,sarima,7,lags_only,0.0016,0.005964715581203628,True,GLOBAL_ALL_CELLS,4522,0.05,Skill_RMSE / squared-error loss difference
35017004_10_49,xgboost_direct,1,lags_only,0.9997,1.0,False,GLOBAL_ALL_CELLS,4522,0.05,Skill_RMSE / squared-error loss difference
35017004_10_49,xgboost_direct,2,lags_only,0.6099,0.7023090909090909,False,GLOBAL_ALL_CELLS,4522,0.05,Skill_RMSE / squared-error loss difference
35017004_10_49,xgboost_direct,3,lags_only,0.1467,0.2345747524752475,False,GLOBAL_ALL_CELLS,4522,0.05,Skill_RMSE / squared-error loss difference
35017004_10_49,xgboost_direct,4,lags_only,0.0054,0.016725205479452054,True,GLOBAL_ALL_CELLS,4522,0.05,Skill_RMSE / squared-error loss difference
35017004_10_49,xgboost_direct,5,lags_only,0.0407,0.08564234527687296,False,GLOBAL_ALL_CELLS,4522,0.05,Skill_RMSE / squared-error loss difference
35017004_10_49,xgboost_direct,6,lags_only,0.0327,0.07287796944307541,False,GLOBAL_ALL_CELLS,4522,0.05,Skill_RMSE / squared-error loss difference
35017004_10_49,xgboost_direct,7,lags_only,0.2096,0.3087332899022801,False,GLOBAL_ALL_CELLS,4522,0.05,Skill_RMSE / squared-error loss difference
35017005_10_49,sarima,1,lags_only,0.1978,0.29617602649006625,False,GLOBAL_ALL_CELLS,4522,0.05,Skill_RMSE / squared-error loss difference
35017005_10_49,sarima,2,lags_only,0.1945,0.2924938476887263,False,GLOBAL_ALL_CELLS,4522,0.05,Skill_RMSE / squared-error loss difference
35017005_10_49,sarima,3,lags_only,0.2005,0.29922805280528053,False,GLOBAL_ALL_CELLS,4522,0.05,Skill_RMSE / squared-error loss difference
35017005_10_49,sarima,4,lags_only,0.1758,0.2697548693586699,False,GLOBAL_ALL_CELLS,4522,0.05,Skill_RMSE / squared-error loss difference
35017005_10_49,sarima,5,lags_only,0.1656,0.25804383184011026,False,GLOBAL_ALL_CELLS,4522,0.05,Skill_RMSE / squared-error loss difference
35017005_10_49,sarima,6,lags_only,0.192,0.2896976976976977,False,GLOBAL_ALL_CELLS,4522,0.05,Skill_RMSE / squared-error loss difference
35017005_10_49,sarima,7,lags_only,0.189,0.28612587880816875,False,GLOBAL_ALL_CELLS,4522,0.05,Skill_RMSE / squared-error loss difference
35017005_10_49,xgboost_direct,1,lags_only,0.9992,1.0,False,GLOBAL_ALL_CELLS,4522,0.05,Skill_RMSE / squared-error loss difference
35017005_10_49,xgboost_direct,2,lags_only,0.4037,0.493642497972425,False,GLOBAL_ALL_CELLS,4522,0.05,Skill_RMSE / squared-error loss difference
35017005_10_49,xgboost_direct,3,lags_only,0.3045,0.4073813609467456,False,GLOBAL_ALL_CELLS,4522,0.05,Skill_RMSE / squared-error loss difference
35017005_10_49,xgboost_direct,4,lags_only,0.1905,0.2881073578595318,False,GLOBAL_ALL_CELLS,4522,0.05,Skill_RMSE / squared-error loss difference
35017005_10_49,xgboost_direct,5,lags_only,0.3192,0.4211912459877444,False,GLOBAL_ALL_CELLS,4522,0.05,Skill_RMSE / squared-error loss difference
35017005_10_49,xgboost_direct,6,lags_only,0.1923,0.2899568522840947,False,GLOBAL_ALL_CELLS,4522,0.05,Skill_RMSE / squared-error loss difference
35017005_10_49,xgboost_direct,7,lags_only,0.101,0.17425486455551317,False,GLOBAL_ALL_CELLS,4522,0.05,Skill_RMSE / squared-error loss difference
35019001_10_A,sarima,1,lags_only,0.2376,0.33882913907284773,False,GLOBAL_ALL_CELLS,4522,0.05,Skill_RMSE / squared-error loss difference
35019001_10_A,sarima,2,lags_only,0.1694,0.26278792452830185,False,GLOBAL_ALL_CELLS,4522,0.05,Skill_RMSE / squared-error loss difference
35019001_10_A,sarima,3,lags_only,0.0982,0.1709239414934565,False,GLOBAL_ALL_CELLS,4522,0.05,Skill_RMSE / squared-error loss difference
35019001_10_A,sarima,4,lags_only,0.087,0.15611666666666665,False,GLOBAL_ALL_CELLS,4522,0.05,Skill_RMSE / squared-error loss difference
35019001_10_A,sarima,5,lags_only,0.0889,0.15889557312252967,False,GLOBAL_ALL_CELLS,4522,0.05,Skill_RMSE / squared-error loss difference
35019001_10_A,sarima,6,lags_only,0.0641,0.12235550865344028,False,GLOBAL_ALL_CELLS,4522,0.05,Skill_RMSE / squared-error loss difference
35019001_10_A,sarima,7,lags_only,0.0548,0.1077415652173913,False,GLOBAL_ALL_CELLS,4522,0.05,Skill_RMSE / squared-error loss difference
35019001_10_A,xgboost_direct,1,lags_only,1.0,1.0,False,GLOBAL_ALL_CELLS,4522,0.05,Skill_RMSE / squared-error loss difference
35019001_10_A,xgboost_direct,2,lags_only,0.9883,1.0,False,GLOBAL_ALL_CELLS,4522,0.05,Skill_RMSE / squared-error loss difference
35019001_10_A,xgboost_direct,3,lags_only,0.9551,1.0,False,GLOBAL_ALL_CELLS,4522,0.05,Skill_RMSE / squared-error loss difference
35019001_10_A,xgboost_direct,4,lags_only,0.5745,0.6676107913669065,False,GLOBAL_ALL_CELLS,4522,0.05,Skill_RMSE / squared-error loss difference
35019001_10_A,xgboost_direct,5,lags_only,0.9347,1.0,False,GLOBAL_ALL_CELLS,4522,0.05,Skill_RMSE / squared-error loss difference
35019001_10_A,xgboost_direct,6,lags_only,0.3437,0.44368010276905506,False,GLOBAL_ALL_CELLS,4522,0.05,Skill_RMSE / squared-error loss difference
35019001_10_A,xgboost_direct,7,lags_only,0.0836,0.15127619047619048,False,GLOBAL_ALL_CELLS,4522,0.05,Skill_RMSE / squared-error loss difference
35019004_10_47,sarima,1,lags_only,0.6451,0.7360944234166037,False,GLOBAL_ALL_CELLS,4522,0.05,Skill_RMSE / squared-error loss difference
35019004_10_47,sarima,2,lags_only,0.2234,0.3236830503043896,False,GLOBAL_ALL_CELLS,4522,0.05,Skill_RMSE / squared-error loss difference
35019004_10_47,sarima,3,lags_only,0.1683,0.26144026107866714,False,GLOBAL_ALL_CELLS,4522,0.05,Skill_RMSE / squared-error loss difference
35019004_10_47,sarima,4,lags_only,0.1224,0.2034152149944873,False,GLOBAL_ALL_CELLS,4522,0.05,Skill_RMSE / squared-error loss difference
35019004_10_47,sarima,5,lags_only,0.1057,0.18070903591682422,False,GLOBAL_ALL_CELLS,4522,0.05,Skill_RMSE / squared-error loss difference
35019004_10_47,sarima,6,lags_only,0.0737,0.13686710472279262,False,GLOBAL_ALL_CELLS,4522,0.05,Skill_RMSE / squared-error loss difference
35019004_10_47,sarima,7,lags_only,0.0545,0.10733841463414635,False,GLOBAL_ALL_CELLS,4522,0.05,Skill_RMSE / squared-error loss difference
35019004_10_47,xgboost_direct,1,lags_only,1.0,1.0,False,GLOBAL_ALL_CELLS,4522,0.05,Skill_RMSE / squared-error loss difference
35019004_10_47,xgboost_direct,2,lags_only,0.9956,1.0,False,GLOBAL_ALL_CELLS,4522,0.05,Skill_RMSE / squared-error loss difference
35019004_10_47,xgboost_direct,3,lags_only,0.9942,1.0,False,GLOBAL_ALL_CELLS,4522,0.05,Skill_RMSE / squared-error loss difference
35019004_10_47,xgboost_direct,4,lags_only,0.9868,1.0,False,GLOBAL_ALL_CELLS,4522,0.05,Skill_RMSE / squared-error loss difference
35019004_10_47,xgboost_direct,5,lags_only,0.7608,0.8509368290873115,False,GLOBAL_ALL_CELLS,4522,0.05,Skill_RMSE / squared-error loss difference
35019004_10_47,xgboost_direct,6,lags_only,0.6086,0.7009906265919512,False,GLOBAL_ALL_CELLS,4522,0.05,Skill_RMSE / squared-error loss difference
35019004_10_47,xgboost_direct,7,lags_only,0.3257,0.42665567786790265,False,GLOBAL_ALL_CELLS,4522,0.05,Skill_RMSE / squared-error loss difference
35022003_10_49,sarima,1,lags_only,0.0595,0.11527806341045414,False,GLOBAL_ALL_CELLS,4522,0.05,Skill_RMSE / squared-error loss difference
35022003_10_49,sarima,2,lags_only,0.012,0.03247396768402155,True,GLOBAL_ALL_CELLS,4522,0.05,Skill_RMSE / squared-error loss difference
35022003_10_49,sarima,3,lags_only,0.0094,0.02648398753894081,True,GLOBAL_ALL_CELLS,4522,0.05,Skill_RMSE / squared-error loss difference
35022003_10_49,sarima,4,lags_only,0.0089,0.025264155681104836,True,GLOBAL_ALL_CELLS,4522,0.05,Skill_RMSE / squared-error loss difference
35022003_10_49,sarima,5,lags_only,0.0276,0.06341829268292683,False,GLOBAL_ALL_CELLS,4522,0.05,Skill_RMSE / squared-error loss difference
35022003_10_49,sarima,6,lags_only,0.0299,0.06790949271722752,False,GLOBAL_ALL_CELLS,4522,0.05,Skill_RMSE / squared-error loss difference
35022003_10_49,sarima,7,lags_only,0.0436,0.09027435897435897,False,GLOBAL_ALL_CELLS,4522,0.05,Skill_RMSE / squared-error loss difference
35022003_10_49,xgboost_direct,1,lags_only,1.0,1.0,False,GLOBAL_ALL_CELLS,4522,0.05,Skill_RMSE / squared-error loss difference
35022003_10_49,xgboost_direct,2,lags_only,0.7053,0.7969431784107947,False,GLOBAL_ALL_CELLS,4522,0.05,Skill_RMSE / squared-error loss difference
35022003_10_49,xgboost_direct,3,lags_only,0.3305,0.43169295205083774,False,GLOBAL_ALL_CELLS,4522,0.05,Skill_RMSE / squared-error loss difference
35022003_10_49,xgboost_direct,4,lags_only,0.1519,0.2409301297790249,False,GLOBAL_ALL_CELLS,4522,0.05,Skill_RMSE / squared-error loss difference
35022003_10_49,xgboost_direct,5,lags_only,0.1327,0.21670978692668838,False,GLOBAL_ALL_CELLS,4522,0.05,Skill_RMSE / squared-error loss difference
35022003_10_49,xgboost_direct,6,lags_only,0.2345,0.33557246835443033,False,GLOBAL_ALL_CELLS,4522,0.05,Skill_RMSE / squared-error loss difference
35022003_10_49,xgboost_direct,7,lags_only,0.0868,0.1558196109567289,False,GLOBAL_ALL_CELLS,4522,0.05,Skill_RMSE / squared-error loss difference
35024001_10_49,sarima,1,lags_only,0.0038,0.012406931407942237,True,GLOBAL_ALL_CELLS,4522,0.05,Skill_RMSE / squared-error loss difference
35024001_10_49,sarima,2,lags_only,0.0028,0.009606676783004552,True,GLOBAL_ALL_CELLS,4522,0.05,Skill_RMSE / squared-error loss difference
35024001_10_49,sarima,3,lags_only,0.1242,0.20565082387403885,False,GLOBAL_ALL_CELLS,4522,0.05,Skill_RMSE / squared-error loss difference
35024001_10_49,sarima,4,lags_only,0.0388,0.08248876351669017,False,GLOBAL_ALL_CELLS,4522,0.05,Skill_RMSE / squared-error loss difference
35024001_10_49,sarima,5,lags_only,0.0328,0.07302885278188086,False,GLOBAL_ALL_CELLS,4522,0.05,Skill_RMSE / squared-error loss difference
35024001_10_49,sarima,6,lags_only,0.0417,0.0871383548983364,False,GLOBAL_ALL_CELLS,4522,0.05,Skill_RMSE / squared-error loss difference
35024001_10_49,sarima,7,lags_only,0.0816,0.14842928399034594,False,GLOBAL_ALL_CELLS,4522,0.05,Skill_RMSE / squared-error loss difference
35024001_10_49,xgboost_direct,1,lags_only,0.9136,0.9921467819404417,False,GLOBAL_ALL_CELLS,4522,0.05,Skill_RMSE / squared-error loss difference
35024001_10_49,xgboost_direct,2,lags_only,0.3235,0.4247740568775391,False,GLOBAL_ALL_CELLS,4522,0.05,Skill_RMSE / squared-error loss difference
35024001_10_49,xgboost_direct,3,lags_only,0.6394,0.7312510875063226,False,GLOBAL_ALL_CELLS,4522,0.05,Skill_RMSE / squared-error loss difference
35024001_10_49,xgboost_direct,4,lags_only,0.0503,0.1004666961130742,False,GLOBAL_ALL_CELLS,4522,0.05,Skill_RMSE / squared-error loss difference
35024001_10_49,xgboost_direct,5,lags_only,0.0747,0.13832653562653563,False,GLOBAL_ALL_CELLS,4522,0.05,Skill_RMSE / squared-error loss difference
35024001_10_49,xgboost_direct,6,lags_only,0.1295,0.2127903343023256,False,GLOBAL_ALL_CELLS,4522,0.05,Skill_RMSE / squared-error loss difference
35024001_10_49,xgboost_direct,7,lags_only,0.0404,0.08516960372960372,False,GLOBAL_ALL_CELLS,4522,0.05,Skill_RMSE / squared-error loss difference
35024002_10_49,sarima,1,lags_only,0.0126,0.03373428063943162,True,GLOBAL_ALL_CELLS,4522,0.05,Skill_RMSE / squared-error loss difference
35024002_10_49,sarima,2,lags_only,0.0025,0.008756777691711851,True,GLOBAL_ALL_CELLS,4522,0.05,Skill_RMSE / squared-error loss difference
35024002_10_49,sarima,3,lags_only,0.0051,0.01597105263157895,True,GLOBAL_ALL_CELLS,4522,0.05,Skill_RMSE / squared-error loss difference
35024002_10_49,sarima,4,lags_only,0.0075,0.0219799092676604,True,GLOBAL_ALL_CELLS,4522,0.05,Skill_RMSE / squared-error loss difference
35024002_10_49,sarima,5,lags_only,0.0133,0.0353364277320799,True,GLOBAL_ALL_CELLS,4522,0.05,Skill_RMSE / squared-error loss difference
35024002_10_49,sarima,6,lags_only,0.0083,0.023921351179094965,True,GLOBAL_ALL_CELLS,4522,0.05,Skill_RMSE / squared-error loss difference
35024002_10_49,sarima,7,lags_only,0.0204,0.04972981132075472,True,GLOBAL_ALL_CELLS,4522,0.05,Skill_RMSE / squared-error loss difference
35024002_10_49,xgboost_direct,1,lags_only,0.9984,1.0,False,GLOBAL_ALL_CELLS,4522,0.05,Skill_RMSE / squared-error loss difference
35024002_10_49,xgboost_direct,2,lags_only,0.3953,0.4854825095057034,False,GLOBAL_ALL_CELLS,4522,0.05,Skill_RMSE / squared-error loss difference
35024002_10_49,xgboost_direct,3,lags_only,0.2154,0.3154270725388601,False,GLOBAL_ALL_CELLS,4522,0.05,Skill_RMSE / squared-error loss difference
35024002_10_49,xgboost_direct,4,lags_only,0.0514,0.10239242290748898,False,GLOBAL_ALL_CELLS,4522,0.05,Skill_RMSE / squared-error loss difference
35024002_10_49,xgboost_direct,5,lags_only,0.0227,0.054139978902953585,False,GLOBAL_ALL_CELLS,4522,0.05,Skill_RMSE / squared-error loss difference
35024002_10_49,xgboost_direct,6,lags_only,0.0218,0.05232462845010616,False,GLOBAL_ALL_CELLS,4522,0.05,Skill_RMSE / squared-error loss difference
35024002_10_49,xgboost_direct,7,lags_only,0.0026,0.009044,True,GLOBAL_ALL_CELLS,4522,0.05,Skill_RMSE / squared-error loss difference
35026001_10_49,sarima,1,lags_only,0.1135,0.19101116486788242,False,GLOBAL_ALL_CELLS,4522,0.05,Skill_RMSE / squared-error loss difference
35026001_10_49,sarima,2,lags_only,0.0533,0.10543420822397201,False,GLOBAL_ALL_CELLS,4522,0.05,Skill_RMSE / squared-error loss difference
35026001_10_49,sarima,3,lags_only,0.0368,0.07901690408357075,False,GLOBAL_ALL_CELLS,4522,0.05,Skill_RMSE / squared-error loss difference
35026001_10_49,sarima,4,lags_only,0.0534,0.10553968531468533,False,GLOBAL_ALL_CELLS,4522,0.05,Skill_RMSE / squared-error loss difference
35026001_10_49,sarima,5,lags_only,0.0325,0.07257530864197531,False,GLOBAL_ALL_CELLS,4522,0.05,Skill_RMSE / squared-error loss difference
35026001_10_49,sarima,6,lags_only,0.0207,0.05027142857142857,False,GLOBAL_ALL_CELLS,4522,0.05,Skill_RMSE / squared-error loss difference
35026001_10_49,sarima,7,lags_only,0.0363,0.07812879581151833,False,GLOBAL_ALL_CELLS,4522,0.05,Skill_RMSE / squared-error loss difference
35026001_10_49,xgboost_direct,1,lags_only,1.0,1.0,False,GLOBAL_ALL_CELLS,4522,0.05,Skill_RMSE / squared-error loss difference
35026001_10_49,xgboost_direct,2,lags_only,0.9965,1.0,False,GLOBAL_ALL_CELLS,4522,0.05,Skill_RMSE / squared-error loss difference
35026001_10_49,xgboost_direct,3,lags_only,0.9274,1.0,False,GLOBAL_ALL_CELLS,4522,0.05,Skill_RMSE / squared-error loss difference
35026001_10_49,xgboost_direct,4,lags_only,0.952,1.0,False,GLOBAL_ALL_CELLS,4522,0.05,Skill_RMSE / squared-error loss difference
35026001_10_49,xgboost_direct,5,lags_only,0.9062,0.9856393939393939,False,GLOBAL_ALL_CELLS,4522,0.05,Skill_RMSE / squared-error loss difference
35026001_10_49,xgboost_direct,6,lags_only,0.8062,0.8968355227552276,False,GLOBAL_ALL_CELLS,4522,0.05,Skill_RMSE / squared-error loss difference
35026001_10_49,xgboost_direct,7,lags_only,0.8151,0.9041781702232033,False,GLOBAL_ALL_CELLS,4522,0.05,Skill_RMSE / squared-error loss difference
35026003_10_49,sarima,1,lags_only,0.0114,0.031092159227985527,True,GLOBAL_ALL_CELLS,4522,0.05,Skill_RMSE / squared-error loss difference
35026003_10_49,sarima,2,lags_only,0.0026,0.009044,True,GLOBAL_ALL_CELLS,4522,0.05,Skill_RMSE / squared-error loss difference
35026003_10_49,sarima,3,lags_only,0.0045,0.01435049365303244,True,GLOBAL_ALL_CELLS,4522,0.05,Skill_RMSE / squared-error loss difference
35026003_10_49,sarima,4,lags_only,0.0078,0.02272654639175258,True,GLOBAL_ALL_CELLS,4522,0.05,Skill_RMSE / squared-error loss difference
35026003_10_49,sarima,5,lags_only,0.0072,0.021238356164383562,True,GLOBAL_ALL_CELLS,4522,0.05,Skill_RMSE / squared-error loss difference
35026003_10_49,sarima,6,lags_only,0.0072,0.021238356164383562,True,GLOBAL_ALL_CELLS,4522,0.05,Skill_RMSE / squared-error loss difference
35026003_10_49,sarima,7,lags_only,0.0212,0.051265454545454545,False,GLOBAL_ALL_CELLS,4522,0.05,Skill_RMSE / squared-error loss difference
35026003_10_49,xgboost_direct,1,lags_only,0.8981,0.979312322160598,False,GLOBAL_ALL_CELLS,4522,0.05,Skill_RMSE / squared-error loss difference
35026003_10_49,xgboost_direct,2,lags_only,0.0676,0.12763557411273485,False,GLOBAL_ALL_CELLS,4522,0.05,Skill_RMSE / squared-error loss difference
35026003_10_49,xgboost_direct,3,lags_only,0.2197,0.3200655283505155,False,GLOBAL_ALL_CELLS,4522,0.05,Skill_RMSE / squared-error loss difference
35026003_10_49,xgboost_direct,4,lags_only,0.8615,0.9453295316670711,False,GLOBAL_ALL_CELLS,4522,0.05,Skill_RMSE / squared-error loss difference
35026003_10_49,xgboost_direct,5,lags_only,0.5483,0.6416699275362319,False,GLOBAL_ALL_CELLS,4522,0.05,Skill_RMSE / squared-error loss difference
35026003_10_49,xgboost_direct,6,lags_only,0.2072,0.30599555845852383,False,GLOBAL_ALL_CELLS,4522,0.05,Skill_RMSE / squared-error loss difference
35026003_10_49,xgboost_direct,7,lags_only,0.0861,0.1547472972972973,False,GLOBAL_ALL_CELLS,4522,0.05,Skill_RMSE / squared-error loss difference
35026004_10_49,sarima,1,lags_only,0.5273,0.6215981751824818,False,GLOBAL_ALL_CELLS,4522,0.05,Skill_RMSE / squared-error loss difference
35026004_10_49,sarima,2,lags_only,0.1556,0.24610814970269324,False,GLOBAL_ALL_CELLS,4522,0.05,Skill_RMSE / squared-error loss difference
35026004_10_49,sarima,3,lags_only,0.0951,0.16733159533073932,False,GLOBAL_ALL_CELLS,4522,0.05,Skill_RMSE / squared-error loss difference
35026004_10_49,sarima,4,lags_only,0.1251,0.20698946212952798,False,GLOBAL_ALL_CELLS,4522,0.05,Skill_RMSE / squared-error loss difference
35026004_10_49,sarima,5,lags_only,0.1961,0.2942150630391506,False,GLOBAL_ALL_CELLS,4522,0.05,Skill_RMSE / squared-error loss difference
35026004_10_49,sarima,6,lags_only,0.0703,0.13152527927182456,False,GLOBAL_ALL_CELLS,4522,0.05,Skill_RMSE / squared-error loss difference
35026004_10_49,sarima,7,lags_only,0.0813,0.1479430985915493,False,GLOBAL_ALL_CELLS,4522,0.05,Skill_RMSE / squared-error loss difference
35026004_10_49,xgboost_direct,1,lags_only,1.0,1.0,False,GLOBAL_ALL_CELLS,4522,0.05,Skill_RMSE / squared-error loss difference
35026004_10_49,xgboost_direct,2,lags_only,0.9976,1.0,False,GLOBAL_ALL_CELLS,4522,0.05,Skill_RMSE / squared-error loss difference
35026004_10_49,xgboost_direct,3,lags_only,0.9977,1.0,False,GLOBAL_ALL_CELLS,4522,0.05,Skill_RMSE / squared-error loss difference
35026004_10_49,xgboost_direct,4,lags_only,0.9862,1.0,False,GLOBAL_ALL_CELLS,4522,0.05,Skill_RMSE / squared-error loss difference
35026004_10_49,xgboost_direct,5,lags_only,0.9984,1.0,False,GLOBAL_ALL_CELLS,4522,0.05,Skill_RMSE / squared-error loss difference
35026004_10_49,xgboost_direct,6,lags_only,0.6369,0.7294989361702128,False,GLOBAL_ALL_CELLS,4522,0.05,Skill_RMSE / squared-error loss difference
35026004_10_49,xgboost_direct,7,lags_only,0.5659,0.6588567971163748,False,GLOBAL_ALL_CELLS,4522,0.05,Skill_RMSE / squared-error loss difference
36024001_10_49,sarima,1,lags_only,0.318,0.4200981595092025,False,GLOBAL_ALL_CELLS,4522,0.05,Skill_RMSE / squared-error loss difference
36024001_10_49,sarima,2,lags_only,0.0045,0.01435049365303244,True,GLOBAL_ALL_CELLS,4522,0.05,Skill_RMSE / squared-error loss difference
36024001_10_49,sarima,3,lags_only,0.0,0.0,True,GLOBAL_ALL_CELLS,4522,0.05,Skill_RMSE / squared-error loss difference
36024001_10_49,sarima,4,lags_only,0.0,0.0,True,GLOBAL_ALL_CELLS,4522,0.05,Skill_RMSE / squared-error loss difference
36024001_10_49,sarima,5,lags_only,0.0,0.0,True,GLOBAL_ALL_CELLS,4522,0.05,Skill_RMSE / squared-error loss difference
36024001_10_49,sarima,6,lags_only,0.0,0.0,True,GLOBAL_ALL_CELLS,4522,0.05,Skill_RMSE / squared-error loss difference
36024001_10_49,sarima,7,lags_only,0.0,0.0,True,GLOBAL_ALL_CELLS,4522,0.05,Skill_RMSE / squared-error loss difference
36024001_10_49,xgboost_direct,1,lags_only,0.3671,0.4570556718061674,False,GLOBAL_ALL_CELLS,4522,0.05,Skill_RMSE / squared-error loss difference
36024001_10_49,xgboost_direct,2,lags_only,0.2965,0.398683615819209,False,GLOBAL_ALL_CELLS,4522,0.05,Skill_RMSE / squared-error loss difference
36024001_10_49,xgboost_direct,3,lags_only,0.2658,0.36869558282208587,False,GLOBAL_ALL_CELLS,4522,0.05,Skill_RMSE / squared-error loss difference
36024001_10_49,xgboost_direct,4,lags_only,0.275,0.37751973284760176,False,GLOBAL_ALL_CELLS,4522,0.05,Skill_RMSE / squared-error loss difference
36024001_10_49,xgboost_direct,5,lags_only,0.2379,0.33914999999999995,False,GLOBAL_ALL_CELLS,4522,0.05,Skill_RMSE / squared-error loss difference
36024001_10_49,xgboost_direct,6,lags_only,0.1017,0.17512848438690024,False,GLOBAL_ALL_CELLS,4522,0.05,Skill_RMSE / squared-error loss difference
36024001_10_49,xgboost_direct,7,lags_only,0.0784,0.14382344827586205,False,GLOBAL_ALL_CELLS,4522,0.05,Skill_RMSE / squared-error loss difference
36038008_10_49,sarima,1,lags_only,0.0069,0.020487065003282994,True,GLOBAL_ALL_CELLS,4522,0.05,Skill_RMSE / squared-error loss difference
36038008_10_49,sarima,2,lags_only,0.0,0.0,True,GLOBAL_ALL_CELLS,4522,0.05,Skill_RMSE / squared-error loss difference
36038008_10_49,sarima,3,lags_only,0.0,0.0,True,GLOBAL_ALL_CELLS,4522,0.05,Skill_RMSE / squared-error loss difference
36038008_10_49,sarima,4,lags_only,0.0,0.0,True,GLOBAL_ALL_CELLS,4522,0.05,Skill_RMSE / squared-error loss difference
36038008_10_49,sarima,5,lags_only,0.0,0.0,True,GLOBAL_ALL_CELLS,4522,0.05,Skill_RMSE / squared-error loss difference
36038008_10_49,sarima,6,lags_only,0.0,0.0,True,GLOBAL_ALL_CELLS,4522,0.05,Skill_RMSE / squared-error loss difference
36038008_10_49,sarima,7,lags_only,0.0,0.0,True,GLOBAL_ALL_CELLS,4522,0.05,Skill_RMSE / squared-error loss difference
36038008_10_49,xgboost_direct,1,lags_only,1.0,1.0,False,GLOBAL_ALL_CELLS,4522,0.05,Skill_RMSE / squared-error loss difference
36038008_10_49,xgboost_direct,2,lags_only,0.0894,0.15922284363922803,False,GLOBAL_ALL_CELLS,4522,0.05,Skill_RMSE / squared-error loss difference
36038008_10_49,xgboost_direct,3,lags_only,0.0314,0.07081835411471321,False,GLOBAL_ALL_CELLS,4522,0.05,Skill_RMSE / squared-error loss difference
36038008_10_49,xgboost_direct,4,lags_only,0.0005,0.0021887705711519847,True,GLOBAL_ALL_CELLS,4522,0.05,Skill_RMSE / squared-error loss difference
36038008_10_49,xgboost_direct,5,lags_only,0.0052,0.01619449035812672,True,GLOBAL_ALL_CELLS,4522,0.05,Skill_RMSE / squared-error loss difference
36038008_10_49,xgboost_direct,6,lags_only,0.0,0.0,True,GLOBAL_ALL_CELLS,4522,0.05,Skill_RMSE / squared-error loss difference
36038008_10_49,xgboost_direct,7,lags_only,0.0,0.0,True,GLOBAL_ALL_CELLS,4522,0.05,Skill_RMSE / squared-error loss difference
36038010_10_49,sarima,1,lags_only,0.1394,0.225131,False,GLOBAL_ALL_CELLS,4522,0.05,Skill_RMSE / squared-error loss difference
36038010_10_49,sarima,2,lags_only,0.0003,0.0014087227414330216,True,GLOBAL_ALL_CELLS,4522,0.05,Skill_RMSE / squared-error loss difference
36038010_10_49,sarima,3,lags_only,0.0002,0.0009819761129207384,True,GLOBAL_ALL_CELLS,4522,0.05,Skill_RMSE / squared-error loss difference
36038010_10_49,sarima,4,lags_only,0.0005,0.0021887705711519847,True,GLOBAL_ALL_CELLS,4522,0.05,Skill_RMSE / squared-error loss difference
36038010_10_49,sarima,5,lags_only,0.0062,0.018690933333333333,True,GLOBAL_ALL_CELLS,4522,0.05,Skill_RMSE / squared-error loss difference
36038010_10_49,sarima,6,lags_only,0.0181,0.04502101210121012,True,GLOBAL_ALL_CELLS,4522,0.05,Skill_RMSE / squared-error loss difference
36038010_10_49,sarima,7,lags_only,0.0641,0.12235550865344028,False,GLOBAL_ALL_CELLS,4522,0.05,Skill_RMSE / squared-error loss difference
36038010_10_49,xgboost_direct,1,lags_only,0.9998,1.0,False,GLOBAL_ALL_CELLS,4522,0.05,Skill_RMSE / squared-error loss difference
36038010_10_49,xgboost_direct,2,lags_only,0.3177,0.41994720841859107,False,GLOBAL_ALL_CELLS,4522,0.05,Skill_RMSE / squared-error loss difference
36038010_10_49,xgboost_direct,3,lags_only,0.0061,0.018463319946452478,True,GLOBAL_ALL_CELLS,4522,0.05,Skill_RMSE / squared-error loss difference
36038010_10_49,xgboost_direct,4,lags_only,0.0031,0.010453542132736764,True,GLOBAL_ALL_CELLS,4522,0.05,Skill_RMSE / squared-error loss difference
36038010_10_49,xgboost_direct,5,lags_only,0.0204,0.04972981132075472,True,GLOBAL_ALL_CELLS,4522,0.05,Skill_RMSE / squared-error loss difference
36038010_10_49,xgboost_direct,6,lags_only,0.0042,0.013527350427350428,True,GLOBAL_ALL_CELLS,4522,0.05,Skill_RMSE / squared-error loss difference
36038010_10_49,xgboost_direct,7,lags_only,0.0387,0.082314863593603,False,GLOBAL_ALL_CELLS,4522,0.05,Skill_RMSE / squared-error loss difference
36041001_10_47,sarima,1,lags_only,0.0991,0.1721591240875912,False,GLOBAL_ALL_CELLS,4522,0.05,Skill_RMSE / squared-error loss difference
36041001_10_47,sarima,2,lags_only,0.0,0.0,True,GLOBAL_ALL_CELLS,4522,0.05,Skill_RMSE / squared-error loss difference
36041001_10_47,sarima,3,lags_only,0.0,0.0,True,GLOBAL_ALL_CELLS,4522,0.05,Skill_RMSE / squared-error loss difference
36041001_10_47,sarima,4,lags_only,0.0,0.0,True,GLOBAL_ALL_CELLS,4522,0.05,Skill_RMSE / squared-error loss difference
36041001_10_47,sarima,5,lags_only,0.0,0.0,True,GLOBAL_ALL_CELLS,4522,0.05,Skill_RMSE / squared-error loss difference
36041001_10_47,sarima,6,lags_only,0.0001,0.0005270396270396271,True,GLOBAL_ALL_CELLS,4522,0.05,Skill_RMSE / squared-error loss difference
36041001_10_47,sarima,7,lags_only,0.0001,0.0005270396270396271,True,GLOBAL_ALL_CELLS,4522,0.05,Skill_RMSE / squared-error loss difference
36041001_10_47,xgboost_direct,1,lags_only,0.9946,1.0,False,GLOBAL_ALL_CELLS,4522,0.05,Skill_RMSE / squared-error loss difference
36041001_10_47,xgboost_direct,2,lags_only,0.0596,0.11542235546038543,False,GLOBAL_ALL_CELLS,4522,0.05,Skill_RMSE / squared-error loss difference
36041001_10_47,xgboost_direct,3,lags_only,0.0136,0.03585959183673469,True,GLOBAL_ALL_CELLS,4522,0.05,Skill_RMSE / squared-error loss difference
36041001_10_47,xgboost_direct,4,lags_only,0.0,0.0,True,GLOBAL_ALL_CELLS,4522,0.05,Skill_RMSE / squared-error loss difference
36041001_10_47,xgboost_direct,5,lags_only,0.0,0.0,True,GLOBAL_ALL_CELLS,4522,0.05,Skill_RMSE / squared-error loss difference
36041001_10_47,xgboost_direct,6,lags_only,0.0,0.0,True,GLOBAL_ALL_CELLS,4522,0.05,Skill_RMSE / squared-error loss difference
36041001_10_47,xgboost_direct,7,lags_only,0.0,0.0,True,GLOBAL_ALL_CELLS,4522,0.05,Skill_RMSE / squared-error loss difference
36057019_10_49,sarima,1,lags_only,0.0726,0.1352130148270181,False,GLOBAL_ALL_CELLS,4522,0.05,Skill_RMSE / squared-error loss difference
36057019_10_49,sarima,2,lags_only,0.0,0.0,True,GLOBAL_ALL_CELLS,4522,0.05,Skill_RMSE / squared-error loss difference
36057019_10_49,sarima,3,lags_only,0.0003,0.0014087227414330216,True,GLOBAL_ALL_CELLS,4522,0.05,Skill_RMSE / squared-error loss difference
36057019_10_49,sarima,4,lags_only,0.001,0.003945898778359511,True,GLOBAL_ALL_CELLS,4522,0.05,Skill_RMSE / squared-error loss difference
36057019_10_49,sarima,5,lags_only,0.0007,0.0029120515179392823,True,GLOBAL_ALL_CELLS,4522,0.05,Skill_RMSE / squared-error loss difference
36057019_10_49,sarima,6,lags_only,0.0021,0.007554653937947494,True,GLOBAL_ALL_CELLS,4522,0.05,Skill_RMSE / squared-error loss difference
36057019_10_49,sarima,7,lags_only,0.0111,0.03053175182481752,True,GLOBAL_ALL_CELLS,4522,0.05,Skill_RMSE / squared-error loss difference
36057019_10_49,xgboost_direct,1,lags_only,0.9913,1.0,False,GLOBAL_ALL_CELLS,4522,0.05,Skill_RMSE / squared-error loss difference
36057019_10_49,xgboost_direct,2,lags_only,0.1804,0.2755975675675676,False,GLOBAL_ALL_CELLS,4522,0.05,Skill_RMSE / squared-error loss difference
36057019_10_49,xgboost_direct,3,lags_only,0.0826,0.1498865168539326,False,GLOBAL_ALL_CELLS,4522,0.05,Skill_RMSE / squared-error loss difference
36057019_10_49,xgboost_direct,4,lags_only,0.0197,0.048388593155893535,True,GLOBAL_ALL_CELLS,4522,0.05,Skill_RMSE / squared-error loss difference
36057019_10_49,xgboost_direct,5,lags_only,0.0002,0.0009819761129207384,True,GLOBAL_ALL_CELLS,4522,0.05,Skill_RMSE / squared-error loss difference
36057019_10_49,xgboost_direct,6,lags_only,0.0,0.0,True,GLOBAL_ALL_CELLS,4522,0.05,Skill_RMSE / squared-error loss difference
36057019_10_49,xgboost_direct,7,lags_only,0.0,0.0,True,GLOBAL_ALL_CELLS,4522,0.05,Skill_RMSE / squared-error loss difference
36057022_10_47,sarima,1,lags_only,0.1209,0.2014406042741341,False,GLOBAL_ALL_CELLS,4522,0.05,Skill_RMSE / squared-error loss difference
36057022_10_47,sarima,2,lags_only,0.0,0.0,True,GLOBAL_ALL_CELLS,4522,0.05,Skill_RMSE / squared-error loss difference
36057022_10_47,sarima,3,lags_only,0.0,0.0,True,GLOBAL_ALL_CELLS,4522,0.05,Skill_RMSE / squared-error loss difference
36057022_10_47,sarima,4,lags_only,0.0001,0.0005270396270396271,True,GLOBAL_ALL_CELLS,4522,0.05,Skill_RMSE / squared-error loss difference
36057022_10_47,sarima,5,lags_only,0.0029,0.009882290881688018,True,GLOBAL_ALL_CELLS,4522,0.05,Skill_RMSE / squared-error loss difference
36057022_10_47,sarima,6,lags_only,0.0275,0.0632849872773537,False,GLOBAL_ALL_CELLS,4522,0.05,Skill_RMSE / squared-error loss difference
36057022_10_47,sarima,7,lags_only,0.1095,0.1858704954954955,False,GLOBAL_ALL_CELLS,4522,0.05,Skill_RMSE / squared-error loss difference
36057022_10_47,xgboost_direct,1,lags_only,1.0,1.0,False,GLOBAL_ALL_CELLS,4522,0.05,Skill_RMSE / squared-error loss difference
36057022_10_47,xgboost_direct,2,lags_only,0.1943,0.2922902860944777,False,GLOBAL_ALL_CELLS,4522,0.05,Skill_RMSE / squared-error loss difference
36057022_10_47,xgboost_direct,3,lags_only,0.0021,0.007554653937947494,True,GLOBAL_ALL_CELLS,4522,0.05,Skill_RMSE / squared-error loss difference
36057022_10_47,xgboost_direct,4,lags_only,0.0005,0.0021887705711519847,True,GLOBAL_ALL_CELLS,4522,0.05,Skill_RMSE / squared-error loss difference
36057022_10_47,xgboost_direct,5,lags_only,0.0,0.0,True,GLOBAL_ALL_CELLS,4522,0.05,Skill_RMSE / squared-error loss difference
36057022_10_47,xgboost_direct,6,lags_only,0.0,0.0,True,GLOBAL_ALL_CELLS,4522,0.05,Skill_RMSE / squared-error loss difference
36057022_10_47,xgboost_direct,7,lags_only,0.0,0.0,True,GLOBAL_ALL_CELLS,4522,0.05,Skill_RMSE / squared-error loss difference
36057026_10_49,sarima,1,lags_only,0.0255,0.05934688625836335,False,GLOBAL_ALL_CELLS,4522,0.05,Skill_RMSE / squared-error loss difference
36057026_10_49,sarima,2,lags_only,0.0,0.0,True,GLOBAL_ALL_CELLS,4522,0.05,Skill_RMSE / squared-error loss difference
36057026_10_49,sarima,3,lags_only,0.0,0.0,True,GLOBAL_ALL_CELLS,4522,0.05,Skill_RMSE / squared-error loss difference
36057026_10_49,sarima,4,lags_only,0.0003,0.0014087227414330216,True,GLOBAL_ALL_CELLS,4522,0.05,Skill_RMSE / squared-error loss difference
36057026_10_49,sarima,5,lags_only,0.0101,0.028175323874151757,True,GLOBAL_ALL_CELLS,4522,0.05,Skill_RMSE / squared-error loss difference
36057026_10_49,sarima,6,lags_only,0.0336,0.07415285505124451,False,GLOBAL_ALL_CELLS,4522,0.05,Skill_RMSE / squared-error loss difference
36057026_10_49,sarima,7,lags_only,0.1695,0.2628528806584362,False,GLOBAL_ALL_CELLS,4522,0.05,Skill_RMSE / squared-error loss difference
36057026_10_49,xgboost_direct,1,lags_only,1.0,1.0,False,GLOBAL_ALL_CELLS,4522,0.05,Skill_RMSE / squared-error loss difference
36057026_10_49,xgboost_direct,2,lags_only,0.3589,0.45144528511821974,False,GLOBAL_ALL_CELLS,4522,0.05,Skill_RMSE / squared-error loss difference
36057026_10_49,xgboost_direct,3,lags_only,0.0381,0.08134475920679887,False,GLOBAL_ALL_CELLS,4522,0.05,Skill_RMSE / squared-error loss difference
36057026_10_49,xgboost_direct,4,lags_only,0.0042,0.013527350427350428,True,GLOBAL_ALL_CELLS,4522,0.05,Skill_RMSE / squared-error loss difference
36057026_10_49,xgboost_direct,5,lags_only,0.003,0.010184684684684685,True,GLOBAL_ALL_CELLS,4522,0.05,Skill_RMSE / squared-error loss difference
36057026_10_49,xgboost_direct,6,lags_only,0.0,0.0,True,GLOBAL_ALL_CELLS,4522,0.05,Skill_RMSE / squared-error loss difference
36057026_10_49,xgboost_direct,7,lags_only,0.0004,0.0018106106106106107,True,GLOBAL_ALL_CELLS,4522,0.05,Skill_RMSE / squared-error loss difference
37274010_10_49,sarima,1,lags_only,0.3595,0.4519485682513205,False,GLOBAL_ALL_CELLS,4522,0.05,Skill_RMSE / squared-error loss difference
37274010_10_49,sarima,2,lags_only,0.3553,0.4501733333333333,False,GLOBAL_ALL_CELLS,4522,0.05,Skill_RMSE / squared-error loss difference
37274010_10_49,sarima,3,lags_only,0.3339,0.4347526058162971,False,GLOBAL_ALL_CELLS,4522,0.05,Skill_RMSE / squared-error loss difference
37274010_10_49,sarima,4,lags_only,0.2935,0.39570870602265945,False,GLOBAL_ALL_CELLS,4522,0.05,Skill_RMSE / squared-error loss difference
37274010_10_49,sarima,5,lags_only,0.2726,0.3752502891933029,False,GLOBAL_ALL_CELLS,4522,0.05,Skill_RMSE / squared-error loss difference
37274010_10_49,sarima,6,lags_only,0.2781,0.38015967351874247,False,GLOBAL_ALL_CELLS,4522,0.05,Skill_RMSE / squared-error loss difference
37274010_10_49,sarima,7,lags_only,0.2692,0.37204229828850854,False,GLOBAL_ALL_CELLS,4522,0.05,Skill_RMSE / squared-error loss difference
37274010_10_49,xgboost_direct,1,lags_only,0.3865,0.4766165803108809,False,GLOBAL_ALL_CELLS,4522,0.05,Skill_RMSE / squared-error loss difference
37274010_10_49,xgboost_direct,2,lags_only,0.3051,0.40806335403726707,False,GLOBAL_ALL_CELLS,4522,0.05,Skill_RMSE / squared-error loss difference
37274010_10_49,xgboost_direct,3,lags_only,0.2608,0.36354426633785447,False,GLOBAL_ALL_CELLS,4522,0.05,Skill_RMSE / squared-error loss difference
37274010_10_49,xgboost_direct,4,lags_only,0.2961,0.39850125,False,GLOBAL_ALL_CELLS,4522,0.05,Skill_RMSE / squared-error loss difference
37274010_10_49,xgboost_direct,5,lags_only,0.242,0.34369472361809045,False,GLOBAL_ALL_CELLS,4522,0.05,Skill_RMSE / squared-error loss difference
37274010_10_49,xgboost_direct,6,lags_only,0.0946,0.1667113016367888,False,GLOBAL_ALL_CELLS,4522,0.05,Skill_RMSE / squared-error loss difference
37274010_10_49,xgboost_direct,7,lags_only,0.0928,0.16424328767123286,False,GLOBAL_ALL_CELLS,4522,0.05,Skill_RMSE / squared-error loss difference
37274011_10_49,sarima,1,lags_only,0.3663,0.4563109090909091,False,GLOBAL_ALL_CELLS,4522,0.05,Skill_RMSE / squared-error loss difference
37274011_10_49,sarima,2,lags_only,0.3705,0.460654660434424,False,GLOBAL_ALL_CELLS,4522,0.05,Skill_RMSE / squared-error loss difference
37274011_10_49,sarima,3,lags_only,0.3589,0.45144528511821974,False,GLOBAL_ALL_CELLS,4522,0.05,Skill_RMSE / squared-error loss difference
37274011_10_49,sarima,4,lags_only,0.3562,0.45055793296089386,False,GLOBAL_ALL_CELLS,4522,0.05,Skill_RMSE / squared-error loss difference
37274011_10_49,sarima,5,lags_only,0.346,0.4452509960159362,False,GLOBAL_ALL_CELLS,4522,0.05,Skill_RMSE / squared-error loss difference
37274011_10_49,sarima,6,lags_only,0.3416,0.4417258221332571,False,GLOBAL_ALL_CELLS,4522,0.05,Skill_RMSE / squared-error loss difference
37274011_10_49,sarima,7,lags_only,0.3346,0.4355386298215314,False,GLOBAL_ALL_CELLS,4522,0.05,Skill_RMSE / squared-error loss difference
37274011_10_49,xgboost_direct,1,lags_only,0.5142,0.6077397804495557,False,GLOBAL_ALL_CELLS,4522,0.05,Skill_RMSE / squared-error loss difference
37274011_10_49,xgboost_direct,2,lags_only,0.357,0.4506850921273031,False,GLOBAL_ALL_CELLS,4522,0.05,Skill_RMSE / squared-error loss difference
37274011_10_49,xgboost_direct,3,lags_only,0.6323,0.7249646551724138,False,GLOBAL_ALL_CELLS,4522,0.05,Skill_RMSE / squared-error loss difference
37274011_10_49,xgboost_direct,4,lags_only,0.4116,0.5014157327586207,False,GLOBAL_ALL_CELLS,4522,0.05,Skill_RMSE / squared-error loss difference
37274011_10_49,xgboost_direct,5,lags_only,0.4261,0.5164363977485928,False,GLOBAL_ALL_CELLS,4522,0.05,Skill_RMSE / squared-error loss difference
37274011_10_49,xgboost_direct,6,lags_only,0.3783,0.46842075575027387,False,GLOBAL_ALL_CELLS,4522,0.05,Skill_RMSE / squared-error loss difference
37274011_10_49,xgboost_direct,7,lags_only,0.0651,0.12384610854017669,False,GLOBAL_ALL_CELLS,4522,0.05,Skill_RMSE / squared-error loss difference
38004001_10_49,sarima,1,lags_only,0.0557,0.10932092013888889,False,GLOBAL_ALL_CELLS,4522,0.05,Skill_RMSE / squared-error loss difference
38004001_10_49,sarima,2,lags_only,0.0137,0.036081188118811884,True,GLOBAL_ALL_CELLS,4522,0.05,Skill_RMSE / squared-error loss difference
38004001_10_49,sarima,3,lags_only,0.0179,0.044597134986225896,True,GLOBAL_ALL_CELLS,4522,0.05,Skill_RMSE / squared-error loss difference
38004001_10_49,sarima,4,lags_only,0.0432,0.0896102752293578,False,GLOBAL_ALL_CELLS,4522,0.05,Skill_RMSE / squared-error loss difference
38004001_10_49,sarima,5,lags_only,0.0997,0.1728031429666539,False,GLOBAL_ALL_CELLS,4522,0.05,Skill_RMSE / squared-error loss difference
38004001_10_49,sarima,6,lags_only,0.1038,0.17793161485974224,False,GLOBAL_ALL_CELLS,4522,0.05,Skill_RMSE / squared-error loss difference
38004001_10_49,sarima,7,lags_only,0.0985,0.17131423076923077,False,GLOBAL_ALL_CELLS,4522,0.05,Skill_RMSE / squared-error loss difference
38004001_10_49,xgboost_direct,1,lags_only,1.0,1.0,False,GLOBAL_ALL_CELLS,4522,0.05,Skill_RMSE / squared-error loss difference
38004001_10_49,xgboost_direct,2,lags_only,0.3233,0.42474218477629283,False,GLOBAL_ALL_CELLS,4522,0.05,Skill_RMSE / squared-error loss difference
38004001_10_49,xgboost_direct,3,lags_only,0.0023,0.008163736263736263,True,GLOBAL_ALL_CELLS,4522,0.05,Skill_RMSE / squared-error loss difference
38004001_10_49,xgboost_direct,4,lags_only,0.0058,0.01775734597156398,True,GLOBAL_ALL_CELLS,4522,0.05,Skill_RMSE / squared-error loss difference
38004001_10_49,xgboost_direct,5,lags_only,0.7913,0.8817788565795959,False,GLOBAL_ALL_CELLS,4522,0.05,Skill_RMSE / squared-error loss difference
38004001_10_49,xgboost_direct,6,lags_only,0.6382,0.7307323037974683,False,GLOBAL_ALL_CELLS,4522,0.05,Skill_RMSE / squared-error loss difference
38004001_10_49,xgboost_direct,7,lags_only,0.4764,0.5681120253164557,False,GLOBAL_ALL_CELLS,4522,0.05,Skill_RMSE / squared-error loss difference
38005001_10_46,sarima,1,lags_only,0.182,0.2774794335805799,False,GLOBAL_ALL_CELLS,4522,0.05,Skill_RMSE / squared-error loss difference
38005001_10_46,sarima,2,lags_only,0.1627,0.2548421891236578,False,GLOBAL_ALL_CELLS,4522,0.05,Skill_RMSE / squared-error loss difference
38005001_10_46,sarima,3,lags_only,0.1956,0.2938548837209302,False,GLOBAL_ALL_CELLS,4522,0.05,Skill_RMSE / squared-error loss difference
38005001_10_46,sarima,4,lags_only,0.2362,0.33725809914745813,False,GLOBAL_ALL_CELLS,4522,0.05,Skill_RMSE / squared-error loss difference
38005001_10_46,sarima,5,lags_only,0.2531,0.3559124650295306,False,GLOBAL_ALL_CELLS,4522,0.05,Skill_RMSE / squared-error loss difference
38005001_10_46,sarima,6,lags_only,0.2166,0.3164669466882068,False,GLOBAL_ALL_CELLS,4522,0.05,Skill_RMSE / squared-error loss difference
38005001_10_46,sarima,7,lags_only,0.182,0.2774794335805799,False,GLOBAL_ALL_CELLS,4522,0.05,Skill_RMSE / squared-error loss difference
38005001_10_46,xgboost_direct,1,lags_only,1.0,1.0,False,GLOBAL_ALL_CELLS,4522,0.05,Skill_RMSE / squared-error loss difference
38005001_10_46,xgboost_direct,2,lags_only,0.981,1.0,False,GLOBAL_ALL_CELLS,4522,0.05,Skill_RMSE / squared-error loss difference
38005001_10_46,xgboost_direct,3,lags_only,0.9661,1.0,False,GLOBAL_ALL_CELLS,4522,0.05,Skill_RMSE / squared-error loss difference
38005001_10_46,xgboost_direct,4,lags_only,0.464,0.5549346733668342,False,GLOBAL_ALL_CELLS,4522,0.05,Skill_RMSE / squared-error loss difference
38005001_10_46,xgboost_direct,5,lags_only,0.1064,0.18156256603773582,False,GLOBAL_ALL_CELLS,4522,0.05,Skill_RMSE / squared-error loss difference
38005001_10_46,xgboost_direct,6,lags_only,0.4233,0.5138691543624161,False,GLOBAL_ALL_CELLS,4522,0.05,Skill_RMSE / squared-error loss difference
38005001_10_46,xgboost_direct,7,lags_only,0.439,0.5300822429906542,False,GLOBAL_ALL_CELLS,4522,0.05,Skill_RMSE / squared-error loss difference
38006001_10_46,sarima,1,lags_only,0.5085,0.6019468586387434,False,GLOBAL_ALL_CELLS,4522,0.05,Skill_RMSE / squared-error loss difference
38006001_10_46,sarima,2,lags_only,0.4133,0.5029447255113025,False,GLOBAL_ALL_CELLS,4522,0.05,Skill_RMSE / squared-error loss difference
38006001_10_46,sarima,3,lags_only,0.2556,0.35883986339646073,False,GLOBAL_ALL_CELLS,4522,0.05,Skill_RMSE / squared-error loss difference
38006001_10_46,sarima,4,lags_only,0.3023,0.4051572614107884,False,GLOBAL_ALL_CELLS,4522,0.05,Skill_RMSE / squared-error loss difference
38006001_10_46,sarima,5,lags_only,0.2911,0.393646590909091,False,GLOBAL_ALL_CELLS,4522,0.05,Skill_RMSE / squared-error loss difference
38006001_10_46,sarima,6,lags_only,0.2751,0.37754239757207897,False,GLOBAL_ALL_CELLS,4522,0.05,Skill_RMSE / squared-error loss difference
38006001_10_46,sarima,7,lags_only,0.2579,0.36072496133622023,False,GLOBAL_ALL_CELLS,4522,0.05,Skill_RMSE / squared-error loss difference
38006001_10_46,xgboost_direct,1,lags_only,1.0,1.0,False,GLOBAL_ALL_CELLS,4522,0.05,Skill_RMSE / squared-error loss difference
38006001_10_46,xgboost_direct,2,lags_only,0.9051,0.9848080365736285,False,GLOBAL_ALL_CELLS,4522,0.05,Skill_RMSE / squared-error loss difference
38006001_10_46,xgboost_direct,3,lags_only,0.9316,1.0,False,GLOBAL_ALL_CELLS,4522,0.05,Skill_RMSE / squared-error loss difference
38006001_10_46,xgboost_direct,4,lags_only,0.9573,1.0,False,GLOBAL_ALL_CELLS,4522,0.05,Skill_RMSE / squared-error loss difference
38006001_10_46,xgboost_direct,5,lags_only,0.7013,0.7932162581290646,False,GLOBAL_ALL_CELLS,4522,0.05,Skill_RMSE / squared-error loss difference
38006001_10_46,xgboost_direct,6,lags_only,0.3132,0.41472632503660317,False,GLOBAL_ALL_CELLS,4522,0.05,Skill_RMSE / squared-error loss difference
38006001_10_46,xgboost_direct,7,lags_only,0.6194,0.7125227168659374,False,GLOBAL_ALL_CELLS,4522,0.05,Skill_RMSE / squared-error loss difference
38006002_10_46,sarima,1,lags_only,0.2916,0.3939692859276965,False,GLOBAL_ALL_CELLS,4522,0.05,Skill_RMSE / squared-error loss difference
38006002_10_46,sarima,2,lags_only,0.0338,0.07434027237354085,False,GLOBAL_ALL_CELLS,4522,0.05,Skill_RMSE / squared-error loss difference
38006002_10_46,sarima,3,lags_only,0.0551,0.10828431116905694,False,GLOBAL_ALL_CELLS,4522,0.05,Skill_RMSE / squared-error loss difference
38006002_10_46,sarima,4,lags_only,0.0331,0.07355194103194101,False,GLOBAL_ALL_CELLS,4522,0.05,Skill_RMSE / squared-error loss difference
38006002_10_46,sarima,5,lags_only,0.0547,0.10759173553719008,False,GLOBAL_ALL_CELLS,4522,0.05,Skill_RMSE / squared-error loss difference
38006002_10_46,sarima,6,lags_only,0.0592,0.11474599228461209,False,GLOBAL_ALL_CELLS,4522,0.05,Skill_RMSE / squared-error loss difference
38006002_10_46,sarima,7,lags_only,0.0448,0.0921262391996362,False,GLOBAL_ALL_CELLS,4522,0.05,Skill_RMSE / squared-error loss difference
38006002_10_46,xgboost_direct,1,lags_only,0.9942,1.0,False,GLOBAL_ALL_CELLS,4522,0.05,Skill_RMSE / squared-error loss difference
38006002_10_46,xgboost_direct,2,lags_only,0.9124,0.9917963461538462,False,GLOBAL_ALL_CELLS,4522,0.05,Skill_RMSE / squared-error loss difference
38006002_10_46,xgboost_direct,3,lags_only,0.4595,0.5502804555084746,False,GLOBAL_ALL_CELLS,4522,0.05,Skill_RMSE / squared-error loss difference
38006002_10_46,xgboost_direct,4,lags_only,0.1132,0.19071922503725783,False,GLOBAL_ALL_CELLS,4522,0.05,Skill_RMSE / squared-error loss difference
38006002_10_46,xgboost_direct,5,lags_only,0.3082,0.41026800117750956,False,GLOBAL_ALL_CELLS,4522,0.05,Skill_RMSE / squared-error loss difference
38006002_10_46,xgboost_direct,6,lags_only,0.8873,0.9705782776971456,False,GLOBAL_ALL_CELLS,4522,0.05,Skill_RMSE / squared-error loss difference
38006002_10_46,xgboost_direct,7,lags_only,0.2243,0.3247789305155299,False,GLOBAL_ALL_CELLS,4522,0.05,Skill_RMSE / squared-error loss difference
38006003_10_46,sarima,1,lags_only,0.1095,0.1858704954954955,False,GLOBAL_ALL_CELLS,4522,0.05,Skill_RMSE / squared-error loss difference
38006003_10_46,sarima,2,lags_only,0.0286,0.06538382204246715,False,GLOBAL_ALL_CELLS,4522,0.05,Skill_RMSE / squared-error loss difference
38006003_10_46,sarima,3,lags_only,0.02,0.048939393939393935,True,GLOBAL_ALL_CELLS,4522,0.05,Skill_RMSE / squared-error loss difference
38006003_10_46,sarima,4,lags_only,0.0252,0.05870911901081917,False,GLOBAL_ALL_CELLS,4522,0.05,Skill_RMSE / squared-error loss difference
38006003_10_46,sarima,5,lags_only,0.0301,0.06832941767068273,False,GLOBAL_ALL_CELLS,4522,0.05,Skill_RMSE / squared-error loss difference
38006003_10_46,sarima,6,lags_only,0.064,0.12226784959864809,False,GLOBAL_ALL_CELLS,4522,0.05,Skill_RMSE / squared-error loss difference
38006003_10_46,sarima,7,lags_only,0.145,0.23202052370842177,False,GLOBAL_ALL_CELLS,4522,0.05,Skill_RMSE / squared-error loss difference
38006003_10_46,xgboost_direct,1,lags_only,0.9999,1.0,False,GLOBAL_ALL_CELLS,4522,0.05,Skill_RMSE / squared-error loss difference
38006003_10_46,xgboost_direct,2,lags_only,0.8272,0.9152430633716664,False,GLOBAL_ALL_CELLS,4522,0.05,Skill_RMSE / squared-error loss difference
38006003_10_46,xgboost_direct,3,lags_only,0.6138,0.7066200610997964,False,GLOBAL_ALL_CELLS,4522,0.05,Skill_RMSE / squared-error loss difference
38006003_10_46,xgboost_direct,4,lags_only,0.2795,0.3816120169082126,False,GLOBAL_ALL_CELLS,4522,0.05,Skill_RMSE / squared-error loss difference
38006003_10_46,xgboost_direct,5,lags_only,0.4271,0.5175096998928188,False,GLOBAL_ALL_CELLS,4522,0.05,Skill_RMSE / squared-error loss difference
38006003_10_46,xgboost_direct,6,lags_only,0.1706,0.2637446837606838,False,GLOBAL_ALL_CELLS,4522,0.05,Skill_RMSE / squared-error loss difference
38006003_10_46,xgboost_direct,7,lags_only,0.1086,0.1847589164785553,False,GLOBAL_ALL_CELLS,4522,0.05,Skill_RMSE / squared-error loss difference
38008001_10_49,sarima,1,lags_only,0.762,0.8520682492581603,False,GLOBAL_ALL_CELLS,4522,0.05,Skill_RMSE / squared-error loss difference
38008001_10_49,sarima,2,lags_only,0.2245,0.3249644686299616,False,GLOBAL_ALL_CELLS,4522,0.05,Skill_RMSE / squared-error loss difference
38008001_10_49,sarima,3,lags_only,0.1484,0.23629042253521126,False,GLOBAL_ALL_CELLS,4522,0.05,Skill_RMSE / squared-error loss difference
38008001_10_49,sarima,4,lags_only,0.1697,0.26298265935572307,False,GLOBAL_ALL_CELLS,4522,0.05,Skill_RMSE / squared-error loss difference
38008001_10_49,sarima,5,lags_only,0.1332,0.21729090909090912,False,GLOBAL_ALL_CELLS,4522,0.05,Skill_RMSE / squared-error loss difference
38008001_10_49,sarima,6,lags_only,0.111,0.1879932584269663,False,GLOBAL_ALL_CELLS,4522,0.05,Skill_RMSE / squared-error loss difference
38008001_10_49,sarima,7,lags_only,0.1008,0.1741487786259542,False,GLOBAL_ALL_CELLS,4522,0.05,Skill_RMSE / squared-error loss difference
38008001_10_49,xgboost_direct,1,lags_only,1.0,1.0,False,GLOBAL_ALL_CELLS,4522,0.05,Skill_RMSE / squared-error loss difference
38008001_10_49,xgboost_direct,2,lags_only,0.9718,1.0,False,GLOBAL_ALL_CELLS,4522,0.05,Skill_RMSE / squared-error loss difference
38008001_10_49,xgboost_direct,3,lags_only,0.7959,0.8864679310344828,False,GLOBAL_ALL_CELLS,4522,0.05,Skill_RMSE / squared-error loss difference
38008001_10_49,xgboost_direct,4,lags_only,0.5784,0.6709914828116983,False,GLOBAL_ALL_CELLS,4522,0.05,Skill_RMSE / squared-error loss difference
38008001_10_49,xgboost_direct,5,lags_only,0.1394,0.225131,False,GLOBAL_ALL_CELLS,4522,0.05,Skill_RMSE / squared-error loss difference
38008001_10_49,xgboost_direct,6,lags_only,0.0752,0.1389111111111111,False,GLOBAL_ALL_CELLS,4522,0.05,Skill_RMSE / squared-error loss difference
38008001_10_49,xgboost_direct,7,lags_only,0.0747,0.13832653562653563,False,GLOBAL_ALL_CELLS,4522,0.05,Skill_RMSE / squared-error loss difference
38011004_10_49,sarima,1,lags_only,0.3369,0.4377763793103448,False,GLOBAL_ALL_CELLS,4522,0.05,Skill_RMSE / squared-error loss difference
38011004_10_49,sarima,2,lags_only,0.1994,0.2978813346547737,False,GLOBAL_ALL_CELLS,4522,0.05,Skill_RMSE / squared-error loss difference
38011004_10_49,sarima,3,lags_only,0.1587,0.2497881656804734,False,GLOBAL_ALL_CELLS,4522,0.05,Skill_RMSE / squared-error loss difference
38011004_10_49,sarima,4,lags_only,0.1512,0.239904,False,GLOBAL_ALL_CELLS,4522,0.05,Skill_RMSE / squared-error loss difference
38011004_10_49,sarima,5,lags_only,0.1552,0.2456473223661183,False,GLOBAL_ALL_CELLS,4522,0.05,Skill_RMSE / squared-error loss difference
38011004_10_49,sarima,6,lags_only,0.1718,0.26487541766109785,False,GLOBAL_ALL_CELLS,4522,0.05,Skill_RMSE / squared-error loss difference
38011004_10_49,sarima,7,lags_only,0.1774,0.27202536453034926,False,GLOBAL_ALL_CELLS,4522,0.05,Skill_RMSE / squared-error loss difference
38011004_10_49,xgboost_direct,1,lags_only,1.0,1.0,False,GLOBAL_ALL_CELLS,4522,0.05,Skill_RMSE / squared-error loss difference
38011004_10_49,xgboost_direct,2,lags_only,0.9543,1.0,False,GLOBAL_ALL_CELLS,4522,0.05,Skill_RMSE / squared-error loss difference
38011004_10_49,xgboost_direct,3,lags_only,0.9453,1.0,False,GLOBAL_ALL_CELLS,4522,0.05,Skill_RMSE / squared-error loss difference
38011004_10_49,xgboost_direct,4,lags_only,0.838,0.9238020477815699,False,GLOBAL_ALL_CELLS,4522,0.05,Skill_RMSE / squared-error loss difference
38011004_10_49,xgboost_direct,5,lags_only,0.6495,0.7403677842198134,False,GLOBAL_ALL_CELLS,4522,0.05,Skill_RMSE / squared-error loss difference
38011004_10_49,xgboost_direct,6,lags_only,0.7781,0.868567810417181,False,GLOBAL_ALL_CELLS,4522,0.05,Skill_RMSE / squared-error loss difference
38011004_10_49,xgboost_direct,7,lags_only,0.9231,1.0,False,GLOBAL_ALL_CELLS,4522,0.05,Skill_RMSE / squared-error loss difference
38011005_10_49,sarima,1,lags_only,0.3768,0.46669120788824986,False,GLOBAL_ALL_CELLS,4522,0.05,Skill_RMSE / squared-error loss difference
38011005_10_49,sarima,2,lags_only,0.0194,0.0478075204359673,True,GLOBAL_ALL_CELLS,4522,0.05,Skill_RMSE / squared-error loss difference
38011005_10_49,sarima,3,lags_only,0.0239,0.05640699373695198,False,GLOBAL_ALL_CELLS,4522,0.05,Skill_RMSE / squared-error loss difference
38011005_10_49,sarima,4,lags_only,0.0323,0.0722357072205737,False,GLOBAL_ALL_CELLS,4522,0.05,Skill_RMSE / squared-error loss difference
38011005_10_49,sarima,5,lags_only,0.0471,0.09555235531628534,False,GLOBAL_ALL_CELLS,4522,0.05,Skill_RMSE / squared-error loss difference
38011005_10_49,sarima,6,lags_only,0.0469,0.09536052158273381,False,GLOBAL_ALL_CELLS,4522,0.05,Skill_RMSE / squared-error loss difference
38011005_10_49,sarima,7,lags_only,0.0338,0.07434027237354085,False,GLOBAL_ALL_CELLS,4522,0.05,Skill_RMSE / squared-error loss difference
38011005_10_49,xgboost_direct,1,lags_only,0.999,1.0,False,GLOBAL_ALL_CELLS,4522,0.05,Skill_RMSE / squared-error loss difference
38011005_10_49,xgboost_direct,2,lags_only,0.9811,1.0,False,GLOBAL_ALL_CELLS,4522,0.05,Skill_RMSE / squared-error loss difference
38011005_10_49,xgboost_direct,3,lags_only,0.983,1.0,False,GLOBAL_ALL_CELLS,4522,0.05,Skill_RMSE / squared-error loss difference
38011005_10_49,xgboost_direct,4,lags_only,0.6073,0.6996714904458599,False,GLOBAL_ALL_CELLS,4522,0.05,Skill_RMSE / squared-error loss difference
38011005_10_49,xgboost_direct,5,lags_only,0.4799,0.5713817272248551,False,GLOBAL_ALL_CELLS,4522,0.05,Skill_RMSE / squared-error loss difference
38011005_10_49,xgboost_direct,6,lags_only,0.523,0.6168508085550339,False,GLOBAL_ALL_CELLS,4522,0.05,Skill_RMSE / squared-error loss difference
38011005_10_49,xgboost_direct,7,lags_only,0.6421,0.7334115180601162,False,GLOBAL_ALL_CELLS,4522,0.05,Skill_RMSE / squared-error loss difference
38011006_10_A,sarima,1,lags_only,0.4791,0.5705794574664209,False,GLOBAL_ALL_CELLS,4522,0.05,Skill_RMSE / squared-error loss difference
38011006_10_A,sarima,2,lags_only,0.037,0.07933333333333333,False,GLOBAL_ALL_CELLS,4522,0.05,Skill_RMSE / squared-error loss difference
38011006_10_A,sarima,3,lags_only,0.0163,0.04150259009009009,True,GLOBAL_ALL_CELLS,4522,0.05,Skill_RMSE / squared-error loss difference
38011006_10_A,sarima,4,lags_only,0.0173,0.043485603112840464,True,GLOBAL_ALL_CELLS,4522,0.05,Skill_RMSE / squared-error loss difference
38011006_10_A,sarima,5,lags_only,0.0313,0.07073393303348326,False,GLOBAL_ALL_CELLS,4522,0.05,Skill_RMSE / squared-error loss difference
38011006_10_A,sarima,6,lags_only,0.0346,0.07547573564881814,False,GLOBAL_ALL_CELLS,4522,0.05,Skill_RMSE / squared-error loss difference
38011006_10_A,sarima,7,lags_only,0.0333,0.07385120156939677,False,GLOBAL_ALL_CELLS,4522,0.05,Skill_RMSE / squared-error loss difference
38011006_10_A,xgboost_direct,1,lags_only,1.0,1.0,False,GLOBAL_ALL_CELLS,4522,0.05,Skill_RMSE / squared-error loss difference
38011006_10_A,xgboost_direct,2,lags_only,0.9834,1.0,False,GLOBAL_ALL_CELLS,4522,0.05,Skill_RMSE / squared-error loss difference
38011006_10_A,xgboost_direct,3,lags_only,0.8082,0.8979558722358723,False,GLOBAL_ALL_CELLS,4522,0.05,Skill_RMSE / squared-error loss difference
38011006_10_A,xgboost_direct,4,lags_only,0.7403,0.8306790570719602,False,GLOBAL_ALL_CELLS,4522,0.05,Skill_RMSE / squared-error loss difference
38011006_10_A,xgboost_direct,5,lags_only,0.6338,0.7263161682716675,False,GLOBAL_ALL_CELLS,4522,0.05,Skill_RMSE / squared-error loss difference
38011006_10_A,xgboost_direct,6,lags_only,0.6742,0.7652440763052208,False,GLOBAL_ALL_CELLS,4522,0.05,Skill_RMSE / squared-error loss difference
38011006_10_A,xgboost_direct,7,lags_only,0.3884,0.4786985009539384,False,GLOBAL_ALL_CELLS,4522,0.05,Skill_RMSE / squared-error loss difference
38011007_10_49,sarima,1,lags_only,0.5612,0.6543956678700361,False,GLOBAL_ALL_CELLS,4522,0.05,Skill_RMSE / squared-error loss difference
38011007_10_49,sarima,2,lags_only,0.0566,0.11075084379056685,False,GLOBAL_ALL_CELLS,4522,0.05,Skill_RMSE / squared-error loss difference
38011007_10_49,sarima,3,lags_only,0.0654,0.1243645079899075,False,GLOBAL_ALL_CELLS,4522,0.05,Skill_RMSE / squared-error loss difference
38011007_10_49,sarima,4,lags_only,0.1058,0.1807433320740461,False,GLOBAL_ALL_CELLS,4522,0.05,Skill_RMSE / squared-error loss difference
38011007_10_49,sarima,5,lags_only,0.1092,0.18557023675310036,False,GLOBAL_ALL_CELLS,4522,0.05,Skill_RMSE / squared-error loss difference
38011007_10_49,sarima,6,lags_only,0.1045,0.17892805755395683,False,GLOBAL_ALL_CELLS,4522,0.05,Skill_RMSE / squared-error loss difference
38011007_10_49,sarima,7,lags_only,0.114,0.1914962852897474,False,GLOBAL_ALL_CELLS,4522,0.05,Skill_RMSE / squared-error loss difference
38011007_10_49,xgboost_direct,1,lags_only,1.0,1.0,False,GLOBAL_ALL_CELLS,4522,0.05,Skill_RMSE / squared-error loss difference
38011007_10_49,xgboost_direct,2,lags_only,0.9791,1.0,False,GLOBAL_ALL_CELLS,4522,0.05,Skill_RMSE / squared-error loss difference
38011007_10_49,xgboost_direct,3,lags_only,0.4567,0.5477977188328913,False,GLOBAL_ALL_CELLS,4522,0.05,Skill_RMSE / squared-error loss difference
38011007_10_49,xgboost_direct,4,lags_only,0.0247,0.05784225789746245,False,GLOBAL_ALL_CELLS,4522,0.05,Skill_RMSE / squared-error loss difference
38011007_10_49,xgboost_direct,5,lags_only,0.0063,0.01897974683544304,True,GLOBAL_ALL_CELLS,4522,0.05,Skill_RMSE / squared-error loss difference
38011007_10_49,xgboost_direct,6,lags_only,0.1023,0.17582690992018243,False,GLOBAL_ALL_CELLS,4522,0.05,Skill_RMSE / squared-error loss difference
38011007_10_49,xgboost_direct,7,lags_only,0.0788,0.1443230457675172,False,GLOBAL_ALL_CELLS,4522,0.05,Skill_RMSE / squared-error loss difference
38017001_10_46,sarima,1,lags_only,0.5925,0.6847137745974956,False,GLOBAL_ALL_CELLS,4522,0.05,Skill_RMSE / squared-error loss difference
38017001_10_46,sarima,2,lags_only,0.1267,0.20879642857142858,False,GLOBAL_ALL_CELLS,4522,0.05,Skill_RMSE / squared-error loss difference
38017001_10_46,sarima,3,lags_only,0.0893,0.15922284363922803,False,GLOBAL_ALL_CELLS,4522,0.05,Skill_RMSE / squared-error loss difference
38017001_10_46,sarima,4,lags_only,0.0982,0.1709239414934565,False,GLOBAL_ALL_CELLS,4522,0.05,Skill_RMSE / squared-error loss difference
38017001_10_46,sarima,5,lags_only,0.1241,0.20556051282051283,False,GLOBAL_ALL_CELLS,4522,0.05,Skill_RMSE / squared-error loss difference
38017001_10_46,sarima,6,lags_only,0.1009,0.1741487786259542,False,GLOBAL_ALL_CELLS,4522,0.05,Skill_RMSE / squared-error loss difference
38017001_10_46,sarima,7,lags_only,0.0778,0.14289666937449227,False,GLOBAL_ALL_CELLS,4522,0.05,Skill_RMSE / squared-error loss difference
38017001_10_46,xgboost_direct,1,lags_only,1.0,1.0,False,GLOBAL_ALL_CELLS,4522,0.05,Skill_RMSE / squared-error loss difference
38017001_10_46,xgboost_direct,2,lags_only,0.9537,1.0,False,GLOBAL_ALL_CELLS,4522,0.05,Skill_RMSE / squared-error loss difference
38017001_10_46,xgboost_direct,3,lags_only,0.8603,0.9447004856726565,False,GLOBAL_ALL_CELLS,4522,0.05,Skill_RMSE / squared-error loss difference
38017001_10_46,xgboost_direct,4,lags_only,0.9546,1.0,False,GLOBAL_ALL_CELLS,4522,0.05,Skill_RMSE / squared-error loss difference
38017001_10_46,xgboost_direct,5,lags_only,0.5434,0.6370417314670813,False,GLOBAL_ALL_CELLS,4522,0.05,Skill_RMSE / squared-error loss difference
38017001_10_46,xgboost_direct,6,lags_only,0.5777,0.6706956097560975,False,GLOBAL_ALL_CELLS,4522,0.05,Skill_RMSE / squared-error loss difference
38017001_10_46,xgboost_direct,7,lags_only,0.1679,0.26090852233676975,False,GLOBAL_ALL_CELLS,4522,0.05,Skill_RMSE / squared-error loss difference
38017002_10_46,sarima,1,lags_only,0.0302,0.06852202709483192,False,GLOBAL_ALL_CELLS,4522,0.05,Skill_RMSE / squared-error loss difference
38017002_10_46,sarima,2,lags_only,0.0171,0.043078662952646236,True,GLOBAL_ALL_CELLS,4522,0.05,Skill_RMSE / squared-error loss difference
38017002_10_46,sarima,3,lags_only,0.0236,0.055844688644688646,False,GLOBAL_ALL_CELLS,4522,0.05,Skill_RMSE / squared-error loss difference
38017002_10_46,sarima,4,lags_only,0.0417,0.0871383548983364,False,GLOBAL_ALL_CELLS,4522,0.05,Skill_RMSE / squared-error loss difference
38017002_10_46,sarima,5,lags_only,0.0536,0.10584244541484716,False,GLOBAL_ALL_CELLS,4522,0.05,Skill_RMSE / squared-error loss difference
38017002_10_46,sarima,6,lags_only,0.0592,0.11474599228461209,False,GLOBAL_ALL_CELLS,4522,0.05,Skill_RMSE / squared-error loss difference
38017002_10_46,sarima,7,lags_only,0.0607,0.11705134328358208,False,GLOBAL_ALL_CELLS,4522,0.05,Skill_RMSE / squared-error loss difference
38017002_10_46,xgboost_direct,1,lags_only,1.0,1.0,False,GLOBAL_ALL_CELLS,4522,0.05,Skill_RMSE / squared-error loss difference
38017002_10_46,xgboost_direct,2,lags_only,0.9353,1.0,False,GLOBAL_ALL_CELLS,4522,0.05,Skill_RMSE / squared-error loss difference
38017002_10_46,xgboost_direct,3,lags_only,0.56,0.6533333333333333,False,GLOBAL_ALL_CELLS,4522,0.05,Skill_RMSE / squared-error loss difference
38017002_10_46,xgboost_direct,4,lags_only,0.5925,0.6847137745974956,False,GLOBAL_ALL_CELLS,4522,0.05,Skill_RMSE / squared-error loss difference
38017002_10_46,xgboost_direct,5,lags_only,0.2824,0.38464240963855423,False,GLOBAL_ALL_CELLS,4522,0.05,Skill_RMSE / squared-error loss difference
38017002_10_46,xgboost_direct,6,lags_only,0.505,0.5981168150864328,False,GLOBAL_ALL_CELLS,4522,0.05,Skill_RMSE / squared-error loss difference
38017002_10_46,xgboost_direct,7,lags_only,0.225,0.3250638977635783,False,GLOBAL_ALL_CELLS,4522,0.05,Skill_RMSE / squared-error loss difference
38017003_10_46,sarima,1,lags_only,0.1555,0.24603603918824354,False,GLOBAL_ALL_CELLS,4522,0.05,Skill_RMSE / squared-error loss difference
38017003_10_46,sarima,2,lags_only,0.022,0.052664902064584435,False,GLOBAL_ALL_CELLS,4522,0.05,Skill_RMSE / squared-error loss difference
38017003_10_46,sarima,3,lags_only,0.02,0.048939393939393935,True,GLOBAL_ALL_CELLS,4522,0.05,Skill_RMSE / squared-error loss difference
38017003_10_46,sarima,4,lags_only,0.0264,0.061095598771750255,False,GLOBAL_ALL_CELLS,4522,0.05,Skill_RMSE / squared-error loss difference
38017003_10_46,sarima,5,lags_only,0.0343,0.0750385099177552,False,GLOBAL_ALL_CELLS,4522,0.05,Skill_RMSE / squared-error loss difference
38017003_10_46,sarima,6,lags_only,0.0304,0.06887214428857714,False,GLOBAL_ALL_CELLS,4522,0.05,Skill_RMSE / squared-error loss difference
38017003_10_46,sarima,7,lags_only,0.0287,0.06557928246589186,False,GLOBAL_ALL_CELLS,4522,0.05,Skill_RMSE / squared-error loss difference
38017003_10_46,xgboost_direct,1,lags_only,0.995,1.0,False,GLOBAL_ALL_CELLS,4522,0.05,Skill_RMSE / squared-error loss difference
38017003_10_46,xgboost_direct,2,lags_only,0.4745,0.5659955156950672,False,GLOBAL_ALL_CELLS,4522,0.05,Skill_RMSE / squared-error loss difference
38017003_10_46,xgboost_direct,3,lags_only,0.2498,0.35277813866333535,False,GLOBAL_ALL_CELLS,4522,0.05,Skill_RMSE / squared-error loss difference
38017003_10_46,xgboost_direct,4,lags_only,0.4319,0.5229054350736279,False,GLOBAL_ALL_CELLS,4522,0.05,Skill_RMSE / squared-error loss difference
38017003_10_46,xgboost_direct,5,lags_only,0.3855,0.47588314238952534,False,GLOBAL_ALL_CELLS,4522,0.05,Skill_RMSE / squared-error loss difference
38017003_10_46,xgboost_direct,6,lags_only,0.2883,0.39126428571428573,False,GLOBAL_ALL_CELLS,4522,0.05,Skill_RMSE / squared-error loss difference
38017003_10_46,xgboost_direct,7,lags_only,0.9051,0.9848080365736285,False,GLOBAL_ALL_CELLS,4522,0.05,Skill_RMSE / squared-error loss difference
38033001_10_49,sarima,1,lags_only,0.3951,0.4853687041564792,False,GLOBAL_ALL_CELLS,4522,0.05,Skill_RMSE / squared-error loss difference
38033001_10_49,sarima,2,lags_only,0.0051,0.01597105263157895,True,GLOBAL_ALL_CELLS,4522,0.05,Skill_RMSE / squared-error loss difference
38033001_10_49,sarima,3,lags_only,0.0071,0.020998168737737084,True,GLOBAL_ALL_CELLS,4522,0.05,Skill_RMSE / squared-error loss difference
38033001_10_49,sarima,4,lags_only,0.0685,0.1289042863087807,False,GLOBAL_ALL_CELLS,4522,0.05,Skill_RMSE / squared-error loss difference
38033001_10_49,sarima,5,lags_only,0.0468,0.09524284428442845,False,GLOBAL_ALL_CELLS,4522,0.05,Skill_RMSE / squared-error loss difference
38033001_10_49,sarima,6,lags_only,0.0391,0.08293161350844278,False,GLOBAL_ALL_CELLS,4522,0.05,Skill_RMSE / squared-error loss difference
38033001_10_49,sarima,7,lags_only,0.0396,0.08387409836065574,False,GLOBAL_ALL_CELLS,4522,0.05,Skill_RMSE / squared-error loss difference
38033001_10_49,xgboost_direct,1,lags_only,0.9995,1.0,False,GLOBAL_ALL_CELLS,4522,0.05,Skill_RMSE / squared-error loss difference
38033001_10_49,xgboost_direct,2,lags_only,0.7031,0.795053313328332,False,GLOBAL_ALL_CELLS,4522,0.05,Skill_RMSE / squared-error loss difference
38033001_10_49,xgboost_direct,3,lags_only,0.5573,0.6508550103305785,False,GLOBAL_ALL_CELLS,4522,0.05,Skill_RMSE / squared-error loss difference
38033001_10_49,xgboost_direct,4,lags_only,0.533,0.6266838273530941,False,GLOBAL_ALL_CELLS,4522,0.05,Skill_RMSE / squared-error loss difference
38033001_10_49,xgboost_direct,5,lags_only,0.1006,0.17396298279158698,False,GLOBAL_ALL_CELLS,4522,0.05,Skill_RMSE / squared-error loss difference
38033001_10_49,xgboost_direct,6,lags_only,0.0568,0.11104608733246867,False,GLOBAL_ALL_CELLS,4522,0.05,Skill_RMSE / squared-error loss difference
38033001_10_49,xgboost_direct,7,lags_only,0.0377,0.08052876712328767,False,GLOBAL_ALL_CELLS,4522,0.05,Skill_RMSE / squared-error loss difference
38036001_10_49,sarima,1,lags_only,0.2714,0.37416792682926825,False,GLOBAL_ALL_CELLS,4522,0.05,Skill_RMSE / squared-error loss difference
38036001_10_49,sarima,2,lags_only,0.0779,0.14302224928948437,False,GLOBAL_ALL_CELLS,4522,0.05,Skill_RMSE / squared-error loss difference
38036001_10_49,sarima,3,lags_only,0.0601,0.11614196581196581,False,GLOBAL_ALL_CELLS,4522,0.05,Skill_RMSE / squared-error loss difference
38036001_10_49,sarima,4,lags_only,0.0335,0.07407677261613693,False,GLOBAL_ALL_CELLS,4522,0.05,Skill_RMSE / squared-error loss difference
38036001_10_49,sarima,5,lags_only,0.015,0.03880434782608696,True,GLOBAL_ALL_CELLS,4522,0.05,Skill_RMSE / squared-error loss difference
38036001_10_49,sarima,6,lags_only,0.0155,0.03980181714934696,True,GLOBAL_ALL_CELLS,4522,0.05,Skill_RMSE / squared-error loss difference
38036001_10_49,sarima,7,lags_only,0.0126,0.03373428063943162,True,GLOBAL_ALL_CELLS,4522,0.05,Skill_RMSE / squared-error loss difference
38036001_10_49,xgboost_direct,1,lags_only,0.9996,1.0,False,GLOBAL_ALL_CELLS,4522,0.05,Skill_RMSE / squared-error loss difference
38036001_10_49,xgboost_direct,2,lags_only,0.8849,0.9681872247761917,False,GLOBAL_ALL_CELLS,4522,0.05,Skill_RMSE / squared-error loss difference
38036001_10_49,xgboost_direct,3,lags_only,0.8066,0.8968392426850258,False,GLOBAL_ALL_CELLS,4522,0.05,Skill_RMSE / squared-error loss difference
38036001_10_49,xgboost_direct,4,lags_only,0.2089,0.30800319530485815,False,GLOBAL_ALL_CELLS,4522,0.05,Skill_RMSE / squared-error loss difference
38036001_10_49,xgboost_direct,5,lags_only,0.032,0.07181339950372209,False,GLOBAL_ALL_CELLS,4522,0.05,Skill_RMSE / squared-error loss difference
38036001_10_49,xgboost_direct,6,lags_only,0.0526,0.1042319018404908,False,GLOBAL_ALL_CELLS,4522,0.05,Skill_RMSE / squared-error loss difference
38036001_10_49,xgboost_direct,7,lags_only,0.2532,0.3559124650295306,False,GLOBAL_ALL_CELLS,4522,0.05,Skill_RMSE / squared-error loss difference
38036002_10_49,sarima,1,lags_only,0.2962,0.39851722701576914,False,GLOBAL_ALL_CELLS,4522,0.05,Skill_RMSE / squared-error loss difference
38036002_10_49,sarima,2,lags_only,0.0752,0.1389111111111111,False,GLOBAL_ALL_CELLS,4522,0.05,Skill_RMSE / squared-error loss difference
38036002_10_49,sarima,3,lags_only,0.0244,0.05743716814159293,False,GLOBAL_ALL_CELLS,4522,0.05,Skill_RMSE / squared-error loss difference
38036002_10_49,sarima,4,lags_only,0.0182,0.04524485981308412,True,GLOBAL_ALL_CELLS,4522,0.05,Skill_RMSE / squared-error loss difference
38036002_10_49,sarima,5,lags_only,0.0145,0.037901156069364166,True,GLOBAL_ALL_CELLS,4522,0.05,Skill_RMSE / squared-error loss difference
38036002_10_49,sarima,6,lags_only,0.0103,0.028644895448954488,True,GLOBAL_ALL_CELLS,4522,0.05,Skill_RMSE / squared-error loss difference
38036002_10_49,sarima,7,lags_only,0.0092,0.025985259212991878,True,GLOBAL_ALL_CELLS,4522,0.05,Skill_RMSE / squared-error loss difference
38036002_10_49,xgboost_direct,1,lags_only,1.0,1.0,False,GLOBAL_ALL_CELLS,4522,0.05,Skill_RMSE / squared-error loss difference
38036002_10_49,xgboost_direct,2,lags_only,1.0,1.0,False,GLOBAL_ALL_CELLS,4522,0.05,Skill_RMSE / squared-error loss difference
38036002_10_49,xgboost_direct,3,lags_only,0.9129,0.9918629985583856,False,GLOBAL_ALL_CELLS,4522,0.05,Skill_RMSE / squared-error loss difference
38036002_10_49,xgboost_direct,4,lags_only,0.9135,0.9921467819404417,False,GLOBAL_ALL_CELLS,4522,0.05,Skill_RMSE / squared-error loss difference
38036002_10_49,xgboost_direct,5,lags_only,0.8076,0.8975097566969772,False,GLOBAL_ALL_CELLS,4522,0.05,Skill_RMSE / squared-error loss difference
38036002_10_49,xgboost_direct,6,lags_only,0.7093,0.8004628400299476,False,GLOBAL_ALL_CELLS,4522,0.05,Skill_RMSE / squared-error loss difference
38036002_10_49,xgboost_direct,7,lags_only,0.5969,0.6892701225740551,False,GLOBAL_ALL_CELLS,4522,0.05,Skill_RMSE / squared-error loss difference
38037001_10_49,sarima,1,lags_only,0.5122,0.6058510070625164,False,GLOBAL_ALL_CELLS,4522,0.05,Skill_RMSE / squared-error loss difference
38037001_10_49,sarima,2,lags_only,0.2468,0.3493050391236307,False,GLOBAL_ALL_CELLS,4522,0.05,Skill_RMSE / squared-error loss difference
38037001_10_49,sarima,3,lags_only,0.2205,0.3206535519125683,False,GLOBAL_ALL_CELLS,4522,0.05,Skill_RMSE / squared-error loss difference
38037001_10_49,sarima,4,lags_only,0.2159,0.3159546278317152,False,GLOBAL_ALL_CELLS,4522,0.05,Skill_RMSE / squared-error loss difference
38037001_10_49,sarima,5,lags_only,0.2438,0.34603377275580666,False,GLOBAL_ALL_CELLS,4522,0.05,Skill_RMSE / squared-error loss difference
38037001_10_49,sarima,6,lags_only,0.2573,0.36036,False,GLOBAL_ALL_CELLS,4522,0.05,Skill_RMSE / squared-error loss difference
38037001_10_49,sarima,7,lags_only,0.2592,0.3616483801295896,False,GLOBAL_ALL_CELLS,4522,0.05,Skill_RMSE / squared-error loss difference
38037001_10_49,xgboost_direct,1,lags_only,1.0,1.0,False,GLOBAL_ALL_CELLS,4522,0.05,Skill_RMSE / squared-error loss difference
38037001_10_49,xgboost_direct,2,lags_only,0.9979,1.0,False,GLOBAL_ALL_CELLS,4522,0.05,Skill_RMSE / squared-error loss difference
38037001_10_49,xgboost_direct,3,lags_only,0.921,0.9985044353871975,False,GLOBAL_ALL_CELLS,4522,0.05,Skill_RMSE / squared-error loss difference
38037001_10_49,xgboost_direct,4,lags_only,0.8889,0.9718582688588009,False,GLOBAL_ALL_CELLS,4522,0.05,Skill_RMSE / squared-error loss difference
38037001_10_49,xgboost_direct,5,lags_only,0.7229,0.8139825199203187,False,GLOBAL_ALL_CELLS,4522,0.05,Skill_RMSE / squared-error loss difference
38037001_10_49,xgboost_direct,6,lags_only,0.6429,0.7341398484848485,False,GLOBAL_ALL_CELLS,4522,0.05,Skill_RMSE / squared-error loss difference
38037001_10_49,xgboost_direct,7,lags_only,0.6185,0.7116684478371502,False,GLOBAL_ALL_CELLS,4522,0.05,Skill_RMSE / squared-error loss difference
38038012_10_46,sarima,1,lags_only,0.0336,0.07415285505124451,False,GLOBAL_ALL_CELLS,4522,0.05,Skill_RMSE / squared-error loss difference
38038012_10_46,sarima,2,lags_only,0.0005,0.0021887705711519847,True,GLOBAL_ALL_CELLS,4522,0.05,Skill_RMSE / squared-error loss difference
38038012_10_46,sarima,3,lags_only,0.0001,0.0005270396270396271,True,GLOBAL_ALL_CELLS,4522,0.05,Skill_RMSE / squared-error loss difference
38038012_10_46,sarima,4,lags_only,0.0004,0.0018106106106106107,True,GLOBAL_ALL_CELLS,4522,0.05,Skill_RMSE / squared-error loss difference
38038012_10_46,sarima,5,lags_only,0.0006,0.002552398871119473,True,GLOBAL_ALL_CELLS,4522,0.05,Skill_RMSE / squared-error loss difference
38038012_10_46,sarima,6,lags_only,0.0008,0.003244484304932736,True,GLOBAL_ALL_CELLS,4522,0.05,Skill_RMSE / squared-error loss difference
38038012_10_46,sarima,7,lags_only,0.0011,0.004273367697594502,True,GLOBAL_ALL_CELLS,4522,0.05,Skill_RMSE / squared-error loss difference
38038012_10_46,xgboost_direct,1,lags_only,0.8312,0.9183206450036648,False,GLOBAL_ALL_CELLS,4522,0.05,Skill_RMSE / squared-error loss difference
38038012_10_46,xgboost_direct,2,lags_only,0.0027,0.00931304347826087,True,GLOBAL_ALL_CELLS,4522,0.05,Skill_RMSE / squared-error loss difference
38038012_10_46,xgboost_direct,3,lags_only,0.0,0.0,True,GLOBAL_ALL_CELLS,4522,0.05,Skill_RMSE / squared-error loss difference
38038012_10_46,xgboost_direct,4,lags_only,0.0002,0.0009819761129207384,True,GLOBAL_ALL_CELLS,4522,0.05,Skill_RMSE / squared-error loss difference
38038012_10_46,xgboost_direct,5,lags_only,0.0,0.0,True,GLOBAL_ALL_CELLS,4522,0.05,Skill_RMSE / squared-error loss difference
38038012_10_46,xgboost_direct,6,lags_only,0.0016,0.005964715581203628,True,GLOBAL_ALL_CELLS,4522,0.05,Skill_RMSE / squared-error loss difference
38038012_10_46,xgboost_direct,7,lags_only,0.0,0.0,True,GLOBAL_ALL_CELLS,4522,0.05,Skill_RMSE / squared-error loss difference
38038021_10_49,sarima,1,lags_only,0.2269,0.32759955300127713,False,GLOBAL_ALL_CELLS,4522,0.05,Skill_RMSE / squared-error loss difference
38038021_10_49,sarima,2,lags_only,0.0028,0.009606676783004552,True,GLOBAL_ALL_CELLS,4522,0.05,Skill_RMSE / squared-error loss difference
38038021_10_49,sarima,3,lags_only,0.0011,0.004273367697594502,True,GLOBAL_ALL_CELLS,4522,0.05,Skill_RMSE / squared-error loss difference
38038021_10_49,sarima,4,lags_only,0.0019,0.006934463276836157,True,GLOBAL_ALL_CELLS,4522,0.05,Skill_RMSE / squared-error loss difference
38038021_10_49,sarima,5,lags_only,0.0038,0.012406931407942237,True,GLOBAL_ALL_CELLS,4522,0.05,Skill_RMSE / squared-error loss difference
38038021_10_49,sarima,6,lags_only,0.0059,0.017966195286195287,True,GLOBAL_ALL_CELLS,4522,0.05,Skill_RMSE / squared-error loss difference
38038021_10_49,sarima,7,lags_only,0.0092,0.025985259212991878,True,GLOBAL_ALL_CELLS,4522,0.05,Skill_RMSE / squared-error loss difference
38038021_10_49,xgboost_direct,1,lags_only,0.9895,1.0,False,GLOBAL_ALL_CELLS,4522,0.05,Skill_RMSE / squared-error loss difference
38038021_10_49,xgboost_direct,2,lags_only,0.308,0.41012249705535925,False,GLOBAL_ALL_CELLS,4522,0.05,Skill_RMSE / squared-error loss difference
38038021_10_49,xgboost_direct,3,lags_only,0.0134,0.03556032863849765,True,GLOBAL_ALL_CELLS,4522,0.05,Skill_RMSE / squared-error loss difference
38038021_10_49,xgboost_direct,4,lags_only,0.0088,0.025043171806167403,True,GLOBAL_ALL_CELLS,4522,0.05,Skill_RMSE / squared-error loss difference
38038021_10_49,xgboost_direct,5,lags_only,0.0096,0.02698023617153511,True,GLOBAL_ALL_CELLS,4522,0.05,Skill_RMSE / squared-error loss difference
38038021_10_49,xgboost_direct,6,lags_only,0.0136,0.03585959183673469,True,GLOBAL_ALL_CELLS,4522,0.05,Skill_RMSE / squared-error loss difference
38038021_10_49,xgboost_direct,7,lags_only,0.0625,0.11995967741935484,False,GLOBAL_ALL_CELLS,4522,0.05,Skill_RMSE / squared-error loss difference
38038022_10_46,sarima,1,lags_only,0.7777,0.8683356543209876,False,GLOBAL_ALL_CELLS,4522,0.05,Skill_RMSE / squared-error loss difference
38038022_10_46,sarima,2,lags_only,0.0861,0.1547472972972973,False,GLOBAL_ALL_CELLS,4522,0.05,Skill_RMSE / squared-error loss difference
38038022_10_46,sarima,3,lags_only,0.0397,0.08404653558052434,False,GLOBAL_ALL_CELLS,4522,0.05,Skill_RMSE / squared-error loss difference
38038022_10_46,sarima,4,lags_only,0.0527,0.1043843188786684,False,GLOBAL_ALL_CELLS,4522,0.05,Skill_RMSE / squared-error loss difference
38038022_10_46,sarima,5,lags_only,0.0949,0.16704468664850136,False,GLOBAL_ALL_CELLS,4522,0.05,Skill_RMSE / squared-error loss difference
38038022_10_46,sarima,6,lags_only,0.0944,0.16668363920343615,False,GLOBAL_ALL_CELLS,4522,0.05,Skill_RMSE / squared-error loss difference
38038022_10_46,sarima,7,lags_only,0.1329,0.21695805054151623,False,GLOBAL_ALL_CELLS,4522,0.05,Skill_RMSE / squared-error loss difference
38038022_10_46,xgboost_direct,1,lags_only,0.3728,0.4630051084866795,False,GLOBAL_ALL_CELLS,4522,0.05,Skill_RMSE / squared-error loss difference
38038022_10_46,xgboost_direct,2,lags_only,0.0976,0.17014155744024673,False,GLOBAL_ALL_CELLS,4522,0.05,Skill_RMSE / squared-error loss difference
38038022_10_46,xgboost_direct,3,lags_only,0.0154,0.03965763097949886,True,GLOBAL_ALL_CELLS,4522,0.05,Skill_RMSE / squared-error loss difference
38038022_10_46,xgboost_direct,4,lags_only,0.0195,0.04797551686615887,True,GLOBAL_ALL_CELLS,4522,0.05,Skill_RMSE / squared-error loss difference
38038022_10_46,xgboost_direct,5,lags_only,0.2528,0.35579259259259266,False,GLOBAL_ALL_CELLS,4522,0.05,Skill_RMSE / squared-error loss difference
38038022_10_46,xgboost_direct,6,lags_only,0.1064,0.18156256603773582,False,GLOBAL_ALL_CELLS,4522,0.05,Skill_RMSE / squared-error loss difference
38038022_10_46,xgboost_direct,7,lags_only,0.0125,0.03360582639714626,True,GLOBAL_ALL_CELLS,4522,0.05,Skill_RMSE / squared-error loss difference
38038023_10_49,sarima,1,lags_only,0.4863,0.5776329393223011,False,GLOBAL_ALL_CELLS,4522,0.05,Skill_RMSE / squared-error loss difference
38038023_10_49,sarima,2,lags_only,0.1253,0.20709305555555554,False,GLOBAL_ALL_CELLS,4522,0.05,Skill_RMSE / squared-error loss difference
38038023_10_49,sarima,3,lags_only,0.1158,0.19415928809788655,False,GLOBAL_ALL_CELLS,4522,0.05,Skill_RMSE / squared-error loss difference
38038023_10_49,sarima,4,lags_only,0.1424,0.2285881434149805,False,GLOBAL_ALL_CELLS,4522,0.05,Skill_RMSE / squared-error loss difference
38038023_10_49,sarima,5,lags_only,0.0999,0.1729509188361409,False,GLOBAL_ALL_CELLS,4522,0.05,Skill_RMSE / squared-error loss difference
38038023_10_49,sarima,6,lags_only,0.0389,0.08262367308595585,False,GLOBAL_ALL_CELLS,4522,0.05,Skill_RMSE / squared-error loss difference
38038023_10_49,sarima,7,lags_only,0.0383,0.08169462264150944,False,GLOBAL_ALL_CELLS,4522,0.05,Skill_RMSE / squared-error loss difference
38038023_10_49,xgboost_direct,1,lags_only,0.9534,1.0,False,GLOBAL_ALL_CELLS,4522,0.05,Skill_RMSE / squared-error loss difference
38038023_10_49,xgboost_direct,2,lags_only,0.9844,1.0,False,GLOBAL_ALL_CELLS,4522,0.05,Skill_RMSE / squared-error loss difference
38038023_10_49,xgboost_direct,3,lags_only,0.9863,1.0,False,GLOBAL_ALL_CELLS,4522,0.05,Skill_RMSE / squared-error loss difference
38038023_10_49,xgboost_direct,4,lags_only,0.2627,0.3652919434194342,False,GLOBAL_ALL_CELLS,4522,0.05,Skill_RMSE / squared-error loss difference
38038023_10_49,xgboost_direct,5,lags_only,0.0024,0.008439191290824261,True,GLOBAL_ALL_CELLS,4522,0.05,Skill_RMSE / squared-error loss difference
38038023_10_49,xgboost_direct,6,lags_only,0.0007,0.0029120515179392823,True,GLOBAL_ALL_CELLS,4522,0.05,Skill_RMSE / squared-error loss difference
38038023_10_49,xgboost_direct,7,lags_only,0.8745,0.9579672965116279,False,GLOBAL_ALL_CELLS,4522,0.05,Skill_RMSE / squared-error loss difference
38038025_10_46,sarima,1,lags_only,0.1162,0.19475774647887326,False,GLOBAL_ALL_CELLS,4522,0.05,Skill_RMSE / squared-error loss difference
38038025_10_46,sarima,2,lags_only,0.0002,0.0009819761129207384,True,GLOBAL_ALL_CELLS,4522,0.05,Skill_RMSE / squared-error loss difference
38038025_10_46,sarima,3,lags_only,0.0001,0.0005270396270396271,True,GLOBAL_ALL_CELLS,4522,0.05,Skill_RMSE / squared-error loss difference
38038025_10_46,sarima,4,lags_only,0.0001,0.0005270396270396271,True,GLOBAL_ALL_CELLS,4522,0.05,Skill_RMSE / squared-error loss difference
38038025_10_46,sarima,5,lags_only,0.0061,0.018463319946452478,True,GLOBAL_ALL_CELLS,4522,0.05,Skill_RMSE / squared-error loss difference
38038025_10_46,sarima,6,lags_only,0.01,0.027930821494749843,True,GLOBAL_ALL_CELLS,4522,0.05,Skill_RMSE / squared-error loss difference
38038025_10_46,sarima,7,lags_only,0.0112,0.030732038834951455,True,GLOBAL_ALL_CELLS,4522,0.05,Skill_RMSE / squared-error loss difference
38038025_10_46,xgboost_direct,1,lags_only,0.9995,1.0,False,GLOBAL_ALL_CELLS,4522,0.05,Skill_RMSE / squared-error loss difference
38038025_10_46,xgboost_direct,2,lags_only,0.8947,0.9765468018344196,False,GLOBAL_ALL_CELLS,4522,0.05,Skill_RMSE / squared-error loss difference
38038025_10_46,xgboost_direct,3,lags_only,0.4623,0.5531941254300079,False,GLOBAL_ALL_CELLS,4522,0.05,Skill_RMSE / squared-error loss difference
38038025_10_46,xgboost_direct,4,lags_only,0.0334,0.07403666666666667,False,GLOBAL_ALL_CELLS,4522,0.05,Skill_RMSE / squared-error loss difference
38038025_10_46,xgboost_direct,5,lags_only,0.2484,0.3512397748592871,False,GLOBAL_ALL_CELLS,4522,0.05,Skill_RMSE / squared-error loss difference
38038025_10_46,xgboost_direct,6,lags_only,0.1803,0.2755378844204123,False,GLOBAL_ALL_CELLS,4522,0.05,Skill_RMSE / squared-error loss difference
38038025_10_46,xgboost_direct,7,lags_only,0.0364,0.07826951973371375,False,GLOBAL_ALL_CELLS,4522,0.05,Skill_RMSE / squared-error loss difference
38038026_10_46,sarima,1,lags_only,0.8577,0.9420741802283217,False,GLOBAL_ALL_CELLS,4522,0.05,Skill_RMSE / squared-error loss difference
38038026_10_46,sarima,2,lags_only,0.0417,0.0871383548983364,False,GLOBAL_ALL_CELLS,4522,0.05,Skill_RMSE / squared-error loss difference
38038026_10_46,sarima,3,lags_only,0.0417,0.0871383548983364,False,GLOBAL_ALL_CELLS,4522,0.05,Skill_RMSE / squared-error loss difference
38038026_10_46,sarima,4,lags_only,0.1028,0.17655206988226357,False,GLOBAL_ALL_CELLS,4522,0.05,Skill_RMSE / squared-error loss difference
38038026_10_46,sarima,5,lags_only,0.1703,0.2635255813953489,False,GLOBAL_ALL_CELLS,4522,0.05,Skill_RMSE / squared-error loss difference
38038026_10_46,sarima,6,lags_only,0.1711,0.26431082280641854,False,GLOBAL_ALL_CELLS,4522,0.05,Skill_RMSE / squared-error loss difference
38038026_10_46,sarima,7,lags_only,0.1751,0.269228901734104,False,GLOBAL_ALL_CELLS,4522,0.05,Skill_RMSE / squared-error loss difference
38038026_10_46,xgboost_direct,1,lags_only,1.0,1.0,False,GLOBAL_ALL_CELLS,4522,0.05,Skill_RMSE / squared-error loss difference
38038026_10_46,xgboost_direct,2,lags_only,0.3811,0.4713610169491525,False,GLOBAL_ALL_CELLS,4522,0.05,Skill_RMSE / squared-error loss difference
38038026_10_46,xgboost_direct,3,lags_only,0.1795,0.2746866328257191,False,GLOBAL_ALL_CELLS,4522,0.05,Skill_RMSE / squared-error loss difference
38038026_10_46,xgboost_direct,4,lags_only,0.1302,0.2134751269035533,False,GLOBAL_ALL_CELLS,4522,0.05,Skill_RMSE / squared-error loss difference
38038026_10_46,xgboost_direct,5,lags_only,0.0874,0.15664795877923107,False,GLOBAL_ALL_CELLS,4522,0.05,Skill_RMSE / squared-error loss difference
38038026_10_46,xgboost_direct,6,lags_only,0.0321,0.07193072348860256,False,GLOBAL_ALL_CELLS,4522,0.05,Skill_RMSE / squared-error loss difference
38038026_10_46,xgboost_direct,7,lags_only,0.0957,0.16806034951456308,False,GLOBAL_ALL_CELLS,4522,0.05,Skill_RMSE / squared-error loss difference
38038027_10_49,sarima,1,lags_only,0.9509,1.0,False,GLOBAL_ALL_CELLS,4522,0.05,Skill_RMSE / squared-error loss difference
38038027_10_49,sarima,2,lags_only,0.0473,0.09582912186379929,False,GLOBAL_ALL_CELLS,4522,0.05,Skill_RMSE / squared-error loss difference
38038027_10_49,sarima,3,lags_only,0.0349,0.07587394230769232,False,GLOBAL_ALL_CELLS,4522,0.05,Skill_RMSE / squared-error loss difference
38038027_10_49,sarima,4,lags_only,0.0249,0.058190077519379844,False,GLOBAL_ALL_CELLS,4522,0.05,Skill_RMSE / squared-error loss difference
38038027_10_49,sarima,5,lags_only,0.0449,0.09228990909090909,False,GLOBAL_ALL_CELLS,4522,0.05,Skill_RMSE / squared-error loss difference
38038027_10_49,sarima,6,lags_only,0.0776,0.1426452032520325,False,GLOBAL_ALL_CELLS,4522,0.05,Skill_RMSE / squared-error loss difference
38038027_10_49,sarima,7,lags_only,0.3007,0.403610982487385,False,GLOBAL_ALL_CELLS,4522,0.05,Skill_RMSE / squared-error loss difference
38038027_10_49,xgboost_direct,1,lags_only,0.9921,1.0,False,GLOBAL_ALL_CELLS,4522,0.05,Skill_RMSE / squared-error loss difference
38038027_10_49,xgboost_direct,2,lags_only,0.5182,0.6118277806788512,False,GLOBAL_ALL_CELLS,4522,0.05,Skill_RMSE / squared-error loss difference
38038027_10_49,xgboost_direct,3,lags_only,0.8811,0.9644962962962963,False,GLOBAL_ALL_CELLS,4522,0.05,Skill_RMSE / squared-error loss difference
38038027_10_49,xgboost_direct,4,lags_only,0.1783,0.2732201287699085,False,GLOBAL_ALL_CELLS,4522,0.05,Skill_RMSE / squared-error loss difference
38038027_10_49,xgboost_direct,5,lags_only,0.3194,0.4213322053675613,False,GLOBAL_ALL_CELLS,4522,0.05,Skill_RMSE / squared-error loss difference
38038027_10_49,xgboost_direct,6,lags_only,0.345,0.4448502994011976,False,GLOBAL_ALL_CELLS,4522,0.05,Skill_RMSE / squared-error loss difference
38038027_10_49,xgboost_direct,7,lags_only,0.2889,0.39160845323741006,False,GLOBAL_ALL_CELLS,4522,0.05,Skill_RMSE / squared-error loss difference
38048001_10_49,sarima,1,lags_only,0.9571,1.0,False,GLOBAL_ALL_CELLS,4522,0.05,Skill_RMSE / squared-error loss difference
38048001_10_49,sarima,2,lags_only,0.838,0.9238020477815699,False,GLOBAL_ALL_CELLS,4522,0.05,Skill_RMSE / squared-error loss difference
38048001_10_49,sarima,3,lags_only,0.7479,0.8381669888475837,False,GLOBAL_ALL_CELLS,4522,0.05,Skill_RMSE / squared-error loss difference
38048001_10_49,sarima,4,lags_only,0.7981,0.8884806006893157,False,GLOBAL_ALL_CELLS,4522,0.05,Skill_RMSE / squared-error loss difference
38048001_10_49,sarima,5,lags_only,0.8546,0.9398019936785801,False,GLOBAL_ALL_CELLS,4522,0.05,Skill_RMSE / squared-error loss difference
38048001_10_49,sarima,6,lags_only,0.9258,1.0,False,GLOBAL_ALL_CELLS,4522,0.05,Skill_RMSE / squared-error loss difference
38048001_10_49,sarima,7,lags_only,0.9772,1.0,False,GLOBAL_ALL_CELLS,4522,0.05,Skill_RMSE / squared-error loss difference
38048001_10_49,xgboost_direct,1,lags_only,0.9983,1.0,False,GLOBAL_ALL_CELLS,4522,0.05,Skill_RMSE / squared-error loss difference
38048001_10_49,xgboost_direct,2,lags_only,0.2811,0.38344923076923076,False,GLOBAL_ALL_CELLS,4522,0.05,Skill_RMSE / squared-error loss difference
38048001_10_49,xgboost_direct,3,lags_only,0.0199,0.048747453954496214,True,GLOBAL_ALL_CELLS,4522,0.05,Skill_RMSE / squared-error loss difference
38048001_10_49,xgboost_direct,4,lags_only,0.0337,0.07426481481481481,False,GLOBAL_ALL_CELLS,4522,0.05,Skill_RMSE / squared-error loss difference
38048001_10_49,xgboost_direct,5,lags_only,0.3765,0.46644739726027395,False,GLOBAL_ALL_CELLS,4522,0.05,Skill_RMSE / squared-error loss difference
38048001_10_49,xgboost_direct,6,lags_only,0.2195,0.3198772155978086,False,GLOBAL_ALL_CELLS,4522,0.05,Skill_RMSE / squared-error loss difference
38048001_10_49,xgboost_direct,7,lags_only,0.2326,0.33380425261821645,False,GLOBAL_ALL_CELLS,4522,0.05,Skill_RMSE / squared-error loss difference
39008001_10_49,sarima,1,lags_only,0.0228,0.054235455023671754,False,GLOBAL_ALL_CELLS,4522,0.05,Skill_RMSE / squared-error loss difference
39008001_10_49,sarima,2,lags_only,0.0,0.0,True,GLOBAL_ALL_CELLS,4522,0.05,Skill_RMSE / squared-error loss difference
39008001_10_49,sarima,3,lags_only,0.0,0.0,True,GLOBAL_ALL_CELLS,4522,0.05,Skill_RMSE / squared-error loss difference
39008001_10_49,sarima,4,lags_only,0.0,0.0,True,GLOBAL_ALL_CELLS,4522,0.05,Skill_RMSE / squared-error loss difference
39008001_10_49,sarima,5,lags_only,0.0,0.0,True,GLOBAL_ALL_CELLS,4522,0.05,Skill_RMSE / squared-error loss difference
39008001_10_49,sarima,6,lags_only,0.001,0.003945898778359511,True,GLOBAL_ALL_CELLS,4522,0.05,Skill_RMSE / squared-error loss difference
39008001_10_49,sarima,7,lags_only,0.0052,0.01619449035812672,True,GLOBAL_ALL_CELLS,4522,0.05,Skill_RMSE / squared-error loss difference
39008001_10_49,xgboost_direct,1,lags_only,1.0,1.0,False,GLOBAL_ALL_CELLS,4522,0.05,Skill_RMSE / squared-error loss difference
39008001_10_49,xgboost_direct,2,lags_only,0.1662,0.25880041322314046,False,GLOBAL_ALL_CELLS,4522,0.05,Skill_RMSE / squared-error loss difference
39008001_10_49,xgboost_direct,3,lags_only,0.0,0.0,True,GLOBAL_ALL_CELLS,4522,0.05,Skill_RMSE / squared-error loss difference
39008001_10_49,xgboost_direct,4,lags_only,0.0,0.0,True,GLOBAL_ALL_CELLS,4522,0.05,Skill_RMSE / squared-error loss difference
39008001_10_49,xgboost_direct,5,lags_only,0.0181,0.04502101210121012,True,GLOBAL_ALL_CELLS,4522,0.05,Skill_RMSE / squared-error loss difference
39008001_10_49,xgboost_direct,6,lags_only,0.0001,0.0005270396270396271,True,GLOBAL_ALL_CELLS,4522,0.05,Skill_RMSE / squared-error loss difference
39008001_10_49,xgboost_direct,7,lags_only,0.0,0.0,True,GLOBAL_ALL_CELLS,4522,0.05,Skill_RMSE / squared-error loss difference
39016003_10_49,sarima,1,lags_only,0.0048,0.015178741258741257,True,GLOBAL_ALL_CELLS,4522,0.05,Skill_RMSE / squared-error loss difference
39016003_10_49,sarima,2,lags_only,0.0,0.0,True,GLOBAL_ALL_CELLS,4522,0.05,Skill_RMSE / squared-error loss difference
39016003_10_49,sarima,3,lags_only,0.0,0.0,True,GLOBAL_ALL_CELLS,4522,0.05,Skill_RMSE / squared-error loss difference
39016003_10_49,sarima,4,lags_only,0.0,0.0,True,GLOBAL_ALL_CELLS,4522,0.05,Skill_RMSE / squared-error loss difference
39016003_10_49,sarima,5,lags_only,0.0,0.0,True,GLOBAL_ALL_CELLS,4522,0.05,Skill_RMSE / squared-error loss difference
39016003_10_49,sarima,6,lags_only,0.0,0.0,True,GLOBAL_ALL_CELLS,4522,0.05,Skill_RMSE / squared-error loss difference
39016003_10_49,sarima,7,lags_only,0.0007,0.0029120515179392823,True,GLOBAL_ALL_CELLS,4522,0.05,Skill_RMSE / squared-error loss difference
39016003_10_49,xgboost_direct,1,lags_only,1.0,1.0,False,GLOBAL_ALL_CELLS,4522,0.05,Skill_RMSE / squared-error loss difference
39016003_10_49,xgboost_direct,2,lags_only,0.047,0.0954351145038168,False,GLOBAL_ALL_CELLS,4522,0.05,Skill_RMSE / squared-error loss difference
39016003_10_49,xgboost_direct,3,lags_only,0.0009,0.003585726872246696,True,GLOBAL_ALL_CELLS,4522,0.05,Skill_RMSE / squared-error loss difference
39016003_10_49,xgboost_direct,4,lags_only,0.0,0.0,True,GLOBAL_ALL_CELLS,4522,0.05,Skill_RMSE / squared-error loss difference
39016003_10_49,xgboost_direct,5,lags_only,0.0001,0.0005270396270396271,True,GLOBAL_ALL_CELLS,4522,0.05,Skill_RMSE / squared-error loss difference
39016003_10_49,xgboost_direct,6,lags_only,0.0001,0.0005270396270396271,True,GLOBAL_ALL_CELLS,4522,0.05,Skill_RMSE / squared-error loss difference
39016003_10_49,xgboost_direct,7,lags_only,0.0,0.0,True,GLOBAL_ALL_CELLS,4522,0.05,Skill_RMSE / squared-error loss difference
39020001_10_49,sarima,1,lags_only,0.2688,0.3717166972477064,False,GLOBAL_ALL_CELLS,4522,0.05,Skill_RMSE / squared-error loss difference
39020001_10_49,sarima,2,lags_only,0.0,0.0,True,GLOBAL_ALL_CELLS,4522,0.05,Skill_RMSE / squared-error loss difference
39020001_10_49,sarima,3,lags_only,0.0,0.0,True,GLOBAL_ALL_CELLS,4522,0.05,Skill_RMSE / squared-error loss difference
39020001_10_49,sarima,4,lags_only,0.0,0.0,True,GLOBAL_ALL_CELLS,4522,0.05,Skill_RMSE / squared-error loss difference
39020001_10_49,sarima,5,lags_only,0.0024,0.008439191290824261,True,GLOBAL_ALL_CELLS,4522,0.05,Skill_RMSE / squared-error loss difference
39020001_10_49,sarima,6,lags_only,0.0317,0.07138814741035857,False,GLOBAL_ALL_CELLS,4522,0.05,Skill_RMSE / squared-error loss difference
39020001_10_49,sarima,7,lags_only,0.0783,0.14369829545454543,False,GLOBAL_ALL_CELLS,4522,0.05,Skill_RMSE / squared-error loss difference
39020001_10_49,xgboost_direct,1,lags_only,1.0,1.0,False,GLOBAL_ALL_CELLS,4522,0.05,Skill_RMSE / squared-error loss difference
39020001_10_49,xgboost_direct,2,lags_only,0.6297,0.7223499238964992,False,GLOBAL_ALL_CELLS,4522,0.05,Skill_RMSE / squared-error loss difference
39020001_10_49,xgboost_direct,3,lags_only,0.0474,0.0959028187919463,False,GLOBAL_ALL_CELLS,4522,0.05,Skill_RMSE / squared-error loss difference
39020001_10_49,xgboost_direct,4,lags_only,0.0127,0.033941725768321516,True,GLOBAL_ALL_CELLS,4522,0.05,Skill_RMSE / squared-error loss difference
39020001_10_49,xgboost_direct,5,lags_only,0.0476,0.09609250000000001,False,GLOBAL_ALL_CELLS,4522,0.05,Skill_RMSE / squared-error loss difference
39020001_10_49,xgboost_direct,6,lags_only,0.0753,0.13903903634136383,False,GLOBAL_ALL_CELLS,4522,0.05,Skill_RMSE / squared-error loss difference
39020001_10_49,xgboost_direct,7,lags_only,0.0,0.0,True,GLOBAL_ALL_CELLS,4522,0.05,Skill_RMSE / squared-error loss difference
39025001_10_49,sarima,1,lags_only,0.1134,0.19091392405063293,False,GLOBAL_ALL_CELLS,4522,0.05,Skill_RMSE / squared-error loss difference
39025001_10_49,sarima,2,lags_only,0.0,0.0,True,GLOBAL_ALL_CELLS,4522,0.05,Skill_RMSE / squared-error loss difference
39025001_10_49,sarima,3,lags_only,0.0,0.0,True,GLOBAL_ALL_CELLS,4522,0.05,Skill_RMSE / squared-error loss difference
39025001_10_49,sarima,4,lags_only,0.0,0.0,True,GLOBAL_ALL_CELLS,4522,0.05,Skill_RMSE / squared-error loss difference
39025001_10_49,sarima,5,lags_only,0.0029,0.009882290881688018,True,GLOBAL_ALL_CELLS,4522,0.05,Skill_RMSE / squared-error loss difference
39025001_10_49,sarima,6,lags_only,0.0505,0.1008216335540839,False,GLOBAL_ALL_CELLS,4522,0.05,Skill_RMSE / squared-error loss difference
39025001_10_49,sarima,7,lags_only,0.105,0.17971612414837246,False,GLOBAL_ALL_CELLS,4522,0.05,Skill_RMSE / squared-error loss difference
39025001_10_49,xgboost_direct,1,lags_only,0.9678,1.0,False,GLOBAL_ALL_CELLS,4522,0.05,Skill_RMSE / squared-error loss difference
39025001_10_49,xgboost_direct,2,lags_only,0.1593,0.25055812173913045,False,GLOBAL_ALL_CELLS,4522,0.05,Skill_RMSE / squared-error loss difference
39025001_10_49,xgboost_direct,3,lags_only,0.0356,0.0770992337164751,False,GLOBAL_ALL_CELLS,4522,0.05,Skill_RMSE / squared-error loss difference
39025001_10_49,xgboost_direct,4,lags_only,0.0,0.0,True,GLOBAL_ALL_CELLS,4522,0.05,Skill_RMSE / squared-error loss difference
39025001_10_49,xgboost_direct,5,lags_only,0.0,0.0,True,GLOBAL_ALL_CELLS,4522,0.05,Skill_RMSE / squared-error loss difference
39025001_10_49,xgboost_direct,6,lags_only,0.0,0.0,True,GLOBAL_ALL_CELLS,4522,0.05,Skill_RMSE / squared-error loss difference
39025001_10_49,xgboost_direct,7,lags_only,0.0,0.0,True,GLOBAL_ALL_CELLS,4522,0.05,Skill_RMSE / squared-error loss difference
39059001_10_49,sarima,1,lags_only,0.2403,0.3421399874055416,False,GLOBAL_ALL_CELLS,4522,0.05,Skill_RMSE / squared-error loss difference
39059001_10_49,sarima,2,lags_only,0.0014,0.005284474123539232,True,GLOBAL_ALL_CELLS,4522,0.05,Skill_RMSE / squared-error loss difference
39059001_10_49,sarima,3,lags_only,0.0,0.0,True,GLOBAL_ALL_CELLS,4522,0.05,Skill_RMSE / squared-error loss difference
39059001_10_49,sarima,4,lags_only,0.0,0.0,True,GLOBAL_ALL_CELLS,4522,0.05,Skill_RMSE / squared-error loss difference
39059001_10_49,sarima,5,lags_only,0.0002,0.0009819761129207384,True,GLOBAL_ALL_CELLS,4522,0.05,Skill_RMSE / squared-error loss difference
39059001_10_49,sarima,6,lags_only,0.0011,0.004273367697594502,True,GLOBAL_ALL_CELLS,4522,0.05,Skill_RMSE / squared-error loss difference
39059001_10_49,sarima,7,lags_only,0.0039,0.012678504672897196,True,GLOBAL_ALL_CELLS,4522,0.05,Skill_RMSE / squared-error loss difference
39059001_10_49,xgboost_direct,1,lags_only,0.3584,0.4513185185185185,False,GLOBAL_ALL_CELLS,4522,0.05,Skill_RMSE / squared-error loss difference
39059001_10_49,xgboost_direct,2,lags_only,0.3435,0.4435485436893204,False,GLOBAL_ALL_CELLS,4522,0.05,Skill_RMSE / squared-error loss difference
39059001_10_49,xgboost_direct,3,lags_only,0.0157,0.04029250851305334,True,GLOBAL_ALL_CELLS,4522,0.05,Skill_RMSE / squared-error loss difference
39059001_10_49,xgboost_direct,4,lags_only,0.0,0.0,True,GLOBAL_ALL_CELLS,4522,0.05,Skill_RMSE / squared-error loss difference
39059001_10_49,xgboost_direct,5,lags_only,0.0081,0.023479615384615383,True,GLOBAL_ALL_CELLS,4522,0.05,Skill_RMSE / squared-error loss difference
39059001_10_49,xgboost_direct,6,lags_only,0.1526,0.24195553997194955,False,GLOBAL_ALL_CELLS,4522,0.05,Skill_RMSE / squared-error loss difference
39059001_10_49,xgboost_direct,7,lags_only,0.045,0.09241144414168936,False,GLOBAL_ALL_CELLS,4522,0.05,Skill_RMSE / squared-error loss difference
39075005_10_49,sarima,1,lags_only,0.0,0.0,True,GLOBAL_ALL_CELLS,4522,0.05,Skill_RMSE / squared-error loss difference
39075005_10_49,sarima,2,lags_only,0.0,0.0,True,GLOBAL_ALL_CELLS,4522,0.05,Skill_RMSE / squared-error loss difference
39075005_10_49,sarima,3,lags_only,0.0,0.0,True,GLOBAL_ALL_CELLS,4522,0.05,Skill_RMSE / squared-error loss difference
39075005_10_49,sarima,4,lags_only,0.0,0.0,True,GLOBAL_ALL_CELLS,4522,0.05,Skill_RMSE / squared-error loss difference
39075005_10_49,sarima,5,lags_only,0.0,0.0,True,GLOBAL_ALL_CELLS,4522,0.05,Skill_RMSE / squared-error loss difference
39075005_10_49,sarima,6,lags_only,0.0126,0.03373428063943162,True,GLOBAL_ALL_CELLS,4522,0.05,Skill_RMSE / squared-error loss difference
39075005_10_49,sarima,7,lags_only,0.0173,0.043485603112840464,True,GLOBAL_ALL_CELLS,4522,0.05,Skill_RMSE / squared-error loss difference
39075005_10_49,xgboost_direct,1,lags_only,1.0,1.0,False,GLOBAL_ALL_CELLS,4522,0.05,Skill_RMSE / squared-error loss difference
39075005_10_49,xgboost_direct,2,lags_only,0.17,0.2632671232876712,False,GLOBAL_ALL_CELLS,4522,0.05,Skill_RMSE / squared-error loss difference
39075005_10_49,xgboost_direct,3,lags_only,0.0001,0.0005270396270396271,True,GLOBAL_ALL_CELLS,4522,0.05,Skill_RMSE / squared-error loss difference
39075005_10_49,xgboost_direct,4,lags_only,0.0,0.0,True,GLOBAL_ALL_CELLS,4522,0.05,Skill_RMSE / squared-error loss difference
39075005_10_49,xgboost_direct,5,lags_only,0.0,0.0,True,GLOBAL_ALL_CELLS,4522,0.05,Skill_RMSE / squared-error loss difference
39075005_10_49,xgboost_direct,6,lags_only,0.0,0.0,True,GLOBAL_ALL_CELLS,4522,0.05,Skill_RMSE / squared-error loss difference
39075005_10_49,xgboost_direct,7,lags_only,0.0,0.0,True,GLOBAL_ALL_CELLS,4522,0.05,Skill_RMSE / squared-error loss difference
39075006_10_49,sarima,1,lags_only,0.0035,0.011586383601756954,True,GLOBAL_ALL_CELLS,4522,0.05,Skill_RMSE / squared-error loss difference
39075006_10_49,sarima,2,lags_only,0.0,0.0,True,GLOBAL_ALL_CELLS,4522,0.05,Skill_RMSE / squared-error loss difference
39075006_10_49,sarima,3,lags_only,0.0,0.0,True,GLOBAL_ALL_CELLS,4522,0.05,Skill_RMSE / squared-error loss difference
39075006_10_49,sarima,4,lags_only,0.0,0.0,True,GLOBAL_ALL_CELLS,4522,0.05,Skill_RMSE / squared-error loss difference
39075006_10_49,sarima,5,lags_only,0.0,0.0,True,GLOBAL_ALL_CELLS,4522,0.05,Skill_RMSE / squared-error loss difference
39075006_10_49,sarima,6,lags_only,0.0004,0.0018106106106106107,True,GLOBAL_ALL_CELLS,4522,0.05,Skill_RMSE / squared-error loss difference
39075006_10_49,sarima,7,lags_only,0.0029,0.009882290881688018,True,GLOBAL_ALL_CELLS,4522,0.05,Skill_RMSE / squared-error loss difference
39075006_10_49,xgboost_direct,1,lags_only,1.0,1.0,False,GLOBAL_ALL_CELLS,4522,0.05,Skill_RMSE / squared-error loss difference
39075006_10_49,xgboost_direct,2,lags_only,0.1616,0.25338252427184466,False,GLOBAL_ALL_CELLS,4522,0.05,Skill_RMSE / squared-error loss difference
39075006_10_49,xgboost_direct,3,lags_only,0.0069,0.020487065003282994,True,GLOBAL_ALL_CELLS,4522,0.05,Skill_RMSE / squared-error loss difference
39075006_10_49,xgboost_direct,4,lags_only,0.0,0.0,True,GLOBAL_ALL_CELLS,4522,0.05,Skill_RMSE / squared-error loss difference
39075006_10_49,xgboost_direct,5,lags_only,0.0,0.0,True,GLOBAL_ALL_CELLS,4522,0.05,Skill_RMSE / squared-error loss difference
39075006_10_49,xgboost_direct,6,lags_only,0.0,0.0,True,GLOBAL_ALL_CELLS,4522,0.05,Skill_RMSE / squared-error loss difference
39075006_10_49,xgboost_direct,7,lags_only,0.0,0.0,True,GLOBAL_ALL_CELLS,4522,0.05,Skill_RMSE / squared-error loss difference
39086001_10_49,sarima,1,lags_only,0.241,0.3428128342245989,False,GLOBAL_ALL_CELLS,4522,0.05,Skill_RMSE / squared-error loss difference
39086001_10_49,sarima,2,lags_only,0.0015,0.005629045643153527,True,GLOBAL_ALL_CELLS,4522,0.05,Skill_RMSE / squared-error loss difference
39086001_10_49,sarima,3,lags_only,0.0,0.0,True,GLOBAL_ALL_CELLS,4522,0.05,Skill_RMSE / squared-error loss difference
39086001_10_49,sarima,4,lags_only,0.0003,0.0014087227414330216,True,GLOBAL_ALL_CELLS,4522,0.05,Skill_RMSE / squared-error loss difference
39086001_10_49,sarima,5,lags_only,0.0004,0.0018106106106106107,True,GLOBAL_ALL_CELLS,4522,0.05,Skill_RMSE / squared-error loss difference
39086001_10_49,sarima,6,lags_only,0.0005,0.0021887705711519847,True,GLOBAL_ALL_CELLS,4522,0.05,Skill_RMSE / squared-error loss difference
39086001_10_49,sarima,7,lags_only,0.0008,0.003244484304932736,True,GLOBAL_ALL_CELLS,4522,0.05,Skill_RMSE / squared-error loss difference
39086001_10_49,xgboost_direct,1,lags_only,0.8064,0.8968373831775701,False,GLOBAL_ALL_CELLS,4522,0.05,Skill_RMSE / squared-error loss difference
39086001_10_49,xgboost_direct,2,lags_only,0.2913,0.3937992825112108,False,GLOBAL_ALL_CELLS,4522,0.05,Skill_RMSE / squared-error loss difference
39086001_10_49,xgboost_direct,3,lags_only,0.2977,0.3999404040404041,False,GLOBAL_ALL_CELLS,4522,0.05,Skill_RMSE / squared-error loss difference
39086001_10_49,xgboost_direct,4,lags_only,0.1924,0.29001093333333333,False,GLOBAL_ALL_CELLS,4522,0.05,Skill_RMSE / squared-error loss difference
39086001_10_49,xgboost_direct,5,lags_only,0.2175,0.31747417688831503,False,GLOBAL_ALL_CELLS,4522,0.05,Skill_RMSE / squared-error loss difference
39086001_10_49,xgboost_direct,6,lags_only,0.2685,0.37152906976744193,False,GLOBAL_ALL_CELLS,4522,0.05,Skill_RMSE / squared-error loss difference
39086001_10_49,xgboost_direct,7,lags_only,0.7219,0.8130589788293897,False,GLOBAL_ALL_CELLS,4522,0.05,Skill_RMSE / squared-error loss difference
39087003_10_49,sarima,1,lags_only,0.0001,0.0005270396270396271,True,GLOBAL_ALL_CELLS,4522,0.05,Skill_RMSE / squared-error loss difference
39087003_10_49,sarima,2,lags_only,0.0001,0.0005270396270396271,True,GLOBAL_ALL_CELLS,4522,0.05,Skill_RMSE / squared-error loss difference
39087003_10_49,sarima,3,lags_only,0.0026,0.009044,True,GLOBAL_ALL_CELLS,4522,0.05,Skill_RMSE / squared-error loss difference
39087003_10_49,sarima,4,lags_only,0.0501,0.10015570291777189,False,GLOBAL_ALL_CELLS,4522,0.05,Skill_RMSE / squared-error loss difference
39087003_10_49,sarima,5,lags_only,0.2272,0.3279279923396106,False,GLOBAL_ALL_CELLS,4522,0.05,Skill_RMSE / squared-error loss difference
39087003_10_49,sarima,6,lags_only,0.5144,0.6078172981447608,False,GLOBAL_ALL_CELLS,4522,0.05,Skill_RMSE / squared-error loss difference
39087003_10_49,sarima,7,lags_only,0.6867,0.7780649962415435,False,GLOBAL_ALL_CELLS,4522,0.05,Skill_RMSE / squared-error loss difference
39087003_10_49,xgboost_direct,1,lags_only,1.0,1.0,False,GLOBAL_ALL_CELLS,4522,0.05,Skill_RMSE / squared-error loss difference
39087003_10_49,xgboost_direct,2,lags_only,0.4009,0.4906278213802436,False,GLOBAL_ALL_CELLS,4522,0.05,Skill_RMSE / squared-error loss difference
39087003_10_49,xgboost_direct,3,lags_only,0.0393,0.08327769447047799,False,GLOBAL_ALL_CELLS,4522,0.05,Skill_RMSE / squared-error loss difference
39087003_10_49,xgboost_direct,4,lags_only,0.0018,0.006617560975609756,True,GLOBAL_ALL_CELLS,4522,0.05,Skill_RMSE / squared-error loss difference
39087003_10_49,xgboost_direct,5,lags_only,0.0002,0.0009819761129207384,True,GLOBAL_ALL_CELLS,4522,0.05,Skill_RMSE / squared-error loss difference
39087003_10_49,xgboost_direct,6,lags_only,0.0001,0.0005270396270396271,True,GLOBAL_ALL_CELLS,4522,0.05,Skill_RMSE / squared-error loss difference
39087003_10_49,xgboost_direct,7,lags_only,0.0,0.0,True,GLOBAL_ALL_CELLS,4522,0.05,Skill_RMSE / squared-error loss difference
39087004_10_49,sarima,1,lags_only,0.4288,0.5192912694161756,False,GLOBAL_ALL_CELLS,4522,0.05,Skill_RMSE / squared-error loss difference
39087004_10_49,sarima,2,lags_only,0.0014,0.005284474123539232,True,GLOBAL_ALL_CELLS,4522,0.05,Skill_RMSE / squared-error loss difference
39087004_10_49,sarima,3,lags_only,0.0,0.0,True,GLOBAL_ALL_CELLS,4522,0.05,Skill_RMSE / squared-error loss difference
39087004_10_49,sarima,4,lags_only,0.0,0.0,True,GLOBAL_ALL_CELLS,4522,0.05,Skill_RMSE / squared-error loss difference
39087004_10_49,sarima,5,lags_only,0.0144,0.03766153846153846,True,GLOBAL_ALL_CELLS,4522,0.05,Skill_RMSE / squared-error loss difference
39087004_10_49,sarima,6,lags_only,0.1482,0.23622150158618258,False,GLOBAL_ALL_CELLS,4522,0.05,Skill_RMSE / squared-error loss difference
39087004_10_49,sarima,7,lags_only,0.3829,0.4730802732240437,False,GLOBAL_ALL_CELLS,4522,0.05,Skill_RMSE / squared-error loss difference
39087004_10_49,xgboost_direct,1,lags_only,1.0,1.0,False,GLOBAL_ALL_CELLS,4522,0.05,Skill_RMSE / squared-error loss difference
39087004_10_49,xgboost_direct,2,lags_only,0.3505,0.44747628458498023,False,GLOBAL_ALL_CELLS,4522,0.05,Skill_RMSE / squared-error loss difference
39087004_10_49,xgboost_direct,3,lags_only,0.002,0.007229416466826539,True,GLOBAL_ALL_CELLS,4522,0.05,Skill_RMSE / squared-error loss difference
39087004_10_49,xgboost_direct,4,lags_only,0.0001,0.0005270396270396271,True,GLOBAL_ALL_CELLS,4522,0.05,Skill_RMSE / squared-error loss difference
39087004_10_49,xgboost_direct,5,lags_only,0.0,0.0,True,GLOBAL_ALL_CELLS,4522,0.05,Skill_RMSE / squared-error loss difference
39087004_10_49,xgboost_direct,6,lags_only,0.0,0.0,True,GLOBAL_ALL_CELLS,4522,0.05,Skill_RMSE / squared-error loss difference
39087004_10_49,xgboost_direct,7,lags_only,0.0,0.0,True,GLOBAL_ALL_CELLS,4522,0.05,Skill_RMSE / squared-error loss difference
39087005_10_49,sarima,1,lags_only,0.0106,0.02938884120171674,True,GLOBAL_ALL_CELLS,4522,0.05,Skill_RMSE / squared-error loss difference
39087005_10_49,sarima,2,lags_only,0.0,0.0,True,GLOBAL_ALL_CELLS,4522,0.05,Skill_RMSE / squared-error loss difference
39087005_10_49,sarima,3,lags_only,0.0,0.0,True,GLOBAL_ALL_CELLS,4522,0.05,Skill_RMSE / squared-error loss difference
39087005_10_49,sarima,4,lags_only,0.0003,0.0014087227414330216,True,GLOBAL_ALL_CELLS,4522,0.05,Skill_RMSE / squared-error loss difference
39087005_10_49,sarima,5,lags_only,0.0132,0.035091358024691356,True,GLOBAL_ALL_CELLS,4522,0.05,Skill_RMSE / squared-error loss difference
39087005_10_49,sarima,6,lags_only,0.2251,0.32510450335356117,False,GLOBAL_ALL_CELLS,4522,0.05,Skill_RMSE / squared-error loss difference
39087005_10_49,sarima,7,lags_only,0.211,0.310290081300813,False,GLOBAL_ALL_CELLS,4522,0.05,Skill_RMSE / squared-error loss difference
39087005_10_49,xgboost_direct,1,lags_only,0.9999,1.0,False,GLOBAL_ALL_CELLS,4522,0.05,Skill_RMSE / squared-error loss difference
39087005_10_49,xgboost_direct,2,lags_only,0.4363,0.5273853515102914,False,GLOBAL_ALL_CELLS,4522,0.05,Skill_RMSE / squared-error loss difference
39087005_10_49,xgboost_direct,3,lags_only,0.0155,0.03980181714934696,True,GLOBAL_ALL_CELLS,4522,0.05,Skill_RMSE / squared-error loss difference
39087005_10_49,xgboost_direct,4,lags_only,0.0016,0.005964715581203628,True,GLOBAL_ALL_CELLS,4522,0.05,Skill_RMSE / squared-error loss difference
39087005_10_49,xgboost_direct,5,lags_only,0.0011,0.004273367697594502,True,GLOBAL_ALL_CELLS,4522,0.05,Skill_RMSE / squared-error loss difference
39087005_10_49,xgboost_direct,6,lags_only,0.0052,0.01619449035812672,True,GLOBAL_ALL_CELLS,4522,0.05,Skill_RMSE / squared-error loss difference
39087005_10_49,xgboost_direct,7,lags_only,0.0006,0.002552398871119473,True,GLOBAL_ALL_CELLS,4522,0.05,Skill_RMSE / squared-error loss difference
40194002_10_49,sarima,1,lags_only,0.3641,0.4544466464256141,False,GLOBAL_ALL_CELLS,4522,0.05,Skill_RMSE / squared-error loss difference
40194002_10_49,sarima,2,lags_only,0.3259,0.42679403417318273,False,GLOBAL_ALL_CELLS,4522,0.05,Skill_RMSE / squared-error loss difference
40194002_10_49,sarima,3,lags_only,0.1977,0.2961243458098708,False,GLOBAL_ALL_CELLS,4522,0.05,Skill_RMSE / squared-error loss difference
40194002_10_49,sarima,4,lags_only,0.0953,0.1674879906723669,False,GLOBAL_ALL_CELLS,4522,0.05,Skill_RMSE / squared-error loss difference
40194002_10_49,sarima,5,lags_only,0.0588,0.11436283870967742,False,GLOBAL_ALL_CELLS,4522,0.05,Skill_RMSE / squared-error loss difference
40194002_10_49,sarima,6,lags_only,0.0785,0.14389014997973246,False,GLOBAL_ALL_CELLS,4522,0.05,Skill_RMSE / squared-error loss difference
40194002_10_49,sarima,7,lags_only,0.0785,0.14389014997973246,False,GLOBAL_ALL_CELLS,4522,0.05,Skill_RMSE / squared-error loss difference
40194002_10_49,xgboost_direct,1,lags_only,0.9895,1.0,False,GLOBAL_ALL_CELLS,4522,0.05,Skill_RMSE / squared-error loss difference
40194002_10_49,xgboost_direct,2,lags_only,0.4456,0.5368820990942994,False,GLOBAL_ALL_CELLS,4522,0.05,Skill_RMSE / squared-error loss difference
40194002_10_49,xgboost_direct,3,lags_only,0.3471,0.44577852882703783,False,GLOBAL_ALL_CELLS,4522,0.05,Skill_RMSE / squared-error loss difference
40194002_10_49,xgboost_direct,4,lags_only,0.3277,0.42840688060132986,False,GLOBAL_ALL_CELLS,4522,0.05,Skill_RMSE / squared-error loss difference
40194002_10_49,xgboost_direct,5,lags_only,0.5891,0.6816556294779939,False,GLOBAL_ALL_CELLS,4522,0.05,Skill_RMSE / squared-error loss difference
40194002_10_49,xgboost_direct,6,lags_only,0.3593,0.4518227474972191,False,GLOBAL_ALL_CELLS,4522,0.05,Skill_RMSE / squared-error loss difference
40194002_10_49,xgboost_direct,7,lags_only,0.2505,0.3535458801498127,False,GLOBAL_ALL_CELLS,4522,0.05,Skill_RMSE / squared-error loss difference
41004006_10_49,sarima,1,lags_only,0.4056,0.49517365010799136,False,GLOBAL_ALL_CELLS,4522,0.05,Skill_RMSE / squared-error loss difference
41004006_10_49,sarima,2,lags_only,0.0004,0.0018106106106106107,True,GLOBAL_ALL_CELLS,4522,0.05,Skill_RMSE / squared-error loss difference
41004006_10_49,sarima,3,lags_only,0.0,0.0,True,GLOBAL_ALL_CELLS,4522,0.05,Skill_RMSE / squared-error loss difference
41004006_10_49,sarima,4,lags_only,0.0,0.0,True,GLOBAL_ALL_CELLS,4522,0.05,Skill_RMSE / squared-error loss difference
41004006_10_49,sarima,5,lags_only,0.0,0.0,True,GLOBAL_ALL_CELLS,4522,0.05,Skill_RMSE / squared-error loss difference
41004006_10_49,sarima,6,lags_only,0.0001,0.0005270396270396271,True,GLOBAL_ALL_CELLS,4522,0.05,Skill_RMSE / squared-error loss difference
41004006_10_49,sarima,7,lags_only,0.0023,0.008163736263736263,True,GLOBAL_ALL_CELLS,4522,0.05,Skill_RMSE / squared-error loss difference
41004006_10_49,xgboost_direct,1,lags_only,0.9946,1.0,False,GLOBAL_ALL_CELLS,4522,0.05,Skill_RMSE / squared-error loss difference
41004006_10_49,xgboost_direct,2,lags_only,0.17,0.2632671232876712,False,GLOBAL_ALL_CELLS,4522,0.05,Skill_RMSE / squared-error loss difference
41004006_10_49,xgboost_direct,3,lags_only,0.0065,0.01947846255798542,True,GLOBAL_ALL_CELLS,4522,0.05,Skill_RMSE / squared-error loss difference
41004006_10_49,xgboost_direct,4,lags_only,0.0004,0.0018106106106106107,True,GLOBAL_ALL_CELLS,4522,0.05,Skill_RMSE / squared-error loss difference
41004006_10_49,xgboost_direct,5,lags_only,0.0001,0.0005270396270396271,True,GLOBAL_ALL_CELLS,4522,0.05,Skill_RMSE / squared-error loss difference
41004006_10_49,xgboost_direct,6,lags_only,0.0,0.0,True,GLOBAL_ALL_CELLS,4522,0.05,Skill_RMSE / squared-error loss difference
41004006_10_49,xgboost_direct,7,lags_only,0.0,0.0,True,GLOBAL_ALL_CELLS,4522,0.05,Skill_RMSE / squared-error loss difference
41049001_10_49,sarima,1,lags_only,0.0354,0.07673959731543624,False,GLOBAL_ALL_CELLS,4522,0.05,Skill_RMSE / squared-error loss difference
41049001_10_49,sarima,2,lags_only,0.0084,0.024147997457088365,True,GLOBAL_ALL_CELLS,4522,0.05,Skill_RMSE / squared-error loss difference
41049001_10_49,sarima,3,lags_only,0.0644,0.12277268128161888,False,GLOBAL_ALL_CELLS,4522,0.05,Skill_RMSE / squared-error loss difference
41049001_10_49,sarima,4,lags_only,0.2283,0.32909550525980236,False,GLOBAL_ALL_CELLS,4522,0.05,Skill_RMSE / squared-error loss difference
41049001_10_49,sarima,5,lags_only,0.3654,0.4556918918918919,False,GLOBAL_ALL_CELLS,4522,0.05,Skill_RMSE / squared-error loss difference
41049001_10_49,sarima,6,lags_only,0.599,0.691165603470273,False,GLOBAL_ALL_CELLS,4522,0.05,Skill_RMSE / squared-error loss difference
41049001_10_49,sarima,7,lags_only,0.991,1.0,False,GLOBAL_ALL_CELLS,4522,0.05,Skill_RMSE / squared-error loss difference
41049001_10_49,xgboost_direct,1,lags_only,1.0,1.0,False,GLOBAL_ALL_CELLS,4522,0.05,Skill_RMSE / squared-error loss difference
41049001_10_49,xgboost_direct,2,lags_only,0.2707,0.37354452242905095,False,GLOBAL_ALL_CELLS,4522,0.05,Skill_RMSE / squared-error loss difference
41049001_10_49,xgboost_direct,3,lags_only,0.0034,0.011271847507331378,True,GLOBAL_ALL_CELLS,4522,0.05,Skill_RMSE / squared-error loss difference
41049001_10_49,xgboost_direct,4,lags_only,0.0359,0.0774891646778043,False,GLOBAL_ALL_CELLS,4522,0.05,Skill_RMSE / squared-error loss difference
41049001_10_49,xgboost_direct,5,lags_only,0.0335,0.07407677261613693,False,GLOBAL_ALL_CELLS,4522,0.05,Skill_RMSE / squared-error loss difference
41049001_10_49,xgboost_direct,6,lags_only,0.0168,0.04239375,True,GLOBAL_ALL_CELLS,4522,0.05,Skill_RMSE / squared-error loss difference
41049001_10_49,xgboost_direct,7,lags_only,0.0195,0.04797551686615887,True,GLOBAL_ALL_CELLS,4522,0.05,Skill_RMSE / squared-error loss difference
41059001_10_49,sarima,1,lags_only,0.1276,0.21004994539497635,False,GLOBAL_ALL_CELLS,4522,0.05,Skill_RMSE / squared-error loss difference
41059001_10_49,sarima,2,lags_only,0.0634,0.12132661870503597,False,GLOBAL_ALL_CELLS,4522,0.05,Skill_RMSE / squared-error loss difference
41059001_10_49,sarima,3,lags_only,0.0422,0.087858379373849,False,GLOBAL_ALL_CELLS,4522,0.05,Skill_RMSE / squared-error loss difference
41059001_10_49,sarima,4,lags_only,0.0802,0.14635367231638416,False,GLOBAL_ALL_CELLS,4522,0.05,Skill_RMSE / squared-error loss difference
41059001_10_49,sarima,5,lags_only,0.1302,0.2134751269035533,False,GLOBAL_ALL_CELLS,4522,0.05,Skill_RMSE / squared-error loss difference
41059001_10_49,sarima,6,lags_only,0.2136,0.31329847551086604,False,GLOBAL_ALL_CELLS,4522,0.05,Skill_RMSE / squared-error loss difference
41059001_10_49,sarima,7,lags_only,0.4165,0.5061577532921258,False,GLOBAL_ALL_CELLS,4522,0.05,Skill_RMSE / squared-error loss difference
41059001_10_49,xgboost_direct,1,lags_only,0.998,1.0,False,GLOBAL_ALL_CELLS,4522,0.05,Skill_RMSE / squared-error loss difference
41059001_10_49,xgboost_direct,2,lags_only,0.5704,0.6635834319526628,False,GLOBAL_ALL_CELLS,4522,0.05,Skill_RMSE / squared-error loss difference
41059001_10_49,xgboost_direct,3,lags_only,0.8734,0.9573356761997092,False,GLOBAL_ALL_CELLS,4522,0.05,Skill_RMSE / squared-error loss difference
41059001_10_49,xgboost_direct,4,lags_only,0.0604,0.11657225778915921,False,GLOBAL_ALL_CELLS,4522,0.05,Skill_RMSE / squared-error loss difference
41059001_10_49,xgboost_direct,5,lags_only,0.4165,0.5061577532921258,False,GLOBAL_ALL_CELLS,4522,0.05,Skill_RMSE / squared-error loss difference
41059001_10_49,xgboost_direct,6,lags_only,0.8311,0.9183206450036648,False,GLOBAL_ALL_CELLS,4522,0.05,Skill_RMSE / squared-error loss difference
41059001_10_49,xgboost_direct,7,lags_only,0.5406,0.6343002594706798,False,GLOBAL_ALL_CELLS,4522,0.05,Skill_RMSE / squared-error loss difference
41088001_10_49,sarima,1,lags_only,0.3453,0.4448586727428083,False,GLOBAL_ALL_CELLS,4522,0.05,Skill_RMSE / squared-error loss difference
41088001_10_49,sarima,2,lags_only,0.0053,0.01646057692307692,True,GLOBAL_ALL_CELLS,4522,0.05,Skill_RMSE / squared-error loss difference
41088001_10_49,sarima,3,lags_only,0.0001,0.0005270396270396271,True,GLOBAL_ALL_CELLS,4522,0.05,Skill_RMSE / squared-error loss difference
41088001_10_49,sarima,4,lags_only,0.0004,0.0018106106106106107,True,GLOBAL_ALL_CELLS,4522,0.05,Skill_RMSE / squared-error loss difference
41088001_10_49,sarima,5,lags_only,0.0005,0.0021887705711519847,True,GLOBAL_ALL_CELLS,4522,0.05,Skill_RMSE / squared-error loss difference
41088001_10_49,sarima,6,lags_only,0.0007,0.0029120515179392823,True,GLOBAL_ALL_CELLS,4522,0.05,Skill_RMSE / squared-error loss difference
41088001_10_49,sarima,7,lags_only,0.0007,0.0029120515179392823,True,GLOBAL_ALL_CELLS,4522,0.05,Skill_RMSE / squared-error loss difference
41088001_10_49,xgboost_direct,1,lags_only,0.8139,0.9031793374233128,False,GLOBAL_ALL_CELLS,4522,0.05,Skill_RMSE / squared-error loss difference
41088001_10_49,xgboost_direct,2,lags_only,0.3401,0.4407945543135569,False,GLOBAL_ALL_CELLS,4522,0.05,Skill_RMSE / squared-error loss difference
41088001_10_49,xgboost_direct,3,lags_only,0.2389,0.340360995589162,False,GLOBAL_ALL_CELLS,4522,0.05,Skill_RMSE / squared-error loss difference
41088001_10_49,xgboost_direct,4,lags_only,0.1674,0.26022096940529393,False,GLOBAL_ALL_CELLS,4522,0.05,Skill_RMSE / squared-error loss difference
41088001_10_49,xgboost_direct,5,lags_only,0.004,0.012984924623115578,True,GLOBAL_ALL_CELLS,4522,0.05,Skill_RMSE / squared-error loss difference
41088001_10_49,xgboost_direct,6,lags_only,0.0,0.0,True,GLOBAL_ALL_CELLS,4522,0.05,Skill_RMSE / squared-error loss difference
41088001_10_49,xgboost_direct,7,lags_only,0.0008,0.003244484304932736,True,GLOBAL_ALL_CELLS,4522,0.05,Skill_RMSE / squared-error loss difference
41091009_10_49,sarima,1,lags_only,0.4327,0.5237337794432547,False,GLOBAL_ALL_CELLS,4522,0.05,Skill_RMSE / squared-error loss difference
41091009_10_49,sarima,2,lags_only,0.0117,0.031776216216216215,True,GLOBAL_ALL_CELLS,4522,0.05,Skill_RMSE / squared-error loss difference
41091009_10_49,sarima,3,lags_only,0.0371,0.07951004739336492,False,GLOBAL_ALL_CELLS,4522,0.05,Skill_RMSE / squared-error loss difference
41091009_10_49,sarima,4,lags_only,0.1115,0.18834628315278298,False,GLOBAL_ALL_CELLS,4522,0.05,Skill_RMSE / squared-error loss difference
41091009_10_49,sarima,5,lags_only,0.2584,0.36108924598269476,False,GLOBAL_ALL_CELLS,4522,0.05,Skill_RMSE / squared-error loss difference
41091009_10_49,sarima,6,lags_only,0.4211,0.5113357142857142,False,GLOBAL_ALL_CELLS,4522,0.05,Skill_RMSE / squared-error loss difference
41091009_10_49,sarima,7,lags_only,0.5491,0.6424398965071152,False,GLOBAL_ALL_CELLS,4522,0.05,Skill_RMSE / squared-error loss difference
41091009_10_49,xgboost_direct,1,lags_only,1.0,1.0,False,GLOBAL_ALL_CELLS,4522,0.05,Skill_RMSE / squared-error loss difference
41091009_10_49,xgboost_direct,2,lags_only,0.327,0.4279866859623734,False,GLOBAL_ALL_CELLS,4522,0.05,Skill_RMSE / squared-error loss difference
41091009_10_49,xgboost_direct,3,lags_only,0.0829,0.1503102646351243,False,GLOBAL_ALL_CELLS,4522,0.05,Skill_RMSE / squared-error loss difference
41091009_10_49,xgboost_direct,4,lags_only,0.0166,0.04205333333333334,True,GLOBAL_ALL_CELLS,4522,0.05,Skill_RMSE / squared-error loss difference
41091009_10_49,xgboost_direct,5,lags_only,0.0041,0.013252466047176557,True,GLOBAL_ALL_CELLS,4522,0.05,Skill_RMSE / squared-error loss difference
41091009_10_49,xgboost_direct,6,lags_only,0.0001,0.0005270396270396271,True,GLOBAL_ALL_CELLS,4522,0.05,Skill_RMSE / squared-error loss difference
41091009_10_49,xgboost_direct,7,lags_only,0.0002,0.0009819761129207384,True,GLOBAL_ALL_CELLS,4522,0.05,Skill_RMSE / squared-error loss difference
41091015_10_49,sarima,1,lags_only,0.9128,0.9918629985583856,False,GLOBAL_ALL_CELLS,4522,0.05,Skill_RMSE / squared-error loss difference
41091015_10_49,sarima,2,lags_only,0.0264,0.061095598771750255,False,GLOBAL_ALL_CELLS,4522,0.05,Skill_RMSE / squared-error loss difference
41091015_10_49,sarima,3,lags_only,0.008,0.023249357326478152,True,GLOBAL_ALL_CELLS,4522,0.05,Skill_RMSE / squared-error loss difference
41091015_10_49,sarima,4,lags_only,0.0668,0.12644185851820844,False,GLOBAL_ALL_CELLS,4522,0.05,Skill_RMSE / squared-error loss difference
41091015_10_49,sarima,5,lags_only,0.0945,0.1667113016367888,False,GLOBAL_ALL_CELLS,4522,0.05,Skill_RMSE / squared-error loss difference
41091015_10_49,sarima,6,lags_only,0.1323,0.21629088937093274,False,GLOBAL_ALL_CELLS,4522,0.05,Skill_RMSE / squared-error loss difference
41091015_10_49,sarima,7,lags_only,0.161,0.2527046164526206,False,GLOBAL_ALL_CELLS,4522,0.05,Skill_RMSE / squared-error loss difference
41091015_10_49,xgboost_direct,1,lags_only,1.0,1.0,False,GLOBAL_ALL_CELLS,4522,0.05,Skill_RMSE / squared-error loss difference
41091015_10_49,xgboost_direct,2,lags_only,0.9993,1.0,False,GLOBAL_ALL_CELLS,4522,0.05,Skill_RMSE / squared-error loss difference
41091015_10_49,xgboost_direct,3,lags_only,0.7669,0.8573354264524105,False,GLOBAL_ALL_CELLS,4522,0.05,Skill_RMSE / squared-error loss difference
41091015_10_49,xgboost_direct,4,lags_only,0.4972,0.5894961719979025,False,GLOBAL_ALL_CELLS,4522,0.05,Skill_RMSE / squared-error loss difference
41091015_10_49,xgboost_direct,5,lags_only,0.193,0.29081839386871045,False,GLOBAL_ALL_CELLS,4522,0.05,Skill_RMSE / squared-error loss difference
41091015_10_49,xgboost_direct,6,lags_only,0.1446,0.23170843373493977,False,GLOBAL_ALL_CELLS,4522,0.05,Skill_RMSE / squared-error loss difference
41091015_10_49,xgboost_direct,7,lags_only,0.0541,0.10664350479511771,False,GLOBAL_ALL_CELLS,4522,0.05,Skill_RMSE / squared-error loss difference
41091016_10_49,sarima,1,lags_only,0.1172,0.1962156238430211,False,GLOBAL_ALL_CELLS,4522,0.05,Skill_RMSE / squared-error loss difference
41091016_10_49,sarima,2,lags_only,0.0312,0.07057848924462232,False,GLOBAL_ALL_CELLS,4522,0.05,Skill_RMSE / squared-error loss difference
41091016_10_49,sarima,3,lags_only,0.096,0.1681952731499419,False,GLOBAL_ALL_CELLS,4522,0.05,Skill_RMSE / squared-error loss difference
41091016_10_49,sarima,4,lags_only,0.2285,0.32927884002549396,False,GLOBAL_ALL_CELLS,4522,0.05,Skill_RMSE / squared-error loss difference
41091016_10_49,sarima,5,lags_only,0.4249,0.5151200536193029,False,GLOBAL_ALL_CELLS,4522,0.05,Skill_RMSE / squared-error loss difference
41091016_10_49,sarima,6,lags_only,0.6208,0.7135886120996441,False,GLOBAL_ALL_CELLS,4522,0.05,Skill_RMSE / squared-error loss difference
41091016_10_49,sarima,7,lags_only,0.7595,0.8499032417718386,False,GLOBAL_ALL_CELLS,4522,0.05,Skill_RMSE / squared-error loss difference
41091016_10_49,xgboost_direct,1,lags_only,1.0,1.0,False,GLOBAL_ALL_CELLS,4522,0.05,Skill_RMSE / squared-error loss difference
41091016_10_49,xgboost_direct,2,lags_only,0.5148,0.6081310344827586,False,GLOBAL_ALL_CELLS,4522,0.05,Skill_RMSE / squared-error loss difference
41091016_10_49,xgboost_direct,3,lags_only,0.0008,0.003244484304932736,True,GLOBAL_ALL_CELLS,4522,0.05,Skill_RMSE / squared-error loss difference
41091016_10_49,xgboost_direct,4,lags_only,0.0009,0.003585726872246696,True,GLOBAL_ALL_CELLS,4522,0.05,Skill_RMSE / squared-error loss difference
41091016_10_49,xgboost_direct,5,lags_only,0.0013,0.004969230769230769,True,GLOBAL_ALL_CELLS,4522,0.05,Skill_RMSE / squared-error loss difference
41091016_10_49,xgboost_direct,6,lags_only,0.0001,0.0005270396270396271,True,GLOBAL_ALL_CELLS,4522,0.05,Skill_RMSE / squared-error loss difference
41091016_10_49,xgboost_direct,7,lags_only,0.0001,0.0005270396270396271,True,GLOBAL_ALL_CELLS,4522,0.05,Skill_RMSE / squared-error loss difference
41091018_10_49,sarima,1,lags_only,0.0923,0.1636145041160329,False,GLOBAL_ALL_CELLS,4522,0.05,Skill_RMSE / squared-error loss difference
41091018_10_49,sarima,2,lags_only,0.0114,0.031092159227985527,True,GLOBAL_ALL_CELLS,4522,0.05,Skill_RMSE / squared-error loss difference
41091018_10_49,sarima,3,lags_only,0.0191,0.047171054068814854,True,GLOBAL_ALL_CELLS,4522,0.05,Skill_RMSE / squared-error loss difference
41091018_10_49,sarima,4,lags_only,0.1083,0.18438727409638553,False,GLOBAL_ALL_CELLS,4522,0.05,Skill_RMSE / squared-error loss difference
41091018_10_49,sarima,5,lags_only,0.5358,0.6294849571317225,False,GLOBAL_ALL_CELLS,4522,0.05,Skill_RMSE / squared-error loss difference
41091018_10_49,sarima,6,lags_only,0.9205,0.9982016786570744,False,GLOBAL_ALL_CELLS,4522,0.05,Skill_RMSE / squared-error loss difference
41091018_10_49,sarima,7,lags_only,0.9939,1.0,False,GLOBAL_ALL_CELLS,4522,0.05,Skill_RMSE / squared-error loss difference
41091018_10_49,xgboost_direct,1,lags_only,1.0,1.0,False,GLOBAL_ALL_CELLS,4522,0.05,Skill_RMSE / squared-error loss difference
41091018_10_49,xgboost_direct,2,lags_only,0.9006,0.9813284819277108,False,GLOBAL_ALL_CELLS,4522,0.05,Skill_RMSE / squared-error loss difference
41091018_10_49,xgboost_direct,3,lags_only,0.4249,0.5151200536193029,False,GLOBAL_ALL_CELLS,4522,0.05,Skill_RMSE / squared-error loss difference
41091018_10_49,xgboost_direct,4,lags_only,0.2709,0.37370646735814517,False,GLOBAL_ALL_CELLS,4522,0.05,Skill_RMSE / squared-error loss difference
41091018_10_49,xgboost_direct,5,lags_only,0.0968,0.16900756756756757,False,GLOBAL_ALL_CELLS,4522,0.05,Skill_RMSE / squared-error loss difference
41091018_10_49,xgboost_direct,6,lags_only,0.0117,0.031776216216216215,True,GLOBAL_ALL_CELLS,4522,0.05,Skill_RMSE / squared-error loss difference
41091018_10_49,xgboost_direct,7,lags_only,0.0318,0.0715420895522388,False,GLOBAL_ALL_CELLS,4522,0.05,Skill_RMSE / squared-error loss difference
42173001_10_49,sarima,1,lags_only,0.001,0.003945898778359511,True,GLOBAL_ALL_CELLS,4522,0.05,Skill_RMSE / squared-error loss difference
42173001_10_49,sarima,2,lags_only,0.0,0.0,True,GLOBAL_ALL_CELLS,4522,0.05,Skill_RMSE / squared-error loss difference
42173001_10_49,sarima,3,lags_only,0.0,0.0,True,GLOBAL_ALL_CELLS,4522,0.05,Skill_RMSE / squared-error loss difference
42173001_10_49,sarima,4,lags_only,0.0,0.0,True,GLOBAL_ALL_CELLS,4522,0.05,Skill_RMSE / squared-error loss difference
42173001_10_49,sarima,5,lags_only,0.0,0.0,True,GLOBAL_ALL_CELLS,4522,0.05,Skill_RMSE / squared-error loss difference
42173001_10_49,sarima,6,lags_only,0.0001,0.0005270396270396271,True,GLOBAL_ALL_CELLS,4522,0.05,Skill_RMSE / squared-error loss difference
42173001_10_49,sarima,7,lags_only,0.0008,0.003244484304932736,True,GLOBAL_ALL_CELLS,4522,0.05,Skill_RMSE / squared-error loss difference
42173001_10_49,xgboost_direct,1,lags_only,0.9999,1.0,False,GLOBAL_ALL_CELLS,4522,0.05,Skill_RMSE / squared-error loss difference
42173001_10_49,xgboost_direct,2,lags_only,0.0018,0.006617560975609756,True,GLOBAL_ALL_CELLS,4522,0.05,Skill_RMSE / squared-error loss difference
42173001_10_49,xgboost_direct,3,lags_only,0.0,0.0,True,GLOBAL_ALL_CELLS,4522,0.05,Skill_RMSE / squared-error loss difference
42173001_10_49,xgboost_direct,4,lags_only,0.0,0.0,True,GLOBAL_ALL_CELLS,4522,0.05,Skill_RMSE / squared-error loss difference
42173001_10_49,xgboost_direct,5,lags_only,0.0,0.0,True,GLOBAL_ALL_CELLS,4522,0.05,Skill_RMSE / squared-error loss difference
42173001_10_49,xgboost_direct,6,lags_only,0.0,0.0,True,GLOBAL_ALL_CELLS,4522,0.05,Skill_RMSE / squared-error loss difference
42173001_10_49,xgboost_direct,7,lags_only,0.0,0.0,True,GLOBAL_ALL_CELLS,4522,0.05,Skill_RMSE / squared-error loss difference
43123005_10_47,sarima,1,lags_only,0.3744,0.464481975308642,False,GLOBAL_ALL_CELLS,4522,0.05,Skill_RMSE / squared-error loss difference
43123005_10_47,sarima,2,lags_only,0.0,0.0,True,GLOBAL_ALL_CELLS,4522,0.05,Skill_RMSE / squared-error loss difference
43123005_10_47,sarima,3,lags_only,0.0,0.0,True,GLOBAL_ALL_CELLS,4522,0.05,Skill_RMSE / squared-error loss difference
43123005_10_47,sarima,4,lags_only,0.0,0.0,True,GLOBAL_ALL_CELLS,4522,0.05,Skill_RMSE / squared-error loss difference
43123005_10_47,sarima,5,lags_only,0.0,0.0,True,GLOBAL_ALL_CELLS,4522,0.05,Skill_RMSE / squared-error loss difference
43123005_10_47,sarima,6,lags_only,0.0,0.0,True,GLOBAL_ALL_CELLS,4522,0.05,Skill_RMSE / squared-error loss difference
43123005_10_47,sarima,7,lags_only,0.0002,0.0009819761129207384,True,GLOBAL_ALL_CELLS,4522,0.05,Skill_RMSE / squared-error loss difference
43123005_10_47,xgboost_direct,1,lags_only,0.9981,1.0,False,GLOBAL_ALL_CELLS,4522,0.05,Skill_RMSE / squared-error loss difference
43123005_10_47,xgboost_direct,2,lags_only,0.2111,0.3103362158647594,False,GLOBAL_ALL_CELLS,4522,0.05,Skill_RMSE / squared-error loss difference
43123005_10_47,xgboost_direct,3,lags_only,0.0043,0.01380028388928318,True,GLOBAL_ALL_CELLS,4522,0.05,Skill_RMSE / squared-error loss difference
43123005_10_47,xgboost_direct,4,lags_only,0.0,0.0,True,GLOBAL_ALL_CELLS,4522,0.05,Skill_RMSE / squared-error loss difference
43123005_10_47,xgboost_direct,5,lags_only,0.0,0.0,True,GLOBAL_ALL_CELLS,4522,0.05,Skill_RMSE / squared-error loss difference
43123005_10_47,xgboost_direct,6,lags_only,0.0,0.0,True,GLOBAL_ALL_CELLS,4522,0.05,Skill_RMSE / squared-error loss difference
43123005_10_47,xgboost_direct,7,lags_only,0.0,0.0,True,GLOBAL_ALL_CELLS,4522,0.05,Skill_RMSE / squared-error loss difference
45081004_10_49,sarima,1,lags_only,0.1651,0.25753094170403584,False,GLOBAL_ALL_CELLS,4522,0.05,Skill_RMSE / squared-error loss difference
45081004_10_49,sarima,2,lags_only,0.0137,0.036081188118811884,True,GLOBAL_ALL_CELLS,4522,0.05,Skill_RMSE / squared-error loss difference
45081004_10_49,sarima,3,lags_only,0.0056,0.017226666666666668,True,GLOBAL_ALL_CELLS,4522,0.05,Skill_RMSE / squared-error loss difference
45081004_10_49,sarima,4,lags_only,0.0026,0.009044,True,GLOBAL_ALL_CELLS,4522,0.05,Skill_RMSE / squared-error loss difference
45081004_10_49,sarima,5,lags_only,0.0008,0.003244484304932736,True,GLOBAL_ALL_CELLS,4522,0.05,Skill_RMSE / squared-error loss difference
45081004_10_49,sarima,6,lags_only,0.0088,0.025043171806167403,True,GLOBAL_ALL_CELLS,4522,0.05,Skill_RMSE / squared-error loss difference
45081004_10_49,sarima,7,lags_only,0.0213,0.05139733191035219,False,GLOBAL_ALL_CELLS,4522,0.05,Skill_RMSE / squared-error loss difference
45081004_10_49,xgboost_direct,1,lags_only,0.3056,0.40836973995271864,False,GLOBAL_ALL_CELLS,4522,0.05,Skill_RMSE / squared-error loss difference
45081004_10_49,xgboost_direct,2,lags_only,0.0485,0.09760436137071651,False,GLOBAL_ALL_CELLS,4522,0.05,Skill_RMSE / squared-error loss difference
45081004_10_49,xgboost_direct,3,lags_only,0.0,0.0,True,GLOBAL_ALL_CELLS,4522,0.05,Skill_RMSE / squared-error loss difference
45081004_10_49,xgboost_direct,4,lags_only,0.0,0.0,True,GLOBAL_ALL_CELLS,4522,0.05,Skill_RMSE / squared-error loss difference
45081004_10_49,xgboost_direct,5,lags_only,0.0,0.0,True,GLOBAL_ALL_CELLS,4522,0.05,Skill_RMSE / squared-error loss difference
45081004_10_49,xgboost_direct,6,lags_only,0.0,0.0,True,GLOBAL_ALL_CELLS,4522,0.05,Skill_RMSE / squared-error loss difference
45081004_10_49,xgboost_direct,7,lags_only,0.0,0.0,True,GLOBAL_ALL_CELLS,4522,0.05,Skill_RMSE / squared-error loss difference
45168002_10_49,sarima,1,lags_only,0.3069,0.40901909814323606,False,GLOBAL_ALL_CELLS,4522,0.05,Skill_RMSE / squared-error loss difference
45168002_10_49,sarima,2,lags_only,0.0002,0.0009819761129207384,True,GLOBAL_ALL_CELLS,4522,0.05,Skill_RMSE / squared-error loss difference
45168002_10_49,sarima,3,lags_only,0.0001,0.0005270396270396271,True,GLOBAL_ALL_CELLS,4522,0.05,Skill_RMSE / squared-error loss difference
45168002_10_49,sarima,4,lags_only,0.0006,0.002552398871119473,True,GLOBAL_ALL_CELLS,4522,0.05,Skill_RMSE / squared-error loss difference
45168002_10_49,sarima,5,lags_only,0.0038,0.012406931407942237,True,GLOBAL_ALL_CELLS,4522,0.05,Skill_RMSE / squared-error loss difference
45168002_10_49,sarima,6,lags_only,0.0272,0.06269031600407747,False,GLOBAL_ALL_CELLS,4522,0.05,Skill_RMSE / squared-error loss difference
45168002_10_49,sarima,7,lags_only,0.1125,0.18975195822454308,False,GLOBAL_ALL_CELLS,4522,0.05,Skill_RMSE / squared-error loss difference
45168002_10_49,xgboost_direct,1,lags_only,0.8996,0.9804751024343215,False,GLOBAL_ALL_CELLS,4522,0.05,Skill_RMSE / squared-error loss difference
45168002_10_49,xgboost_direct,2,lags_only,0.0498,0.09964407079646018,False,GLOBAL_ALL_CELLS,4522,0.05,Skill_RMSE / squared-error loss difference
45168002_10_49,xgboost_direct,3,lags_only,0.001,0.003945898778359511,True,GLOBAL_ALL_CELLS,4522,0.05,Skill_RMSE / squared-error loss difference
45168002_10_49,xgboost_direct,4,lags_only,0.0,0.0,True,GLOBAL_ALL_CELLS,4522,0.05,Skill_RMSE / squared-error loss difference
45168002_10_49,xgboost_direct,5,lags_only,0.0001,0.0005270396270396271,True,GLOBAL_ALL_CELLS,4522,0.05,Skill_RMSE / squared-error loss difference
45168002_10_49,xgboost_direct,6,lags_only,0.0005,0.0021887705711519847,True,GLOBAL_ALL_CELLS,4522,0.05,Skill_RMSE / squared-error loss difference
45168002_10_49,xgboost_direct,7,lags_only,0.0013,0.004969230769230769,True,GLOBAL_ALL_CELLS,4522,0.05,Skill_RMSE / squared-error loss difference
46010001_10_46,sarima,1,lags_only,0.2695,0.37222938301771535,False,GLOBAL_ALL_CELLS,4522,0.05,Skill_RMSE / squared-error loss difference
46010001_10_46,sarima,2,lags_only,0.3457,0.4451182801822324,False,GLOBAL_ALL_CELLS,4522,0.05,Skill_RMSE / squared-error loss difference
46010001_10_46,sarima,3,lags_only,0.5604,0.6536313644570544,False,GLOBAL_ALL_CELLS,4522,0.05,Skill_RMSE / squared-error loss difference
46010001_10_46,sarima,4,lags_only,0.4474,0.5387863648468708,False,GLOBAL_ALL_CELLS,4522,0.05,Skill_RMSE / squared-error loss difference
46010001_10_46,sarima,5,lags_only,0.284,0.38623999999999997,False,GLOBAL_ALL_CELLS,4522,0.05,Skill_RMSE / squared-error loss difference
46010001_10_46,sarima,6,lags_only,0.3222,0.4237895287958115,False,GLOBAL_ALL_CELLS,4522,0.05,Skill_RMSE / squared-error loss difference
46010001_10_46,sarima,7,lags_only,0.3179,0.4200887784921099,False,GLOBAL_ALL_CELLS,4522,0.05,Skill_RMSE / squared-error loss difference
46010001_10_46,xgboost_direct,1,lags_only,1.0,1.0,False,GLOBAL_ALL_CELLS,4522,0.05,Skill_RMSE / squared-error loss difference
46010001_10_46,xgboost_direct,2,lags_only,0.4377,0.528794923857868,False,GLOBAL_ALL_CELLS,4522,0.05,Skill_RMSE / squared-error loss difference
46010001_10_46,xgboost_direct,3,lags_only,0.7268,0.8175596019900497,False,GLOBAL_ALL_CELLS,4522,0.05,Skill_RMSE / squared-error loss difference
46010001_10_46,xgboost_direct,4,lags_only,0.1253,0.20709305555555554,False,GLOBAL_ALL_CELLS,4522,0.05,Skill_RMSE / squared-error loss difference
46010001_10_46,xgboost_direct,5,lags_only,0.1932,0.2910227848101266,False,GLOBAL_ALL_CELLS,4522,0.05,Skill_RMSE / squared-error loss difference
46010001_10_46,xgboost_direct,6,lags_only,0.2061,0.30486889106967613,False,GLOBAL_ALL_CELLS,4522,0.05,Skill_RMSE / squared-error loss difference
46010001_10_46,xgboost_direct,7,lags_only,0.0053,0.01646057692307692,True,GLOBAL_ALL_CELLS,4522,0.05,Skill_RMSE / squared-error loss difference
46028001_10_46,sarima,1,lags_only,0.2086,0.3077615660685155,False,GLOBAL_ALL_CELLS,4522,0.05,Skill_RMSE / squared-error loss difference
46028001_10_46,sarima,2,lags_only,0.2661,0.3689985280588777,False,GLOBAL_ALL_CELLS,4522,0.05,Skill_RMSE / squared-error loss difference
46028001_10_46,sarima,3,lags_only,0.3488,0.44656670441676105,False,GLOBAL_ALL_CELLS,4522,0.05,Skill_RMSE / squared-error loss difference
46028001_10_46,sarima,4,lags_only,0.4739,0.5654289709762533,False,GLOBAL_ALL_CELLS,4522,0.05,Skill_RMSE / squared-error loss difference
46028001_10_46,sarima,5,lags_only,0.606,0.6985296966607188,False,GLOBAL_ALL_CELLS,4522,0.05,Skill_RMSE / squared-error loss difference
46028001_10_46,sarima,6,lags_only,0.7438,0.8339855194644186,False,GLOBAL_ALL_CELLS,4522,0.05,Skill_RMSE / squared-error loss difference
46028001_10_46,sarima,7,lags_only,0.897,0.9783487698986976,False,GLOBAL_ALL_CELLS,4522,0.05,Skill_RMSE / squared-error loss difference
46028001_10_46,xgboost_direct,1,lags_only,1.0,1.0,False,GLOBAL_ALL_CELLS,4522,0.05,Skill_RMSE / squared-error loss difference
46028001_10_46,xgboost_direct,2,lags_only,0.9991,1.0,False,GLOBAL_ALL_CELLS,4522,0.05,Skill_RMSE / squared-error loss difference
46028001_10_46,xgboost_direct,3,lags_only,0.8259,0.9140283406754772,False,GLOBAL_ALL_CELLS,4522,0.05,Skill_RMSE / squared-error loss difference
46028001_10_46,xgboost_direct,4,lags_only,0.6618,0.7528703396226416,False,GLOBAL_ALL_CELLS,4522,0.05,Skill_RMSE / squared-error loss difference
46028001_10_46,xgboost_direct,5,lags_only,0.4413,0.5325750200160129,False,GLOBAL_ALL_CELLS,4522,0.05,Skill_RMSE / squared-error loss difference
46028001_10_46,xgboost_direct,6,lags_only,0.1099,0.18640952738184546,False,GLOBAL_ALL_CELLS,4522,0.05,Skill_RMSE / squared-error loss difference
46028001_10_46,xgboost_direct,7,lags_only,0.135,0.21919928186714543,False,GLOBAL_ALL_CELLS,4522,0.05,Skill_RMSE / squared-error loss difference
46095001_10_46,sarima,1,lags_only,0.8925,0.9755583756345177,False,GLOBAL_ALL_CELLS,4522,0.05,Skill_RMSE / squared-error loss difference
46095001_10_46,sarima,2,lags_only,0.8881,0.9712184280532044,False,GLOBAL_ALL_CELLS,4522,0.05,Skill_RMSE / squared-error loss difference
46095001_10_46,sarima,3,lags_only,0.9881,1.0,False,GLOBAL_ALL_CELLS,4522,0.05,Skill_RMSE / squared-error loss difference
46095001_10_46,sarima,4,lags_only,0.9987,1.0,False,GLOBAL_ALL_CELLS,4522,0.05,Skill_RMSE / squared-error loss difference
46095001_10_46,sarima,5,lags_only,0.9999,1.0,False,GLOBAL_ALL_CELLS,4522,0.05,Skill_RMSE / squared-error loss difference
46095001_10_46,sarima,6,lags_only,0.9999,1.0,False,GLOBAL_ALL_CELLS,4522,0.05,Skill_RMSE / squared-error loss difference
46095001_10_46,sarima,7,lags_only,1.0,1.0,False,GLOBAL_ALL_CELLS,4522,0.05,Skill_RMSE / squared-error loss difference
46095001_10_46,xgboost_direct,1,lags_only,1.0,1.0,False,GLOBAL_ALL_CELLS,4522,0.05,Skill_RMSE / squared-error loss difference
46095001_10_46,xgboost_direct,2,lags_only,0.9191,0.9974010559155269,False,GLOBAL_ALL_CELLS,4522,0.05,Skill_RMSE / squared-error loss difference
46095001_10_46,xgboost_direct,3,lags_only,0.8735,0.9573356761997092,False,GLOBAL_ALL_CELLS,4522,0.05,Skill_RMSE / squared-error loss difference
46095001_10_46,xgboost_direct,4,lags_only,0.8825,0.9657950145208132,False,GLOBAL_ALL_CELLS,4522,0.05,Skill_RMSE / squared-error loss difference
46095001_10_46,xgboost_direct,5,lags_only,0.4086,0.4984324790936067,False,GLOBAL_ALL_CELLS,4522,0.05,Skill_RMSE / squared-error loss difference
46095001_10_46,xgboost_direct,6,lags_only,0.3508,0.4477328817386396,False,GLOBAL_ALL_CELLS,4522,0.05,Skill_RMSE / squared-error loss difference
46095001_10_46,xgboost_direct,7,lags_only,0.3731,0.4632504667764964,False,GLOBAL_ALL_CELLS,4522,0.05,Skill_RMSE / squared-error loss difference
46102002_10_46,sarima,1,lags_only,0.0049,0.01540876216968011,True,GLOBAL_ALL_CELLS,4522,0.05,Skill_RMSE / squared-error loss difference
46102002_10_46,sarima,2,lags_only,0.0,0.0,True,GLOBAL_ALL_CELLS,4522,0.05,Skill_RMSE / squared-error loss difference
46102002_10_46,sarima,3,lags_only,0.0,0.0,True,GLOBAL_ALL_CELLS,4522,0.05,Skill_RMSE / squared-error loss difference
46102002_10_46,sarima,4,lags_only,0.0003,0.0014087227414330216,True,GLOBAL_ALL_CELLS,4522,0.05,Skill_RMSE / squared-error loss difference
46102002_10_46,sarima,5,lags_only,0.0019,0.006934463276836157,True,GLOBAL_ALL_CELLS,4522,0.05,Skill_RMSE / squared-error loss difference
46102002_10_46,sarima,6,lags_only,0.5641,0.6570467164563483,False,GLOBAL_ALL_CELLS,4522,0.05,Skill_RMSE / squared-error loss difference
46102002_10_46,sarima,7,lags_only,0.999,1.0,False,GLOBAL_ALL_CELLS,4522,0.05,Skill_RMSE / squared-error loss difference
46102002_10_46,xgboost_direct,1,lags_only,0.9655,1.0,False,GLOBAL_ALL_CELLS,4522,0.05,Skill_RMSE / squared-error loss difference
46102002_10_46,xgboost_direct,2,lags_only,0.0085,0.024358048162230674,True,GLOBAL_ALL_CELLS,4522,0.05,Skill_RMSE / squared-error loss difference
46102002_10_46,xgboost_direct,3,lags_only,0.0016,0.005964715581203628,True,GLOBAL_ALL_CELLS,4522,0.05,Skill_RMSE / squared-error loss difference
46102002_10_46,xgboost_direct,4,lags_only,0.0002,0.0009819761129207384,True,GLOBAL_ALL_CELLS,4522,0.05,Skill_RMSE / squared-error loss difference
46102002_10_46,xgboost_direct,5,lags_only,0.0,0.0,True,GLOBAL_ALL_CELLS,4522,0.05,Skill_RMSE / squared-error loss difference
46102002_10_46,xgboost_direct,6,lags_only,0.0014,0.005284474123539232,True,GLOBAL_ALL_CELLS,4522,0.05,Skill_RMSE / squared-error loss difference
46102002_10_46,xgboost_direct,7,lags_only,0.0065,0.01947846255798542,True,GLOBAL_ALL_CELLS,4522,0.05,Skill_RMSE / squared-error loss difference
46220003_10_46,sarima,1,lags_only,0.2122,0.31154818181818184,False,GLOBAL_ALL_CELLS,4522,0.05,Skill_RMSE / squared-error loss difference
46220003_10_46,sarima,2,lags_only,0.0421,0.08781190036900369,False,GLOBAL_ALL_CELLS,4522,0.05,Skill_RMSE / squared-error loss difference
46220003_10_46,sarima,3,lags_only,0.0877,0.15699897070467142,False,GLOBAL_ALL_CELLS,4522,0.05,Skill_RMSE / squared-error loss difference
46220003_10_46,sarima,4,lags_only,0.2221,0.3223158536585366,False,GLOBAL_ALL_CELLS,4522,0.05,Skill_RMSE / squared-error loss difference
46220003_10_46,sarima,5,lags_only,0.5197,0.6134386322109111,False,GLOBAL_ALL_CELLS,4522,0.05,Skill_RMSE / squared-error loss difference
46220003_10_46,sarima,6,lags_only,0.8101,0.8996248035363459,False,GLOBAL_ALL_CELLS,4522,0.05,Skill_RMSE / squared-error loss difference
46220003_10_46,sarima,7,lags_only,0.9472,1.0,False,GLOBAL_ALL_CELLS,4522,0.05,Skill_RMSE / squared-error loss difference
46220003_10_46,xgboost_direct,1,lags_only,1.0,1.0,False,GLOBAL_ALL_CELLS,4522,0.05,Skill_RMSE / squared-error loss difference
46220003_10_46,xgboost_direct,2,lags_only,0.9194,0.9974872360844529,False,GLOBAL_ALL_CELLS,4522,0.05,Skill_RMSE / squared-error loss difference
46220003_10_46,xgboost_direct,3,lags_only,0.7059,0.7974218835873095,False,GLOBAL_ALL_CELLS,4522,0.05,Skill_RMSE / squared-error loss difference
46220003_10_46,xgboost_direct,4,lags_only,0.9405,1.0,False,GLOBAL_ALL_CELLS,4522,0.05,Skill_RMSE / squared-error loss difference
46220003_10_46,xgboost_direct,5,lags_only,0.9645,1.0,False,GLOBAL_ALL_CELLS,4522,0.05,Skill_RMSE / squared-error loss difference
46220003_10_46,xgboost_direct,6,lags_only,0.6739,0.7650956063268893,False,GLOBAL_ALL_CELLS,4522,0.05,Skill_RMSE / squared-error loss difference
46220003_10_46,xgboost_direct,7,lags_only,0.5199,0.613514561586639,False,GLOBAL_ALL_CELLS,4522,0.05,Skill_RMSE / squared-error loss difference
46220010_10_46,sarima,1,lags_only,0.0001,0.0005270396270396271,True,GLOBAL_ALL_CELLS,4522,0.05,Skill_RMSE / squared-error loss difference
46220010_10_46,sarima,2,lags_only,0.0002,0.0009819761129207384,True,GLOBAL_ALL_CELLS,4522,0.05,Skill_RMSE / squared-error loss difference
46220010_10_46,sarima,3,lags_only,0.0,0.0,True,GLOBAL_ALL_CELLS,4522,0.05,Skill_RMSE / squared-error loss difference
46220010_10_46,sarima,4,lags_only,0.0009,0.003585726872246696,True,GLOBAL_ALL_CELLS,4522,0.05,Skill_RMSE / squared-error loss difference
46220010_10_46,sarima,5,lags_only,0.0107,0.029593516819571862,True,GLOBAL_ALL_CELLS,4522,0.05,Skill_RMSE / squared-error loss difference
46220010_10_46,sarima,6,lags_only,0.1198,0.2000500738552437,False,GLOBAL_ALL_CELLS,4522,0.05,Skill_RMSE / squared-error loss difference
46220010_10_46,sarima,7,lags_only,0.3192,0.4211912459877444,False,GLOBAL_ALL_CELLS,4522,0.05,Skill_RMSE / squared-error loss difference
46220010_10_46,xgboost_direct,1,lags_only,0.8244,0.912815083251714,False,GLOBAL_ALL_CELLS,4522,0.05,Skill_RMSE / squared-error loss difference
46220010_10_46,xgboost_direct,2,lags_only,0.179,0.2741070098205215,False,GLOBAL_ALL_CELLS,4522,0.05,Skill_RMSE / squared-error loss difference
46220010_10_46,xgboost_direct,3,lags_only,0.0348,0.0757293551491819,False,GLOBAL_ALL_CELLS,4522,0.05,Skill_RMSE / squared-error loss difference
46220010_10_46,xgboost_direct,4,lags_only,0.01,0.027930821494749843,True,GLOBAL_ALL_CELLS,4522,0.05,Skill_RMSE / squared-error loss difference
46220010_10_46,xgboost_direct,5,lags_only,0.015,0.03880434782608696,True,GLOBAL_ALL_CELLS,4522,0.05,Skill_RMSE / squared-error loss difference
46220010_10_46,xgboost_direct,6,lags_only,0.002,0.007229416466826539,True,GLOBAL_ALL_CELLS,4522,0.05,Skill_RMSE / squared-error loss difference
46220010_10_46,xgboost_direct,7,lags_only,0.0005,0.0021887705711519847,True,GLOBAL_ALL_CELLS,4522,0.05,Skill_RMSE / squared-error loss difference
46250030_10_46,sarima,1,lags_only,0.0,0.0,True,GLOBAL_ALL_CELLS,4522,0.05,Skill_RMSE / squared-error loss difference
46250030_10_46,sarima,2,lags_only,0.0,0.0,True,GLOBAL_ALL_CELLS,4522,0.05,Skill_RMSE / squared-error loss difference
46250030_10_46,sarima,3,lags_only,0.0,0.0,True,GLOBAL_ALL_CELLS,4522,0.05,Skill_RMSE / squared-error loss difference
46250030_10_46,sarima,4,lags_only,0.0004,0.0018106106106106107,True,GLOBAL_ALL_CELLS,4522,0.05,Skill_RMSE / squared-error loss difference
46250030_10_46,sarima,5,lags_only,0.0011,0.004273367697594502,True,GLOBAL_ALL_CELLS,4522,0.05,Skill_RMSE / squared-error loss difference
46250030_10_46,sarima,6,lags_only,0.0218,0.05232462845010616,False,GLOBAL_ALL_CELLS,4522,0.05,Skill_RMSE / squared-error loss difference
46250030_10_46,sarima,7,lags_only,0.1238,0.20528918225155846,False,GLOBAL_ALL_CELLS,4522,0.05,Skill_RMSE / squared-error loss difference
46250030_10_46,xgboost_direct,1,lags_only,0.9828,1.0,False,GLOBAL_ALL_CELLS,4522,0.05,Skill_RMSE / squared-error loss difference
46250030_10_46,xgboost_direct,2,lags_only,0.0333,0.07385120156939677,False,GLOBAL_ALL_CELLS,4522,0.05,Skill_RMSE / squared-error loss difference
46250030_10_46,xgboost_direct,3,lags_only,0.0024,0.008439191290824261,True,GLOBAL_ALL_CELLS,4522,0.05,Skill_RMSE / squared-error loss difference
46250030_10_46,xgboost_direct,4,lags_only,0.0099,0.027685714285714286,True,GLOBAL_ALL_CELLS,4522,0.05,Skill_RMSE / squared-error loss difference
46250030_10_46,xgboost_direct,5,lags_only,0.0002,0.0009819761129207384,True,GLOBAL_ALL_CELLS,4522,0.05,Skill_RMSE / squared-error loss difference
46250030_10_46,xgboost_direct,6,lags_only,0.0002,0.0009819761129207384,True,GLOBAL_ALL_CELLS,4522,0.05,Skill_RMSE / squared-error loss difference
46250030_10_46,xgboost_direct,7,lags_only,0.0034,0.011271847507331378,True,GLOBAL_ALL_CELLS,4522,0.05,Skill_RMSE / squared-error loss difference
46250046_10_46,sarima,1,lags_only,1.0,1.0,False,GLOBAL_ALL_CELLS,4522,0.05,Skill_RMSE / squared-error loss difference
46250046_10_46,sarima,2,lags_only,1.0,1.0,False,GLOBAL_ALL_CELLS,4522,0.05,Skill_RMSE / squared-error loss difference
46250046_10_46,sarima,3,lags_only,0.0,0.0,True,GLOBAL_ALL_CELLS,4522,0.05,Skill_RMSE / squared-error loss difference
46250046_10_46,sarima,4,lags_only,0.0,0.0,True,GLOBAL_ALL_CELLS,4522,0.05,Skill_RMSE / squared-error loss difference
46250046_10_46,sarima,5,lags_only,0.0,0.0,True,GLOBAL_ALL_CELLS,4522,0.05,Skill_RMSE / squared-error loss difference
46250046_10_46,sarima,6,lags_only,0.0,0.0,True,GLOBAL_ALL_CELLS,4522,0.05,Skill_RMSE / squared-error loss difference
46250046_10_46,sarima,7,lags_only,0.0,0.0,True,GLOBAL_ALL_CELLS,4522,0.05,Skill_RMSE / squared-error loss difference
46250046_10_46,xgboost_direct,1,lags_only,1.0,1.0,False,GLOBAL_ALL_CELLS,4522,0.05,Skill_RMSE / squared-error loss difference
46250046_10_46,xgboost_direct,2,lags_only,1.0,1.0,False,GLOBAL_ALL_CELLS,4522,0.05,Skill_RMSE / squared-error loss difference
46250046_10_46,xgboost_direct,3,lags_only,0.0,0.0,True,GLOBAL_ALL_CELLS,4522,0.05,Skill_RMSE / squared-error loss difference
46250046_10_46,xgboost_direct,4,lags_only,0.0,0.0,True,GLOBAL_ALL_CELLS,4522,0.05,Skill_RMSE / squared-error loss difference
46250046_10_46,xgboost_direct,5,lags_only,0.0,0.0,True,GLOBAL_ALL_CELLS,4522,0.05,Skill_RMSE / squared-error loss difference
46250046_10_46,xgboost_direct,6,lags_only,0.0,0.0,True,GLOBAL_ALL_CELLS,4522,0.05,Skill_RMSE / squared-error loss difference
46250046_10_46,xgboost_direct,7,lags_only,0.0,0.0,True,GLOBAL_ALL_CELLS,4522,0.05,Skill_RMSE / squared-error loss difference
46250047_10_46,sarima,1,lags_only,0.9997,1.0,False,GLOBAL_ALL_CELLS,4522,0.05,Skill_RMSE / squared-error loss difference
46250047_10_46,sarima,2,lags_only,0.9998,1.0,False,GLOBAL_ALL_CELLS,4522,0.05,Skill_RMSE / squared-error loss difference
46250047_10_46,sarima,3,lags_only,0.9997,1.0,False,GLOBAL_ALL_CELLS,4522,0.05,Skill_RMSE / squared-error loss difference
46250047_10_46,sarima,4,lags_only,1.0,1.0,False,GLOBAL_ALL_CELLS,4522,0.05,Skill_RMSE / squared-error loss difference
46250047_10_46,sarima,5,lags_only,1.0,1.0,False,GLOBAL_ALL_CELLS,4522,0.05,Skill_RMSE / squared-error loss difference
46250047_10_46,sarima,6,lags_only,1.0,1.0,False,GLOBAL_ALL_CELLS,4522,0.05,Skill_RMSE / squared-error loss difference
46250047_10_46,sarima,7,lags_only,1.0,1.0,False,GLOBAL_ALL_CELLS,4522,0.05,Skill_RMSE / squared-error loss difference
46250047_10_46,xgboost_direct,1,lags_only,1.0,1.0,False,GLOBAL_ALL_CELLS,4522,0.05,Skill_RMSE / squared-error loss difference
46250047_10_46,xgboost_direct,2,lags_only,0.9303,1.0,False,GLOBAL_ALL_CELLS,4522,0.05,Skill_RMSE / squared-error loss difference
46250047_10_46,xgboost_direct,3,lags_only,0.2347,0.3356462365591398,False,GLOBAL_ALL_CELLS,4522,0.05,Skill_RMSE / squared-error loss difference
46250047_10_46,xgboost_direct,4,lags_only,0.1993,0.2978303370786517,False,GLOBAL_ALL_CELLS,4522,0.05,Skill_RMSE / squared-error loss difference
46250047_10_46,xgboost_direct,5,lags_only,0.216,0.31599870592041407,False,GLOBAL_ALL_CELLS,4522,0.05,Skill_RMSE / squared-error loss difference
46250047_10_46,xgboost_direct,6,lags_only,0.1418,0.2277867140319716,False,GLOBAL_ALL_CELLS,4522,0.05,Skill_RMSE / squared-error loss difference
46250047_10_46,xgboost_direct,7,lags_only,0.0846,0.15284107071514183,False,GLOBAL_ALL_CELLS,4522,0.05,Skill_RMSE / squared-error loss difference
46250048_10_46,sarima,1,lags_only,0.0711,0.1327473988439306,False,GLOBAL_ALL_CELLS,4522,0.05,Skill_RMSE / squared-error loss difference
46250048_10_46,sarima,2,lags_only,0.0142,0.03722457971014493,True,GLOBAL_ALL_CELLS,4522,0.05,Skill_RMSE / squared-error loss difference
46250048_10_46,sarima,3,lags_only,0.0431,0.08944387333639284,False,GLOBAL_ALL_CELLS,4522,0.05,Skill_RMSE / squared-error loss difference
46250048_10_46,sarima,4,lags_only,0.1512,0.239904,False,GLOBAL_ALL_CELLS,4522,0.05,Skill_RMSE / squared-error loss difference
46250048_10_46,sarima,5,lags_only,0.3654,0.4556918918918919,False,GLOBAL_ALL_CELLS,4522,0.05,Skill_RMSE / squared-error loss difference
46250048_10_46,sarima,6,lags_only,0.7785,0.8687998519249753,False,GLOBAL_ALL_CELLS,4522,0.05,Skill_RMSE / squared-error loss difference
46250048_10_46,sarima,7,lags_only,0.9537,1.0,False,GLOBAL_ALL_CELLS,4522,0.05,Skill_RMSE / squared-error loss difference
46250048_10_46,xgboost_direct,1,lags_only,1.0,1.0,False,GLOBAL_ALL_CELLS,4522,0.05,Skill_RMSE / squared-error loss difference
46250048_10_46,xgboost_direct,2,lags_only,0.9381,1.0,False,GLOBAL_ALL_CELLS,4522,0.05,Skill_RMSE / squared-error loss difference
46250048_10_46,xgboost_direct,3,lags_only,0.1752,0.2692910944935418,False,GLOBAL_ALL_CELLS,4522,0.05,Skill_RMSE / squared-error loss difference
46250048_10_46,xgboost_direct,4,lags_only,0.0503,0.1004666961130742,False,GLOBAL_ALL_CELLS,4522,0.05,Skill_RMSE / squared-error loss difference
46250048_10_46,xgboost_direct,5,lags_only,0.0007,0.0029120515179392823,True,GLOBAL_ALL_CELLS,4522,0.05,Skill_RMSE / squared-error loss difference
46250048_10_46,xgboost_direct,6,lags_only,0.0003,0.0014087227414330216,True,GLOBAL_ALL_CELLS,4522,0.05,Skill_RMSE / squared-error loss difference
46250048_10_46,xgboost_direct,7,lags_only,0.0136,0.03585959183673469,True,GLOBAL_ALL_CELLS,4522,0.05,Skill_RMSE / squared-error loss difference
46250054_10_46,sarima,1,lags_only,0.0119,0.03222263473053893,True,GLOBAL_ALL_CELLS,4522,0.05,Skill_RMSE / squared-error loss difference
46250054_10_46,sarima,2,lags_only,0.0046,0.01461784961349262,True,GLOBAL_ALL_CELLS,4522,0.05,Skill_RMSE / squared-error loss difference
46250054_10_46,sarima,3,lags_only,0.0536,0.10584244541484716,False,GLOBAL_ALL_CELLS,4522,0.05,Skill_RMSE / squared-error loss difference
46250054_10_46,sarima,4,lags_only,0.2863,0.38878336336336333,False,GLOBAL_ALL_CELLS,4522,0.05,Skill_RMSE / squared-error loss difference
46250054_10_46,sarima,5,lags_only,0.4331,0.5239182669162877,False,GLOBAL_ALL_CELLS,4522,0.05,Skill_RMSE / squared-error loss difference
46250054_10_46,sarima,6,lags_only,0.8635,0.947294274623969,False,GLOBAL_ALL_CELLS,4522,0.05,Skill_RMSE / squared-error loss difference
46250054_10_46,sarima,7,lags_only,0.8936,0.9760529468599034,False,GLOBAL_ALL_CELLS,4522,0.05,Skill_RMSE / squared-error loss difference
46250054_10_46,xgboost_direct,1,lags_only,0.9996,1.0,False,GLOBAL_ALL_CELLS,4522,0.05,Skill_RMSE / squared-error loss difference
46250054_10_46,xgboost_direct,2,lags_only,0.6561,0.7473259949622166,False,GLOBAL_ALL_CELLS,4522,0.05,Skill_RMSE / squared-error loss difference
46250054_10_46,xgboost_direct,3,lags_only,0.2507,0.35371775351014034,False,GLOBAL_ALL_CELLS,4522,0.05,Skill_RMSE / squared-error loss difference
46250054_10_46,xgboost_direct,4,lags_only,0.1656,0.25804383184011026,False,GLOBAL_ALL_CELLS,4522,0.05,Skill_RMSE / squared-error loss difference
46250054_10_46,xgboost_direct,5,lags_only,0.0282,0.0645672911392405,False,GLOBAL_ALL_CELLS,4522,0.05,Skill_RMSE / squared-error loss difference
46250054_10_46,xgboost_direct,6,lags_only,0.0563,0.1102592464270247,False,GLOBAL_ALL_CELLS,4522,0.05,Skill_RMSE / squared-error loss difference
46250054_10_46,xgboost_direct,7,lags_only,0.033,0.07343799212598426,False,GLOBAL_ALL_CELLS,4522,0.05,Skill_RMSE / squared-error loss difference
46258001_10_46,sarima,1,lags_only,0.1385,0.2239974964234621,False,GLOBAL_ALL_CELLS,4522,0.05,Skill_RMSE / squared-error loss difference
46258001_10_46,sarima,2,lags_only,0.0742,0.13762608695652173,False,GLOBAL_ALL_CELLS,4522,0.05,Skill_RMSE / squared-error loss difference
46258001_10_46,sarima,3,lags_only,0.2293,0.3302212101910828,False,GLOBAL_ALL_CELLS,4522,0.05,Skill_RMSE / squared-error loss difference
46258001_10_46,sarima,4,lags_only,0.5126,0.6061655857740585,False,GLOBAL_ALL_CELLS,4522,0.05,Skill_RMSE / squared-error loss difference
46258001_10_46,sarima,5,lags_only,0.7259,0.8167503856680767,False,GLOBAL_ALL_CELLS,4522,0.05,Skill_RMSE / squared-error loss difference
46258001_10_46,sarima,6,lags_only,0.8671,0.9507822987390883,False,GLOBAL_ALL_CELLS,4522,0.05,Skill_RMSE / squared-error loss difference
46258001_10_46,sarima,7,lags_only,0.958,1.0,False,GLOBAL_ALL_CELLS,4522,0.05,Skill_RMSE / squared-error loss difference
46258001_10_46,xgboost_direct,1,lags_only,1.0,1.0,False,GLOBAL_ALL_CELLS,4522,0.05,Skill_RMSE / squared-error loss difference
46258001_10_46,xgboost_direct,2,lags_only,0.9999,1.0,False,GLOBAL_ALL_CELLS,4522,0.05,Skill_RMSE / squared-error loss difference
46258001_10_46,xgboost_direct,3,lags_only,0.9959,1.0,False,GLOBAL_ALL_CELLS,4522,0.05,Skill_RMSE / squared-error loss difference
46258001_10_46,xgboost_direct,4,lags_only,0.9897,1.0,False,GLOBAL_ALL_CELLS,4522,0.05,Skill_RMSE / squared-error loss difference
46258001_10_46,xgboost_direct,5,lags_only,0.9618,1.0,False,GLOBAL_ALL_CELLS,4522,0.05,Skill_RMSE / squared-error loss difference
46258001_10_46,xgboost_direct,6,lags_only,0.9354,1.0,False,GLOBAL_ALL_CELLS,4522,0.05,Skill_RMSE / squared-error loss difference
46258001_10_46,xgboost_direct,7,lags_only,0.922,0.9991095135394202,False,GLOBAL_ALL_CELLS,4522,0.05,Skill_RMSE / squared-error loss difference
47085003_10_49,sarima,1,lags_only,0.3212,0.4227201396973225,False,GLOBAL_ALL_CELLS,4522,0.05,Skill_RMSE / squared-error loss difference
47085003_10_49,sarima,2,lags_only,0.0692,0.12984331950207467,False,GLOBAL_ALL_CELLS,4522,0.05,Skill_RMSE / squared-error loss difference
47085003_10_49,sarima,3,lags_only,0.0321,0.07193072348860256,False,GLOBAL_ALL_CELLS,4522,0.05,Skill_RMSE / squared-error loss difference
47085003_10_49,sarima,4,lags_only,0.0164,0.041639977540707473,True,GLOBAL_ALL_CELLS,4522,0.05,Skill_RMSE / squared-error loss difference
47085003_10_49,sarima,5,lags_only,0.0111,0.03053175182481752,True,GLOBAL_ALL_CELLS,4522,0.05,Skill_RMSE / squared-error loss difference
47085003_10_49,sarima,6,lags_only,0.0135,0.03578370457209847,True,GLOBAL_ALL_CELLS,4522,0.05,Skill_RMSE / squared-error loss difference
47085003_10_49,sarima,7,lags_only,0.0168,0.04239375,True,GLOBAL_ALL_CELLS,4522,0.05,Skill_RMSE / squared-error loss difference
47085003_10_49,xgboost_direct,1,lags_only,0.3539,0.449787250772255,False,GLOBAL_ALL_CELLS,4522,0.05,Skill_RMSE / squared-error loss difference
47085003_10_49,xgboost_direct,2,lags_only,0.3276,0.4284,False,GLOBAL_ALL_CELLS,4522,0.05,Skill_RMSE / squared-error loss difference
47085003_10_49,xgboost_direct,3,lags_only,0.1688,0.2619470144131778,False,GLOBAL_ALL_CELLS,4522,0.05,Skill_RMSE / squared-error loss difference
47085003_10_49,xgboost_direct,4,lags_only,0.0509,0.1015305690339656,False,GLOBAL_ALL_CELLS,4522,0.05,Skill_RMSE / squared-error loss difference
47085003_10_49,xgboost_direct,5,lags_only,0.0213,0.05139733191035219,False,GLOBAL_ALL_CELLS,4522,0.05,Skill_RMSE / squared-error loss difference
47085003_10_49,xgboost_direct,6,lags_only,0.0384,0.08179218087611868,False,GLOBAL_ALL_CELLS,4522,0.05,Skill_RMSE / squared-error loss difference
47085003_10_49,xgboost_direct,7,lags_only,0.0212,0.051265454545454545,False,GLOBAL_ALL_CELLS,4522,0.05,Skill_RMSE / squared-error loss difference
47186027_10_49,sarima,1,lags_only,0.2219,0.3222324341682723,False,GLOBAL_ALL_CELLS,4522,0.05,Skill_RMSE / squared-error loss difference
47186027_10_49,sarima,2,lags_only,0.0376,0.0803531190926276,False,GLOBAL_ALL_CELLS,4522,0.05,Skill_RMSE / squared-error loss difference
47186027_10_49,sarima,3,lags_only,0.0262,0.06075712820512821,False,GLOBAL_ALL_CELLS,4522,0.05,Skill_RMSE / squared-error loss difference
47186027_10_49,sarima,4,lags_only,0.0412,0.08653339526242453,False,GLOBAL_ALL_CELLS,4522,0.05,Skill_RMSE / squared-error loss difference
47186027_10_49,sarima,5,lags_only,0.0742,0.13762608695652173,False,GLOBAL_ALL_CELLS,4522,0.05,Skill_RMSE / squared-error loss difference
47186027_10_49,sarima,6,lags_only,0.1115,0.18834628315278298,False,GLOBAL_ALL_CELLS,4522,0.05,Skill_RMSE / squared-error loss difference
47186027_10_49,sarima,7,lags_only,0.1701,0.2633318041766518,False,GLOBAL_ALL_CELLS,4522,0.05,Skill_RMSE / squared-error loss difference
47186027_10_49,xgboost_direct,1,lags_only,0.4145,0.5041336740182893,False,GLOBAL_ALL_CELLS,4522,0.05,Skill_RMSE / squared-error loss difference
47186027_10_49,xgboost_direct,2,lags_only,0.2576,0.3604168316831683,False,GLOBAL_ALL_CELLS,4522,0.05,Skill_RMSE / squared-error loss difference
47186027_10_49,xgboost_direct,3,lags_only,0.0036,0.011882627737226276,True,GLOBAL_ALL_CELLS,4522,0.05,Skill_RMSE / squared-error loss difference
47186027_10_49,xgboost_direct,4,lags_only,0.0,0.0,True,GLOBAL_ALL_CELLS,4522,0.05,Skill_RMSE / squared-error loss difference
47186027_10_49,xgboost_direct,5,lags_only,0.0001,0.0005270396270396271,True,GLOBAL_ALL_CELLS,4522,0.05,Skill_RMSE / squared-error loss difference
47186027_10_49,xgboost_direct,6,lags_only,0.0002,0.0009819761129207384,True,GLOBAL_ALL_CELLS,4522,0.05,Skill_RMSE / squared-error loss difference
47186027_10_49,xgboost_direct,7,lags_only,0.0001,0.0005270396270396271,True,GLOBAL_ALL_CELLS,4522,0.05,Skill_RMSE / squared-error loss difference
47186029_10_49,sarima,1,lags_only,0.1382,0.22359227191413236,False,GLOBAL_ALL_CELLS,4522,0.05,Skill_RMSE / squared-error loss difference
47186029_10_49,sarima,2,lags_only,0.068,0.12828368794326242,False,GLOBAL_ALL_CELLS,4522,0.05,Skill_RMSE / squared-error loss difference
47186029_10_49,sarima,3,lags_only,0.1129,0.19035563012677106,False,GLOBAL_ALL_CELLS,4522,0.05,Skill_RMSE / squared-error loss difference
47186029_10_49,sarima,4,lags_only,0.2109,0.31024391672088486,False,GLOBAL_ALL_CELLS,4522,0.05,Skill_RMSE / squared-error loss difference
47186029_10_49,sarima,5,lags_only,0.4657,0.5565262684989429,False,GLOBAL_ALL_CELLS,4522,0.05,Skill_RMSE / squared-error loss difference
47186029_10_49,sarima,6,lags_only,0.6793,0.7702594282848546,False,GLOBAL_ALL_CELLS,4522,0.05,Skill_RMSE / squared-error loss difference
47186029_10_49,sarima,7,lags_only,0.8292,0.9165588853581031,False,GLOBAL_ALL_CELLS,4522,0.05,Skill_RMSE / squared-error loss difference
47186029_10_49,xgboost_direct,1,lags_only,1.0,1.0,False,GLOBAL_ALL_CELLS,4522,0.05,Skill_RMSE / squared-error loss difference
47186029_10_49,xgboost_direct,2,lags_only,1.0,1.0,False,GLOBAL_ALL_CELLS,4522,0.05,Skill_RMSE / squared-error loss difference
47186029_10_49,xgboost_direct,3,lags_only,0.9328,1.0,False,GLOBAL_ALL_CELLS,4522,0.05,Skill_RMSE / squared-error loss difference
47186029_10_49,xgboost_direct,4,lags_only,0.6488,0.7397563287947555,False,GLOBAL_ALL_CELLS,4522,0.05,Skill_RMSE / squared-error loss difference
47186029_10_49,xgboost_direct,5,lags_only,0.3276,0.4284,False,GLOBAL_ALL_CELLS,4522,0.05,Skill_RMSE / squared-error loss difference
47186029_10_49,xgboost_direct,6,lags_only,0.107,0.18244871794871795,False,GLOBAL_ALL_CELLS,4522,0.05,Skill_RMSE / squared-error loss difference
47186029_10_49,xgboost_direct,7,lags_only,0.2206,0.3206535519125683,False,GLOBAL_ALL_CELLS,4522,0.05,Skill_RMSE / squared-error loss difference
47186030_10_49,sarima,1,lags_only,0.191,0.2887669675693748,False,GLOBAL_ALL_CELLS,4522,0.05,Skill_RMSE / squared-error loss difference
47186030_10_49,sarima,2,lags_only,0.0011,0.004273367697594502,True,GLOBAL_ALL_CELLS,4522,0.05,Skill_RMSE / squared-error loss difference
47186030_10_49,sarima,3,lags_only,0.0,0.0,True,GLOBAL_ALL_CELLS,4522,0.05,Skill_RMSE / squared-error loss difference
47186030_10_49,sarima,4,lags_only,0.0001,0.0005270396270396271,True,GLOBAL_ALL_CELLS,4522,0.05,Skill_RMSE / squared-error loss difference
47186030_10_49,sarima,5,lags_only,0.0047,0.014883333333333333,True,GLOBAL_ALL_CELLS,4522,0.05,Skill_RMSE / squared-error loss difference
47186030_10_49,sarima,6,lags_only,0.0429,0.0891515625,False,GLOBAL_ALL_CELLS,4522,0.05,Skill_RMSE / squared-error loss difference
47186030_10_49,sarima,7,lags_only,0.071,0.13261544816191653,False,GLOBAL_ALL_CELLS,4522,0.05,Skill_RMSE / squared-error loss difference
47186030_10_49,xgboost_direct,1,lags_only,1.0,1.0,False,GLOBAL_ALL_CELLS,4522,0.05,Skill_RMSE / squared-error loss difference
47186030_10_49,xgboost_direct,2,lags_only,0.1313,0.2148891060441549,False,GLOBAL_ALL_CELLS,4522,0.05,Skill_RMSE / squared-error loss difference
47186030_10_49,xgboost_direct,3,lags_only,0.0,0.0,True,GLOBAL_ALL_CELLS,4522,0.05,Skill_RMSE / squared-error loss difference
47186030_10_49,xgboost_direct,4,lags_only,0.0523,0.10386499780412824,False,GLOBAL_ALL_CELLS,4522,0.05,Skill_RMSE / squared-error loss difference
47186030_10_49,xgboost_direct,5,lags_only,0.3753,0.465215625,False,GLOBAL_ALL_CELLS,4522,0.05,Skill_RMSE / squared-error loss difference
47186030_10_49,xgboost_direct,6,lags_only,0.3077,0.40984371134020614,False,GLOBAL_ALL_CELLS,4522,0.05,Skill_RMSE / squared-error loss difference
47186030_10_49,xgboost_direct,7,lags_only,0.0384,0.08179218087611868,False,GLOBAL_ALL_CELLS,4522,0.05,Skill_RMSE / squared-error loss difference
47186031_10_49,sarima,1,lags_only,0.088,0.15741139240506327,False,GLOBAL_ALL_CELLS,4522,0.05,Skill_RMSE / squared-error loss difference
47186031_10_49,sarima,2,lags_only,0.0015,0.005629045643153527,True,GLOBAL_ALL_CELLS,4522,0.05,Skill_RMSE / squared-error loss difference
47186031_10_49,sarima,3,lags_only,0.0003,0.0014087227414330216,True,GLOBAL_ALL_CELLS,4522,0.05,Skill_RMSE / squared-error loss difference
47186031_10_49,sarima,4,lags_only,0.0,0.0,True,GLOBAL_ALL_CELLS,4522,0.05,Skill_RMSE / squared-error loss difference
47186031_10_49,sarima,5,lags_only,0.0014,0.005284474123539232,True,GLOBAL_ALL_CELLS,4522,0.05,Skill_RMSE / squared-error loss difference
47186031_10_49,sarima,6,lags_only,0.0036,0.011882627737226276,True,GLOBAL_ALL_CELLS,4522,0.05,Skill_RMSE / squared-error loss difference
47186031_10_49,sarima,7,lags_only,0.0074,0.02172909090909091,True,GLOBAL_ALL_CELLS,4522,0.05,Skill_RMSE / squared-error loss difference
47186031_10_49,xgboost_direct,1,lags_only,0.8327,0.9197531509526136,False,GLOBAL_ALL_CELLS,4522,0.05,Skill_RMSE / squared-error loss difference
47186031_10_49,xgboost_direct,2,lags_only,0.1716,0.2647475946775844,False,GLOBAL_ALL_CELLS,4522,0.05,Skill_RMSE / squared-error loss difference
47186031_10_49,xgboost_direct,3,lags_only,0.0003,0.0014087227414330216,True,GLOBAL_ALL_CELLS,4522,0.05,Skill_RMSE / squared-error loss difference
47186031_10_49,xgboost_direct,4,lags_only,0.0,0.0,True,GLOBAL_ALL_CELLS,4522,0.05,Skill_RMSE / squared-error loss difference
47186031_10_49,xgboost_direct,5,lags_only,0.2744,0.3770394408994226,False,GLOBAL_ALL_CELLS,4522,0.05,Skill_RMSE / squared-error loss difference
47186031_10_49,xgboost_direct,6,lags_only,0.0422,0.087858379373849,False,GLOBAL_ALL_CELLS,4522,0.05,Skill_RMSE / squared-error loss difference
47186031_10_49,xgboost_direct,7,lags_only,0.0,0.0,True,GLOBAL_ALL_CELLS,4522,0.05,Skill_RMSE / squared-error loss difference
48002001_10_47,sarima,1,lags_only,0.1416,0.22762715961606825,False,GLOBAL_ALL_CELLS,4522,0.05,Skill_RMSE / squared-error loss difference
48002001_10_47,sarima,2,lags_only,0.0,0.0,True,GLOBAL_ALL_CELLS,4522,0.05,Skill_RMSE / squared-error loss difference
48002001_10_47,sarima,3,lags_only,0.0002,0.0009819761129207384,True,GLOBAL_ALL_CELLS,4522,0.05,Skill_RMSE / squared-error loss difference
48002001_10_47,sarima,4,lags_only,0.0107,0.029593516819571862,True,GLOBAL_ALL_CELLS,4522,0.05,Skill_RMSE / squared-error loss difference
48002001_10_47,sarima,5,lags_only,0.0361,0.07784654268001907,False,GLOBAL_ALL_CELLS,4522,0.05,Skill_RMSE / squared-error loss difference
48002001_10_47,sarima,6,lags_only,0.1088,0.18502955998495674,False,GLOBAL_ALL_CELLS,4522,0.05,Skill_RMSE / squared-error loss difference
48002001_10_47,sarima,7,lags_only,0.1196,0.1997898780938308,False,GLOBAL_ALL_CELLS,4522,0.05,Skill_RMSE / squared-error loss difference
48002001_10_47,xgboost_direct,1,lags_only,0.9762,1.0,False,GLOBAL_ALL_CELLS,4522,0.05,Skill_RMSE / squared-error loss difference
48002001_10_47,xgboost_direct,2,lags_only,0.2325,0.33376666666666666,False,GLOBAL_ALL_CELLS,4522,0.05,Skill_RMSE / squared-error loss difference
48002001_10_47,xgboost_direct,3,lags_only,0.1219,0.20273328429569695,False,GLOBAL_ALL_CELLS,4522,0.05,Skill_RMSE / squared-error loss difference
48002001_10_47,xgboost_direct,4,lags_only,0.0013,0.004969230769230769,True,GLOBAL_ALL_CELLS,4522,0.05,Skill_RMSE / squared-error loss difference
48002001_10_47,xgboost_direct,5,lags_only,0.0,0.0,True,GLOBAL_ALL_CELLS,4522,0.05,Skill_RMSE / squared-error loss difference
48002001_10_47,xgboost_direct,6,lags_only,0.0002,0.0009819761129207384,True,GLOBAL_ALL_CELLS,4522,0.05,Skill_RMSE / squared-error loss difference
48002001_10_47,xgboost_direct,7,lags_only,0.0,0.0,True,GLOBAL_ALL_CELLS,4522,0.05,Skill_RMSE / squared-error loss difference
48002002_10_49,sarima,1,lags_only,0.1122,0.18938723404255317,False,GLOBAL_ALL_CELLS,4522,0.05,Skill_RMSE / squared-error loss difference
48002002_10_49,sarima,2,lags_only,0.0,0.0,True,GLOBAL_ALL_CELLS,4522,0.05,Skill_RMSE / squared-error loss difference
48002002_10_49,sarima,3,lags_only,0.0,0.0,True,GLOBAL_ALL_CELLS,4522,0.05,Skill_RMSE / squared-error loss difference
48002002_10_49,sarima,4,lags_only,0.0,0.0,True,GLOBAL_ALL_CELLS,4522,0.05,Skill_RMSE / squared-error loss difference
48002002_10_49,sarima,5,lags_only,0.0,0.0,True,GLOBAL_ALL_CELLS,4522,0.05,Skill_RMSE / squared-error loss difference
48002002_10_49,sarima,6,lags_only,0.0,0.0,True,GLOBAL_ALL_CELLS,4522,0.05,Skill_RMSE / squared-error loss difference
48002002_10_49,sarima,7,lags_only,0.0009,0.003585726872246696,True,GLOBAL_ALL_CELLS,4522,0.05,Skill_RMSE / squared-error loss difference
48002002_10_49,xgboost_direct,1,lags_only,0.988,1.0,False,GLOBAL_ALL_CELLS,4522,0.05,Skill_RMSE / squared-error loss difference
48002002_10_49,xgboost_direct,2,lags_only,0.3017,0.40459294187425865,False,GLOBAL_ALL_CELLS,4522,0.05,Skill_RMSE / squared-error loss difference
48002002_10_49,xgboost_direct,3,lags_only,0.1712,0.26431082280641854,False,GLOBAL_ALL_CELLS,4522,0.05,Skill_RMSE / squared-error loss difference
48002002_10_49,xgboost_direct,4,lags_only,0.0012,0.004618212765957446,True,GLOBAL_ALL_CELLS,4522,0.05,Skill_RMSE / squared-error loss difference
48002002_10_49,xgboost_direct,5,lags_only,0.0002,0.0009819761129207384,True,GLOBAL_ALL_CELLS,4522,0.05,Skill_RMSE / squared-error loss difference
48002002_10_49,xgboost_direct,6,lags_only,0.0014,0.005284474123539232,True,GLOBAL_ALL_CELLS,4522,0.05,Skill_RMSE / squared-error loss difference
48002002_10_49,xgboost_direct,7,lags_only,0.0001,0.0005270396270396271,True,GLOBAL_ALL_CELLS,4522,0.05,Skill_RMSE / squared-error loss difference
48003001_10_49,sarima,1,lags_only,0.1836,0.2795418181818182,False,GLOBAL_ALL_CELLS,4522,0.05,Skill_RMSE / squared-error loss difference
48003001_10_49,sarima,2,lags_only,0.0,0.0,True,GLOBAL_ALL_CELLS,4522,0.05,Skill_RMSE / squared-error loss difference
48003001_10_49,sarima,3,lags_only,0.0,0.0,True,GLOBAL_ALL_CELLS,4522,0.05,Skill_RMSE / squared-error loss difference
48003001_10_49,sarima,4,lags_only,0.0,0.0,True,GLOBAL_ALL_CELLS,4522,0.05,Skill_RMSE / squared-error loss difference
48003001_10_49,sarima,5,lags_only,0.0,0.0,True,GLOBAL_ALL_CELLS,4522,0.05,Skill_RMSE / squared-error loss difference
48003001_10_49,sarima,6,lags_only,0.0008,0.003244484304932736,True,GLOBAL_ALL_CELLS,4522,0.05,Skill_RMSE / squared-error loss difference
48003001_10_49,sarima,7,lags_only,0.0015,0.005629045643153527,True,GLOBAL_ALL_CELLS,4522,0.05,Skill_RMSE / squared-error loss difference
48003001_10_49,xgboost_direct,1,lags_only,0.9997,1.0,False,GLOBAL_ALL_CELLS,4522,0.05,Skill_RMSE / squared-error loss difference
48003001_10_49,xgboost_direct,2,lags_only,0.2361,0.3372217940619078,False,GLOBAL_ALL_CELLS,4522,0.05,Skill_RMSE / squared-error loss difference
48003001_10_49,xgboost_direct,3,lags_only,0.0043,0.01380028388928318,True,GLOBAL_ALL_CELLS,4522,0.05,Skill_RMSE / squared-error loss difference
48003001_10_49,xgboost_direct,4,lags_only,0.0038,0.012406931407942237,True,GLOBAL_ALL_CELLS,4522,0.05,Skill_RMSE / squared-error loss difference
48003001_10_49,xgboost_direct,5,lags_only,0.0005,0.0021887705711519847,True,GLOBAL_ALL_CELLS,4522,0.05,Skill_RMSE / squared-error loss difference
48003001_10_49,xgboost_direct,6,lags_only,0.0027,0.00931304347826087,True,GLOBAL_ALL_CELLS,4522,0.05,Skill_RMSE / squared-error loss difference
48003001_10_49,xgboost_direct,7,lags_only,0.0,0.0,True,GLOBAL_ALL_CELLS,4522,0.05,Skill_RMSE / squared-error loss difference
48013006_10_47,sarima,1,lags_only,0.0161,0.04110909090909091,True,GLOBAL_ALL_CELLS,4522,0.05,Skill_RMSE / squared-error loss difference
48013006_10_47,sarima,2,lags_only,0.0,0.0,True,GLOBAL_ALL_CELLS,4522,0.05,Skill_RMSE / squared-error loss difference
48013006_10_47,sarima,3,lags_only,0.0,0.0,True,GLOBAL_ALL_CELLS,4522,0.05,Skill_RMSE / squared-error loss difference
48013006_10_47,sarima,4,lags_only,0.0,0.0,True,GLOBAL_ALL_CELLS,4522,0.05,Skill_RMSE / squared-error loss difference
48013006_10_47,sarima,5,lags_only,0.0016,0.005964715581203628,True,GLOBAL_ALL_CELLS,4522,0.05,Skill_RMSE / squared-error loss difference
48013006_10_47,sarima,6,lags_only,0.0723,0.13476529266281947,False,GLOBAL_ALL_CELLS,4522,0.05,Skill_RMSE / squared-error loss difference
48013006_10_47,sarima,7,lags_only,0.1696,0.26291779225231404,False,GLOBAL_ALL_CELLS,4522,0.05,Skill_RMSE / squared-error loss difference
48013006_10_47,xgboost_direct,1,lags_only,0.9764,1.0,False,GLOBAL_ALL_CELLS,4522,0.05,Skill_RMSE / squared-error loss difference
48013006_10_47,xgboost_direct,2,lags_only,0.1406,0.22658346400570206,False,GLOBAL_ALL_CELLS,4522,0.05,Skill_RMSE / squared-error loss difference
48013006_10_47,xgboost_direct,3,lags_only,0.0024,0.008439191290824261,True,GLOBAL_ALL_CELLS,4522,0.05,Skill_RMSE / squared-error loss difference
48013006_10_47,xgboost_direct,4,lags_only,0.0,0.0,True,GLOBAL_ALL_CELLS,4522,0.05,Skill_RMSE / squared-error loss difference
48013006_10_47,xgboost_direct,5,lags_only,0.0067,0.020024719101123595,True,GLOBAL_ALL_CELLS,4522,0.05,Skill_RMSE / squared-error loss difference
48013006_10_47,xgboost_direct,6,lags_only,0.0202,0.04932203023758099,True,GLOBAL_ALL_CELLS,4522,0.05,Skill_RMSE / squared-error loss difference
48013006_10_47,xgboost_direct,7,lags_only,0.0025,0.008756777691711851,True,GLOBAL_ALL_CELLS,4522,0.05,Skill_RMSE / squared-error loss difference
48015002_10_49,sarima,1,lags_only,0.0717,0.13381238134543955,False,GLOBAL_ALL_CELLS,4522,0.05,Skill_RMSE / squared-error loss difference
48015002_10_49,sarima,2,lags_only,0.0,0.0,True,GLOBAL_ALL_CELLS,4522,0.05,Skill_RMSE / squared-error loss difference
48015002_10_49,sarima,3,lags_only,0.0,0.0,True,GLOBAL_ALL_CELLS,4522,0.05,Skill_RMSE / squared-error loss difference
48015002_10_49,sarima,4,lags_only,0.0,0.0,True,GLOBAL_ALL_CELLS,4522,0.05,Skill_RMSE / squared-error loss difference
48015002_10_49,sarima,5,lags_only,0.0006,0.002552398871119473,True,GLOBAL_ALL_CELLS,4522,0.05,Skill_RMSE / squared-error loss difference
48015002_10_49,sarima,6,lags_only,0.0136,0.03585959183673469,True,GLOBAL_ALL_CELLS,4522,0.05,Skill_RMSE / squared-error loss difference
48015002_10_49,sarima,7,lags_only,0.0645,0.12291150442477876,False,GLOBAL_ALL_CELLS,4522,0.05,Skill_RMSE / squared-error loss difference
48015002_10_49,xgboost_direct,1,lags_only,1.0,1.0,False,GLOBAL_ALL_CELLS,4522,0.05,Skill_RMSE / squared-error loss difference
48015002_10_49,xgboost_direct,2,lags_only,0.2021,0.30101982872200267,False,GLOBAL_ALL_CELLS,4522,0.05,Skill_RMSE / squared-error loss difference
48015002_10_49,xgboost_direct,3,lags_only,0.004,0.012984924623115578,True,GLOBAL_ALL_CELLS,4522,0.05,Skill_RMSE / squared-error loss difference
48015002_10_49,xgboost_direct,4,lags_only,0.0002,0.0009819761129207384,True,GLOBAL_ALL_CELLS,4522,0.05,Skill_RMSE / squared-error loss difference
48015002_10_49,xgboost_direct,5,lags_only,0.0,0.0,True,GLOBAL_ALL_CELLS,4522,0.05,Skill_RMSE / squared-error loss difference
48015002_10_49,xgboost_direct,6,lags_only,0.0,0.0,True,GLOBAL_ALL_CELLS,4522,0.05,Skill_RMSE / squared-error loss difference
48015002_10_49,xgboost_direct,7,lags_only,0.0,0.0,True,GLOBAL_ALL_CELLS,4522,0.05,Skill_RMSE / squared-error loss difference
48020003_10_47,sarima,1,lags_only,0.0614,0.11809902169289664,False,GLOBAL_ALL_CELLS,4522,0.05,Skill_RMSE / squared-error loss difference
48020003_10_47,sarima,2,lags_only,0.0,0.0,True,GLOBAL_ALL_CELLS,4522,0.05,Skill_RMSE / squared-error loss difference
48020003_10_47,sarima,3,lags_only,0.0,0.0,True,GLOBAL_ALL_CELLS,4522,0.05,Skill_RMSE / squared-error loss difference
48020003_10_47,sarima,4,lags_only,0.0001,0.0005270396270396271,True,GLOBAL_ALL_CELLS,4522,0.05,Skill_RMSE / squared-error loss difference
48020003_10_47,sarima,5,lags_only,0.0028,0.009606676783004552,True,GLOBAL_ALL_CELLS,4522,0.05,Skill_RMSE / squared-error loss difference
48020003_10_47,sarima,6,lags_only,0.0177,0.0442695796460177,True,GLOBAL_ALL_CELLS,4522,0.05,Skill_RMSE / squared-error loss difference
48020003_10_47,sarima,7,lags_only,0.0786,0.14401507293354945,False,GLOBAL_ALL_CELLS,4522,0.05,Skill_RMSE / squared-error loss difference
48020003_10_47,xgboost_direct,1,lags_only,1.0,1.0,False,GLOBAL_ALL_CELLS,4522,0.05,Skill_RMSE / squared-error loss difference
48020003_10_47,xgboost_direct,2,lags_only,0.4534,0.5447063761955367,False,GLOBAL_ALL_CELLS,4522,0.05,Skill_RMSE / squared-error loss difference
48020003_10_47,xgboost_direct,3,lags_only,0.2564,0.3597396214706795,False,GLOBAL_ALL_CELLS,4522,0.05,Skill_RMSE / squared-error loss difference
48020003_10_47,xgboost_direct,4,lags_only,0.3336,0.4347526058162971,False,GLOBAL_ALL_CELLS,4522,0.05,Skill_RMSE / squared-error loss difference
48020003_10_47,xgboost_direct,5,lags_only,0.0848,0.15301899441340783,False,GLOBAL_ALL_CELLS,4522,0.05,Skill_RMSE / squared-error loss difference
48020003_10_47,xgboost_direct,6,lags_only,0.0811,0.14775753424657537,False,GLOBAL_ALL_CELLS,4522,0.05,Skill_RMSE / squared-error loss difference
48020003_10_47,xgboost_direct,7,lags_only,0.1283,0.21104859949072388,False,GLOBAL_ALL_CELLS,4522,0.05,Skill_RMSE / squared-error loss difference
48020006_10_47,sarima,1,lags_only,0.2993,0.4019704781704782,False,GLOBAL_ALL_CELLS,4522,0.05,Skill_RMSE / squared-error loss difference
48020006_10_47,sarima,2,lags_only,0.0587,0.11421746987951807,False,GLOBAL_ALL_CELLS,4522,0.05,Skill_RMSE / squared-error loss difference
48020006_10_47,sarima,3,lags_only,0.0259,0.060123100616016424,False,GLOBAL_ALL_CELLS,4522,0.05,Skill_RMSE / squared-error loss difference
48020006_10_47,sarima,4,lags_only,0.0368,0.07901690408357075,False,GLOBAL_ALL_CELLS,4522,0.05,Skill_RMSE / squared-error loss difference
48020006_10_47,sarima,5,lags_only,0.0433,0.08977652453003208,False,GLOBAL_ALL_CELLS,4522,0.05,Skill_RMSE / squared-error loss difference
48020006_10_47,sarima,6,lags_only,0.0277,0.06358345177664974,False,GLOBAL_ALL_CELLS,4522,0.05,Skill_RMSE / squared-error loss difference
48020006_10_47,sarima,7,lags_only,0.034,0.07467119961146189,False,GLOBAL_ALL_CELLS,4522,0.05,Skill_RMSE / squared-error loss difference
48020006_10_47,xgboost_direct,1,lags_only,0.4549,0.5460732147597558,False,GLOBAL_ALL_CELLS,4522,0.05,Skill_RMSE / squared-error loss difference
48020006_10_47,xgboost_direct,2,lags_only,0.0835,0.15115572457966375,False,GLOBAL_ALL_CELLS,4522,0.05,Skill_RMSE / squared-error loss difference
48020006_10_47,xgboost_direct,3,lags_only,0.0634,0.12132661870503597,False,GLOBAL_ALL_CELLS,4522,0.05,Skill_RMSE / squared-error loss difference
48020006_10_47,xgboost_direct,4,lags_only,0.0178,0.044470497237569066,True,GLOBAL_ALL_CELLS,4522,0.05,Skill_RMSE / squared-error loss difference
48020006_10_47,xgboost_direct,5,lags_only,0.0113,0.030968848484848484,True,GLOBAL_ALL_CELLS,4522,0.05,Skill_RMSE / squared-error loss difference
48020006_10_47,xgboost_direct,6,lags_only,0.0042,0.013527350427350428,True,GLOBAL_ALL_CELLS,4522,0.05,Skill_RMSE / squared-error loss difference
48020006_10_47,xgboost_direct,7,lags_only,0.0006,0.002552398871119473,True,GLOBAL_ALL_CELLS,4522,0.05,Skill_RMSE / squared-error loss difference
48020062_10_49,sarima,1,lags_only,0.1888,0.2859188211654387,False,GLOBAL_ALL_CELLS,4522,0.05,Skill_RMSE / squared-error loss difference
48020062_10_49,sarima,2,lags_only,0.0038,0.012406931407942237,True,GLOBAL_ALL_CELLS,4522,0.05,Skill_RMSE / squared-error loss difference
48020062_10_49,sarima,3,lags_only,0.0349,0.07587394230769232,False,GLOBAL_ALL_CELLS,4522,0.05,Skill_RMSE / squared-error loss difference
48020062_10_49,sarima,4,lags_only,0.1002,0.17333756694720734,False,GLOBAL_ALL_CELLS,4522,0.05,Skill_RMSE / squared-error loss difference
48020062_10_49,sarima,5,lags_only,0.3449,0.4448502994011976,False,GLOBAL_ALL_CELLS,4522,0.05,Skill_RMSE / squared-error loss difference
48020062_10_49,sarima,6,lags_only,0.7349,0.8258493538767395,False,GLOBAL_ALL_CELLS,4522,0.05,Skill_RMSE / squared-error loss difference
48020062_10_49,sarima,7,lags_only,0.7881,0.878429430613754,False,GLOBAL_ALL_CELLS,4522,0.05,Skill_RMSE / squared-error loss difference
48020062_10_49,xgboost_direct,1,lags_only,1.0,1.0,False,GLOBAL_ALL_CELLS,4522,0.05,Skill_RMSE / squared-error loss difference
48020062_10_49,xgboost_direct,2,lags_only,0.6259,0.7190853150406504,False,GLOBAL_ALL_CELLS,4522,0.05,Skill_RMSE / squared-error loss difference
48020062_10_49,xgboost_direct,3,lags_only,0.0518,0.10305305763308403,False,GLOBAL_ALL_CELLS,4522,0.05,Skill_RMSE / squared-error loss difference
48020062_10_49,xgboost_direct,4,lags_only,0.0019,0.006934463276836157,True,GLOBAL_ALL_CELLS,4522,0.05,Skill_RMSE / squared-error loss difference
48020062_10_49,xgboost_direct,5,lags_only,0.0002,0.0009819761129207384,True,GLOBAL_ALL_CELLS,4522,0.05,Skill_RMSE / squared-error loss difference
48020062_10_49,xgboost_direct,6,lags_only,0.0,0.0,True,GLOBAL_ALL_CELLS,4522,0.05,Skill_RMSE / squared-error loss difference
48020062_10_49,xgboost_direct,7,lags_only,0.0,0.0,True,GLOBAL_ALL_CELLS,4522,0.05,Skill_RMSE / squared-error loss difference
48027001_10_47,sarima,1,lags_only,0.0055,0.016999999999999998,True,GLOBAL_ALL_CELLS,4522,0.05,Skill_RMSE / squared-error loss difference
48027001_10_47,sarima,2,lags_only,0.0002,0.0009819761129207384,True,GLOBAL_ALL_CELLS,4522,0.05,Skill_RMSE / squared-error loss difference
48027001_10_47,sarima,3,lags_only,0.0089,0.025264155681104836,True,GLOBAL_ALL_CELLS,4522,0.05,Skill_RMSE / squared-error loss difference
48027001_10_47,sarima,4,lags_only,0.0422,0.087858379373849,False,GLOBAL_ALL_CELLS,4522,0.05,Skill_RMSE / squared-error loss difference
48027001_10_47,sarima,5,lags_only,0.1472,0.2352910569105691,False,GLOBAL_ALL_CELLS,4522,0.05,Skill_RMSE / squared-error loss difference
48027001_10_47,sarima,6,lags_only,0.4654,0.5563147766323023,False,GLOBAL_ALL_CELLS,4522,0.05,Skill_RMSE / squared-error loss difference
48027001_10_47,sarima,7,lags_only,0.6858,0.7772399999999999,False,GLOBAL_ALL_CELLS,4522,0.05,Skill_RMSE / squared-error loss difference
48027001_10_47,xgboost_direct,1,lags_only,0.847,0.9321328790459966,False,GLOBAL_ALL_CELLS,4522,0.05,Skill_RMSE / squared-error loss difference
48027001_10_47,xgboost_direct,2,lags_only,0.145,0.23202052370842177,False,GLOBAL_ALL_CELLS,4522,0.05,Skill_RMSE / squared-error loss difference
48027001_10_47,xgboost_direct,3,lags_only,0.0069,0.020487065003282994,True,GLOBAL_ALL_CELLS,4522,0.05,Skill_RMSE / squared-error loss difference
48027001_10_47,xgboost_direct,4,lags_only,0.0357,0.07727879368118717,False,GLOBAL_ALL_CELLS,4522,0.05,Skill_RMSE / squared-error loss difference
48027001_10_47,xgboost_direct,5,lags_only,0.0443,0.0913889598540146,False,GLOBAL_ALL_CELLS,4522,0.05,Skill_RMSE / squared-error loss difference
48027001_10_47,xgboost_direct,6,lags_only,0.0219,0.052508907741251325,False,GLOBAL_ALL_CELLS,4522,0.05,Skill_RMSE / squared-error loss difference
48027001_10_47,xgboost_direct,7,lags_only,0.0201,0.04913091891891892,True,GLOBAL_ALL_CELLS,4522,0.05,Skill_RMSE / squared-error loss difference
48044006_10_49,sarima,1,lags_only,0.0034,0.011271847507331378,True,GLOBAL_ALL_CELLS,4522,0.05,Skill_RMSE / squared-error loss difference
48044006_10_49,sarima,2,lags_only,0.0,0.0,True,GLOBAL_ALL_CELLS,4522,0.05,Skill_RMSE / squared-error loss difference
48044006_10_49,sarima,3,lags_only,0.0,0.0,True,GLOBAL_ALL_CELLS,4522,0.05,Skill_RMSE / squared-error loss difference
48044006_10_49,sarima,4,lags_only,0.0,0.0,True,GLOBAL_ALL_CELLS,4522,0.05,Skill_RMSE / squared-error loss difference
48044006_10_49,sarima,5,lags_only,0.0879,0.15729473684210526,False,GLOBAL_ALL_CELLS,4522,0.05,Skill_RMSE / squared-error loss difference
48044006_10_49,sarima,6,lags_only,0.0592,0.11474599228461209,False,GLOBAL_ALL_CELLS,4522,0.05,Skill_RMSE / squared-error loss difference
48044006_10_49,sarima,7,lags_only,0.0004,0.0018106106106106107,True,GLOBAL_ALL_CELLS,4522,0.05,Skill_RMSE / squared-error loss difference
48044006_10_49,xgboost_direct,1,lags_only,0.2461,0.34842335629304944,False,GLOBAL_ALL_CELLS,4522,0.05,Skill_RMSE / squared-error loss difference
48044006_10_49,xgboost_direct,2,lags_only,0.0042,0.013527350427350428,True,GLOBAL_ALL_CELLS,4522,0.05,Skill_RMSE / squared-error loss difference
48044006_10_49,xgboost_direct,3,lags_only,0.0001,0.0005270396270396271,True,GLOBAL_ALL_CELLS,4522,0.05,Skill_RMSE / squared-error loss difference
48044006_10_49,xgboost_direct,4,lags_only,0.0014,0.005284474123539232,True,GLOBAL_ALL_CELLS,4522,0.05,Skill_RMSE / squared-error loss difference
48044006_10_49,xgboost_direct,5,lags_only,0.0164,0.041639977540707473,True,GLOBAL_ALL_CELLS,4522,0.05,Skill_RMSE / squared-error loss difference
48044006_10_49,xgboost_direct,6,lags_only,0.0002,0.0009819761129207384,True,GLOBAL_ALL_CELLS,4522,0.05,Skill_RMSE / squared-error loss difference
48044006_10_49,xgboost_direct,7,lags_only,0.0018,0.006617560975609756,True,GLOBAL_ALL_CELLS,4522,0.05,Skill_RMSE / squared-error loss difference
48068001_10_47,sarima,1,lags_only,0.0247,0.05784225789746245,False,GLOBAL_ALL_CELLS,4522,0.05,Skill_RMSE / squared-error loss difference
48068001_10_47,sarima,2,lags_only,0.0,0.0,True,GLOBAL_ALL_CELLS,4522,0.05,Skill_RMSE / squared-error loss difference
48068001_10_47,sarima,3,lags_only,0.0,0.0,True,GLOBAL_ALL_CELLS,4522,0.05,Skill_RMSE / squared-error loss difference
48068001_10_47,sarima,4,lags_only,0.0,0.0,True,GLOBAL_ALL_CELLS,4522,0.05,Skill_RMSE / squared-error loss difference
48068001_10_47,sarima,5,lags_only,0.0,0.0,True,GLOBAL_ALL_CELLS,4522,0.05,Skill_RMSE / squared-error loss difference
48068001_10_47,sarima,6,lags_only,0.0047,0.014883333333333333,True,GLOBAL_ALL_CELLS,4522,0.05,Skill_RMSE / squared-error loss difference
48068001_10_47,sarima,7,lags_only,0.0119,0.03222263473053893,True,GLOBAL_ALL_CELLS,4522,0.05,Skill_RMSE / squared-error loss difference
48068001_10_47,xgboost_direct,1,lags_only,0.9933,1.0,False,GLOBAL_ALL_CELLS,4522,0.05,Skill_RMSE / squared-error loss difference
48068001_10_47,xgboost_direct,2,lags_only,0.0822,0.14928048192771085,False,GLOBAL_ALL_CELLS,4522,0.05,Skill_RMSE / squared-error loss difference
48068001_10_47,xgboost_direct,3,lags_only,0.0053,0.01646057692307692,True,GLOBAL_ALL_CELLS,4522,0.05,Skill_RMSE / squared-error loss difference
48068001_10_47,xgboost_direct,4,lags_only,0.0,0.0,True,GLOBAL_ALL_CELLS,4522,0.05,Skill_RMSE / squared-error loss difference
48068001_10_47,xgboost_direct,5,lags_only,0.0,0.0,True,GLOBAL_ALL_CELLS,4522,0.05,Skill_RMSE / squared-error loss difference
48068001_10_47,xgboost_direct,6,lags_only,0.0,0.0,True,GLOBAL_ALL_CELLS,4522,0.05,Skill_RMSE / squared-error loss difference
48068001_10_47,xgboost_direct,7,lags_only,0.0,0.0,True,GLOBAL_ALL_CELLS,4522,0.05,Skill_RMSE / squared-error loss difference
48071002_10_47,sarima,1,lags_only,0.129,0.21212290909090908,False,GLOBAL_ALL_CELLS,4522,0.05,Skill_RMSE / squared-error loss difference
48071002_10_47,sarima,2,lags_only,0.0029,0.009882290881688018,True,GLOBAL_ALL_CELLS,4522,0.05,Skill_RMSE / squared-error loss difference
48071002_10_47,sarima,3,lags_only,0.0437,0.09039862763037512,False,GLOBAL_ALL_CELLS,4522,0.05,Skill_RMSE / squared-error loss difference
48071002_10_47,sarima,4,lags_only,0.0476,0.09609250000000001,False,GLOBAL_ALL_CELLS,4522,0.05,Skill_RMSE / squared-error loss difference
48071002_10_47,sarima,5,lags_only,0.0706,0.13203192721257237,False,GLOBAL_ALL_CELLS,4522,0.05,Skill_RMSE / squared-error loss difference
48071002_10_47,sarima,6,lags_only,0.2627,0.3652919434194342,False,GLOBAL_ALL_CELLS,4522,0.05,Skill_RMSE / squared-error loss difference
48071002_10_47,sarima,7,lags_only,0.321,0.4225799126637555,False,GLOBAL_ALL_CELLS,4522,0.05,Skill_RMSE / squared-error loss difference
48071002_10_47,xgboost_direct,1,lags_only,0.8431,0.9282927197467739,False,GLOBAL_ALL_CELLS,4522,0.05,Skill_RMSE / squared-error loss difference
48071002_10_47,xgboost_direct,2,lags_only,0.2772,0.3793881355932203,False,GLOBAL_ALL_CELLS,4522,0.05,Skill_RMSE / squared-error loss difference
48071002_10_47,xgboost_direct,3,lags_only,0.0462,0.09448955223880597,False,GLOBAL_ALL_CELLS,4522,0.05,Skill_RMSE / squared-error loss difference
48071002_10_47,xgboost_direct,4,lags_only,0.0064,0.019216998671978753,True,GLOBAL_ALL_CELLS,4522,0.05,Skill_RMSE / squared-error loss difference
48071002_10_47,xgboost_direct,5,lags_only,0.0179,0.044597134986225896,True,GLOBAL_ALL_CELLS,4522,0.05,Skill_RMSE / squared-error loss difference
48071002_10_47,xgboost_direct,6,lags_only,0.0056,0.017226666666666668,True,GLOBAL_ALL_CELLS,4522,0.05,Skill_RMSE / squared-error loss difference
48071002_10_47,xgboost_direct,7,lags_only,0.0,0.0,True,GLOBAL_ALL_CELLS,4522,0.05,Skill_RMSE / squared-error loss difference
48071004_10_49,sarima,1,lags_only,0.375,0.46509873834339,False,GLOBAL_ALL_CELLS,4522,0.05,Skill_RMSE / squared-error loss difference
48071004_10_49,sarima,2,lags_only,0.0,0.0,True,GLOBAL_ALL_CELLS,4522,0.05,Skill_RMSE / squared-error loss difference
48071004_10_49,sarima,3,lags_only,0.0,0.0,True,GLOBAL_ALL_CELLS,4522,0.05,Skill_RMSE / squared-error loss difference
48071004_10_49,sarima,4,lags_only,0.0,0.0,True,GLOBAL_ALL_CELLS,4522,0.05,Skill_RMSE / squared-error loss difference
48071004_10_49,sarima,5,lags_only,0.0001,0.0005270396270396271,True,GLOBAL_ALL_CELLS,4522,0.05,Skill_RMSE / squared-error loss difference
48071004_10_49,sarima,6,lags_only,0.0001,0.0005270396270396271,True,GLOBAL_ALL_CELLS,4522,0.05,Skill_RMSE / squared-error loss difference
48071004_10_49,sarima,7,lags_only,0.0,0.0,True,GLOBAL_ALL_CELLS,4522,0.05,Skill_RMSE / squared-error loss difference
48071004_10_49,xgboost_direct,1,lags_only,0.9847,1.0,False,GLOBAL_ALL_CELLS,4522,0.05,Skill_RMSE / squared-error loss difference
48071004_10_49,xgboost_direct,2,lags_only,0.1276,0.21004994539497635,False,GLOBAL_ALL_CELLS,4522,0.05,Skill_RMSE / squared-error loss difference
48071004_10_49,xgboost_direct,3,lags_only,0.0019,0.006934463276836157,True,GLOBAL_ALL_CELLS,4522,0.05,Skill_RMSE / squared-error loss difference
48071004_10_49,xgboost_direct,4,lags_only,0.0,0.0,True,GLOBAL_ALL_CELLS,4522,0.05,Skill_RMSE / squared-error loss difference
48071004_10_49,xgboost_direct,5,lags_only,0.0321,0.07193072348860256,False,GLOBAL_ALL_CELLS,4522,0.05,Skill_RMSE / squared-error loss difference
48071004_10_49,xgboost_direct,6,lags_only,0.2106,0.30990341685649203,False,GLOBAL_ALL_CELLS,4522,0.05,Skill_RMSE / squared-error loss difference
48071004_10_49,xgboost_direct,7,lags_only,0.0005,0.0021887705711519847,True,GLOBAL_ALL_CELLS,4522,0.05,Skill_RMSE / squared-error loss difference
48082004_10_49,sarima,1,lags_only,0.1195,0.19969660014781968,False,GLOBAL_ALL_CELLS,4522,0.05,Skill_RMSE / squared-error loss difference
48082004_10_49,sarima,2,lags_only,0.0,0.0,True,GLOBAL_ALL_CELLS,4522,0.05,Skill_RMSE / squared-error loss difference
48082004_10_49,sarima,3,lags_only,0.0,0.0,True,GLOBAL_ALL_CELLS,4522,0.05,Skill_RMSE / squared-error loss difference
48082004_10_49,sarima,4,lags_only,0.0003,0.0014087227414330216,True,GLOBAL_ALL_CELLS,4522,0.05,Skill_RMSE / squared-error loss difference
48082004_10_49,sarima,5,lags_only,0.0001,0.0005270396270396271,True,GLOBAL_ALL_CELLS,4522,0.05,Skill_RMSE / squared-error loss difference
48082004_10_49,sarima,6,lags_only,0.0001,0.0005270396270396271,True,GLOBAL_ALL_CELLS,4522,0.05,Skill_RMSE / squared-error loss difference
48082004_10_49,sarima,7,lags_only,0.0027,0.00931304347826087,True,GLOBAL_ALL_CELLS,4522,0.05,Skill_RMSE / squared-error loss difference
48082004_10_49,xgboost_direct,1,lags_only,0.9306,1.0,False,GLOBAL_ALL_CELLS,4522,0.05,Skill_RMSE / squared-error loss difference
48082004_10_49,xgboost_direct,2,lags_only,0.2007,0.299427713625866,False,GLOBAL_ALL_CELLS,4522,0.05,Skill_RMSE / squared-error loss difference
48082004_10_49,xgboost_direct,3,lags_only,0.1155,0.19380000000000003,False,GLOBAL_ALL_CELLS,4522,0.05,Skill_RMSE / squared-error loss difference
48082004_10_49,xgboost_direct,4,lags_only,0.044,0.09089447236180904,False,GLOBAL_ALL_CELLS,4522,0.05,Skill_RMSE / squared-error loss difference
48082004_10_49,xgboost_direct,5,lags_only,0.0468,0.09524284428442845,False,GLOBAL_ALL_CELLS,4522,0.05,Skill_RMSE / squared-error loss difference
48082004_10_49,xgboost_direct,6,lags_only,0.0342,0.07492848837209302,False,GLOBAL_ALL_CELLS,4522,0.05,Skill_RMSE / squared-error loss difference
48082004_10_49,xgboost_direct,7,lags_only,0.0014,0.005284474123539232,True,GLOBAL_ALL_CELLS,4522,0.05,Skill_RMSE / squared-error loss difference
48096001_10_49,sarima,1,lags_only,0.007,0.020743119266055047,True,GLOBAL_ALL_CELLS,4522,0.05,Skill_RMSE / squared-error loss difference
48096001_10_49,sarima,2,lags_only,0.0,0.0,True,GLOBAL_ALL_CELLS,4522,0.05,Skill_RMSE / squared-error loss difference
48096001_10_49,sarima,3,lags_only,0.0,0.0,True,GLOBAL_ALL_CELLS,4522,0.05,Skill_RMSE / squared-error loss difference
48096001_10_49,sarima,4,lags_only,0.0,0.0,True,GLOBAL_ALL_CELLS,4522,0.05,Skill_RMSE / squared-error loss difference
48096001_10_49,sarima,5,lags_only,0.0003,0.0014087227414330216,True,GLOBAL_ALL_CELLS,4522,0.05,Skill_RMSE / squared-error loss difference
48096001_10_49,sarima,6,lags_only,0.0044,0.014091218130311617,True,GLOBAL_ALL_CELLS,4522,0.05,Skill_RMSE / squared-error loss difference
48096001_10_49,sarima,7,lags_only,0.0091,0.025783333333333335,True,GLOBAL_ALL_CELLS,4522,0.05,Skill_RMSE / squared-error loss difference
48096001_10_49,xgboost_direct,1,lags_only,0.9596,1.0,False,GLOBAL_ALL_CELLS,4522,0.05,Skill_RMSE / squared-error loss difference
48096001_10_49,xgboost_direct,2,lags_only,0.1411,0.2270655516014235,False,GLOBAL_ALL_CELLS,4522,0.05,Skill_RMSE / squared-error loss difference
48096001_10_49,xgboost_direct,3,lags_only,0.0417,0.0871383548983364,False,GLOBAL_ALL_CELLS,4522,0.05,Skill_RMSE / squared-error loss difference
48096001_10_49,xgboost_direct,4,lags_only,0.0358,0.0774211382113821,False,GLOBAL_ALL_CELLS,4522,0.05,Skill_RMSE / squared-error loss difference
48096001_10_49,xgboost_direct,5,lags_only,0.0234,0.05542943949711891,False,GLOBAL_ALL_CELLS,4522,0.05,Skill_RMSE / squared-error loss difference
48096001_10_49,xgboost_direct,6,lags_only,0.0039,0.012678504672897196,True,GLOBAL_ALL_CELLS,4522,0.05,Skill_RMSE / squared-error loss difference
48096001_10_49,xgboost_direct,7,lags_only,0.0,0.0,True,GLOBAL_ALL_CELLS,4522,0.05,Skill_RMSE / squared-error loss difference
48902006_10_49,sarima,1,lags_only,0.0067,0.020024719101123595,True,GLOBAL_ALL_CELLS,4522,0.05,Skill_RMSE / squared-error loss difference
48902006_10_49,sarima,2,lags_only,0.0,0.0,True,GLOBAL_ALL_CELLS,4522,0.05,Skill_RMSE / squared-error loss difference
48902006_10_49,sarima,3,lags_only,0.0,0.0,True,GLOBAL_ALL_CELLS,4522,0.05,Skill_RMSE / squared-error loss difference
48902006_10_49,sarima,4,lags_only,0.0003,0.0014087227414330216,True,GLOBAL_ALL_CELLS,4522,0.05,Skill_RMSE / squared-error loss difference
48902006_10_49,sarima,5,lags_only,0.0935,0.16541744913928014,False,GLOBAL_ALL_CELLS,4522,0.05,Skill_RMSE / squared-error loss difference
48902006_10_49,sarima,6,lags_only,0.4053,0.4949410207939508,False,GLOBAL_ALL_CELLS,4522,0.05,Skill_RMSE / squared-error loss difference
48902006_10_49,sarima,7,lags_only,0.5888,0.6814828768876375,False,GLOBAL_ALL_CELLS,4522,0.05,Skill_RMSE / squared-error loss difference
48902006_10_49,xgboost_direct,1,lags_only,0.9994,1.0,False,GLOBAL_ALL_CELLS,4522,0.05,Skill_RMSE / squared-error loss difference
48902006_10_49,xgboost_direct,2,lags_only,0.1886,0.2858073726541555,False,GLOBAL_ALL_CELLS,4522,0.05,Skill_RMSE / squared-error loss difference
48902006_10_49,xgboost_direct,3,lags_only,0.0006,0.002552398871119473,True,GLOBAL_ALL_CELLS,4522,0.05,Skill_RMSE / squared-error loss difference
48902006_10_49,xgboost_direct,4,lags_only,0.0,0.0,True,GLOBAL_ALL_CELLS,4522,0.05,Skill_RMSE / squared-error loss difference
48902006_10_49,xgboost_direct,5,lags_only,0.0001,0.0005270396270396271,True,GLOBAL_ALL_CELLS,4522,0.05,Skill_RMSE / squared-error loss difference
48902006_10_49,xgboost_direct,6,lags_only,0.001,0.003945898778359511,True,GLOBAL_ALL_CELLS,4522,0.05,Skill_RMSE / squared-error loss difference
48902006_10_49,xgboost_direct,7,lags_only,0.0,0.0,True,GLOBAL_ALL_CELLS,4522,0.05,Skill_RMSE / squared-error loss difference
48904002_10_47,sarima,1,lags_only,0.0298,0.06775042735042734,False,GLOBAL_ALL_CELLS,4522,0.05,Skill_RMSE / squared-error loss difference
48904002_10_47,sarima,2,lags_only,0.0,0.0,True,GLOBAL_ALL_CELLS,4522,0.05,Skill_RMSE / squared-error loss difference
48904002_10_47,sarima,3,lags_only,0.0,0.0,True,GLOBAL_ALL_CELLS,4522,0.05,Skill_RMSE / squared-error loss difference
48904002_10_47,sarima,4,lags_only,0.0,0.0,True,GLOBAL_ALL_CELLS,4522,0.05,Skill_RMSE / squared-error loss difference
48904002_10_47,sarima,5,lags_only,0.0,0.0,True,GLOBAL_ALL_CELLS,4522,0.05,Skill_RMSE / squared-error loss difference
48904002_10_47,sarima,6,lags_only,0.0022,0.00785193370165746,True,GLOBAL_ALL_CELLS,4522,0.05,Skill_RMSE / squared-error loss difference
48904002_10_47,sarima,7,lags_only,0.0149,0.038611919770773634,True,GLOBAL_ALL_CELLS,4522,0.05,Skill_RMSE / squared-error loss difference
48904002_10_47,xgboost_direct,1,lags_only,1.0,1.0,False,GLOBAL_ALL_CELLS,4522,0.05,Skill_RMSE / squared-error loss difference
48904002_10_47,xgboost_direct,2,lags_only,0.2357,0.33686327433628316,False,GLOBAL_ALL_CELLS,4522,0.05,Skill_RMSE / squared-error loss difference
48904002_10_47,xgboost_direct,3,lags_only,0.0664,0.1257900293255132,False,GLOBAL_ALL_CELLS,4522,0.05,Skill_RMSE / squared-error loss difference
48904002_10_47,xgboost_direct,4,lags_only,0.0132,0.035091358024691356,True,GLOBAL_ALL_CELLS,4522,0.05,Skill_RMSE / squared-error loss difference
48904002_10_47,xgboost_direct,5,lags_only,0.0147,0.03826908462867012,True,GLOBAL_ALL_CELLS,4522,0.05,Skill_RMSE / squared-error loss difference
48904002_10_47,xgboost_direct,6,lags_only,0.0105,0.02914732965009208,True,GLOBAL_ALL_CELLS,4522,0.05,Skill_RMSE / squared-error loss difference
48904002_10_47,xgboost_direct,7,lags_only,0.0004,0.0018106106106106107,True,GLOBAL_ALL_CELLS,4522,0.05,Skill_RMSE / squared-error loss difference
49275002_10_49,sarima,1,lags_only,0.3452,0.4448586727428083,False,GLOBAL_ALL_CELLS,4522,0.05,Skill_RMSE / squared-error loss difference
49275002_10_49,sarima,2,lags_only,0.0177,0.0442695796460177,True,GLOBAL_ALL_CELLS,4522,0.05,Skill_RMSE / squared-error loss difference
49275002_10_49,sarima,3,lags_only,0.0014,0.005284474123539232,True,GLOBAL_ALL_CELLS,4522,0.05,Skill_RMSE / squared-error loss difference
49275002_10_49,sarima,4,lags_only,0.0006,0.002552398871119473,True,GLOBAL_ALL_CELLS,4522,0.05,Skill_RMSE / squared-error loss difference
49275002_10_49,sarima,5,lags_only,0.0023,0.008163736263736263,True,GLOBAL_ALL_CELLS,4522,0.05,Skill_RMSE / squared-error loss difference
49275002_10_49,sarima,6,lags_only,0.0167,0.04223568232662192,True,GLOBAL_ALL_CELLS,4522,0.05,Skill_RMSE / squared-error loss difference
49275002_10_49,sarima,7,lags_only,0.0315,0.07100847457627119,False,GLOBAL_ALL_CELLS,4522,0.05,Skill_RMSE / squared-error loss difference
49275002_10_49,xgboost_direct,1,lags_only,0.3504,0.44747628458498023,False,GLOBAL_ALL_CELLS,4522,0.05,Skill_RMSE / squared-error loss difference
49275002_10_49,xgboost_direct,2,lags_only,0.1627,0.2548421891236578,False,GLOBAL_ALL_CELLS,4522,0.05,Skill_RMSE / squared-error loss difference
49275002_10_49,xgboost_direct,3,lags_only,0.0997,0.1728031429666539,False,GLOBAL_ALL_CELLS,4522,0.05,Skill_RMSE / squared-error loss difference
49275002_10_49,xgboost_direct,4,lags_only,0.3111,0.41279172535211267,False,GLOBAL_ALL_CELLS,4522,0.05,Skill_RMSE / squared-error loss difference
49275002_10_49,xgboost_direct,5,lags_only,0.0084,0.024147997457088365,True,GLOBAL_ALL_CELLS,4522,0.05,Skill_RMSE / squared-error loss difference
49275002_10_49,xgboost_direct,6,lags_only,0.2061,0.30486889106967613,False,GLOBAL_ALL_CELLS,4522,0.05,Skill_RMSE / squared-error loss difference
49275002_10_49,xgboost_direct,7,lags_only,0.0,0.0,True,GLOBAL_ALL_CELLS,4522,0.05,Skill_RMSE / squared-error loss difference
50297029_10_49,sarima,1,lags_only,0.0142,0.03722457971014493,True,GLOBAL_ALL_CELLS,4522,0.05,Skill_RMSE / squared-error loss difference
50297029_10_49,sarima,2,lags_only,0.0,0.0,True,GLOBAL_ALL_CELLS,4522,0.05,Skill_RMSE / squared-error loss difference
50297029_10_49,sarima,3,lags_only,0.0,0.0,True,GLOBAL_ALL_CELLS,4522,0.05,Skill_RMSE / squared-error loss difference
50297029_10_49,sarima,4,lags_only,0.0,0.0,True,GLOBAL_ALL_CELLS,4522,0.05,Skill_RMSE / squared-error loss difference
50297029_10_49,sarima,5,lags_only,0.0,0.0,True,GLOBAL_ALL_CELLS,4522,0.05,Skill_RMSE / squared-error loss difference
50297029_10_49,sarima,6,lags_only,0.0,0.0,True,GLOBAL_ALL_CELLS,4522,0.05,Skill_RMSE / squared-error loss difference
50297029_10_49,sarima,7,lags_only,0.0,0.0,True,GLOBAL_ALL_CELLS,4522,0.05,Skill_RMSE / squared-error loss difference
50297029_10_49,xgboost_direct,1,lags_only,1.0,1.0,False,GLOBAL_ALL_CELLS,4522,0.05,Skill_RMSE / squared-error loss difference
50297029_10_49,xgboost_direct,2,lags_only,0.0404,0.08516960372960372,False,GLOBAL_ALL_CELLS,4522,0.05,Skill_RMSE / squared-error loss difference
50297029_10_49,xgboost_direct,3,lags_only,0.0,0.0,True,GLOBAL_ALL_CELLS,4522,0.05,Skill_RMSE / squared-error loss difference
50297029_10_49,xgboost_direct,4,lags_only,0.0,0.0,True,GLOBAL_ALL_CELLS,4522,0.05,Skill_RMSE / squared-error loss difference
50297029_10_49,xgboost_direct,5,lags_only,0.0,0.0,True,GLOBAL_ALL_CELLS,4522,0.05,Skill_RMSE / squared-error loss difference
50297029_10_49,xgboost_direct,6,lags_only,0.0,0.0,True,GLOBAL_ALL_CELLS,4522,0.05,Skill_RMSE / squared-error loss difference
50297029_10_49,xgboost_direct,7,lags_only,0.0,0.0,True,GLOBAL_ALL_CELLS,4522,0.05,Skill_RMSE / squared-error loss difference
50297032_10_49,sarima,1,lags_only,0.0076,0.022229754204398447,True,GLOBAL_ALL_CELLS,4522,0.05,Skill_RMSE / squared-error loss difference
50297032_10_49,sarima,2,lags_only,0.0,0.0,True,GLOBAL_ALL_CELLS,4522,0.05,Skill_RMSE / squared-error loss difference
50297032_10_49,sarima,3,lags_only,0.0001,0.0005270396270396271,True,GLOBAL_ALL_CELLS,4522,0.05,Skill_RMSE / squared-error loss difference
50297032_10_49,sarima,4,lags_only,0.0587,0.11421746987951807,False,GLOBAL_ALL_CELLS,4522,0.05,Skill_RMSE / squared-error loss difference
50297032_10_49,sarima,5,lags_only,0.2213,0.321464375200771,False,GLOBAL_ALL_CELLS,4522,0.05,Skill_RMSE / squared-error loss difference
50297032_10_49,sarima,6,lags_only,0.8945,0.9765468018344196,False,GLOBAL_ALL_CELLS,4522,0.05,Skill_RMSE / squared-error loss difference
50297032_10_49,sarima,7,lags_only,0.9986,1.0,False,GLOBAL_ALL_CELLS,4522,0.05,Skill_RMSE / squared-error loss difference
50297032_10_49,xgboost_direct,1,lags_only,0.9998,1.0,False,GLOBAL_ALL_CELLS,4522,0.05,Skill_RMSE / squared-error loss difference
50297032_10_49,xgboost_direct,2,lags_only,0.404,0.49375351351351354,False,GLOBAL_ALL_CELLS,4522,0.05,Skill_RMSE / squared-error loss difference
50297032_10_49,xgboost_direct,3,lags_only,0.204,0.3031508379888268,False,GLOBAL_ALL_CELLS,4522,0.05,Skill_RMSE / squared-error loss difference
50297032_10_49,xgboost_direct,4,lags_only,0.0835,0.15115572457966375,False,GLOBAL_ALL_CELLS,4522,0.05,Skill_RMSE / squared-error loss difference
50297032_10_49,xgboost_direct,5,lags_only,0.0097,0.027210545905707196,True,GLOBAL_ALL_CELLS,4522,0.05,Skill_RMSE / squared-error loss difference
50297032_10_49,xgboost_direct,6,lags_only,0.0036,0.011882627737226276,True,GLOBAL_ALL_CELLS,4522,0.05,Skill_RMSE / squared-error loss difference
50297032_10_49,xgboost_direct,7,lags_only,0.0007,0.0029120515179392823,True,GLOBAL_ALL_CELLS,4522,0.05,Skill_RMSE / squared-error loss difference
50297036_10_49,sarima,1,lags_only,0.2742,0.3768791489361702,False,GLOBAL_ALL_CELLS,4522,0.05,Skill_RMSE / squared-error loss difference
50297036_10_49,sarima,2,lags_only,0.0457,0.09372126984126984,False,GLOBAL_ALL_CELLS,4522,0.05,Skill_RMSE / squared-error loss difference
50297036_10_49,sarima,3,lags_only,0.0752,0.1389111111111111,False,GLOBAL_ALL_CELLS,4522,0.05,Skill_RMSE / squared-error loss difference
50297036_10_49,sarima,4,lags_only,0.1636,0.2558088520055325,False,GLOBAL_ALL_CELLS,4522,0.05,Skill_RMSE / squared-error loss difference
50297036_10_49,sarima,5,lags_only,0.325,0.4261090171064077,False,GLOBAL_ALL_CELLS,4522,0.05,Skill_RMSE / squared-error loss difference
50297036_10_49,sarima,6,lags_only,0.5376,0.6312716696961828,False,GLOBAL_ALL_CELLS,4522,0.05,Skill_RMSE / squared-error loss difference
50297036_10_49,sarima,7,lags_only,0.7215,0.8128109118086697,False,GLOBAL_ALL_CELLS,4522,0.05,Skill_RMSE / squared-error loss difference
50297036_10_49,xgboost_direct,1,lags_only,1.0,1.0,False,GLOBAL_ALL_CELLS,4522,0.05,Skill_RMSE / squared-error loss difference
50297036_10_49,xgboost_direct,2,lags_only,0.9046,0.9848080365736285,False,GLOBAL_ALL_CELLS,4522,0.05,Skill_RMSE / squared-error loss difference
50297036_10_49,xgboost_direct,3,lags_only,0.3913,0.48187062346855436,False,GLOBAL_ALL_CELLS,4522,0.05,Skill_RMSE / squared-error loss difference
50297036_10_49,xgboost_direct,4,lags_only,0.0497,0.09953206377325066,False,GLOBAL_ALL_CELLS,4522,0.05,Skill_RMSE / squared-error loss difference
50297036_10_49,xgboost_direct,5,lags_only,0.0108,0.02979719341061623,True,GLOBAL_ALL_CELLS,4522,0.05,Skill_RMSE / squared-error loss difference
50297036_10_49,xgboost_direct,6,lags_only,0.0056,0.017226666666666668,True,GLOBAL_ALL_CELLS,4522,0.05,Skill_RMSE / squared-error loss difference
50297036_10_49,xgboost_direct,7,lags_only,0.0004,0.0018106106106106107,True,GLOBAL_ALL_CELLS,4522,0.05,Skill_RMSE / squared-error loss difference
50297040_10_49,sarima,1,lags_only,0.003,0.010184684684684685,True,GLOBAL_ALL_CELLS,4522,0.05,Skill_RMSE / squared-error loss difference
50297040_10_49,sarima,2,lags_only,0.0,0.0,True,GLOBAL_ALL_CELLS,4522,0.05,Skill_RMSE / squared-error loss difference
50297040_10_49,sarima,3,lags_only,0.0,0.0,True,GLOBAL_ALL_CELLS,4522,0.05,Skill_RMSE / squared-error loss difference
50297040_10_49,sarima,4,lags_only,0.0,0.0,True,GLOBAL_ALL_CELLS,4522,0.05,Skill_RMSE / squared-error loss difference
50297040_10_49,sarima,5,lags_only,0.0,0.0,True,GLOBAL_ALL_CELLS,4522,0.05,Skill_RMSE / squared-error loss difference
50297040_10_49,sarima,6,lags_only,0.0004,0.0018106106106106107,True,GLOBAL_ALL_CELLS,4522,0.05,Skill_RMSE / squared-error loss difference
50297040_10_49,sarima,7,lags_only,0.0075,0.0219799092676604,True,GLOBAL_ALL_CELLS,4522,0.05,Skill_RMSE / squared-error loss difference
50297040_10_49,xgboost_direct,1,lags_only,1.0,1.0,False,GLOBAL_ALL_CELLS,4522,0.05,Skill_RMSE / squared-error loss difference
50297040_10_49,xgboost_direct,2,lags_only,0.2203,0.3206535519125683,False,GLOBAL_ALL_CELLS,4522,0.05,Skill_RMSE / squared-error loss difference
50297040_10_49,xgboost_direct,3,lags_only,0.0406,0.08547169459962756,False,GLOBAL_ALL_CELLS,4522,0.05,Skill_RMSE / squared-error loss difference
50297040_10_49,xgboost_direct,4,lags_only,0.0164,0.041639977540707473,True,GLOBAL_ALL_CELLS,4522,0.05,Skill_RMSE / squared-error loss difference
50297040_10_49,xgboost_direct,5,lags_only,0.0,0.0,True,GLOBAL_ALL_CELLS,4522,0.05,Skill_RMSE / squared-error loss difference
50297040_10_49,xgboost_direct,6,lags_only,0.0,0.0,True,GLOBAL_ALL_CELLS,4522,0.05,Skill_RMSE / squared-error loss difference
50297040_10_49,xgboost_direct,7,lags_only,0.0,0.0,True,GLOBAL_ALL_CELLS,4522,0.05,Skill_RMSE / squared-error loss difference
51001001_10_49,sarima,1,lags_only,0.0973,0.16981497491316094,False,GLOBAL_ALL_CELLS,4522,0.05,Skill_RMSE / squared-error loss difference
51001001_10_49,sarima,2,lags_only,0.0,0.0,True,GLOBAL_ALL_CELLS,4522,0.05,Skill_RMSE / squared-error loss difference
51001001_10_49,sarima,3,lags_only,0.0,0.0,True,GLOBAL_ALL_CELLS,4522,0.05,Skill_RMSE / squared-error loss difference
51001001_10_49,sarima,4,lags_only,0.0,0.0,True,GLOBAL_ALL_CELLS,4522,0.05,Skill_RMSE / squared-error loss difference
51001001_10_49,sarima,5,lags_only,0.0,0.0,True,GLOBAL_ALL_CELLS,4522,0.05,Skill_RMSE / squared-error loss difference
51001001_10_49,sarima,6,lags_only,0.0,0.0,True,GLOBAL_ALL_CELLS,4522,0.05,Skill_RMSE / squared-error loss difference
51001001_10_49,sarima,7,lags_only,0.0,0.0,True,GLOBAL_ALL_CELLS,4522,0.05,Skill_RMSE / squared-error loss difference
51001001_10_49,xgboost_direct,1,lags_only,0.9965,1.0,False,GLOBAL_ALL_CELLS,4522,0.05,Skill_RMSE / squared-error loss difference
51001001_10_49,xgboost_direct,2,lags_only,0.1481,0.23622150158618258,False,GLOBAL_ALL_CELLS,4522,0.05,Skill_RMSE / squared-error loss difference
51001001_10_49,xgboost_direct,3,lags_only,0.0039,0.012678504672897196,True,GLOBAL_ALL_CELLS,4522,0.05,Skill_RMSE / squared-error loss difference
51001001_10_49,xgboost_direct,4,lags_only,0.0005,0.0021887705711519847,True,GLOBAL_ALL_CELLS,4522,0.05,Skill_RMSE / squared-error loss difference
51001001_10_49,xgboost_direct,5,lags_only,0.0008,0.003244484304932736,True,GLOBAL_ALL_CELLS,4522,0.05,Skill_RMSE / squared-error loss difference
51001001_10_49,xgboost_direct,6,lags_only,0.0001,0.0005270396270396271,True,GLOBAL_ALL_CELLS,4522,0.05,Skill_RMSE / squared-error loss difference
51001001_10_49,xgboost_direct,7,lags_only,0.0001,0.0005270396270396271,True,GLOBAL_ALL_CELLS,4522,0.05,Skill_RMSE / squared-error loss difference
