station_id,model,horizon,condition,n,mae,rmse,bias,mae_persistence,rmse_persistence,skill_mae,skill_rmse
01022001_10_47,persistence,1,lags_only,996,4.003602184004227,7.05674565646237,,,,,
01022001_10_47,sarima,1,lags_only,996,4.134675754025891,6.896445449062004,-1.5488498848160686,4.003602184004227,7.05674565646237,-0.03273890961128668,0.022715882816828917
01022001_10_47,xgboost_direct,1,lags_only,996,5.3801502981413005,8.788889021105627,-0.24877727279188297,4.003602184004227,7.05674565646237,-0.34382739614761393,-0.24545923134653555
01022001_10_47,persistence,2,lags_only,994,5.6995047927315445,9.577105280084444,,,,,
01022001_10_47,sarima,2,lags_only,994,5.607146026930343,9.070455768364038,-2.9347016589247885,5.6995047927315445,9.577105280084444,0.01620470008534515,0.05290215539072978
01022001_10_47,xgboost_direct,2,lags_only,994,5.709506500379417,9.308694072239916,-0.14032606572214523,5.6995047927315445,9.577105280084444,-0.0017548380098965147,0.028026339900709654
01022001_10_47,persistence,3,lags_only,992,6.368991139543603,10.726927456121343,,,,,
01022001_10_47,sarima,3,lags_only,992,6.4001607774132,9.981978504897722,-4.011106253942381,6.368991139543603,10.726927456121343,-0.004893967849330523,0.06944662898773636
01022001_10_47,xgboost_direct,3,lags_only,992,5.747380529612054,9.090114541911824,-0.26566128509944,6.368991139543603,10.726927456121343,0.09759954069838642,0.15258916599417002
01022001_10_47,persistence,4,lags_only,992,6.853617923246693,11.318463969190395,,,,,
01022001_10_47,sarima,4,lags_only,992,6.856360191006171,10.532896926586291,-4.90538816754647,6.853617923246693,11.318463969190395,-0.0004001197309492125,0.06940579965112484
01022001_10_47,xgboost_direct,4,lags_only,992,5.785332199182906,9.23776736593761,-0.23071836528590103,6.853617923246693,11.318463969190395,0.15587179443433566,0.18383206492652868
01022001_10_47,persistence,5,lags_only,993,7.134408031071633,11.630387673399797,,,,,
01022001_10_47,sarima,5,lags_only,993,7.27234217416236,11.029889890086757,-5.724512048125728,7.134408031071633,11.630387673399797,-0.019333649335726132,0.0516317942424616
01022001_10_47,xgboost_direct,5,lags_only,993,5.974741778708046,9.448684235455147,-0.12128709869278889,7.134408031071633,11.630387673399797,0.1625455464998681,0.18758647598088998
01022001_10_47,persistence,6,lags_only,991,7.2832706811899985,11.680692543670437,,,,,
01022001_10_47,sarima,6,lags_only,991,7.581401987666385,11.321184183839575,-6.419495680122891,7.2832706811899985,11.680692543670437,-0.040933712273848254,0.03077800040423744
01022001_10_47,xgboost_direct,6,lags_only,991,5.839906868490676,9.201925027436387,-0.21914598933399063,7.2832706811899985,11.680692543670437,0.198175225922469,0.21221066362004806
01022001_10_47,persistence,7,lags_only,990,7.5135249968155104,11.986838484860954,,,,,
01022001_10_47,sarima,7,lags_only,990,8.025854046086515,11.833460348774286,-7.071177547520995,7.5135249968155104,11.986838484860954,-0.06818757500482757,0.012795545404268159
01022001_10_47,xgboost_direct,7,lags_only,990,5.908660105908615,9.295433603951649,-0.16751916011348117,7.5135249968155104,11.986838484860954,0.2135967993168443,0.22453000299524142
01036004_10_47,persistence,1,lags_only,912,5.117042085409506,9.910592700703805,,,,,
01036004_10_47,sarima,1,lags_only,912,5.270310215971174,9.688168184639405,-1.6048862206067191,5.117042085409506,9.910592700703805,-0.029952485831353518,0.02244310938624334
01036004_10_47,xgboost_direct,1,lags_only,912,6.674708276720851,11.488746050416804,-0.6410867515223554,5.117042085409506,9.910592700703805,-0.3044075396121525,-0.15923904829636729
01036004_10_47,persistence,2,lags_only,909,7.285010338507971,13.229813928431875,,,,,
01036004_10_47,sarima,2,lags_only,909,7.0150146205739325,12.207243312121934,-2.608111910509006,7.285010338507971,13.229813928431875,0.037061816715188836,0.07729289480877427
01036004_10_47,xgboost_direct,2,lags_only,909,7.071285008810749,11.871332733416672,-0.5766009670821827,7.285010338507971,13.229813928431875,0.029337683787143996,0.10268331832662621
01036004_10_47,persistence,3,lags_only,907,8.198014211426608,14.039080463336115,,,,,
01036004_10_47,sarima,3,lags_only,907,7.781505704401276,12.885307135282408,-3.5741848690634117,8.198014211426608,14.039080463336115,0.05080602403015986,0.08218296996493846
01036004_10_47,xgboost_direct,3,lags_only,907,7.350281601193863,12.066838012805754,-1.1083746161833323,8.198014211426608,14.039080463336115,0.10340706765928179,0.14048230976957418
01036004_10_47,persistence,4,lags_only,907,8.55734538326677,14.577560745276994,,,,,
01036004_10_47,sarima,4,lags_only,907,8.191065398318777,13.251634839300554,-4.360080544434693,8.55734538326677,14.577560745276994,0.04280299187926018,0.09095663733769925
01036004_10_47,xgboost_direct,4,lags_only,907,7.484493884137308,12.011876606273583,-0.9961489602747334,8.55734538326677,14.577560745276994,0.1253719992682941,0.17600229447403748
01036004_10_47,persistence,5,lags_only,908,8.820163253875664,14.872990010723806,,,,,
01036004_10_47,sarima,5,lags_only,908,8.492692973950449,13.4196359981961,-5.058066298924585,8.820163253875664,14.872990010723806,0.03712746244025832,0.09771767556354174
01036004_10_47,xgboost_direct,5,lags_only,908,7.31278479235385,11.61656476397099,-0.9536282238678313,8.820163253875664,14.872990010723806,0.17090142417255805,0.21894892986580708
01036004_10_47,persistence,6,lags_only,907,8.88930163627187,15.219417993345605,,,,,
01036004_10_47,sarima,6,lags_only,907,8.720927486076889,13.849052284548257,-5.824072515418457,8.88930163627187,15.219417993345605,0.018941212379153454,0.09004061189439132
01036004_10_47,xgboost_direct,6,lags_only,907,7.192099350240987,11.628264801500231,-1.0696262247566004,8.88930163627187,15.219417993345605,0.1909263916870169,0.23595864134985553
01036004_10_47,persistence,7,lags_only,906,9.061202540528393,15.515676771650886,,,,,
01036004_10_47,sarima,7,lags_only,906,9.036736076666907,14.236038999289471,-6.611268030683478,9.061202540528393,15.515676771650886,0.0027001343091112165,0.08247386119176418
01036004_10_47,xgboost_direct,7,lags_only,906,7.273805770531863,11.802573300599123,-0.7683662818501443,9.061202540528393,15.515676771650886,0.19725822946810553,0.23931302035345794
01051001_10_49,persistence,1,lags_only,913,4.271553950970039,7.559267023619093,,,,,
01051001_10_49,sarima,1,lags_only,913,4.282734083664345,7.335112146892862,-1.4375875948463268,4.271553950970039,7.559267023619093,-0.002617345542777868,0.029652990961405907
01051001_10_49,xgboost_direct,1,lags_only,913,5.304680640671668,8.689639462833702,-0.8470824610867493,4.271553950970039,7.559267023619093,-0.24186202528637474,-0.1495346619828002
01051001_10_49,persistence,2,lags_only,909,5.88629989131273,10.171153432646804,,,,,
01051001_10_49,sarima,2,lags_only,909,5.71097321289411,9.490313669464097,-2.6242206051047026,5.88629989131273,10.171153432646804,0.0297855497776072,0.06693830426324957
01051001_10_49,xgboost_direct,2,lags_only,909,5.571300575705296,9.058661431235995,-0.9795345368963816,5.88629989131273,10.171153432646804,0.05351397676362432,0.1093771722919835
01051001_10_49,persistence,3,lags_only,905,6.399029974365595,11.13203380267782,,,,,
01051001_10_49,sarima,3,lags_only,905,6.26583595848793,10.26890281978315,-3.6537546565195873,6.399029974365595,11.13203380267782,0.020814719795224895,0.07753578530160786
01051001_10_49,xgboost_direct,3,lags_only,905,5.640828032208766,9.044909885462824,-1.0728915597499116,6.399029974365595,11.13203380267782,0.11848701212436459,0.18748810452883607
01051001_10_49,persistence,4,lags_only,903,6.623872001872792,11.568520384824774,,,,,
01051001_10_49,sarima,4,lags_only,903,6.69841734781214,10.715045049425596,-4.5317211961207144,6.623872001872792,11.568520384824774,-0.01125404384599694,0.07377566940356008
01051001_10_49,xgboost_direct,4,lags_only,903,5.721146416095118,9.161599868877397,-0.9210967004179178,6.623872001872792,11.568520384824774,0.13628366996259025,0.2080577667568188
01051001_10_49,persistence,5,lags_only,903,6.928535056971352,11.628579429906024,,,,,
01051001_10_49,sarima,5,lags_only,903,7.136518422524323,11.133706267248716,-5.408966356344377,6.928535056971352,11.628579429906024,-0.030018375290416108,0.04255663089720216
01051001_10_49,xgboost_direct,5,lags_only,903,5.984436798551105,9.451714290961432,-0.7926007118460292,6.928535056971352,11.628579429906024,0.13626231961838955,0.18719957601581128
01051001_10_49,persistence,6,lags_only,901,7.020919220508972,11.647326866753968,,,,,
01051001_10_49,sarima,6,lags_only,901,7.585488716162305,11.564803427858743,-6.165901851085416,7.020919220508972,11.647326866753968,-0.08041247562059337,0.007085182706667098
01051001_10_49,xgboost_direct,6,lags_only,901,5.881578103106999,9.341343315698794,-0.8871411623974468,7.020919220508972,11.647326866753968,0.16227805528282072,0.19798393034176404
01051001_10_49,persistence,7,lags_only,901,7.084483859529868,11.772236758047175,,,,,
01051001_10_49,sarima,7,lags_only,901,7.936801383936245,11.833692472559939,-6.744826678116327,7.084483859529868,11.772236758047175,-0.12030763867996684,-0.005220394031810028
01051001_10_49,xgboost_direct,7,lags_only,901,5.702683253113102,9.23980599820001,-1.011329282272182,7.084483859529868,11.772236758047175,0.19504605188111238,0.21511891171540234
01055001_10_47,persistence,1,lags_only,917,3.1997256847339446,7.039550612652522,,,,,
01055001_10_47,sarima,1,lags_only,917,3.33994430022533,6.7595874223921815,-1.0719289324964836,3.1997256847339446,7.039550612652522,-0.0438220739235165,0.03977003727441764
01055001_10_47,xgboost_direct,1,lags_only,917,4.719053349919902,8.408159605102014,-0.09209482577585738,3.1997256847339446,7.039550612652522,-0.47483059952131124,-0.1944170967376278
01055001_10_47,persistence,2,lags_only,916,4.607069563785536,9.368225714305822,,,,,
01055001_10_47,sarima,2,lags_only,916,4.490367165953564,8.47412793580705,-1.7920907255932406,4.607069563785536,9.368225714305822,0.025331156001924985,0.09543939330298506
01055001_10_47,xgboost_direct,2,lags_only,916,5.208061801642803,9.412547645384873,0.12902487947034785,4.607069563785536,9.368225714305822,-0.13045000287849873,-0.004731091289929982
01055001_10_47,persistence,3,lags_only,913,5.337654107279853,10.193673717493752,,,,,
01055001_10_47,sarima,3,lags_only,913,5.1111302390333675,9.131066487791642,-2.4660452906846575,5.337654107279853,10.193673717493752,0.042438843674328215,0.10424183264552885
01055001_10_47,xgboost_direct,3,lags_only,913,5.133320690352089,8.892794452003272,-0.06323971557390518,5.337654107279853,10.193673717493752,0.03828150210203406,0.1276163335754009
01055001_10_47,persistence,4,lags_only,913,5.8475443763333415,10.948850739149089,,,,,
01055001_10_47,sarima,4,lags_only,913,5.516914082503549,9.669629335955566,-3.050521883030124,5.8475443763333415,10.948850739149089,0.05654173317058466,0.1168361350127365
01055001_10_47,xgboost_direct,4,lags_only,913,5.377176454501354,9.32714229536452,-0.015592483955014912,5.8475443763333415,10.948850739149089,0.0804385382239592,0.14811677338754206
01055001_10_47,persistence,5,lags_only,914,6.38553564321369,11.530379077584476,,,,,
01055001_10_47,sarima,5,lags_only,914,5.826113875938445,10.091601524636687,-3.629840826881736,6.38553564321369,11.530379077584476,0.08760764930813254,0.12478146149980712
01055001_10_47,xgboost_direct,5,lags_only,914,5.289314743227544,9.099356375948462,-0.22036796400434167,6.38553564321369,11.530379077584476,0.17167250505463383,0.21083632075566539
01055001_10_47,persistence,6,lags_only,912,6.583242910851343,11.892292888476948,,,,,
01055001_10_47,sarima,6,lags_only,912,6.000165302533631,10.322533831336056,-4.095336259809651,6.583242910851343,11.892292888476948,0.08856996714440067,0.13199801517350052
01055001_10_47,xgboost_direct,6,lags_only,912,5.405553906606546,9.159979381755882,0.03643456931623465,6.583242910851343,11.892292888476948,0.17889192609064747,0.22975497932518504
01055001_10_47,persistence,7,lags_only,911,6.619139457895746,11.93831121000776,,,,,
01055001_10_47,sarima,7,lags_only,911,6.088530646800339,10.358399277159993,-4.499574602125687,6.619139457895746,11.93831121000776,0.08016280884707175,0.13233965047948681
01055001_10_47,xgboost_direct,7,lags_only,911,5.308603325148719,9.036403638187405,-0.027463737053178516,6.619139457895746,11.93831121000776,0.19799192041251415,0.24307521564588766
01059008_10_49,persistence,1,lags_only,985,5.145188198471138,8.595842684200445,,,,,
01059008_10_49,sarima,1,lags_only,985,5.243451358807767,8.690650250797965,-1.9198009760196997,5.145188198471138,8.595842684200445,-0.01909806921461628,-0.011029467392624693
01059008_10_49,xgboost_direct,1,lags_only,985,6.913007079406663,10.598468636705954,-0.5192759526922454,5.145188198471138,8.595842684200445,-0.3435868257376516,-0.2329761055523303
01059008_10_49,persistence,2,lags_only,982,7.17317318259827,11.36970767256688,,,,,
01059008_10_49,sarima,2,lags_only,982,6.973976476500345,10.741276892491717,-3.382713836614444,7.17317318259827,11.36970767256688,0.027769677523075166,0.05527237798659126
01059008_10_49,xgboost_direct,2,lags_only,982,7.1011807787289385,10.693843141742468,-0.588845638984948,7.17317318259827,11.36970767256688,0.010036339850818221,0.05944431908791778
01059008_10_49,persistence,3,lags_only,980,7.884844725298363,12.06453984073465,,,,,
01059008_10_49,sarima,3,lags_only,980,7.565214487646558,11.081521763875985,-4.647570431205602,7.884844725298363,12.06453984073465,0.040537290052938886,0.08147994783353507
01059008_10_49,xgboost_direct,3,lags_only,980,6.885846749373369,9.95891350498033,-0.9170293884222632,7.884844725298363,12.06453984073465,0.12669849701919048,0.1745301821330055
01059008_10_49,persistence,4,lags_only,980,8.50611258676254,13.252453809219299,,,,,
01059008_10_49,sarima,4,lags_only,980,8.323812278668436,12.465427807463143,-5.8992239974688125,8.50611258676254,13.252453809219299,0.02143168294971849,0.059387190710949465
01059008_10_49,xgboost_direct,4,lags_only,980,7.180680420499277,10.877512124541354,-1.0214696372840346,8.50611258676254,13.252453809219299,0.15582114070838185,0.17920769382540877
01059008_10_49,persistence,5,lags_only,980,8.761169911499326,13.325341457962285,,,,,
01059008_10_49,sarima,5,lags_only,980,8.73390588796619,12.840966013679258,-6.7839157429590955,8.761169911499326,13.325341457962285,0.0031119158523968374,0.036349946139173625
01059008_10_49,xgboost_direct,5,lags_only,980,7.0420604450451,10.443645262045564,-0.7720904972458951,8.761169911499326,13.325341457962285,0.1962191675107041,0.21625683702047444
01059008_10_49,persistence,6,lags_only,978,8.810053922027114,13.304019352030984,,,,,
01059008_10_49,sarima,6,lags_only,978,9.21718353955441,13.312801539615721,-7.71884419918457,8.810053922027114,13.304019352030984,-0.04621193254100077,-0.0006601153645643533
01059008_10_49,xgboost_direct,6,lags_only,978,7.44502276303308,11.08603171778322,-0.5830418064599758,8.810053922027114,13.304019352030984,0.15494015939915526,0.16671560492800755
01059008_10_49,persistence,7,lags_only,977,8.909221067230279,13.482005829090536,,,,,
01059008_10_49,sarima,7,lags_only,977,9.589088660794703,13.600244061889113,-8.37954834474712,8.909221067230279,13.482005829090536,-0.07631055379971428,-0.00877007726427847
01059008_10_49,xgboost_direct,7,lags_only,977,7.145762877413063,10.56499559569391,-0.7251410152727745,8.909221067230279,13.482005829090536,0.19793629280381572,0.2163632229784758
01059009_10_47,persistence,1,lags_only,925,3.7455907708951193,5.827566749885425,,,,,
01059009_10_47,sarima,1,lags_only,925,3.7837497474583275,5.840330843557499,-1.259714865365666,3.7455907708951193,5.827566749885425,-0.010187705731154661,-0.0021902955761639747
01059009_10_47,xgboost_direct,1,lags_only,925,5.184355039438347,7.090500439129885,0.9825922463745034,3.7455907708951193,5.827566749885425,-0.3841221202601886,-0.216717155452452
01059009_10_47,persistence,2,lags_only,922,5.3309804740932725,7.9963893776566595,,,,,
01059009_10_47,sarima,2,lags_only,922,5.162486700238213,7.61396330006922,-2.3733269731815976,5.3309804740932725,7.9963893776566595,0.03160652616791254,0.04782484437989051
01059009_10_47,xgboost_direct,2,lags_only,922,5.437587881355267,7.391486857324687,1.1157799629737233,5.3309804740932725,7.9963893776566595,-0.019997711073989014,0.07564695661546672
01059009_10_47,persistence,3,lags_only,920,5.878572516278092,8.823063109550107,,,,,
01059009_10_47,sarima,3,lags_only,920,5.7068123259251085,8.29617486322071,-3.3395681655779863,5.878572516278092,8.823063109550107,0.02921800996370641,0.05971715715816337
01059009_10_47,xgboost_direct,3,lags_only,920,5.693627299505852,7.727437508149007,1.169475413337701,5.878572516278092,8.823063109550107,0.03146090590192033,0.12417746397112263
01059009_10_47,persistence,4,lags_only,917,6.171391721560041,9.129610115706992,,,,,
01059009_10_47,sarima,4,lags_only,917,6.080153465445148,8.681360050450047,-4.153595395761227,6.171391721560041,9.129610115706992,0.014784064961578684,0.04909848937423461
01059009_10_47,xgboost_direct,4,lags_only,917,5.806841698741359,7.922430360686932,1.1876350026770492,6.171391721560041,9.129610115706992,0.059070958264585485,0.13222686836792444
01059009_10_47,persistence,5,lags_only,919,6.3210881191424795,9.230953079940965,,,,,
01059009_10_47,sarima,5,lags_only,919,6.443133947409918,9.06625239184886,-4.917226950601642,6.3210881191424795,9.230953079940965,-0.019307724551069123,0.017842219179946165
01059009_10_47,xgboost_direct,5,lags_only,919,5.785900486931086,7.869819800891444,0.8585779337206126,6.3210881191424795,9.230953079940965,0.08466701019254211,0.14745316840655265
01059009_10_47,persistence,6,lags_only,917,6.333329683239598,9.230724489019,,,,,
01059009_10_47,sarima,6,lags_only,917,6.738209853680979,9.37009827146495,-5.556761682559443,6.333329683239598,9.230724489019,-0.06392848480836985,-0.01509889961635749
01059009_10_47,xgboost_direct,6,lags_only,917,5.7926733430829875,7.7921694362121565,1.2155462579656882,6.333329683239598,9.230724489019,0.08536683975056489,0.15584421943458163
01059009_10_47,persistence,7,lags_only,916,6.402016710611499,9.41542623005311,,,,,
01059009_10_47,sarima,7,lags_only,916,7.1196268226857615,9.72165027802556,-6.126782809654424,6.402016710611499,9.41542623005311,-0.11209125881924147,-0.03252365219484302
01059009_10_47,xgboost_direct,7,lags_only,916,5.65816298306328,7.717473997642261,1.0501375531614034,6.402016710611499,9.41542623005311,0.11619053201083712,0.18033726683462867
01059012_10_47,persistence,1,lags_only,1035,4.831337751301934,8.38278581810075,,,,,
01059012_10_47,sarima,1,lags_only,1035,4.898240098086741,8.395512620923821,-1.5700175129231098,4.831337751301934,8.38278581810075,-0.013847582228499394,-0.0015182068466535604
01059012_10_47,xgboost_direct,1,lags_only,1035,6.234890922834999,10.0130467001345,-1.2698779569225493,4.831337751301934,8.38278581810075,-0.29051025694795185,-0.1944772200326969
01059012_10_47,persistence,2,lags_only,1033,6.656760028752305,11.107817311682577,,,,,
01059012_10_47,sarima,2,lags_only,1033,6.423986031362597,10.424393345537677,-2.6499060756859016,6.656760028752305,11.107817311682577,0.03496806199777298,0.06152639595774712
01059012_10_47,xgboost_direct,2,lags_only,1033,6.4726140836918615,10.257198289863187,-1.3798830994542017,6.656760028752305,11.107817311682577,0.027662998856060345,0.0765784130177184
01059012_10_47,persistence,3,lags_only,1031,7.408950206865907,12.250370495872476,,,,,
01059012_10_47,sarima,3,lags_only,1031,7.055999900822712,11.216289777302437,-3.64698741994934,7.408950206865907,12.250370495872476,0.04763836929503379,0.0844121995264104
01059012_10_47,xgboost_direct,3,lags_only,1031,6.5849873017627445,10.378004441007139,-1.491365776278643,7.408950206865907,12.250370495872476,0.11121182921969064,0.15284158593376374
01059012_10_47,persistence,4,lags_only,1031,7.886039545225435,12.796334161329817,,,,,
01059012_10_47,sarima,4,lags_only,1031,7.546552255348822,11.720191045040577,-4.548398014672404,7.886039545225435,12.796334161329817,0.04304914880653288,0.08409776602593856
01059012_10_47,xgboost_direct,4,lags_only,1031,6.5644488118751845,10.396662013259368,-1.7104563039402203,7.886039545225435,12.796334161329817,0.16758611540952786,0.18752809342242677
01059012_10_47,persistence,5,lags_only,1032,8.10034114196313,12.867875366552228,,,,,
01059012_10_47,sarima,5,lags_only,1032,7.857426106559971,11.978531446313614,-5.363127090472813,8.10034114196313,12.867875366552228,0.029988247549817118,0.06911350125058772
01059012_10_47,xgboost_direct,5,lags_only,1032,6.624972067438989,10.426665259390964,-1.7174884183846777,8.10034114196313,12.867875366552228,0.18213665926748643,0.18971353371254743
01059012_10_47,persistence,6,lags_only,1030,8.170895579781796,12.88726035146901,,,,,
01059012_10_47,sarima,6,lags_only,1030,8.122482477394039,12.251842911003697,-6.146469207403716,8.170895579781796,12.88726035146901,0.005925066832031386,0.04930585889753378
01059012_10_47,xgboost_direct,6,lags_only,1030,6.5496618084756815,10.307777606700558,-1.732411193854647,8.170895579781796,12.88726035146901,0.19841567616134062,0.20015757223950384
01059012_10_47,persistence,7,lags_only,1029,8.340168878658847,13.19147331919806,,,,,
01059012_10_47,sarima,7,lags_only,1029,8.499931457101091,12.635093364338882,-6.840278704262048,8.340168878658847,13.19147331919806,-0.01915579657518097,0.04217724141923229
01059012_10_47,xgboost_direct,7,lags_only,1029,6.509604635384921,10.111057958538833,-1.4631343367590361,8.340168878658847,13.19147331919806,0.21948767104201525,0.23351564196973965
03014009_10_46,persistence,1,lags_only,164,7.817608414473472,18.88914741159245,,,,,
03014009_10_46,sarima,1,lags_only,164,7.131199246436613,14.696071439264777,-1.2640625228572964,7.817608414473472,18.88914741159245,0.08780296116726001,0.22198333683151533
03014009_10_46,xgboost_direct,1,lags_only,164,9.26013427414461,16.436876102771702,3.0071539188849483,7.817608414473472,18.88914741159245,-0.18452265490817552,0.129824351273566
03014009_10_46,persistence,2,lags_only,163,8.644361728784242,16.144201809539485,,,,,
03014009_10_46,sarima,2,lags_only,163,6.889181586160474,9.869881669460927,-0.6712748243243557,8.644361728784242,16.144201809539485,0.20304334752435443,0.38864232583930597
03014009_10_46,xgboost_direct,2,lags_only,163,7.997334166040334,11.051421033715165,3.2139161533191154,8.644361728784242,16.144201809539485,0.07484966305718294,0.31545571815232354
03014009_10_46,persistence,3,lags_only,162,9.024079360432017,15.715985536508835,,,,,
03014009_10_46,sarima,3,lags_only,162,7.106418038933573,9.91931730853959,-1.0157728418275274,9.024079360432017,15.715985536508835,0.21250492653099162,0.3688389897345835
03014009_10_46,xgboost_direct,3,lags_only,162,8.432926551360959,11.484673229071499,4.042965107794479,9.024079360432017,15.715985536508835,0.06550837880073315,0.2692362052387893
03014009_10_46,persistence,4,lags_only,161,9.183163323758786,16.887785705408962,,,,,
03014009_10_46,sarima,4,lags_only,161,7.226418122518176,10.261240230411703,-1.3502267561397807,9.183163323758786,16.887785705408962,0.21307964720371422,0.39238687597006006
03014009_10_46,xgboost_direct,4,lags_only,161,9.358372717114637,14.654733227322541,4.835994306614013,9.183163323758786,16.887785705408962,-0.019079416011533613,0.1322288497165854
03014009_10_46,persistence,5,lags_only,160,9.135089344532279,17.059655789986387,,,,,
03014009_10_46,sarima,5,lags_only,160,7.129813181063628,10.122321172707489,-1.5861157589893051,9.135089344532279,17.059655789986387,0.21951357976251107,0.406651500046733
03014009_10_46,xgboost_direct,5,lags_only,160,10.23267980544228,13.7918946830815,6.491151694264336,9.135089344532279,17.059655789986387,-0.12015103733681079,0.19154906447895537
03014009_10_46,persistence,6,lags_only,159,8.88112668937115,15.611173088960925,,,,,
03014009_10_46,sarima,6,lags_only,159,7.119303767885724,9.862097379916527,-1.8745245878927683,8.88112668937115,15.611173088960925,0.19837831202137443,0.3682667328254609
03014009_10_46,xgboost_direct,6,lags_only,159,9.476864002320337,12.719691203958348,6.50698326299408,8.88112668937115,15.611173088960925,-0.06707902429341078,0.18521874483905507
03014009_10_46,persistence,7,lags_only,158,9.395765580960957,16.60777686377696,,,,,
03014009_10_46,sarima,7,lags_only,158,7.532398247624185,10.268027537077522,-2.129907913950396,9.395765580960957,16.60777686377696,0.19831990456558357,0.3817337732015773
03014009_10_46,xgboost_direct,7,lags_only,158,9.641398455580894,12.677491151317504,5.732199160666733,9.395765580960957,16.60777686377696,-0.026142933484598032,0.23665333082790616
03066003_10_46,persistence,1,lags_only,99,6.175475106799217,12.268252974502396,,,,,
03066003_10_46,sarima,1,lags_only,99,6.049179345975054,11.286005224011713,-2.209294854699466,6.175475106799217,12.268252974502396,0.02045118126783662,0.0800641910899724
03066003_10_46,xgboost_direct,1,lags_only,99,7.094140120875002,11.724068182854074,-0.6160492200008137,6.175475106799217,12.268252974502396,-0.1487602165320579,0.04435715441956754
03066003_10_46,persistence,2,lags_only,98,8.341035129466807,14.110469058422616,,,,,
03066003_10_46,sarima,2,lags_only,98,7.8198235605491915,12.514121973709296,-3.755315657344164,8.341035129466807,14.110469058422616,0.06248763622590489,0.11313210624706004
03066003_10_46,xgboost_direct,2,lags_only,98,7.40402199058458,11.051460975293024,-0.21494181832971104,8.341035129466807,14.110469058422616,0.1123377523698458,0.2167899642785903
03066003_10_46,persistence,3,lags_only,97,9.148039675101533,14.824730551239512,,,,,
03066003_10_46,sarima,3,lags_only,97,8.247563908900949,13.14674111883801,-5.109339961029884,9.148039675101533,14.824730551239512,0.09843374079929204,0.11318852822328046
03066003_10_46,xgboost_direct,3,lags_only,97,7.355031448178532,10.880384742972705,-0.14224261428150436,9.148039675101533,14.824730551239512,0.19599917475249695,0.2660652613302989
03066003_10_46,persistence,4,lags_only,96,9.618237401185771,15.397942294623466,,,,,
03066003_10_46,sarima,4,lags_only,96,8.40950089630481,13.683583676041,-6.255529580295502,9.618237401185771,15.397942294623466,0.12567131112109423,0.1113368647433542
03066003_10_46,xgboost_direct,4,lags_only,96,7.49922170510968,11.8061504424959,-0.5926473396693243,9.618237401185771,15.397942294623466,0.2203122680060747,0.23326440529535689
03066003_10_46,persistence,5,lags_only,95,9.726308855141806,16.297025245007678,,,,,
03066003_10_46,sarima,5,lags_only,95,8.846865096097888,14.306248572455225,-7.198634604367835,9.726308855141806,16.297025245007678,0.09041906566425766,0.1221558316700954
03066003_10_46,xgboost_direct,5,lags_only,95,10.07546860980108,16.022568763204212,2.865989656681806,9.726308855141806,16.297025245007678,-0.035898485217718636,0.016840894437930663
03066003_10_46,persistence,6,lags_only,94,9.708345597510721,15.618674180454171,,,,,
03066003_10_46,sarima,6,lags_only,94,9.007605447657918,14.446090759244669,-7.960099587217109,9.708345597510721,15.618674180454171,0.07217915172204806,0.07507573355214232
03066003_10_46,xgboost_direct,6,lags_only,94,11.234713546950335,17.26967258820114,4.817585444686304,9.708345597510721,15.618674180454171,-0.15722225111464755,-0.10570669370983442
03066003_10_46,persistence,7,lags_only,93,9.97819534758525,16.09062396498982,,,,,
03066003_10_46,sarima,7,lags_only,93,9.521415093016609,15.008559608835078,-8.6033892873011,9.97819534758525,16.09062396498982,0.04577784245115866,0.06724812900414
03066003_10_46,xgboost_direct,7,lags_only,93,7.822426298234892,13.145546286190978,1.2630731573062566,9.97819534758525,16.09062396498982,0.21604799006786937,0.18303066961273715
03133002_10_46,persistence,1,lags_only,567,2.2370349927573296,4.1315743335090005,,,,,
03133002_10_46,sarima,1,lags_only,567,2.270926715386325,4.039204260654231,-0.8027007924769802,2.2370349927573296,4.1315743335090005,-0.015150287205485814,0.022357112664197924
03133002_10_46,xgboost_direct,1,lags_only,567,2.9488924638841887,5.158433032652167,-0.5160260858604493,2.2370349927573296,4.1315743335090005,-0.3182147232526909,-0.24853932575165402
03133002_10_46,persistence,2,lags_only,565,3.294193654235978,5.875938646836147,,,,,
03133002_10_46,sarima,2,lags_only,565,3.197182576622835,5.557919628633389,-1.4885013508790395,3.294193654235978,5.875938646836147,0.02944911192103033,0.054122249621172076
03133002_10_46,xgboost_direct,2,lags_only,565,3.3015687099804576,5.508917608069059,-0.6444413570797476,3.294193654235978,5.875938646836147,-0.002238804550848387,0.06246168668978652
03133002_10_46,persistence,3,lags_only,563,3.7523778767118015,6.5670755906657154,,,,,
03133002_10_46,sarima,3,lags_only,563,3.645054811451279,6.117834993680188,-2.085446019352168,3.7523778767118015,6.5670755906657154,0.028601347941686856,0.06840801370157322
03133002_10_46,xgboost_direct,3,lags_only,563,3.477480948594985,5.735492769324388,-0.6154650680113574,3.7523778767118015,6.5670755906657154,0.07325939368284191,0.12662909233499908
03133002_10_46,persistence,4,lags_only,560,4.021380592750935,7.0399432300737095,,,,,
03133002_10_46,sarima,4,lags_only,560,4.0203733477601045,6.504182570492687,-2.633131377874896,4.021380592750935,7.0399432300737095,0.0002504724354233977,0.07610298010533999
03133002_10_46,xgboost_direct,4,lags_only,560,3.52992601044812,5.8377855115463095,-0.7725711838392557,4.021380592750935,7.0399432300737095,0.12221041280915479,0.1707624165763071
03133002_10_46,persistence,5,lags_only,560,4.1371994960698375,7.284812449291348,,,,,
03133002_10_46,sarima,5,lags_only,560,4.287775527372134,6.728841302056963,-3.111904867282327,4.1371994960698375,7.284812449291348,-0.036395641893831224,0.0763192122109429
03133002_10_46,xgboost_direct,5,lags_only,560,3.4722712833584026,5.86705654780508,-0.7876540034335331,4.1371994960698375,7.284812449291348,0.16071939807183294,0.19461803736953914
03133002_10_46,persistence,6,lags_only,559,4.308400354280031,7.379585625437434,,,,,
03133002_10_46,sarima,6,lags_only,559,4.520301123608915,6.928214130197855,-3.5752990361283805,4.308400354280031,7.379585625437434,-0.04918316588623865,0.06116488352458455
03133002_10_46,xgboost_direct,6,lags_only,559,3.5977538762836065,5.933745179448775,-0.7181987808341639,4.308400354280031,7.379585625437434,0.1649443922476836,0.19592434038638246
03133002_10_46,persistence,7,lags_only,558,4.3158530051061605,7.321908670195623,,,,,
03133002_10_46,sarima,7,lags_only,558,4.6323951621854595,6.9999242036810685,-3.916294425258574,4.3158530051061605,7.321908670195623,-0.0733440542819212,0.04397548248931545
03133002_10_46,xgboost_direct,7,lags_only,558,3.6261518728825974,5.940267623045695,-0.5967890480247506,4.3158530051061605,7.321908670195623,0.15980644646783979,0.18869957402965182
04013004_10_49,persistence,1,lags_only,756,8.460383528965048,37.194631007871486,,,,,
04013004_10_49,sarima,1,lags_only,756,10.940202381444085,37.2826483637941,-6.680838364635386,8.460383528965048,37.194631007871486,-0.29310950785967393,-0.0023663994920124203
04013004_10_49,xgboost_direct,1,lags_only,756,11.476008545042001,41.004205834221054,-1.3630960096185103,8.460383528965048,37.194631007871486,-0.3564406986695853,-0.1024227078780093
04013004_10_49,persistence,2,lags_only,747,11.506049921035167,51.57934923670441,,,,,
04013004_10_49,sarima,2,lags_only,747,15.548164728955946,42.14239431253734,-11.042066973461521,11.506049921035167,51.57934923670441,-0.35130343042672296,0.18295994547856048
04013004_10_49,xgboost_direct,2,lags_only,747,11.168890955527704,39.81688426841338,-1.6727219522383425,11.506049921035167,51.57934923670441,0.029302755317537305,0.22804601342121497
04013004_10_49,persistence,3,lags_only,741,13.404816429406546,54.58919364331187,,,,,
04013004_10_49,sarima,3,lags_only,741,17.882045124995575,44.038860499778195,-13.250974357998121,13.404816429406546,54.58919364331187,-0.33400149261031264,0.1932677960489764
04013004_10_49,xgboost_direct,3,lags_only,741,11.62554827449957,40.455896447588316,-1.9748064058385424,13.404816429406546,54.58919364331187,0.13273349652172353,0.25890283868399167
04013004_10_49,persistence,4,lags_only,738,14.092595003510075,55.2117847913121,,,,,
04013004_10_49,sarima,4,lags_only,738,19.14327829584107,44.86669445621912,-14.809968279076882,14.092595003510075,55.2117847913121,-0.35839270844532256,0.1873710544622864
04013004_10_49,xgboost_direct,4,lags_only,738,12.145777513107927,41.17747730720657,-2.121740993952996,14.092595003510075,55.2117847913121,0.13814471287348074,0.25419043302352917
04013004_10_49,persistence,5,lags_only,733,13.60288680574338,54.156989205410554,,,,,
04013004_10_49,sarima,5,lags_only,733,19.61692744634189,44.357070797828015,-15.161973032957656,13.60288680574338,54.156989205410554,-0.4421150250297809,0.1809538999742526
04013004_10_49,xgboost_direct,5,lags_only,733,12.22866737538327,43.10752107556759,-1.172569998500525,13.60288680574338,54.156989205410554,0.10102410245594992,0.20402663242474098
04013004_10_49,persistence,6,lags_only,733,11.189759939154968,22.751367005031437,,,,,
04013004_10_49,sarima,6,lags_only,733,18.403306673963737,25.56382425616908,-14.662482544418854,11.189759939154968,22.751367005031437,-0.6446560760939367,-0.1236170666367288
04013004_10_49,xgboost_direct,6,lags_only,733,10.582106701122534,20.857881363198473,-0.73467682921184,11.189759939154968,22.751367005031437,0.054304403431046505,0.08322513725941047
04013004_10_49,persistence,7,lags_only,735,12.262587389963528,38.99582005971544,,,,,
04013004_10_49,sarima,7,lags_only,735,18.20948884979511,23.299398412791696,-14.03505062913897,12.262587389963528,38.99582005971544,-0.484963023766004,0.4025154907086799
04013004_10_49,xgboost_direct,7,lags_only,735,10.111713449379511,16.629898546322504,-0.8603502709326066,12.262587389963528,38.99582005971544,0.17540131394655153,0.5735466385664757
04022001_10_49,persistence,1,lags_only,451,5.796678757164113,24.785418222545953,,,,,
04022001_10_49,sarima,1,lags_only,451,7.593293409591832,30.34296097966422,-5.292952371753315,5.796678757164113,24.785418222545953,-0.30993862652942145,-0.2242263054517624
04022001_10_49,xgboost_direct,1,lags_only,451,11.387994506117746,47.95773150937677,-1.1719631443711194,5.796678757164113,24.785418222545953,-0.9645722978944328,-0.934917179075567
04022001_10_49,persistence,2,lags_only,449,8.940031778506322,38.38843065323985,,,,,
04022001_10_49,sarima,2,lags_only,449,10.45573107483737,38.40410492588702,-8.20978388967156,8.940031778506322,38.38843065323985,-0.16954070565779214,-0.0004083072003842085
04022001_10_49,xgboost_direct,2,lags_only,449,10.332093355802701,38.07499305648817,-3.3135724789528287,8.940031778506322,38.38843065323985,-0.15571103233024097,0.00816489737710156
04022001_10_49,persistence,3,lags_only,447,10.07666880075772,40.54395122084265,,,,,
04022001_10_49,sarima,3,lags_only,447,11.848592033529435,39.51503669212838,-9.404047762538136,10.07666880075772,40.54395122084265,-0.17584414728788897,0.02537775667472014
04022001_10_49,xgboost_direct,3,lags_only,447,10.623836292647402,39.28917304080934,-2.6485414628033355,10.07666880075772,40.54395122084265,-0.054300434271347515,0.03094859139896217
04022001_10_49,persistence,4,lags_only,445,10.495804078516894,40.422090432099516,,,,,
04022001_10_49,sarima,4,lags_only,445,12.438750925993471,39.625782828712886,-10.241506863440923,10.495804078516894,40.422090432099516,-0.1851165316103275,0.019699812525140352
04022001_10_49,xgboost_direct,4,lags_only,445,11.07560722172894,44.062237351655256,-2.1058402540267056,10.495804078516894,40.422090432099516,-0.05524142208397392,-0.09005340596301939
04022001_10_49,persistence,5,lags_only,443,10.471434588783945,38.53406448915873,,,,,
04022001_10_49,sarima,5,lags_only,443,12.340520762334608,37.38865170512541,-10.22346721713996,10.471434588783945,38.53406448915873,-0.17849380213410868,0.02972468124548792
04022001_10_49,xgboost_direct,5,lags_only,443,9.985337699889985,35.94755837040776,-1.709552822418313,10.471434588783945,38.53406448915873,0.04642123147239274,0.0671225875868522
04022001_10_49,persistence,6,lags_only,442,9.422177729049565,19.4198183266669,,,,,
04022001_10_49,sarima,6,lags_only,442,11.211559396157064,16.50080403854738,-9.424494612902272,9.422177729049565,19.4198183266669,-0.18991168693312235,0.15031110173215106
04022001_10_49,xgboost_direct,6,lags_only,442,8.032053784110916,13.87084440582546,-0.10749461045204514,9.422177729049565,19.4198183266669,0.14753743613355444,0.28573768443660985
04022001_10_49,persistence,7,lags_only,441,9.716902342520413,19.34176968816848,,,,,
04022001_10_49,sarima,7,lags_only,441,11.366072612389024,16.237255053277497,-9.976911882996507,9.716902342520413,19.34176968816848,-0.16972181171894352,0.16050830327020385
04022001_10_49,xgboost_direct,7,lags_only,441,8.45873742223974,13.888455891313198,-0.3513037605791294,9.716902342520413,19.34176968816848,0.1294820999460951,0.2819449246255434
04032005_10_49,persistence,1,lags_only,457,8.419898770552063,36.49959008478104,,,,,
04032005_10_49,sarima,1,lags_only,457,9.450543127748226,34.93260796744499,-4.132731326682629,8.419898770552063,36.49959008478104,-0.12240578958036419,0.0429314990578326
04032005_10_49,xgboost_direct,1,lags_only,457,10.93152720021237,38.573632307392586,-1.8900265142623889,8.419898770552063,36.49959008478104,-0.29829674894008595,-0.05682371275386853
04032005_10_49,persistence,2,lags_only,455,11.80748223401857,50.5224510630272,,,,,
04032005_10_49,sarima,2,lags_only,455,13.015414968530187,45.494290428949064,-7.545701992892409,11.80748223401857,50.5224510630272,-0.1023023122602242,0.09952329169076654
04032005_10_49,xgboost_direct,2,lags_only,455,11.024052642079203,38.700993108792765,-1.9926469290201594,11.80748223401857,50.5224510630272,0.06635026641685098,0.23398425265407374
04032005_10_49,persistence,3,lags_only,454,13.460598515630767,52.875821373734425,,,,,
04032005_10_49,sarima,3,lags_only,454,15.241131032232552,46.102616989836434,-10.385688424977642,13.460598515630767,52.875821373734425,-0.13227736601267676,0.12809643818152613
04032005_10_49,xgboost_direct,3,lags_only,454,11.535737986747268,38.68103369992792,-2.574335044159238,13.460598515630767,52.875821373734425,0.14299962417334605,0.26845517109749584
04032005_10_49,persistence,4,lags_only,453,13.622855548409106,53.02525462670419,,,,,
04032005_10_49,sarima,4,lags_only,453,16.302123274860367,45.078790558623474,-12.30778819568011,13.622855548409106,53.02525462670419,-0.1966744576370517,0.14986187476181917
04032005_10_49,xgboost_direct,4,lags_only,453,11.72249280104993,38.86574679138634,-2.5645217802388416,13.622855548409106,53.02525462670419,0.13949812068447745,0.26703328319685127
04032005_10_49,persistence,5,lags_only,452,14.07594734217623,52.97114306388078,,,,,
04032005_10_49,sarima,5,lags_only,452,17.37341033785252,44.51021687674717,-13.95617663994527,14.07594734217623,52.97114306388078,-0.2342622429252766,0.15972708342219682
04032005_10_49,xgboost_direct,5,lags_only,452,11.838361664940354,39.291011907159195,-1.9080983836549024,14.07594734217623,52.97114306388078,0.1589651923839842,0.2582562951345787
04032005_10_49,persistence,6,lags_only,452,14.169955207963769,53.028800165871175,,,,,
04032005_10_49,sarima,6,lags_only,452,18.283319090927037,44.83462837093967,-15.369602636764043,14.169955207963769,53.028800165871175,-0.2902877124587863,0.1545230472743224
04032005_10_49,xgboost_direct,6,lags_only,452,11.526546028100165,38.553334197636,-2.191971168351048,14.169955207963769,53.028800165871175,0.18655028481515312,0.2729736656865084
04032005_10_49,persistence,7,lags_only,452,14.71010773894888,52.64402492557238,,,,,
04032005_10_49,sarima,7,lags_only,452,19.073855394287545,44.969389259883975,-16.60146877449834,14.71010773894888,52.64402492557238,-0.29664960534479945,0.14578360367655652
04032005_10_49,xgboost_direct,7,lags_only,452,11.672339863429567,38.5592420998226,-2.0177046315926566,14.71010773894888,52.64402492557238,0.2065088801135034,0.26754760574752245
04902001_10_49,persistence,1,lags_only,1012,10.605642423181818,68.79700638155887,,,,,
04902001_10_49,sarima,1,lags_only,1012,11.977355622835804,58.289653443238024,-4.6642831467099395,10.605642423181818,68.79700638155887,-0.12933805845232857,0.15272979873637874
04902001_10_49,xgboost_direct,1,lags_only,1012,13.372024091168743,71.61014314355626,0.33130530136904357,10.605642423181818,68.79700638155887,-0.26084055614963664,-0.040890394945316245
04902001_10_49,persistence,2,lags_only,1008,14.18916503772027,79.19710753349791,,,,,
04902001_10_49,sarima,2,lags_only,1008,13.814251755337581,61.462920261456745,-5.74056951185555,14.18916503772027,79.19710753349791,0.026422504875094836,0.2239246839228334
04902001_10_49,xgboost_direct,2,lags_only,1008,13.311982678043485,59.812397868764656,0.011362038209808717,14.18916503772027,79.19710753349791,0.061820576287956105,0.24476537424721134
04902001_10_49,persistence,3,lags_only,1005,15.115752845973997,80.83335208592017,,,,,
04902001_10_49,sarima,3,lags_only,1005,14.470396686962355,61.91497939853976,-6.530912754773254,15.115752845973997,80.83335208592017,0.04269427831929191,0.23404166967208676
04902001_10_49,xgboost_direct,3,lags_only,1005,15.694870421244985,82.93050118858737,2.573859306401455,15.115752845973997,80.83335208592017,-0.038312188692952415,-0.025944106591522773
04902001_10_49,persistence,4,lags_only,1003,15.820366055821758,81.12713981238315,,,,,
04902001_10_49,sarima,4,lags_only,1003,14.834353537338755,61.7163123363309,-7.089380904062089,15.820366055821758,81.12713981238315,0.06232551857547941,0.2392642896192601
04902001_10_49,xgboost_direct,4,lags_only,1003,14.86746522320553,74.48313006070369,1.3106491932625184,15.820366055821758,81.12713981238315,0.06023254008497286,0.08189626513451087
04902001_10_49,persistence,5,lags_only,1001,15.995534547151662,81.35251895201071,,,,,
04902001_10_49,sarima,5,lags_only,1001,14.987857028573018,61.29508832567704,-7.4963492433116,15.995534547151662,81.35251895201071,0.06299742691363085,0.24654959532556586
04902001_10_49,xgboost_direct,5,lags_only,1001,15.202711844195074,78.33435286085704,1.8323101000239819,15.995534547151662,81.35251895201071,0.04956525214080869,0.037099848044460294
04902001_10_49,persistence,6,lags_only,999,16.089239538120548,81.75450800281449,,,,,
04902001_10_49,sarima,6,lags_only,999,14.953054749243227,60.64992352213678,-7.803531521267132,16.089239538120548,81.75450800281449,0.0706176812263461,0.258145819677016
04902001_10_49,xgboost_direct,6,lags_only,999,15.055356502084855,65.69322774586226,1.5596719608251421,16.089239538120548,81.75450800281449,0.064259285442677,0.1964574266216525
04902001_10_49,persistence,7,lags_only,998,16.106153365760022,81.21797555488759,,,,,
04902001_10_49,sarima,7,lags_only,998,14.69493266319123,59.64419845407221,-7.984386054159606,16.106153365760022,81.21797555488759,0.08761997172887342,0.2656281069975167
04902001_10_49,xgboost_direct,7,lags_only,998,15.773306535936642,68.92298314801484,2.435171688581879,16.106153365760022,81.21797555488759,0.020665817732182838,0.1513826504892839
05019002_10_49,persistence,1,lags_only,1004,6.5015530469613445,34.40813873079126,,,,,
05019002_10_49,sarima,1,lags_only,1004,7.6614812115906705,31.888016327533304,-4.31736130023624,6.5015530469613445,34.40813873079126,-0.1784078598222691,0.07324204377851858
05019002_10_49,xgboost_direct,1,lags_only,1004,11.087069271326941,36.880772085071925,2.387307027640416,6.5015530469613445,34.40813873079126,-0.7052955180468375,-0.07186187470431087
05019002_10_49,persistence,2,lags_only,1002,9.162926177505543,41.38312839234051,,,,,
05019002_10_49,sarima,2,lags_only,1002,10.12666875457398,36.056495343508736,-6.452915205730151,9.162926177505543,41.38312839234051,-0.10517847229134836,0.12871508887224836
05019002_10_49,xgboost_direct,2,lags_only,1002,12.768813438266957,50.16821326684718,3.4894283713309386,9.162926177505543,41.38312839234051,-0.3935301006368096,-0.2122866302232646
05019002_10_49,persistence,3,lags_only,1000,10.419382370534372,42.546846351128856,,,,,
05019002_10_49,sarima,3,lags_only,1000,11.157174717881116,35.67347082805187,-7.758618783725491,10.419382370534372,42.546846351128856,-0.07080960474520961,0.1615484133971453
05019002_10_49,xgboost_direct,3,lags_only,1000,13.274913844223077,48.235208291950144,3.8335298350414875,10.419382370534372,42.546846351128856,-0.27405957206869025,-0.1336964411857135
05019002_10_49,persistence,4,lags_only,998,11.298515079564593,43.00563479665479,,,,,
05019002_10_49,sarima,4,lags_only,998,11.724437840300356,34.94239082311154,-8.660062208922986,11.298515079564593,43.00563479665479,-0.03769723346266277,0.18749273232842628
05019002_10_49,xgboost_direct,4,lags_only,998,12.563985378948765,44.85304087668878,2.5251777590218234,11.298515079564593,43.00563479665479,-0.11200324029066466,-0.04295730289226408
05019002_10_49,persistence,5,lags_only,996,11.859366677417599,43.34906721058778,,,,,
05019002_10_49,sarima,5,lags_only,996,11.977565608200553,34.551500644539395,-9.341535753149964,11.859366677417599,43.34906721058778,-0.009966715255379248,0.2029470789604356
05019002_10_49,xgboost_direct,5,lags_only,996,11.809560338884335,36.135821696733174,2.0657393718461234,11.859366677417599,43.34906721058778,0.004199746907910711,0.16639909409844952
05019002_10_49,persistence,6,lags_only,994,11.964123300217498,43.61017281645192,,,,,
05019002_10_49,sarima,6,lags_only,994,12.077994015113932,34.55463007235671,-9.817855832160221,11.964123300217498,43.61017281645192,-0.009517681491494148,0.20764748587923534
05019002_10_49,xgboost_direct,6,lags_only,994,10.887374026696202,32.37992964727606,1.1577957839126185,11.964123300217498,43.61017281645192,0.08999817592165081,0.25751430099674494
05019002_10_49,persistence,7,lags_only,994,12.279595152999018,43.72260986556609,,,,,
05019002_10_49,sarima,7,lags_only,994,12.09096732837588,34.698650686709264,-10.15945584792375,12.279595152999018,43.72260986556609,0.015361078461700746,0.2063911373681213
05019002_10_49,xgboost_direct,7,lags_only,994,11.673867383179068,34.550817409739814,2.289111585522588,12.279595152999018,43.72260986556609,0.04932799186559619,0.20977230051057766
07003001_10_49,persistence,1,lags_only,962,4.689679470421226,9.741499007711411,,,,,
07003001_10_49,sarima,1,lags_only,962,4.797218133211537,9.547481448055288,-1.999232394751832,4.689679470421226,9.741499007711411,-0.022930919579595796,0.019916602106363486
07003001_10_49,xgboost_direct,1,lags_only,962,7.003368161274643,11.511734875641169,1.3486979578818203,4.689679470421226,9.741499007711411,-0.49335753231032675,-0.181721095134171
07003001_10_49,persistence,2,lags_only,961,6.4291887344460354,12.816495884740721,,,,,
07003001_10_49,sarima,2,lags_only,961,6.5900654655744235,12.269016147990333,-3.506616637109907,6.4291887344460354,12.816495884740721,-0.025022866456921623,0.042716803537713885
07003001_10_49,xgboost_direct,2,lags_only,961,7.8555168368045045,12.318814617810132,1.8754507054750431,6.4291887344460354,12.816495884740721,-0.22185195695322316,0.03883130548367182
07003001_10_49,persistence,3,lags_only,962,7.2889884354767585,13.718391719176548,,,,,
07003001_10_49,sarima,3,lags_only,962,7.501570681962633,13.072719020498205,-4.840586243191452,7.2889884354767585,13.718391719176548,-0.029164848918020004,0.04706620950149539
07003001_10_49,xgboost_direct,3,lags_only,962,8.609258069537555,14.357801565754556,2.5356818225772146,7.2889884354767585,13.718391719176548,-0.1811320796771768,-0.04660967988574021
07003001_10_49,persistence,4,lags_only,960,7.5227504611976155,12.95041644821303,,,,,
07003001_10_49,sarima,4,lags_only,960,8.043189579264071,12.852712570963071,-5.985113922543847,7.5227504611976155,12.95041644821303,-0.06918202600908849,0.007544458330020785
07003001_10_49,xgboost_direct,4,lags_only,960,8.414224944323228,14.373375275698056,2.711785426419174,7.5227504611976155,12.95041644821303,-0.11850379561622346,-0.10987745708219086
07003001_10_49,persistence,5,lags_only,958,8.026275842132227,14.057685680701693,,,,,
07003001_10_49,sarima,5,lags_only,958,8.720186505206597,13.518056618593777,-6.925456386928679,8.026275842132227,14.057685680701693,-0.08645487355814924,0.038386763964193354
07003001_10_49,xgboost_direct,5,lags_only,958,8.308715830964907,13.453161807973274,2.555505091677147,8.026275842132227,14.057685680701693,-0.0351894196496551,0.0430030864581292
07003001_10_49,persistence,6,lags_only,957,8.270138984609082,14.592787389009306,,,,,
07003001_10_49,sarima,6,lags_only,957,9.403072311743877,14.192997623385772,-7.9388357533049625,8.270138984609082,14.592787389009306,-0.13699084492330904,0.02739639487413076
07003001_10_49,xgboost_direct,6,lags_only,957,8.55178590936413,13.376578573847084,2.565326363148121,8.270138984609082,14.592787389009306,-0.034055887728029643,0.08334314635997651
07003001_10_49,persistence,7,lags_only,955,8.480326058604648,14.68956379381992,,,,,
07003001_10_49,sarima,7,lags_only,955,10.066797736749361,14.67389659883273,-8.898199122922929,8.480326058604648,14.68956379381992,-0.1870767311517443,0.0010665527722328273
07003001_10_49,xgboost_direct,7,lags_only,955,8.974058038957777,15.622206376366314,2.987099145960497,8.480326058604648,14.68956379381992,-0.05822087228027732,-0.06349014821929354
07003004_10_49,persistence,1,lags_only,930,4.913730059036161,10.942880996268864,,,,,
07003004_10_49,sarima,1,lags_only,930,5.134159643035434,10.660859684756353,-2.3080044709841494,4.913730059036161,10.942880996268864,-0.04485992949366675,0.025772126335712655
07003004_10_49,xgboost_direct,1,lags_only,930,6.973983901089106,12.64597335178337,0.14224804421592352,4.913730059036161,10.942880996268864,-0.41928510872594993,-0.1556347323977297
07003004_10_49,persistence,2,lags_only,926,6.753980572051793,14.13318365424213,,,,,
07003004_10_49,sarima,2,lags_only,926,7.02421980423464,13.162878570855046,-4.155375390163482,6.753980572051793,14.13318365424213,-0.040011846243844205,0.06865438864482899
07003004_10_49,xgboost_direct,2,lags_only,926,7.373104424372452,13.343678422107661,0.05207632293086806,6.753980572051793,14.13318365424213,-0.0916679942614309,0.055861810859402165
07003004_10_49,persistence,3,lags_only,926,7.5340466868281135,15.254113918813232,,,,,
07003004_10_49,sarima,3,lags_only,926,8.14368780543776,14.266597386829917,-5.9677140527765316,7.5340466868281135,15.254113918813232,-0.08091814982716951,0.06473771844363832
07003004_10_49,xgboost_direct,3,lags_only,926,7.634409117530473,13.33082988659195,-0.047989049435208465,7.5340466868281135,15.254113918813232,-0.013321185131202434,0.1260829729250451
07003004_10_49,persistence,4,lags_only,925,8.141940369982644,15.88600611010974,,,,,
07003004_10_49,sarima,4,lags_only,925,9.274310912893393,15.209809235903462,-7.567752432005213,8.141940369982644,15.88600611010974,-0.1390787074645651,0.04256556805526791
07003004_10_49,xgboost_direct,4,lags_only,925,8.091149642823492,13.808280781958361,0.2235570096183119,8.141940369982644,15.88600611010974,0.0062381600516757335,0.130789659386391
07003004_10_49,persistence,5,lags_only,923,8.478576430282876,16.16662763529765,,,,,
07003004_10_49,sarima,5,lags_only,923,10.020506321300454,15.814362643174213,-8.798523430112413,8.478576430282876,16.16662763529765,-0.18186188491623154,0.02178963974863344
07003004_10_49,xgboost_direct,5,lags_only,923,8.238095307467185,14.18610619822975,0.39098226048527746,8.478576430282876,16.16662763529765,0.028363384442318174,0.12250677641289269
07003004_10_49,persistence,6,lags_only,921,8.454963264254152,16.27239566727001,,,,,
07003004_10_49,sarima,6,lags_only,921,10.67088710362559,16.33619448455098,-9.801763689470787,8.454963264254152,16.27239566727001,-0.2620855667983691,-0.003920677605528743
07003004_10_49,xgboost_direct,6,lags_only,921,8.50304005133628,14.943620975265798,0.776720306416959,8.454963264254152,16.27239566727001,-0.00568622069422658,0.08165820934878602
07003004_10_49,persistence,7,lags_only,921,8.524820240970211,16.127499788615545,,,,,
07003004_10_49,sarima,7,lags_only,921,11.340925185237252,16.790944612340194,-10.657279190887126,8.524820240970211,16.127499788615545,-0.33034185644558994,-0.04113748767139823
07003004_10_49,xgboost_direct,7,lags_only,921,8.098449348327447,14.870872890535718,0.3326334017085387,8.524820240970211,16.127499788615545,0.05001523558158199,0.07791827093787243
07015001_10_49,persistence,1,lags_only,656,5.222550904821584,8.890433142597864,,,,,
07015001_10_49,sarima,1,lags_only,656,5.390996694099558,8.849388630257051,-0.9195227314506661,5.222550904821584,8.890433142597864,-0.03225354665714424,0.004616705584810143
07015001_10_49,xgboost_direct,1,lags_only,656,6.681827128087663,10.478742316494314,-0.9447484244058385,5.222550904821584,8.890433142597864,-0.27941828617100517,-0.17865374480869575
07015001_10_49,persistence,2,lags_only,649,6.978609405600762,11.654796911338424,,,,,
07015001_10_49,sarima,2,lags_only,649,6.413605582440113,10.19144199410084,-1.148336263121347,6.978609405600762,11.654796911338424,0.08096223621674535,0.12555816530907996
07015001_10_49,xgboost_direct,2,lags_only,649,6.890003547204521,10.172522743500295,-0.7618088143312505,6.978609405600762,11.654796911338424,0.012696778576707535,0.12718146691995053
07015001_10_49,persistence,3,lags_only,644,7.911129124273872,12.875764605194325,,,,,
07015001_10_49,sarima,3,lags_only,644,7.067602322985574,11.15535839420582,-1.5704904490818283,7.911129124273872,12.875764605194325,0.10662533603453495,0.1336158483585869
07015001_10_49,xgboost_direct,3,lags_only,644,7.4903019293546125,11.271426209360083,-0.8973350991312158,7.911129124273872,12.875764605194325,0.05319432767542969,0.12460140776315698
07015001_10_49,persistence,4,lags_only,641,8.58456024181114,13.542356857936651,,,,,
07015001_10_49,sarima,4,lags_only,641,7.420169097811436,11.459126667811661,-1.9687410562839054,8.58456024181114,13.542356857936651,0.13563783248075206,0.15383069667848026
07015001_10_49,xgboost_direct,4,lags_only,641,8.027749432700775,11.738051959797916,-0.6718554731246306,8.58456024181114,13.542356857936651,0.0648618908163071,0.13323418641721155
07015001_10_49,persistence,5,lags_only,639,8.805847182347488,13.65600376975127,,,,,
07015001_10_49,sarima,5,lags_only,639,7.435422559882261,11.422763422274448,-2.326906435752134,8.805847182347488,13.65600376975127,0.15562666420244362,0.1635354225973166
07015001_10_49,xgboost_direct,5,lags_only,639,8.07414972552743,11.525195685971841,-0.23556951112908714,8.805847182347488,13.65600376975127,0.08309222743347675,0.15603452662332123
07015001_10_49,persistence,6,lags_only,638,8.746712557239679,13.398126416013497,,,,,
07015001_10_49,sarima,6,lags_only,638,7.167363486677944,10.771309504570107,-2.3264557716749876,8.746712557239679,13.398126416013497,0.18056487625793796,0.1960585256386152
07015001_10_49,xgboost_direct,6,lags_only,638,7.835843024183456,10.935580290328229,-0.39125505828240853,8.746712557239679,13.398126416013497,0.10413850084764632,0.1837977974847306
07015001_10_49,persistence,7,lags_only,637,8.633587242393808,13.363303260930818,,,,,
07015001_10_49,sarima,7,lags_only,637,7.090163087165806,10.667984309762916,-2.558448524778155,8.633587242393808,13.363303260930818,0.17876974100050472,0.20169556123507146
07015001_10_49,xgboost_direct,7,lags_only,637,7.889899344101735,10.994681149483188,-0.2924471278156656,8.633587242393808,13.363303260930818,0.08613892202771939,0.17724824956809698
07026001_10_49,persistence,1,lags_only,734,5.48406056743007,11.352744077778814,,,,,
07026001_10_49,sarima,1,lags_only,734,5.498499450339461,11.256710008156269,-1.94507765182922,5.48406056743007,11.352744077778814,-0.0026328817364168057,0.008459106359185602
07026001_10_49,xgboost_direct,1,lags_only,734,7.344992502390266,11.841198510180664,0.7317013723861845,5.48406056743007,11.352744077778814,-0.3393346794913794,-0.04302523064515494
07026001_10_49,persistence,2,lags_only,730,6.746128966122329,12.392335294845433,,,,,
07026001_10_49,sarima,2,lags_only,730,6.757053756351851,11.654416701881397,-3.3098353751706546,6.746128966122329,12.392335294845433,-0.001619416154713914,0.05954637083383077
07026001_10_49,xgboost_direct,2,lags_only,730,8.14425133758182,11.953382720896755,1.4216507925900403,6.746128966122329,12.392335294845433,-0.20724809420047766,0.03542129578524711
07026001_10_49,persistence,3,lags_only,726,7.327492152688693,12.780768995934128,,,,,
07026001_10_49,sarima,3,lags_only,726,7.409799514349523,11.944557631473913,-4.569615757938652,7.327492152688693,12.780768995934128,-0.011232678240484921,0.0654273122944507
07026001_10_49,xgboost_direct,3,lags_only,726,8.648265500106076,12.563174445189885,1.7449212617764587,7.327492152688693,12.780768995934128,-0.18024902925794994,0.017025153244962433
07026001_10_49,persistence,4,lags_only,723,7.762277633130986,14.27488673739092,,,,,
07026001_10_49,sarima,4,lags_only,723,8.253370837881647,13.735308824943779,-5.729057048466055,7.762277633130986,14.27488673739092,-0.06326663744344509,0.037799102884214
07026001_10_49,xgboost_direct,4,lags_only,723,8.949579209102343,13.744839566756026,2.0152202905410195,7.762277633130986,14.27488673739092,-0.15295788582769973,0.037131444920436074
07026001_10_49,persistence,5,lags_only,723,8.225543363921808,14.387523850262296,,,,,
07026001_10_49,sarima,5,lags_only,723,8.721288027170234,14.07531054663514,-6.5893598854362185,8.225543363921808,14.387523850262296,-0.060268925870942354,0.021700280526135384
07026001_10_49,xgboost_direct,5,lags_only,723,9.284602863364132,14.106760919072094,2.14363239425481,8.225543363921808,14.387523850262296,-0.128752527655192,0.019514332981285243
07026001_10_49,persistence,6,lags_only,723,7.929804426310593,12.911265293698992,,,,,
07026001_10_49,sarima,6,lags_only,723,9.041651476728347,13.221378290857304,-7.360018091571047,7.929804426310593,12.911265293698992,-0.14021115662433184,-0.02401879212486279
07026001_10_49,xgboost_direct,6,lags_only,723,8.378565424894308,11.907022214330961,1.8065079415113143,7.929804426310593,12.911265293698992,-0.05659168555213727,0.07778037678910725
07026001_10_49,persistence,7,lags_only,717,8.099534690534567,13.459264728209869,,,,,
07026001_10_49,sarima,7,lags_only,717,9.874700483712404,14.367441448405208,-8.331561106946419,8.099534690534567,13.459264728209869,-0.21916886105227326,-0.06747595344431047
07026001_10_49,xgboost_direct,7,lags_only,717,8.54422402970365,12.174087044192536,1.4169914827130683,8.099534690534567,13.459264728209869,-0.05490307235658412,0.09548647046994119
07032002_10_49,persistence,1,lags_only,944,6.204297865780549,11.665523001838517,,,,,
07032002_10_49,sarima,1,lags_only,944,6.286034738377161,10.834166385005073,-1.151373471226006,6.204297865780549,11.665523001838517,-0.013174234113972375,0.07126612469088786
07032002_10_49,xgboost_direct,1,lags_only,944,7.380197560636773,12.687131625498782,-1.723341790493124,6.204297865780549,11.665523001838517,-0.18952985822003035,-0.08757503829869069
07032002_10_49,persistence,2,lags_only,940,8.17507351725781,14.642641209790918,,,,,
07032002_10_49,sarima,2,lags_only,940,7.387287478237483,12.501308361627393,-1.5764007631778485,8.17507351725781,14.642641209790918,0.09636439811303076,0.14623952178324948
07032002_10_49,xgboost_direct,2,lags_only,940,7.592897041788667,12.936530017858649,-1.9026496277738552,8.17507351725781,14.642641209790918,0.07121360734434387,0.11651662889830725
07032002_10_49,persistence,3,lags_only,937,9.057160152225306,15.362274280379392,,,,,
07032002_10_49,sarima,3,lags_only,937,7.92733191940754,13.033532388548466,-2.0596662581422787,9.057160152225306,15.362274280379392,0.12474420390371167,0.15158835530004708
07032002_10_49,xgboost_direct,3,lags_only,937,7.966005902175125,13.315034939562134,-1.908073528739959,9.057160152225306,15.362274280379392,0.12047421396011078,0.13326407948802088
07032002_10_49,persistence,4,lags_only,935,9.541584073326419,15.835394768783113,,,,,
07032002_10_49,sarima,4,lags_only,935,8.142301529526181,13.28043143830113,-2.495832754243192,9.541584073326419,15.835394768783113,0.1466509683346966,0.1613450986090144
07032002_10_49,xgboost_direct,4,lags_only,935,7.746813568282207,12.895838019336642,-2.3200908056411778,9.541584073326419,15.835394768783113,0.18809984707481736,0.1856320472187612
07032002_10_49,persistence,5,lags_only,933,9.85389463102738,16.115119547200443,,,,,
07032002_10_49,sarima,5,lags_only,933,8.097806756074126,13.310305555869714,-2.7836734922800934,9.85389463102738,16.115119547200443,0.17821256880744235,0.17404859970883602
07032002_10_49,xgboost_direct,5,lags_only,933,8.019408505935337,14.472299159285692,-2.074593884132788,9.85389463102738,16.115119547200443,0.18616863623807367,0.10194279869305382
07032002_10_49,persistence,6,lags_only,931,9.889320958184356,16.263618471797272,,,,,
07032002_10_49,sarima,6,lags_only,931,8.098739134805767,13.3363237667049,-3.2159167550098955,9.889320958184356,16.263618471797272,0.18106216098656525,0.1799903699271224
07032002_10_49,xgboost_direct,6,lags_only,931,7.818906310157149,13.562908085577881,-2.093015315801024,9.889320958184356,16.263618471797272,0.20935862601503916,0.16605839536279648
07032002_10_49,persistence,7,lags_only,930,9.826216077749022,16.309511531040453,,,,,
07032002_10_49,sarima,7,lags_only,930,8.119068143995918,13.411594455659046,-3.641968374809673,9.826216077749022,16.309511531040453,0.1737340111641607,0.17768264057853958
07032002_10_49,xgboost_direct,7,lags_only,930,7.8276811793955074,12.882850989141975,-1.4116477935924114,9.826216077749022,16.309511531040453,0.20338804709160604,0.21010197242123516
07032003_10_49,persistence,1,lags_only,904,6.435660743422528,11.753738837148985,,,,,
07032003_10_49,sarima,1,lags_only,904,6.541383079264355,11.04652433682407,-1.2023867572567375,6.435660743422528,11.753738837148985,-0.01642758064117634,0.06016932230021014
07032003_10_49,xgboost_direct,1,lags_only,904,8.54274705227165,13.183031223733256,0.2622489664208126,6.435660743422528,11.753738837148985,-0.32740792171225597,-0.12160321123239821
07032003_10_49,persistence,2,lags_only,901,8.72287805311387,14.978740780093283,,,,,
07032003_10_49,sarima,2,lags_only,901,7.88701332989142,12.790415453568347,-1.8777880833077636,8.72287805311387,14.978740780093283,0.09582441920348364,0.14609541340305562
07032003_10_49,xgboost_direct,2,lags_only,901,9.147192589404655,13.923317556274107,0.2511472351083783,8.72287805311387,14.978740780093283,-0.0486438688821649,0.07046141189797685
07032003_10_49,persistence,3,lags_only,897,9.732606783326133,15.756942286578024,,,,,
07032003_10_49,sarima,3,lags_only,897,8.439261149746974,13.346015652168832,-2.6100960123781687,9.732606783326133,15.756942286578024,0.13288789554252972,0.15300726438928774
07032003_10_49,xgboost_direct,3,lags_only,897,9.313778964858644,14.016610496666027,-0.13791198406579763,9.732606783326133,15.756942286578024,0.043033467578801596,0.11044857296928952
07032003_10_49,persistence,4,lags_only,897,9.948389054298437,16.062850335951282,,,,,
07032003_10_49,sarima,4,lags_only,897,8.53353344892772,13.433108594270896,-3.0337505749573848,9.948389054298437,16.062850335951282,0.14221956918335382,0.1637157594499025
07032003_10_49,xgboost_direct,4,lags_only,897,9.384727738967287,14.079284205808408,-0.12115076538595299,9.948389054298437,16.062850335951282,0.05665855167652558,0.12348780500701853
07032003_10_49,persistence,5,lags_only,897,10.102936243485214,16.23142390353858,,,,,
07032003_10_49,sarima,5,lags_only,897,8.458040815807404,13.47709865330589,-3.368704230721834,10.102936243485214,16.23142390353858,0.16281360072310713,0.169690919700041
07032003_10_49,xgboost_direct,5,lags_only,897,9.3948950942531,14.222922446580519,0.07284671648088469,10.102936243485214,16.23142390353858,0.07008270983484512,0.12374154411186268
07032003_10_49,persistence,6,lags_only,898,10.256313397476864,16.438235363925916,,,,,
07032003_10_49,sarima,6,lags_only,898,8.559012734213047,13.637505892507859,-3.8937808141864614,10.256313397476864,16.438235363925916,0.1654883774984262,0.17037896157420412
07032003_10_49,xgboost_direct,6,lags_only,898,9.123648482490045,13.785142506654497,0.07744562955619927,10.256313397476864,16.438235363925916,0.11043587213954124,0.1613976682128358
07032003_10_49,persistence,7,lags_only,897,10.244063157254024,16.471671333944084,,,,,
07032003_10_49,sarima,7,lags_only,897,8.618768765297178,13.81548970999955,-4.457739527863156,10.244063157254024,16.471671333944084,0.15865720144510656,0.1612575657984866
07032003_10_49,xgboost_direct,7,lags_only,897,9.708803505417222,16.249955849967808,1.011458555252558,10.244063157254024,16.471671333944084,0.05225071767131516,0.013460412090628244
07040003_10_49,persistence,1,lags_only,947,5.150660927918629,9.439123206352436,,,,,
07040003_10_49,sarima,1,lags_only,947,5.200588280134977,9.21151620838981,-2.093329912225999,5.150660927918629,9.439123206352436,-0.009693387492413223,0.024113150447008555
07040003_10_49,xgboost_direct,1,lags_only,947,6.333394470162295,10.939974659238912,-1.335345970644786,5.150660927918629,9.439123206352436,-0.2296275291259768,-0.15900326969738224
07040003_10_49,persistence,2,lags_only,943,6.941829904999023,12.464248769340033,,,,,
07040003_10_49,sarima,2,lags_only,943,6.8756329844630155,11.755483296892496,-3.66277929312879,6.941829904999023,12.464248769340033,0.009535946780882185,0.05686387407406223
07040003_10_49,xgboost_direct,2,lags_only,943,6.725648820245988,11.613978217864947,-1.7437914052275842,6.941829904999023,12.464248769340033,0.031141800895662392,0.06821675074125683
07040003_10_49,persistence,3,lags_only,940,7.595429790170771,13.32074904932845,,,,,
07040003_10_49,sarima,3,lags_only,940,7.698622706762386,12.527905288663659,-5.007243882051959,7.595429790170771,13.32074904932845,-0.013586185303846365,0.05951945778190014
07040003_10_49,xgboost_direct,3,lags_only,940,6.602800986509554,11.306460465192423,-2.03764985100181,7.595429790170771,13.32074904932845,0.13068764126366822,0.15121436314706155
07040003_10_49,persistence,4,lags_only,940,8.151649101536814,13.880967761411993,,,,,
07040003_10_49,sarima,4,lags_only,940,8.510115057716355,13.225193468285518,-6.313984141478546,8.151649101536814,13.880967761411993,-0.04397465490902457,0.047242692613225175
07040003_10_49,xgboost_direct,4,lags_only,940,6.727982578622422,11.652531683836298,-2.2016374613582093,8.151649101536814,13.880967761411993,0.1746476700826083,0.16053895635220577
07040003_10_49,persistence,5,lags_only,939,8.455702802061214,14.348624375662135,,,,,
07040003_10_49,sarima,5,lags_only,939,9.073564648267313,13.82785879583132,-7.384908977741312,8.455702802061214,14.348624375662135,-0.07307043076957301,0.03629376351325553
07040003_10_49,xgboost_direct,5,lags_only,939,6.85931005349247,11.732275806376194,-2.3568064740372052,8.455702802061214,14.348624375662135,0.18879480345259983,0.18234142178282556
07040003_10_49,persistence,6,lags_only,939,8.758608724667424,14.750731310802957,,,,,
07040003_10_49,sarima,6,lags_only,939,9.702574678299625,14.467906504040794,-8.433309316277287,8.758608724667424,14.750731310802957,-0.10777578760581577,0.019173612535063323
07040003_10_49,xgboost_direct,6,lags_only,939,6.928761180799543,11.762493278435143,-2.135241369959929,8.758608724667424,14.750731310802957,0.2089198868667766,0.2025823648607392
07040003_10_49,persistence,7,lags_only,938,8.923147744396458,14.942647013295751,,,,,
07040003_10_49,sarima,7,lags_only,938,10.397409271647737,15.068436688124024,-9.420339720200257,8.923147744396458,14.942647013295751,-0.16521765294955287,-0.008418165450629109
07040003_10_49,xgboost_direct,7,lags_only,938,6.87909971921589,11.882579503011863,-2.050707996045011,8.923147744396458,14.942647013295751,0.22907252953019697,0.20478751238392262
07040006_10_47,persistence,1,lags_only,613,5.426695298716667,8.749166699697083,,,,,
07040006_10_47,sarima,1,lags_only,613,5.377047734223105,8.71419376122527,-1.4123395358312416,5.426695298716667,8.749166699697083,0.009148765825363964,0.003997287932921048
07040006_10_47,xgboost_direct,1,lags_only,613,7.413977157974362,11.355516300284137,1.6068854820691032,5.426695298716667,8.749166699697083,-0.36620479866036654,-0.2978968957897775
07040006_10_47,persistence,2,lags_only,613,7.089069006018174,11.10355211403259,,,,,
07040006_10_47,sarima,2,lags_only,613,6.58560065823862,10.430379936283552,-2.3148723318090516,7.089069006018174,11.10355211403259,0.07102037620908196,0.06062674095961486
07040006_10_47,xgboost_direct,2,lags_only,613,7.658408570980089,11.464815417439773,1.8442275923084626,7.089069006018174,11.10355211403259,-0.08031231808839516,-0.032535831749789426
07040006_10_47,persistence,3,lags_only,614,7.468966793558378,11.816649123402774,,,,,
07040006_10_47,sarima,3,lags_only,614,7.0516128474251785,11.074548842120787,-3.0102814943833227,7.468966793558378,11.816649123402774,0.05587840429189579,0.0628012453896311
07040006_10_47,xgboost_direct,3,lags_only,614,8.207076263735095,11.7662386782545,2.015040112211951,7.468966793558378,11.816649123402774,-0.09882350405056031,0.004266052467313894
07040006_10_47,persistence,4,lags_only,607,8.011658129678338,12.189371406944296,,,,,
07040006_10_47,sarima,4,lags_only,607,7.605093327713325,11.412619175720362,-3.520920405184385,8.011658129678338,12.189371406944296,0.05074664886896968,0.06372373154381183
07040006_10_47,xgboost_direct,4,lags_only,607,7.965272438961967,11.681114626031194,1.9779460997039702,8.011658129678338,12.189371406944296,0.005789774097391929,0.04169671789831165
07040006_10_47,persistence,5,lags_only,599,8.356739906722735,12.45486661001622,,,,,
07040006_10_47,sarima,5,lags_only,599,7.933849057133782,11.803063293187002,-4.268201042455763,8.356739906722735,12.45486661001622,0.050604763856387486,0.052333223408834985
07040006_10_47,xgboost_direct,5,lags_only,599,8.25505231416149,12.070540746194801,1.9600780973889333,8.356739906722735,12.45486661001622,0.012168332830299064,0.03085748533929244
07040006_10_47,persistence,6,lags_only,596,8.653915278645982,12.997149306763655,,,,,
07040006_10_47,sarima,6,lags_only,596,8.142740991147123,12.239374104442625,-4.855929827026311,8.653915278645982,12.997149306763655,0.059068556952505645,0.05830318513973577
07040006_10_47,xgboost_direct,6,lags_only,596,8.194740434330297,12.087682935285851,1.928276850557751,8.653915278645982,12.997149306763655,0.05305978040352722,0.06997429590229615
07040006_10_47,persistence,7,lags_only,596,8.444511192943846,12.841189307492176,,,,,
07040006_10_47,sarima,7,lags_only,596,8.210942432924883,12.31963532932173,-5.32888098598738,8.444511192943846,12.841189307492176,0.02765923979284096,0.04061570666714998
07040006_10_47,xgboost_direct,7,lags_only,596,8.443005680685898,12.369866525649899,2.258161636568563,8.444511192943846,12.841189307492176,0.00017828293711137706,0.036703982049955786
07042001_10_49,persistence,1,lags_only,831,4.651142131636745,10.93645300497589,,,,,
07042001_10_49,sarima,1,lags_only,831,4.845154073888945,10.803030245443734,-2.109254491186623,4.651142131636745,10.93645300497589,-0.041712752859678015,0.012199820131028844
07042001_10_49,xgboost_direct,1,lags_only,831,6.56774115013067,11.934593633168744,0.28562959202643384,4.651142131636745,10.93645300497589,-0.4120706192694805,-0.0912673083072471
07042001_10_49,persistence,2,lags_only,826,6.393248420658543,13.904178722285268,,,,,
07042001_10_49,sarima,2,lags_only,826,6.438300756440407,13.118795129249385,-3.5622746537584025,6.393248420658543,13.904178722285268,-0.007046861441561671,0.05648543568971031
07042001_10_49,xgboost_direct,2,lags_only,826,7.346423788867469,13.480384324380923,0.566435515870125,6.393248420658543,13.904178722285268,-0.14909093241691093,0.03047964258580034
07042001_10_49,persistence,3,lags_only,824,7.130751891901653,14.71553014069139,,,,,
07042001_10_49,sarima,3,lags_only,824,7.308383300223528,13.605618222739766,-4.835047778607196,7.130751891901653,14.71553014069139,-0.024910614057910167,0.07542452819164805
07042001_10_49,xgboost_direct,3,lags_only,824,7.32467806061362,12.900658062142545,0.4933488011697747,7.130751891901653,14.71553014069139,-0.027195753218143513,0.12333039049203942
07042001_10_49,persistence,4,lags_only,822,7.6352829681926755,15.27414701607138,,,,,
07042001_10_49,sarima,4,lags_only,822,7.949705635580746,14.008189999110149,-5.925677807009806,7.6352829681926755,15.27414701607138,-0.041180224583411425,0.08288233808599572
07042001_10_49,xgboost_direct,4,lags_only,822,7.544216479684351,14.534313944510993,0.6648304259310487,7.6352829681926755,15.27414701607138,0.011927061365988924,0.04843694844510389
07042001_10_49,persistence,5,lags_only,819,7.904508118526588,15.469215088556192,,,,,
07042001_10_49,sarima,5,lags_only,819,8.44547976453518,14.315907923058585,-6.925091956801774,7.904508118526588,15.469215088556192,-0.06843836933264232,0.07455498930587626
07042001_10_49,xgboost_direct,5,lags_only,819,7.05262821241251,12.66086444162768,-0.09623963934383982,7.904508118526588,15.469215088556192,0.10777139998344007,0.18154448243505722
07042001_10_49,persistence,6,lags_only,816,8.008279581304992,15.62363211854496,,,,,
07042001_10_49,sarima,6,lags_only,816,8.964880543410926,14.712961890795572,-7.795896600048851,8.008279581304992,15.62363211854496,-0.11945149421844375,0.05828799736448213
07042001_10_49,xgboost_direct,6,lags_only,816,7.589943102135827,14.837009824017262,0.6889903853386142,8.008279581304992,15.62363211854496,0.05223799630394456,0.05034823455641865
07042001_10_49,persistence,7,lags_only,811,8.099840491464452,15.654195386815639,,,,,
07042001_10_49,sarima,7,lags_only,811,9.501009797246425,15.100663127836098,-8.580049235504303,8.099840491464452,15.654195386815639,-0.17298727144793957,0.035359994257241706
07042001_10_49,xgboost_direct,7,lags_only,811,7.507184424850798,13.15713140505633,0.6267799675260477,8.099840491464452,15.654195386815639,0.0731688565025682,0.15951404208627676
07044001_10_49,persistence,1,lags_only,334,6.5863319237331455,15.525100695504413,,,,,
07044001_10_49,sarima,1,lags_only,334,6.551926285241855,14.841573405839613,-2.423751849132907,6.5863319237331455,15.525100695504413,0.005223793590984,0.044027237122058
07044001_10_49,xgboost_direct,1,lags_only,334,8.64088502467251,16.558943215554958,-0.780298296587496,6.5863319237331455,15.525100695504413,-0.31194193137093523,-0.06659167887715624
07044001_10_49,persistence,2,lags_only,333,8.888703433118001,19.890030205723495,,,,,
07044001_10_49,sarima,2,lags_only,333,9.002427448999113,18.371686872518207,-4.2729434412015275,8.888703433118001,19.890030205723495,-0.012794218722315797,0.07633690434358281
07044001_10_49,xgboost_direct,2,lags_only,333,9.194497503880841,17.281226083904485,-0.8311919912157826,8.888703433118001,19.890030205723495,-0.034402550727870615,0.1311613956759255
07044001_10_49,persistence,3,lags_only,332,10.012816856323427,21.25155871676392,,,,,
07044001_10_49,sarima,3,lags_only,332,10.158341391816505,19.368444735268813,-5.955711475723626,10.012816856323427,21.25155871676392,-0.014533825753656308,0.08861062882929362
07044001_10_49,xgboost_direct,3,lags_only,332,9.845479901821813,17.881873880733792,-0.7770509951638405,10.012816856323427,21.25155871676392,0.01671227556668386,0.1585617733240438
07044001_10_49,persistence,4,lags_only,331,10.862703435624754,22.370018539209216,,,,,
07044001_10_49,sarima,4,lags_only,331,11.080288736204098,20.18755596863955,-7.53544299902817,10.862703435624754,22.370018539209216,-0.020030492581226404,0.0975619473334069
07044001_10_49,xgboost_direct,4,lags_only,331,9.819762749088062,17.5363403533034,-0.9026243802046336,10.862703435624754,22.370018539209216,0.09601115345893715,0.21607841662864735
07044001_10_49,persistence,5,lags_only,331,11.253011226809008,22.66999518167891,,,,,
07044001_10_49,sarima,5,lags_only,331,11.637619915861285,20.476856017814576,-8.836342587956965,11.253011226809008,22.66999518167891,-0.034178290708178675,0.0967419333920614
07044001_10_49,xgboost_direct,5,lags_only,331,10.012465469896556,17.882658577553723,-0.6767885084632737,11.253011226809008,22.66999518167891,0.11024122627346127,0.21117501639321667
07044001_10_49,persistence,6,lags_only,330,11.47638732373614,22.94396576819084,,,,,
07044001_10_49,sarima,6,lags_only,330,12.337277612650333,20.92400842085213,-10.02004964911901,11.47638732373614,22.94396576819084,-0.07501404968562271,0.08803871866559129
07044001_10_49,xgboost_direct,6,lags_only,330,9.73143610418904,17.821555809495543,-0.9792129054651169,11.47638732373614,22.94396576819084,0.15204708331323816,0.22325739196302877
07044001_10_49,persistence,7,lags_only,329,11.623553762686004,22.995485450299253,,,,,
07044001_10_49,sarima,7,lags_only,329,13.016673776402847,21.325867637666835,-10.990425837632642,11.623553762686004,22.995485450299253,-0.11985319138704756,0.07260633032692465
07044001_10_49,xgboost_direct,7,lags_only,329,9.492017069086653,17.52297466387636,-1.6507900455724516,11.623553762686004,22.995485450299253,0.1833808090983346,0.2379819638185405
07046001_10_49,persistence,1,lags_only,944,4.39045243713642,10.487525740539304,,,,,
07046001_10_49,sarima,1,lags_only,944,4.71691469922615,10.941767926057889,-1.7807314065199542,4.39045243713642,10.487525740539304,-0.07435731664654084,-0.043312616984835704
07046001_10_49,xgboost_direct,1,lags_only,944,6.060868886796048,10.609690370178859,-0.4501078384013112,4.39045243713642,10.487525740539304,-0.38046567491097155,-0.01164856541589497
07046001_10_49,persistence,2,lags_only,937,5.9397853295143435,12.079604738706399,,,,,
07046001_10_49,sarima,2,lags_only,937,5.8605250382000325,11.531207003715046,-2.746086308740569,5.9397853295143435,12.079604738706399,0.013343965634662353,0.04539864895033647
07046001_10_49,xgboost_direct,2,lags_only,937,6.331476334229076,10.806860767680032,-1.2672367632758188,5.9397853295143435,12.079604738706399,-0.06594362977538085,0.10536304776166582
07046001_10_49,persistence,3,lags_only,932,6.717794175584255,12.719664713543294,,,,,
07046001_10_49,sarima,3,lags_only,932,6.470317576079674,11.771628331595759,-3.6128074638555603,6.717794175584255,12.719664713543294,0.03683896723183805,0.07453312672134439
07046001_10_49,xgboost_direct,3,lags_only,932,6.908745687151688,11.653588876088477,-0.7940167591137485,6.717794175584255,12.719664713543294,-0.02842473386002864,0.08381320274265637
07046001_10_49,persistence,4,lags_only,928,7.338988473125022,13.4116536184077,,,,,
07046001_10_49,sarima,4,lags_only,928,7.070145309387487,12.22892076146009,-4.476168636068192,7.338988473125022,13.4116536184077,0.03663218231259309,0.08818695222819434
07046001_10_49,xgboost_direct,4,lags_only,928,7.419452145280884,12.800166209387562,-0.6381764881679802,7.338988473125022,13.4116536184077,-0.01096386408706257,0.04559373709002307
07046001_10_49,persistence,5,lags_only,926,7.70112954510847,13.747381734754123,,,,,
07046001_10_49,sarima,5,lags_only,926,7.465481265524111,12.494727883568402,-5.1497440973658355,7.70112954510847,13.747381734754123,0.03059918395140312,0.09111944916892392
07046001_10_49,xgboost_direct,5,lags_only,926,7.634760687480856,13.200410953837391,-0.4573323238897526,7.70112954510847,13.747381734754123,0.008618067939107655,0.03978726942119898
07046001_10_49,persistence,6,lags_only,926,7.838419444855063,13.720080783384446,,,,,
07046001_10_49,sarima,6,lags_only,926,7.7202225291286055,12.57557755866733,-5.793215077394076,7.838419444855063,13.720080783384446,0.015079177193565335,0.08341811121864198
07046001_10_49,xgboost_direct,6,lags_only,926,7.632667043035267,12.50810261992352,-0.12644363853211785,7.838419444855063,13.720080783384446,0.02624922068374973,0.08833608071234389
07046001_10_49,persistence,7,lags_only,925,8.030679430656548,14.006994584048378,,,,,
07046001_10_49,sarima,7,lags_only,925,8.044010713014895,12.986490875603751,-6.427825896576697,8.030679430656548,14.006994584048378,-0.0016600441436444503,0.07285672185572271
07046001_10_49,xgboost_direct,7,lags_only,925,7.241396361148717,12.157615198268903,-0.4947390381681282,8.030679430656548,14.006994584048378,0.0982834735620001,0.13203256235178448
07054001_10_47,persistence,1,lags_only,721,5.479166681986223,8.90354635501928,,,,,
07054001_10_47,sarima,1,lags_only,721,5.582011978213658,8.80612796384171,-2.267418550088043,5.479166681986223,8.90354635501928,-0.018770244125910218,0.010941526813374885
07054001_10_47,xgboost_direct,1,lags_only,721,7.450654860938448,11.134049369809984,-0.4087169151826238,5.479166681986223,8.90354635501928,-0.3598153320346792,-0.25051849295233714
07054001_10_47,persistence,2,lags_only,720,7.436044580886137,11.615240385246105,,,,,
07054001_10_47,sarima,2,lags_only,720,7.601672767588322,11.534801940135539,-4.511201315385267,7.436044580886137,11.615240385246105,-0.022273694690846998,0.0069252501405602076
07054001_10_47,xgboost_direct,2,lags_only,720,7.582564398231113,11.369222794296178,-0.8725999749699368,7.436044580886137,11.615240385246105,-0.01970399931727075,0.02118058540247032
07054001_10_47,persistence,3,lags_only,716,8.136856391930095,12.57065196505884,,,,,
07054001_10_47,sarima,3,lags_only,716,8.693398405197236,12.776214344263673,-6.378223006260645,8.136856391930095,12.57065196505884,-0.06839766937746417,-0.016352563079163347
07054001_10_47,xgboost_direct,3,lags_only,716,8.137165904117362,12.25196949637096,-0.17053771104054105,8.136856391930095,12.57065196505884,-3.803830034083646e-05,0.02535130791733671
07054001_10_47,persistence,4,lags_only,716,8.767766668296485,13.340756635209702,,,,,
07054001_10_47,sarima,4,lags_only,716,9.849038334125018,14.009738281799418,-8.074213998636282,8.767766668296485,13.340756635209702,-0.12332349921426641,-0.050145704991282146
07054001_10_47,xgboost_direct,4,lags_only,716,8.389727049589126,12.768082360151332,-0.03128699782342003,8.767766668296485,13.340756635209702,0.04311697984326138,0.04292667130640362
07054001_10_47,persistence,5,lags_only,713,9.131155159482004,13.791712977374177,,,,,
07054001_10_47,sarima,5,lags_only,713,10.777973350882458,14.868830686183179,-9.468834015507785,9.131155159482004,13.791712977374177,-0.18035157246127395,-0.07809890697232853
07054001_10_47,xgboost_direct,5,lags_only,713,8.153049219565855,12.380601068259987,-0.038895184982812185,9.131155159482004,13.791712977374177,0.10711743726098681,0.10231592779150583
07054001_10_47,persistence,6,lags_only,713,9.272764428639263,14.0985395705214,,,,,
07054001_10_47,sarima,6,lags_only,713,11.57112361621703,15.525536814131677,-10.580977473039393,9.272764428639263,14.0985395705214,-0.247861272144389,-0.10121596187125521
07054001_10_47,xgboost_direct,6,lags_only,713,8.028919011853763,11.932903300300985,-0.4347201251884406,9.272764428639263,14.0985395705214,0.13413965450732684,0.1536071349367659
07054001_10_47,persistence,7,lags_only,710,9.09722405516387,13.747945622160412,,,,,
07054001_10_47,sarima,7,lags_only,710,12.191079776638773,15.731655423583351,-11.419844052518018,9.09722405516387,13.747945622160412,-0.34008788864760703,-0.14429136221090252
07054001_10_47,xgboost_direct,7,lags_only,710,7.674008439964879,11.46321087461082,-0.29005914357783263,9.09722405516387,13.747945622160412,0.15644504373739473,0.16618735703077062
08096014_10_47,persistence,1,lags_only,889,5.715739629436272,8.625544407478648,,,,,
08096014_10_47,sarima,1,lags_only,889,5.75645229846517,8.454772977657019,-0.7897984517187518,5.715739629436272,8.625544407478648,-0.0071229047627058405,0.01979833640106987
08096014_10_47,xgboost_direct,1,lags_only,889,6.830167727128954,9.46680807142368,-0.5094150124936669,5.715739629436272,8.625544407478648,-0.19497530852408593,-0.09753165993970503
08096014_10_47,persistence,2,lags_only,883,7.761351921987342,10.845815825740695,,,,,
08096014_10_47,sarima,2,lags_only,883,7.32076671898278,10.218047273259629,-1.3981282816437186,7.761351921987342,10.845815825740695,0.056766554001554344,0.05788117395384542
08096014_10_47,xgboost_direct,2,lags_only,883,7.211142307350834,9.82834484969498,-0.9454068076074381,7.761351921987342,10.845815825740695,0.0708909504641587,0.09381230443088669
08096014_10_47,persistence,3,lags_only,883,8.65064891507997,11.937855033193811,,,,,
08096014_10_47,sarima,3,lags_only,883,7.993322333641834,11.135447283624208,-1.9761423976702703,8.65064891507997,11.937855033193811,0.07598581191894999,0.06721540405193964
08096014_10_47,xgboost_direct,3,lags_only,883,7.373517260815034,9.930309771002662,-0.8222267020476951,8.65064891507997,11.937855033193811,0.14763420256700235,0.16816632942928758
08096014_10_47,persistence,4,lags_only,881,9.06775022020842,12.492825207087995,,,,,
08096014_10_47,sarima,4,lags_only,881,8.391179247926363,11.533391777857915,-2.4517431599908663,9.06775022020842,12.492825207087995,0.07461288145920131,0.07679875555176506
08096014_10_47,xgboost_direct,4,lags_only,881,7.3761235150831475,10.062134954690892,-0.7091959277086346,9.06775022020842,12.492825207087995,0.1865541798179782,0.19456689836803395
08096014_10_47,persistence,5,lags_only,882,9.26384583899392,12.712711260781104,,,,,
08096014_10_47,sarima,5,lags_only,882,8.478350980388688,11.70808926353384,-2.9047718041061565,9.26384583899392,12.712711260781104,0.08479144323612128,0.07902499920269075
08096014_10_47,xgboost_direct,5,lags_only,882,7.304729770985226,9.94259790543045,-0.5701381211687964,9.26384583899392,12.712711260781104,0.21147977870726953,0.21790106756349398
08096014_10_47,persistence,6,lags_only,882,9.173569930419546,12.726581073872927,,,,,
08096014_10_47,sarima,6,lags_only,882,8.57752829104814,11.814682534677733,-3.2836281775294154,9.173569930419546,12.726581073872927,0.06497379361495176,0.07165306486494467
08096014_10_47,xgboost_direct,6,lags_only,882,7.378782884061223,10.085419027912062,-0.6449248201631893,9.173569930419546,12.726581073872927,0.19564761155924829,0.20753115315338277
08096014_10_47,persistence,7,lags_only,880,9.089300952555062,12.741499115805272,,,,,
08096014_10_47,sarima,7,lags_only,880,8.655320058700253,11.975512615370105,-3.6238608466507043,9.089300952555062,12.741499115805272,0.04774634442407961,0.06011745505558245
08096014_10_47,xgboost_direct,7,lags_only,880,7.613987785876117,10.337642101462372,-0.3450300684586391,9.089300952555062,12.741499115805272,0.1623131607567934,0.1886635938592988
08101001_10_47,persistence,1,lags_only,960,6.055604135778621,9.48847095524177,,,,,
08101001_10_47,sarima,1,lags_only,960,6.05558573440141,8.984518742574231,-1.0177339948304585,6.055604135778621,9.48847095524177,3.0387351614675742e-06,0.05311205725819685
08101001_10_47,xgboost_direct,1,lags_only,960,6.996641254999649,10.013003686309272,-1.2875624342828453,6.055604135778621,9.48847095524177,-0.15539937851304592,-0.0552810598822281
08101001_10_47,persistence,2,lags_only,958,7.798258196772872,11.142518679450767,,,,,
08101001_10_47,sarima,2,lags_only,958,7.231001468059532,9.97985735846586,-1.3494708865888436,7.798258196772872,11.142518679450767,0.07274146538878218,0.10434457005929074
08101001_10_47,xgboost_direct,2,lags_only,958,7.139428994366873,9.837425789950696,-1.5056515898915628,7.798258196772872,11.142518679450767,0.08448414835490321,0.11712727858441431
08101001_10_47,persistence,3,lags_only,955,8.555193205163853,12.205505057581224,,,,,
08101001_10_47,sarima,3,lags_only,955,7.947394560419049,11.063269615043101,-1.8639884751218423,8.555193205163853,12.205505057581224,0.07104440895360974,0.09358362780970252
08101001_10_47,xgboost_direct,3,lags_only,955,7.437576593508261,10.362783969152318,-1.792740147603349,8.555193205163853,12.205505057581224,0.13063604583248997,0.15097458726497628
08101001_10_47,persistence,4,lags_only,953,9.204014031629043,13.1053331948222,,,,,
08101001_10_47,sarima,4,lags_only,953,8.345984904414875,11.709153584728499,-2.253470107829432,9.204014031629043,13.1053331948222,0.09322336148832482,0.10653522419752885
08101001_10_47,xgboost_direct,4,lags_only,953,7.543875633792266,10.649924137149942,-2.124096534346775,9.204014031629043,13.1053331948222,0.18037112852412127,0.18735952922145985
08101001_10_47,persistence,5,lags_only,951,9.377770526607593,13.374319338079825,,,,,
08101001_10_47,sarima,5,lags_only,951,8.497051103663317,11.915598457574239,-2.624488686248701,9.377770526607593,13.374319338079825,0.09391565089435774,0.10906879397983758
08101001_10_47,xgboost_direct,5,lags_only,951,7.834287518234805,10.96024480365796,-1.6437349009542466,9.377770526607593,13.374319338079825,0.16458954758953168,0.18050073976837308
08101001_10_47,persistence,6,lags_only,950,9.424487100230989,13.378539366345096,,,,,
08101001_10_47,sarima,6,lags_only,950,8.60403724668586,12.050874773170277,-3.0576553694498054,9.424487100230989,13.378539366345096,0.0870551197979804,0.09923838147194738
08101001_10_47,xgboost_direct,6,lags_only,950,7.851764145477428,11.030553979944452,-1.9520024264442764,9.424487100230989,13.378539366345096,0.16687623825332784,0.17550386646147711
08101001_10_47,persistence,7,lags_only,950,9.804528831613743,13.679681248884041,,,,,
08101001_10_47,sarima,7,lags_only,950,8.97756685743533,12.379026348571944,-3.430226867297622,9.804528831613743,13.679681248884041,0.08434489697372866,0.0950793279937134
08101001_10_47,xgboost_direct,7,lags_only,950,7.853255631870033,11.075494341138901,-2.0435412112535114,9.804528831613743,13.679681248884041,0.19901753906337863,0.19036897573600875
08184006_10_47,persistence,1,lags_only,849,4.765175075214009,7.875182998477943,,,,,
08184006_10_47,sarima,1,lags_only,849,4.839226916961764,7.6287498562655305,-0.9167908006887558,4.765175075214009,7.875182998477943,-0.015540214279415362,0.031292370254766264
08184006_10_47,xgboost_direct,1,lags_only,849,5.599041176201436,8.051132915493113,-0.4025816622618261,4.765175075214009,7.875182998477943,-0.17499170289141516,-0.022342327416286948
08184006_10_47,persistence,2,lags_only,846,6.139208368929062,9.17465199487816,,,,,
08184006_10_47,sarima,2,lags_only,846,5.894858561087699,8.584159390802778,-1.467656683697554,6.139208368929062,9.17465199487816,0.03980151725718152,0.06436130813517825
08184006_10_47,xgboost_direct,2,lags_only,846,5.929404198855894,8.303184219560046,-0.4061908377397306,6.139208368929062,9.17465199487816,0.034174466391302304,0.09498646660435932
08184006_10_47,persistence,3,lags_only,842,6.8290490106788475,10.152733987126126,,,,,
08184006_10_47,sarima,3,lags_only,842,6.554363666297624,9.407759127060936,-2.0253640800487496,6.8290490106788475,10.152733987126126,0.0402230740988515,0.0733767732917885
08184006_10_47,xgboost_direct,3,lags_only,842,6.197904337694819,8.669631160757717,-0.3932800705414818,6.8290490106788475,10.152733987126126,0.09242058037613775,0.1460791574219332
08184006_10_47,persistence,4,lags_only,842,7.342975877309653,10.757981942394965,,,,,
08184006_10_47,sarima,4,lags_only,842,6.912834115692555,9.774040398775465,-2.471778267069324,7.342975877309653,10.757981942394965,0.05857867012014414,0.09146153515484078
08184006_10_47,xgboost_direct,4,lags_only,842,6.093103704609357,8.533916328830824,-0.6127557254632495,7.342975877309653,10.757981942394965,0.17021330228831275,0.2067363215027869
08184006_10_47,persistence,5,lags_only,840,7.455116582373652,10.839038650443378,,,,,
08184006_10_47,sarima,5,lags_only,840,7.080651598286868,9.980975732225163,-3.0636373125186642,7.455116582373652,10.839038650443378,0.05022925932132874,0.07916411647661345
08184006_10_47,xgboost_direct,5,lags_only,840,6.312281662826329,8.849292960036108,-0.46938265842823734,7.455116582373652,10.839038650443378,0.15329537867313303,0.18357215566584204
08184006_10_47,persistence,6,lags_only,839,7.62373335576847,11.045221069698167,,,,,
08184006_10_47,sarima,6,lags_only,839,7.251047119797113,10.247551976467916,-3.5206022937455606,7.62373335576847,11.045221069698167,0.048885004049802616,0.07221848147689895
08184006_10_47,xgboost_direct,6,lags_only,839,6.217619431232706,8.816162142294306,-0.681009813909609,7.62373335576847,11.045221069698167,0.1844390220536547,0.20181206997469125
08184006_10_47,persistence,7,lags_only,839,7.503557251642991,10.927584089745736,,,,,
08184006_10_47,sarima,7,lags_only,839,7.2680059503571925,10.312068881084082,-3.8252839126495584,7.503557251642991,10.927584089745736,0.03139195096222148,0.05632674190439247
08184006_10_47,xgboost_direct,7,lags_only,839,6.260129518436102,8.80306601937237,-0.8165480751346036,7.503557251642991,10.927584089745736,0.16571176730005302,0.19441791094217967
08194008_10_47,persistence,1,lags_only,958,5.491295077836272,8.186536604238848,,,,,
08194008_10_47,sarima,1,lags_only,958,5.334233885450268,7.80185208552395,-0.7916450189623461,5.491295077836272,8.186536604238848,0.028601848955436267,0.04698989784223462
08194008_10_47,xgboost_direct,1,lags_only,958,5.925877643234551,8.503187640662604,-1.2027471147387254,5.491295077836272,8.186536604238848,-0.07914026823150017,-0.03867948703237951
08194008_10_47,persistence,2,lags_only,954,6.905398868522222,9.819360677397603,,,,,
08194008_10_47,sarima,2,lags_only,954,6.400287156479811,9.024530015295063,-1.2575887087140611,6.905398868522222,9.819360677397603,0.0731473621813401,0.08094525582832454
08194008_10_47,xgboost_direct,2,lags_only,954,6.337114066867392,8.83590329148481,-1.3828699621175071,6.905398868522222,9.819360677397603,0.08229572432742682,0.10015493047083344
08194008_10_47,persistence,3,lags_only,950,7.607279403522328,10.590593407295398,,,,,
08194008_10_47,sarima,3,lags_only,950,7.006179757123843,9.657598917968368,-1.7403088178455035,7.607279403522328,10.590593407295398,0.07901637556787555,0.08809652617617539
08194008_10_47,xgboost_direct,3,lags_only,950,6.595008852589024,9.15544777939959,-1.6524218845344945,7.607279403522328,10.590593407295398,0.133066040727333,0.13551135169698778
08194008_10_47,persistence,4,lags_only,949,8.167000169616074,11.21005534718434,,,,,
08194008_10_47,sarima,4,lags_only,949,7.350340940803338,10.098207770953202,-2.0868396101340885,8.167000169616074,11.21005534718434,0.0999950057367424,0.09918305858413126
08194008_10_47,xgboost_direct,4,lags_only,949,6.628036688366148,9.201157835811925,-1.908135858073489,8.167000169616074,11.21005534718434,0.18843681269597326,0.1792049592223464
08194008_10_47,persistence,5,lags_only,948,8.243192629041374,11.301519910756197,,,,,
08194008_10_47,sarima,5,lags_only,948,7.325936254830474,10.169421745515232,-2.4249262623177352,8.243192629041374,11.301519910756197,0.111274407318754,0.10017220463979301
08194008_10_47,xgboost_direct,5,lags_only,948,6.638582537866124,9.270240380347518,-1.7502294163614942,8.243192629041374,11.301519910756197,0.1946588128393471,0.17973507514466375
08194008_10_47,persistence,6,lags_only,948,8.223991716953112,11.425178401665056,,,,,
08194008_10_47,sarima,6,lags_only,948,7.476004642084738,10.417476515188008,-2.9940500103886873,8.223991716953112,11.425178401665056,0.09095182736218684,0.08820010078181267
08194008_10_47,xgboost_direct,6,lags_only,948,6.674802917480986,9.33539706643417,-1.9166735846106349,8.223991716953112,11.425178401665056,0.1883743141762406,0.18291017100672402
08194008_10_47,persistence,7,lags_only,949,8.366775386040455,11.448955486323023,,,,,
08194008_10_47,sarima,7,lags_only,949,7.739741138100303,10.61481958589026,-3.4395199468830273,8.366775386040455,11.448955486323023,0.07494335858308414,0.07285694327567485
08194008_10_47,xgboost_direct,7,lags_only,949,6.838242422725866,9.44493825576206,-2.0495723719117986,8.366775386040455,11.448955486323023,0.18269080891843587,0.17503930668216608
08202001_10_47,persistence,1,lags_only,1061,5.0511980537399115,8.148713595423697,,,,,
08202001_10_47,sarima,1,lags_only,1061,5.244280559512387,7.936385877835184,-0.5903616561839712,5.0511980537399115,8.148713595423697,-0.03822509110081665,0.026056593485842487
08202001_10_47,xgboost_direct,1,lags_only,1061,6.359920026367305,9.158966608837877,-1.373507283142256,5.0511980537399115,8.148713595423697,-0.25909139944699144,-0.12397699361792969
08202001_10_47,persistence,2,lags_only,1060,6.77143962913349,10.025848478063368,,,,,
08202001_10_47,sarima,2,lags_only,1060,6.35711169210373,9.237597233127506,-0.8851141051028621,6.77143962913349,10.025848478063368,0.0611875701065329,0.0786218988508117
08202001_10_47,xgboost_direct,2,lags_only,1060,6.610211276569283,9.517266165247221,-1.7746885161875359,6.77143962913349,10.025848478063368,0.023810055378849945,0.050727109424098
08202001_10_47,persistence,3,lags_only,1059,7.5103869843298465,10.879114863360314,,,,,
08202001_10_47,sarima,3,lags_only,1059,6.855523290807687,9.800561692216819,-1.1765183602725666,7.5103869843298465,10.879114863360314,0.08719440088620055,0.09913979075411236
08202001_10_47,xgboost_direct,3,lags_only,1059,6.901627053176231,9.89154340391082,-2.241766701673321,7.5103869843298465,10.879114863360314,0.08105573420168247,0.0907768207113548
08202001_10_47,persistence,4,lags_only,1058,7.877900825418324,11.311219546830175,,,,,
08202001_10_47,sarima,4,lags_only,1058,7.064780707358531,10.040608706398858,-1.4522121609200702,7.877900825418324,11.311219546830175,0.103215328052396,0.1123319050762647
08202001_10_47,xgboost_direct,4,lags_only,1058,6.843128776333829,9.8700530934592,-2.4047594958649023,7.877900825418324,11.311219546830175,0.13135124089729164,0.12741035105934653
08202001_10_47,persistence,5,lags_only,1057,8.006994656456401,11.549871601522485,,,,,
08202001_10_47,sarima,5,lags_only,1057,7.194654547841385,10.178271401639295,-1.7207798188714398,8.006994656456401,11.549871601522485,0.10145380925913194,0.1187545842243292
08202001_10_47,xgboost_direct,5,lags_only,1057,6.921664982762249,9.895644689500685,-2.366410839398593,8.006994656456401,11.549871601522485,0.1355476955163198,0.14322470145934285
08202001_10_47,persistence,6,lags_only,1056,8.061844649430624,11.62476608710444,,,,,
08202001_10_47,sarima,6,lags_only,1056,7.215574002922324,10.233159854393367,-1.9576210713588906,8.061844649430624,11.62476608710444,0.10497233366659683,0.11971047178788453
08202001_10_47,xgboost_direct,6,lags_only,1056,6.84522403375157,9.941441145923402,-2.2575263335116693,8.061844649430624,11.62476608710444,0.15091094762846596,0.14480505917864275
08202001_10_47,persistence,7,lags_only,1055,8.298699984996741,11.752350751560817,,,,,
08202001_10_47,sarima,7,lags_only,1055,7.390954457356859,10.367744786848043,-2.186060854828829,8.298699984996741,11.752350751560817,0.10938406368238394,0.11781523492471378
08202001_10_47,xgboost_direct,7,lags_only,1055,6.905514542218061,9.975046622133707,-2.3687244210592224,8.298699984996741,11.752350751560817,0.16787996256009097,0.15122967030158355
08260010_10_47,persistence,1,lags_only,929,5.586214569199399,8.464588256791545,,,,,
08260010_10_47,sarima,1,lags_only,929,5.666734080607855,8.25982995355778,-0.9016603664242735,5.586214569199399,8.464588256791545,-0.014413966812591758,0.02418998975756178
08260010_10_47,xgboost_direct,1,lags_only,929,6.575913952882417,9.188936801626786,-1.3937956843744463,5.586214569199399,8.464588256791545,-0.17716816484993336,-0.08557398456493868
08260010_10_47,persistence,2,lags_only,928,7.606178979407681,10.671361912231445,,,,,
08260010_10_47,sarima,2,lags_only,928,7.237387999816031,9.938610815676679,-1.3928238685251293,7.606178979407681,10.671361912231445,0.048485708867761775,0.06866519030854833
08260010_10_47,xgboost_direct,2,lags_only,928,6.905735697584359,9.545971556180671,-1.6335600949601878,7.606178979407681,10.671361912231445,0.09208871941084246,0.10545892504693885
08260010_10_47,persistence,3,lags_only,927,8.38846686166434,11.692173268239484,,,,,
08260010_10_47,sarima,3,lags_only,927,7.933550772275737,10.78159920096827,-1.863851570709254,8.38846686166434,11.692173268239484,0.05423113626014172,0.07787894058538203
08260010_10_47,xgboost_direct,3,lags_only,927,7.28140543958099,9.911513113309699,-1.8952101722401897,8.38846686166434,11.692173268239484,0.13197422608208284,0.15229505362931586
08260010_10_47,persistence,4,lags_only,925,8.989028192476706,12.304572115769979,,,,,
08260010_10_47,sarima,4,lags_only,925,8.30720407116042,11.242377196286434,-2.3592060572791405,8.989028192476706,12.304572115769979,0.07585070451630498,0.08632522199794321
08260010_10_47,xgboost_direct,4,lags_only,925,7.143432106518922,9.744892941068485,-1.8017396125875431,8.989028192476706,12.304572115769979,0.20531653104641948,0.2080266709494853
08260010_10_47,persistence,5,lags_only,922,9.305343949916491,12.704768005640478,,,,,
08260010_10_47,sarima,5,lags_only,922,8.585397897140298,11.644494367761363,-3.0320773726880774,9.305343949916491,12.704768005640478,0.07736909636560543,0.08345478149686719
08260010_10_47,xgboost_direct,5,lags_only,922,7.38213931018447,10.027936018099147,-1.6460193744647869,9.305343949916491,12.704768005640478,0.20667743718911977,0.21069507025652964
08260010_10_47,persistence,6,lags_only,922,9.150710570069913,12.61587820658356,,,,,
08260010_10_47,sarima,6,lags_only,922,8.66523720537866,11.73987462632867,-3.5295125207052984,9.150710570069913,12.61587820658356,0.053053078334609025,0.06943659140572159
08260010_10_47,xgboost_direct,6,lags_only,922,7.285694854670703,9.965918480653064,-1.5659729778085907,9.150710570069913,12.61587820658356,0.20381102659932132,0.2100495647261101
08260010_10_47,persistence,7,lags_only,923,9.109876884913948,12.572798847301723,,,,,
08260010_10_47,sarima,7,lags_only,923,8.860729555398075,11.939031732939664,-4.054522342195572,9.109876884913948,12.572798847301723,0.027349143425688182,0.05040779877728438
08260010_10_47,xgboost_direct,7,lags_only,923,7.369248681154331,10.1370657180451,-1.6605352955455523,9.109876884913948,12.572798847301723,0.1910704420871061,0.193730382458108
08263001_10_47,persistence,1,lags_only,931,5.870994109609424,8.708869026234193,,,,,
08263001_10_47,sarima,1,lags_only,931,5.862110263222257,8.25633051174404,-0.7527711437831284,5.870994109609424,8.708869026234193,0.0015131758304145952,0.05196294870515886
08263001_10_47,xgboost_direct,1,lags_only,931,6.7537238182896715,9.030796729342889,-0.7057627853065724,5.870994109609424,8.708869026234193,-0.15035438499851808,-0.03696550058784157
08263001_10_47,persistence,2,lags_only,926,7.676065567552598,10.495638753578184,,,,,
08263001_10_47,sarima,2,lags_only,926,7.177496433498434,9.584809972927042,-1.332551429987524,7.676065567552598,10.495638753578184,0.06495113019378827,0.08678164350317617
08263001_10_47,xgboost_direct,2,lags_only,926,7.1652335419674955,9.57841942545266,-0.6396688873124682,7.676065567552598,10.495638753578184,0.06654867927971256,0.08739051997314837
08263001_10_47,persistence,3,lags_only,922,8.216630609985334,11.38561150797805,,,,,
08263001_10_47,sarima,3,lags_only,922,7.744762395788899,10.337282125924704,-1.8940658065589033,8.216630609985334,11.38561150797805,0.05742843223632233,0.09207492995161197
08263001_10_47,xgboost_direct,3,lags_only,922,7.74265472303246,10.161432775237968,-1.0328671067296178,8.216630609985334,11.38561150797805,0.05768494525929773,0.10751980531588345
08263001_10_47,persistence,4,lags_only,918,8.855212387600103,12.564546217844931,,,,,
08263001_10_47,sarima,4,lags_only,918,8.22129515659568,11.397400709882582,-2.3460496916278166,8.855212387600103,12.564546217844931,0.07158690308682976,0.09289197458677005
08263001_10_47,xgboost_direct,4,lags_only,918,7.878439593888964,10.816333735013924,-1.4496038411369625,8.855212387600103,12.564546217844931,0.11030484091820403,0.13913852936034332
08263001_10_47,persistence,5,lags_only,917,9.048921537737733,12.131363127865544,,,,,
08263001_10_47,sarima,5,lags_only,917,8.251420552717951,10.91176716546124,-2.7171354600137647,9.048921537737733,12.131363127865544,0.08813215825707789,0.10053247516784916
08263001_10_47,xgboost_direct,5,lags_only,917,7.816776171742463,10.114084122542678,-1.389647464996121,9.048921537737733,12.131363127865544,0.13616488560064494,0.16628626017213258
08263001_10_47,persistence,6,lags_only,918,8.979249859225295,12.130915384981172,,,,,
08263001_10_47,sarima,6,lags_only,918,8.326814137632624,11.060655890248606,-3.229368495062489,8.979249859225295,12.130915384981172,0.07266038163782214,0.0882257818777315
08263001_10_47,xgboost_direct,6,lags_only,918,7.858597733141899,10.317437348714078,-1.185936141252887,8.979249859225295,12.130915384981172,0.12480464890193876,0.14949226655329678
08263001_10_47,persistence,7,lags_only,923,8.861975793014082,12.076873946514468,,,,,
08263001_10_47,sarima,7,lags_only,923,8.470564055078945,11.160797747374106,-3.5657337524901958,8.861975793014082,12.076873946514468,0.044167547630144466,0.07585375182331452
08263001_10_47,xgboost_direct,7,lags_only,923,8.022373782498594,10.612310574966477,-1.1079499411663023,8.861975793014082,12.076873946514468,0.09474207898168133,0.12127007187739021
09018002_10_49,persistence,1,lags_only,998,5.998263545758078,13.44532932228667,,,,,
09018002_10_49,sarima,1,lags_only,998,6.307134087890082,13.095355831343033,-2.2535549810569604,5.998263545758078,13.44532932228667,-0.05149332632282131,0.026029372918633407
09018002_10_49,xgboost_direct,1,lags_only,998,7.559287924424608,14.55613743358343,-0.8273082315291925,5.998263545758078,13.44532932228667,-0.2602460473365618,-0.0826166533128728
09018002_10_49,persistence,2,lags_only,994,8.35445304902546,17.53560831031139,,,,,
09018002_10_49,sarima,2,lags_only,994,8.403660160112802,16.329622666922013,-3.698214871326196,8.35445304902546,17.53560831031139,-0.005889926102712501,0.06877352767284527
09018002_10_49,xgboost_direct,2,lags_only,994,8.401864195833003,14.955845909865491,-0.8203279453634016,8.35445304902546,17.53560831031139,-0.005674955204048086,0.1471156491861723
09018002_10_49,persistence,3,lags_only,990,9.656881787636069,19.079574171416038,,,,,
09018002_10_49,sarima,3,lags_only,990,9.660298507297895,17.528167306762285,-5.113182219153267,9.656881787636069,19.079574171416038,-0.00035381189673473767,0.08131244705544766
09018002_10_49,xgboost_direct,3,lags_only,990,8.69077772525904,15.130633293721713,-0.6927699421332129,9.656881787636069,19.079574171416038,0.10004306603545204,0.20697217045915045
09018002_10_49,persistence,4,lags_only,988,10.270742259901299,19.751191962942947,,,,,
09018002_10_49,sarima,4,lags_only,988,10.412267997808645,18.0763939706376,-6.396140529536648,10.270742259901299,19.751191962942947,-0.013779504375247133,0.08479478076298341
09018002_10_49,xgboost_direct,4,lags_only,988,8.717688096029494,15.18676620223669,-0.5958490831391527,10.270742259901299,19.751191962942947,0.1512114825366798,0.23109621785206694
09018002_10_49,persistence,5,lags_only,987,10.542651829993334,20.078073221407887,,,,,
09018002_10_49,sarima,5,lags_only,987,10.934920975881429,18.575358426093917,-7.618941610037685,10.542651829993334,20.078073221407887,-0.03720782514813858,0.07484357581243042
09018002_10_49,xgboost_direct,5,lags_only,987,8.955494305418542,15.470027135735997,-0.895785670864137,10.542651829993334,20.078073221407887,0.15054632839713114,0.22950638912695287
09018002_10_49,persistence,6,lags_only,986,10.904815633024226,20.556860287039594,,,,,
09018002_10_49,sarima,6,lags_only,986,11.580341432927241,19.375053199092147,-8.802084087504563,10.904815633024226,20.556860287039594,-0.06194747555907758,0.057489668725945325
09018002_10_49,xgboost_direct,6,lags_only,986,9.185182179249939,15.894947376932212,-0.9258960717769533,10.904815633024226,20.556860287039594,0.157694867262729,0.226781368604551
09018002_10_49,persistence,7,lags_only,986,11.079812234511722,20.76908609948325,,,,,
09018002_10_49,sarima,7,lags_only,986,12.142784588487705,19.853630064070877,-9.736694275824508,11.079812234511722,20.76908609948325,-0.09593775882455893,0.04407781984375084
09018002_10_49,xgboost_direct,7,lags_only,986,9.259092030523801,15.872939839212005,-0.865222867265023,11.079812234511722,20.76908609948325,0.1643277129116583,0.23574201757452698
09059003_10_49,persistence,1,lags_only,1022,5.282959182316457,12.608570493894831,,,,,
09059003_10_49,sarima,1,lags_only,1022,5.501184026797079,11.657022273089554,-1.553758974759341,5.282959182316457,12.608570493894831,-0.04130731223725545,0.07546836663728249
09059003_10_49,xgboost_direct,1,lags_only,1022,6.779854376949615,12.310159010493841,-0.09720710406728679,5.282959182316457,12.608570493894831,-0.28334407724437566,0.023667352579381087
09059003_10_49,persistence,2,lags_only,1020,7.173656163873218,14.761797794048121,,,,,
09059003_10_49,sarima,2,lags_only,1020,6.673006366874993,13.050975080405081,-2.311263714828652,7.173656163873218,14.761797794048121,0.06979004646466268,0.11589528169345571
09059003_10_49,xgboost_direct,2,lags_only,1020,7.287601092769997,12.844542817363907,0.32502291019251134,7.173656163873218,14.761797794048121,-0.015883801271464448,0.12987950407078747
09059003_10_49,persistence,3,lags_only,1019,8.050456677472384,15.732859923476774,,,,,
09059003_10_49,sarima,3,lags_only,1019,7.326916261920957,13.603270519210609,-3.017182893935478,8.050456677472384,15.732859923476774,0.08987569830368915,0.13535933165516617
09059003_10_49,xgboost_direct,3,lags_only,1019,7.154558022760591,12.262843141256422,-0.011772421090848587,8.050456677472384,15.732859923476774,0.11128544511254732,0.22055855064484167
09059003_10_49,persistence,4,lags_only,1017,8.49983109510458,16.071277770647402,,,,,
09059003_10_49,sarima,4,lags_only,1017,7.66318788384856,13.791927217607878,-3.6951553999992592,8.49983109510458,16.071277770647402,0.09843056901893958,0.14182758742447552
09059003_10_49,xgboost_direct,4,lags_only,1017,7.488494338527899,12.405109200535103,0.15037011506065098,8.49983109510458,16.071277770647402,0.11898315922526434,0.22811929595344269
09059003_10_49,persistence,5,lags_only,1015,8.757090606390976,16.47771152092245,,,,,
09059003_10_49,sarima,5,lags_only,1015,7.950130866369404,14.103031921689542,-4.380064606477501,8.757090606390976,16.47771152092245,0.09214929664341351,0.1441146482154198
09059003_10_49,xgboost_direct,5,lags_only,1015,7.843131505180605,13.215978555644645,0.2965122240900274,8.757090606390976,16.47771152092245,0.10436789366360538,0.1979481775206615
09059003_10_49,persistence,6,lags_only,1013,8.962562961870534,16.728496351699285,,,,,
09059003_10_49,sarima,6,lags_only,1013,8.17464123992959,14.432376119346173,-4.972420049126905,8.962562961870534,16.728496351699285,0.08791254524994711,0.13725801674457552
09059003_10_49,xgboost_direct,6,lags_only,1013,7.763848717941601,13.199088475996806,0.08057881497307046,8.962562961870534,16.728496351699285,0.13374681427942292,0.21098177633544216
09059003_10_49,persistence,7,lags_only,1012,9.064651288366363,16.882096550842196,,,,,
09059003_10_49,sarima,7,lags_only,1012,8.326027958160573,14.572153963926528,-5.433028668246823,9.064651288366363,16.882096550842196,0.08148392108075295,0.1368279455077771
09059003_10_49,xgboost_direct,7,lags_only,1012,7.365361414552387,12.32328089618969,-0.12762880033041965,9.064651288366363,16.882096550842196,0.18746334743123066,0.27003847779943424
09059006_10_49,persistence,1,lags_only,869,3.8695561711071793,10.97391071827897,,,,,
09059006_10_49,sarima,1,lags_only,869,4.118274435092006,9.697397236489987,-1.14566156275203,3.8695561711071793,10.97391071827897,-0.06427565668691726,0.11632256855003628
09059006_10_49,xgboost_direct,1,lags_only,869,5.220752442962248,10.075392783842089,-0.4294041332866814,3.8695561711071793,10.97391071827897,-0.3491863697299572,0.08187764211897976
09059006_10_49,persistence,2,lags_only,864,5.430470452148402,13.799542733325946,,,,,
09059006_10_49,sarima,2,lags_only,864,5.149228329817771,11.032681711758794,-1.5964395715097466,5.430470452148402,13.799542733325946,0.05178964231715242,0.20050381922331184
09059006_10_49,xgboost_direct,2,lags_only,864,5.844291008781767,10.871381482165445,-0.39238985464498277,5.430470452148402,13.799542733325946,-0.07620344503847726,0.21219262896943544
09059006_10_49,persistence,3,lags_only,860,6.253065175981134,14.351791501701308,,,,,
09059006_10_49,sarima,3,lags_only,860,5.682702978289284,11.351864885342854,-2.168770222651606,6.253065175981134,14.351791501701308,0.09121321810025072,0.20902802385352612
09059006_10_49,xgboost_direct,3,lags_only,860,5.847855637090423,10.680697870345522,-0.6365964623354661,6.253065175981134,14.351791501701308,0.06480174562183924,0.25579340606506185
09059006_10_49,persistence,4,lags_only,857,6.410096101316873,13.15574997753746,,,,,
09059006_10_49,sarima,4,lags_only,857,5.7367505173106546,9.293910448005116,-2.4014710770000303,6.410096101316873,13.15574997753746,0.1050445380792167,0.29354765301303
09059006_10_49,xgboost_direct,4,lags_only,857,5.492272410782782,7.96887379823496,-0.47441847459692177,6.410096101316873,13.15574997753746,0.14318407649856235,0.3942668557975588
09059006_10_49,persistence,5,lags_only,856,6.79425233102874,13.697680905045871,,,,,
09059006_10_49,sarima,5,lags_only,856,6.006046334659387,9.563201570773948,-2.840814545802699,6.79425233102874,13.697680905045871,0.11601070404313465,0.30183790693714346
09059006_10_49,xgboost_direct,5,lags_only,856,5.513370815957805,7.887180730903216,-0.5777102433493901,6.79425233102874,13.697680905045871,0.18852427797261276,0.42419590691459436
09059006_10_49,persistence,6,lags_only,855,7.164228376185902,15.554909730805218,,,,,
09059006_10_49,sarima,6,lags_only,855,6.4445070304455685,12.024688719760146,-3.4091579360234676,7.164228376185902,15.554909730805218,0.1004604135921612,0.2269522017253343
09059006_10_49,xgboost_direct,6,lags_only,855,5.836359823875813,10.502059221566967,-0.5094799394483289,7.164228376185902,15.554909730805218,0.18534704403393415,0.32483959062979945
09059006_10_49,persistence,7,lags_only,853,7.362291085154729,15.610566401669963,,,,,
09059006_10_49,sarima,7,lags_only,853,6.594236419364971,12.145919251390296,-3.8086091997833567,7.362291085154729,15.610566401669963,0.10432277899721441,0.22194243700914218
09059006_10_49,xgboost_direct,7,lags_only,853,5.733656722777265,10.367366083122729,-0.49912976098496825,7.362291085154729,15.610566401669963,0.2212129816031631,0.3358750850953323
09219002_10_49,persistence,1,lags_only,1005,4.749827478636352,8.701917771365766,,,,,
09219002_10_49,sarima,1,lags_only,1005,4.7836716726362365,8.534829721024996,-1.3306934728788329,4.749827478636352,8.701917771365766,-0.007125352268499925,0.019201290420208714
09219002_10_49,xgboost_direct,1,lags_only,1005,6.603324779681925,10.4496341619089,0.19481337842647278,4.749827478636352,8.701917771365766,-0.39022413116732857,-0.2008426689912091
09219002_10_49,persistence,2,lags_only,1000,6.538601051376794,11.258041631827197,,,,,
09219002_10_49,sarima,2,lags_only,1000,6.341474686795917,10.5645970202098,-2.294067197169423,6.538601051376794,11.258041631827197,0.030148094834348348,0.06159549185330654
09219002_10_49,xgboost_direct,2,lags_only,1000,6.874848768387437,10.779523697655971,0.22570898519652882,6.538601051376794,11.258041631827197,-0.05142502415556327,0.04250454473524287
09219002_10_49,persistence,3,lags_only,999,7.35727184351644,12.457889816548605,,,,,
09219002_10_49,sarima,3,lags_only,999,7.1449117839881335,11.54807941909248,-3.2133915156240502,7.35727184351644,12.457889816548605,0.028863968063847938,0.0730308592268625
09219002_10_49,xgboost_direct,3,lags_only,999,7.308736211664997,11.145960780993406,0.471407310955758,7.35727184351644,12.457889816548605,0.006596960515223355,0.1053090896511607
09219002_10_49,persistence,4,lags_only,998,7.914217786089448,12.906495212603952,,,,,
09219002_10_49,sarima,4,lags_only,998,7.661880783735931,11.812376707787331,-3.948962140231598,7.914217786089448,12.906495212603952,0.03188401041945554,0.08477270450216022
09219002_10_49,xgboost_direct,4,lags_only,998,7.177110170387023,10.748825671687692,0.35882919093462173,7.914217786089448,12.906495212603952,0.09313714072893142,0.16717703027613323
09219002_10_49,persistence,5,lags_only,999,8.238513841653937,13.070072250182163,,,,,
09219002_10_49,sarima,5,lags_only,999,8.069247079142963,11.977746278597698,-4.7286224474613885,8.238513841653937,13.070072250182163,0.020545788447324183,0.08357459321383942
09219002_10_49,xgboost_direct,5,lags_only,999,7.168145136290466,10.67120474963576,0.42447963502252956,8.238513841653937,13.070072250182163,0.1299225474322426,0.183538962496016
09219002_10_49,persistence,6,lags_only,999,8.5569024338348,13.454868505789316,,,,,
09219002_10_49,sarima,6,lags_only,999,8.402863741933034,12.527421954176605,-5.5524278023184745,8.5569024338348,13.454868505789316,0.01800168847230073,0.06893018324286501
09219002_10_49,xgboost_direct,6,lags_only,999,7.372209504308599,11.096972574120718,0.36721943413124114,8.5569024338348,13.454868505789316,0.13844880652627442,0.17524481422126495
09219002_10_49,persistence,7,lags_only,998,8.730111520173166,13.894252618045428,,,,,
09219002_10_49,sarima,7,lags_only,998,8.753462860829979,13.041971154451204,-6.294662662917581,8.730111520173166,13.894252618045428,-0.002674804394291368,0.0613405763536577
09219002_10_49,xgboost_direct,7,lags_only,998,7.750080844751741,11.688977413124402,0.24250626966439653,8.730111520173166,13.894252618045428,0.11225866624461922,0.15871851948746654
11004007_10_49,persistence,1,lags_only,568,5.369735601879834,9.93694436259362,,,,,
11004007_10_49,sarima,1,lags_only,568,5.48106318848344,9.60682030379975,-0.9603441093128693,5.369735601879834,9.93694436259362,-0.020732414937642808,0.03322188861563717
11004007_10_49,xgboost_direct,1,lags_only,568,7.459473528486274,12.149398226025118,0.32775411703489055,5.369735601879834,9.93694436259362,-0.3891696130950778,-0.22264931579570918
11004007_10_49,persistence,2,lags_only,563,7.396816352909412,13.277585183126662,,,,,
11004007_10_49,sarima,2,lags_only,563,7.046581351124105,12.185260529325207,-1.605763319662618,7.396816352909412,13.277585183126662,0.047349425087125294,0.08226832204319777
11004007_10_49,xgboost_direct,2,lags_only,563,8.0964506857788,12.817943938227861,1.3070345656689824,7.396816352909412,13.277585183126662,-0.09458587309582162,0.03461783438474336
11004007_10_49,persistence,3,lags_only,559,8.209443033429888,14.25645967480238,,,,,
11004007_10_49,sarima,3,lags_only,559,7.799146723195202,13.14001436251027,-2.109166572343228,8.209443033429888,14.25645967480238,0.049978580588708424,0.07831154001476084
11004007_10_49,xgboost_direct,3,lags_only,559,8.517414179263737,13.614966388747474,1.674639767787312,8.209443033429888,14.25645967480238,-0.037514255788090735,0.044996675239696124
11004007_10_49,persistence,4,lags_only,555,8.961243957735263,15.471430233420602,,,,,
11004007_10_49,sarima,4,lags_only,555,8.362019072371682,14.06743127890397,-2.837551394004515,8.961243957735263,15.471430233420602,0.06686849372584436,0.09074784511413721
11004007_10_49,xgboost_direct,4,lags_only,555,8.863038422237299,13.828602195282311,1.9058784706011624,8.961243957735263,15.471430233420602,0.010958917753064203,0.10618462633076653
11004007_10_49,persistence,5,lags_only,551,9.271015086754868,16.111792887403567,,,,,
11004007_10_49,sarima,5,lags_only,551,8.885484736216485,14.65392672931816,-3.6979819421344846,9.271015086754868,16.111792887403567,0.04158448097977699,0.09048441525245697
11004007_10_49,xgboost_direct,5,lags_only,551,8.757283029339701,13.309378694191462,1.2833891145223446,9.271015086754868,16.111792887403567,0.05541270859855633,0.17393558946522164
11004007_10_49,persistence,6,lags_only,547,9.616192570899589,16.4263533717003,,,,,
11004007_10_49,sarima,6,lags_only,547,9.293732803308254,14.965373727380443,-4.3307959663185684,9.616192570899589,16.4263533717003,0.03353299813973763,0.0889412038850246
11004007_10_49,xgboost_direct,6,lags_only,547,9.43429497725014,14.3713476829299,1.5946405954350842,9.616192570899589,16.4263533717003,0.018915760297886018,0.125104193381765
11004007_10_49,persistence,7,lags_only,546,9.831002655959178,16.819470517867277,,,,,
11004007_10_49,sarima,7,lags_only,546,9.622107415366905,15.559770172132941,-5.07697683291459,9.831002655959178,16.819470517867277,0.021248620095290986,0.07489536275212468
11004007_10_49,xgboost_direct,7,lags_only,546,9.817232138887695,15.090036326825738,1.6685943973741928,9.831002655959178,16.819470517867277,0.0014007235633423725,0.10282334329159566
11008001_10_49,persistence,1,lags_only,490,5.012661169512136,8.576552344570118,,,,,
11008001_10_49,sarima,1,lags_only,490,5.217865798377366,8.622775977092909,-1.2736974657008373,5.012661169512136,8.576552344570118,-0.04093726304768395,-0.005389535406037075
11008001_10_49,xgboost_direct,1,lags_only,490,6.917308017354869,10.60150550835488,-2.25597175297024,5.012661169512136,8.576552344570118,-0.37996720373344217,-0.23610339941162667
11008001_10_49,persistence,2,lags_only,485,6.701474851857379,11.522465673947021,,,,,
11008001_10_49,sarima,2,lags_only,485,6.684681448632553,10.849333210880312,-2.1763396791303617,6.701474851857379,11.522465673947021,0.002505926470823263,0.05841913372662083
11008001_10_49,xgboost_direct,2,lags_only,485,7.75754150427028,11.743150047252744,-2.9967639021599437,6.701474851857379,11.522465673947021,-0.15758719919991981,-0.019152530330787024
11008001_10_49,persistence,3,lags_only,479,7.906788378300707,12.81960448248684,,,,,
11008001_10_49,sarima,3,lags_only,479,7.693553286350429,11.956281074120609,-2.849971753834249,7.906788378300707,12.81960448248684,0.026968609977658875,0.06734399719941728
11008001_10_49,xgboost_direct,3,lags_only,479,7.98759704646062,12.008335328922934,-3.22514174152261,7.906788378300707,12.81960448248684,-0.01022016326903142,0.06328347763553856
11008001_10_49,persistence,4,lags_only,475,8.532077911904093,13.471507397207317,,,,,
11008001_10_49,sarima,4,lags_only,475,8.18132558565575,12.358339325523616,-3.3213293170015583,8.532077911904093,13.471507397207317,0.041109836298959104,0.08263129276197137
11008001_10_49,xgboost_direct,4,lags_only,475,8.194238696067135,12.09721628694417,-3.473791460597377,8.532077911904093,13.471507397207317,0.03959635851022869,0.10201464986375927
11008001_10_49,persistence,5,lags_only,472,8.565874476752471,13.573195077046359,,,,,
11008001_10_49,sarima,5,lags_only,472,8.295092053081131,12.342112750811674,-3.748033879309023,8.565874476752471,13.573195077046359,0.031611766481780205,0.09069952352755681
11008001_10_49,xgboost_direct,5,lags_only,472,8.11203553328078,11.593564608463264,-3.3019919590951514,8.565874476752471,13.573195077046359,0.05298220802831008,0.14584852404654886
11008001_10_49,persistence,6,lags_only,470,8.321051145726214,12.767914857990966,,,,,
11008001_10_49,sarima,6,lags_only,470,8.282598728848374,12.116589512030751,-4.3305174587802515,8.321051145726214,12.767914857990966,0.0046211008927147116,0.051012663634154375
11008001_10_49,xgboost_direct,6,lags_only,470,7.761073434952911,11.563172239231255,-3.2700298909322316,8.321051145726214,12.767914857990966,0.06729651109774926,0.0943570373204445
11008001_10_49,persistence,7,lags_only,468,8.108411368113552,12.306172906995473,,,,,
11008001_10_49,sarima,7,lags_only,468,8.496502890946363,12.321493061654603,-4.9137410421124885,8.108411368113552,12.306172906995473,-0.0478628309805527,-0.0012449162525923927
11008001_10_49,xgboost_direct,7,lags_only,468,8.00129967602219,11.902189556237465,-3.81476695503842,8.108411368113552,12.306172906995473,0.0132099479452387,0.03282769987153053
11008009_10_49,persistence,1,lags_only,857,3.7536687052694995,6.046591944813877,,,,,
11008009_10_49,sarima,1,lags_only,857,3.824165365304525,6.118731536660952,-0.5664354977048741,3.7536687052694995,6.046591944813877,-0.01878073574688692,-0.011930620175047214
11008009_10_49,xgboost_direct,1,lags_only,857,4.94324068417189,7.616964921412148,-1.430596126185376,3.7536687052694995,6.046591944813877,-0.3169091553637747,-0.25971208094258275
11008009_10_49,persistence,2,lags_only,851,5.133371238018736,8.426526303547561,,,,,
11008009_10_49,sarima,2,lags_only,851,4.932819831965941,8.011717061205417,-0.9734695238825853,5.133371238018736,8.426526303547561,0.03906816724406615,0.04922660030949054
11008009_10_49,xgboost_direct,2,lags_only,851,5.394306884080052,8.289362181971958,-1.6121003516360717,5.133371238018736,8.426526303547561,-0.05083124402318241,0.016277658982427577
11008009_10_49,persistence,3,lags_only,847,5.637228825577858,9.023622739585807,,,,,
11008009_10_49,sarima,3,lags_only,847,5.448242675254668,8.42596261911026,-1.3329085513388956,5.637228825577858,9.023622739585807,0.0335246547852912,0.06623283549451452
11008009_10_49,xgboost_direct,3,lags_only,847,5.533839032370753,8.190364859941102,-1.3725136960836553,5.637228825577858,9.023622739585807,0.01834053511150615,0.09234183472556749
11008009_10_49,persistence,4,lags_only,845,5.9885166666344265,9.264158785554121,,,,,
11008009_10_49,sarima,4,lags_only,845,5.748003918122142,8.574856782565222,-1.65768268734582,5.9885166666344265,9.264158785554121,0.04016232431184902,0.07440524487379778
11008009_10_49,xgboost_direct,4,lags_only,845,5.68782138426367,8.317041499873364,-1.1205301006958384,5.9885166666344265,9.264158785554121,0.05021198054705396,0.10223456954965257
11008009_10_49,persistence,5,lags_only,843,6.244518166034086,9.254133248875464,,,,,
11008009_10_49,sarima,5,lags_only,843,5.89169583962863,8.599471962478129,-1.9418829623910945,6.244518166034086,9.254133248875464,0.05650112899415821,0.0707425826699532
11008009_10_49,xgboost_direct,5,lags_only,843,5.684814418835516,8.379797214436456,-1.1715254609169778,6.244518166034086,9.254133248875464,0.08963121450154098,0.09448059703973406
11008009_10_49,persistence,6,lags_only,841,6.268244209703313,9.220397079726842,,,,,
11008009_10_49,sarima,6,lags_only,841,5.953574994793918,8.69889754905947,-2.229638192149441,6.268244209703313,9.220397079726842,0.05020053533049703,0.056559335368973215
11008009_10_49,xgboost_direct,6,lags_only,841,5.862459134155891,8.610097330948975,-1.2656457665509167,6.268244209703313,9.220397079726842,0.06473664107075816,0.0661901806940345
11008009_10_49,persistence,7,lags_only,840,6.2267754836195275,9.279002959831159,,,,,
11008009_10_49,sarima,7,lags_only,840,6.119386200141612,8.949992944646299,-2.6099007578950197,6.2267754836195275,9.279002959831159,0.01724637153859474,0.03545747496893206
11008009_10_49,xgboost_direct,7,lags_only,840,6.059451480880851,8.83002757477869,-1.599042305049335,6.2267754836195275,9.279002959831159,0.02687169357219442,0.04838616681081849
11012002_10_49,persistence,1,lags_only,792,5.858387590813398,9.296106740587627,,,,,
11012002_10_49,sarima,1,lags_only,792,5.780074797673086,8.969414692050774,-1.0561943095043185,5.858387590813398,9.296106740587627,0.013367636047692574,0.03514288913126243
11012002_10_49,xgboost_direct,1,lags_only,792,6.99019517455659,10.80432419011088,-1.14852615905812,5.858387590813398,9.296106740587627,-0.1931943843247913,-0.16224183861166755
11012002_10_49,persistence,2,lags_only,789,7.615014086220099,11.821790285108817,,,,,
11012002_10_49,sarima,2,lags_only,789,7.141222522307197,10.976899832061745,-1.6722007193133848,7.615014086220099,11.821790285108817,0.06221808108933921,0.07146890891063497
11012002_10_49,xgboost_direct,2,lags_only,789,7.35684383300727,11.282107678133185,-1.2477287966247723,7.615014086220099,11.821790285108817,0.03390279391340934,0.04565151250022059
11012002_10_49,persistence,3,lags_only,786,8.34196349982334,12.924281737000161,,,,,
11012002_10_49,sarima,3,lags_only,786,7.788272835267512,11.897215333454804,-2.2452024169683726,8.34196349982334,12.924281737000161,0.06637414135983134,0.07946796769409856
11012002_10_49,xgboost_direct,3,lags_only,786,7.538504476085083,11.453849308085708,-1.2660357611469735,8.34196349982334,12.924281737000161,0.09631533676157561,0.11377285475794288
11012002_10_49,persistence,4,lags_only,783,8.991394057132721,13.668018996229517,,,,,
11012002_10_49,sarima,4,lags_only,783,8.233590303342018,12.535825026516045,-2.7698304176088793,8.991394057132721,13.668018996229517,0.08428100792552304,0.08283526457095211
11012002_10_49,xgboost_direct,4,lags_only,783,7.53012130279055,11.315286891930963,-1.0294299868380015,8.991394057132721,13.668018996229517,0.162519042659794,0.1721340967515177
11012002_10_49,persistence,5,lags_only,782,9.228789260326407,14.316743078357545,,,,,
11012002_10_49,sarima,5,lags_only,782,8.60034518288128,13.021523085633039,-3.3721544853213667,9.228789260326407,14.316743078357545,0.06809604810749562,0.09046889963978438
11012002_10_49,xgboost_direct,5,lags_only,782,7.407843307155873,11.208277878059103,-1.2283474359991102,9.228789260326407,14.316743078357545,0.19731146760481233,0.21712097390344823
11012002_10_49,persistence,6,lags_only,781,9.275905874717894,14.259172057856482,,,,,
11012002_10_49,sarima,6,lags_only,781,8.782434903422812,13.052113982287942,-3.918525970850784,9.275905874717894,14.259172057856482,0.05319922150569362,0.08465134375761166
11012002_10_49,xgboost_direct,6,lags_only,781,7.430942232227881,11.254689992877175,-1.5602944714615814,9.275905874717894,14.259172057856482,0.19889848683335454,0.21070522557611646
11012002_10_49,persistence,7,lags_only,780,9.17676732693423,14.10718883447596,,,,,
11012002_10_49,sarima,7,lags_only,780,8.865211245778834,13.08197020308473,-4.412465805745,9.17676732693423,14.10718883447596,0.03395052637337391,0.07267348891550536
11012002_10_49,xgboost_direct,7,lags_only,780,7.366089123118787,11.284520565224492,-1.6839527568608108,9.17676732693423,14.10718883447596,0.1973111161379259,0.20008722519920258
11020003_10_49,persistence,1,lags_only,187,4.897504281327485,7.452030912058014,,,,,
11020003_10_49,sarima,1,lags_only,187,5.088196189336497,6.98747414481963,-0.507518135595645,4.897504281327485,7.452030912058014,-0.03893654748522722,0.062339618920084175
11020003_10_49,xgboost_direct,1,lags_only,187,7.206036921207109,9.913419822702554,1.229228120425708,4.897504281327485,7.452030912058014,-0.47136919281138184,-0.33029773221442305
11020003_10_49,persistence,2,lags_only,190,6.453689943124576,9.17947618527078,,,,,
11020003_10_49,sarima,2,lags_only,190,6.6250200802487695,9.027521001095627,-1.1218885436135382,6.453689943124576,9.17947618527078,-0.026547624480584193,0.01655379687339644
11020003_10_49,xgboost_direct,2,lags_only,190,7.274183022447353,9.59647986943562,1.7573688605150783,6.453689943124576,9.17947618527078,-0.12713549714251274,-0.045427830057880425
11020003_10_49,persistence,3,lags_only,188,7.948125784490204,13.132963670801525,,,,,
11020003_10_49,sarima,3,lags_only,188,7.620717785337762,12.01061175170208,-1.4926783851188477,7.948125784490204,13.132963670801525,0.04119310741047133,0.0854606734041888
11020003_10_49,xgboost_direct,3,lags_only,188,8.115975591415157,11.581636340028856,2.5450768018103296,7.948125784490204,13.132963670801525,-0.021118161875657813,0.11812469520659145
11020003_10_49,persistence,4,lags_only,183,8.800391858774095,14.266944485762162,,,,,
11020003_10_49,sarima,4,lags_only,183,8.319346407342897,13.21923760421526,-2.1114823128689073,8.800391858774095,14.266944485762162,0.054661821785991285,0.07343596819854949
11020003_10_49,xgboost_direct,4,lags_only,183,8.193711878228658,12.179651578141105,1.758757029122702,8.800391858774095,14.266944485762162,0.06893783711921526,0.14630272863990545
11020003_10_49,persistence,5,lags_only,183,9.558273630355327,14.537536242582316,,,,,
11020003_10_49,sarima,5,lags_only,183,8.865039426574675,12.695483836593018,-2.398606099532875,9.558273630355327,14.537536242582316,0.0725271351909268,0.1267100817670665
11020003_10_49,xgboost_direct,5,lags_only,183,8.254781285265638,10.76073068359007,1.8079844114410104,9.558273630355327,14.537536242582316,0.13637319828865704,0.2597968112319814
11020003_10_49,persistence,6,lags_only,184,9.646396851921004,14.884109360156753,,,,,
11020003_10_49,sarima,6,lags_only,184,8.758412403834361,12.6839705959171,-2.9320331408574827,9.646396851921004,14.884109360156753,0.09205348501806741,0.14781796552296245
11020003_10_49,xgboost_direct,6,lags_only,184,8.679153241333411,11.33203855291432,2.73836369361355,9.646396851921004,14.884109360156753,0.10026993761872588,0.23864852919926574
11020003_10_49,persistence,7,lags_only,181,9.50559425782499,14.907698593627767,,,,,
11020003_10_49,sarima,7,lags_only,181,8.90690120501585,12.745682651626748,-3.3734578224701193,9.50559425782499,14.907698593627767,0.062983232459801,0.14502680802288048
11020003_10_49,xgboost_direct,7,lags_only,181,8.950328856464145,11.985884863075519,2.601526694152396,9.50559425782499,14.907698593627767,0.05841459106081156,0.1959936144537538
11020004_10_49,persistence,1,lags_only,139,5.497621517276952,7.713820510751623,,,,,
11020004_10_49,sarima,1,lags_only,139,5.5369596760583635,7.735173727289303,-1.192652489972682,5.497621517276952,7.713820510751623,-0.007155486906071451,-0.0027681764837433477
11020004_10_49,xgboost_direct,1,lags_only,139,7.4176531037352165,9.626754460677182,1.819327395210764,5.497621517276952,7.713820510751623,-0.34924768473499485,-0.2479878741356875
11020004_10_49,persistence,2,lags_only,139,7.310407351220869,10.515153765183765,,,,,
11020004_10_49,sarima,2,lags_only,139,7.395821510566422,10.28091756338809,-1.9091873900825935,7.310407351220869,10.515153765183765,-0.011683912433592134,0.02227606053382149
11020004_10_49,xgboost_direct,2,lags_only,139,7.686587387895029,9.815967178722834,2.705211163334764,7.310407351220869,10.515153765183765,-0.0514581498131341,0.06649323462829185
11020004_10_49,persistence,3,lags_only,140,7.328412769206566,11.170239720422718,,,,,
11020004_10_49,sarima,3,lags_only,140,7.6723035413183265,11.079119978052379,-3.0165587709523427,7.328412769206566,11.170239720422718,-0.046925682673984094,0.00815736677555298
11020004_10_49,xgboost_direct,3,lags_only,140,8.350677810847353,11.410339547745322,3.0280772274083674,7.328412769206566,11.170239720422718,-0.1394933765107046,-0.021494599340032595
11020004_10_49,persistence,4,lags_only,140,8.584570968546908,13.143771969470311,,,,,
11020004_10_49,sarima,4,lags_only,140,9.03348032684121,13.194686054484842,-4.483807610112525,8.584570968546908,13.143771969470311,-0.052292579319230356,-0.0038736281436403306
11020004_10_49,xgboost_direct,4,lags_only,140,8.641577030434329,11.402936670196404,2.687707677159469,8.584570968546908,13.143771969470311,-0.006640525437588659,0.13244564066673034
11020004_10_49,persistence,5,lags_only,137,9.503244959196266,14.578432664126451,,,,,
11020004_10_49,sarima,5,lags_only,137,10.256001265158547,14.438112647786067,-5.757741040313229,9.503244959196266,14.578432664126451,-0.07921044960898758,0.009625178479280112
11020004_10_49,xgboost_direct,5,lags_only,137,9.607712931086098,12.504368603301726,3.430090553726862,9.503244959196266,14.578432664126451,-0.010992873732959905,0.14226934462772745
11020004_10_49,persistence,6,lags_only,138,9.055692739754527,13.78744196152709,,,,,
11020004_10_49,sarima,6,lags_only,138,10.177173738941944,13.781781707082839,-6.431509764594921,9.055692739754527,13.78744196152709,-0.12384265140358741,0.000410536955299306
11020004_10_49,xgboost_direct,6,lags_only,138,9.867340412408044,13.061459679478151,3.8389059172033644,9.055692739754527,13.78744196152709,-0.08962844654505349,0.052655328238170845
11020004_10_49,persistence,7,lags_only,141,8.78030204810328,13.39131718994385,,,,,
11020004_10_49,sarima,7,lags_only,141,10.214084071075538,13.301580715964025,-6.876458651375517,8.78030204810328,13.39131718994385,-0.16329529612047722,0.00670109390338478
11020004_10_49,xgboost_direct,7,lags_only,141,10.2982078682578,12.7610996878639,4.992491252245197,8.78030204810328,13.39131718994385,-0.17287626460212915,0.047061651452271494
11022005_10_49,persistence,1,lags_only,690,5.258877609491018,7.70095169095762,,,,,
11022005_10_49,sarima,1,lags_only,690,5.227155400993847,7.627596591727438,-0.7270198904384728,5.258877609491018,7.70095169095762,0.006032125265649819,0.009525458952860917
11022005_10_49,xgboost_direct,1,lags_only,690,6.663974489662848,9.258717334862196,-0.14665014465245232,5.258877609491018,7.70095169095762,-0.26718569712213225,-0.2022822251610393
11022005_10_49,persistence,2,lags_only,681,7.041887022886413,10.26400567151,,,,,
11022005_10_49,sarima,2,lags_only,681,6.527463752617801,9.528113269311255,-1.062475813265159,7.041887022886413,10.26400567151,0.07305190620024372,0.07169641422172787
11022005_10_49,xgboost_direct,2,lags_only,681,6.8476454223875916,9.730152421479,-0.5767330380028823,7.041887022886413,10.26400567151,0.02758374280466703,0.052012174107895104
11022005_10_49,persistence,3,lags_only,676,7.84681114974085,11.384678885748635,,,,,
11022005_10_49,sarima,3,lags_only,676,7.136649271159869,10.155106869957622,-1.4423517392340632,7.84681114974085,11.384678885748635,0.09050324584457912,0.10800234491727237
11022005_10_49,xgboost_direct,3,lags_only,676,6.840558124540733,9.414589227735059,-0.14514663058890173,7.84681114974085,11.384678885748635,0.12823719164355693,0.17304745068213898
11022005_10_49,persistence,4,lags_only,671,8.167774874057676,11.616102191704746,,,,,
11022005_10_49,sarima,4,lags_only,671,7.356253679109271,10.238349626063973,-1.9510902142659243,8.167774874057676,11.616102191704746,0.09935645967985018,0.11860713197105384
11022005_10_49,xgboost_direct,4,lags_only,671,7.066595157283124,9.621064614593521,-0.03958697477238346,8.167774874057676,11.616102191704746,0.1348200377402782,0.17174759176412158
11022005_10_49,persistence,5,lags_only,666,8.310314277596218,11.50614382687938,,,,,
11022005_10_49,sarima,5,lags_only,666,7.6058845896349405,10.339569335486312,-2.579897920848559,8.310314277596218,11.50614382687938,0.08476570974702484,0.1013870944901494
11022005_10_49,xgboost_direct,5,lags_only,666,7.352340043091342,10.348280718485269,-0.02997411383442572,8.310314277596218,11.50614382687938,0.11527533165472206,0.10062998740631422
11022005_10_49,persistence,6,lags_only,662,8.549314835829717,11.655262712169732,,,,,
11022005_10_49,sarima,6,lags_only,662,7.772278117846857,10.529189771027134,-3.144450592796284,8.549314835829717,11.655262712169732,0.09088877096049167,0.09661497719539337
11022005_10_49,xgboost_direct,6,lags_only,662,7.545371362998772,10.367696019242226,-0.33130079889398223,8.549314835829717,11.655262712169732,0.11742969958521969,0.11047084263344017
11022005_10_49,persistence,7,lags_only,658,8.708677800453366,12.012967095613742,,,,,
11022005_10_49,sarima,7,lags_only,658,7.8998707814388665,10.862598662310615,-3.528373672680865,8.708677800453366,12.012967095613742,0.09287368732052452,0.09576055808253711
11022005_10_49,xgboost_direct,7,lags_only,658,7.660245031469693,10.669569582735951,-0.3409425124960461,8.708677800453366,12.012967095613742,0.12038943143918952,0.11182895134777335
11028001_10_49,persistence,1,lags_only,359,4.237930840787326,6.989937113093284,,,,,
11028001_10_49,sarima,1,lags_only,359,4.376911967815526,7.228830301969841,-0.5256543824807924,4.237930840787326,6.989937113093284,-0.032794571749637076,-0.0341767293484045
11028001_10_49,xgboost_direct,1,lags_only,359,6.954839481664721,10.464242381757861,2.115868914075488,4.237930840787326,6.989937113093284,-0.6410931992398076,-0.49704385210514135
11028001_10_49,persistence,2,lags_only,356,5.616290551636118,9.396989529449044,,,,,
11028001_10_49,sarima,2,lags_only,356,5.359846812543784,8.906593556211117,-0.7627037252732676,5.616290551636118,9.396989529449044,0.04566069663501075,0.052186497782197645
11028001_10_49,xgboost_direct,2,lags_only,356,7.101626610156531,10.924433286511174,2.2627357568049344,5.616290551636118,9.396989529449044,-0.2644692337164981,-0.1625460741735748
11028001_10_49,persistence,3,lags_only,353,6.431719443821683,10.452955532479796,,,,,
11028001_10_49,sarima,3,lags_only,353,5.912478585890136,9.806012158857248,-1.0688786669446977,6.431719443821683,10.452955532479796,0.08073126672686733,0.061890952430854865
11028001_10_49,xgboost_direct,3,lags_only,353,6.978839959039433,10.675023258414365,1.9393761644755527,6.431719443821683,10.452955532479796,-0.08506597963369117,-0.021244491593267734
11028001_10_49,persistence,4,lags_only,351,7.00499277613084,11.342814160780781,,,,,
11028001_10_49,sarima,4,lags_only,351,6.303824071735937,10.548118408843433,-1.4012242285077934,7.00499277613084,11.342814160780781,0.10009556423585479,0.07006160382007405
11028001_10_49,xgboost_direct,4,lags_only,351,7.8755177927625635,11.447237269983258,2.494611794344814,7.00499277613084,11.342814160780781,-0.12427207913732523,-0.009206102447092288
11028001_10_49,persistence,5,lags_only,350,7.252489647719431,12.261244673364683,,,,,
11028001_10_49,sarima,5,lags_only,350,6.542785433546436,11.16691612387886,-1.8489652206882419,7.252489647719431,12.261244673364683,0.09785663250083551,0.08925101640480694
11028001_10_49,xgboost_direct,5,lags_only,350,8.296578432223308,12.30395680037495,2.411739668180254,7.252489647719431,12.261244673364683,-0.14396280935501846,-0.0034835066217258803
11028001_10_49,persistence,6,lags_only,350,7.374040372029264,12.6624375620997,,,,,
11028001_10_49,sarima,6,lags_only,350,6.767237287637519,11.376946829949139,-2.0355501955222715,7.374040372029264,12.6624375620997,0.08228909170248536,0.1015200055949891
11028001_10_49,xgboost_direct,6,lags_only,350,8.108404507027549,12.006026938104885,2.1100492449103267,7.374040372029264,12.6624375620997,-0.0995877562297906,0.05183919926756734
11028001_10_49,persistence,7,lags_only,350,7.4433648748659715,12.738865321298789,,,,,
11028001_10_49,sarima,7,lags_only,350,6.754907175424869,11.428436911449143,-2.2981861270830786,7.4433648748659715,12.738865321298789,0.09249280547374746,0.10286853473979904
11028001_10_49,xgboost_direct,7,lags_only,350,7.992008270889691,11.578917914360854,2.8207077850644993,7.4433648748659715,12.738865321298789,-0.07370905568210492,0.09105578697017518
11033004_10_49,persistence,1,lags_only,834,5.319345608356846,8.201617113106373,,,,,
11033004_10_49,sarima,1,lags_only,834,5.57542438918348,8.584492023928748,-1.0503294055023809,5.319345608356846,8.201617113106373,-0.04814103081106948,-0.04668285602000758
11033004_10_49,xgboost_direct,1,lags_only,834,7.27009511795957,11.468646983908776,-1.2529418139708937,5.319345608356846,8.201617113106373,-0.3667273482922485,-0.39833972078282154
11033004_10_49,persistence,2,lags_only,828,7.3494325387682915,11.308728479374004,,,,,
11033004_10_49,sarima,2,lags_only,828,7.2647165253403125,11.066178797856427,-1.5898357279181736,7.3494325387682915,11.308728479374004,0.011526878161150755,0.02144800646332286
11033004_10_49,xgboost_direct,2,lags_only,828,7.767186621891557,12.012665453920437,-0.9655958094313817,7.3494325387682915,11.308728479374004,-0.05684167871731734,-0.062247225745170595
11033004_10_49,persistence,3,lags_only,822,8.34119415190458,12.844407703768736,,,,,
11033004_10_49,sarima,3,lags_only,822,8.06387869352105,12.354816969726931,-2.1463082284631168,8.34119415190458,12.844407703768736,0.03324649364746047,0.03811703469192681
11033004_10_49,xgboost_direct,3,lags_only,822,8.210777912236793,12.410299957228663,-0.7316186213562036,8.34119415190458,12.844407703768736,0.015635200103573645,0.03379741258234117
11033004_10_49,persistence,4,lags_only,818,8.838410238277012,13.40055552154709,,,,,
11033004_10_49,sarima,4,lags_only,818,8.428836298572003,12.679574780560277,-2.541768891134733,8.838410238277012,13.40055552154709,0.04634022733310607,0.053802302436457276
11033004_10_49,xgboost_direct,4,lags_only,818,8.308971998617348,12.09688183437055,-0.6059628057403126,8.838410238277012,13.40055552154709,0.05990197619101169,0.09728504800269897
11033004_10_49,persistence,5,lags_only,813,9.029891696144887,13.537467804549836,,,,,
11033004_10_49,sarima,5,lags_only,813,8.646917028020633,12.669491388691108,-2.82875130563847,9.029891696144887,13.537467804549836,0.04241187834930027,0.06411660056299506
11033004_10_49,xgboost_direct,5,lags_only,813,8.43711109199981,12.184097554104374,-0.4898339463422344,9.029891696144887,13.537467804549836,0.06564647994595009,0.0999721860827329
11033004_10_49,persistence,6,lags_only,809,9.309751005373018,13.94776791886119,,,,,
11033004_10_49,sarima,6,lags_only,809,8.8621642732691,12.850117570960355,-3.1572835690891443,9.309751005373018,13.94776791886119,0.04807719689233349,0.07869720476324474
11033004_10_49,xgboost_direct,6,lags_only,809,8.354989006259983,11.956918036233581,-0.3483848958092881,9.309751005373018,13.94776791886119,0.10255505206981425,0.14273609183985894
11033004_10_49,persistence,7,lags_only,806,9.607445960946487,14.430804123098769,,,,,
11033004_10_49,sarima,7,lags_only,806,9.081847457020306,13.351499894019915,-3.6055127416743855,9.607445960946487,14.430804123098769,0.054707411945141074,0.07479169004527324
11033004_10_49,xgboost_direct,7,lags_only,806,8.286365782708906,12.08735515150939,-0.6752822200408579,9.607445960946487,14.430804123098769,0.13750586613837523,0.16239212670334288
12005005_10_49,persistence,1,lags_only,239,5.425871139430928,8.062767932083784,,,,,
12005005_10_49,sarima,1,lags_only,239,5.421819053845341,8.1021379885153,-1.0884540183130325,5.425871139430928,8.062767932083784,0.0007468082970382183,-0.004882945504961612
12005005_10_49,xgboost_direct,1,lags_only,239,6.608356966620324,9.593637026297957,-1.8100326859732214,5.425871139430928,8.062767932083784,-0.2179347420538661,-0.18986892678908193
12005005_10_49,persistence,2,lags_only,235,7.376333666982189,10.054687677419357,,,,,
12005005_10_49,sarima,2,lags_only,235,7.269938372447961,9.699660888191175,-1.600081024980515,7.376333666982189,10.054687677419357,0.014423872256548374,0.03530957903600476
12005005_10_49,xgboost_direct,2,lags_only,235,6.966222191215182,10.149648566011654,-1.9952535975987302,7.376333666982189,10.054687677419357,0.05559828151521144,-0.00944443941362381
12005005_10_49,persistence,3,lags_only,232,8.208987119350441,11.423246398468718,,,,,
12005005_10_49,sarima,3,lags_only,232,7.989691051485523,11.015413981412715,-2.629513766380874,8.208987119350441,11.423246398468718,0.02671414447075786,0.03570197147377236
12005005_10_49,xgboost_direct,3,lags_only,232,7.294314488086137,10.292680071180415,-2.0990565005999597,8.208987119350441,11.423246398468718,0.11142332396992241,0.09897066804405577
12005005_10_49,persistence,4,lags_only,230,8.156545525826939,11.662987976351298,,,,,
12005005_10_49,sarima,4,lags_only,230,8.2014790109025,11.480212444350094,-3.6584019966646237,8.156545525826939,11.662987976351298,-0.005508886689013482,0.015671415624521956
12005005_10_49,xgboost_direct,4,lags_only,230,7.043997252714735,10.444348486353473,-2.324158688651628,8.156545525826939,11.662987976351298,0.13639944380735977,0.10448776012363427
12005005_10_49,persistence,5,lags_only,229,8.153267913124719,11.66420895464289,,,,,
12005005_10_49,sarima,5,lags_only,229,8.493290256324968,11.620989471056966,-4.199526779420169,8.153267913124719,11.66420895464289,-0.041703810891936845,0.003705307728452561
12005005_10_49,xgboost_direct,5,lags_only,229,7.216196259839195,10.54125940501399,-2.4100561706831383,8.153267913124719,11.66420895464289,0.11493203256292772,0.09627309952998687
12005005_10_49,persistence,6,lags_only,225,8.016960403864294,11.122573290660332,,,,,
12005005_10_49,sarima,6,lags_only,225,8.3776934486277,11.083265475602431,-4.400750147386402,8.016960403864294,11.122573290660332,-0.04499623630291681,0.0035340576349277082
12005005_10_49,xgboost_direct,6,lags_only,225,6.6748490166938605,9.396360436471097,-1.9594407151613662,8.016960403864294,11.122573290660332,0.16740900784835058,0.1551990541288447
12005005_10_49,persistence,7,lags_only,227,8.191935902248003,11.020656391424,,,,,
12005005_10_49,sarima,7,lags_only,227,8.60203566880777,11.339695942744742,-5.078913954991821,8.191935902248003,11.020656391424,-0.05006139836216605,-0.02894923314812815
12005005_10_49,xgboost_direct,7,lags_only,227,6.836571541440059,9.527828828720239,-1.7575613698467676,8.191935902248003,11.020656391424,0.16545104563574645,0.13545722774420607
12009007_10_46,persistence,1,lags_only,409,3.5508600676693587,5.116412997548541,,,,,
12009007_10_46,sarima,1,lags_only,409,3.4885413878252103,4.948809673006967,-0.6900870661883992,3.5508600676693587,5.116412997548541,0.017550305744673256,0.032757974116217475
12009007_10_46,xgboost_direct,1,lags_only,409,4.72600413979085,6.212397281134611,0.2322641838556176,3.5508600676693587,5.116412997548541,-0.3309463199694062,-0.21420950265570735
12009007_10_46,persistence,2,lags_only,404,4.60584381807746,6.50989983387985,,,,,
12009007_10_46,sarima,2,lags_only,404,4.403696916946775,6.17302177701477,-1.3650092552957016,4.60584381807746,6.50989983387985,0.04388922184840048,0.05174857762201596
12009007_10_46,xgboost_direct,2,lags_only,404,5.118649148205357,6.755592507369124,0.4233489276496746,4.60584381807746,6.50989983387985,-0.11133797635846637,-0.037741390767735104
12009007_10_46,persistence,3,lags_only,401,5.286593309859372,7.416405518813792,,,,,
12009007_10_46,sarima,3,lags_only,401,5.029587112778991,6.876766900529097,-1.8828127500423,5.286593309859372,7.416405518813792,0.04861470932539306,0.0727628251874511
12009007_10_46,xgboost_direct,3,lags_only,401,5.088518397604895,6.569556338303227,-0.27226158017949437,5.286593309859372,7.416405518813792,0.037467401149445606,0.1141859325737104
12009007_10_46,persistence,4,lags_only,399,5.680903520974666,7.995862861149014,,,,,
12009007_10_46,sarima,4,lags_only,399,5.422450391528455,7.375818257955396,-2.45817940059564,5.680903520974666,7.995862861149014,0.04549507459367449,0.07754567755361885
12009007_10_46,xgboost_direct,4,lags_only,399,5.367269475413838,7.087756062979498,-0.2970990938571731,5.680903520974666,7.995862861149014,0.05520847949676457,0.11357208270565816
12009007_10_46,persistence,5,lags_only,398,5.839429749144944,8.11284275564323,,,,,
12009007_10_46,sarima,5,lags_only,398,5.673603788315163,7.685732730612882,-3.0893819824275184,5.839429749144944,8.11284275564323,0.028397629212691962,0.05264616089511336
12009007_10_46,xgboost_direct,5,lags_only,398,5.148564174528007,6.728723357784506,-1.2162846430166363,5.839429749144944,8.11284275564323,0.11831045226943601,0.17060843400372108
12009007_10_46,persistence,6,lags_only,394,5.721142764483957,8.00850865609254,,,,,
12009007_10_46,sarima,6,lags_only,394,5.8315495442761325,7.933207878159021,-3.661933472899686,5.721142764483957,8.00850865609254,-0.01929802914158421,0.00940259680886182
12009007_10_46,xgboost_direct,6,lags_only,394,5.115063309954667,6.7703930333651305,-0.6631030702386224,5.721142764483957,8.00850865609254,0.10593678212187699,0.15460002303743559
12009007_10_46,persistence,7,lags_only,393,5.667326386045271,7.795150829620597,,,,,
12009007_10_46,sarima,7,lags_only,393,5.990187601568369,8.074462859449067,-4.098378128645911,5.667326386045271,7.795150829620597,-0.05696887624437563,-0.03583151063185585
12009007_10_46,xgboost_direct,7,lags_only,393,5.436813425017992,7.167015903543309,-0.1843422659025211,5.667326386045271,7.795150829620597,0.04067402251525059,0.08058021452137319
12028001_10_46,persistence,1,lags_only,401,3.13478589428931,5.325091700665331,,,,,
12028001_10_46,sarima,1,lags_only,401,3.2146719572536075,5.3276948113707165,-1.068974361304136,3.13478589428931,5.325091700665331,-0.025483738174854997,-0.0004888386626394886
12028001_10_46,xgboost_direct,1,lags_only,401,4.112967408010615,6.33476799959514,-0.6254450507851764,3.13478589428931,5.325091700665331,-0.3120409325253357,-0.18960730738283024
12028001_10_46,persistence,2,lags_only,394,4.177817793917992,6.637102024484103,,,,,
12028001_10_46,sarima,2,lags_only,394,4.157673867486273,6.303281050172453,-1.9226736528833812,4.177817793917992,6.637102024484103,0.004821638334980564,0.0502961944957593
12028001_10_46,xgboost_direct,2,lags_only,394,4.277315461011944,6.437882997551886,-0.9616245326361993,4.177817793917992,6.637102024484103,-0.023815702838644454,0.030015965732830927
12028001_10_46,persistence,3,lags_only,387,4.60167294788124,7.4314500315339185,,,,,
12028001_10_46,sarima,3,lags_only,387,4.644059782105409,6.928629490881247,-2.736687213390976,4.60167294788124,7.4314500315339185,-0.009211179217698557,0.06766116148518125
12028001_10_46,xgboost_direct,3,lags_only,387,4.2951899629115795,6.567892591641065,-1.3290505414603528,4.60167294788124,7.4314500315339185,0.0666025135729768,0.11620308771888598
12028001_10_46,persistence,4,lags_only,380,5.031797205464254,8.159409824598441,,,,,
12028001_10_46,sarima,4,lags_only,380,5.049126143696699,7.569691246035163,-3.4639390052152796,5.031797205464254,8.159409824598441,-0.0034438864534578725,0.07227466094244152
12028001_10_46,xgboost_direct,4,lags_only,380,4.406261787244264,6.6953853420631075,-1.089591885073639,5.031797205464254,8.159409824598441,0.12431650018420706,0.17942774220283567
12028001_10_46,persistence,5,lags_only,374,5.440131582037534,8.520202688619154,,,,,
12028001_10_46,sarima,5,lags_only,374,5.38183605256386,7.983055505191146,-4.036345808693308,5.440131582037534,8.520202688619154,0.010715830783607652,0.06304394426502334
12028001_10_46,xgboost_direct,5,lags_only,374,4.698935714564822,7.018412797669572,-0.5290579803288981,5.440131582037534,8.520202688619154,0.1362459448444271,0.17626222589230128
12028001_10_46,persistence,6,lags_only,369,5.6755041149205905,8.78969154472048,,,,,
12028001_10_46,sarima,6,lags_only,369,5.633636507798585,8.290859760186015,-4.563828253740937,5.6755041149205905,8.78969154472048,0.007376896619973938,0.05675191012067856
12028001_10_46,xgboost_direct,6,lags_only,369,4.800607888079446,7.083588675264063,-0.3929156826760279,5.6755041149205905,8.78969154472048,0.1541530424656182,0.19410270096237744
12028001_10_46,persistence,7,lags_only,364,5.70365394566931,8.697472450001527,,,,,
12028001_10_46,sarima,7,lags_only,364,5.864310064393795,8.40880309710958,-4.967969639345778,5.70365394566931,8.697472450001527,-0.028167227579868927,0.03319002785595447
12028001_10_46,xgboost_direct,7,lags_only,364,4.706134727792137,6.9199825520653295,-0.7375570324538451,5.70365394566931,8.697472450001527,0.17489125872276537,0.20436855743485402
12032001_10_46,persistence,1,lags_only,807,2.4867791396925067,3.7620742702968992,,,,,
12032001_10_46,sarima,1,lags_only,807,2.5232249317978988,3.6858821190109783,-0.6521099711005394,2.4867791396925067,3.7620742702968992,-0.014655821871619274,0.02025269726530623
12032001_10_46,xgboost_direct,1,lags_only,807,3.3799584627614787,4.83411422850631,-1.0546653549222493,2.4867791396925067,3.7620742702968992,-0.35917114986713883,-0.2849598070600575
12032001_10_46,persistence,2,lags_only,799,3.343454195795437,4.877422230589985,,,,,
12032001_10_46,sarima,2,lags_only,799,3.3856793108443064,4.730694702649877,-1.2262691628192346,3.343454195795437,4.877422230589985,-0.012629189029109325,0.030083007171261323
12032001_10_46,xgboost_direct,2,lags_only,799,3.733297262126218,5.163722363403151,-1.1263764571346544,3.343454195795437,4.877422230589985,-0.11659889548390649,-0.05869906669501831
12032001_10_46,persistence,3,lags_only,792,3.9059318144586586,5.567103832189503,,,,,
12032001_10_46,sarima,3,lags_only,792,3.9003703742365228,5.351839216403242,-1.7346475719888463,3.9059318144586586,5.567103832189503,0.001423844676844818,0.03866725361606905
12032001_10_46,xgboost_direct,3,lags_only,792,3.8200551228712833,5.307874726581498,-1.2795124661704762,3.9059318144586586,5.567103832189503,0.021986223945201475,0.046564445970832986
12032001_10_46,persistence,4,lags_only,784,4.255400047982679,5.938961798160546,,,,,
12032001_10_46,sarima,4,lags_only,784,4.150511717679705,5.718104494020071,-2.195136346798806,4.255400047982679,5.938961798160546,0.02464828902577507,0.03718786408238551
12032001_10_46,xgboost_direct,4,lags_only,784,4.002041128329451,5.486729431199531,-1.0816162094015171,4.255400047982679,5.938961798160546,0.05953821422108961,0.07614670414298393
12032001_10_46,persistence,5,lags_only,778,4.461869759402451,6.256763803588208,,,,,
12032001_10_46,sarima,5,lags_only,778,4.365797993703615,6.047327246006295,-2.641264063574574,4.461869759402451,6.256763803588208,0.02153172792558212,0.033473623770455097
12032001_10_46,xgboost_direct,5,lags_only,778,4.061536939850779,5.547578896488352,-1.041932987761096,4.461869759402451,6.256763803588208,0.08972310738296548,0.11334692012716603
12032001_10_46,persistence,6,lags_only,774,4.539012669101984,6.371805448552738,,,,,
12032001_10_46,sarima,6,lags_only,774,4.478865830883531,6.197577389486827,-2.986046167713324,4.539012669101984,6.371805448552738,0.013251084013905833,0.027343593660017488
12032001_10_46,xgboost_direct,6,lags_only,774,4.01806589332771,5.519369442499409,-1.2949472338412198,4.539012669101984,6.371805448552738,0.11477094552312422,0.1337824911535784
12032001_10_46,persistence,7,lags_only,772,4.595411972476434,6.431485429466605,,,,,
12032001_10_46,sarima,7,lags_only,772,4.617968739480709,6.3055130571876825,-3.308497785237026,4.595411972476434,6.431485429466605,-0.004908540766176253,0.019586823862146236
12032001_10_46,xgboost_direct,7,lags_only,772,3.9653994740900025,5.511493069167674,-1.3528923347238884,4.595411972476434,6.431485429466605,0.13709597793621153,0.14304508194699128
12040008_10_46,persistence,1,lags_only,989,1.9224213271768993,3.2976989631176274,,,,,
12040008_10_46,sarima,1,lags_only,989,1.9454580393621805,3.1871702507311364,-0.6130719630159586,1.9224213271768993,3.2976989631176274,-0.011983175519130846,0.03351692001685861
12040008_10_46,xgboost_direct,1,lags_only,989,3.0894393502235524,4.344284561567362,1.4415076008140133,1.9224213271768993,3.2976989631176274,-0.6070563234753718,-0.31736844695499383
12040008_10_46,persistence,2,lags_only,985,2.6167509234922606,4.243995917310432,,,,,
12040008_10_46,sarima,2,lags_only,985,2.6010142127793903,3.996557185665373,-1.1571418915932947,2.6167509234922606,4.243995917310432,0.006013835925915495,0.05830324450497341
12040008_10_46,xgboost_direct,2,lags_only,985,3.3567953093711727,4.497094619991049,1.5207965781656805,2.6167509234922606,4.243995917310432,-0.2828104040147866,-0.059636886465483395
12040008_10_46,persistence,3,lags_only,981,2.89924170795398,4.6165969721005515,,,,,
12040008_10_46,sarima,3,lags_only,981,2.898789531859505,4.322213844505917,-1.6166940498534392,2.89924170795398,4.6165969721005515,0.0001559635725555912,0.0637662610302952
12040008_10_46,xgboost_direct,3,lags_only,981,3.79019603028142,4.98717030021815,1.9863033079563726,2.89924170795398,4.6165969721005515,-0.3073059827620217,-0.08026980270469385
12040008_10_46,persistence,4,lags_only,978,3.110349819435576,4.8992590205543936,,,,,
12040008_10_46,sarima,4,lags_only,978,3.0900044562323665,4.579919561936882,-2.003639683385967,3.110349819435576,4.8992590205543936,0.006541181662614903,0.06518117480168976
12040008_10_46,xgboost_direct,4,lags_only,978,3.954591420115715,5.288769772297183,2.290914580918597,3.110349819435576,4.8992590205543936,-0.2714297907601082,-0.07950401277185644
12040008_10_46,persistence,5,lags_only,976,3.212360373154208,4.975322048205973,,,,,
12040008_10_46,sarima,5,lags_only,976,3.227924147595457,4.7276695367973876,-2.367980377160144,3.212360373154208,4.975322048205973,-0.004844965269561925,0.04977617710151749
12040008_10_46,xgboost_direct,5,lags_only,976,3.787148122905804,5.196029986534626,2.0310835573242962,3.212360373154208,4.975322048205973,-0.17893003367714114,-0.04436053308513707
12040008_10_46,persistence,6,lags_only,973,3.263354615976494,4.952541950186475,,,,,
12040008_10_46,sarima,6,lags_only,973,3.3455772890447544,4.849600891594104,-2.695956812758579,3.263354615976494,4.952541950186475,-0.02519575183944788,0.020785499573304042
12040008_10_46,xgboost_direct,6,lags_only,973,3.523472103806945,4.771874084462871,1.5383795605749262,3.263354615976494,4.952541950186475,-0.079708618412779,0.036479825419106625
12040008_10_46,persistence,7,lags_only,973,3.228380842958125,4.89929162033025,,,,,
12040008_10_46,sarima,7,lags_only,973,3.4777461678647668,4.963473064103668,-2.971461123312554,3.228380842958125,4.89929162033025,-0.07724160718230236,-0.01310014768402198
12040008_10_46,xgboost_direct,7,lags_only,973,3.622198168978742,4.858407841286425,1.5659168277566637,3.228380842958125,4.89929162033025,-0.12198601874361487,0.008344834766351207
12040010_10_46,persistence,1,lags_only,350,6.4073047242612455,8.870102193611414,,,,,
12040010_10_46,sarima,1,lags_only,350,6.314380972373623,8.646750650924066,-1.454354782107027,6.4073047242612455,8.870102193611414,0.014502783289792143,0.02518026712794975
12040010_10_46,xgboost_direct,1,lags_only,350,7.962460824608648,10.494981753798093,1.4453287099988847,6.4073047242612455,8.870102193611414,-0.24271611344764163,-0.18318611496460316
12040010_10_46,persistence,2,lags_only,349,8.56407701658418,11.643631975734877,,,,,
12040010_10_46,sarima,2,lags_only,349,8.217300239369635,11.033670813621903,-2.6113909909781254,8.56407701658418,11.643631975734877,0.040492019927310136,0.05238581598801149
12040010_10_46,xgboost_direct,2,lags_only,349,8.918050629439556,11.760370689338098,2.924812571286545,8.56407701658418,11.643631975734877,-0.04133237150599086,-0.010025970749204558
12040010_10_46,persistence,3,lags_only,348,9.757735273777254,13.426864785583588,,,,,
12040010_10_46,sarima,3,lags_only,348,9.154350209672671,12.453945872751472,-3.691461138771808,9.757735273777254,13.426864785583588,0.06183658883697199,0.07246061745380335
12040010_10_46,xgboost_direct,3,lags_only,348,9.059032362995083,11.798431869052639,2.5184015568066185,9.757735273777254,13.426864785583588,0.07160502833683663,0.12128169476163907
12040010_10_46,persistence,4,lags_only,347,10.44664238189799,14.18704519927023,,,,,
12040010_10_46,sarima,4,lags_only,347,9.57413403718232,13.0932780751142,-4.704213782898568,10.44664238189799,14.18704519927023,0.08352045689125506,0.07709618943148865
12040010_10_46,xgboost_direct,4,lags_only,347,8.897704901658784,11.902673309673425,2.2690626828623137,10.44664238189799,14.18704519927023,0.1482713223650897,0.1610181582923491
12040010_10_46,persistence,5,lags_only,346,10.036466235797098,13.632387782447973,,,,,
12040010_10_46,sarima,5,lags_only,346,9.420552483656692,12.90666389997611,-5.605015972100082,10.036466235797098,13.632387782447973,0.06136759071072488,0.0532352727969087
12040010_10_46,xgboost_direct,5,lags_only,346,8.675347271293626,11.411686642565538,2.1101255107124235,10.036466235797098,13.632387782447973,0.1356173510202988,0.16289891215841446
12040010_10_46,persistence,6,lags_only,345,9.361012055926988,12.692198861287777,,,,,
12040010_10_46,sarima,6,lags_only,345,9.228682564782149,12.717312861068761,-6.4222420741484605,9.361012055926988,12.692198861287777,0.014136237658304652,-0.0019786957370786316
12040010_10_46,xgboost_direct,6,lags_only,345,8.450538151079675,11.408768505814702,1.7291479058072925,9.361012055926988,12.692198861287777,0.09726233653025161,0.10111962233649203
12040010_10_46,persistence,7,lags_only,344,9.271995225802733,12.62968510455123,,,,,
12040010_10_46,sarima,7,lags_only,344,9.772826399829324,13.083864198852464,-7.1761187916243925,9.271995225802733,12.62968510455123,-0.05401546936012688,-0.03596123660577773
12040010_10_46,xgboost_direct,7,lags_only,344,8.848459645028433,11.631187130988913,1.994690394481559,9.271995225802733,12.62968510455123,0.04567901195587952,0.07905960958618825
12140002_10_46,persistence,1,lags_only,236,3.4208689298501387,5.303065326085947,,,,,
12140002_10_46,sarima,1,lags_only,236,3.3872486271567888,5.033675023086508,-0.9432311413559786,3.4208689298501387,5.303065326085947,0.009828000833350479,0.050798978785778666
12140002_10_46,xgboost_direct,1,lags_only,236,5.022752506193446,7.4379008359533865,0.021138990491802116,3.4208689298501387,5.303065326085947,-0.46826803633586817,-0.4025663231727725
12140002_10_46,persistence,2,lags_only,234,5.014828669719974,7.6919599131536405,,,,,
12140002_10_46,sarima,2,lags_only,234,4.914473257731266,7.198317681027288,-1.9405973657904243,5.014828669719974,7.6919599131536405,0.02001173292213635,0.06417639167388263
12140002_10_46,xgboost_direct,2,lags_only,234,5.1136507963296625,7.528914955564769,-0.04935970760083181,5.014828669719974,7.6919599131536405,-0.019705982620380615,0.02119680282135329
12140002_10_46,persistence,3,lags_only,232,5.781860420823422,8.7686702121169,,,,,
12140002_10_46,sarima,3,lags_only,232,5.647187976184498,8.122916273342408,-2.9379180815223824,5.781860420823422,8.7686702121169,0.023292233785841665,0.07364331456805882
12140002_10_46,xgboost_direct,3,lags_only,232,5.25172672704818,7.718732034065231,0.48184100916974354,5.781860420823422,8.7686702121169,0.0916891199700983,0.11973744623224884
12140002_10_46,persistence,4,lags_only,230,6.158451001623323,9.210904665774054,,,,,
12140002_10_46,sarima,4,lags_only,230,6.017976758608356,8.591126587956063,-3.8132690717412623,6.158451001623323,9.210904665774054,0.02280999604899665,0.06728742727312838
12140002_10_46,xgboost_direct,4,lags_only,230,5.131739493746415,7.56612451109609,0.3071272373369496,6.158451001623323,9.210904665774054,0.16671586858550544,0.1785687958306256
12140002_10_46,persistence,5,lags_only,231,6.261130501438536,9.194665632340561,,,,,
12140002_10_46,sarima,5,lags_only,231,6.181971139315465,8.829205482919772,-4.453925090920177,6.261130501438536,9.194665632340561,0.012642982302458552,0.03974697547840671
12140002_10_46,xgboost_direct,5,lags_only,231,5.010730707360938,7.34175091519202,0.21093099579235505,6.261130501438536,9.194665632340561,0.19970831047049886,0.201520619807125
12140002_10_46,persistence,6,lags_only,232,6.340045174496369,9.406404632805003,,,,,
12140002_10_46,sarima,6,lags_only,232,6.48133038123361,9.213684327823675,-5.047477763130356,6.340045174496369,9.406404632805003,-0.02228457413924716,0.0204882005935842
12140002_10_46,xgboost_direct,6,lags_only,232,5.060292916394727,7.483989508015116,-0.04448818687389689,6.340045174496369,9.406404632805003,0.20185223020959017,0.20437299901871434
12140002_10_46,persistence,7,lags_only,233,6.319827779568403,9.346895685155875,,,,,
12140002_10_46,sarima,7,lags_only,233,6.897626488738991,9.459011048653492,-5.699507535718531,6.319827779568403,9.346895685155875,-0.09142633776169892,-0.011994930431894231
12140002_10_46,xgboost_direct,7,lags_only,233,5.209695257227475,7.667000285054958,-0.38745203971213565,6.319827779568403,9.346895685155875,0.17565866682790235,0.17972762901043352
12141002_10_46,persistence,1,lags_only,394,4.838115696218067,7.100245744580983,,,,,
12141002_10_46,sarima,1,lags_only,394,4.864209618011477,7.333260164267674,-1.5850082609579907,4.838115696218067,7.100245744580983,-0.005393405910860599,-0.032817796463528275
12141002_10_46,xgboost_direct,1,lags_only,394,7.735760277235965,11.109373945366205,-0.35144095906026646,4.838115696218067,7.100245744580983,-0.5989200678443827,-0.5646464002805889
12141002_10_46,persistence,2,lags_only,392,6.844713836751676,10.374394669744476,,,,,
12141002_10_46,sarima,2,lags_only,392,6.5514743776950874,10.004422486071212,-2.6853500637637886,6.844713836751676,10.374394669744476,0.04284174124009147,0.03566205021602253
12141002_10_46,xgboost_direct,2,lags_only,392,7.916881722546478,11.268273890711848,-0.15705084483088005,6.844713836751676,10.374394669744476,-0.15664174008823492,-0.08616206047898398
12141002_10_46,persistence,3,lags_only,389,8.034338428195529,12.049460118329472,,,,,
12141002_10_46,sarima,3,lags_only,389,7.675152744684889,11.40697571357979,-3.8773650380880413,8.034338428195529,12.049460118329472,0.04470631735528117,0.053320596810171095
12141002_10_46,xgboost_direct,3,lags_only,389,8.378485141913824,11.759980935910024,-0.2865530099642427,8.034338428195529,12.049460118329472,-0.04283448062264275,0.02402424503477104
12141002_10_46,persistence,4,lags_only,387,8.818924471089957,13.016984589049931,,,,,
12141002_10_46,sarima,4,lags_only,387,8.413306580365292,12.221493596215549,-4.914783161573948,8.818924471089957,13.016984589049931,0.04599403159130736,0.06111177188483121
12141002_10_46,xgboost_direct,4,lags_only,387,8.63102344030256,12.0325343095755,-0.10397793190086566,8.818924471089957,13.016984589049931,0.021306569911486536,0.07562813589735408
12141002_10_46,persistence,5,lags_only,384,9.42152055301056,13.626216297705666,,,,,
12141002_10_46,sarima,5,lags_only,384,8.907591907473511,12.770421920179457,-5.765144121048389,9.42152055301056,13.626216297705666,0.054548375991476945,0.06280498994209453
12141002_10_46,xgboost_direct,5,lags_only,384,8.058736256436719,11.316030666892814,-0.9684351381842826,9.42152055301056,13.626216297705666,0.14464589753915844,0.16953977394310352
12141002_10_46,persistence,6,lags_only,381,9.342507832713961,13.703391172259968,,,,,
12141002_10_46,sarima,6,lags_only,381,9.243177793430858,13.08480220566904,-6.538710668310961,9.342507832713961,13.703391172259968,0.010632053091278827,0.0451413054487672
12141002_10_46,xgboost_direct,6,lags_only,381,7.905875875320456,11.296641466794858,-1.4060742017676255,9.342507832713961,13.703391172259968,0.1537736957910764,0.1756316867270883
12141002_10_46,persistence,7,lags_only,380,9.593431686794478,13.880457571229263,,,,,
12141002_10_46,sarima,7,lags_only,380,9.505358141215249,13.422271005784905,-7.177043552091709,9.593431686794478,13.880457571229263,0.009180609030704221,0.03300947127233503
12141002_10_46,xgboost_direct,7,lags_only,380,8.37290093257558,11.855154941642509,-2.277963193278064,9.593431686794478,13.880457571229263,0.12722566794309678,0.1459103649280772
13034002_10_49,persistence,1,lags_only,770,9.560181088125754,20.783381978041554,,,,,
13034002_10_49,sarima,1,lags_only,770,9.910208404873806,19.829152838489325,-2.3086997748411915,9.560181088125754,20.783381978041554,-0.03661304252728066,0.04591308289288091
13034002_10_49,xgboost_direct,1,lags_only,770,12.358040748044083,21.69938097069108,-0.6392384652102204,9.560181088125754,20.783381978041554,-0.29265760074287894,-0.04407362543869498
13034002_10_49,persistence,2,lags_only,766,12.986079708105928,25.772582376888163,,,,,
13034002_10_49,sarima,2,lags_only,766,12.35171877331646,23.22627830583953,-3.577497204501568,12.986079708105928,25.772582376888163,0.0488493024106035,0.09879894974482882
13034002_10_49,xgboost_direct,2,lags_only,766,12.888479476207243,22.20438458787235,-1.3929660692263115,12.986079708105928,25.772582376888163,0.007515757957173392,0.1384493698317027
13034002_10_49,persistence,3,lags_only,764,14.631888648443393,27.794852550601195,,,,,
13034002_10_49,sarima,3,lags_only,764,13.400761398404825,24.151523883412963,-4.44340250739595,14.631888648443393,27.794852550601195,0.08414000951063424,0.1310792586704846
13034002_10_49,xgboost_direct,3,lags_only,764,12.766369572487942,21.65886250084397,-1.2937538124306798,14.631888648443393,27.794852550601195,0.1274968065147156,0.2207599424600835
13034002_10_49,persistence,4,lags_only,761,15.351622636696623,28.301594520229028,,,,,
13034002_10_49,sarima,4,lags_only,761,13.826870033186873,24.333761512476297,-5.610818519428284,15.351622636696623,28.301594520229028,0.09932191792318885,0.14019821409414432
13034002_10_49,xgboost_direct,4,lags_only,761,13.742036570074303,23.3294242227484,-0.2417145888499924,15.351622636696623,28.301594520229028,0.10484794374600863,0.17568516480322996
13034002_10_49,persistence,5,lags_only,758,15.553883748496288,28.745325052459997,,,,,
13034002_10_49,sarima,5,lags_only,758,14.183982318320025,24.789976267561165,-6.8500191164204045,15.553883748496288,28.745325052459997,0.08807455760421906,0.13759972370047477
13034002_10_49,xgboost_direct,5,lags_only,758,13.318569514774095,22.20110193984004,-1.3155641227207864,15.553883748496288,28.745325052459997,0.14371421761065287,0.22766217117659307
13034002_10_49,persistence,6,lags_only,754,15.909857433920404,29.304444185546956,,,,,
13034002_10_49,sarima,6,lags_only,754,14.800254458361009,25.443478856513607,-8.08317624885182,15.909857433920404,29.304444185546956,0.0697431124174426,0.1317535765082891
13034002_10_49,xgboost_direct,6,lags_only,754,13.642340275623582,22.927284868528456,-1.5978622761697674,15.909857433920404,29.304444185546956,0.14252278297996512,0.21761748070156997
13034002_10_49,persistence,7,lags_only,751,16.2820272185519,29.993735729287337,,,,,
13034002_10_49,sarima,7,lags_only,751,15.21624532409375,26.078881304445297,-9.178500967252516,16.2820272185519,29.993735729287337,0.06545756742402367,0.13052240175002233
13034002_10_49,xgboost_direct,7,lags_only,751,14.232710731214622,23.380279942234935,-0.9923302220773217,16.2820272185519,29.993735729287337,0.12586371830912224,0.22049456749046112
13071015_10_49,persistence,1,lags_only,840,7.509100166561551,12.628320319873,,,,,
13071015_10_49,sarima,1,lags_only,840,7.571493997143244,12.531353514530146,-1.5020930739018357,7.509100166561551,12.628320319873,-0.008309095523793346,0.007678519619925908
13071015_10_49,xgboost_direct,1,lags_only,840,10.75294222057269,15.904645627124259,1.4347401615577,7.509100166561551,12.628320319873,-0.4319881186904592,-0.25944268313303354
13071015_10_49,persistence,2,lags_only,837,10.361447624350646,16.577837320500592,,,,,
13071015_10_49,sarima,2,lags_only,837,9.778718436875794,15.522960973747894,-2.516997229971308,10.361447624350646,16.577837320500592,0.05624013251829489,0.06363172266434354
13071015_10_49,xgboost_direct,2,lags_only,837,11.40521043639764,16.153669930545046,2.1983329037669646,10.361447624350646,16.577837320500592,-0.10073523023887379,0.025586412856821148
13071015_10_49,persistence,3,lags_only,834,11.502206494485232,18.100917739894722,,,,,
13071015_10_49,sarima,3,lags_only,834,10.810178478101284,16.681763300399073,-3.5254041516713976,11.502206494485232,18.100917739894722,0.06016480548456019,0.07840234732230232
13071015_10_49,xgboost_direct,3,lags_only,834,11.564175830030408,16.150981072869076,2.5580534915960262,11.502206494485232,18.100917739894722,-0.005387604158809575,0.10772584545412046
13071015_10_49,persistence,4,lags_only,832,12.257864672989102,18.874413250850964,,,,,
13071015_10_49,sarima,4,lags_only,832,11.36346453389906,17.3477342625098,-4.46994157387605,12.257864672989102,18.874413250850964,0.07296541142772632,0.08088616944276839
13071015_10_49,xgboost_direct,4,lags_only,832,11.741462935421575,16.534094117625152,2.6823648479141435,12.257864672989102,18.874413250850964,0.0421281969856828,0.12399427214619756
13071015_10_49,persistence,5,lags_only,831,12.48835042665413,19.308234787134037,,,,,
13071015_10_49,sarima,5,lags_only,831,11.675834084276023,17.86652738706854,-5.503497972445564,12.48835042665413,19.308234787134037,0.0650619429003159,0.07466800647287405
13071015_10_49,xgboost_direct,5,lags_only,831,12.080413800895156,17.092430230259918,2.724494993130072,12.48835042665413,19.308234787134037,0.032665373073477014,0.11475956146703846
13071015_10_49,persistence,6,lags_only,829,12.57981594357725,19.44789166604243,,,,,
13071015_10_49,sarima,6,lags_only,829,11.93194828006531,18.127907824028643,-6.440761161190526,12.57981594357725,19.44789166604243,0.051500567768061466,0.06787285041897803
13071015_10_49,xgboost_direct,6,lags_only,829,11.991504507086205,16.4972288644913,3.1381045580664995,12.57981594357725,19.44789166604243,0.04676629921532464,0.1517214746060737
13071015_10_49,persistence,7,lags_only,828,12.777992859313127,19.552669291325532,,,,,
13071015_10_49,sarima,7,lags_only,828,12.206090116565829,18.40539112067782,-7.277041638035419,12.777992859313127,19.552669291325532,0.04475685258584816,0.05867629393991226
13071015_10_49,xgboost_direct,7,lags_only,828,11.931788039420814,16.360984930409966,2.8136994455187954,12.777992859313127,19.552669291325532,0.06622361032824992,0.16323522447809952
13071017_10_49,persistence,1,lags_only,819,8.406777372615881,15.650450393866004,,,,,
13071017_10_49,sarima,1,lags_only,819,8.62120194810677,14.837830608300075,-1.9815871734714339,8.406777372615881,15.650450393866004,-0.02550615604373581,0.0519230926340896
13071017_10_49,xgboost_direct,1,lags_only,819,11.483811105386067,17.56502493632188,-0.4782010546821092,8.406777372615881,15.650450393866004,-0.3660182251041014,-0.1223335108110543
13071017_10_49,persistence,2,lags_only,816,11.300521242752701,19.53058749566389,,,,,
13071017_10_49,sarima,2,lags_only,816,10.447577223094475,17.29922917065544,-2.7734391441002924,11.300521242752701,19.53058749566389,0.07547829001297085,0.11424942160617793
13071017_10_49,xgboost_direct,2,lags_only,816,11.634530440973906,17.440843591651483,-0.17331001449116207,11.300521242752701,19.53058749566389,-0.029556972731272283,0.1069985172988967
13071017_10_49,persistence,3,lags_only,814,12.633922615444357,21.281646233558533,,,,,
13071017_10_49,sarima,3,lags_only,814,11.375465609362546,18.5609616143505,-3.7572797184536095,12.633922615444357,21.281646233558533,0.09960936475449106,0.12784183090675796
13071017_10_49,xgboost_direct,3,lags_only,814,11.729843040508996,17.62623313369149,-0.2574231971620989,12.633922615444357,21.281646233558533,0.07155968913646563,0.17176364364627525
13071017_10_49,persistence,4,lags_only,812,13.533507768765586,21.896792127223666,,,,,
13071017_10_49,sarima,4,lags_only,812,11.795451989703178,18.868946596218905,-4.673235052310709,13.533507768765586,21.896792127223666,0.12842611160084622,0.13827804152373196
13071017_10_49,xgboost_direct,4,lags_only,812,12.002741170018936,18.058745736353497,-0.46474443125506265,13.533507768765586,21.896792127223666,0.1131093745170454,0.17527893440146575
13071017_10_49,persistence,5,lags_only,809,13.638944283951542,21.88214161686254,,,,,
13071017_10_49,sarima,5,lags_only,809,11.942927419698272,19.01715626415408,-5.476467436688717,13.638944283951542,21.88214161686254,0.1243510369236505,0.13092801439968196
13071017_10_49,xgboost_direct,5,lags_only,809,12.022913333789178,18.20806272478776,-0.9216507496342873,13.638944283951542,21.88214161686254,0.11848651307006872,0.16790307623470957
13071017_10_49,persistence,6,lags_only,808,13.276221207136242,21.70490014671599,,,,,
13071017_10_49,sarima,6,lags_only,808,11.78659596878906,18.8174829639599,-5.9661344462492085,13.276221207136242,21.70490014671599,0.11220250213565876,0.13303065958554813
13071017_10_49,xgboost_direct,6,lags_only,808,11.388779971777563,17.155452397948984,-1.6426510542117072,13.276221207136242,21.70490014671599,0.142167052349515,0.20960463849244423
13071017_10_49,persistence,7,lags_only,804,13.26622685048626,21.679644489500117,,,,,
13071017_10_49,sarima,7,lags_only,804,11.765374972463427,18.66292790807735,-6.525498849594319,13.26622685048626,21.679644489500117,0.11313328913622653,0.1391497255817005
13071017_10_49,xgboost_direct,7,lags_only,804,11.85211349560897,17.39013739443434,-0.3197119588809609,13.26622685048626,21.679644489500117,0.10659499274471232,0.19785873781939872
14021006_10_49,persistence,1,lags_only,956,7.31523900018205,18.119424024343814,,,,,
14021006_10_49,sarima,1,lags_only,956,8.602723047815376,19.892503639010663,-2.8044646410457164,7.31523900018205,18.119424024343814,-0.17600027116014733,-0.09785518636159073
14021006_10_49,xgboost_direct,1,lags_only,956,9.90233773051485,20.853463168017868,-0.9984253370986685,7.31523900018205,18.119424024343814,-0.3536588114576183,-0.1508899587537008
14021006_10_49,persistence,2,lags_only,954,10.649314517822996,25.6466591906237,,,,,
14021006_10_49,sarima,2,lags_only,954,11.91334348944012,25.950355389139144,-5.333114663595108,10.649314517822996,25.6466591906237,-0.1186958061480492,-0.011841550053679999
14021006_10_49,xgboost_direct,2,lags_only,954,10.474497108679593,20.958543856810795,-0.9565065772353841,10.649314517822996,25.6466591906237,0.016415836798774543,0.18279633612189378
14021006_10_49,persistence,3,lags_only,951,11.971424855302377,26.78117804405783,,,,,
14021006_10_49,sarima,3,lags_only,951,13.494710013555965,26.201430731248237,-7.459316410726235,11.971424855302377,26.78117804405783,-0.12724342980600967,0.02164756575890163
14021006_10_49,xgboost_direct,3,lags_only,951,10.814675122571987,21.64083207698298,-0.5137300986337583,11.971424855302377,26.78117804405783,0.09662590265669527,0.19193875484560258
14021006_10_49,persistence,4,lags_only,949,12.5904006367367,26.89640834210714,,,,,
14021006_10_49,sarima,4,lags_only,949,14.302175935512158,25.409189267074087,-9.246329051551282,12.5904006367367,26.89640834210714,-0.13595876320097255,0.05529433730022483
14021006_10_49,xgboost_direct,4,lags_only,949,10.637399662651317,20.996434617117597,-0.49643071321398113,12.5904006367367,26.89640834210714,0.15511825480651106,0.21935916684284407
14021006_10_49,persistence,5,lags_only,946,12.936202742166985,27.11383493957966,,,,,
14021006_10_49,sarima,5,lags_only,946,15.090587947936985,25.88003183168965,-10.358029042691467,12.936202742166985,27.11383493957966,-0.16653922705984983,0.04550455922739858
14021006_10_49,xgboost_direct,5,lags_only,946,11.224591417145986,24.920695536834927,0.29437172551187785,12.936202742166985,27.11383493957966,0.1323117269522851,0.08088635958845052
14021006_10_49,persistence,6,lags_only,944,12.96730793487632,27.608364993919796,,,,,
14021006_10_49,sarima,6,lags_only,944,15.664102859448384,26.313742898416603,-11.251113062120925,12.96730793487632,27.608364993919796,-0.2079687579037804,0.046892385542871104
14021006_10_49,xgboost_direct,6,lags_only,944,11.192131095212863,23.89301442595104,-0.19368003129608197,12.96730793487632,27.608364993919796,0.1368963279486112,0.13457336458667468
14021006_10_49,persistence,7,lags_only,944,13.059136505796463,28.067171502989204,,,,,
14021006_10_49,sarima,7,lags_only,944,16.27515759747367,26.616194268349606,-12.11562342001127,13.059136505796463,28.067171502989204,-0.24626598322559337,0.05169659630593937
14021006_10_49,xgboost_direct,7,lags_only,944,10.833025827089825,21.37168712382464,-0.8074576158174717,13.059136505796463,28.067171502989204,0.17046384940677742,0.2385521597162537
14021007_10_49,persistence,1,lags_only,899,7.784608674572598,18.242394117668702,,,,,
14021007_10_49,sarima,1,lags_only,899,8.395997771063048,18.065867191428524,-2.633508258442377,7.784608674572598,18.242394117668702,-0.07853819274017865,0.009676741172322513
14021007_10_49,xgboost_direct,1,lags_only,899,11.103735333849354,22.23824899585037,0.8724794245895228,7.784608674572598,18.242394117668702,-0.42637039291624856,-0.21904224042125453
14021007_10_49,persistence,2,lags_only,895,10.897491324843674,24.81383374008646,,,,,
14021007_10_49,sarima,2,lags_only,895,10.908589868137673,22.33799964828034,-4.106397356551202,10.897491324843674,24.81383374008646,-0.0010184493809778684,0.09977636336808512
14021007_10_49,xgboost_direct,2,lags_only,895,11.12458652514408,20.632751349305842,-0.04093175515872746,10.897491324843674,24.81383374008646,-0.02083921826876642,0.16849804163981832
14021007_10_49,persistence,3,lags_only,892,12.417856261792194,26.222595926234312,,,,,
14021007_10_49,sarima,3,lags_only,892,12.342134896043065,23.431305682160815,-5.4032258415988625,12.417856261792194,26.222595926234312,0.006097780820841943,0.10644599230089802
14021007_10_49,xgboost_direct,3,lags_only,892,11.555409416923478,20.80000293029432,0.10472658552710745,12.417856261792194,26.222595926234312,0.06945215234310048,0.20679085362845323
14021007_10_49,persistence,4,lags_only,890,13.206637142510427,26.777175625727146,,,,,
14021007_10_49,sarima,4,lags_only,890,13.199273610616487,23.96284707352484,-6.608614859031754,13.206637142510427,26.777175625727146,0.000557562974925539,0.10510176993791445
14021007_10_49,xgboost_direct,4,lags_only,890,11.552655802872344,20.749236154318957,0.17238504124538512,13.206637142510427,26.777175625727146,0.12523864491696637,0.22511483494983042
14021007_10_49,persistence,5,lags_only,889,13.771879812110695,27.269629685492145,,,,,
14021007_10_49,sarima,5,lags_only,889,13.755973918558084,24.32836049360546,-7.686580140114187,13.771879812110695,27.269629685492145,0.0011549544266734172,0.10785878744262838
14021007_10_49,xgboost_direct,5,lags_only,889,12.98923832487588,24.468993126547307,1.5139995170385476,13.771879812110695,27.269629685492145,0.056828951306021266,0.10270167183219282
14021007_10_49,persistence,6,lags_only,888,14.06215765276313,27.586156027036967,,,,,
14021007_10_49,sarima,6,lags_only,888,14.202242520829428,24.694352966471254,-8.747349726409237,14.06215765276313,27.586156027036967,-0.009961833135811273,0.10482805425052628
14021007_10_49,xgboost_direct,6,lags_only,888,12.612087232812497,23.347572602999243,0.9276945216589623,14.06215765276313,27.586156027036967,0.10311862914335217,0.15364893245305808
14021007_10_49,persistence,7,lags_only,887,14.190787764459074,27.993977575397583,,,,,
14021007_10_49,sarima,7,lags_only,887,14.567199507169114,24.881719435809128,-9.778270071620623,14.190787764459074,27.993977575397583,-0.02652507732183593,0.11117598887853841
14021007_10_49,xgboost_direct,7,lags_only,887,12.074736475566151,21.50033095846373,0.16338948681534807,14.190787764459074,27.993977575397583,0.14911443423828716,0.23196584334770534
14021009_10_49,persistence,1,lags_only,823,8.591472689601527,19.038850269520918,,,,,
14021009_10_49,sarima,1,lags_only,823,9.063475296421256,19.070107301700663,-3.3506737596994416,8.591472689601527,19.038850269520918,-0.05493849819146896,-0.001641749986856308
14021009_10_49,xgboost_direct,1,lags_only,823,10.683655447090656,21.201972300023357,-1.6066691027657625,8.591472689601527,19.038850269520918,-0.24351852506280433,-0.11361621105689124
14021009_10_49,persistence,2,lags_only,817,12.491264536015901,27.12772996878604,,,,,
14021009_10_49,sarima,2,lags_only,817,12.73854212655971,25.008278430295835,-6.260354281006415,12.491264536015901,27.12772996878604,-0.019796041452075232,0.07812859907293777
14021009_10_49,xgboost_direct,2,lags_only,817,11.52155087039573,21.505166439795364,-1.1610155675547185,12.491264536015901,27.12772996878604,0.07763134491501707,0.2072625883352629
14021009_10_49,persistence,3,lags_only,813,14.167734332397412,28.613056268456123,,,,,
14021009_10_49,sarima,3,lags_only,813,14.690892557957174,26.39649322836311,-8.674770086102345,14.167734332397412,28.613056268456123,-0.03692603300468824,0.07746683958877257
14021009_10_49,xgboost_direct,3,lags_only,813,12.239118704532837,22.050870305815224,-0.6743414754945806,14.167734332397412,28.613056268456123,0.13612731454558705,0.22934236388704995
14021009_10_49,persistence,4,lags_only,810,15.075959847564553,29.040952225113063,,,,,
14021009_10_49,sarima,4,lags_only,810,15.965199870772523,27.14779722013517,-10.719249494087189,15.075959847564553,29.040952225113063,-0.05898397396910168,0.06518915049007218
14021009_10_49,xgboost_direct,4,lags_only,810,12.388571582102305,22.629376339474028,-0.8024816973155624,15.075959847564553,29.040952225113063,0.17825652844892542,0.22077705427629357
14021009_10_49,persistence,5,lags_only,810,15.319885800136289,29.380672489364684,,,,,
14021009_10_49,sarima,5,lags_only,810,17.09805334911553,28.012734439215677,-12.521603177215958,15.319885800136289,29.380672489364684,-0.11606924308557336,0.046559112989812544
14021009_10_49,xgboost_direct,5,lags_only,810,12.003820573957727,21.508496859526172,-1.2052792359321998,15.319885800136289,29.380672489364684,0.21645495726535127,0.267937217321629
14021009_10_49,persistence,6,lags_only,812,15.092941269570028,29.418911099903692,,,,,
14021009_10_49,sarima,6,lags_only,812,18.04748629722226,28.855411732437158,-14.149683941472624,15.092941269570028,29.418911099903692,-0.19575674316106326,0.01915432442597709
14021009_10_49,xgboost_direct,6,lags_only,812,12.381596602397675,22.100949075479345,-1.764147443662298,15.092941269570028,29.418911099903692,0.1796432265087317,0.24875026813784087
14021009_10_49,persistence,7,lags_only,811,15.014895683909138,29.69669358232535,,,,,
14021009_10_49,sarima,7,lags_only,811,19.00482982403313,29.3551615764011,-15.410236183089749,15.014895683909138,29.69669358232535,-0.2657317256222995,0.011500674476687222
14021009_10_49,xgboost_direct,7,lags_only,811,12.312589782098456,22.22803711219243,-2.021432172875756,15.014895683909138,29.69669358232535,0.17997500340322944,0.2514979133763921
14026002_10_49,persistence,1,lags_only,387,2.8776743207266464,8.608850595761126,,,,,
14026002_10_49,sarima,1,lags_only,387,3.4173663918841215,9.253534504774214,-0.03839461669952868,2.8776743207266464,8.608850595761126,-0.18754452763132576,-0.07488617694567967
14026002_10_49,xgboost_direct,1,lags_only,387,3.633579907070725,5.966078426463025,-0.7587512013254186,2.8776743207266464,8.608850595761126,-0.2626793382766134,0.30698316109694873
14026002_10_49,persistence,2,lags_only,386,4.717994348474608,16.319858056247394,,,,,
14026002_10_49,sarima,2,lags_only,386,4.796535580094098,16.36006844446589,-1.0175731358448006,4.717994348474608,16.319858056247394,-0.016647165260993326,-0.002463893256908844
14026002_10_49,xgboost_direct,2,lags_only,386,5.4280431474552735,15.880646948137025,-0.2382770689081928,4.717994348474608,16.319858056247394,-0.15049801812718017,0.026912679423840624
14026002_10_49,persistence,3,lags_only,386,5.703917766593623,18.37431115107766,,,,,
14026002_10_49,sarima,3,lags_only,386,5.711910002187537,18.301955105315177,-1.8847032546791076,5.703917766593623,18.37431115107766,-0.0014011835234936936,0.003937891612238158
14026002_10_49,xgboost_direct,3,lags_only,386,4.835203034383694,16.366221733659707,-2.3698431126894794,5.703917766593623,18.37431115107766,0.15230141242529255,0.10928787484368782
14026002_10_49,persistence,4,lags_only,383,6.15227050846758,18.58984944569571,,,,,
14026002_10_49,sarima,4,lags_only,383,6.1666492577875385,18.48639563746984,-2.356663721477845,6.15227050846758,18.58984944569571,-0.002337145172691738,0.0055650697187234165
14026002_10_49,xgboost_direct,4,lags_only,383,5.160927143470851,16.399669163810987,-2.357196704932988,6.15227050846758,18.58984944569571,0.16113455408573288,0.11781592359220723
14026002_10_49,persistence,5,lags_only,381,6.569063067338914,18.954248989717527,,,,,
14026002_10_49,sarima,5,lags_only,381,6.59178654892569,18.702807632685428,-2.7520189006502673,6.569063067338914,18.954248989717527,-0.0034591663002530707,0.013265698744830454
14026002_10_49,xgboost_direct,5,lags_only,381,5.254910404504016,16.587806283748364,-2.6226953293287583,6.569063067338914,18.954248989717527,0.2000517652766657,0.1248502489997326
14026002_10_49,persistence,6,lags_only,382,6.705679041726163,19.059975433696714,,,,,
14026002_10_49,sarima,6,lags_only,382,6.605320312963901,18.487737283828462,-2.987396224484579,6.705679041726163,19.059975433696714,0.014966229092949234,0.03002302662240447
14026002_10_49,xgboost_direct,6,lags_only,382,5.538103506315523,18.542759045948063,-2.4474695803899396,6.705679041726163,19.059975433696714,0.17411742019643167,0.027136256788361214
14026002_10_49,persistence,7,lags_only,380,5.978949362041466,13.993882023883113,,,,,
14026002_10_49,sarima,7,lags_only,380,5.92503023385255,12.952988718908475,-2.4808625626809753,5.978949362041466,13.993882023883113,0.009018161038665446,0.07438202660263704
14026002_10_49,xgboost_direct,7,lags_only,380,4.659905781959314,10.469817116604755,-1.5536648270080784,5.978949362041466,13.993882023883113,0.22061460972664512,0.25182897077908034
14047001_10_49,persistence,1,lags_only,310,5.345489433252583,25.068793182974115,,,,,
14047001_10_49,sarima,1,lags_only,310,6.1039661424141505,23.669069753347358,-0.46198541696519807,5.345489433252583,25.068793182974115,-0.14189097530402478,0.055835293682082884
14047001_10_49,xgboost_direct,1,lags_only,310,6.504853461152115,23.447554651756757,-1.372894905419127,5.345489433252583,25.068793182974115,-0.21688641281142548,0.06467158268785149
14047001_10_49,persistence,2,lags_only,306,7.671330644466835,32.33384570462675,,,,,
14047001_10_49,sarima,2,lags_only,306,7.488878555783088,27.28895560753648,-0.6081280865337664,7.671330644466835,32.33384570462675,0.023783629873305723,0.15602505631949554
14047001_10_49,xgboost_direct,2,lags_only,306,6.828773169370476,23.628860240814742,-1.281626148266089,7.671330644466835,32.33384570462675,0.10983198536802444,0.2692220883136825
14047001_10_49,persistence,3,lags_only,304,8.244714570981555,32.71654520674417,,,,,
14047001_10_49,sarima,3,lags_only,304,7.50251966965272,27.277924179855177,-0.5433399087579955,8.244714570981555,32.71654520674417,0.09002069082428828,0.16623457619137247
14047001_10_49,xgboost_direct,3,lags_only,304,8.166154176409355,26.89005848860546,0.18218127675794074,8.244714570981555,32.71654520674417,0.009528576628802249,0.17808991387445278
14047001_10_49,persistence,4,lags_only,300,8.859613669301714,33.0142593605127,,,,,
14047001_10_49,sarima,4,lags_only,300,7.424774629801013,27.17434067449849,-0.506735972897391,8.859613669301714,33.0142593605127,0.16195277729460975,0.17689079807130706
14047001_10_49,xgboost_direct,4,lags_only,300,9.331493764235756,31.332941841031175,1.761734147649823,8.859613669301714,33.0142593605127,-0.05326192682295972,0.05092701008741992
14047001_10_49,persistence,5,lags_only,298,9.38159167175107,33.24286075060918,,,,,
14047001_10_49,sarima,5,lags_only,298,7.491222557751371,27.07540471566586,-0.7813679967344982,9.38159167175107,33.24286075060918,0.20149769678121815,0.18552723489148873
14047001_10_49,xgboost_direct,5,lags_only,298,8.047147664542123,25.369304248276073,0.24602890652497272,9.38159167175107,33.24286075060918,0.14224068302046156,0.23684954677641046
14047001_10_49,persistence,6,lags_only,295,9.754253399879413,33.7660662987783,,,,,
14047001_10_49,sarima,6,lags_only,295,7.614757714047797,26.908113216553552,-1.1804745511633354,9.754253399879413,33.7660662987783,0.21933976882926437,0.20310192551131953
14047001_10_49,xgboost_direct,6,lags_only,295,7.259286065601046,23.991282034118083,-0.5608555363376344,9.754253399879413,33.7660662987783,0.2557825014377022,0.2894854312660602
14047001_10_49,persistence,7,lags_only,295,8.640040413344947,26.887331440064887,,,,,
14047001_10_49,sarima,7,lags_only,295,6.401681509727645,16.685315689838013,-0.16259902472987917,8.640040413344947,26.887331440064887,0.2590681057648818,0.3794357864397365
14047001_10_49,xgboost_direct,7,lags_only,295,5.80033306452159,12.37772442969419,-0.0852318055045623,8.640040413344947,26.887331440064887,0.3286682947034942,0.539644740970831
15005011_10_47,persistence,1,lags_only,1095,5.6487369999031545,9.400027559770628,,,,,
15005011_10_47,sarima,1,lags_only,1095,5.4408535846459,8.624483795896737,-0.7087998844088836,5.6487369999031545,9.400027559770628,0.036801751481936276,0.08250441383735851
15005011_10_47,xgboost_direct,1,lags_only,1095,6.4182736902853215,9.529497649674129,0.612552282424916,5.6487369999031545,9.400027559770628,-0.13623163733687024,-0.013773373437498761
15005011_10_47,persistence,2,lags_only,1094,7.002594115082998,11.075888410249773,,,,,
15005011_10_47,sarima,2,lags_only,1094,6.096439350760336,9.51547146122261,-0.9415257991668373,7.002594115082998,11.075888410249773,0.12940272553722354,0.14088413418675583
15005011_10_47,xgboost_direct,2,lags_only,1094,6.48376859566789,9.550758736837906,0.7619594210129328,7.002594115082998,11.075888410249773,0.07409047431402621,0.1376981797686307
15005011_10_47,persistence,3,lags_only,1093,7.402643805091674,12.002247586883303,,,,,
15005011_10_47,sarima,3,lags_only,1093,6.383648401046473,9.91567654249229,-1.1740489512648515,7.402643805091674,12.002247586883303,0.13765290224342777,0.17384835875834864
15005011_10_47,xgboost_direct,3,lags_only,1093,6.6836780410418735,9.690898436242264,0.8085566335962903,7.402643805091674,12.002247586883303,0.0971228365135281,0.1925763598783785
15005011_10_47,persistence,4,lags_only,1092,7.702730862745369,12.135692907258967,,,,,
15005011_10_47,sarima,4,lags_only,1092,6.5421780130475735,10.038656575291233,-1.4044102166122654,7.702730862745369,12.135692907258967,0.1506677138767584,0.17279906042393275
15005011_10_47,xgboost_direct,4,lags_only,1092,6.6223257039006445,9.721239204419609,0.6493642705658045,7.702730862745369,12.135692907258967,0.14026261310390015,0.19895474624239645
15005011_10_47,persistence,5,lags_only,1091,7.976959775595142,12.309496828125466,,,,,
15005011_10_47,sarima,5,lags_only,1091,6.6364053901718565,10.165377456990417,-1.6317058923434462,7.976959775595142,12.309496828125466,0.1680532963854979,0.17418416049598703
15005011_10_47,xgboost_direct,5,lags_only,1091,6.758791763216071,9.924612556062659,0.8169861869233115,7.976959775595142,12.309496828125466,0.1527108129723753,0.19374344096776425
15005011_10_47,persistence,6,lags_only,1090,8.12228098719348,12.679550901873847,,,,,
15005011_10_47,sarima,6,lags_only,1090,6.735062703182526,10.271606024511835,-1.8543957717017998,8.12228098719348,12.679550901873847,0.170791713091212,0.18990774168556354
15005011_10_47,xgboost_direct,6,lags_only,1090,6.6086707529374955,9.792638665734579,0.6723630409288062,8.12228098719348,12.679550901873847,0.18635285292918535,0.2276825305944098
15005011_10_47,persistence,7,lags_only,1089,8.048094591464015,12.470475330916337,,,,,
15005011_10_47,sarima,7,lags_only,1089,6.731922047390884,10.268011681246636,-2.0822987305065976,8.048094591464015,12.470475330916337,0.16353840391849916,0.1766142501568834
15005011_10_47,xgboost_direct,7,lags_only,1089,6.83340226081445,9.993312341725202,0.9280655352030048,8.048094591464015,12.470475330916337,0.15092918166467553,0.19864222681631424
15005014_10_49,persistence,1,lags_only,686,7.853721782898652,10.884115891090305,,,,,
15005014_10_49,sarima,1,lags_only,686,7.616553422480013,10.344028652478276,-1.569510518998707,7.853721782898652,10.884115891090305,0.030198212640415743,0.04962159940378279
15005014_10_49,xgboost_direct,1,lags_only,686,9.638841187406786,12.590016317832719,2.0921554906934214,7.853721782898652,10.884115891090305,-0.22729598193753212,-0.15673302671637823
15005014_10_49,persistence,2,lags_only,685,9.918477549479904,13.533873268306673,,,,,
15005014_10_49,sarima,2,lags_only,685,8.973864245071344,12.140613787323666,-2.24967825616242,9.918477549479904,13.533873268306673,0.0952377317684299,0.10294610074750081
15005014_10_49,xgboost_direct,2,lags_only,685,10.404330700488286,13.583962531186222,2.73419446248855,9.918477549479904,13.533873268306673,-0.0489846499711902,-0.0037010294013057597
15005014_10_49,persistence,3,lags_only,685,10.85427897494426,14.768998050058837,,,,,
15005014_10_49,sarima,3,lags_only,685,9.469275022833141,12.957329543895176,-2.9468756377413645,10.85427897494426,14.768998050058837,0.12759981158658498,0.12266698797190537
15005014_10_49,xgboost_direct,3,lags_only,685,10.365047149726088,13.619378182016378,3.33823288615459,10.85427897494426,14.768998050058837,0.045072715225718964,0.07784007176017461
15005014_10_49,persistence,4,lags_only,684,11.203183412054702,15.181860029897793,,,,,
15005014_10_49,sarima,4,lags_only,684,9.539065453705279,13.104690383033244,-3.4930159427933836,11.203183412054702,15.181860029897793,0.1485397406382566,0.13681918044126065
15005014_10_49,xgboost_direct,4,lags_only,684,10.50762386382306,13.435185732172242,3.9672511095707796,11.203183412054702,15.181860029897793,0.0620858842213737,0.11505008571320034
15005014_10_49,persistence,5,lags_only,683,11.189140493987532,15.120900014216206,,,,,
15005014_10_49,sarima,5,lags_only,683,9.50151785029261,13.105282654556964,-4.12849501894822,11.189140493987532,15.120900014216206,0.1508268346976038,0.13330009177788493
15005014_10_49,xgboost_direct,5,lags_only,683,10.773478227345583,14.047895283215079,4.1873984528620785,11.189140493987532,15.120900014216206,0.03714872173294313,0.0709616973852298
15005014_10_49,persistence,6,lags_only,680,11.10650315798603,15.120432930011173,,,,,
15005014_10_49,sarima,6,lags_only,680,9.53150365946796,13.231976316610737,-4.73843360949834,11.10650315798603,15.120432930011173,0.1418087651994751,0.12489434807466458
15005014_10_49,xgboost_direct,6,lags_only,680,10.521974062087805,13.91297309615403,3.471702603690907,11.10650315798603,15.120432930011173,0.052629444892195794,0.07985616810353136
15005014_10_49,persistence,7,lags_only,678,10.886158731069475,14.614348411763814,,,,,
15005014_10_49,sarima,7,lags_only,678,9.5702250399212,13.3379442982199,-5.38406489979296,10.886158731069475,14.614348411763814,0.12088136170498372,0.08733910521227702
15005014_10_49,xgboost_direct,7,lags_only,678,10.26690289559615,13.420795246034775,3.5890582520604335,10.886158731069475,14.614348411763814,0.05688469650051559,0.08166995421898447
15023004_10_47,persistence,1,lags_only,1066,3.6505372204491753,5.4556473509320815,,,,,
15023004_10_47,sarima,1,lags_only,1066,3.657439681195619,5.376891972682701,-0.6451028056753536,3.6505372204491753,5.4556473509320815,-0.0018908068400942224,0.014435569820312024
15023004_10_47,xgboost_direct,1,lags_only,1066,4.436553924339272,6.37150186903236,0.17112095971467733,3.6505372204491753,5.4556473509320815,-0.2153153512548989,-0.1678727489495463
15023004_10_47,persistence,2,lags_only,1065,4.855024522699612,7.120797991769679,,,,,
15023004_10_47,sarima,2,lags_only,1065,4.523776299039878,6.477465433283771,-1.006213811461918,4.855024522699612,7.120797991769679,0.06822791977898084,0.0903455707112435
15023004_10_47,xgboost_direct,2,lags_only,1065,4.563329132709246,6.534869204218299,0.24034372649162195,4.855024522699612,7.120797991769679,0.06008113627985761,0.08228414683699853
15023004_10_47,persistence,3,lags_only,1064,5.217837486195577,7.631003877158973,,,,,
15023004_10_47,sarima,3,lags_only,1064,4.733017096743809,6.853225186631986,-1.3386429597275697,5.217837486195577,7.631003877158973,0.09291596197359919,0.10192350876075741
15023004_10_47,xgboost_direct,3,lags_only,1064,4.583760898501059,6.603472748347673,0.26271256634463985,5.217837486195577,7.631003877158973,0.12152095372307874,0.13465215656447163
15023004_10_47,persistence,4,lags_only,1063,5.44386383191689,7.910633628372592,,,,,
15023004_10_47,sarima,4,lags_only,1063,4.891202052210046,7.101520243837854,-1.7001323622552655,5.44386383191689,7.910633628372592,0.10152013290020914,0.10228174158296753
15023004_10_47,xgboost_direct,4,lags_only,1063,4.693514484706378,6.6517054667816335,0.2828035665390674,5.44386383191689,7.910633628372592,0.13783396689889285,0.15914378300565415
15023004_10_47,persistence,5,lags_only,1062,5.557002460669525,8.13133913005799,,,,,
15023004_10_47,sarima,5,lags_only,1062,5.076669134422085,7.288961577205903,-2.037148445461216,5.557002460669525,8.13133913005799,0.08643748669306302,0.10359641128952386
15023004_10_47,xgboost_direct,5,lags_only,1062,4.668423678349383,6.553633123932913,0.21297220773402542,5.557002460669525,8.13133913005799,0.15990253533432555,0.1940278201278053
15023004_10_47,persistence,6,lags_only,1061,5.790961346169588,8.402579035913993,,,,,
15023004_10_47,sarima,6,lags_only,1061,5.218556922524298,7.429079121035814,-2.3737517342019867,5.790961346169588,8.402579035913993,0.09884445594234627,0.11585727557185496
15023004_10_47,xgboost_direct,6,lags_only,1061,4.539547791671952,6.328777848513488,0.1397520186961495,5.790961346169588,8.402579035913993,0.21609772189644813,0.24680531757413302
15023004_10_47,persistence,7,lags_only,1060,5.757696515920335,8.327726205633287,,,,,
15023004_10_47,sarima,7,lags_only,1060,5.276144904917733,7.459163687343961,-2.6668510131264154,5.757696515920335,8.327726205633287,0.08363615721514434,0.10429767944361418
15023004_10_47,xgboost_direct,7,lags_only,1060,4.693964758705302,6.529761317621903,0.19907830541341107,5.757696515920335,8.327726205633287,0.18474953556057672,0.2159010567368499
15030021_10_47,persistence,1,lags_only,1028,4.94138258262349,7.3667749019961235,,,,,
15030021_10_47,sarima,1,lags_only,1028,4.810848258008782,7.193909395604108,-0.8166381881560945,4.94138258262349,7.3667749019961235,0.026416559016040387,0.023465561075468058
15030021_10_47,xgboost_direct,1,lags_only,1028,6.451011529226146,8.96504667773251,1.5223681111148333,4.94138258262349,7.3667749019961235,-0.3055074002792879,-0.21695678190239168
15030021_10_47,persistence,2,lags_only,1026,6.235648129803354,9.340781858422769,,,,,
15030021_10_47,sarima,2,lags_only,1026,5.8422751565729065,8.531068532168659,-1.3115538654904892,6.235648129803354,9.340781858422769,0.06308453668999006,0.08668581908097722
15030021_10_47,xgboost_direct,2,lags_only,1026,6.714175107631502,9.120541151091711,1.9688258555981015,6.235648129803354,9.340781858422769,-0.07674053568562063,0.02357840175150464
15030021_10_47,persistence,3,lags_only,1025,6.800391953009874,10.289690946671032,,,,,
15030021_10_47,sarima,3,lags_only,1025,6.206443243646507,9.182060695478874,-1.7454536964875944,6.800391953009874,10.289690946671032,0.0873403641242302,0.10764465686411144
15030021_10_47,xgboost_direct,3,lags_only,1025,7.006992543143715,9.471615515152013,2.2062545578705337,6.800391953009874,10.289690946671032,-0.03038068857816338,0.07950437343151552
15030021_10_47,persistence,4,lags_only,1024,7.12593657683321,10.744334757032966,,,,,
15030021_10_47,sarima,4,lags_only,1024,6.485625859451986,9.609937177258063,-2.2139047889193977,7.12593657683321,10.744334757032966,0.08985635929779498,0.10558099737467282
15030021_10_47,xgboost_direct,4,lags_only,1024,7.033481196254924,9.628038163036786,2.068276911404754,7.12593657683321,10.744334757032966,0.012974488276932292,0.10389629690805019
15030021_10_47,persistence,5,lags_only,1023,7.428228339937508,11.16365381188456,,,,,
15030021_10_47,sarima,5,lags_only,1023,6.760268028698567,9.984368927763928,-2.691299618818526,7.428228339937508,11.16365381188456,0.0899218872483611,0.10563610301720332
15030021_10_47,xgboost_direct,5,lags_only,1023,7.278872385074142,10.109515744947084,2.0999633505559525,7.428228339937508,11.16365381188456,0.02010653792915345,0.09442590075798174
15030021_10_47,persistence,6,lags_only,1022,7.386615296803653,11.199109492910706,,,,,
15030021_10_47,sarima,6,lags_only,1022,6.917741679213884,9.97687154568888,-3.0701207706754565,7.386615296803653,11.199109492910706,0.06347611168983724,0.10913706558503877
15030021_10_47,xgboost_direct,6,lags_only,1022,7.341471444828686,10.085901446825995,2.392370965714551,7.386615296803653,11.199109492910706,0.006111574809439612,0.09940147891128287
15030021_10_47,persistence,7,lags_only,1021,7.439780725598125,11.01946197059126,,,,,
15030021_10_47,sarima,7,lags_only,1021,7.125112987715972,9.987146787903429,-3.491397804712348,7.439780725598125,11.01946197059126,0.042295297333088504,0.09368108764682653
15030021_10_47,xgboost_direct,7,lags_only,1021,7.282463898221134,9.879977682688548,2.521582817173115,7.439780725598125,11.01946197059126,0.021145358066227686,0.10340652664746866
15030027_10_49,persistence,1,lags_only,986,9.437491129013315,14.710501945954118,,,,,
15030027_10_49,sarima,1,lags_only,986,9.15371332663799,14.170514111559688,-2.094462053181858,9.437491129013315,14.710501945954118,0.03006919937682577,0.03670764168199875
15030027_10_49,xgboost_direct,1,lags_only,986,11.894800060960728,17.12945381843878,3.0878864064853784,9.437491129013315,14.710501945954118,-0.26037735011935564,-0.16443707232912982
15030027_10_49,persistence,2,lags_only,984,11.676417394566814,17.94060765152179,,,,,
15030027_10_49,sarima,2,lags_only,984,10.617509653725547,16.141415227659667,-2.9708444368220266,11.676417394566814,17.94060765152179,0.09068772595727782,0.10028603594759007
15030027_10_49,xgboost_direct,2,lags_only,984,12.608695024014425,18.063537730350145,3.475070309406751,11.676417394566814,17.94060765152179,-0.07984278036184388,-0.00685205770150859
15030027_10_49,persistence,3,lags_only,981,12.57295877042875,19.06863004729819,,,,,
15030027_10_49,sarima,3,lags_only,981,11.163932083310497,17.108494450654845,-3.91908085217994,12.57295877042875,19.06863004729819,0.11206802733118353,0.10279372937549193
15030027_10_49,xgboost_direct,3,lags_only,981,12.659124128750223,18.137716914057677,3.1942700963070174,12.57295877042875,19.06863004729819,-0.00685322841622067,0.04881908825812121
15030027_10_49,persistence,4,lags_only,980,13.275123653887144,20.404310198876356,,,,,
15030027_10_49,sarima,4,lags_only,980,11.677826818501723,17.917951880639126,-4.705516011374861,13.275123653887144,20.404310198876356,0.12032255796861901,0.12185456376634338
15030027_10_49,xgboost_direct,4,lags_only,980,12.502963483385619,17.92692090821062,3.2136085945134534,13.275123653887144,20.404310198876356,0.05816594938273331,0.12141499842529176
15030027_10_49,persistence,5,lags_only,978,13.72527922161993,21.234007804138898,,,,,
15030027_10_49,sarima,5,lags_only,978,11.932072173440474,18.363503604421197,-5.5118484255649465,13.72527922161993,21.234007804138898,0.1306499503015438,0.13518428674393662
15030027_10_49,xgboost_direct,5,lags_only,978,12.058198312668303,17.424240303902625,2.5444455081344173,13.72527922161993,21.234007804138898,0.12146061890862352,0.17941820194177752
15030027_10_49,persistence,6,lags_only,977,13.769168401119932,21.35542461750631,,,,,
15030027_10_49,sarima,6,lags_only,977,12.247978492866936,18.597663802757392,-6.340292010033182,13.769168401119932,21.35542461750631,0.11047797978338823,0.1291363138004859
15030027_10_49,xgboost_direct,6,lags_only,977,12.570970399754959,18.504668904647737,2.584354143692626,13.769168401119932,21.35542461750631,0.08702036074070506,0.1334909403075806
15030027_10_49,persistence,7,lags_only,976,13.525107573813555,21.188062349730963,,,,,
15030027_10_49,sarima,7,lags_only,976,12.389823074741356,18.641765579192196,-6.904341849906023,13.525107573813555,21.188062349730963,0.08393903655674163,0.12017600894831701
15030027_10_49,xgboost_direct,7,lags_only,976,12.43426148531295,18.26872842629571,2.9627497449066165,13.525107573813555,21.188062349730963,0.08065341310945513,0.13778201495014583
15030028_10_49,persistence,1,lags_only,1036,4.647098072278688,6.589548795479641,,,,,
15030028_10_49,sarima,1,lags_only,1036,4.564091611603844,6.373723395842042,-0.504310008720615,4.647098072278688,6.589548795479641,0.01786199890421968,0.03275268251836196
15030028_10_49,xgboost_direct,1,lags_only,1036,5.538971578655258,7.515832578247365,0.8916709152838433,4.647098072278688,6.589548795479641,-0.1919205259938152,-0.14056862032847298
15030028_10_49,persistence,2,lags_only,1034,5.887344213020299,8.17750378923785,,,,,
15030028_10_49,sarima,2,lags_only,1034,5.209705236917047,7.170243308464584,-0.6729043829596687,5.887344213020299,8.17750378923785,0.11510096090604022,0.12317456606976927
15030028_10_49,xgboost_direct,2,lags_only,1034,5.744287080474,7.676147658009426,1.200278217616865,5.887344213020299,8.17750378923785,0.024299094357336466,0.06130918971731236
15030028_10_49,persistence,3,lags_only,1033,6.180159149405629,8.661371620009401,,,,,
15030028_10_49,sarima,3,lags_only,1033,5.397327143119299,7.575483932464276,-0.8777516987558325,6.180159149405629,8.661371620009401,0.12666858366610476,0.12537133091443856
15030028_10_49,xgboost_direct,3,lags_only,1033,5.877924568769539,7.881875722731556,1.2469303044510902,6.180159149405629,8.661371620009401,0.048904012555268404,0.08999681938101609
15030028_10_49,persistence,4,lags_only,1033,6.452275790894946,9.048894248222867,,,,,
15030028_10_49,sarima,4,lags_only,1033,5.5714438078989685,7.86555969653323,-1.129303055632523,6.452275790894946,9.048894248222867,0.13651493078441462,0.13077117703326396
15030028_10_49,xgboost_direct,4,lags_only,1033,5.7808923613385765,7.906081261693245,1.0865204590370756,6.452275790894946,9.048894248222867,0.10405374031032347,0.12629310887947015
15030028_10_49,persistence,5,lags_only,1032,6.713222074998857,9.442654434468087,,,,,
15030028_10_49,sarima,5,lags_only,1032,5.68820513580764,8.059632907357466,-1.3621374939495041,6.713222074998857,9.442654434468087,0.15268628502676068,0.14646533310191268
15030028_10_49,xgboost_direct,5,lags_only,1032,5.803885793232603,7.8588048510299755,0.9730692823593747,6.713222074998857,9.442654434468087,0.13545452118331844,0.16773351121022267
15030028_10_49,persistence,6,lags_only,1032,6.807523511015092,9.654504450827368,,,,,
15030028_10_49,sarima,6,lags_only,1032,5.778534869221444,8.166186279923135,-1.5546632451701932,6.807523511015092,9.654504450827368,0.15115462181344896,0.15415790406277013
15030028_10_49,xgboost_direct,6,lags_only,1032,5.895139769476199,8.06941719459809,1.1804005755408207,6.807523511015092,9.654504450827368,0.13402579367703793,0.16418110989564455
15030028_10_49,persistence,7,lags_only,1032,6.819976308795308,9.633081466324429,,,,,
15030028_10_49,sarima,7,lags_only,1032,5.778823304033237,8.186860652161629,-1.7185769114998926,6.819976308795308,9.633081466324429,0.15266226121920096,0.15013065333440137
15030028_10_49,xgboost_direct,7,lags_only,1032,5.86870499287717,7.888370235037726,1.3148482741739858,6.819976308795308,9.633081466324429,0.1394830821760101,0.18111662788131797
15032001_10_46,persistence,1,lags_only,1007,3.7273568721207844,6.2418839500440155,,,,,
15032001_10_46,sarima,1,lags_only,1007,3.700203684327438,6.026892788715297,-1.337725168765903,3.7273568721207844,6.2418839500440155,0.0072848371446377885,0.03444331279616352
15032001_10_46,xgboost_direct,1,lags_only,1007,4.4589953783823,7.135136880164856,-0.6065204967763772,3.7273568721207844,6.2418839500440155,-0.19628882646947346,-0.1431063020828097
15032001_10_46,persistence,2,lags_only,1006,4.873850097372777,7.853941167187057,,,,,
15032001_10_46,sarima,2,lags_only,1006,4.657321141953662,7.323949924899088,-2.236438827678461,4.873850097372777,7.853941167187057,0.044426675234807575,0.06748092849259134
15032001_10_46,xgboost_direct,2,lags_only,1006,4.548906370001545,7.254609760930085,-0.6247056133551265,4.873850097372777,7.853941167187057,0.06667084971414938,0.07630963786193308
15032001_10_46,persistence,3,lags_only,1005,5.262800259071469,8.573638881927161,,,,,
15032001_10_46,sarima,3,lags_only,1005,5.044317850049388,7.952921132221237,-3.0202581292180612,5.262800259071469,8.573638881927161,0.041514478655252714,0.07239840145522908
15032001_10_46,xgboost_direct,3,lags_only,1005,4.786352958852773,7.702109820642036,-0.5411254710987728,5.262800259071469,8.573638881927161,0.09053113870271727,0.10165217748117064
15032001_10_46,persistence,4,lags_only,1004,5.465697136875409,8.93853023175629,,,,,
15032001_10_46,sarima,4,lags_only,1004,5.407886747502303,8.363113101237284,-3.7039566758109896,5.465697136875409,8.93853023175629,0.010576947080195291,0.06437491574114707
15032001_10_46,xgboost_direct,4,lags_only,1004,4.909377954708823,7.921913358955177,-0.5044103346534586,5.465697136875409,8.93853023175629,0.1017837557103683,0.11373423218834532
15032001_10_46,persistence,5,lags_only,1004,5.697425903301807,9.233824894013416,,,,,
15032001_10_46,sarima,5,lags_only,1004,5.774598050011966,8.756892325510961,-4.381067472716664,5.697425903301807,9.233824894013416,-0.013545090014323193,0.05165059701442531
15032001_10_46,xgboost_direct,5,lags_only,1004,5.03714505123927,8.152006424487576,-0.6316170027881918,5.697425903301807,9.233824894013416,0.1158910819147093,0.11715821795875922
15032001_10_46,persistence,6,lags_only,1003,5.823251433381675,9.486390274845386,,,,,
15032001_10_46,sarima,6,lags_only,1003,6.1013157849688,9.085788095235317,-4.9587187643578785,5.823251433381675,9.486390274845386,-0.04775070332583029,0.042229148074618666
15032001_10_46,xgboost_direct,6,lags_only,1003,4.897622135326048,7.8620413931479005,-0.8165358250787051,5.823251433381675,9.486390274845386,0.15895403257868537,0.17122939649707378
15032001_10_46,persistence,7,lags_only,1002,5.852329975542458,9.51514122512829,,,,,
15032001_10_46,sarima,7,lags_only,1002,6.390678589377422,9.315469681228587,-5.465187680589553,5.852329975542458,9.51514122512829,-0.09198876619821224,0.020984611702072813
15032001_10_46,xgboost_direct,7,lags_only,1002,4.85764010454722,7.744151744625026,-0.6459975227758983,5.852329975542458,9.51514122512829,0.16996476192425208,0.18612329954980625
15034008_10_47,persistence,1,lags_only,1006,4.011128237008715,5.960945523084849,,,,,
15034008_10_47,sarima,1,lags_only,1006,3.8391720196121586,5.690830209188465,-0.6907382167385262,4.011128237008715,5.960945523084849,0.042869788058631675,0.045314172533587715
15034008_10_47,xgboost_direct,1,lags_only,1006,4.495218948994856,6.629796149745322,-0.16967345581400228,4.011128237008715,5.960945523084849,-0.12068691983459254,-0.11220545869279072
15034008_10_47,persistence,2,lags_only,1006,5.105268013756971,7.519432493961374,,,,,
15034008_10_47,sarima,2,lags_only,1006,4.696270494785529,6.818198516589594,-1.019282940365496,5.105268013756971,7.519432493961374,0.0801128398880004,0.09325623681506812
15034008_10_47,xgboost_direct,2,lags_only,1006,4.63784052408091,6.6455402348469175,-0.19567434547774917,5.105268013756971,7.519432493961374,0.09155787481019649,0.11621784753254355
15034008_10_47,persistence,3,lags_only,1006,5.496119802142038,8.172954765543897,,,,,
15034008_10_47,sarima,3,lags_only,1006,4.916259632726964,7.274140174665493,-1.3094517535757204,5.496119802142038,8.172954765543897,0.10550355346859094,0.10997425247814765
15034008_10_47,xgboost_direct,3,lags_only,1006,4.5916035245389715,6.672595005016921,-0.45727406033121204,5.496119802142038,8.172954765543897,0.16457361014047472,0.1835761733140009
15034008_10_47,persistence,4,lags_only,1006,5.616316006807514,8.42321594996533,,,,,
15034008_10_47,sarima,4,lags_only,1006,5.035801539206071,7.576951869590654,-1.7002924992096895,5.616316006807514,8.42321594996533,0.10336214466881914,0.10046804989941634
15034008_10_47,xgboost_direct,4,lags_only,1006,4.6419501118680495,7.040227226870066,-0.5061383112337666,5.616316006807514,8.42321594996533,0.1734884386417074,0.1641877320147487
15034008_10_47,persistence,5,lags_only,1004,5.82606447726879,8.647892652940682,,,,,
15034008_10_47,sarima,5,lags_only,1004,5.2117200382165905,7.8242760998586425,-2.0110006849041997,5.82606447726879,8.647892652940682,0.10544758669409704,0.09523898898097118
15034008_10_47,xgboost_direct,5,lags_only,1004,4.835037350918143,7.07928055819292,-0.3543256435075472,5.82606447726879,8.647892652940682,0.17010232726007046,0.18138662882388593
15034008_10_47,persistence,6,lags_only,1001,6.1008316926188195,9.127544740070537,,,,,
15034008_10_47,sarima,6,lags_only,1001,5.43021241674157,8.085358341874022,-2.308343937333072,6.1008316926188195,9.127544740070537,0.10992259902672089,0.11418036590072754
15034008_10_47,xgboost_direct,6,lags_only,1001,4.7414281650095935,6.965524594322502,-0.3895467050100721,6.1008316926188195,9.127544740070537,0.2228226569918197,0.23686765798655807
15034008_10_47,persistence,7,lags_only,1001,6.067040949514128,9.13429213234237,,,,,
15034008_10_47,sarima,7,lags_only,1001,5.504883685292245,8.112255430271874,-2.612432118538276,6.067040949514128,9.13429213234237,0.09265756880492182,0.11189008269745451
15034008_10_47,xgboost_direct,7,lags_only,1001,4.6402239824494504,6.865168940106439,-0.6490292012507289,6.067040949514128,9.13429213234237,0.23517510083378335,0.2484180667050819
15036003_10_49,persistence,1,lags_only,934,4.390515798410113,6.022499754907898,,,,,
15036003_10_49,sarima,1,lags_only,934,4.338807253406715,6.058056310597989,-1.012066481417383,4.390515798410113,6.022499754907898,0.011777328081161269,-0.005903953032312699
15036003_10_49,xgboost_direct,1,lags_only,934,5.168602784134326,7.158687327762561,0.5094991663967594,4.390515798410113,6.022499754907898,-0.17721994896498794,-0.18865713891125574
15036003_10_49,persistence,2,lags_only,930,5.76652627522381,7.831692178941491,,,,,
15036003_10_49,sarima,2,lags_only,930,5.276811370317075,7.2921785680951094,-1.549393833403377,5.76652627522381,7.831692178941491,0.08492372730716949,0.06888851074829921
15036003_10_49,xgboost_direct,2,lags_only,930,5.5491716960883375,7.559193230768558,0.8303235112880227,5.76652627522381,7.831692178941491,0.03769246315053621,0.03479438950698951
15036003_10_49,persistence,3,lags_only,927,6.154382233705992,8.582631871504349,,,,,
15036003_10_49,sarima,3,lags_only,927,5.5436313968660675,7.788750495172664,-2.037065619022691,6.154382233705992,8.582631871504349,0.09923836603696748,0.0924985934637943
15036003_10_49,xgboost_direct,3,lags_only,927,5.772433550046479,7.866863792797982,1.2902087126891464,6.154382233705992,8.582631871504349,0.06206125475399907,0.083397271305883
15036003_10_49,persistence,4,lags_only,926,6.399034180748557,8.987559558380779,,,,,
15036003_10_49,sarima,4,lags_only,926,5.805792190104143,8.106942013680625,-2.565699376237388,6.399034180748557,8.987559558380779,0.09270805154146187,0.09798183132805949
15036003_10_49,xgboost_direct,4,lags_only,926,5.731666865308673,7.772025902033114,1.0327792152703723,6.399034180748557,8.987559558380779,0.10429188164796069,0.13524624214747996
15036003_10_49,persistence,5,lags_only,926,6.540622274367356,9.179596971001319,,,,,
15036003_10_49,sarima,5,lags_only,926,5.927091470776199,8.318763060008791,-3.0666883870557107,6.540622274367356,9.179596971001319,0.09380312420663385,0.09377687426930974
15036003_10_49,xgboost_direct,5,lags_only,926,5.944246609604994,8.096593259478478,1.1676063602263123,6.540622274367356,9.179596971001319,0.09118026385647644,0.11797944015887502
15036003_10_49,persistence,6,lags_only,926,6.720162353120699,9.404068846962677,,,,,
15036003_10_49,sarima,6,lags_only,926,6.223847325649151,8.541728069874797,-3.520344838798672,6.720162353120699,9.404068846962677,0.07385461859281862,0.09169868820839168
15036003_10_49,xgboost_direct,6,lags_only,926,6.023895239038602,8.42171684940896,1.1206612308692447,6.720162353120699,9.404068846962677,0.10360867453727005,0.1044603153741263
15036003_10_49,persistence,7,lags_only,926,6.648366430673658,9.358819603935574,,,,,
15036003_10_49,sarima,7,lags_only,926,6.471703664594907,8.709002644463474,-3.99466480177629,6.648366430673658,9.358819603935574,0.026572356972335277,0.06943364515743398
15036003_10_49,xgboost_direct,7,lags_only,926,5.977311209543334,8.24481204480051,0.9596079705068398,6.648366430673658,9.358819603935574,0.10093535429008053,0.11903291293985425
15036004_10_47,persistence,1,lags_only,1015,3.809159719321735,5.403480394277144,,,,,
15036004_10_47,sarima,1,lags_only,1015,3.8019241753182933,5.480524199429068,-0.7878406456354847,3.809159719321735,5.403480394277144,0.0018995118442368386,-0.014258181677409446
15036004_10_47,xgboost_direct,1,lags_only,1015,4.455066447669091,6.574259308350518,-0.5844854508402673,3.809159719321735,5.403480394277144,-0.1695667223065057,-0.21667126160267966
15036004_10_47,persistence,2,lags_only,1013,4.931688093134457,6.980081088228442,,,,,
15036004_10_47,sarima,2,lags_only,1013,4.564387763787719,6.523976237505391,-1.2780189669262627,4.931688093134457,6.980081088228442,0.07447760734464673,0.06534377537422152
15036004_10_47,xgboost_direct,2,lags_only,1013,4.587384836195031,6.693102155632565,-0.4091086693325718,4.931688093134457,6.980081088228442,0.0698144834866464,0.041113982626914194
15036004_10_47,persistence,3,lags_only,1012,5.313386864363842,7.71229128233015,,,,,
15036004_10_47,sarima,3,lags_only,1012,4.78279208471198,6.986861517163944,-1.7905924337156112,5.313386864363842,7.71229128233015,0.09985999386012874,0.09406151020621574
15036004_10_47,xgboost_direct,3,lags_only,1012,4.760597359483016,7.20567479484634,-0.2764138180440726,5.313386864363842,7.71229128233015,0.10403712716427807,0.06568949083193128
15036004_10_47,persistence,4,lags_only,1011,5.434926963588546,7.954673204702879,,,,,
15036004_10_47,sarima,4,lags_only,1011,4.948622429408809,7.196714328616853,-2.224891565728502,5.434926963588546,7.954673204702879,0.08947765764613731,0.09528472843333322
15036004_10_47,xgboost_direct,4,lags_only,1011,4.6731651613824,6.81888547402186,-0.38459788470459183,5.434926963588546,7.954673204702879,0.14016044876216216,0.14278245019663796
15036004_10_47,persistence,5,lags_only,1010,5.596900853087924,8.155542560653325,,,,,
15036004_10_47,sarima,5,lags_only,1010,5.163668530925304,7.409565326511714,-2.6499692574716125,5.596900853087924,8.155542560653325,0.07740575249311349,0.09146874393625284
15036004_10_47,xgboost_direct,5,lags_only,1010,4.579931094587345,6.673608842375696,-0.6270233081832768,5.596900853087924,8.155542560653325,0.1817023001112295,0.18170878359795037
15036004_10_47,persistence,6,lags_only,1009,5.722340156057779,8.323603359918673,,,,,
15036004_10_47,sarima,6,lags_only,1009,5.39530842480899,7.567360307988225,-3.0195859143635437,5.722340156057779,8.323603359918673,0.05714999848490085,0.09085524852998725
15036004_10_47,xgboost_direct,6,lags_only,1009,4.683388365521585,6.919992525529111,-0.5172016041576042,5.722340156057779,8.323603359918673,0.18156064865111862,0.1686301922011907
15036004_10_47,persistence,7,lags_only,1008,5.547776603637298,8.158505534186473,,,,,
15036004_10_47,sarima,7,lags_only,1008,5.5102842816762,7.645889865611838,-3.4022135846728148,5.547776603637298,8.158505534186473,0.006758080694258116,0.0628320550162807
15036004_10_47,xgboost_direct,7,lags_only,1008,4.68696708739704,6.894259433173476,-0.27173420790200414,5.547776603637298,8.158505534186473,0.15516297387964112,0.15496050051267896
15041001_10_47,persistence,1,lags_only,1006,3.6884645408724905,5.507966216465998,,,,,
15041001_10_47,sarima,1,lags_only,1006,3.581380460750861,5.3211830706066525,-0.7873796440691773,3.6884645408724905,5.507966216465998,0.02903215658847013,0.03391145452217177
15041001_10_47,xgboost_direct,1,lags_only,1006,4.294311972657725,6.302379146870705,-0.6186115919556958,3.6884645408724905,5.507966216465998,-0.16425464446566793,-0.1442298117279332
15041001_10_47,persistence,2,lags_only,1002,4.646101190439117,6.8920729818795445,,,,,
15041001_10_47,sarima,2,lags_only,1002,4.30299939685155,6.347786074086619,-1.1800744712130016,4.646101190439117,6.8920729818795445,0.07384724945156425,0.07897288801554343
15041001_10_47,xgboost_direct,2,lags_only,1002,4.609985057702949,6.706019205208897,-0.3947697997319603,4.646101190439117,6.8920729818795445,0.00777342792500699,0.026995328859664547
15041001_10_47,persistence,3,lags_only,999,5.034949976591218,7.535953163531281,,,,,
15041001_10_47,sarima,3,lags_only,999,4.621371907401506,6.854596677775513,-1.5626403454306155,5.034949976591218,7.535953163531281,0.08214144551833547,0.09041410833775544
15041001_10_47,xgboost_direct,3,lags_only,999,4.7077945154737195,6.776737983047069,-0.41284054054068664,5.034949976591218,7.535953163531281,0.06497690396896265,0.10074574032098287
15041001_10_47,persistence,4,lags_only,998,5.322340362534996,8.021310336250258,,,,,
15041001_10_47,sarima,4,lags_only,998,4.846933262865774,7.178854146561993,-1.9320166657139144,5.322340362534996,8.021310336250258,0.0893229420304846,0.10502725295155325
15041001_10_47,xgboost_direct,4,lags_only,998,4.852250101968941,6.9790132575623085,-0.36909527530870956,5.322340362534996,8.021310336250258,0.08832397564708823,0.1299409990382188
15041001_10_47,persistence,5,lags_only,998,5.460993030974957,8.184145252400178,,,,,
15041001_10_47,sarima,5,lags_only,998,4.99300864406899,7.326804314947078,-2.2703232525491357,5.460993030974957,8.184145252400178,0.08569584034470329,0.10475631981258715
15041001_10_47,xgboost_direct,5,lags_only,998,5.028117597866861,7.212488146815705,-0.3336807366755449,5.460993030974957,8.184145252400178,0.07926679830075052,0.11872432314168833
15041001_10_47,persistence,6,lags_only,997,5.610205298443267,8.409564717280162,,,,,
15041001_10_47,sarima,6,lags_only,997,5.171719339456486,7.50285374778195,-2.6386510526982843,5.610205298443267,8.409564717280162,0.07815862979353942,0.10781901322848278
15041001_10_47,xgboost_direct,6,lags_only,997,4.870444613642298,7.0651341995723795,-0.47188985402784034,5.610205298443267,8.409564717280162,0.13185982427527915,0.15986921593518585
15041001_10_47,persistence,7,lags_only,996,5.685106677854758,8.43520013625834,,,,,
15041001_10_47,sarima,7,lags_only,996,5.311077602366902,7.612911141427118,-2.9859318006642614,5.685106677854758,8.43520013625834,0.06579103905733459,0.09748304504319333
15041001_10_47,xgboost_direct,7,lags_only,996,4.903749844104642,7.010586783183516,-0.3769436559851367,5.685106677854758,8.43520013625834,0.13743925629289283,0.1688890992581415
15070002_10_47,persistence,1,lags_only,846,2.9965858592962316,4.469112972090302,,,,,
15070002_10_47,sarima,1,lags_only,846,3.0535978394870393,4.548435397797023,-1.045775138470229,2.9965858592962316,4.469112972090302,-0.019025645473811796,-0.01774903122881249
15070002_10_47,xgboost_direct,1,lags_only,846,3.652423379158653,5.446719037691184,-0.6800967314182266,2.9965858592962316,4.469112972090302,-0.21886158136528397,-0.21874722606164843
15070002_10_47,persistence,2,lags_only,839,3.9126547367191535,5.875390881815063,,,,,
15070002_10_47,sarima,2,lags_only,839,3.7814330353700214,5.597514178424111,-1.686939319089119,3.9126547367191535,5.875390881815063,0.03353776660068003,0.04729501559649565
15070002_10_47,xgboost_direct,2,lags_only,839,3.8004182492620155,5.651382687188671,-0.5925100745724562,3.9126547367191535,5.875390881815063,0.028685507669212525,0.03812651773003226
15070002_10_47,persistence,3,lags_only,836,4.33690641728098,6.693866374912305,,,,,
15070002_10_47,sarima,3,lags_only,836,4.27425740203731,6.391914606126713,-2.409746225785182,4.33690641728098,6.693866374912305,0.014445553861627587,0.04510872369924584
15070002_10_47,xgboost_direct,3,lags_only,836,4.207934934458245,6.52420935514932,-0.34848381416055685,4.33690641728098,6.693866374912305,0.029738129074870393,0.02534514587844721
15070002_10_47,persistence,4,lags_only,834,4.570982589838261,7.063457310417993,,,,,
15070002_10_47,sarima,4,lags_only,834,4.682778442945605,6.84186327643277,-3.078210059004964,4.570982589838261,7.063457310417993,-0.024457728925915776,0.0313718939956487
15070002_10_47,xgboost_direct,4,lags_only,834,4.15695714435753,6.337123794770534,-0.6275554114541171,4.570982589838261,7.063457310417993,0.09057690274321979,0.10282974522634683
15070002_10_47,persistence,5,lags_only,834,4.670073467017148,7.217268919082394,,,,,
15070002_10_47,sarima,5,lags_only,834,4.945219706314183,7.089292059381177,-3.5881825250757333,4.670073467017148,7.217268919082394,-0.05891689739792795,0.017732034255069466
15070002_10_47,xgboost_direct,5,lags_only,834,4.110670952511037,6.311360545317492,-0.9029966398565867,4.670073467017148,7.217268919082394,0.11978452126223413,0.12551955371507473
15070002_10_47,persistence,6,lags_only,832,4.82759115437623,7.344555755014389,,,,,
15070002_10_47,sarima,6,lags_only,832,5.168826674184231,7.299285833121125,-4.057497068180216,4.82759115437623,7.344555755014389,-0.07068442809177615,0.006163738611740648
15070002_10_47,xgboost_direct,6,lags_only,832,4.024993106363343,6.187491423869781,-1.1073779240338921,4.82759115437623,7.344555755014389,0.16625228242149886,0.15754041084849002
15070002_10_47,persistence,7,lags_only,829,4.854972275538189,7.315950880821848,,,,,
15070002_10_47,sarima,7,lags_only,829,5.4640829715760475,7.488909116597125,-4.500946532912959,4.854972275538189,7.315950880821848,-0.12546120996547544,-0.0236412516421717
15070002_10_47,xgboost_direct,7,lags_only,829,4.015617327498185,6.253139248040495,-0.953403584383637,4.854972275538189,7.315950880821848,0.17288563155532313,0.1452732050959261
15070006_10_47,persistence,1,lags_only,728,2.6790383475084356,4.109373267753498,,,,,
15070006_10_47,sarima,1,lags_only,728,4.369474816148946e+59,3.980148742348205e+60,4.369473724510511e+59,2.6790383475084356,4.109373267753498,-1.6309862903652174e+59,-9.685537144023091e+59
15070006_10_47,xgboost_direct,1,lags_only,728,3.3025911184954593,4.783592624646261,-0.18584268457871345,2.6790383475084356,4.109373267753498,-0.23275246192983443,-0.16406865791029562
15070006_10_47,persistence,2,lags_only,726,3.4857912520906353,5.007907671597302,,,,,
15070006_10_47,sarima,2,lags_only,726,5.504486268157018e+59,5.007137034831015e+60,5.504484946997134e+59,3.4857912520906353,5.007907671597302,-1.5791210287924303e+59,-9.998461160195389e+59
15070006_10_47,xgboost_direct,2,lags_only,726,3.534606411372126,5.291197673418718,-0.0030500597075870735,3.4857912520906353,5.007907671597302,-0.014004039757748877,-0.05656853528432942
15070006_10_47,persistence,3,lags_only,724,3.5969190368727486,5.252889787627208,,,,,
15070006_10_47,sarima,3,lags_only,724,6.934380057532652e+59,6.299140570639954e+60,6.934378458581363e+59,3.5969190368727486,5.252889787627208,-1.9278665953964803e+59,-1.1991762297159007e+60
15070006_10_47,xgboost_direct,3,lags_only,724,3.536070016030629,5.301564919283679,-0.09594465874279078,3.5969190368727486,5.252889787627208,0.016916983734786367,-0.009266353116930496
15070006_10_47,persistence,4,lags_only,722,3.735794346101971,5.568341105378872,,,,,
15070006_10_47,sarima,4,lags_only,722,8.735782304480802e+59,7.92455310288073e+60,8.73578036931401e+59,3.735794346101971,5.568341105378872,-2.338400215631772e+59,-1.4231443356129565e+60
15070006_10_47,xgboost_direct,4,lags_only,722,3.6592763835543107,5.40031865311628,0.05378691230570535,3.735794346101971,5.568341105378872,0.020482380842912595,0.03017459761943949
15070006_10_47,persistence,5,lags_only,716,4.027991363131923,5.864331171710581,,,,,
15070006_10_47,sarima,5,lags_only,716,1.1066716174047966e+60,9.997229526165202e+60,1.1066713818866478e+60,4.027991363131923,5.864331171710581,-2.747452806215343e+59,-1.7047518691290223e+60
15070006_10_47,xgboost_direct,5,lags_only,716,3.8738557687670543,5.684826193117261,-0.07040851687752366,4.027991363131923,5.864331171710581,0.03826611838735971,0.03060962509403431
15070006_10_47,persistence,6,lags_only,712,4.272905887889625,6.139810789376486,,,,,
15070006_10_47,sarima,6,lags_only,712,1.3981204698080464e+60,1.2594733229210139e+61,1.3981201839573801e+60,4.272905887889625,6.139810789376486,-3.27206006050972e+59,-2.0513226972730813e+60
15070006_10_47,xgboost_direct,6,lags_only,712,3.902734265913967,5.8220736430567355,-0.22534525693402285,4.272905887889625,6.139810789376486,0.08663228998906979,0.05175031563994129
15070006_10_47,persistence,7,lags_only,711,4.172719731043409,6.091243403456531,,,,,
15070006_10_47,sarima,7,lags_only,711,1.7589268601762476e+60,1.5833865994821462e+61,1.758926514689492e+60,4.172719731043409,6.091243403456531,-4.215300747592792e+59,-2.5994472632363355e+60
15070006_10_47,xgboost_direct,7,lags_only,711,3.7258238515451754,5.539350592501765,-0.037442044284255675,4.172719731043409,6.091243403456531,0.10709942394968495,0.09060429446007519
15078005_10_49,persistence,1,lags_only,900,4.546293947621579,6.271454134127795,,,,,
15078005_10_49,sarima,1,lags_only,900,4.322163770742224,6.095202030138817,-0.8782561067212139,4.546293947621579,6.271454134127795,0.04929953484345428,0.02810386558196371
15078005_10_49,xgboost_direct,1,lags_only,900,5.774547083958359,7.909987779895692,0.1579514123393321,4.546293947621579,6.271454134127795,-0.2701657988875417,-0.2612685368854693
15078005_10_49,persistence,2,lags_only,897,5.525917137229942,7.7549632175878935,,,,,
15078005_10_49,sarima,2,lags_only,897,5.160026930550964,7.2743727811567656,-1.3826297365865061,5.525917137229942,7.7549632175878935,0.0662134805123758,0.0619719814197405
15078005_10_49,xgboost_direct,2,lags_only,897,6.195779334223015,8.430577432949775,0.6268176487064837,5.525917137229942,7.7549632175878935,-0.12122190404919198,-0.08712023466850496
15078005_10_49,persistence,3,lags_only,897,6.175002716112307,8.79511940377032,,,,,
15078005_10_49,sarima,3,lags_only,897,5.685470460429513,8.134084982884495,-1.883451747182193,6.175002716112307,8.79511940377032,0.07927644378284533,0.07515923213077134
15078005_10_49,xgboost_direct,3,lags_only,897,6.444428684537297,8.698143819072897,1.163602834528023,6.175002716112307,8.79511940377032,-0.04363171658564333,0.011026068009474845
15078005_10_49,persistence,4,lags_only,896,6.7427726249382625,9.586153772461598,,,,,
15078005_10_49,sarima,4,lags_only,896,6.180192123618561,8.750571188185358,-2.3930483861323695,6.7427726249382625,9.586153772461598,0.0834345947302135,0.08716557277399836
15078005_10_49,xgboost_direct,4,lags_only,896,6.648703204162141,8.843252884805613,0.9933805095580952,6.7427726249382625,9.586153772461598,0.013951148289978559,0.07749728465551389
15078005_10_49,persistence,5,lags_only,895,7.077605226964335,9.906227767477375,,,,,
15078005_10_49,sarima,5,lags_only,895,6.394920435357999,9.057182033792653,-2.802268391686408,7.077605226964335,9.906227767477375,0.09645703168148395,0.08570827903555583
15078005_10_49,xgboost_direct,5,lags_only,895,6.836636088845792,9.130128707162816,0.9349907908328141,7.077605226964335,9.906227767477375,0.034046705120044755,0.07834456046554165
15078005_10_49,persistence,6,lags_only,893,7.156595670051643,9.973300166650613,,,,,
15078005_10_49,sarima,6,lags_only,893,6.505582841052334,9.200155487178645,-3.108446428856458,7.156595670051643,9.973300166650613,0.09096683102045516,0.07752144892392406
15078005_10_49,xgboost_direct,6,lags_only,893,7.077996476596458,9.48067076061049,1.037364668935181,7.156595670051643,9.973300166650613,0.010982762905567035,0.04939482396081995
15078005_10_49,persistence,7,lags_only,892,7.339806235066033,10.183122428793896,,,,,
15078005_10_49,sarima,7,lags_only,892,6.7532144575683075,9.390580035806801,-3.4193915678158646,7.339806235066033,10.183122428793896,0.07991924564646874,0.07782901546446049
15078005_10_49,xgboost_direct,7,lags_only,892,6.956028149512839,9.19651757042066,1.374265145959938,7.339806235066033,10.183122428793896,0.052287223022276515,0.09688628073286264
15078007_10_49,persistence,1,lags_only,937,4.791050593630014,7.065131899519189,,,,,
15078007_10_49,sarima,1,lags_only,937,4.588289128611943,6.7106432832259095,-0.859838393655022,4.791050593630014,7.065131899519189,0.04232087744755906,0.05017438051190578
15078007_10_49,xgboost_direct,1,lags_only,937,5.853231802696068,8.048088981805131,1.0509687039172204,4.791050593630014,7.065131899519189,-0.2217011046550598,-0.1391279166851558
15078007_10_49,persistence,2,lags_only,934,6.157427066165214,9.155943304226867,,,,,
15078007_10_49,sarima,2,lags_only,934,5.656646674783106,8.369505099614765,-1.4136863168918776,6.157427066165214,9.155943304226867,0.08132948811263614,0.08589373901529518
15078007_10_49,xgboost_direct,2,lags_only,934,6.141628437292193,8.57931480303755,1.292855725670831,6.157427066165214,9.155943304226867,0.0025657841665447058,0.06297860111509372
15078007_10_49,persistence,3,lags_only,932,6.697985804412542,9.962803771868076,,,,,
15078007_10_49,sarima,3,lags_only,932,6.131844071056931,9.12902433223115,-1.9855434282683577,6.697985804412542,9.962803771868076,0.08452417635502368,0.08368923635646273
15078007_10_49,xgboost_direct,3,lags_only,932,6.342156649835329,8.920032158489688,1.16154552560567,6.697985804412542,9.962803771868076,0.05312479974842553,0.1046664811689715
15078007_10_49,persistence,4,lags_only,930,7.177812671323357,10.675092990609185,,,,,
15078007_10_49,sarima,4,lags_only,930,6.582393693535032,9.71894657063613,-2.503833250627066,7.177812671323357,10.675092990609185,0.08295270510013872,0.08956797105319571
15078007_10_49,xgboost_direct,4,lags_only,930,6.544548671481853,9.056886117075173,1.4859677914335465,7.177812671323357,10.675092990609185,0.08822520576101225,0.15158714541948617
15078007_10_49,persistence,5,lags_only,928,7.444139658897553,10.984465799219361,,,,,
15078007_10_49,sarima,5,lags_only,928,6.831122165948013,10.045897384032473,-3.063920183446134,7.444139658897553,10.984465799219361,0.08234900486006269,0.0854450669101805
15078007_10_49,xgboost_direct,5,lags_only,928,6.630608228050109,9.210356387798997,1.4352295395437722,7.444139658897553,10.984465799219361,0.10928481572414842,0.16151075927119235
15078007_10_49,persistence,6,lags_only,927,7.54571437381382,11.174049366269617,,,,,
15078007_10_49,sarima,6,lags_only,927,6.938772287327681,10.155995071646801,-3.4692972847235133,7.54571437381382,11.174049366269617,0.08043533804995766,0.09110880588159481
15078007_10_49,xgboost_direct,6,lags_only,927,6.357671563890229,8.949182594281421,1.450980231201471,7.54571437381382,11.174049366269617,0.15744603506945634,0.19911016132649803
15078007_10_49,persistence,7,lags_only,925,7.564784400841151,11.302513923713441,,,,,
15078007_10_49,sarima,7,lags_only,925,7.109464854053109,10.206905047440927,-3.9060764671305823,7.564784400841151,11.302513923713441,0.06018936200447609,0.09693497249084142
15078007_10_49,xgboost_direct,7,lags_only,925,6.263993240718943,8.77770119652627,1.4493384775745237,7.564784400841151,11.302513923713441,0.1719535007471686,0.22338505789317747
15078008_10_49,persistence,1,lags_only,718,4.14965734761079,5.8461939502614015,,,,,
15078008_10_49,sarima,1,lags_only,718,4.071125469560746,5.666113657766397,-0.6066200405309579,4.14965734761079,5.8461939502614015,0.01892490667820072,0.030802996620895976
15078008_10_49,xgboost_direct,1,lags_only,718,5.014182501637563,6.850837181613535,0.08096093519642653,4.14965734761079,5.8461939502614015,-0.20833651591125535,-0.171845689674256
15078008_10_49,persistence,2,lags_only,711,5.292016627130851,7.447108760216878,,,,,
15078008_10_49,sarima,2,lags_only,711,4.98801008152996,7.009752659942933,-1.1234973743673589,5.292016627130851,7.447108760216878,0.05744625669585487,0.05872830844237706
15078008_10_49,xgboost_direct,2,lags_only,711,5.470024756257402,7.4770885129793605,0.4055056247538611,5.292016627130851,7.447108760216878,-0.03363710692327535,-0.004025690201093487
15078008_10_49,persistence,3,lags_only,712,5.732515695894059,8.149371632362277,,,,,
15078008_10_49,sarima,3,lags_only,712,5.409813394459378,7.608180783871862,-1.5901382449219081,5.732515695894059,8.149371632362277,0.05629331318984757,0.06640890523893545
15078008_10_49,xgboost_direct,3,lags_only,712,5.570564057308223,7.563928733345166,0.34008624504996093,5.732515695894059,8.149371632362277,0.02825140778974832,0.07183902335392789
15078008_10_49,persistence,4,lags_only,710,6.102670607213538,8.560877666847452,,,,,
15078008_10_49,sarima,4,lags_only,710,5.756759058647641,7.942385511647665,-1.9915134607066574,6.102670607213538,8.560877666847452,0.056681995609761254,0.07224634894561532
15078008_10_49,xgboost_direct,4,lags_only,710,5.704677502475475,7.638378251961582,0.16658469566641462,6.102670607213538,8.560877666847452,0.06521621931677313,0.10775757472371181
15078008_10_49,persistence,5,lags_only,707,6.415229202168805,8.883727114066128,,,,,
15078008_10_49,sarima,5,lags_only,707,5.976444092018903,8.186514530792758,-2.4196201166264624,6.415229202168805,8.883727114066128,0.06839741750794533,0.07848199008380524
15078008_10_49,xgboost_direct,5,lags_only,707,5.725899695133958,7.732222497762258,0.14764688835084466,6.415229202168805,8.883727114066128,0.1074520465771987,0.12961953935759962
15078008_10_49,persistence,6,lags_only,705,6.441608399988749,9.022750690463562,,,,,
15078008_10_49,sarima,6,lags_only,705,6.050020288821298,8.27771146032961,-2.669500003303077,6.441608399988749,9.022750690463562,0.060790424821250355,0.08257340313319408
15078008_10_49,xgboost_direct,6,lags_only,705,5.74312791250698,7.652907719246405,0.4238554206219307,6.441608399988749,9.022750690463562,0.10843262180963835,0.15182099319944517
15078008_10_49,persistence,7,lags_only,705,6.45895723172947,9.028444528801694,,,,,
15078008_10_49,sarima,7,lags_only,705,6.12574973585448,8.263331719607919,-3.029191925375581,6.45895723172947,9.028444528801694,0.05158843508641241,0.08474469846416893
15078008_10_49,xgboost_direct,7,lags_only,705,5.756714177284365,7.721818432082292,0.7460571498517585,6.45895723172947,9.028444528801694,0.10872390530709099,0.14472327902676116
16078001_10_49,persistence,1,lags_only,716,7.596858726906475,17.877694452891244,,,,,
16078001_10_49,sarima,1,lags_only,716,8.176437176037313,18.25327770459446,-1.9404414687211322,7.596858726906475,17.877694452891244,-0.07629185561633431,-0.02100848365503163
16078001_10_49,xgboost_direct,1,lags_only,716,9.221620352351852,19.677619686424137,-2.039080554008878,7.596858726906475,17.877694452891244,-0.21387282347252476,-0.10067994160409215
16078001_10_49,persistence,2,lags_only,707,10.41246143679889,21.807786939078436,,,,,
16078001_10_49,sarima,2,lags_only,707,9.771134167382092,20.24271182124005,-2.665459246189151,10.41246143679889,21.807786939078436,0.061592282795907505,0.07176680156544687
16078001_10_49,xgboost_direct,2,lags_only,707,9.700669790998518,19.894157358150572,-2.3473310279649273,10.41246143679889,21.807786939078436,0.06835959490661984,0.0877498292822523
16078001_10_49,persistence,3,lags_only,700,11.658843327733978,22.889427514833393,,,,,
16078001_10_49,sarima,3,lags_only,700,10.369319626434073,20.782741844215803,-3.430590871594768,11.658843327733978,22.889427514833393,0.11060477142122616,0.09203749937617978
16078001_10_49,xgboost_direct,3,lags_only,700,9.598088591589761,20.045516365910913,-2.7446491083086624,11.658843327733978,22.889427514833393,0.1767546469418718,0.12424562156827626
16078001_10_49,persistence,4,lags_only,695,12.099819338918,23.182958702590064,,,,,
16078001_10_49,sarima,4,lags_only,695,10.5558245496444,20.920774062908766,-4.064069004863637,12.099819338918,23.182958702590064,0.12760478037118092,0.09757963462310616
16078001_10_49,xgboost_direct,4,lags_only,695,9.617521659910985,19.369558062335752,-3.2021739250375236,12.099819338918,23.182958702590064,0.20515163156386343,0.16449154265319327
16078001_10_49,persistence,5,lags_only,690,12.33775157638803,23.55320436909272,,,,,
16078001_10_49,sarima,5,lags_only,690,10.870521259930255,21.225222206355944,-4.700039358865677,12.33775157638803,23.55320436909272,0.11892201811436677,0.0988392970338945
16078001_10_49,xgboost_direct,5,lags_only,690,9.890884724084115,19.953645933695032,-2.698254182454125,12.33775157638803,23.55320436909272,0.1983235630215415,0.1528266973355501
16078001_10_49,persistence,6,lags_only,687,11.77295403047454,19.604231822663913,,,,,
16078001_10_49,sarima,6,lags_only,687,10.497133456292365,16.53115826709719,-4.883168829581526,11.77295403047454,19.604231822663913,0.10836877226222803,0.1567556221210375
16078001_10_49,xgboost_direct,6,lags_only,687,9.461826595661556,14.738448554956008,-2.2707007988248153,11.77295403047454,19.604231822663913,0.1963082017334462,0.24820065951692666
16078001_10_49,persistence,7,lags_only,685,11.715406995870758,19.49586304326952,,,,,
16078001_10_49,sarima,7,lags_only,685,10.699272382232554,16.536908268757635,-5.520829697182615,11.715406995870758,19.49586304326952,0.08673489653379979,0.15177346947630474
16078001_10_49,xgboost_direct,7,lags_only,685,9.627476012406033,14.979154055341914,-2.681912740025317,11.715406995870758,19.49586304326952,0.1782209516238439,0.23167525222674826
18021001_10_49,persistence,1,lags_only,388,8.81548219541143,14.927419240685014,,,,,
18021001_10_49,sarima,1,lags_only,388,9.682617853504597,15.100268682730306,-4.96812814482478,8.81548219541143,14.927419240685014,-0.09836508529783225,-0.01157932521746205
18021001_10_49,xgboost_direct,1,lags_only,388,12.743421258542321,18.78951997159179,-1.9773868660448266,8.81548219541143,14.927419240685014,-0.44557279750113193,-0.2587252805481965
18021001_10_49,persistence,2,lags_only,375,13.628678162776287,22.327862420843942,,,,,
18021001_10_49,sarima,2,lags_only,375,15.129635424471775,23.11220921019972,-10.186989595681345,13.628678162776287,22.327862420843942,-0.11013226989210297,-0.035128610816929695
18021001_10_49,xgboost_direct,2,lags_only,375,14.243441631373473,22.030443332355457,-2.326413486472435,13.628678162776287,22.327862420843942,-0.04510807733917116,0.013320535700311062
18021001_10_49,persistence,3,lags_only,365,16.6255491668398,35.324423251831185,,,,,
18021001_10_49,sarima,3,lags_only,365,18.792400109482635,36.56791697956324,-14.967720273755482,16.6255491668398,35.324423251831185,-0.13033259358221322,-0.035202095696427176
18021001_10_49,xgboost_direct,3,lags_only,365,17.24484091840567,35.116071628155495,-1.9243948210211115,16.6255491668398,35.324423251831185,-0.03724940122886701,0.005898231435806627
18021001_10_49,persistence,4,lags_only,364,17.67984232319023,39.879826287099824,,,,,
18021001_10_49,sarima,4,lags_only,364,21.056903646337584,41.76639659532625,-18.151390783911015,17.67984232319023,39.879826287099824,-0.1910119593497587,-0.04730638229576956
18021001_10_49,xgboost_direct,4,lags_only,364,16.991709817425537,38.73185562965645,-3.817232440901217,17.67984232319023,39.879826287099824,0.03892186893896021,0.028785748693562256
18021001_10_49,persistence,5,lags_only,363,18.33649860351853,39.912447289937944,,,,,
18021001_10_49,sarima,5,lags_only,363,22.86635447267344,42.740562724621235,-20.716851861283715,18.33649860351853,39.912447289937944,-0.24704039561215316,-0.0708579810738959
18021001_10_49,xgboost_direct,5,lags_only,363,17.037939467172006,39.312425278308886,-3.827362559976004,18.33649860351853,39.912447289937944,0.07081827149362892,0.015033455785617166
18021001_10_49,persistence,6,lags_only,354,17.33723938711886,30.775305492848624,,,,,
18021001_10_49,sarima,6,lags_only,354,23.207013853142676,35.44657449304864,-21.833454359752025,17.33723938711886,30.775305492848624,-0.33856453931096514,-0.15178627556712618
18021001_10_49,xgboost_direct,6,lags_only,354,15.996975630653138,28.67042478662346,-2.9122750211904287,17.33723938711886,30.775305492848624,0.07730548829253088,0.06839511980520493
18021001_10_49,persistence,7,lags_only,354,16.428734846285806,24.54145592334265,,,,,
18021001_10_49,sarima,7,lags_only,354,23.7044512211796,31.044072132207383,-23.060419909699462,16.428734846285806,24.54145592334265,-0.442865287130657,-0.2649645656384941
18021001_10_49,xgboost_direct,7,lags_only,354,14.903645833996885,21.24910735291156,-2.49740085824252,16.428734846285806,24.54145592334265,0.09283058169471352,0.13415457423206764
18087007_10_49,persistence,1,lags_only,1051,9.993978547056459,27.303247389567648,,,,,
18087007_10_49,sarima,1,lags_only,1051,11.4257507460461,26.875130636998062,-5.743081338833927,9.993978547056459,27.303247389567648,-0.14326348533250988,0.015680067153226847
18087007_10_49,xgboost_direct,1,lags_only,1051,13.220677089854524,29.19391447306898,-1.3197721859121359,9.993978547056459,27.303247389567648,-0.32286426547797914,-0.0692469674586672
18087007_10_49,persistence,2,lags_only,1049,14.938708942067745,37.60029427570329,,,,,
18087007_10_49,sarima,2,lags_only,1049,17.05010972408596,35.856465845857144,-11.060022680389226,14.938708942067745,37.60029427570329,-0.14133756740332912,0.046378052710427345
18087007_10_49,xgboost_direct,2,lags_only,1049,13.743244904224987,29.079920083629613,-1.1744427433523348,14.938708942067745,37.60029427570329,0.080024588636057,0.22660392308629904
18087007_10_49,persistence,3,lags_only,1047,16.63637932903705,38.79807831354483,,,,,
18087007_10_49,sarima,3,lags_only,1047,19.30119584189548,36.73278344550011,-14.39165565071722,16.63637932903705,38.79807831354483,-0.16018007645493346,0.05323188564531816
18087007_10_49,xgboost_direct,3,lags_only,1047,14.68689953725215,29.795833893034516,-0.5369752968700728,16.63637932903705,38.79807831354483,0.11718173487318174,0.2320281006641386
18087007_10_49,persistence,4,lags_only,1045,17.571060905077402,39.24459857914973,,,,,
18087007_10_49,sarima,4,lags_only,1045,20.777035884917286,36.90390196375879,-16.56131959308305,17.571060905077402,39.24459857914973,-0.18245767840423752,0.05964379048673792
18087007_10_49,xgboost_direct,4,lags_only,1045,14.686976784394448,29.60809243961526,-0.6474466532067195,17.571060905077402,39.24459857914973,0.16413830310323257,0.24554987153453145
18087007_10_49,persistence,5,lags_only,1044,17.873234436072547,39.57575493790526,,,,,
18087007_10_49,sarima,5,lags_only,1044,21.79694273426926,37.23303258151811,-18.119522782197738,17.873234436072547,39.57575493790526,-0.21952984012103097,0.05919589809626887
18087007_10_49,xgboost_direct,5,lags_only,1044,14.315276856096435,29.382036607671495,-1.5782885905597426,17.873234436072547,39.57575493790526,0.19906624023211408,0.25757482949416394
18087007_10_49,persistence,6,lags_only,1043,17.938558540465195,39.77008709357632,,,,,
18087007_10_49,sarima,6,lags_only,1043,22.515146742924088,37.63643968520485,-19.1726864730352,17.938558540465195,39.77008709357632,-0.25512575005038335,0.05364955332763405
18087007_10_49,xgboost_direct,6,lags_only,1043,14.506063337221022,29.586535773303385,-1.396692148364701,17.938558540465195,39.77008709357632,0.191347325678441,0.256060573775253
18087007_10_49,persistence,7,lags_only,1042,18.03153838363668,40.08347622282602,,,,,
18087007_10_49,sarima,7,lags_only,1042,22.954221117045037,37.900025471549085,-19.990394383762236,18.03153838363668,40.08347622282602,-0.2730040348568157,0.05447258963117435
18087007_10_49,xgboost_direct,7,lags_only,1042,14.395278777322769,29.3502273833933,-1.716066509310925,18.03153838363668,40.08347622282602,0.20166108564612298,0.2677724052616111
18087010_10_49,persistence,1,lags_only,965,8.83786842435555,29.32180806522886,,,,,
18087010_10_49,sarima,1,lags_only,965,10.278557408165932,28.802231613927383,-5.283408243189419,8.83786842435555,29.32180806522886,-0.16301317406356794,0.017719795796549673
18087010_10_49,xgboost_direct,1,lags_only,965,11.68988059315611,30.385292620635795,-1.6666958257930244,8.83786842435555,29.32180806522886,-0.32270362398029545,-0.03626940579657031
18087010_10_49,persistence,2,lags_only,962,13.101015626229586,39.8848252695333,,,,,
18087010_10_49,sarima,2,lags_only,962,15.957215302081568,37.99754120742636,-9.913549504030351,13.101015626229586,39.8848252695333,-0.21801360729114588,0.04731834850354921
18087010_10_49,xgboost_direct,2,lags_only,962,13.691622393790315,32.221249743965586,-0.643553678381427,13.101015626229586,39.8848252695333,-0.04508099100181769,0.19214263755147168
18087010_10_49,persistence,3,lags_only,961,14.930841338358213,41.09751531029168,,,,,
18087010_10_49,sarima,3,lags_only,961,18.425468739582048,38.95775062468871,-12.761209958348537,14.930841338358213,41.09751531029168,-0.2340542854906595,0.05206554871863834
18087010_10_49,xgboost_direct,3,lags_only,961,13.749649089088253,31.85675902494286,-0.7338501615967976,14.930841338358213,41.09751531029168,0.07911089686790843,0.22484951256979624
18087010_10_49,persistence,4,lags_only,959,15.612606583847006,41.45425749331591,,,,,
18087010_10_49,sarima,4,lags_only,959,19.673771618230198,39.06766538726612,-14.512593956297424,15.612606583847006,41.45425749331591,-0.26012088452833515,0.05757170072180413
18087010_10_49,xgboost_direct,4,lags_only,959,13.42424579320878,31.03556128038955,-1.3482656766534524,15.612606583847006,41.45425749331591,0.1401662674893974,0.2513299439654966
18087010_10_49,persistence,5,lags_only,957,15.996111574538546,41.79174197816674,,,,,
18087010_10_49,sarima,5,lags_only,957,20.44044693535995,39.10294137509651,-15.606842869836244,15.996111574538546,41.79174197816674,-0.27783848219060797,0.0643380839323457
18087010_10_49,xgboost_direct,5,lags_only,957,13.35589766209297,30.94200465068376,-1.571095045342533,15.996111574538546,41.79174197816674,0.16505348191294675,0.2596143834624364
18087010_10_49,persistence,6,lags_only,958,16.29854243117779,42.167957010086184,,,,,
18087010_10_49,sarima,6,lags_only,958,21.05036252191376,39.155976860258434,-16.43118022523967,16.29854243117779,42.167957010086184,-0.2915487756528536,0.07142817350879276
18087010_10_49,xgboost_direct,6,lags_only,958,13.398477482602756,30.87047463630496,-1.1780177979044688,16.29854243117779,42.167957010086184,0.17793400611256163,0.26791628465849016
18087010_10_49,persistence,7,lags_only,959,16.65987860432249,42.548465254411575,,,,,
18087010_10_49,sarima,7,lags_only,959,21.38356436145809,39.07310410110961,-17.13941285878639,16.65987860432249,42.548465254411575,-0.28353662528549384,0.08168005902261376
18087010_10_49,xgboost_direct,7,lags_only,959,13.854459861101533,31.44701812926248,-1.000028629774086,16.65987860432249,42.548465254411575,0.16839370861280323,0.2609129861387434
18140001_10_49,persistence,1,lags_only,641,6.812622463045371,25.286993678948953,,,,,
18140001_10_49,sarima,1,lags_only,641,9.38086446359296,20.60872744525619,-4.416866455669634,6.812622463045371,25.286993678948953,-0.37698287472685466,0.1850068178562227
18140001_10_49,xgboost_direct,1,lags_only,641,8.198260991117973,15.765356208149672,-0.18186849727460033,6.812622463045371,25.286993678948953,-0.20339282494940944,0.37654288175529155
18140001_10_49,persistence,2,lags_only,629,10.243754373907658,37.07650774859046,,,,,
18140001_10_49,sarima,2,lags_only,629,14.550636488842498,31.13381798801713,-9.499461465341954,10.243754373907658,37.07650774859046,-0.42043980729419866,0.16028180973433914
18140001_10_49,xgboost_direct,2,lags_only,629,9.145304837998786,25.759106223967287,-0.3691855521184958,10.243754373907658,37.07650774859046,0.10723114746940665,0.30524453924745454
18140001_10_49,persistence,3,lags_only,616,11.472090859550585,37.75397773783517,,,,,
18140001_10_49,sarima,3,lags_only,616,15.751262371442792,30.612362309092656,-10.660367503280824,11.472090859550585,37.75397773783517,-0.3730071147692986,0.18916193356721564
18140001_10_49,xgboost_direct,3,lags_only,616,9.523443628127623,24.340185027909765,-0.7416502751896293,11.472090859550585,37.75397773783517,0.16985981503107617,0.3552948196100345
18140001_10_49,persistence,4,lags_only,610,10.918715248074776,32.086573055528504,,,,,
18140001_10_49,sarima,4,lags_only,610,15.21039394355981,22.5961435325934,-10.232313397976133,10.918715248074776,32.086573055528504,-0.39305711322050985,0.2957757285737907
18140001_10_49,xgboost_direct,4,lags_only,610,8.541330212999402,12.456262674233084,0.2798655904391676,10.918715248074776,32.086573055528504,0.2177348690812834,0.6117920523118353
18140001_10_49,persistence,5,lags_only,606,11.329095374734433,33.21004008939318,,,,,
18140001_10_49,sarima,5,lags_only,606,15.18037785723904,22.527649797543013,-10.220581068359833,11.329095374734433,33.21004008939318,-0.33994616119955534,0.3216614693356535
18140001_10_49,xgboost_direct,5,lags_only,606,8.555703084216162,12.3525814635824,0.6904720827237937,11.329095374734433,33.21004008939318,0.24480262534494568,0.6280467765069745
18140001_10_49,persistence,6,lags_only,600,11.324318327447408,33.771869010878696,,,,,
18140001_10_49,sarima,6,lags_only,600,14.839586860568916,22.064321141001322,-9.862863337023551,11.324318327447408,33.771869010878696,-0.3104176720819785,0.34666567805607984
18140001_10_49,xgboost_direct,6,lags_only,600,8.16076942295324,11.508918777071905,1.3238109284153945,11.324318327447408,33.771869010878696,0.27935888174624074,0.6592158173607562
18140001_10_49,persistence,7,lags_only,598,11.26138537590683,33.77560855199632,,,,,
18140001_10_49,sarima,7,lags_only,598,14.26119948651327,20.67919619649462,-9.682955776472422,11.26138537590683,33.77560855199632,-0.2663805571403668,0.38774763555600344
18140001_10_49,xgboost_direct,7,lags_only,598,8.226260849390943,11.372225127627518,1.8711315144128906,11.26138537590683,33.77560855199632,0.2695160875152522,0.663300659405725
19130001_10_49,persistence,1,lags_only,929,8.056306921817807,22.173731082387953,,,,,
19130001_10_49,sarima,1,lags_only,929,8.492400200426282,20.832579258094214,-1.8613798540758464,8.056306921817807,22.173731082387953,-0.05413066841178333,0.06048381390171106
19130001_10_49,xgboost_direct,1,lags_only,929,12.93698994924523,31.291427039296277,3.5568241713164475,8.056306921817807,22.173731082387953,-0.6058213862495394,-0.411193584112251
19130001_10_49,persistence,2,lags_only,925,11.012348077489953,27.622311195582157,,,,,
19130001_10_49,sarima,2,lags_only,925,10.523359179286958,24.46029448902558,-2.897160224105318,11.012348077489953,27.622311195582157,0.044403690726278866,0.11447328517036992
19130001_10_49,xgboost_direct,2,lags_only,925,12.560136505091517,27.425089740774403,2.2393886996617796,11.012348077489953,27.622311195582157,-0.14055026382296765,0.007139933129103846
19130001_10_49,persistence,3,lags_only,921,12.415113431719101,29.393054307719684,,,,,
19130001_10_49,sarima,3,lags_only,921,11.489751136410204,25.531852488787575,-3.8017264989952237,12.415113431719101,29.393054307719684,0.07453514624721103,0.13136442979040858
19130001_10_49,xgboost_direct,3,lags_only,921,12.476711311984499,24.54951838140887,1.7142098794873832,12.415113431719101,29.393054307719684,-0.004961523759261215,0.16478505008711278
19130001_10_49,persistence,4,lags_only,917,13.376338054721389,29.908956661923902,,,,,
19130001_10_49,sarima,4,lags_only,917,12.04697873086392,25.798949654385503,-4.627377192989515,13.376338054721389,29.908956661923902,0.09938140905374702,0.13741726446682484
19130001_10_49,xgboost_direct,4,lags_only,917,12.33949363896447,26.68326495051108,1.4765126392128554,13.376338054721389,29.908956661923902,0.07751332326644873,0.10785035893677102
19130001_10_49,persistence,5,lags_only,913,13.588436482415144,30.11338906186514,,,,,
19130001_10_49,sarima,5,lags_only,913,12.24759926688458,25.88604814413641,-5.363759499474094,13.588436482415144,30.11338906186514,0.09867487089230229,0.14038077577532215
19130001_10_49,xgboost_direct,5,lags_only,913,12.91216190826878,27.918303524276464,2.348045835996345,13.588436482415144,30.11338906186514,0.049768387630286494,0.07289400515760869
19130001_10_49,persistence,6,lags_only,910,13.452178514340986,30.26425359999256,,,,,
19130001_10_49,sarima,6,lags_only,910,12.43577406767048,26.009073296298595,-6.167263143664378,13.452178514340986,30.26425359999256,0.07555686579589667,0.14060086727845195
19130001_10_49,xgboost_direct,6,lags_only,910,11.756015552273697,23.218184824690947,1.9986673603506955,13.452178514340986,30.26425359999256,0.12608834771699304,0.23281819100614942
19130001_10_49,persistence,7,lags_only,908,13.646858505096239,30.453096246825368,,,,,
19130001_10_49,sarima,7,lags_only,908,12.782793319317395,26.156151360277725,-6.901797536111604,13.646858505096239,30.453096246825368,0.06331605075674884,0.14110042708696932
19130001_10_49,xgboost_direct,7,lags_only,908,11.44263805237342,22.489714711699623,1.0292751246653973,13.646858505096239,30.453096246825368,0.16151852471392458,0.26149661336836644
20009001_10_49,persistence,1,lags_only,593,4.901471104475356,7.415169021762206,,,,,
20009001_10_49,sarima,1,lags_only,593,4.9063169120253045,7.263254385698129,-0.9515701632186319,4.901471104475356,7.415169021762206,-0.000988643500422496,0.020487009212903185
20009001_10_49,xgboost_direct,1,lags_only,593,6.56930188899693,9.248150377744969,1.209842295231345,4.901471104475356,7.415169021762206,-0.3402714713545363,-0.2471934693064025
20009001_10_49,persistence,2,lags_only,592,6.406342290284653,9.482105118726478,,,,,
20009001_10_49,sarima,2,lags_only,592,5.975014946784322,8.778478502431835,-1.4149006629802572,6.406342290284653,9.482105118726478,0.06732817635336899,0.07420573886119776
20009001_10_49,xgboost_direct,2,lags_only,592,7.055729443868902,9.868938500227596,1.847286784009091,6.406342290284653,9.482105118726478,-0.10136629049138664,-0.04079614986941558
20009001_10_49,persistence,3,lags_only,590,6.943418114775112,10.391682275648648,,,,,
20009001_10_49,sarima,3,lags_only,590,6.377581518033842,9.476501033836009,-1.9784015784366564,6.943418114775112,10.391682275648648,0.08149251382935006,0.08806863196320291
20009001_10_49,xgboost_direct,3,lags_only,590,7.2328873012359525,10.157171341484547,1.5356341510223401,6.943418114775112,10.391682275648648,-0.0416897242360891,0.022567177088703167
20009001_10_49,persistence,4,lags_only,589,7.164535503703527,10.67147161949518,,,,,
20009001_10_49,sarima,4,lags_only,589,6.638792347807006,9.706226228630243,-2.3448247347107127,7.164535503703527,10.67147161949518,0.07338133164735539,0.09045101043998274
20009001_10_49,xgboost_direct,4,lags_only,589,7.163267605849293,9.861794643240158,1.722438150278203,7.164535503703527,10.67147161949518,0.00017696860509359904,0.07587303842666503
20009001_10_49,persistence,5,lags_only,589,7.613313000166857,11.07191342005628,,,,,
20009001_10_49,sarima,5,lags_only,589,7.002866479152329,10.054516595231844,-2.8067970299094247,7.613313000166857,11.07191342005628,0.08018145595762963,0.09188988264498771
20009001_10_49,xgboost_direct,5,lags_only,589,7.012992938036701,9.605843261804015,1.7341965032131468,7.613313000166857,11.07191342005628,0.07885135710524435,0.13241344134759434
20009001_10_49,persistence,6,lags_only,590,7.705973788393405,11.43072077015435,,,,,
20009001_10_49,sarima,6,lags_only,590,7.159816550255111,10.312981114997118,-3.2681236766376585,7.705973788393405,11.43072077015435,0.07087452580761511,0.09778382987673478
20009001_10_49,xgboost_direct,6,lags_only,590,7.398235213484013,10.152828305889855,2.0079312278443897,7.705973788393405,11.43072077015435,0.039935066399122955,0.1117945657111209
20009001_10_49,persistence,7,lags_only,590,7.678976919504495,11.25343403694039,,,,,
20009001_10_49,sarima,7,lags_only,590,7.125549442563708,10.162951405139781,-3.5624327871118373,7.678976919504495,11.25343403694039,0.07207047016056127,0.09690221031384769
20009001_10_49,xgboost_direct,7,lags_only,590,7.363203106802428,10.117504142655333,1.9347282917262534,7.678976919504495,11.25343403694039,0.04112185985349251,0.10094073422888225
20016001_10_47,persistence,1,lags_only,155,2.728466879937316,4.013728828911449,,,,,
20016001_10_47,sarima,1,lags_only,155,2.5755807933896127,3.696174861722267,-0.5284105251402247,2.728466879937316,4.013728828911449,0.056033697044992434,0.07911694604323957
20016001_10_47,xgboost_direct,1,lags_only,155,3.1475845985300492,4.329475299112916,-0.7305309040837727,2.728466879937316,4.013728828911449,-0.1536092380943111,-0.07866661741747501
20016001_10_47,persistence,2,lags_only,155,3.761439404324914,5.086476238491156,,,,,
20016001_10_47,sarima,2,lags_only,155,3.1338302812463628,4.430923846996956,-0.7292753712367179,3.761439404324914,5.086476238491156,0.16685344508193448,0.12888144183853728
20016001_10_47,xgboost_direct,2,lags_only,155,3.296163179211236,4.602096936520257,-0.5109007420406891,3.761439404324914,5.086476238491156,0.12369632342839344,0.09522885378003537
20016001_10_47,persistence,3,lags_only,157,3.8889103123358106,5.14445794027744,,,,,
20016001_10_47,sarima,3,lags_only,157,3.321531827019937,4.603500116015165,-1.232413650566756,3.8889103123358106,5.14445794027744,0.1458965210681567,0.10515351287585825
20016001_10_47,xgboost_direct,3,lags_only,157,3.3644395755527583,4.5472701379638885,-0.36222384406251557,3.8889103123358106,5.14445794027744,0.13486316079838764,0.1160837175162803
20016001_10_47,persistence,4,lags_only,156,4.124004774147795,5.479445258062269,,,,,
20016001_10_47,sarima,4,lags_only,156,3.5685304345840287,4.846345233511286,-1.5230425813391373,4.124004774147795,5.479445258062269,0.13469294290003633,0.11554089779790401
20016001_10_47,xgboost_direct,4,lags_only,156,3.703182313737084,5.046782525446277,0.15534402991746543,4.124004774147795,5.479445258062269,0.10204218555922308,0.07896104664598781
20016001_10_47,persistence,5,lags_only,151,4.094298644157707,5.441284072539853,,,,,
20016001_10_47,sarima,5,lags_only,151,3.4020293823850003,4.903176189529489,-1.4121842139637502,4.094298644157707,5.441284072539853,0.16908128154269572,0.0988935471547966
20016001_10_47,xgboost_direct,5,lags_only,151,3.911181723662725,5.273945111589632,0.3247688948885647,4.094298644157707,5.441284072539853,0.04472485678500219,0.030753579250662272
20016001_10_47,persistence,6,lags_only,151,3.9801943230061654,5.504164155063725,,,,,
20016001_10_47,sarima,6,lags_only,151,3.353052616789903,4.872595830704021,-1.4592822658619942,3.9801943230061654,5.504164155063725,0.15756559989829694,0.11474372975934474
20016001_10_47,xgboost_direct,6,lags_only,151,4.190778229663318,5.911653777625692,0.6790803898598026,3.9801943230061654,5.504164155063725,-0.052907946086939335,-0.07403297050780812
20016001_10_47,persistence,7,lags_only,157,4.263066271958691,5.767769524342662,,,,,
20016001_10_47,sarima,7,lags_only,157,3.7066831027069966,5.141838373367994,-1.9977812994795117,4.263066271958691,5.767769524342662,0.1305124372359478,0.10852221960897504
20016001_10_47,xgboost_direct,7,lags_only,157,3.664814989967806,4.882951685278831,-0.9094839827996224,4.263066271958691,5.767769524342662,0.14033356364315092,0.15340728080924337
20018001_10_47,persistence,1,lags_only,863,4.344796715333677,8.2025782442394,,,,,
20018001_10_47,sarima,1,lags_only,863,4.451918100424579,7.963847465085418,-0.9009112872543527,4.344796715333677,8.2025782442394,-0.02465509714478662,0.029104358659625133
20018001_10_47,xgboost_direct,1,lags_only,863,5.30193232849084,8.974077060764715,-0.6715220484837511,4.344796715333677,8.2025782442394,-0.22029468255194423,-0.09405564854771524
20018001_10_47,persistence,2,lags_only,856,5.816505243340116,10.478096999184103,,,,,
20018001_10_47,sarima,2,lags_only,856,5.602122371759189,9.557690138113154,-1.3907056715136676,5.816505243340116,10.478096999184103,0.036857677009127586,0.08784103269349565
20018001_10_47,xgboost_direct,2,lags_only,856,5.554515446733556,9.16338812760545,-0.5527028694704484,5.816505243340116,10.478096999184103,0.04504247579017275,0.12547210353950974
20018001_10_47,persistence,3,lags_only,850,6.4410281625166546,11.42455021330171,,,,,
20018001_10_47,sarima,3,lags_only,850,6.070502109385559,10.173000873987002,-1.8958234722825744,6.4410281625166546,11.42455021330171,0.05752591725764525,0.10954911273946855
20018001_10_47,xgboost_direct,3,lags_only,850,5.419097117869853,9.174123694460036,-0.939991548090117,6.4410281625166546,11.42455021330171,0.1586596144065779,0.19698162963312832
20018001_10_47,persistence,4,lags_only,848,6.795443126859085,11.789202462636277,,,,,
20018001_10_47,sarima,4,lags_only,848,6.301963144872663,10.408513959976904,-2.309909176520658,6.795443126859085,11.789202462636277,0.07261924980814498,0.11711466547760231
20018001_10_47,xgboost_direct,4,lags_only,848,5.419425924481137,9.057889414432161,-0.9934388426226022,6.795443126859085,11.789202462636277,0.20249116601965514,0.23167920449754884
20018001_10_47,persistence,5,lags_only,849,7.012530714677742,11.861337939043397,,,,,
20018001_10_47,sarima,5,lags_only,849,6.54359042273889,10.600644671287242,-2.7958575634059573,7.012530714677742,11.861337939043397,0.0668717629938255,0.10628592442395485
20018001_10_47,xgboost_direct,5,lags_only,849,5.353343508685565,8.95629271258403,-0.8936848111973613,7.012530714677742,11.861337939043397,0.2366031998290397,0.2449171620763766
20018001_10_47,persistence,6,lags_only,848,7.091977778709987,11.960865376655402,,,,,
20018001_10_47,sarima,6,lags_only,848,6.760889054199728,10.80168341809695,-3.235757299171575,7.091977778709987,11.960865376655402,0.04668496360834387,0.09691455610067176
20018001_10_47,xgboost_direct,6,lags_only,848,5.423554944848129,9.167060881463893,-0.7887307018431616,7.091977778709987,11.960865376655402,0.23525494381418383,0.23357879277232832
20018001_10_47,persistence,7,lags_only,847,7.08042208477376,12.044376258079485,,,,,
20018001_10_47,sarima,7,lags_only,847,6.945581016970583,10.914872887378035,-3.7670596802449237,7.08042208477376,12.044376258079485,0.019044213210558283,0.09377848603357669
20018001_10_47,xgboost_direct,7,lags_only,847,5.492094867226192,9.022264940216887,-1.0445473045181097,7.08042208477376,12.044376258079485,0.22432662891146266,0.2509147217843959
20019001_10_49,persistence,1,lags_only,951,5.591786546389915,8.327706848312475,,,,,
20019001_10_49,sarima,1,lags_only,951,5.45535327980287,8.085139063068615,-1.025319719115408,5.591786546389915,8.327706848312475,0.024398868850801583,0.029127800685372858
20019001_10_49,xgboost_direct,1,lags_only,951,6.9313989721802125,9.619724605117208,1.6030762206917508,5.591786546389915,8.327706848312475,-0.23956787596893492,-0.15514688260989234
20019001_10_49,persistence,2,lags_only,947,7.220277944894583,10.71969470640203,,,,,
20019001_10_49,sarima,2,lags_only,947,6.663819284234791,9.778729089424758,-1.5876664512070462,7.220277944894583,10.71969470640203,0.07706886977297883,0.08777914322646785
20019001_10_49,xgboost_direct,2,lags_only,947,7.182418660382147,9.784330354915486,1.7357873525879397,7.220277944894583,10.71969470640203,0.005243466359796578,0.08725662223644531
20019001_10_49,persistence,3,lags_only,943,7.914197105373933,11.790524359325817,,,,,
20019001_10_49,sarima,3,lags_only,943,7.171327457485695,10.39194992407945,-2.148196102200201,7.914197105373933,11.790524359325817,0.09386544686684785,0.11861851030740227
20019001_10_49,xgboost_direct,3,lags_only,943,7.14654736471344,9.810830968336731,1.6157502925598806,7.914197105373933,11.790524359325817,0.09699654057633218,0.16790545786229008
20019001_10_49,persistence,4,lags_only,943,8.19023116069612,12.071784409429224,,,,,
20019001_10_49,sarima,4,lags_only,943,7.339718382032138,10.562941038230559,-2.7132233228641707,8.19023116069612,12.071784409429224,0.10384478312962463,0.12498925759642573
20019001_10_49,xgboost_direct,4,lags_only,943,7.023255527867573,9.554872826339905,1.457018184445722,8.19023116069612,12.071784409429224,0.1424838456854204,0.20849540529595356
20019001_10_49,persistence,5,lags_only,944,8.34954997361428,12.026946442514014,,,,,
20019001_10_49,sarima,5,lags_only,944,7.564635384396896,10.689460846517875,-3.2086682547399072,8.34954997361428,12.026946442514014,0.09400681374419247,0.11120741265366121
20019001_10_49,xgboost_direct,5,lags_only,944,7.0811999274970505,9.59318838033985,1.4545229142908682,8.34954997361428,12.026946442514014,0.1519063961681036,0.20235876777259773
20019001_10_49,persistence,6,lags_only,941,8.502039190460389,12.059636140874078,,,,,
20019001_10_49,sarima,6,lags_only,941,7.765788156508402,10.911272000601926,-3.752192041777876,8.502039190460389,12.059636140874078,0.08659699366924678,0.09522378012550212
20019001_10_49,xgboost_direct,6,lags_only,941,7.273923094008039,9.814736306765417,1.2120350029858598,8.502039190460389,12.059636140874078,0.14444959249662634,0.1861498811311526
20019001_10_49,persistence,7,lags_only,939,8.547720624292845,12.124913845383364,,,,,
20019001_10_49,sarima,7,lags_only,939,7.862266885307231,11.09183102714668,-4.238797494639747,8.547720624292845,12.124913845383364,0.08019140647128037,0.0852033120738451
20019001_10_49,xgboost_direct,7,lags_only,939,7.185345332677552,9.686344999356663,1.2768181845766484,8.547720624292845,12.124913845383364,0.159384630300549,0.20112050915357235
20040001_10_47,persistence,1,lags_only,940,5.1522168526817005,9.256462034557995,,,,,
20040001_10_47,sarima,1,lags_only,940,5.234203952633957,9.009574764711777,-1.2151136754241973,5.1522168526817005,9.256462034557995,-0.015912975384485828,0.02667188272630414
20040001_10_47,xgboost_direct,1,lags_only,940,6.422024376529144,10.701537272888858,-0.9639745944855722,5.1522168526817005,9.256462034557995,-0.24645847800185583,-0.15611528821009932
20040001_10_47,persistence,2,lags_only,934,6.784818103926268,11.482430244995834,,,,,
20040001_10_47,sarima,2,lags_only,934,6.446354933229687,10.624237622669494,-1.7357714233395065,6.784818103926268,11.482430244995834,0.04988537135589795,0.07473963298843901
20040001_10_47,xgboost_direct,2,lags_only,934,6.823723545684327,11.084951346548054,-0.9714963240683182,6.784818103926268,11.482430244995834,-0.005734190830487444,0.03461626937564069
20040001_10_47,persistence,3,lags_only,932,7.7128485546063335,13.077213743058747,,,,,
20040001_10_47,sarima,3,lags_only,932,7.078548007966346,11.617059283260655,-2.219290976184875,7.7128485546063335,13.077213743058747,0.0822394660220788,0.11165638862277734
20040001_10_47,xgboost_direct,3,lags_only,932,7.140190909928832,11.424272295212003,-1.0581288184331943,7.7128485546063335,13.077213743058747,0.07424723053008653,0.1263985953218903
20040001_10_47,persistence,4,lags_only,932,8.020647320731046,13.386822545411105,,,,,
20040001_10_47,sarima,4,lags_only,932,7.4107047481298,11.712281632016023,-2.627207162313693,8.020647320731046,13.386822545411105,0.07604655188175663,0.12508875109942363
20040001_10_47,xgboost_direct,4,lags_only,932,7.141871298108812,11.087672147816747,-0.8131768818006511,8.020647320731046,13.386822545411105,0.10956422686119763,0.17174728280703838
20040001_10_47,persistence,5,lags_only,935,8.331597060065777,13.495303716860596,,,,,
20040001_10_47,sarima,5,lags_only,935,7.639367894709663,11.935697275084054,-3.129703977733195,8.331597060065777,13.495303716860596,0.08308481079504448,0.11556660557613234
20040001_10_47,xgboost_direct,5,lags_only,935,7.008915915312854,10.769518616052173,-0.7102831684991995,8.331597060065777,13.495303716860596,0.15875481437918704,0.20198027091475648
20040001_10_47,persistence,6,lags_only,934,8.488379607748456,13.707240299371033,,,,,
20040001_10_47,sarima,6,lags_only,934,7.79551228489923,12.02058523598875,-3.5105133956074486,8.488379607748456,13.707240299371033,0.08162539316888648,0.12304847850808276
20040001_10_47,xgboost_direct,6,lags_only,934,6.832740617028211,10.668518225276005,-1.0890152677072382,8.488379607748456,13.707240299371033,0.1950477084235166,0.22168737161735338
20040001_10_47,persistence,7,lags_only,931,8.605582690194534,13.849695847407483,,,,,
20040001_10_47,sarima,7,lags_only,931,7.984074279476666,12.161948902157269,-3.9457767317633405,8.605582690194534,13.849695847407483,0.07222153723838293,0.12186166135671081
20040001_10_47,xgboost_direct,7,lags_only,931,6.933137480242002,10.712751951065632,-1.1220525216677464,8.605582690194534,13.849695847407483,0.19434421469892654,0.22649911816865304
20055001_10_47,persistence,1,lags_only,970,5.2862511666579355,8.633287486967337,,,,,
20055001_10_47,sarima,1,lags_only,970,5.250669193828458,8.383057902242298,-1.6425078304320402,5.2862511666579355,8.633287486967337,0.006731040903599863,0.02898427570062753
20055001_10_47,xgboost_direct,1,lags_only,970,6.267017808815154,9.803394284274912,-0.8573947717212475,5.2862511666579355,8.633287486967337,-0.18553160098468735,-0.1355343256058539
20055001_10_47,persistence,2,lags_only,969,7.234957637447879,11.495638804502258,,,,,
20055001_10_47,sarima,2,lags_only,969,6.89618125450458,10.681018129554229,-2.9435375720285215,7.234957637447879,11.495638804502258,0.04682492972589145,0.07086345428920261
20055001_10_47,xgboost_direct,2,lags_only,969,6.493925270581819,9.912969560217835,-1.0847810691565385,7.234957637447879,11.495638804502258,0.10242387087804124,0.1376756238778633
20055001_10_47,persistence,3,lags_only,966,7.944099861116469,12.674274295604302,,,,,
20055001_10_47,sarima,3,lags_only,966,7.570868226283174,11.59136075599014,-4.12213913846881,7.944099861116469,12.674274295604302,0.04698224359692788,0.08544185760519159
20055001_10_47,xgboost_direct,3,lags_only,966,6.734031598585528,10.034178654695914,-1.2248363437470762,7.944099861116469,12.674274295604302,0.15232289166627844,0.20830349567422787
20055001_10_47,persistence,4,lags_only,963,8.38837613279913,13.082724469619833,,,,,
20055001_10_47,sarima,4,lags_only,963,7.97890167875661,12.078937123773288,-5.208778259637747,8.38837613279913,13.082724469619833,0.04881450802396042,0.0767261703154797
20055001_10_47,xgboost_direct,4,lags_only,963,6.714358790029444,10.142014231194993,-1.2808481401546135,8.38837613279913,13.082724469619833,0.1995639342189441,0.22477812211467396
20055001_10_47,persistence,5,lags_only,962,8.352188210340383,12.894340555016436,,,,,
20055001_10_47,sarima,5,lags_only,962,8.33029752823375,12.298244955260266,-6.119187059119816,8.352188210340383,12.894340555016436,0.0026209517261035517,0.046229242760636106
20055001_10_47,xgboost_direct,5,lags_only,962,6.714563835741084,10.13864495027666,-1.0113000945314712,8.352188210340383,12.894340555016436,0.19607129692933004,0.2137135740274593
20055001_10_47,persistence,6,lags_only,960,8.254868027126859,12.690301957212835,,,,,
20055001_10_47,sarima,6,lags_only,960,8.790336786764776,12.707615683782244,-7.0221898299178935,8.254868027126859,12.690301957212835,-0.06486702850709158,-0.0013643273917188475
20055001_10_47,xgboost_direct,6,lags_only,960,6.709373487626843,10.105737664634853,-1.2649881072036218,8.254868027126859,12.690301957212835,0.1872221983950883,0.2036645228216168
20055001_10_47,persistence,7,lags_only,960,8.24595229272539,12.813381659304897,,,,,
20055001_10_47,sarima,7,lags_only,960,9.350847677802923,13.252100861149094,-7.869396461285019,8.24595229272539,12.813381659304897,-0.13399245421929937,-0.034239142601797515
20055001_10_47,xgboost_direct,7,lags_only,960,6.784009408433421,10.232216627068812,-1.3265159293062356,8.24595229272539,12.813381659304897,0.17729218316988088,0.20144292122616037
20069002_10_49,persistence,1,lags_only,907,6.686519345371548,10.62244021940049,,,,,
20069002_10_49,sarima,1,lags_only,907,6.395394341114825,9.836294632839122,-0.8206659245680488,6.686519345371548,10.62244021940049,0.04353909548743647,0.07400800289989641
20069002_10_49,xgboost_direct,1,lags_only,907,7.390943576895073,10.694223234125767,-0.4478711775243743,6.686519345371548,10.62244021940049,-0.10534991303227623,-0.0067576765077175666
20069002_10_49,persistence,2,lags_only,904,8.406393344956886,12.756167034854318,,,,,
20069002_10_49,sarima,2,lags_only,904,7.376105171330941,11.071221947368182,-1.156812725196475,8.406393344956886,12.756167034854318,0.12256007200091688,0.13208866604539404
20069002_10_49,xgboost_direct,2,lags_only,904,7.594353858840135,11.097825324727483,-0.9444059840584506,8.406393344956886,12.756167034854318,0.09659784556761251,0.1300031353929174
20069002_10_49,persistence,3,lags_only,899,8.741433549481075,13.517569968391653,,,,,
20069002_10_49,sarima,3,lags_only,899,7.714519043492109,11.56747996475611,-1.4280638545251898,8.741433549481075,13.517569968391653,0.11747667017956426,0.144263355632371
20069002_10_49,xgboost_direct,3,lags_only,899,7.5334863826953855,11.1343207243608,-0.9653187255883984,8.741433549481075,13.517569968391653,0.1381863924204283,0.17630752047917211
20069002_10_49,persistence,4,lags_only,899,9.423634403830873,14.319097430255065,,,,,
20069002_10_49,sarima,4,lags_only,899,8.094638433843624,11.97614223535455,-1.7301845186101057,9.423634403830873,14.319097430255065,0.14102796363226788,0.16362450261355477
20069002_10_49,xgboost_direct,4,lags_only,899,7.6318739567344975,11.276185534288372,-1.0209468265136863,9.423634403830873,14.319097430255065,0.19013475802584118,0.21250724152049366
20069002_10_49,persistence,5,lags_only,900,9.683894163383869,14.348195746777682,,,,,
20069002_10_49,sarima,5,lags_only,900,8.230662944218963,12.075863353213661,-1.9983719772208959,9.683894163383869,14.348195746777682,0.15006682173993308,0.15837060168867165
20069002_10_49,xgboost_direct,5,lags_only,900,7.645420188332117,10.989107005663564,-0.6634531688581394,9.683894163383869,14.348195746777682,0.21050147189335272,0.234112274490575
20069002_10_49,persistence,6,lags_only,898,9.58676616627619,14.293162796110675,,,,,
20069002_10_49,sarima,6,lags_only,898,8.274057932198327,12.207210470072376,-2.300093817830279,9.58676616627619,14.293162796110675,0.13692920128746208,0.14594057003296076
20069002_10_49,xgboost_direct,6,lags_only,898,7.871248355899273,11.168497499292288,-0.720176665475974,9.58676616627619,14.293162796110675,0.17894645395771444,0.21861258710833703
20069002_10_49,persistence,7,lags_only,898,9.586510704099881,14.452847334757918,,,,,
20069002_10_49,sarima,7,lags_only,898,8.420229301181188,12.299252370652969,-2.572586495458352,9.586510704099881,14.452847334757918,0.12165859288300881,0.14900835207230956
20069002_10_49,xgboost_direct,7,lags_only,898,7.787604484799732,11.323897463659456,-0.6704349400207829,9.586510704099881,14.452847334757918,0.18764973772269483,0.21649366374842918
20069004_10_47,persistence,1,lags_only,71,5.056206806053714,6.756967299723901,,,,,
20069004_10_47,sarima,1,lags_only,71,4.9472477260713195,6.386784702954073,-1.049785465069879,5.056206806053714,6.756967299723901,0.02154956950177346,0.054785317191775394
20069004_10_47,xgboost_direct,1,lags_only,71,7.912590649327664,9.762535270554338,-5.47304841831653,5.056206806053714,6.756967299723901,-0.564926228858766,-0.44481019923734844
20069004_10_47,persistence,2,lags_only,70,6.522485950902101,8.155178254137821,,,,,
20069004_10_47,sarima,2,lags_only,70,5.976541962662567,7.451843119525611,-1.4460477797787448,6.522485950902101,8.155178254137821,0.08370182662701275,0.08624399279750239
20069004_10_47,xgboost_direct,2,lags_only,70,9.085810839847463,10.988466203101174,-5.431123903795131,6.522485950902101,8.155178254137821,-0.392998146449183,-0.34742195212296956
20069004_10_47,persistence,3,lags_only,69,6.6061451675818414,8.454896365709393,,,,,
20069004_10_47,sarima,3,lags_only,69,6.2296656997573745,7.659371418511844,-1.594141249674508,6.6061451675818414,8.454896365709393,0.056989281687595136,0.09409044331092781
20069004_10_47,xgboost_direct,3,lags_only,69,8.00858295741435,9.892677218016557,-3.7198205109132587,6.6061451675818414,8.454896365709393,-0.21229291126005723,-0.17005304265329443
20069004_10_47,persistence,4,lags_only,68,7.422219431250762,9.465798284608926,,,,,
20069004_10_47,sarima,4,lags_only,68,6.6086943561218,8.266388253631677,-1.9296881110515651,7.422219431250762,9.465798284608926,0.10960671301412468,0.12670986586809593
20069004_10_47,xgboost_direct,4,lags_only,68,7.776087430471614,9.682216570436191,-3.467751266884504,7.422219431250762,9.465798284608926,-0.04767684417021063,-0.022863183782307502
20069004_10_47,persistence,5,lags_only,67,7.958900444137305,9.745302389441923,,,,,
20069004_10_47,sarima,5,lags_only,67,6.766204811421576,8.544453143002752,-2.319670782612435,7.958900444137305,9.745302389441923,0.14985683526099303,0.12322339507290951
20069004_10_47,xgboost_direct,5,lags_only,67,7.612892374005973,10.08604560643874,-2.96253671928252,7.958900444137305,9.745302389441923,0.043474355856053984,-0.03496486854691944
20069004_10_47,persistence,6,lags_only,66,7.596822259865739,9.558350416756412,,,,,
20069004_10_47,sarima,6,lags_only,66,6.431890976842945,8.178866791532696,-2.504644126549737,7.596822259865739,9.558350416756412,0.15334454896716013,0.14432235323841971
20069004_10_47,xgboost_direct,6,lags_only,66,9.082177890974187,10.843385867633938,-6.123106404962615,7.596822259865739,9.558350416756412,-0.1955232833280344,-0.13444113208329078
20069004_10_47,persistence,7,lags_only,65,7.680363115145724,9.905254918445022,,,,,
20069004_10_47,sarima,7,lags_only,65,6.581276453336206,8.295087158398038,-2.8192762630523327,7.680363115145724,9.905254918445022,0.1431034764023217,0.1625569228964131
20069004_10_47,xgboost_direct,7,lags_only,65,8.230653958575436,9.979759041814997,-5.645545482609263,7.680363115145724,9.905254918445022,-0.07164906595946424,-0.007521676522553429
20069005_10_47,persistence,1,lags_only,121,3.8284457038948596,5.641687421027842,,,,,
20069005_10_47,sarima,1,lags_only,121,3.8165242212896096,5.599302931510527,-0.9099721662036636,3.8284457038948596,5.641687421027842,0.003113922340108354,0.007512732690460363
20069005_10_47,xgboost_direct,1,lags_only,121,6.308913932369306,8.394344651902243,3.779047005008243,3.8284457038948596,5.641687421027842,-0.6479047687553589,-0.4879138146886029
20069005_10_47,persistence,2,lags_only,119,5.400020482501302,7.714330721254091,,,,,
20069005_10_47,sarima,2,lags_only,119,4.790081480382653,6.781829750697136,-1.4774162717231705,5.400020482501302,7.714330721254091,0.11295123862865866,0.12087905020558434
20069005_10_47,xgboost_direct,2,lags_only,119,5.994857107016703,8.294956819796298,3.1896831534181023,5.400020482501302,7.714330721254091,-0.1101545126436023,-0.07526590698821073
20069005_10_47,persistence,3,lags_only,117,5.638815693163518,8.256448671086734,,,,,
20069005_10_47,sarima,3,lags_only,117,4.9597531791106855,7.262844632675971,-1.869694790615192,5.638815693163518,8.256448671086734,0.1204264425375927,0.12034278634714535
20069005_10_47,xgboost_direct,3,lags_only,117,5.9330469167897135,7.957663113406977,2.8259391669436225,5.638815693163518,8.256448671086734,-0.05217961352823088,0.03618814451376337
20069005_10_47,persistence,4,lags_only,117,6.161718917153702,8.744369715773255,,,,,
20069005_10_47,sarima,4,lags_only,117,5.204005985629225,7.571926002780176,-2.177689479489346,6.161718917153702,8.744369715773255,0.1554295066687131,0.1340798423559566
20069005_10_47,xgboost_direct,4,lags_only,117,6.790701449157009,8.94606839436155,3.8169902475127517,6.161718917153702,8.744369715773255,-0.10207906924353088,-0.02306611970265478
20069005_10_47,persistence,5,lags_only,117,6.063438172133822,8.60622091898345,,,,,
20069005_10_47,sarima,5,lags_only,117,5.304741383812552,7.512352574562967,-2.496633234806473,6.063438172133822,8.60622091898345,0.12512649866012773,0.12710205265677615
20069005_10_47,xgboost_direct,5,lags_only,117,7.053036839919343,8.95152361271438,4.01107637408875,6.063438172133822,8.60622091898345,-0.16320751357431,-0.04012245293044571
20069005_10_47,persistence,6,lags_only,116,6.002612330198538,8.31179134696747,,,,,
20069005_10_47,sarima,6,lags_only,116,5.526066025129729,7.636656096592426,-2.860004947266442,6.002612330198538,8.31179134696747,0.07938981877462797,0.08122620289564468
20069005_10_47,xgboost_direct,6,lags_only,116,6.543497576305636,8.074404401843621,3.2356451240978195,6.002612330198538,8.31179134696747,-0.09010830890843298,0.028560262789856756
20069005_10_47,persistence,7,lags_only,116,6.298379219481169,8.7808220357912,,,,,
20069005_10_47,sarima,7,lags_only,116,5.917443074251261,8.084492555101935,-3.216225051824951,6.298379219481169,8.7808220357912,0.06048161470678928,0.0793011722423004
20069005_10_47,xgboost_direct,7,lags_only,116,6.804875374035304,8.615709049595289,3.3049708205606922,6.298379219481169,8.7808220357912,-0.08041690360394937,0.01880381876809484
20069006_10_46,persistence,1,lags_only,681,5.604899896438874,9.700434308715044,,,,,
20069006_10_46,sarima,1,lags_only,681,5.500841691216954,9.31113654812351,-1.130351186123971,5.604899896438874,9.700434308715044,0.018565577823795573,0.04013199287806956
20069006_10_46,xgboost_direct,1,lags_only,681,6.651533817997187,10.71641613091571,-0.5280383240110413,5.604899896438874,9.700434308715044,-0.18673552443341618,-0.10473570459498813
20069006_10_46,persistence,2,lags_only,680,7.121825938873573,12.18089624225212,,,,,
20069006_10_46,sarima,2,lags_only,680,6.712448616834094,11.081950008564439,-1.6482333296994418,7.121825938873573,12.18089624225212,0.057482073495358145,0.09021883216406881
20069006_10_46,xgboost_direct,2,lags_only,680,6.957568944190662,11.03277800018077,-0.5703110562676859,7.121825938873573,12.18089624225212,0.02306388784178723,0.0942556458275089
20069006_10_46,persistence,3,lags_only,679,7.824720438682786,13.111303785470392,,,,,
20069006_10_46,sarima,3,lags_only,679,7.2529475505501635,11.761236961088322,-2.161306138192929,7.824720438682786,13.111303785470392,0.07307262829557078,0.10296968527860512
20069006_10_46,xgboost_direct,3,lags_only,679,7.231232519866322,11.227388929384706,-0.5592886668793657,7.824720438682786,13.111303785470392,0.07584781123712224,0.14368630968442608
20069006_10_46,persistence,4,lags_only,679,8.248847409873855,13.779215169078096,,,,,
20069006_10_46,sarima,4,lags_only,679,7.704052681941755,12.285679959254407,-2.671019157109517,8.248847409873855,13.779215169078096,0.06604495159893267,0.10839044107354731
20069006_10_46,xgboost_direct,4,lags_only,679,7.148057853423105,11.107132080136923,-0.31327011622941453,8.248847409873855,13.779215169078096,0.13344768084000524,0.19392128333532294
20069006_10_46,persistence,5,lags_only,680,8.680543976483875,14.361432030683522,,,,,
20069006_10_46,sarima,5,lags_only,680,8.018249579125568,12.689677790963259,-3.152591645040772,8.680543976483875,14.361432030683522,0.07629641634815783,0.11640581775887827
20069006_10_46,xgboost_direct,5,lags_only,680,7.264580707834026,11.332561979740854,-0.1235313823318381,8.680543976483875,14.361432030683522,0.1631191861346225,0.21090306624516408
20069006_10_46,persistence,6,lags_only,678,8.795166354636343,14.587224944162532,,,,,
20069006_10_46,sarima,6,lags_only,678,8.092521627953492,12.776388585104051,-3.5746762162598475,8.795166354636343,14.587224944162532,0.0798898734089839,0.12413850927712851
20069006_10_46,xgboost_direct,6,lags_only,678,7.450443807456021,11.457138970898164,-0.6159056721152248,8.795166354636343,14.587224944162532,0.15289336130310444,0.2145772060995711
20069006_10_46,persistence,7,lags_only,677,8.909984838337223,14.51020813838093,,,,,
20069006_10_46,sarima,7,lags_only,677,8.13124364654396,12.626947361532443,-4.002865700170072,8.909984838337223,14.51020813838093,0.08740095588519456,0.12978868110561953
20069006_10_46,xgboost_direct,7,lags_only,677,7.013420438074112,10.774766604525485,-0.8492181572250144,8.909984838337223,14.51020813838093,0.212858319590255,0.2574354205143918
20069007_10_49,persistence,1,lags_only,660,4.522168573082604,6.848468211351566,,,,,
20069007_10_49,sarima,1,lags_only,660,4.436541836348587,6.645605896416014,-0.8880305058000165,4.522168573082604,6.848468211351566,0.018934883861626717,0.02962156042416914
20069007_10_49,xgboost_direct,1,lags_only,660,6.317227399153021,9.166183055509137,1.6376877521930937,4.522168573082604,6.848468211351566,-0.39694646430369307,-0.33842821089771297
20069007_10_49,persistence,2,lags_only,658,5.746556242700773,8.596812131141752,,,,,
20069007_10_49,sarima,2,lags_only,658,5.386707231620547,7.950013470312576,-1.3104746193355348,5.746556242700773,8.596812131141752,0.06261994068835632,0.07523703565489849
20069007_10_49,xgboost_direct,2,lags_only,658,6.678972327502528,9.228095829393762,1.8993566451713402,5.746556242700773,8.596812131141752,-0.1622564968342739,-0.07343230125562476
20069007_10_49,persistence,3,lags_only,659,6.170042418328776,9.366035420429158,,,,,
20069007_10_49,sarima,3,lags_only,659,5.752052567375517,8.61678106411641,-1.773731721462095,6.170042418328776,9.366035420429158,0.0677450530504579,0.07999695951164974
20069007_10_49,xgboost_direct,3,lags_only,659,6.76218257549707,9.41431885659124,1.8846851425864197,6.170042418328776,9.366035420429158,-0.09597019226468816,-0.005155162669657052
20069007_10_49,persistence,4,lags_only,659,6.64637168450284,10.064446027475606,,,,,
20069007_10_49,sarima,4,lags_only,659,6.1606354252849655,9.095532930924401,-2.1715809491087996,6.64637168450284,10.064446027475606,0.07308292137053553,0.09627088206406037
20069007_10_49,xgboost_direct,4,lags_only,659,6.7283254332106095,9.417864274449906,1.409185139566707,6.64637168450284,10.064446027475606,-0.012330599701316483,0.0642441472944018
20069007_10_49,persistence,5,lags_only,660,7.0324735662368285,10.497343236262571,,,,,
20069007_10_49,sarima,5,lags_only,660,6.443663683180415,9.381045334529961,-2.5440734828923963,7.0324735662368285,10.497343236262571,0.08372727995499503,0.10634099282153717
20069007_10_49,xgboost_direct,5,lags_only,660,6.556901925738996,9.222806988603315,1.7057438955413042,7.0324735662368285,10.497343236262571,0.06762508753407472,0.12141512561544443
20069007_10_49,persistence,6,lags_only,658,7.1681582047945165,10.686621611002417,,,,,
20069007_10_49,sarima,6,lags_only,658,6.5885486026131606,9.521482837723386,-3.0192240792536107,7.1681582047945165,10.686621611002417,0.08085892995409566,0.10902779341222876
20069007_10_49,xgboost_direct,6,lags_only,658,6.6702221633887735,9.330461236012988,1.8917142436950345,7.1681582047945165,10.686621611002417,0.06946499047310255,0.12690262875904515
20069007_10_49,persistence,7,lags_only,656,7.295715202036712,10.751357459386604,,,,,
20069007_10_49,sarima,7,lags_only,656,6.690185802216424,9.53394003851718,-3.3799135737757746,7.295715202036712,10.751357459386604,0.08299794921425191,0.11323383353853078
20069007_10_49,xgboost_direct,7,lags_only,656,6.502787672221841,8.881861052959131,1.7515423423241832,7.295715202036712,10.751357459386604,0.1086840025764044,0.17388468511902058
20071001_10_47,persistence,1,lags_only,401,4.4382665435137225,7.714518195790518,,,,,
20071001_10_47,sarima,1,lags_only,401,4.4459888609544125,7.417066373044087,-0.8297705425442389,4.4382665435137225,7.714518195790518,-0.0017399399889526006,0.038557407630296005
20071001_10_47,xgboost_direct,1,lags_only,401,5.042593194084942,8.270570143193172,-0.35429304088714214,4.4382665435137225,7.714518195790518,-0.1361627663968062,-0.0720786357994551
20071001_10_47,persistence,2,lags_only,398,5.729584681682557,9.091388772325203,,,,,
20071001_10_47,sarima,2,lags_only,398,5.4251129977028745,8.424414643426804,-1.332726195289107,5.729584681682557,9.091388772325203,0.05314027122298691,0.07336328316843221
20071001_10_47,xgboost_direct,2,lags_only,398,5.304895235544839,8.196811721264607,-0.2267840129955475,5.729584681682557,9.091388772325203,0.07412220426647101,0.09839828363558142
20071001_10_47,persistence,3,lags_only,397,6.3474792562044495,10.331020227174616,,,,,
20071001_10_47,sarima,3,lags_only,397,5.894714733261896,9.194172949388259,-1.895640162549318,6.3474792562044495,10.331020227174616,0.07132981529636212,0.11004211131016904
20071001_10_47,xgboost_direct,3,lags_only,397,5.4759791303117025,8.535849512309909,-0.8988136208747851,6.3474792562044495,10.331020227174616,0.13729861740641133,0.1737650953526068
20071001_10_47,persistence,4,lags_only,395,6.814146001291817,10.840622805818196,,,,,
20071001_10_47,sarima,4,lags_only,395,6.052201821739675,9.429947838961406,-2.270846770677601,6.814146001291817,10.840622805818196,0.11181800029052712,0.13012859059164725
20071001_10_47,xgboost_direct,4,lags_only,395,5.5580091631486415,8.528306883765666,-0.5537413247896791,6.814146001291817,10.840622805818196,0.18434251891653614,0.21330102185748065
20071001_10_47,persistence,5,lags_only,394,6.507802702317681,9.522710021602919,,,,,
20071001_10_47,sarima,5,lags_only,394,5.903078740288615,8.226992321731409,-2.5569077468474717,6.507802702317681,9.522710021602919,0.09292290957341107,0.13606606700530477
20071001_10_47,xgboost_direct,5,lags_only,394,5.331490158945451,7.599670205820161,-0.39769448851972405,6.507802702317681,9.522710021602919,0.1807541803554216,0.20194249446010754
20071001_10_47,persistence,6,lags_only,393,6.6048659241512135,10.142807137286916,,,,,
20071001_10_47,sarima,6,lags_only,393,6.310959568404909,9.400623183437533,-3.1696328566108325,6.6048659241512135,10.142807137286916,0.04449845903330337,0.07317342662673443
20071001_10_47,xgboost_direct,6,lags_only,393,5.426567278510944,8.468775859520525,-0.6727910822907793,6.6048659241512135,10.142807137286916,0.17839857147315102,0.16504615094299965
20071001_10_47,persistence,7,lags_only,392,6.633054186041857,10.333254978412377,,,,,
20071001_10_47,sarima,7,lags_only,392,6.580012324106357,9.729983667870101,-3.559364568257378,6.633054186041857,10.333254978412377,0.007996597110139376,0.05838153726029159
20071001_10_47,xgboost_direct,7,lags_only,392,5.513375178810866,8.257332194929484,-0.772056523281682,6.633054186041857,10.333254978412377,0.1688029338863486,0.20089727659094717
20073001_10_49,persistence,1,lags_only,687,5.793791340402314,8.571249445630148,,,,,
20073001_10_49,sarima,1,lags_only,687,5.739201523422783,8.392308677454587,-1.1152090851628198,5.793791340402314,8.571249445630148,0.009422123402832192,0.020876859238624777
20073001_10_49,xgboost_direct,1,lags_only,687,7.396400299050988,10.553142871796993,-0.06440050998214723,5.793791340402314,8.571249445630148,-0.27660798680702764,-0.2312257318770798
20073001_10_49,persistence,2,lags_only,686,7.682988059707226,11.166497400999464,,,,,
20073001_10_49,sarima,2,lags_only,686,7.063374050500634,10.137024973091705,-1.658096193343995,7.682988059707226,11.166497400999464,0.08064752989219183,0.09219295818003016
20073001_10_49,xgboost_direct,2,lags_only,686,7.71943280067148,10.711062104290829,-0.6077565024909461,7.682988059707226,11.166497400999464,-0.004743563400206907,0.040785868688589126
20073001_10_49,persistence,3,lags_only,685,8.289456243534312,12.02848304050049,,,,,
20073001_10_49,sarima,3,lags_only,685,7.54591647811205,10.781709588200783,-2.1723358000993405,8.289456243534312,12.02848304050049,0.08969704930914084,0.10365176124884237
20073001_10_49,xgboost_direct,3,lags_only,685,7.855595686568315,10.981957530092137,-0.3650893600670558,8.289456243534312,12.02848304050049,0.052338843974766576,0.08700394778665359
20073001_10_49,persistence,4,lags_only,684,8.692706183552867,12.483937008967933,,,,,
20073001_10_49,sarima,4,lags_only,684,7.94635825430301,11.195071748788626,-2.6692110699996268,8.692706183552867,12.483937008967933,0.08585909997303173,0.10324189069949972
20073001_10_49,xgboost_direct,4,lags_only,684,7.948940191219553,11.065644694546448,0.05849384793512264,8.692706183552867,12.483937008967933,0.08556207659940974,0.11360937766688858
20073001_10_49,persistence,5,lags_only,684,9.055335851431389,12.909287969423254,,,,,
20073001_10_49,sarima,5,lags_only,684,8.226000491539137,11.561192350400843,-3.105470310628266,9.055335851431389,12.909287969423254,0.09158526790159388,0.10442834819515143
20073001_10_49,xgboost_direct,5,lags_only,684,7.801423727137733,10.861712496402138,0.2866329677725404,9.055335851431389,12.909287969423254,0.13847218312675266,0.15861258017258367
20073001_10_49,persistence,6,lags_only,682,9.243932949833116,13.261230169988991,,,,,
20073001_10_49,sarima,6,lags_only,682,8.373961617021095,11.789394136072206,-3.5031088536351147,9.243932949833116,13.261230169988991,0.09411268315481745,0.11098789592293212
20073001_10_49,xgboost_direct,6,lags_only,682,7.7975420282840044,10.891086180138172,0.02868702718108045,9.243932949833116,13.261230169988991,0.15646921385071536,0.17872730956850486
20073001_10_49,persistence,7,lags_only,681,9.294298361622628,13.342444294477893,,,,,
20073001_10_49,sarima,7,lags_only,681,8.500542533363644,11.843158592576687,-3.946820286371913,9.294298361622628,13.342444294477893,0.08540244754101133,0.11236964298376147
20073001_10_49,xgboost_direct,7,lags_only,681,7.84363992148522,11.248735559827423,-0.4434565256834712,9.294298361622628,13.342444294477893,0.15608046822849653,0.15692092756325043
20080001_10_49,persistence,1,lags_only,1016,4.327749570491331,7.110423185760164,,,,,
20080001_10_49,sarima,1,lags_only,1016,4.3158637498739845,6.9179522859274085,-1.272901761876111,4.327749570491331,7.110423185760164,0.002746420610469262,0.027068838914990453
20080001_10_49,xgboost_direct,1,lags_only,1016,5.404717068553758,8.405670538216059,-0.6872321723652662,4.327749570491331,7.110423185760164,-0.24885162149993767,-0.18216178117919188
20080001_10_49,persistence,2,lags_only,1014,5.877509891990177,9.312922746537346,,,,,
20080001_10_49,sarima,2,lags_only,1014,5.636589977347037,8.714932669960628,-2.210026944714341,5.877509891990177,9.312922746537346,0.04099013341882478,0.06421078461099201
20080001_10_49,xgboost_direct,2,lags_only,1014,5.506916780879285,8.547508213435343,-0.934616674193791,5.877509891990177,9.312922746537346,0.06305274136857393,0.08218843363503615
20080001_10_49,persistence,3,lags_only,1012,6.454941557126607,10.231185905605756,,,,,
20080001_10_49,sarima,3,lags_only,1012,6.200215939338488,9.444365022252574,-3.0831419324406637,6.454941557126607,10.231185905605756,0.03946211062234762,0.0769041722643389
20080001_10_49,xgboost_direct,3,lags_only,1012,5.62390242514154,8.695522492428521,-0.8677894317386389,6.454941557126607,10.231185905605756,0.1287446407733242,0.15009632581652443
20080001_10_49,persistence,4,lags_only,1012,6.792986792952818,10.566946159963729,,,,,
20080001_10_49,sarima,4,lags_only,1012,6.493961941014311,9.75322499991451,-3.790652251405223,6.792986792952818,10.566946159963729,0.044019642765789256,0.0770062748244392
20080001_10_49,xgboost_direct,4,lags_only,1012,5.511072666246319,8.659440224284856,-0.8886685986093592,6.792986792952818,10.566946159963729,0.18871141160415367,0.18051629172731784
20080001_10_49,persistence,5,lags_only,1013,6.897223125888914,10.348686204677065,,,,,
20080001_10_49,sarima,5,lags_only,1013,6.708544231584895,9.630811562249901,-4.395102711391251,6.897223125888914,10.348686204677065,0.027355776500227663,0.06936867426734054
20080001_10_49,xgboost_direct,5,lags_only,1013,5.3761903111508875,8.11922395748307,-1.0644993240813199,6.897223125888914,10.348686204677065,0.22052828899050525,0.21543432693769327
20080001_10_49,persistence,6,lags_only,1011,6.967165540909845,10.584457435580722,,,,,
20080001_10_49,sarima,6,lags_only,1011,7.007320135887102,10.14262104490815,-5.031852395640718,6.967165540909845,10.584457435580722,-0.005763404750680339,0.04174388657724621
20080001_10_49,xgboost_direct,6,lags_only,1011,5.393229725751414,8.317650339835904,-1.1153679491231583,6.967165540909845,10.584457435580722,0.2259076242578973,0.21416374996461485
20080001_10_49,persistence,7,lags_only,1010,7.060743550491041,10.748215986145638,,,,,
20080001_10_49,sarima,7,lags_only,1010,7.27348305336593,10.428126211393126,-5.605392358084988,7.060743550491041,10.748215986145638,-0.03012990081761209,0.029780735255516385
20080001_10_49,xgboost_direct,7,lags_only,1010,5.694239883443582,8.779008505858531,-0.8327450932249745,7.060743550491041,10.748215986145638,0.1935353772978237,0.1832124961784727
21005002_10_49,persistence,1,lags_only,101,4.364290961549571,6.275323960937788,,,,,
21005002_10_49,sarima,1,lags_only,101,4.324777418884587,6.065122083610934,-1.4597846700792532,4.364290961549571,6.275323960937788,0.00905382867758085,0.03349657780782391
21005002_10_49,xgboost_direct,1,lags_only,101,6.039328123385782,7.49782146069302,2.311761710842293,4.364290961549571,6.275323960937788,-0.3838051075406479,-0.19481026116977407
21005002_10_49,persistence,2,lags_only,99,5.902964395032577,8.21403554843689,,,,,
21005002_10_49,sarima,2,lags_only,99,5.795914499102163,7.70317793895989,-2.13045586859455,5.902964395032577,8.21403554843689,0.018134938442200016,0.0621932552476249
21005002_10_49,xgboost_direct,2,lags_only,99,6.274438116111869,7.7733164749936545,1.4204248071611374,5.902964395032577,8.21403554843689,-0.06293002908706213,0.053654390810020644
21005002_10_49,persistence,3,lags_only,98,6.791285167398412,9.233172297915466,,,,,
21005002_10_49,sarima,3,lags_only,98,6.72851597985241,8.60663159897969,-2.689573736217096,6.791285167398412,9.233172297915466,0.009242608136575658,0.06785757686740307
21005002_10_49,xgboost_direct,3,lags_only,98,7.394572515879263,9.131729355274645,1.5206203723481457,6.791285167398412,9.233172297915466,-0.08883257492660361,0.010986791902900299
21005002_10_49,persistence,4,lags_only,97,7.16000751803105,9.479886914063117,,,,,
21005002_10_49,sarima,4,lags_only,97,7.0254988099937306,8.79770367153724,-3.3280098876046784,7.16000751803105,9.479886914063117,0.018786112681947107,0.07196111606709985
21005002_10_49,xgboost_direct,4,lags_only,97,6.3226977220615845,7.783854857549584,1.16120653887151,7.16000751803105,9.479886914063117,0.11694258614406033,0.1789084692558434
21005002_10_49,persistence,5,lags_only,96,6.735933008265891,8.792065389977205,,,,,
21005002_10_49,sarima,5,lags_only,96,6.919938317532366,8.52326567186586,-4.035114162453419,6.735933008265891,8.792065389977205,-0.02731697435836661,0.03057298896090704
21005002_10_49,xgboost_direct,5,lags_only,96,6.763268536654491,8.510328722635576,2.298517320170651,6.735933008265891,8.792065389977205,-0.004058165120563859,0.032044423562045406
21005002_10_49,persistence,6,lags_only,95,6.850542306358785,9.152937574513926,,,,,
21005002_10_49,sarima,6,lags_only,95,7.229325933582459,9.087194339323524,-4.805442141928547,6.850542306358785,9.152937574513926,-0.05529250244496412,0.0071827470312330905
21005002_10_49,xgboost_direct,6,lags_only,95,7.848842129824295,9.36917102653447,3.8950039587277057,6.850542306358785,9.152937574513926,-0.145725663578323,-0.02362448670278708
21005002_10_49,persistence,7,lags_only,94,7.206135109186221,9.68338652185694,,,,,
21005002_10_49,sarima,7,lags_only,94,7.9204249445061325,9.7855959694359,-5.429719748944051,7.206135109186221,9.68338652185694,-0.09912245947336612,-0.010555134543917674
21005002_10_49,xgboost_direct,7,lags_only,94,7.644252329996461,9.202497333737677,3.7012506023118044,7.206135109186221,9.68338652185694,-0.0607978082802997,0.04966126127815103
21041008_10_49,persistence,1,lags_only,191,4.464151031550588,9.125544789656965,,,,,
21041008_10_49,sarima,1,lags_only,191,4.728537234288231,9.248626815105656,-1.8571457212242442,4.464151031550588,9.125544789656965,-0.05922429614703475,-0.013487635893058516
21041008_10_49,xgboost_direct,1,lags_only,191,5.73488722826956,10.444099024415962,-0.8241452457786677,4.464151031550588,9.125544789656965,-0.284653495757197,-0.1444904677092229
21041008_10_49,persistence,2,lags_only,186,6.078200965108629,11.113351949728665,,,,,
21041008_10_49,sarima,2,lags_only,186,6.281321796297337,11.045670479604869,-2.895987093705768,6.078200965108629,11.113351949728665,-0.0334179196039592,0.006090104086503683
21041008_10_49,xgboost_direct,2,lags_only,186,6.19285030180162,10.546604225028474,-0.860919701798781,6.078200965108629,11.113351949728665,-0.01886238006132491,0.05099701037669631
21041008_10_49,persistence,3,lags_only,183,6.905223624917747,10.393351715518495,,,,,
21041008_10_49,sarima,3,lags_only,183,7.029881590723005,10.206480385649293,-3.492816913193341,6.905223624917747,10.393351715518495,-0.018052705107974385,0.017979890894116606
21041008_10_49,xgboost_direct,3,lags_only,183,6.6337515101908275,9.248492237887476,-1.0787715576394352,6.905223624917747,10.393351715518495,0.039314022176965106,0.11015305831723271
21041008_10_49,persistence,4,lags_only,183,8.172206105855148,15.583895308730913,,,,,
21041008_10_49,sarima,4,lags_only,183,8.194981013242467,15.520209630855291,-4.668387008532759,8.172206105855148,15.583895308730913,-0.002786873837041576,0.004086634093334919
21041008_10_49,xgboost_direct,4,lags_only,183,7.072854440918473,13.77272725228047,-1.8180122435571706,8.172206105855148,15.583895308730913,0.13452324264668528,0.1162204969020635
21041008_10_49,persistence,5,lags_only,180,8.370925446622339,15.666773685337754,,,,,
21041008_10_49,sarima,5,lags_only,180,8.891256335270825,15.941944501506203,-5.450729048392914,8.370925446622339,15.666773685337754,-0.062159302691966865,-0.017563974669907736
21041008_10_49,xgboost_direct,5,lags_only,180,7.797186443795891,15.535059405574678,-1.5382499956380937,8.370925446622339,15.666773685337754,0.06853949500385903,0.008407237023302663
21041008_10_49,persistence,6,lags_only,180,8.018150821030398,11.53719820740344,,,,,
21041008_10_49,sarima,6,lags_only,180,8.479943686489714,12.11992595926843,-5.832180198120573,8.018150821030398,11.53719820740344,-0.05759343716110987,-0.050508601949046224
21041008_10_49,xgboost_direct,6,lags_only,180,6.42773344578298,9.072180574817882,-1.932626428475449,8.018150821030398,11.53719820740344,0.1983521401313621,0.21365825465352173
21041008_10_49,persistence,7,lags_only,179,7.631140176112293,11.072816295653995,,,,,
21041008_10_49,sarima,7,lags_only,179,8.495948629830687,11.79073651548014,-6.484756142769096,7.631140176112293,11.072816295653995,-0.11332624401599889,-0.06483628018898165
21041008_10_49,xgboost_direct,7,lags_only,179,6.51388743990108,8.720895687710504,-1.3763914208914527,7.631140176112293,11.072816295653995,0.14640705195123283,0.21240491534810377
21041016_10_49,persistence,1,lags_only,355,6.795352995559282,12.000196694311176,,,,,
21041016_10_49,sarima,1,lags_only,355,6.843378656652598,11.52256642804295,-1.5245077752781433,6.795352995559282,12.000196694311176,-0.007067426979098751,0.03980186978890541
21041016_10_49,xgboost_direct,1,lags_only,355,8.17658254769563,13.861899513419594,-1.0110766595163092,6.795352995559282,12.000196694311176,-0.20326089800470595,-0.1551393586732606
21041016_10_49,persistence,2,lags_only,343,9.688118092023254,15.202626646361031,,,,,
21041016_10_49,sarima,2,lags_only,343,9.43975989446884,14.275266087333609,-3.165093197257579,9.688118092023254,15.202626646361031,0.025635339618630366,0.06100002194353691
21041016_10_49,xgboost_direct,2,lags_only,343,8.76628020074145,12.243143284799844,-1.6611772206712612,9.688118092023254,15.202626646361031,0.09515138879663351,0.1946692127882771
21041016_10_49,persistence,3,lags_only,333,11.237360492787456,19.034990474483656,,,,,
21041016_10_49,sarima,3,lags_only,333,10.926378232984376,17.7641993861524,-4.889592375715542,11.237360492787456,19.034990474483656,0.027673959556844263,0.0667607945501601
21041016_10_49,xgboost_direct,3,lags_only,333,9.475699270902968,15.291268391320012,-3.060505228576736,11.237360492787456,19.034990474483656,0.15676823957148883,0.19667580544272362
21041016_10_49,persistence,4,lags_only,331,11.881651526080244,20.09562129394062,,,,,
21041016_10_49,sarima,4,lags_only,331,11.463288829252262,18.76550909072818,-5.859661516443103,11.881651526080244,20.09562129394062,0.0352108203063922,0.06618915552581127
21041016_10_49,xgboost_direct,4,lags_only,331,9.842298710643453,16.24730031786247,-3.0869075860987123,11.881651526080244,20.09562129394062,0.17163883412675487,0.19150047265463363
21041016_10_49,persistence,5,lags_only,327,13.114763518753652,21.993998925275616,,,,,
21041016_10_49,sarima,5,lags_only,327,12.522693561472249,20.38728296619403,-6.986573890284372,13.114763518753652,21.993998925275616,0.045145301814612494,0.07305247056437475
21041016_10_49,xgboost_direct,5,lags_only,327,10.301100962590262,17.06186766225901,-3.152305099716664,13.114763518753652,21.993998925275616,0.21454161580115044,0.2242489544431401
21041016_10_49,persistence,6,lags_only,327,13.101992266425029,21.723418552816508,,,,,
21041016_10_49,sarima,6,lags_only,327,12.301496730588623,19.80841839042463,-7.1655938744679855,13.101992266425029,21.723418552816508,0.06109723769931876,0.08815372026902235
21041016_10_49,xgboost_direct,6,lags_only,327,9.858062955138132,16.159948752073994,-2.1335523659010813,13.101992266425029,21.723418552816508,0.24759053778406978,0.2561047096347178
21041016_10_49,persistence,7,lags_only,324,12.465951103525436,21.589580603137613,,,,,
21041016_10_49,sarima,7,lags_only,324,12.238374590601836,19.752611196920526,-7.566409267497696,12.465951103525436,21.589580603137613,0.018255848353138475,0.08508592362142134
21041016_10_49,xgboost_direct,7,lags_only,324,10.224348162986843,16.38853743720953,-1.640097156630265,12.465951103525436,21.589580603137613,0.1798180437194765,0.2409052432066335
21041017_10_49,persistence,1,lags_only,503,6.14961564894137,12.949382926932042,,,,,
21041017_10_49,sarima,1,lags_only,503,6.3443780634322415,12.878543998569528,-1.9460529394661314,6.14961564894137,12.949382926932042,-0.031670664576313685,0.0054704481875490615
21041017_10_49,xgboost_direct,1,lags_only,503,8.17617363591603,15.588793135327357,-2.7958391925603276,6.14961564894137,12.949382926932042,-0.32954221900412967,-0.20382517246485057
21041017_10_49,persistence,2,lags_only,496,8.856367994895132,17.748474933613416,,,,,
21041017_10_49,sarima,2,lags_only,496,8.863298388402017,17.22103385844369,-3.7426647534585245,8.856367994895132,17.748474933613416,-0.0007825322424360909,0.029717543458949135
21041017_10_49,xgboost_direct,2,lags_only,496,8.537744237409136,15.930201562012652,-2.9661084690668953,8.856367994895132,17.748474933613416,0.035976797448982814,0.10244673857341845
21041017_10_49,persistence,3,lags_only,490,10.070660049897203,19.354466656062733,,,,,
21041017_10_49,sarima,3,lags_only,490,9.892708141143354,18.37978292965057,-5.403244865531641,10.070660049897203,19.354466656062733,0.017670332219750156,0.0503596272494983
21041017_10_49,xgboost_direct,3,lags_only,490,8.91303108125178,16.192332520847113,-3.153036081486686,10.070660049897203,19.354466656062733,0.11495065496300205,0.16338007093701495
21041017_10_49,persistence,4,lags_only,488,10.955174471584355,20.463908339502247,,,,,
21041017_10_49,sarima,4,lags_only,488,10.743066473753936,18.907040237024066,-6.772746326587404,10.955174471584355,20.463908339502247,0.01936144407198504,0.07607872732076794
21041017_10_49,xgboost_direct,4,lags_only,488,8.876034282561834,16.085107906948927,-3.4720862120667833,10.955174471584355,20.463908339502247,0.18978613206164963,0.2139767418768563
21041017_10_49,persistence,5,lags_only,485,11.531565569299286,21.45882689962938,,,,,
21041017_10_49,sarima,5,lags_only,485,11.330153531313334,19.49019322825467,-7.850065930179052,11.531565569299286,21.45882689962938,0.01746614861404204,0.09174004154946179
21041017_10_49,xgboost_direct,5,lags_only,485,9.53766072083435,16.731624001172943,-2.6617612270512527,11.531565569299286,21.45882689962938,0.17290842570182738,0.2202917671393342
21041017_10_49,persistence,6,lags_only,482,11.62861142478995,21.759163878856704,,,,,
21041017_10_49,sarima,6,lags_only,482,12.014838545537026,19.784921629010956,-8.815858107763143,11.62861142478995,21.759163878856704,-0.03321352022509882,0.0907315309006019
21041017_10_49,xgboost_direct,6,lags_only,482,9.272618335607476,16.600399734887816,-2.6129380561340922,11.62861142478995,21.759163878856704,0.2026031314590109,0.2370846679904663
21041017_10_49,persistence,7,lags_only,481,11.860163895947649,21.96232564042696,,,,,
21041017_10_49,sarima,7,lags_only,481,12.708877528887964,20.2287252054687,-9.871942533896954,11.860163895947649,21.96232564042696,-0.07156002567808542,0.07893519399271416
21041017_10_49,xgboost_direct,7,lags_only,481,8.923343022176892,16.213062457976392,-3.069747547974345,11.860163895947649,21.96232564042696,0.2476205977873714,0.2617784326022224
21050001_10_49,persistence,1,lags_only,240,7.3895812875403255,12.262276889959386,,,,,
21050001_10_49,sarima,1,lags_only,240,7.302542915511361,12.167621629921978,-0.9800121545354662,7.3895812875403255,12.262276889959386,0.011778525554042052,0.007719223834760551
21050001_10_49,xgboost_direct,1,lags_only,240,9.980792286082677,16.194083757026586,1.3109950287111558,7.3895812875403255,12.262276889959386,-0.3506573508990865,-0.320642479561577
21050001_10_49,persistence,2,lags_only,235,9.595690825562771,16.16521122765313,,,,,
21050001_10_49,sarima,2,lags_only,235,9.169295260363773,15.229131281778184,-1.2410142943821658,9.595690825562771,16.16521122765313,0.04443615086712537,0.05790706553055341
21050001_10_49,xgboost_direct,2,lags_only,235,10.189585818192185,18.67702116729954,1.5041194064158632,9.595690825562771,16.16521122765313,-0.061891843268572895,-0.15538367573877185
21050001_10_49,persistence,3,lags_only,230,10.799790083374216,16.108298409375166,,,,,
21050001_10_49,sarima,3,lags_only,230,10.260926617738855,14.745626614814121,-1.5344677299615974,10.799790083374216,16.108298409375166,0.049895735146270694,0.08459439724359456
21050001_10_49,xgboost_direct,3,lags_only,230,9.198560329599122,13.007489259955785,1.1723869568419272,10.799790083374216,16.108298409375166,0.14826489602238788,0.192497622692083
21050001_10_49,persistence,4,lags_only,226,11.726458224273943,18.5666978391398,,,,,
21050001_10_49,sarima,4,lags_only,226,11.206303500182166,17.02269789855487,-2.641986891363931,11.726458224273943,18.5666978391398,0.044357359583224246,0.08315964173931224
21050001_10_49,xgboost_direct,4,lags_only,226,10.196954841578126,14.095969587354313,1.7021636691966366,11.726458224273943,18.5666978391398,0.13043182804589043,0.24079285883356716
21050001_10_49,persistence,5,lags_only,223,12.572926887483899,21.47862483089196,,,,,
21050001_10_49,sarima,5,lags_only,223,11.867352287008226,19.847631119246547,-3.8005164131256746,12.572926887483899,21.47862483089196,0.0561185638626483,0.07593566741291609
21050001_10_49,xgboost_direct,5,lags_only,223,10.659190885207588,17.041345197622523,1.6510008866024217,12.572926887483899,21.47862483089196,0.15221085904678228,0.20659049022949794
21050001_10_49,persistence,6,lags_only,220,12.633680936414727,21.52362872423508,,,,,
21050001_10_49,sarima,6,lags_only,220,11.939623526217225,19.678608072242383,-4.524227310180353,12.633680936414727,21.52362872423508,0.054937069702067846,0.08572070609614492
21050001_10_49,xgboost_direct,6,lags_only,220,10.927695107145542,18.90826063659711,2.1035149302634117,12.633680936414727,21.52362872423508,0.1350347406947671,0.12151148494273789
21050001_10_49,persistence,7,lags_only,216,12.288373906940777,19.476088535369914,,,,,
21050001_10_49,sarima,7,lags_only,216,11.676630632903258,17.574208956347587,-4.653781421455407,12.288373906940777,19.476088535369914,0.049782280281363424,0.09765202985026403
21050001_10_49,xgboost_direct,7,lags_only,216,10.377766055423308,14.101416162715177,1.3291019288485628,12.288373906940777,19.476088535369914,0.1554809339288016,0.2759626175909995
21055004_10_49,persistence,1,lags_only,408,7.021969176384928,12.629245090679062,,,,,
21055004_10_49,sarima,1,lags_only,408,7.059671173622581,12.482984648884091,-1.5276117002892835,7.021969176384928,12.629245090679062,-0.0053691487801520825,0.011581091406874102
21055004_10_49,xgboost_direct,1,lags_only,408,9.707051227347918,18.25258212457228,-0.7934930405925747,7.021969176384928,12.629245090679062,-0.3823830585860435,-0.44526311695728277
21055004_10_49,persistence,2,lags_only,406,9.36569653799089,16.72569582853574,,,,,
21055004_10_49,sarima,2,lags_only,406,8.922495267751994,15.627462777672005,-2.3262441435148364,9.36569653799089,16.72569582853574,0.04732176282256215,0.06566142671266563
21055004_10_49,xgboost_direct,2,lags_only,406,9.858313409102438,17.336427020762667,-1.372718305927885,9.36569653799089,16.72569582853574,-0.05259799622092202,-0.036514546150298616
21055004_10_49,persistence,3,lags_only,404,10.434169692369695,18.200933546985286,,,,,
21055004_10_49,sarima,3,lags_only,404,9.927758965254778,16.66842506943787,-3.231166804049251,10.434169692369695,18.200933546985286,0.048533878789152225,0.08419944359399378
21055004_10_49,xgboost_direct,3,lags_only,404,9.811383955042658,16.839013206611313,-2.0739036474309587,10.434169692369695,18.200933546985286,0.059687139052613664,0.07482694977475789
21055004_10_49,persistence,4,lags_only,404,11.55633377013739,19.061153116632347,,,,,
21055004_10_49,sarima,4,lags_only,404,10.510627078925863,17.188611776802894,-4.0527656054912535,11.55633377013739,19.061153116632347,0.09048775433552537,0.09823861800866153
21055004_10_49,xgboost_direct,4,lags_only,404,9.546577393506274,16.746394108423466,-2.0301153167502455,11.55633377013739,19.061153116632347,0.17390951287894685,0.12143856114292859
21055004_10_49,persistence,5,lags_only,401,12.0039389796705,19.99911919774409,,,,,
21055004_10_49,sarima,5,lags_only,401,10.946068791269225,17.93868481740105,-4.925347514727816,12.0039389796705,19.99911919774409,0.08812692152074837,0.10302625630510055
21055004_10_49,xgboost_direct,5,lags_only,401,9.708264071162276,15.637879294293702,-2.7108070689673696,12.0039389796705,19.99911919774409,0.1912434670316225,0.21807159907033993
21055004_10_49,persistence,6,lags_only,399,11.889928492166652,20.27983992755076,,,,,
21055004_10_49,sarima,6,lags_only,399,11.17472843627161,18.508719760206603,-5.974967406426177,11.889928492166652,20.27983992755076,0.060151754181383896,0.0873340309228989
21055004_10_49,xgboost_direct,6,lags_only,399,10.350976640263555,17.375910400215297,-2.279356787253654,11.889928492166652,20.27983992755076,0.12943323022648892,0.14319292152747173
21055004_10_49,persistence,7,lags_only,398,11.752136687933362,20.45182251619285,,,,,
21055004_10_49,sarima,7,lags_only,398,11.4309623790698,18.753410423761213,-6.7833907762623715,11.752136687933362,20.45182251619285,0.027329014067146683,0.08304453508174675
21055004_10_49,xgboost_direct,7,lags_only,398,10.210383958734129,17.907794455817264,-2.300989801652362,11.752136687933362,20.45182251619285,0.1311891420376556,0.12439126431697398
21055007_10_49,persistence,1,lags_only,242,6.322683212702975,11.446638111451692,,,,,
21055007_10_49,sarima,1,lags_only,242,6.2855073730147515,11.33793130885639,-0.9349124590355449,6.322683212702975,11.446638111451692,0.0058797568117176825,0.009496832304547757
21055007_10_49,xgboost_direct,1,lags_only,242,7.139071400674414,12.58193483400966,-0.8857816448783166,6.322683212702975,11.446638111451692,-0.1291205269198407,-0.09918167338776697
21055007_10_49,persistence,2,lags_only,239,8.548485259964703,15.464434560234398,,,,,
21055007_10_49,sarima,2,lags_only,239,8.013792679790843,14.487940173566034,-1.401361374523997,8.548485259964703,15.464434560234398,0.06254822508474073,0.06314452577395516
21055007_10_49,xgboost_direct,2,lags_only,239,7.395592912650855,12.738305764404167,-0.29339281913127657,8.548485259964703,15.464434560234398,0.13486510326141787,0.17628376810105048
21055007_10_49,persistence,3,lags_only,237,9.422954091786643,16.431669372893033,,,,,
21055007_10_49,sarima,3,lags_only,237,8.573708389483363,15.11008388940622,-1.861105968065748,9.422954091786643,16.431669372893033,0.09012520851009034,0.08042916720725922
21055007_10_49,xgboost_direct,3,lags_only,237,7.795362791202526,12.567872139183844,0.6033384575723011,9.422954091786643,16.431669372893033,0.17272622626940096,0.2351433166056281
21055007_10_49,persistence,4,lags_only,236,9.834849718032519,17.0192631809766,,,,,
21055007_10_49,sarima,4,lags_only,236,8.792019214725142,15.396888815338373,-2.5103385209413753,9.834849718032519,17.0192631809766,0.10603420827013886,0.09532576988712696
21055007_10_49,xgboost_direct,4,lags_only,236,7.760419558922077,12.670020197181213,0.4738999291867238,9.834849718032519,17.0192631809766,0.2109264725526925,0.25554825361986205
21055007_10_49,persistence,5,lags_only,235,9.99324160930035,16.376452595866688,,,,,
21055007_10_49,sarima,5,lags_only,235,9.049953317274369,15.310275264072882,-3.457190515278115,9.99324160930035,16.376452595866688,0.09439262342542551,0.06510429078290757
21055007_10_49,xgboost_direct,5,lags_only,235,7.815661968723358,12.777063462829668,0.3792159967084356,9.99324160930035,16.376452595866688,0.21790523292766154,0.21979052618181075
21055007_10_49,persistence,6,lags_only,234,9.755095361227609,16.387784580472026,,,,,
21055007_10_49,sarima,6,lags_only,234,9.180376004478147,15.58725948325577,-4.194125949012341,9.755095361227609,16.387784580472026,0.058914786116159266,0.04884889066519563
21055007_10_49,xgboost_direct,6,lags_only,234,8.095350411796467,12.927642962645987,0.26157297658784967,9.755095361227609,16.387784580472026,0.17014133516602287,0.21114151219373517
21055007_10_49,persistence,7,lags_only,233,9.892619020355772,16.509891230861097,,,,,
21055007_10_49,sarima,7,lags_only,233,9.270925460100049,15.528869393318146,-4.6378723816073535,9.892619020355772,16.509891230861097,0.06284418301932798,0.059420248372634744
21055007_10_49,xgboost_direct,7,lags_only,233,8.087827406738306,13.104554879348672,0.08946295058126416,9.892619020355772,16.509891230861097,0.1824382006325924,0.20626037469871414
21060002_10_49,persistence,1,lags_only,441,4.204280669924297,8.33544799031334,,,,,
21060002_10_49,sarima,1,lags_only,441,4.307781500370303,8.304154708642699,-1.0677491667752625,4.204280669924297,8.33544799031334,-0.024617964063723966,0.0037542411286119767
21060002_10_49,xgboost_direct,1,lags_only,441,6.052508884341294,10.77808101733929,0.1922333633355814,4.204280669924297,8.33544799031334,-0.43960628690621556,-0.2930416013469876
21060002_10_49,persistence,2,lags_only,430,5.9170962598955334,11.542240656245072,,,,,
21060002_10_49,sarima,2,lags_only,430,5.819578292816231,11.194406424325342,-1.8307866377461128,5.9170962598955334,11.542240656245072,0.016480713308697194,0.030135763261142045
21060002_10_49,xgboost_direct,2,lags_only,430,6.87969455584221,11.434824715510487,0.9332888509100002,5.9170962598955334,11.542240656245072,-0.16268085791858852,0.009306333487031065
21060002_10_49,persistence,3,lags_only,421,6.875299649157395,12.801674723795825,,,,,
21060002_10_49,sarima,3,lags_only,421,6.7014976758304385,12.228657146755376,-2.4542797292557417,6.875299649157395,12.801674723795825,0.025279185227695095,0.04476114175712659
21060002_10_49,xgboost_direct,3,lags_only,421,6.596470131484438,11.346939193471535,0.46506544199643074,6.875299649157395,12.801674723795825,0.040555253138258474,0.11363634537754815
21060002_10_49,persistence,4,lags_only,417,7.597617052329785,13.604104173073958,,,,,
21060002_10_49,sarima,4,lags_only,417,7.3415948617958335,12.87321123064614,-3.2129236734192324,7.597617052329785,13.604104173073958,0.033697696102680336,0.05372591485108182
21060002_10_49,xgboost_direct,4,lags_only,417,6.757574530648442,11.302612363073582,0.6445781954741067,7.597617052329785,13.604104173073958,0.11056657842786992,0.1691762853856724
21060002_10_49,persistence,5,lags_only,415,8.081955983268168,14.297780013049369,,,,,
21060002_10_49,sarima,5,lags_only,415,7.847667321025831,13.47204767389779,-4.03417024376588,8.081955983268168,14.297780013049369,0.02898910396534918,0.057752485938232706
21060002_10_49,xgboost_direct,5,lags_only,415,7.611341964222143,12.702409219092653,1.627939621136077,8.081955983268168,14.297780013049369,0.05823021308459521,0.11158171355977259
21060002_10_49,persistence,6,lags_only,411,8.189405578610943,14.571325115642248,,,,,
21060002_10_49,sarima,6,lags_only,411,8.134352085312994,13.77671262788053,-4.647317954383739,8.189405578610943,14.571325115642248,0.006722526167434871,0.0545326167287768
21060002_10_49,xgboost_direct,6,lags_only,411,7.96569183044926,13.006778892188194,1.2057970506129434,8.189405578610943,14.571325115642248,0.027317458637776782,0.10737158158488418
21060002_10_49,persistence,7,lags_only,408,8.125342702299177,14.383621673863265,,,,,
21060002_10_49,sarima,7,lags_only,408,8.20647965677807,13.523143715008406,-5.052933548979558,8.125342702299177,14.383621673863265,-0.009985665522259672,0.0598234560366983
21060002_10_49,xgboost_direct,7,lags_only,408,7.131125010824305,11.558205332317023,0.77716620446301,8.125342702299177,14.383621673863265,0.12236009334025313,0.19643288773927897
21064002_10_49,persistence,1,lags_only,224,6.2766937535136025,8.794349775608044,,,,,
21064002_10_49,sarima,1,lags_only,224,6.318621538150383,8.733543056578473,-1.0196388469240978,6.2766937535136025,8.794349775608044,-0.006679915618522911,0.006914293902458202
21064002_10_49,xgboost_direct,1,lags_only,224,8.180400731581999,10.634498359743302,-2.306581865987188,6.2766937535136025,8.794349775608044,-0.3032977317083104,-0.20924214195335777
21064002_10_49,persistence,2,lags_only,220,8.808814665346443,11.926333962847673,,,,,
21064002_10_49,sarima,2,lags_only,220,8.321858607039447,11.191726587070852,-1.5220822599040558,8.808814665346443,11.926333962847673,0.05528054304771143,0.06159540543349149
21064002_10_49,xgboost_direct,2,lags_only,220,8.306187431196008,10.810950590368066,-2.624843697154381,8.808814665346443,11.926333962847673,0.057059576486238474,0.09352273514679321
21064002_10_49,persistence,3,lags_only,217,10.011651780621387,13.252261540757809,,,,,
21064002_10_49,sarima,3,lags_only,217,9.283473204577927,12.163211122832054,-2.132229993103323,10.011651780621387,13.252261540757809,0.07273311057950763,0.08217845796178568
21064002_10_49,xgboost_direct,3,lags_only,217,8.876478024009725,11.290986430929244,-2.5458326593736973,10.011651780621387,13.252261540757809,0.11338526164173142,0.14799550278996473
21064002_10_49,persistence,4,lags_only,217,10.418797918333201,13.475385836934157,,,,,
21064002_10_49,sarima,4,lags_only,217,9.71530516679602,12.320542031327816,-2.8169534539909806,10.418797918333201,13.475385836934157,0.06752148924006833,0.08570024039245498
21064002_10_49,xgboost_direct,4,lags_only,217,9.226027603328134,11.741720763948196,-2.181556861732291,10.418797918333201,13.475385836934157,0.11448252709712659,0.1286542065633643
21064002_10_49,persistence,5,lags_only,217,10.42384761510112,13.325343173114957,,,,,
21064002_10_49,sarima,5,lags_only,217,9.74784419226992,12.475468229113899,-3.7017693033258863,10.42384761510112,13.325343173114957,0.06485162176122651,0.06377884103696146
21064002_10_49,xgboost_direct,5,lags_only,217,9.116434709158101,11.747266874822483,-2.6370949100159633,10.42384761510112,13.325343173114957,0.12542517448633447,0.118426690989571
21064002_10_49,persistence,6,lags_only,217,10.91993761914531,14.08505611878629,,,,,
21064002_10_49,sarima,6,lags_only,217,10.092289650954806,13.198885708529152,-4.486345819053377,10.91993761914531,14.08505611878629,0.0757923714453676,0.06291564639740319
21064002_10_49,xgboost_direct,6,lags_only,217,9.102754326887759,11.779011038811397,-3.115396528191096,10.91993761914531,14.08505611878629,0.16640967701789675,0.16372281803685176
21064002_10_49,persistence,7,lags_only,217,11.271082773040233,14.70492300789481,,,,,
21064002_10_49,sarima,7,lags_only,217,10.343244642371687,13.635131915772247,-5.068416374488189,11.271082773040233,14.70492300789481,0.08232023039418004,0.07275054017951749
21064002_10_49,xgboost_direct,7,lags_only,217,9.52398594592039,12.2157347705715,-3.4888816083275156,11.271082773040233,14.70492300789481,0.15500700884734828,0.16927584292599895
23010002_10_49,persistence,1,lags_only,992,10.650319226544084,30.00602038235127,,,,,
23010002_10_49,sarima,1,lags_only,992,12.569376448564924,30.31962257903749,-5.847736413352119,10.650319226544084,30.00602038235127,-0.18018776538058318,-0.010451309193626728
23010002_10_49,xgboost_direct,1,lags_only,992,14.390158726892093,32.498466121827626,-0.14336690544624345,10.650319226544084,30.00602038235127,-0.3511481131032301,-0.08306485524292802
23010002_10_49,persistence,2,lags_only,989,15.554890804824018,42.558849582487255,,,,,
23010002_10_49,sarima,2,lags_only,989,18.296636929105066,39.724745196211664,-11.265086550454107,15.554890804824018,42.558849582487255,-0.1762626403928695,0.06659259858005678
23010002_10_49,xgboost_direct,2,lags_only,989,15.307224498505699,34.58773588083433,0.6274692569839005,15.554890804824018,42.558849582487255,0.015922085820204566,0.18729626810525904
23010002_10_49,persistence,3,lags_only,987,17.26821830797806,43.87748201518474,,,,,
23010002_10_49,sarima,3,lags_only,987,20.71370363804466,40.99012088345415,-14.087451363775017,17.26821830797806,43.87748201518474,-0.1995275522127698,0.06580507812028395
23010002_10_49,xgboost_direct,3,lags_only,987,15.82124309005113,35.53037766632739,1.2450665813372706,17.26821830797806,43.87748201518474,0.08379412352335246,0.19023663085244172
23010002_10_49,persistence,4,lags_only,985,18.003640694785357,43.952249315166355,,,,,
23010002_10_49,sarima,4,lags_only,985,21.899160042473568,41.106780084259114,-15.581619575586432,18.003640694785357,43.952249315166355,-0.21637397755980123,0.0647400138842353
23010002_10_49,xgboost_direct,4,lags_only,985,15.146325820550436,33.00159135267568,0.7565513498563324,18.003640694785357,43.952249315166355,0.15870761490271937,0.2491489771994898
23010002_10_49,persistence,5,lags_only,983,18.35040790726822,43.79253386901078,,,,,
23010002_10_49,sarima,5,lags_only,983,22.443833925049006,41.1716477812964,-16.572828582279197,18.35040790726822,43.79253386901078,-0.22307002865911574,0.05984778354122637
23010002_10_49,xgboost_direct,5,lags_only,983,15.907556903294761,33.252347150701226,0.7710084328106132,18.35040790726822,43.79253386901078,0.13312243609614235,0.24068455937801267
23010002_10_49,persistence,6,lags_only,981,18.46027776540262,44.054591966229495,,,,,
23010002_10_49,sarima,6,lags_only,981,22.86357413860738,41.696498130109696,-17.37273488194525,18.46027776540262,44.054591966229495,-0.23852817542416457,0.05352662982164086
23010002_10_49,xgboost_direct,6,lags_only,981,16.20891865891128,34.17515276882843,1.0613783584351364,18.46027776540262,44.054591966229495,0.12195694642854887,0.22425447056629758
23010002_10_49,persistence,7,lags_only,979,18.70396959194538,44.65512311544965,,,,,
23010002_10_49,sarima,7,lags_only,979,22.977485422794512,41.810402953194064,-17.89494842445214,18.70396959194538,44.65512311544965,-0.22848175676512353,0.06370422840176597
23010002_10_49,xgboost_direct,7,lags_only,979,15.87781605247405,35.39859666340423,1.2918284484071196,18.70396959194538,44.65512311544965,0.15109913035190012,0.20728923819365477
23050003_10_49,persistence,1,lags_only,893,7.8122192871108584,28.681482602132824,,,,,
23050003_10_49,sarima,1,lags_only,893,10.315198790792902,28.014559374271357,-5.170819885320115,7.8122192871108584,28.681482602132824,-0.3203928885882188,0.023252745930640042
23050003_10_49,xgboost_direct,1,lags_only,893,11.214328146025302,31.704592316442287,-0.751828723038953,7.8122192871108584,28.681482602132824,-0.43548558148226574,-0.10540283974318179
23050003_10_49,persistence,2,lags_only,891,11.839684881242535,40.72888869485083,,,,,
23050003_10_49,sarima,2,lags_only,891,15.224239743106663,35.69384408144843,-9.966570440485796,11.839684881242535,40.72888869485083,-0.28586528237979003,0.12362342245883463
23050003_10_49,xgboost_direct,2,lags_only,891,11.531068365240765,30.906340133628817,-1.1219497808546144,11.839684881242535,40.72888869485083,0.026066277869498646,0.2411690786560507
23050003_10_49,persistence,3,lags_only,889,13.252995028165946,41.78135202871148,,,,,
23050003_10_49,sarima,3,lags_only,889,16.81238488583783,36.48685209968386,-11.676019379417989,13.252995028165946,41.78135202871148,-0.2685724887172511,0.1267192101727423
23050003_10_49,xgboost_direct,3,lags_only,889,12.459703955361359,33.407194392259626,0.2874998229027836,13.252995028165946,41.78135202871148,0.05985749418291068,0.2004281151719855
23050003_10_49,persistence,4,lags_only,886,13.998412684599751,42.160987025839134,,,,,
23050003_10_49,sarima,4,lags_only,886,17.440012812233764,36.75977339682587,-12.484703278266865,13.998412684599751,42.160987025839134,-0.2458564556694534,0.12810927850676337
23050003_10_49,xgboost_direct,4,lags_only,886,14.20346584074467,43.00705311579185,1.8780175636246235,13.998412684599751,42.160987025839134,-0.014648314831474172,-0.020067511451622017
23050003_10_49,persistence,5,lags_only,884,14.409115172657692,42.20736728061355,,,,,
23050003_10_49,sarima,5,lags_only,884,17.627598859868147,36.64764040528627,-12.988714729017534,14.409115172657692,42.20736728061355,-0.22336442235660336,0.13172408594840143
23050003_10_49,xgboost_direct,5,lags_only,884,13.499613871105925,36.172285747833264,1.0952067641635763,14.409115172657692,42.20736728061355,0.06311985785758793,0.1429864481396424
23050003_10_49,persistence,6,lags_only,882,14.445989421914831,42.42977325115344,,,,,
23050003_10_49,sarima,6,lags_only,882,17.65888691757572,36.46350899257379,-13.310291103604113,14.445989421914831,42.42977325115344,-0.22240757637457947,0.14061503989813232
23050003_10_49,xgboost_direct,6,lags_only,882,12.151360188364945,32.36170401414066,0.10301727156368237,14.445989421914831,42.42977325115344,0.1588419572057066,0.23728783977743934
23050003_10_49,persistence,7,lags_only,880,14.425171898420256,42.63379884163081,,,,,
23050003_10_49,sarima,7,lags_only,880,17.735387676120883,36.23128057611527,-13.471724148376387,14.425171898420256,42.63379884163081,-0.22947496230967887,0.15017470737943353
23050003_10_49,xgboost_direct,7,lags_only,880,11.9915003186232,33.04450518452226,-0.37007401976383597,14.425171898420256,42.63379884163081,0.16871005745613163,0.22492233668243633
23097001_10_49,persistence,1,lags_only,898,10.733342641510067,43.3644154978032,,,,,
23097001_10_49,sarima,1,lags_only,898,12.98156798561547,42.539854915781355,-7.501012291130387,10.733342641510067,43.3644154978032,-0.20946180693148003,0.019014682258627867
23097001_10_49,xgboost_direct,1,lags_only,898,13.672514673256572,43.51615811530794,-2.4039006816545645,10.733342641510067,43.3644154978032,-0.27383566610270765,-0.0034992427722777618
23097001_10_49,persistence,2,lags_only,892,15.606122841300508,59.51814124192591,,,,,
23097001_10_49,sarima,2,lags_only,892,20.37138378277607,55.465810789030236,-13.880081564664412,15.606122841300508,59.51814124192591,-0.30534559992470617,0.0680856352086668
23097001_10_49,xgboost_direct,2,lags_only,892,14.269946867781064,44.0304440955433,-2.4462418865114985,15.606122841300508,59.51814124192591,0.08561870152549023,0.26021809188276074
23097001_10_49,persistence,3,lags_only,888,17.321472168968093,60.554078528862995,,,,,
23097001_10_49,sarima,3,lags_only,888,23.093971043351722,56.03947333201527,-16.87721116045142,17.321472168968093,60.554078528862995,-0.333256828176835,0.07455493183164941
23097001_10_49,xgboost_direct,3,lags_only,888,14.98570772457698,43.9876952914182,-2.164669499122533,17.321472168968093,60.554078528862995,0.13484791717505984,0.2735799741308665
23097001_10_49,persistence,4,lags_only,886,18.069758207805382,60.4847241402056,,,,,
23097001_10_49,sarima,4,lags_only,886,24.098928056863798,55.42251949067583,-18.19657942762663,18.069758207805382,60.4847241402056,-0.33366079278548766,0.08369393630357658
23097001_10_49,xgboost_direct,4,lags_only,886,15.19023463649829,44.02278066374837,-1.3511767361699831,18.069758207805382,60.4847241402056,0.15935595475003408,0.27216695968221494
23097001_10_49,persistence,5,lags_only,887,18.859299706841043,60.34920235852934,,,,,
23097001_10_49,sarima,5,lags_only,887,24.64090344006208,54.73770990931606,-18.995584652072957,18.859299706841043,60.34920235852934,-0.30656513354649173,0.09298370533343413
23097001_10_49,xgboost_direct,5,lags_only,887,16.918845041402534,52.32134285688832,0.2539943174397598,18.859299706841043,60.34920235852934,0.10289113040261119,0.1330234566141936
23097001_10_49,persistence,6,lags_only,886,19.2293757925957,60.72891841025556,,,,,
23097001_10_49,sarima,6,lags_only,886,24.895459078369523,54.39977797005769,-19.617040696042675,19.2293757925957,60.72891841025556,-0.2946576813978307,0.10421954821327821
23097001_10_49,xgboost_direct,6,lags_only,886,15.337487840092894,45.211135437415614,-1.1528710089089895,19.2293757925957,60.72891841025556,0.20239283866933336,0.25552542971388387
23097001_10_49,persistence,7,lags_only,885,19.53963366223558,61.23435756820795,,,,,
23097001_10_49,sarima,7,lags_only,885,24.72699502923743,54.03637543185415,-20.11983836973864,19.53963366223558,61.23435756820795,-0.26547894687644563,0.11754809590900152
23097001_10_49,xgboost_direct,7,lags_only,885,15.524665684924019,44.52529122839719,-0.9036342341936526,19.53963366223558,61.23435756820795,0.20547816027233537,0.27287077064863147
24038001_10_47,persistence,1,lags_only,845,4.577568481314301,10.535197507688444,,,,,
24038001_10_47,sarima,1,lags_only,845,4.93102106531407,9.07082384377069,-1.0597292519692894,4.577568481314301,10.535197507688444,-0.0772140461562875,0.13899821648802263
24038001_10_47,xgboost_direct,1,lags_only,845,5.624554569549471,8.790437909400486,-0.6212348566089602,4.577568481314301,10.535197507688444,-0.2287210104030082,0.1656124241633492
24038001_10_47,persistence,2,lags_only,841,6.108580504120234,14.15708291228857,,,,,
24038001_10_47,sarima,2,lags_only,841,5.97560256204827,11.274289409442748,-1.6180216526135502,6.108580504120234,14.15708291228857,0.021769041429882317,0.20362906120607044
24038001_10_47,xgboost_direct,2,lags_only,841,5.880959933300691,8.369864584646315,-0.2723745363853823,6.108580504120234,14.15708291228857,0.03726243284606196,0.4087860729147005
24038001_10_47,persistence,3,lags_only,839,7.154390264776595,18.362516872554497,,,,,
24038001_10_47,sarima,3,lags_only,839,6.961095532564921,16.12435134212533,-2.6750456602192134,7.154390264776595,18.362516872554497,0.027017638828472443,0.12188773172889157
24038001_10_47,xgboost_direct,3,lags_only,839,6.899885215018703,15.944375782755145,-0.11646550598909439,7.154390264776595,18.362516872554497,0.03557326904724553,0.1316889785089114
24038001_10_47,persistence,4,lags_only,837,7.974290329401752,19.654825186031434,,,,,
24038001_10_47,sarima,4,lags_only,837,7.454834359901611,16.984307480351724,-3.3778103375825426,7.974290329401752,19.654825186031434,0.06514134149152705,0.13587084496572532
24038001_10_47,xgboost_direct,4,lags_only,837,7.039572959758919,16.985531624148987,-0.3606639602148623,7.974290329401752,19.654825186031434,0.11721637048960534,0.13580856286523976
24038001_10_47,persistence,5,lags_only,835,8.472413043290418,20.22818856528603,,,,,
24038001_10_47,sarima,5,lags_only,835,7.656862308234864,17.210633507916466,-3.94528575787678,8.472413043290418,20.22818856528603,0.09625955803717756,0.14917574293073604
24038001_10_47,xgboost_direct,5,lags_only,835,7.40320634651344,17.401072658593918,0.28154790105719557,8.472413043290418,20.22818856528603,0.1261986037878214,0.13976119994964734
24038001_10_47,persistence,6,lags_only,834,8.651167990884913,20.51025218314605,,,,,
24038001_10_47,sarima,6,lags_only,834,7.931268758273641,17.353875575384386,-4.517668823536062,8.651167990884913,20.51025218314605,0.08321410858854843,0.15389262791977582
24038001_10_47,xgboost_direct,6,lags_only,834,7.1451176942726775,15.674053870066162,-0.22541205643423554,8.651167990884913,20.51025218314605,0.17408635437423567,0.23579419062696616
24038001_10_47,persistence,7,lags_only,833,8.655279843915732,20.641845475461487,,,,,
24038001_10_47,sarima,7,lags_only,833,8.082867653212585,17.42208252419968,-5.028621226742791,8.655279843915732,20.641845475461487,0.06613445215240812,0.1559823202382452
24038001_10_47,xgboost_direct,7,lags_only,833,7.263478173404421,15.609878923663535,-0.1913463225614646,8.655279843915732,20.641845475461487,0.16080377476063754,0.24377503250762286
24089006_10_49,persistence,1,lags_only,1001,6.733579572378645,23.429699527925077,,,,,
24089006_10_49,sarima,1,lags_only,1001,7.1551967603617515,22.70268636095284,-3.083650162269735,6.733579572378645,23.429699527925077,-0.06261412424865279,0.03102955571861839
24089006_10_49,xgboost_direct,1,lags_only,1001,8.424402326402033,22.066242847894824,-0.9019981632748006,6.733579572378645,23.429699527925077,-0.25110310732187624,0.058193519656758515
24089006_10_49,persistence,2,lags_only,998,9.310535295878294,28.848470691810476,,,,,
24089006_10_49,sarima,2,lags_only,998,9.298772470115544,26.574361649488708,-4.922771674873798,9.310535295878294,28.848470691810476,0.0012633887729266331,0.07882944876406721
24089006_10_49,xgboost_direct,2,lags_only,998,9.091123916139438,22.506909572697925,-0.8283463448898194,9.310535295878294,28.848470691810476,0.023565925348673366,0.21982312985876226
24089006_10_49,persistence,3,lags_only,995,10.423142728312628,29.07288665040461,,,,,
24089006_10_49,sarima,3,lags_only,995,10.424969377629942,26.1693581268713,-6.547387851584516,10.423142728312628,29.07288665040461,-0.00017524938158548393,0.09987066500989857
24089006_10_49,xgboost_direct,3,lags_only,995,9.214934011362242,22.74984997057057,-1.1266226169511206,10.423142728312628,29.07288665040461,0.1159159716453369,0.21748912503485587
24089006_10_49,persistence,4,lags_only,994,11.080068484848884,29.999801820101208,,,,,
24089006_10_49,sarima,4,lags_only,994,11.338249386258687,26.534702219830855,-8.041536803810892,11.080068484848884,29.999801820101208,-0.023301381373485645,0.11550408302859459
24089006_10_49,xgboost_direct,4,lags_only,994,9.614426218570273,22.699738841289903,-1.2652899147498577,11.080068484848884,29.999801820101208,0.13227736527827066,0.24333704011070953
24089006_10_49,persistence,5,lags_only,991,11.480469821376829,30.537543115503844,,,,,
24089006_10_49,sarima,5,lags_only,991,12.07046753257067,26.623932742306472,-9.280006638727912,11.480469821376829,30.537543115503844,-0.051391425644903004,0.1281573425339002
24089006_10_49,xgboost_direct,5,lags_only,991,9.777428711799903,23.000063644249074,-1.2865649828396248,11.480469821376829,30.537543115503844,0.14834245776299457,0.24682665015798236
24089006_10_49,persistence,6,lags_only,988,11.820448470644937,30.89562510995606,,,,,
24089006_10_49,sarima,6,lags_only,988,12.576489312896358,26.92937329966714,-10.29124605965345,11.820448470644937,30.89562510995606,-0.06396041944846537,0.128375839497444
24089006_10_49,xgboost_direct,6,lags_only,988,9.53296073222943,22.61481242994688,-1.3767377612723302,11.820448470644937,30.89562510995606,0.19351953896641783,0.2680254130006485
24089006_10_49,persistence,7,lags_only,985,12.073943465785106,31.240363077786196,,,,,
24089006_10_49,sarima,7,lags_only,985,13.04221332163413,27.381994031742483,-11.152398513050546,12.073943465785106,31.240363077786196,-0.08019499665481176,0.12350589640833107
24089006_10_49,xgboost_direct,7,lags_only,985,9.266342771747315,22.482067597987562,-1.4976195167824407,12.073943465785106,31.240363077786196,0.23253386120234146,0.2803519106993451
24089010_10_49,persistence,1,lags_only,957,4.985491187896804,14.736860536755735,,,,,
24089010_10_49,sarima,1,lags_only,957,5.201944077065967,14.08419718743093,-2.709042573196208,4.985491187896804,14.736860536755735,-0.043416562382989,0.04428781474161155
24089010_10_49,xgboost_direct,1,lags_only,957,6.410545837363162,14.80208487643643,-0.43260919846910734,4.985491187896804,14.736860536755735,-0.2858403707393848,-0.004425931799925532
24089010_10_49,persistence,2,lags_only,953,6.944450410592799,18.764920520308273,,,,,
24089010_10_49,sarima,2,lags_only,953,7.160485834451162,17.180479968318085,-4.645374420325488,6.944450410592799,18.764920520308273,-0.031109074309009555,0.08443630498063832
24089010_10_49,xgboost_direct,2,lags_only,953,6.8162261851476655,15.285400990506977,-0.7895355504521231,6.944450410592799,18.764920520308273,0.018464272600974267,0.1854268194760323
24089010_10_49,persistence,3,lags_only,950,7.862094556132373,19.177685464039072,,,,,
24089010_10_49,sarima,3,lags_only,950,8.206962932811463,17.355988867163624,-6.0636891880832975,7.862094556132373,19.177685464039072,-0.04386469460737978,0.09499043042975086
24089010_10_49,xgboost_direct,3,lags_only,950,7.326680085044064,15.81299676806744,-0.6795192381860661,7.862094556132373,19.177685464039072,0.06810074176361691,0.17544811141474337
24089010_10_49,persistence,4,lags_only,948,8.354025430596304,19.78939837244835,,,,,
24089010_10_49,sarima,4,lags_only,948,8.91437456124573,17.74253653906844,-7.189344683524848,8.354025430596304,19.78939837244835,-0.06707534413256253,0.10343224159000405
24089010_10_49,xgboost_direct,4,lags_only,948,7.290428652455874,15.36979569336055,-0.8508225969972841,8.354025430596304,19.78939837244835,0.12731548245532587,0.22333183636552392
24089010_10_49,persistence,5,lags_only,945,8.660207967059879,20.080106202875605,,,,,
24089010_10_49,sarima,5,lags_only,945,9.354946144617395,17.921972950101313,-8.020479020218312,8.660207967059879,20.080106202875605,-0.08022188152987028,0.10747618717600371
24089010_10_49,xgboost_direct,5,lags_only,945,7.511060870482156,15.715960510603264,-0.6365589284726393,8.660207967059879,20.080106202875605,0.13269278300805698,0.2173367833904866
24089010_10_49,persistence,6,lags_only,944,8.697165876490732,20.198698636212086,,,,,
24089010_10_49,sarima,6,lags_only,944,9.65604062372025,18.037594544038953,-8.57848809236399,8.697165876490732,20.198698636212086,-0.1102514038304647,0.1069922439606441
24089010_10_49,xgboost_direct,6,lags_only,944,7.146713339782671,15.249927191175171,-0.895915162023891,8.697165876490732,20.198698636212086,0.1782710090535449,0.24500446955353805
24089010_10_49,persistence,7,lags_only,946,8.82455887905384,20.324052981835727,,,,,
24089010_10_49,sarima,7,lags_only,946,9.939684018725341,18.12206776974903,-9.02985022387248,8.82455887905384,20.324052981835727,-0.1263661056552511,0.10834380396738208
24089010_10_49,xgboost_direct,7,lags_only,946,7.086408224465927,15.126762667032494,-0.7157959410962113,8.82455887905384,20.324052981835727,0.19696742674737241,0.2557211555907782
24115015_10_49,persistence,1,lags_only,677,5.948156114110452,24.983216161985755,,,,,
24115015_10_49,sarima,1,lags_only,677,6.774977392190335,23.816819002785596,-1.3989710293113482,5.948156114110452,24.983216161985755,-0.13900463643152625,0.046687230004235344
24115015_10_49,xgboost_direct,1,lags_only,677,7.457873394234022,23.0213688510495,-2.2969173440871615,5.948156114110452,24.983216161985755,-0.2538126523851919,0.07852661155457585
24115015_10_49,persistence,2,lags_only,674,8.231842777164347,29.566626615070685,,,,,
24115015_10_49,sarima,2,lags_only,674,8.653790807518796,27.001324338737106,-2.3657864919991103,8.231842777164347,29.566626615070685,-0.05125802833904442,0.08676344142101063
24115015_10_49,xgboost_direct,2,lags_only,674,8.196934146008353,23.182607878580452,-2.469595534354774,8.231842777164347,29.566626615070685,0.004240682445106154,0.2159197537008221
24115015_10_49,persistence,3,lags_only,671,9.247475245859858,29.682857261044205,,,,,
24115015_10_49,sarima,3,lags_only,671,9.468329496107865,26.803902245273147,-3.2463315923566474,9.247475245859858,29.682857261044205,-0.023882653846181854,0.09699049489920232
24115015_10_49,xgboost_direct,3,lags_only,671,8.191982554738834,23.230829680771354,-2.788230009793349,9.247475245859858,29.682857261044205,0.11413847164322759,0.2173654484651144
24115015_10_49,persistence,4,lags_only,670,10.022597632509685,30.933628151175938,,,,,
24115015_10_49,sarima,4,lags_only,670,10.155941257203898,27.438191877703503,-4.086192974891216,10.022597632509685,30.933628151175938,-0.013304297905933514,0.1129979405063598
24115015_10_49,xgboost_direct,4,lags_only,670,8.371994203968347,23.296009144760742,-2.9289058185295733,10.022597632509685,30.933628151175938,0.16468818654231682,0.24690343367061043
24115015_10_49,persistence,5,lags_only,669,10.641068827826787,31.54521660811306,,,,,
24115015_10_49,sarima,5,lags_only,669,10.749051475625844,27.633502331029316,-4.861762560303176,10.641068827826787,31.54521660811306,-0.010147725716863917,0.12400340519702426
24115015_10_49,xgboost_direct,5,lags_only,669,8.711913176306767,23.92812849658131,-2.9634538437713775,10.641068827826787,31.54521660811306,0.1812934097818451,0.24146570956094573
24115015_10_49,persistence,6,lags_only,668,11.003645727579583,31.96615704665054,,,,,
24115015_10_49,sarima,6,lags_only,668,11.196889439736841,27.795389455482617,-5.583436734930716,11.003645727579583,31.96615704665054,-0.0175617896960197,0.13047447602416576
24115015_10_49,xgboost_direct,6,lags_only,668,8.544379473805163,23.330695517548463,-3.478706091050341,11.003645727579583,31.96615704665054,0.22349558634103464,0.2701438748642735
24115015_10_49,persistence,7,lags_only,667,11.257445745907694,32.32229704037131,,,,,
24115015_10_49,sarima,7,lags_only,667,11.514717533302322,27.881663891485328,-6.266858743097141,11.257445745907694,32.32229704037131,-0.022853477884905844,0.13738606335247544
24115015_10_49,xgboost_direct,7,lags_only,667,8.666479113427132,23.58920317853009,-3.355806428932618,11.257445745907694,32.32229704037131,0.23015581784370848,0.27018790932257625
24134006_10_49,persistence,1,lags_only,1054,6.318105615955422,20.793773215896593,,,,,
24134006_10_49,sarima,1,lags_only,1054,6.524646766745379,19.914967543499177,-2.0558307388895574,6.318105615955422,20.793773215896593,-0.03269036058345852,0.0422629247358329
24134006_10_49,xgboost_direct,1,lags_only,1054,7.331086120083018,19.10075862797445,-0.8740722994175876,6.318105615955422,20.793773215896593,-0.16032978327704225,0.08141930617132312
24134006_10_49,persistence,2,lags_only,1052,8.342664121435407,25.184567441176632,,,,,
24134006_10_49,sarima,2,lags_only,1052,8.007578729271362,22.834686885612644,-3.2165561867807138,8.342664121435407,25.184567441176632,0.04016527422014817,0.09330636950793708
24134006_10_49,xgboost_direct,2,lags_only,1052,7.734471230142415,19.529536889766938,-1.4022666754454323,8.342664121435407,25.184567441176632,0.07290151951944433,0.22454348539509755
24134006_10_49,persistence,3,lags_only,1049,9.257231309536818,25.10508058682239,,,,,
24134006_10_49,sarima,3,lags_only,1049,8.79893987473372,22.266747229605016,-4.273923662725071,9.257231309536818,25.10508058682239,0.04950631776165783,0.11305812572086339
24134006_10_49,xgboost_direct,3,lags_only,1049,7.692097766687067,19.137832974183052,-1.446441562741288,9.257231309536818,25.10508058682239,0.169071452415513,0.23769083680103917
24134006_10_49,persistence,4,lags_only,1048,9.632090043436873,25.86083111277508,,,,,
24134006_10_49,sarima,4,lags_only,1048,9.230151661837928,22.394141072803237,-5.225545584842507,9.632090043436873,25.86083111277508,0.041729093040696705,0.1340517644175528
24134006_10_49,xgboost_direct,4,lags_only,1048,7.618527854954785,18.87355708597652,-1.5072830769823609,9.632090043436873,25.86083111277508,0.20904727628185873,0.2701875278612718
24134006_10_49,persistence,5,lags_only,1047,10.013012523393277,26.210415801183178,,,,,
24134006_10_49,sarima,5,lags_only,1047,9.673264276670285,22.369706592387125,-6.095329297838894,10.013012523393277,26.210415801183178,0.033930672305586634,0.14653370011103287
24134006_10_49,xgboost_direct,5,lags_only,1047,8.194684342648547,21.274353432884382,-0.8399980300043673,10.013012523393277,26.210415801183178,0.18159651518427575,0.1883244587091203
24134006_10_49,persistence,6,lags_only,1046,9.957763558056763,26.389109368594678,,,,,
24134006_10_49,sarima,6,lags_only,1046,10.078539191505,22.588170045199806,-6.880693452779841,9.957763558056763,26.389109368594678,-0.01212879104269526,0.14403439200257048
24134006_10_49,xgboost_direct,6,lags_only,1046,8.141522597607542,19.72862558240327,-1.014462255672491,9.957763558056763,26.389109368594678,0.18239446536965742,0.2523951715520175
24134006_10_49,persistence,7,lags_only,1046,10.058499152604188,26.62221924564936,,,,,
24134006_10_49,sarima,7,lags_only,1046,10.44055513462815,22.92776100333549,-7.590620291477347,10.058499152604188,26.62221924564936,-0.03798339853963661,0.13877348872474726
24134006_10_49,xgboost_direct,7,lags_only,1046,7.9194952051957515,19.407106819595384,-1.4021173364089237,10.058499152604188,26.62221924564936,0.2126563729793266,0.2710184436345622
24181001_10_49,persistence,1,lags_only,915,5.341688255481068,16.750333267519615,,,,,
24181001_10_49,sarima,1,lags_only,915,5.684413529580377,15.974069363870582,-2.30442201054744,5.341688255481068,16.750333267519615,-0.06416047843069862,0.04634319158021039
24181001_10_49,xgboost_direct,1,lags_only,915,7.777149594959529,20.603559459127606,0.34147922752995297,5.341688255481068,16.750333267519615,-0.45593475751405976,-0.23003877774060408
24181001_10_49,persistence,2,lags_only,915,7.424613967747291,20.859991644201028,,,,,
24181001_10_49,sarima,2,lags_only,915,7.465480649120147,18.843043396358986,-3.522483538608394,7.424613967747291,20.859991644201028,-0.005504216320253429,0.09668979174316893
24181001_10_49,xgboost_direct,2,lags_only,915,8.217610343389545,17.82184282550656,0.21769744719322914,7.424613967747291,20.859991644201028,-0.10680641163123765,0.145644776398511
24181001_10_49,persistence,3,lags_only,914,8.362647559576528,21.50081659921104,,,,,
24181001_10_49,sarima,3,lags_only,914,8.43142479344581,19.19937421823038,-4.64382706901196,8.362647559576528,21.50081659921104,-0.008224337254356897,0.10703976615777051
24181001_10_49,xgboost_direct,3,lags_only,914,8.075876127324092,17.4397290487711,-0.5633545786249996,8.362647559576528,21.50081659921104,0.0342919428577423,0.18888061910118145
24181001_10_49,persistence,4,lags_only,914,8.952037812871264,22.004538675106293,,,,,
24181001_10_49,sarima,4,lags_only,914,9.02228101715845,19.518655023349496,-5.6343837890119435,8.952037812871264,22.004538675106293,-0.007846616128697538,0.11297140505695193
24181001_10_49,xgboost_direct,4,lags_only,914,7.987578537033859,18.340793194757726,-0.22716498260691995,8.952037812871264,22.004538675106293,0.10773628262055629,0.16649953604768628
24181001_10_49,persistence,5,lags_only,913,9.322403091084494,22.579323433139955,,,,,
24181001_10_49,sarima,5,lags_only,913,9.513969412124963,19.892180966091974,-6.567864083705881,9.322403091084494,22.579323433139955,-0.020549027881413297,0.11900898957424154
24181001_10_49,xgboost_direct,5,lags_only,913,8.124382576314703,17.527493603477314,-0.26244175346475945,9.322403091084494,22.579323433139955,0.1285098384037396,0.2237369886047164
24181001_10_49,persistence,6,lags_only,911,9.644326189275159,23.110747799077554,,,,,
24181001_10_49,sarima,6,lags_only,911,9.984190607575306,20.303056273535997,-7.466264640417361,9.644326189275159,23.110747799077554,-0.03523983030334338,0.12148856237588398
24181001_10_49,xgboost_direct,6,lags_only,911,8.198021535675458,17.436310851348587,-0.3949335442626799,9.644326189275159,23.110747799077554,0.14996430286732146,0.24553238160279078
24181001_10_49,persistence,7,lags_only,910,9.748961223749554,23.300449815702454,,,,,
24181001_10_49,sarima,7,lags_only,910,10.315466922917631,20.489203549859873,-8.262585234416498,9.748961223749554,23.300449815702454,-0.05810933966872354,0.12065201693866218
24181001_10_49,xgboost_direct,7,lags_only,910,8.064951289394864,17.363131886039753,-0.5508730316872954,9.748961223749554,23.300449815702454,0.17273737126497682,0.25481559268703347
26011001_10_49,persistence,1,lags_only,766,6.652278059285098,9.595619936874744,,,,,
26011001_10_49,sarima,1,lags_only,766,6.6766235127632445,9.540559449396882,-1.6053538447843347,6.652278059285098,9.595619936874744,-0.0036597167558511845,0.0057380854848441114
26011001_10_49,xgboost_direct,1,lags_only,766,8.63858020309416,12.129688098996194,0.8674189290523219,6.652278059285098,9.595619936874744,-0.2985897652063155,-0.2640859244938776
26011001_10_49,persistence,2,lags_only,761,8.91863945750866,12.927052010947621,,,,,
26011001_10_49,sarima,2,lags_only,761,8.666778506229097,12.369131173477426,-2.776196375107895,8.91863945750866,12.927052010947621,0.028239839997962816,0.04315917016483769
26011001_10_49,xgboost_direct,2,lags_only,761,9.350078432497586,12.612983534584123,1.0547156207860828,8.91863945750866,12.927052010947621,-0.04837497659193922,0.024295444630184928
26011001_10_49,persistence,3,lags_only,758,9.752306062424374,13.546754624698362,,,,,
26011001_10_49,sarima,3,lags_only,758,9.420838023241556,12.860051995270974,-3.7667770739971096,9.752306062424374,13.546754624698362,0.033988682990576356,0.0506913019724589
26011001_10_49,xgboost_direct,3,lags_only,758,9.515272252319255,12.532871779482743,1.030356761034955,9.752306062424374,13.546754624698362,0.024305411313782523,0.07484322801323307
26011001_10_49,persistence,4,lags_only,754,10.575068640535578,14.53736487272542,,,,,
26011001_10_49,sarima,4,lags_only,754,10.085055399009452,13.739693726844752,-4.746352331701873,10.575068640535578,14.53736487272542,0.04633664878995145,0.054870408279923844
26011001_10_49,xgboost_direct,4,lags_only,754,9.633914209254261,12.836181256445812,0.6726890276925203,10.575068640535578,14.53736487272542,0.08899747729993479,0.11702145685779122
26011001_10_49,persistence,5,lags_only,750,11.034798749178611,14.987450325289998,,,,,
26011001_10_49,sarima,5,lags_only,750,10.667427359989679,14.52364891265015,-5.998318234358419,11.034798749178611,14.987450325289998,0.033292078771828784,0.030945984978994315
26011001_10_49,xgboost_direct,5,lags_only,750,9.861113249956718,13.261435843319859,0.6285042280452143,11.034798749178611,14.987450325289998,0.10636220251042257,0.11516398350009158
26011001_10_49,persistence,6,lags_only,745,11.543002135437364,15.80222895660779,,,,,
26011001_10_49,sarima,6,lags_only,745,11.210205496788758,15.549814885463352,-7.09263418191136,11.543002135437364,15.80222895660779,0.02883102980869339,0.0159733207155494
26011001_10_49,xgboost_direct,6,lags_only,745,9.985498643234338,13.73699901493923,0.42686979136811576,11.543002135437364,15.80222895660779,0.13493053834075305,0.1306923186178095
26011001_10_49,persistence,7,lags_only,743,11.254230153990388,15.540659879275736,,,,,
26011001_10_49,sarima,7,lags_only,743,11.23020100075102,15.56363257576611,-7.696493757541419,11.254230153990388,15.540659879275736,0.0021351218973292827,-0.0014782317268914236
26011001_10_49,xgboost_direct,7,lags_only,743,9.538506111096321,13.362341635508166,0.24513423435668452,11.254230153990388,15.540659879275736,0.15245147996957625,0.14016896712812493
26019001_10_49,persistence,1,lags_only,783,4.382485715215184,6.904136529280693,,,,,
26019001_10_49,sarima,1,lags_only,783,4.43398331406271,6.807034881269881,-1.1639845256262673,4.382485715215184,6.904136529280693,-0.011750773920091858,0.014064271121957227
26019001_10_49,xgboost_direct,1,lags_only,783,6.645081925411701,9.91793934950179,0.7585850222224279,4.382485715215184,6.904136529280693,-0.5162814797869619,-0.4365213242002746
26019001_10_49,persistence,2,lags_only,776,6.204074793471291,9.442721774316905,,,,,
26019001_10_49,sarima,2,lags_only,776,6.1260059367977675,9.157864094820097,-2.2126845159836703,6.204074793471291,9.442721774316905,0.01258348090124206,0.030166903812795513
26019001_10_49,xgboost_direct,2,lags_only,776,6.662735495702048,9.591358407993717,0.19723940645350693,6.204074793471291,9.442721774316905,-0.07392894468542155,-0.015740867646983556
26019001_10_49,persistence,3,lags_only,774,7.108928226503795,10.54491117129294,,,,,
26019001_10_49,sarima,3,lags_only,774,6.940476961941641,10.158602055823522,-3.226241260295286,7.108928226503795,10.54491117129294,0.023695732914298783,0.03663464861810224
26019001_10_49,xgboost_direct,3,lags_only,774,6.912432698157799,9.532170357422057,0.10858115125737733,7.108928226503795,10.54491117129294,0.027640668478465337,0.09604071550910066
26019001_10_49,persistence,4,lags_only,773,7.635406251098775,11.066678891850946,,,,,
26019001_10_49,sarima,4,lags_only,773,7.507715988275878,10.677605907296856,-4.195991275764398,7.635406251098775,11.066678891850946,0.016723440590279238,0.03515715856186881
26019001_10_49,xgboost_direct,4,lags_only,773,7.025575403518946,9.925666562151049,0.06593118845147572,7.635406251098775,11.066678891850946,0.07986881477224231,0.10310340987123903
26019001_10_49,persistence,5,lags_only,773,7.977612145154426,11.609753922749844,,,,,
26019001_10_49,sarima,5,lags_only,773,7.952724637444224,11.188991040935315,-4.993927818366225,7.977612145154426,11.609753922749844,0.0031196688003086396,0.036242187785739774
26019001_10_49,xgboost_direct,5,lags_only,773,7.038919241328079,9.60840726537768,0.42404742952364644,7.977612145154426,11.609753922749844,0.11766589886129092,0.17238493345241654
26019001_10_49,persistence,6,lags_only,775,8.107473507177353,11.814512109058347,,,,,
26019001_10_49,sarima,6,lags_only,775,8.26358750017847,11.515831122071404,-5.696322813739611,8.107473507177353,11.814512109058347,-0.0192555662208348,0.025280856647304135
26019001_10_49,xgboost_direct,6,lags_only,775,6.954868331804143,9.54056257153359,0.22883834140070963,8.107473507177353,11.814512109058347,0.14216576524768618,0.19247087958725687
26019001_10_49,persistence,7,lags_only,775,8.032730460922163,11.652333874119183,,,,,
26019001_10_49,sarima,7,lags_only,775,8.33936836724304,11.57486796150842,-6.290063612665667,8.032730460922163,11.652333874119183,-0.038173558519437004,0.006648102727542035
26019001_10_49,xgboost_direct,7,lags_only,775,7.134619233326162,9.75556313429897,0.41996194184991964,8.032730460922163,11.652333874119183,0.1118064687922938,0.16278032884322857
26066001_10_49,persistence,1,lags_only,980,3.910913533278627,6.342229684773484,,,,,
26066001_10_49,sarima,1,lags_only,980,4.016654084214195,6.308220566734062,-1.2786347144260828,3.910913533278627,6.342229684773484,-0.027037302163753683,0.0053623283497713035
26066001_10_49,xgboost_direct,1,lags_only,980,5.34374686837571,8.304711602402106,-0.48885667395983456,3.910913533278627,6.342229684773484,-0.36636794010014834,-0.3094309123398948
26066001_10_49,persistence,2,lags_only,977,5.448999733526574,8.776909344374053,,,,,
26066001_10_49,sarima,2,lags_only,977,5.477818085756869,8.528849267235305,-2.3582889715127906,5.448999733526574,8.776909344374053,-0.005288741721344112,0.028262804981317554
26066001_10_49,xgboost_direct,2,lags_only,977,5.476157720705541,8.333515484818415,-0.7709485689545897,5.448999733526574,8.776909344374053,-0.00498403165848392,0.05051822254947302
26066001_10_49,persistence,3,lags_only,974,6.143442137353512,9.551722079592885,,,,,
26066001_10_49,sarima,3,lags_only,974,6.18212079956734,9.239740628736762,-3.2404957284593987,6.143442137353512,9.551722079592885,-0.006295926835324579,0.03266232499819768
26066001_10_49,xgboost_direct,3,lags_only,974,5.706041689784722,8.424024884759065,-0.8318044395353301,6.143442137353512,9.551722079592885,0.07119794372430026,0.11806218663366769
26066001_10_49,persistence,4,lags_only,972,6.619524352835438,10.188357710608232,,,,,
26066001_10_49,sarima,4,lags_only,972,6.662850954437921,9.768667204794161,-3.995288664989657,6.619524352835438,10.188357710608232,-0.006545274145554611,0.04119314591566454
26066001_10_49,xgboost_direct,4,lags_only,972,5.843018301206009,8.545708656822484,-0.7634594745150658,6.619524352835438,10.188357710608232,0.11730541504795837,0.1612280507265075
26066001_10_49,persistence,5,lags_only,971,6.986860936968107,10.701039164067096,,,,,
26066001_10_49,sarima,5,lags_only,971,7.147400118711629,10.283155915902682,-4.774869521922327,6.986860936968107,10.701039164067096,-0.02297729741465087,0.03905071664139114
26066001_10_49,xgboost_direct,5,lags_only,971,5.74541797335863,8.46939279675057,-0.7082521406228349,6.986860936968107,10.701039164067096,0.17768250646594252,0.20854482757246104
26066001_10_49,persistence,6,lags_only,970,7.237271102198266,10.852225725330477,,,,,
26066001_10_49,sarima,6,lags_only,970,7.494430776406794,10.639081395191436,-5.501135028782871,7.237271102198266,10.852225725330477,-0.035532684982661274,0.019640609726863236
26066001_10_49,xgboost_direct,6,lags_only,970,5.681592010282347,8.330105936205245,-0.7102806259064203,7.237271102198266,10.852225725330477,0.21495382305678631,0.2324057620031146
26066001_10_49,persistence,7,lags_only,970,7.275414930913527,10.954754374657885,,,,,
26066001_10_49,sarima,7,lags_only,970,7.783936219146302,10.964699342930043,-6.14122717666388,7.275414930913527,10.954754374657885,-0.06989584691204997,-0.0009078221137631837
26066001_10_49,xgboost_direct,7,lags_only,970,5.581238763455449,8.324143853783433,-0.9905528285174355,7.275414930913527,10.954754374657885,0.23286316774311475,0.24013414001868988
26089001_10_49,persistence,1,lags_only,891,4.497162504990942,6.653365819338748,,,,,
26089001_10_49,sarima,1,lags_only,891,4.549350367512767,6.589496171372142,-1.2114686126642034,4.497162504990942,6.653365819338748,-0.0116046201274487,0.009599599616326802
26089001_10_49,xgboost_direct,1,lags_only,891,5.905423724130925,8.332942658624468,0.2601825297099999,4.497162504990942,6.653365819338748,-0.31314439217553236,-0.2524401761291771
26089001_10_49,persistence,2,lags_only,888,6.282160878624694,9.305181981911863,,,,,
26089001_10_49,sarima,2,lags_only,888,6.336906450657606,9.169291843992992,-2.4415622110759942,6.282160878624694,9.305181981911863,-0.008714449230230034,0.014603705567824967
26089001_10_49,xgboost_direct,2,lags_only,888,6.404724241374805,9.121356461833429,0.378367133282774,6.282160878624694,9.305181981911863,-0.01950974594858563,0.019755177323320338
26089001_10_49,persistence,3,lags_only,884,7.145949857208943,10.233347061556966,,,,,
26089001_10_49,sarima,3,lags_only,884,7.257973939408896,10.144124284644835,-3.4232135097459078,7.145949857208943,10.233347061556966,-0.01567658386056849,0.008718826438253882
26089001_10_49,xgboost_direct,3,lags_only,884,6.740588714810759,9.605886060230922,0.29147542815511673,7.145949857208943,10.233347061556966,0.05672599871229848,0.06131532503995596
26089001_10_49,persistence,4,lags_only,882,7.624414610522329,11.075992362551583,,,,,
26089001_10_49,sarima,4,lags_only,882,7.8840356155672175,10.957019136874711,-4.147521928971504,7.624414610522329,11.075992362551583,-0.034051270596773354,0.010741540963780827
26089001_10_49,xgboost_direct,4,lags_only,882,6.66338552215592,9.472390303328687,0.6074785956896421,7.624414610522329,11.075992362551583,0.12604627862709733,0.1447817953219925
26089001_10_49,persistence,5,lags_only,880,7.9368420828710455,11.49609541573494,,,,,
26089001_10_49,sarima,5,lags_only,880,8.317607013318717,11.564391355096822,-4.921980643413863,7.9368420828710455,11.49609541573494,-0.04797436139865029,-0.005940794408195635
26089001_10_49,xgboost_direct,5,lags_only,880,6.8440316703691355,9.639523373072342,0.8691671530433851,7.9368420828710455,11.49609541573494,0.13768831496098013,0.16149587973334587
26089001_10_49,persistence,6,lags_only,880,8.227668122979551,11.719224189067361,,,,,
26089001_10_49,sarima,6,lags_only,880,8.712356082683572,12.04983561207581,-5.619971079368119,8.227668122979551,11.719224189067361,-0.05890951755216111,-0.028211033228365916
26089001_10_49,xgboost_direct,6,lags_only,880,6.7818816645664874,9.463122292345755,0.9082415718984927,8.227668122979551,11.719224189067361,0.17572250567266315,0.19251290531896134
26089001_10_49,persistence,7,lags_only,879,8.096246602655409,11.590708661654274,,,,,
26089001_10_49,sarima,7,lags_only,879,8.963425567959673,12.116580922635569,-6.186862998422122,8.096246602655409,11.590708661654274,-0.10710876383382968,-0.04537015607346309
26089001_10_49,xgboost_direct,7,lags_only,879,6.775849141039071,9.315898794595409,0.8112673607706528,8.096246602655409,11.590708661654274,0.1630876042218469,0.19626149991886646
26117001_10_49,persistence,1,lags_only,831,5.328554495366901,8.249856925336061,,,,,
26117001_10_49,sarima,1,lags_only,831,5.3641348698389235,8.09483805016819,-1.5783131817454852,5.328554495366901,8.249856925336061,-0.006677303291719974,0.018790492558942887
26117001_10_49,xgboost_direct,1,lags_only,831,6.801119059959691,10.028553987739405,-0.3768643877784175,5.328554495366901,8.249856925336061,-0.27635347745306227,-0.21560338300423168
26117001_10_49,persistence,2,lags_only,829,7.4125216377224525,11.140794887910834,,,,,
26117001_10_49,sarima,2,lags_only,829,7.229641196690425,10.632701379929616,-2.9808603625191417,7.4125216377224525,11.140794887910834,0.02467182559054478,0.04560657593046292
26117001_10_49,xgboost_direct,2,lags_only,829,7.2941240052667995,10.401448190793722,-0.661831869724405,7.4125216377224525,11.140794887910834,0.01597265252530602,0.06636390890917453
26117001_10_49,persistence,3,lags_only,826,8.13335256465101,11.984858741305596,,,,,
26117001_10_49,sarima,3,lags_only,826,7.942445266404297,11.447902338239809,-4.215248400380559,8.13335256465101,11.984858741305596,0.023472153300771764,0.04480289794448528
26117001_10_49,xgboost_direct,3,lags_only,826,7.471516633154463,10.445899804648297,-0.6430004833384391,8.13335256465101,11.984858741305596,0.08137307785881599,0.12840860037451293
26117001_10_49,persistence,4,lags_only,824,8.70204856449552,12.66316189274154,,,,,
26117001_10_49,sarima,4,lags_only,824,8.546725212708086,12.125653703076724,-5.264277540359302,8.70204856449552,12.66316189274154,0.017849055959208892,0.04244660174272218
26117001_10_49,xgboost_direct,4,lags_only,824,7.626249818301385,10.680604088888147,-0.4451943419588834,8.70204856449552,12.66316189274154,0.12362591845136428,0.15656104065050172
26117001_10_49,persistence,5,lags_only,823,9.111444213617014,13.378674397054324,,,,,
26117001_10_49,sarima,5,lags_only,823,9.159551862288538,12.785152323710108,-6.184615278060977,9.111444213617014,13.378674397054324,-0.005279914747173322,0.04436329457833999
26117001_10_49,xgboost_direct,5,lags_only,823,7.378925175931274,10.6222630250768,-0.806358997813852,9.111444213617014,13.378674397054324,0.19014757672515828,0.20603023066204695
26117001_10_49,persistence,6,lags_only,821,9.357956890532488,13.281227251508502,,,,,
26117001_10_49,sarima,6,lags_only,821,9.601292851862398,13.233233546142863,-7.1778561471719255,9.357956890532488,13.281227251508502,-0.026003107748454653,0.003613649887677995
26117001_10_49,xgboost_direct,6,lags_only,821,7.4360298731960635,10.725610522789614,-0.7076066004140926,9.357956890532488,13.281227251508502,0.20537891334815317,0.19242323622078053
26117001_10_49,persistence,7,lags_only,824,9.441070747320609,13.700682300487003,,,,,
26117001_10_49,sarima,7,lags_only,824,9.913351621141809,13.624473007325854,-7.881089782790613,9.441070747320609,13.700682300487003,-0.05002407952034826,0.0055624451023464855
26117001_10_49,xgboost_direct,7,lags_only,824,7.423870170249778,10.513285277106164,-0.45252222816120624,9.441070747320609,13.700682300487003,0.21366226681897452,0.23264513062006703
27013002_10_47,persistence,1,lags_only,944,3.0040702579936642,4.416731550588092,,,,,
27013002_10_47,sarima,1,lags_only,944,3.0770334742876533,4.464785748602198,-1.1110558793798735,3.0040702579936642,4.416731550588092,-0.024288119127652885,-0.010880035941443527
27013002_10_47,xgboost_direct,1,lags_only,944,3.7226941647262084,5.3894901251448255,-0.4887062500899791,3.0040702579936642,4.416731550588092,-0.23921674428896122,-0.22024398888975033
27013002_10_47,persistence,2,lags_only,943,3.85449596656881,5.626366999964347,,,,,
27013002_10_47,sarima,2,lags_only,943,3.7979934382659626,5.549123794823978,-1.9580022360337939,3.85449596656881,5.626366999964347,0.01465886299866715,0.013728788957573927
27013002_10_47,xgboost_direct,2,lags_only,943,3.957611414655169,5.709385088119055,-0.42114279611856487,3.85449596656881,5.626366999964347,-0.02675199273282679,-0.014755185389654554
27013002_10_47,persistence,3,lags_only,942,4.139819757270201,6.187145162082792,,,,,
27013002_10_47,sarima,3,lags_only,942,4.27419723315222,6.170789653529988,-2.667306838613398,4.139819757270201,6.187145162082792,-0.032459740703935244,0.002643466109868599
27013002_10_47,xgboost_direct,3,lags_only,942,4.050387409066985,5.744697966001819,-0.3020398994364079,4.139819757270201,6.187145162082792,0.021602956999796464,0.07151071851238584
27013002_10_47,persistence,4,lags_only,941,4.259061347014022,6.482683729576602,,,,,
27013002_10_47,sarima,4,lags_only,941,4.70647227303809,6.619925523279485,-3.291763823467658,4.259061347014022,6.482683729576602,-0.10504918562343374,-0.02117052125753573
27013002_10_47,xgboost_direct,4,lags_only,941,4.104200316052381,5.92025720991847,-0.45371552536167553,4.259061347014022,6.482683729576602,0.03636036636809939,0.08675828454998005
27013002_10_47,persistence,5,lags_only,940,4.442743526701077,6.725577592128445,,,,,
27013002_10_47,sarima,5,lags_only,940,5.126923232963859,7.036538049777549,-3.8673485975359267,4.442743526701077,6.725577592128445,-0.15399937046800785,-0.04623550221367594
27013002_10_47,xgboost_direct,5,lags_only,940,3.996084660798023,5.741865548539208,-0.729670773459089,4.442743526701077,6.725577592128445,0.10053672088397964,0.14626432155664448
27013002_10_47,persistence,6,lags_only,939,4.532272692748764,6.864337750915657,,,,,
27013002_10_47,sarima,6,lags_only,939,5.521553139373291,7.419152363496233,-4.414195338655802,4.532272692748764,6.864337750915657,-0.21827469653520362,-0.08082565758168986
27013002_10_47,xgboost_direct,6,lags_only,939,3.9581328023583886,5.7910972247457435,-0.7954129277219487,4.532272692748764,6.864337750915657,0.12667814346408338,0.15635019212548945
27013002_10_47,persistence,7,lags_only,938,4.591015614038044,6.885983086391508,,,,,
27013002_10_47,sarima,7,lags_only,938,5.827003204808781,7.716863923743268,-4.890359602173027,4.591015614038044,6.885983086391508,-0.26921877307309344,-0.1206626311635584
27013002_10_47,xgboost_direct,7,lags_only,938,4.03679568445602,5.76430997915589,-0.7397723927869977,4.591015614038044,6.885983086391508,0.12071837174488664,0.16289222514245433
27025015_10_47,persistence,1,lags_only,1049,3.5190217889210724,4.876946417921708,,,,,
27025015_10_47,sarima,1,lags_only,1049,3.4450158259375843,4.839723959497756,-0.8667302930406892,3.5190217889210724,4.876946417921708,0.021030265631341343,0.007632328763581988
27025015_10_47,xgboost_direct,1,lags_only,1049,4.109575498326794,5.9090733017593005,-1.1706510347571843,3.5190217889210724,4.876946417921708,-0.16781757682346837,-0.2116338371167566
27025015_10_47,persistence,2,lags_only,1047,4.480945354702051,6.230826101717971,,,,,
27025015_10_47,sarima,2,lags_only,1047,4.15708499219347,5.896515961286126,-1.4054094230863834,4.480945354702051,6.230826101717971,0.07227500825662612,0.053654224170960045
27025015_10_47,xgboost_direct,2,lags_only,1047,4.201554112769763,6.026676280759716,-1.1099072073310141,4.480945354702051,6.230826101717971,0.062350959410632074,0.03276448702395447
27025015_10_47,persistence,3,lags_only,1045,4.682914387567914,6.77511024175958,,,,,
27025015_10_47,sarima,3,lags_only,1045,4.406501679816098,6.3704197039667525,-1.902113957071765,4.682914387567914,6.77511024175958,0.05902578712214547,0.05973194875833112
27025015_10_47,xgboost_direct,3,lags_only,1045,4.245007412889269,6.054947564593175,-1.2083496289776816,4.682914387567914,6.77511024175958,0.09351163366154844,0.1062953444989804
27025015_10_47,persistence,4,lags_only,1043,4.931003420308622,7.127733251138167,,,,,
27025015_10_47,sarima,4,lags_only,1043,4.740291647365605,6.737782557096867,-2.393440265264274,4.931003420308622,7.127733251138167,0.03867605772844529,0.054708934846717606
27025015_10_47,xgboost_direct,4,lags_only,1043,4.3036722389884785,6.128634224796971,-1.2425499295653812,4.931003420308622,7.127733251138167,0.1272218102174588,0.14017065329733802
27025015_10_47,persistence,5,lags_only,1042,5.1407813662248065,7.40167812539845,,,,,
27025015_10_47,sarima,5,lags_only,1042,5.080618075618887,7.081508737716974,-2.887904594105309,5.1407813662248065,7.40167812539845,0.011703141277548939,0.04325632407370331
27025015_10_47,xgboost_direct,5,lags_only,1042,4.331610330281675,6.127563798368179,-1.4155632357699464,5.1407813662248065,7.40167812539845,0.15740234378754675,0.1721385752587941
27025015_10_47,persistence,6,lags_only,1042,5.382347162177442,7.668647360641342,,,,,
27025015_10_47,sarima,6,lags_only,1042,5.375718637682419,7.39996856092112,-3.352450739710696,5.382347162177442,7.668647360641342,0.001231530463438539,0.03503600923145747
27025015_10_47,xgboost_direct,6,lags_only,1042,4.364402413749728,6.2889860923016485,-1.4499889187151498,5.382347162177442,7.668647360641342,0.1891265497664224,0.17990933778239476
27025015_10_47,persistence,7,lags_only,1040,5.412589044108065,7.687361931221399,,,,,
27025015_10_47,sarima,7,lags_only,1040,5.620030237749609,7.59286226984938,-3.780821464731765,5.412589044108065,7.687361931221399,-0.03832568701430535,0.012292859659464984
27025015_10_47,xgboost_direct,7,lags_only,1040,4.51559504561551,6.391377745641211,-1.1241068962851413,5.412589044108065,7.687361931221399,0.16572364744169676,0.16858633653200147
27028005_10_49,persistence,1,lags_only,851,4.681159872208773,7.155921255009739,,,,,
27028005_10_49,sarima,1,lags_only,851,4.645820209444167,7.111104296035129,-1.377410546852914,4.681159872208773,7.155921255009739,0.007549338994895437,0.006262919528807604
27028005_10_49,xgboost_direct,1,lags_only,851,6.424144017889392,9.579907687263601,0.4542187729928964,4.681159872208773,7.155921255009739,-0.3723402304690364,-0.33873855592763413
27028005_10_49,persistence,2,lags_only,849,6.322155938212128,9.596135118937529,,,,,
27028005_10_49,sarima,2,lags_only,849,6.080061643561542,9.107961214302355,-2.270395380330694,6.322155938212128,9.596135118937529,0.038292996410817494,0.050871929019818095
27028005_10_49,xgboost_direct,2,lags_only,849,6.853512830462897,10.184130108701854,0.5748362523401541,6.322155938212128,9.596135118937529,-0.08404678679928826,-0.06127414656802246
27028005_10_49,persistence,3,lags_only,845,7.030921447472319,10.593919063518532,,,,,
27028005_10_49,sarima,3,lags_only,845,6.805574661800211,10.001037303322514,-3.0616687652312224,7.030921447472319,10.593919063518532,0.032050818282591126,0.05596434677679197
27028005_10_49,xgboost_direct,3,lags_only,845,7.127488174925102,10.32562060636119,0.5752552213497991,7.030921447472319,10.593919063518532,-0.013734576353075206,0.025325703882452873
27028005_10_49,persistence,4,lags_only,842,7.613871611874738,11.395065907468505,,,,,
27028005_10_49,sarima,4,lags_only,842,7.383231437497787,10.711902491008198,-3.870354547866592,7.613871611874738,11.395065907468505,0.03029210185488819,0.05995256385595371
27028005_10_49,xgboost_direct,4,lags_only,842,7.4919683017282805,10.849146956149855,0.5435664513080875,7.613871611874738,11.395065907468505,0.016010686331555,0.04790836277312317
27028005_10_49,persistence,5,lags_only,845,7.9842159685646745,11.943210893004611,,,,,
27028005_10_49,sarima,5,lags_only,845,7.720554338778154,11.170428993923096,-4.5827294185330425,7.9842159685646745,11.943210893004611,0.033022857951814547,0.0647047017761488
27028005_10_49,xgboost_direct,5,lags_only,845,7.307673400204395,10.423494687436817,0.22244162313155133,7.9842159685646745,11.943210893004611,0.08473500353997834,0.12724519554937477
27028005_10_49,persistence,6,lags_only,846,8.149233934115946,12.141031489337573,,,,,
27028005_10_49,sarima,6,lags_only,846,7.943331175062622,11.4313849580404,-5.290459068193982,8.149233934115946,12.141031489337573,0.025266517161979248,0.05845026692504623
27028005_10_49,xgboost_direct,6,lags_only,846,7.396323455833476,10.59522962448056,0.28948342711452446,8.149233934115946,12.141031489337573,0.09239033808202347,0.127320472417402
27028005_10_49,persistence,7,lags_only,843,8.441898885535396,12.459052064584801,,,,,
27028005_10_49,sarima,7,lags_only,843,8.225717930039568,11.67956160578644,-5.776511014830859,8.441898885535396,12.459052064584801,0.025608095811978843,0.06256418664579508
27028005_10_49,xgboost_direct,7,lags_only,843,7.683244838724764,10.959392977824862,0.6651054235380292,8.441898885535396,12.459052064584801,0.08986770122425101,0.12036702944863369
27033001_10_47,persistence,1,lags_only,882,2.7830315497836398,4.3859246578217235,,,,,
27033001_10_47,sarima,1,lags_only,882,2.826475365448642,4.46851456091633,-1.1319926237350888,2.7830315497836398,4.3859246578217235,-0.015610249071153916,-0.01883067073377979
27033001_10_47,xgboost_direct,1,lags_only,882,3.3534178219588533,5.5202043742670375,-0.4637095254433753,2.7830315497836398,4.3859246578217235,-0.204951421488397,-0.2586181489512079
27033001_10_47,persistence,2,lags_only,878,3.642629949277833,5.914289870082709,,,,,
27033001_10_47,sarima,2,lags_only,878,3.684809325101181,5.760186893081598,-2.0170407323656825,3.642629949277833,5.914289870082709,-0.011579374356077593,0.02605604060440751
27033001_10_47,xgboost_direct,2,lags_only,878,3.7946776728331137,6.334647965517079,-0.15851020784078199,3.642629949277833,5.914289870082709,-0.04174119404729122,-0.0710749903485017
27033001_10_47,persistence,3,lags_only,875,3.9564220929700498,6.67883410653397,,,,,
27033001_10_47,sarima,3,lags_only,875,4.155122167596799,6.477303801439747,-2.8273974875324694,3.9564220929700498,6.67883410653397,-0.05022216284248555,0.030174473849719448
27033001_10_47,xgboost_direct,3,lags_only,875,3.8442764908322746,6.225359593233085,-0.16567237317265893,3.9564220929700498,6.67883410653397,0.028345206730353803,0.0678972566270581
27033001_10_47,persistence,4,lags_only,872,4.141804309765269,7.11659352864795,,,,,
27033001_10_47,sarima,4,lags_only,872,4.604077062746256,6.940933786300227,-3.5054614488641174,4.141804309765269,7.11659352864795,-0.11161144235884626,0.024683121445759473
27033001_10_47,xgboost_direct,4,lags_only,872,3.833665029655711,6.163920763708984,-0.346252056270238,4.141804309765269,7.11659352864795,0.07439735368062846,0.13386640126402724
27033001_10_47,persistence,5,lags_only,869,4.2829123780841085,7.3584237702215045,,,,,
27033001_10_47,sarima,5,lags_only,869,4.9592449327593,7.288459672519611,-4.110474334269711,4.2829123780841085,7.3584237702215045,-0.15791417030523933,0.009508027790547772
27033001_10_47,xgboost_direct,5,lags_only,869,3.827475966729006,6.130222816966275,-0.5371323757533504,4.2829123780841085,7.3584237702215045,0.10633801748679124,0.1669108754276404
27033001_10_47,persistence,6,lags_only,868,4.375665036398699,7.345803522691269,,,,,
27033001_10_47,sarima,6,lags_only,868,5.31779206404153,7.554907033403155,-4.672858023567842,4.375665036398699,7.345803522691269,-0.215310591602832,-0.028465709716569854
27033001_10_47,xgboost_direct,6,lags_only,868,3.841728842913449,6.321694729261539,-0.4523695319229336,4.375665036398699,7.345803522691269,0.12202400984621414,0.1394141281163111
27033001_10_47,persistence,7,lags_only,869,4.423096320708255,7.030745110681454,,,,,
27033001_10_47,sarima,7,lags_only,869,5.631371772794433,7.790632861456703,-5.1810280423630966,4.423096320708255,7.030745110681454,-0.2731741215829324,-0.10808068544837306
27033001_10_47,xgboost_direct,7,lags_only,869,3.9025246948075942,6.310162590492886,-0.36766371865626274,4.423096320708255,7.030745110681454,0.11769393839863367,0.1024902067767787
27065004_10_47,persistence,1,lags_only,974,2.654428235299598,4.594741032745212,,,,,
27065004_10_47,sarima,1,lags_only,974,2.6930561043083916,4.521784137000928,-0.9593977917244222,2.654428235299598,4.594741032745212,-0.014552237086354667,0.015878347707595226
27065004_10_47,xgboost_direct,1,lags_only,974,3.31946672915589,5.607709954681524,-0.8564539669556008,2.654428235299598,4.594741032745212,-0.250539263036897,-0.22046267998940852
27065004_10_47,persistence,2,lags_only,973,3.4635593011943255,5.789869494496025,,,,,
27065004_10_47,sarima,2,lags_only,973,3.3451982780387444,5.460369825460628,-1.553349773857065,3.4635593011943255,5.789869494496025,0.03417323419719339,0.05690968843919998
27065004_10_47,xgboost_direct,2,lags_only,973,3.567873530622087,5.719998237366616,-0.6737026159497004,3.4635593011943255,5.789869494496025,-0.03011763921345045,0.012067846640728339
27065004_10_47,persistence,3,lags_only,972,3.7600219537237503,6.149426612419443,,,,,
27065004_10_47,sarima,3,lags_only,972,3.6279468768884597,5.771853910316122,-2.0368243017061762,3.7600219537237503,6.149426612419443,0.03512614512914999,0.06139965982206723
27065004_10_47,xgboost_direct,3,lags_only,972,3.5873441039241007,5.725026195888523,-0.49817748082329427,3.7600219537237503,6.149426612419443,0.0459246919100133,0.06901463230308286
27065004_10_47,persistence,4,lags_only,971,3.9559004881513227,6.442280892734948,,,,,
27065004_10_47,sarima,4,lags_only,971,3.8713875405110407,6.0078992902218085,-2.459125708100144,3.9559004881513227,6.442280892734948,0.02136376986565116,0.06742667849255041
27065004_10_47,xgboost_direct,4,lags_only,971,3.4962326767271135,5.649468184198495,-0.8147391956361179,3.9559004881513227,6.442280892734948,0.1161980218665768,0.12306397714364167
27065004_10_47,persistence,5,lags_only,970,4.0593025943796786,6.474002952910137,,,,,
27065004_10_47,sarima,5,lags_only,970,4.0830536378811715,6.066092221347228,-2.8470607520938476,4.0593025943796786,6.474002952910137,-0.005851015771619864,0.06300749853373927
27065004_10_47,xgboost_direct,5,lags_only,970,3.69578320711813,5.86884121693231,-0.5920954735861054,4.0593025943796786,6.474002952910137,0.0895521776979279,0.09347566573255886
27065004_10_47,persistence,6,lags_only,969,4.134761965436031,6.516684836761977,,,,,
27065004_10_47,sarima,6,lags_only,969,4.342355294231302,6.231399628484007,-3.278183589989277,4.134761965436031,6.516684836761977,-0.05020683911930573,0.04377765925837271
27065004_10_47,xgboost_direct,6,lags_only,969,3.6467026619464176,5.376715224381757,-0.6372724973303295,4.134761965436031,6.516684836761977,0.11803806544838065,0.17493091056811802
27065004_10_47,persistence,7,lags_only,967,4.15295252152396,6.5298031372175345,,,,,
27065004_10_47,sarima,7,lags_only,967,4.604657209666418,6.527759457783316,-3.7139065563358997,4.15295252152396,6.5298031372175345,-0.10876712069337631,0.0003129771895526899
27065004_10_47,xgboost_direct,7,lags_only,967,3.7082830826357704,5.723419721858643,-0.5268122294956504,4.15295252152396,6.5298031372175345,0.10707308513245763,0.12349276056467852
28005002_10_49,persistence,1,lags_only,985,6.518514962459486,15.12041655113416,,,,,
28005002_10_49,sarima,1,lags_only,985,6.844498856961971,14.629535439695834,-2.772660008859545,6.518514962459486,15.12041655113416,-0.05000892018808669,0.03246478757898405
28005002_10_49,xgboost_direct,1,lags_only,985,8.481709594115276,16.029547522851455,0.3973009194684963,6.518514962459486,15.12041655113416,-0.30117206801885776,-0.06012605331624304
28005002_10_49,persistence,2,lags_only,985,9.301210994571761,20.278671473913437,,,,,
28005002_10_49,sarima,2,lags_only,985,9.412472953449019,18.756091703787806,-4.884494389532735,9.301210994571761,20.278671473913437,-0.011962093854465889,0.07508281654862271
28005002_10_49,xgboost_direct,2,lags_only,985,8.841616810616689,16.613734396455424,0.029065759744885056,9.301210994571761,20.278671473913437,0.049412295261691656,0.1807286578005173
28005002_10_49,persistence,3,lags_only,985,10.658115061283352,21.860153608331895,,,,,
28005002_10_49,sarima,3,lags_only,985,10.710174031810492,19.899316659235858,-6.705324103152794,10.658115061283352,21.860153608331895,-0.004884444409523168,0.0896991386349945
28005002_10_49,xgboost_direct,3,lags_only,985,9.613551183966889,17.223870649919814,0.25376401444794855,10.658115061283352,21.860153608331895,0.09800643653312995,0.21208830649044405
28005002_10_49,persistence,4,lags_only,985,11.509034219377353,22.53193026524918,,,,,
28005002_10_49,sarima,4,lags_only,985,11.716485173598961,20.515085062830273,-8.368264828332899,11.509034219377353,22.53193026524918,-0.018025053211878566,0.08951053809754911
28005002_10_49,xgboost_direct,4,lags_only,985,9.668603954541855,17.66382150829846,-0.032361505428805795,11.509034219377353,22.53193026524918,0.15991179014281073,0.21605378232768474
28005002_10_49,persistence,5,lags_only,985,11.765579738891311,22.79724485301336,,,,,
28005002_10_49,sarima,5,lags_only,985,12.397033759129757,20.8847896938529,-9.644395140153664,11.765579738891311,22.79724485301336,-0.053669605259753075,0.08388974946275897
28005002_10_49,xgboost_direct,5,lags_only,985,9.574313459719662,17.433662105686317,-0.302902163439057,11.765579738891311,22.79724485301336,0.18624379994879336,0.23527328771125958
28005002_10_49,persistence,6,lags_only,984,11.654962780500503,22.793307535735167,,,,,
28005002_10_49,sarima,6,lags_only,984,12.83041781994607,21.18891110654931,-10.612334539875757,11.654962780500503,22.793307535735167,-0.10085446531087851,0.07038892563839179
28005002_10_49,xgboost_direct,6,lags_only,984,9.487889080868829,18.210891268238672,-0.11188205492509103,11.654962780500503,22.793307535735167,0.1859357031373216,0.20104218136451757
28005002_10_49,persistence,7,lags_only,983,11.58988927938217,22.926500731956217,,,,,
28005002_10_49,sarima,7,lags_only,983,13.369797770196433,21.662362675679457,-11.579060511744458,11.58988927938217,22.926500731956217,-0.15357424457717905,0.055138726622800095
28005002_10_49,xgboost_direct,7,lags_only,983,9.3919897999442,16.989850950865904,-0.1628220056613622,11.58988927938217,22.926500731956217,0.1896393853691012,0.2589426904043618
28006004_10_49,persistence,1,lags_only,1027,6.2096421655664775,15.55228974585481,,,,,
28006004_10_49,sarima,1,lags_only,1027,6.613984242239265,15.418742166580751,-2.7253811454050783,6.2096421655664775,15.55228974585481,-0.06511519760589966,0.00858700432260495
28006004_10_49,xgboost_direct,1,lags_only,1027,8.372579606381734,16.560833193501413,1.1533631872842016,6.2096421655664775,15.55228974585481,-0.3483191757504342,-0.0648485505432029
28006004_10_49,persistence,2,lags_only,1027,8.577297666367272,20.105545674813175,,,,,
28006004_10_49,sarima,2,lags_only,1027,8.797285500644103,18.838509725458618,-4.639653228963509,8.577297666367272,20.105545674813175,-0.025647685650392205,0.06301922712507185
28006004_10_49,xgboost_direct,2,lags_only,1027,8.863373310449184,16.73715724560552,1.2218056941391324,8.577297666367272,20.105545674813175,-0.03335265432184456,0.1675352901974373
28006004_10_49,persistence,3,lags_only,1026,9.681964000718267,21.45865726041225,,,,,
28006004_10_49,sarima,3,lags_only,1026,9.793531242119737,19.56459622409156,-6.212190018459631,9.681964000718267,21.45865726041225,-0.011523203493959862,0.08826558965620489
28006004_10_49,xgboost_direct,3,lags_only,1026,9.589319264676696,17.623971461804754,1.6405638842569743,9.681964000718267,21.45865726041225,0.00956879575618106,0.17870110660101135
28006004_10_49,persistence,4,lags_only,1025,10.407954484205307,22.00757110529282,,,,,
28006004_10_49,sarima,4,lags_only,1025,10.393485934804204,19.44104112774214,-7.599345962851894,10.407954484205307,22.00757110529282,0.0013901434160823907,0.11662031967414294
28006004_10_49,xgboost_direct,4,lags_only,1025,9.391530730090848,17.43792132039383,1.7649518224381515,10.407954484205307,22.00757110529282,0.09765835886935739,0.20763989642637065
28006004_10_49,persistence,5,lags_only,1023,10.764568478347778,22.242148001220063,,,,,
28006004_10_49,sarima,5,lags_only,1023,10.8931163679458,19.637021481436207,-8.710922734230014,10.764568478347778,22.242148001220063,-0.011941759658697591,0.11712567147925437
28006004_10_49,xgboost_direct,5,lags_only,1023,9.94952105650873,19.670379001259064,1.959360936604163,10.764568478347778,22.242148001220063,0.07571575428020746,0.11562592784743304
28006004_10_49,persistence,6,lags_only,1021,10.939621787548507,22.418724320592816,,,,,
28006004_10_49,sarima,6,lags_only,1021,11.281729895927672,19.98232780150446,-9.547966395874978,10.939621787548507,22.418724320592816,-0.031272389029806565,0.10867685798029071
28006004_10_49,xgboost_direct,6,lags_only,1021,9.531217876892288,17.877913644281303,1.5395444718665867,10.939621787548507,22.418724320592816,0.1287433823589099,0.20254545313894293
28006004_10_49,persistence,7,lags_only,1021,10.959019821273927,22.511286802894443,,,,,
28006004_10_49,sarima,7,lags_only,1021,11.61120815021391,20.290737621786374,-10.188997634716856,10.959019821273927,22.511286802894443,-0.05951155665162125,0.09864159257313343
28006004_10_49,xgboost_direct,7,lags_only,1021,9.574951311286503,18.743635523709585,1.6664929036314031,10.959019821273927,22.511286802894443,0.12629491802730708,0.1673672105985706
28013002_10_49,persistence,1,lags_only,903,6.6477795695582325,14.537273891000607,,,,,
28013002_10_49,sarima,1,lags_only,903,7.004258479111489,15.270794773641331,-2.7409165455281705,6.6477795695582325,14.537273891000607,-0.053623755996010866,-0.05045793923541706
28013002_10_49,xgboost_direct,1,lags_only,903,8.92462832337341,17.75585781075635,-0.674955750173348,6.6477795695582325,14.537273891000607,-0.3424976309746206,-0.2214021654877279
28013002_10_49,persistence,2,lags_only,903,9.258672395394573,19.00870005967423,,,,,
28013002_10_49,sarima,2,lags_only,903,9.35035038512776,18.692104937365162,-4.608082729263506,9.258672395394573,19.00870005967423,-0.009901850483314325,0.016655274759198504
28013002_10_49,xgboost_direct,2,lags_only,903,9.347687717831308,18.12447942083197,-0.7352694204031668,9.258672395394573,19.00870005967423,-0.009614264187705003,0.04651662849465846
28013002_10_49,persistence,3,lags_only,902,10.599725429268348,20.437581268142694,,,,,
28013002_10_49,sarima,3,lags_only,902,10.57121423338588,19.820163068676507,-6.1842152207375785,10.599725429268348,20.437581268142694,0.0026898051343614412,0.03020994467816962
28013002_10_49,xgboost_direct,3,lags_only,902,9.884132667630364,19.22862922398089,-0.4509094924513591,10.599725429268348,20.437581268142694,0.06751049981559551,0.05915338162086099
28013002_10_49,persistence,4,lags_only,899,11.357566809867103,21.16371275986416,,,,,
28013002_10_49,sarima,4,lags_only,899,11.47980075477381,20.452439223012885,-7.553622143603081,11.357566809867103,21.16371275986416,-0.010762335538322704,0.033608164357634286
28013002_10_49,xgboost_direct,4,lags_only,899,9.583859406968969,18.121290439285477,-0.9913274436386956,11.357566809867103,21.16371275986416,0.15616966491072648,0.14375654948164263
28013002_10_49,persistence,5,lags_only,900,11.833965203229123,21.712369256795782,,,,,
28013002_10_49,sarima,5,lags_only,900,12.037833088324895,21.05354184749169,-8.681852996550019,11.833965203229123,21.712369256795782,-0.017227352083149808,0.03034341400111756
28013002_10_49,xgboost_direct,5,lags_only,900,9.8723558504976,19.150417963153153,-0.36462007217915615,11.833965203229123,21.712369256795782,0.1657609532429807,0.11799501304265819
28013002_10_49,persistence,6,lags_only,900,12.047291702393151,21.888319194738603,,,,,
28013002_10_49,sarima,6,lags_only,900,12.485538522455075,21.537488813970604,-9.780821371377808,12.047291702393151,21.888319194738603,-0.03637720666918586,0.016028201053113728
28013002_10_49,xgboost_direct,6,lags_only,900,9.660696768858305,18.357164318758606,-0.6636375249926234,12.047291702393151,21.888319194738603,0.1981021952893162,0.16132599513757076
28013002_10_49,persistence,7,lags_only,899,12.309259289684274,22.15455929608053,,,,,
28013002_10_49,sarima,7,lags_only,899,13.049422077599603,21.94927378258358,-10.813947778722225,12.309259289684274,22.15455929608053,-0.06013057085698241,0.009266061705559082
28013002_10_49,xgboost_direct,7,lags_only,899,9.92427707294391,18.723640722961054,-0.1906465029420661,12.309259289684274,22.15455929608053,0.19375513673183312,0.15486286715378073
28014002_10_49,persistence,1,lags_only,1087,8.067015715437304,17.149421872179573,,,,,
28014002_10_49,sarima,1,lags_only,1087,8.203697684341492,16.50158764765797,-3.2942121941789972,8.067015715437304,17.149421872179573,-0.01694331258616854,0.037775863778390296
28014002_10_49,xgboost_direct,1,lags_only,1087,9.713073678720415,19.200968537217733,-0.9844404052570214,8.067015715437304,17.149421872179573,-0.20404794304951718,-0.11962774490761433
28014002_10_49,persistence,2,lags_only,1086,10.979765485569278,22.479658254878967,,,,,
28014002_10_49,sarima,2,lags_only,1086,10.779631173420395,20.72848012957151,-5.773580078797661,10.979765485569278,22.479658254878967,0.01822755799401361,0.07790056705721422
28014002_10_49,xgboost_direct,2,lags_only,1086,10.3977726011126,20.09326681047664,-0.912246033236545,10.979765485569278,22.479658254878967,0.05300594855341786,0.10615781687359004
28014002_10_49,persistence,3,lags_only,1085,12.310635775290942,24.21384748040897,,,,,
28014002_10_49,sarima,3,lags_only,1085,12.215574336044547,21.979935495903895,-7.868695344054539,12.310635775290942,24.21384748040897,0.0077218951954695835,0.09225762185511806
28014002_10_49,xgboost_direct,3,lags_only,1085,10.363193559595222,18.32058251677991,-1.3122720973723179,12.310635775290942,24.21384748040897,0.1581918473783857,0.24338407881676807
28014002_10_49,persistence,4,lags_only,1084,13.078312901576071,24.87797731981082,,,,,
28014002_10_49,sarima,4,lags_only,1084,13.285096584641831,22.50792810779184,-9.618066738308073,13.078312901576071,24.87797731981082,-0.01581118945707749,0.09526695766105002
28014002_10_49,xgboost_direct,4,lags_only,1084,10.895994901043474,20.368195952765976,-0.908831765921578,13.078312901576071,24.87797731981082,0.16686540664351324,0.18127604624245788
28014002_10_49,persistence,5,lags_only,1083,13.389027311026018,25.149794302714408,,,,,
28014002_10_49,sarima,5,lags_only,1083,13.910463189392447,22.953375173811747,-11.082652783373769,13.389027311026018,25.149794302714408,-0.038945015664955764,0.08733348282954358
28014002_10_49,xgboost_direct,5,lags_only,1083,10.862276331037506,20.581245882631766,-0.7185507646668884,13.389027311026018,25.149794302714408,0.18871803912952684,0.1816535103664669
28014002_10_49,persistence,6,lags_only,1082,13.455638192805202,25.19326499408364,,,,,
28014002_10_49,sarima,6,lags_only,1082,14.520510261462432,23.496006625477637,-12.293401418986953,13.455638192805202,25.19326499408364,-0.07913946952190071,0.06736952788789331
28014002_10_49,xgboost_direct,6,lags_only,1082,10.822044352809312,19.995409336705457,-0.615983106630278,13.455638192805202,25.19326499408364,0.19572418656471346,0.20631925471346582
28014002_10_49,persistence,7,lags_only,1081,13.341080373274588,25.28128875769321,,,,,
28014002_10_49,sarima,7,lags_only,1081,15.155165494361123,24.052225720242426,-13.325468970649492,13.341080373274588,25.28128875769321,-0.13597737741844254,0.04861552151200267
28014002_10_49,xgboost_direct,7,lags_only,1081,10.663777973520379,19.41340627481084,-0.8178726938251764,13.341080373274588,25.28128875769321,0.20068107865668014,0.23210377204748903
28016001_10_49,persistence,1,lags_only,1036,5.019930711040959,15.930057740344973,,,,,
28016001_10_49,sarima,1,lags_only,1036,5.296921704882228,14.824454400014982,-2.592552281482309,5.019930711040959,15.930057740344973,-0.05517825041529927,0.06940359905475446
28016001_10_49,xgboost_direct,1,lags_only,1036,8.239953895905094,17.48146812970062,1.2949802359257632,5.019930711040959,15.930057740344973,-0.641447735081669,-0.09738887420517602
28016001_10_49,persistence,2,lags_only,1036,7.086380287079045,19.58603924254169,,,,,
28016001_10_49,sarima,2,lags_only,1036,6.85133013142767,17.199174946147213,-3.959995714963019,7.086380287079045,19.58603924254169,0.033169283347656967,0.12186559348916802
28016001_10_49,xgboost_direct,2,lags_only,1036,8.786710833770934,17.855692342903563,1.3283087647696639,7.086380287079045,19.58603924254169,-0.239943451777798,0.08834593243741404
28016001_10_49,persistence,3,lags_only,1035,8.09836973570433,21.063753841872206,,,,,
28016001_10_49,sarima,3,lags_only,1035,7.678185146107642,17.910939980239228,-5.089915344757335,8.09836973570433,21.063753841872206,0.051885083456262276,0.14967958158367595
28016001_10_49,xgboost_direct,3,lags_only,1035,9.24039301393305,19.420896653298737,1.783599193676174,8.09836973570433,21.063753841872206,-0.14101891065725666,0.07799451137278612
28016001_10_49,persistence,4,lags_only,1034,8.671169694894571,21.63710145057538,,,,,
28016001_10_49,sarima,4,lags_only,1034,8.1270519652353,17.99327347724614,-5.996421623005603,8.671169694894571,21.63710145057538,0.06275021119464867,0.16840647448331578
28016001_10_49,xgboost_direct,4,lags_only,1034,9.377383843799603,19.511003879622542,2.0805854773632215,8.671169694894571,21.63710145057538,-0.08144393129808516,0.09826166299628358
28016001_10_49,persistence,5,lags_only,1033,8.964218594584981,21.765419704709547,,,,,
28016001_10_49,sarima,5,lags_only,1033,8.48099272805345,18.064545596638748,-6.791814833873774,8.964218594584981,21.765419704709547,0.05390607797353741,0.17003458505649735
28016001_10_49,xgboost_direct,5,lags_only,1033,9.88239926547085,22.424281590677232,2.7899391800116433,8.964218594584981,21.765419704709547,-0.10242729594306355,-0.030271039791854876
28016001_10_49,persistence,6,lags_only,1033,9.131365111311657,21.907566989781902,,,,,
28016001_10_49,sarima,6,lags_only,1033,8.770237062958593,18.386895382477647,-7.492169072063266,9.131365111311657,21.907566989781902,0.03954808990232031,0.1607057328158057
28016001_10_49,xgboost_direct,6,lags_only,1033,9.651931575168176,18.768452352249163,2.373290815865291,9.131365111311657,21.907566989781902,-0.05700861344506489,0.14328905802259467
28016001_10_49,persistence,7,lags_only,1032,9.224917116783901,22.02404375068902,,,,,
28016001_10_49,sarima,7,lags_only,1032,9.072688692465947,18.63944964509941,-8.04562747541608,9.224917116783901,22.02404375068902,0.016501874476572618,0.15367723311409254
28016001_10_49,xgboost_direct,7,lags_only,1032,9.337758230790707,20.595031807707986,2.0336508561184066,9.224917116783901,22.02404375068902,-0.012232208981206033,0.06488417654620433
28045002_10_49,persistence,1,lags_only,1056,6.834905139615717,23.99342739269019,,,,,
28045002_10_49,sarima,1,lags_only,1056,7.466857623097194,22.651306667329553,-3.7669287853341062,6.834905139615717,23.99342739269019,-0.09245958364785846,0.05593701572496165
28045002_10_49,xgboost_direct,1,lags_only,1056,9.08078121742934,23.21811418865255,0.07561292520516011,6.834905139615717,23.99342739269019,-0.3285892096433535,0.03231356618412285
28045002_10_49,persistence,2,lags_only,1054,9.439968389296435,29.491245441791783,,,,,
28045002_10_49,sarima,2,lags_only,1054,9.655599627726847,26.28796229400123,-5.958085157222001,9.439968389296435,29.491245441791783,-0.022842368696372576,0.10861810343388244
28045002_10_49,xgboost_direct,2,lags_only,1054,9.43864977722959,23.25951159162034,-0.22420100508132934,9.439968389296435,29.491245441791783,0.00013968394940175959,0.21130792398955486
28045002_10_49,persistence,3,lags_only,1054,10.762391888850535,30.85242659092636,,,,,
28045002_10_49,sarima,3,lags_only,1054,10.874034786899887,26.708087435655386,-7.6962600887603845,10.762391888850535,30.85242659092636,-0.010373428063422424,0.13432781836647545
28045002_10_49,xgboost_direct,3,lags_only,1054,10.110578969144777,26.24649077787265,0.3344836555692506,10.762391888850535,30.85242659092636,0.06056394586235183,0.14928925604860868
28045002_10_49,persistence,4,lags_only,1053,11.360126461149852,31.189800745397477,,,,,
28045002_10_49,sarima,4,lags_only,1053,11.658330648206565,26.547066601849306,-9.084175388399467,11.360126461149852,31.189800745397477,-0.02625007635931983,0.1488542418544715
28045002_10_49,xgboost_direct,4,lags_only,1053,9.7286419462473,23.12679251065102,-0.22083366492660544,11.360126461149852,31.189800745397477,0.14361499587896448,0.25851425921456955
28045002_10_49,persistence,5,lags_only,1052,11.770009528067678,31.379569724370537,,,,,
28045002_10_49,sarima,5,lags_only,1052,12.172933543795674,26.562636441058462,-10.185467429413299,11.770009528067678,31.379569724370537,-0.03423310871305172,0.1535053962059609
28045002_10_49,xgboost_direct,5,lags_only,1052,10.095218756658435,26.327069247927543,0.23431477477594054,11.770009528067678,31.379569724370537,0.14229306844785536,0.16101242052783898
28045002_10_49,persistence,6,lags_only,1051,11.802115231601643,31.38087773663125,,,,,
28045002_10_49,sarima,6,lags_only,1051,12.626610248564154,26.795878286732204,-11.048787622364523,11.802115231601643,31.38087773663125,-0.06985993618794888,0.1461080690087557
28045002_10_49,xgboost_direct,6,lags_only,1051,9.794644271437384,23.54145184963015,-0.23480555898127956,11.802115231601643,31.38087773663125,0.17009416708532074,0.2498153796969818
28045002_10_49,persistence,7,lags_only,1049,11.819812199254754,31.729033187097354,,,,,
28045002_10_49,sarima,7,lags_only,1049,13.078670809924146,27.294838333859808,-11.781492465889544,11.819812199254754,31.729033187097354,-0.10650411270906353,0.13975196871238788
28045002_10_49,xgboost_direct,7,lags_only,1049,9.842667500821953,23.705467903098423,-0.3339750810124539,11.819812199254754,31.729033187097354,0.1672737827896674,0.2528777109811755
28049003_10_49,persistence,1,lags_only,1004,7.9557291421026415,18.8182856725567,,,,,
28049003_10_49,sarima,1,lags_only,1004,8.196486143071459,18.13281449089731,-3.2724846886295085,7.9557291421026415,18.8182856725567,-0.03026209121357631,0.03642580379460577
28049003_10_49,xgboost_direct,1,lags_only,1004,10.088918328611086,19.500481852397066,-0.4532167860947172,7.9557291421026415,18.8182856725567,-0.26813245504040106,-0.036251770841975915
28049003_10_49,persistence,2,lags_only,1004,10.862908105032854,20.546181197568806,,,,,
28049003_10_49,sarima,2,lags_only,1004,10.72237749714501,18.198138406352037,-5.362305449813591,10.862908105032854,20.546181197568806,0.012936739087642311,0.11428122669796223
28049003_10_49,xgboost_direct,2,lags_only,1004,10.171345527936356,14.999845816254894,-0.4879666096486481,10.862908105032854,20.546181197568806,0.06366274761876081,0.26994482955159577
28049003_10_49,persistence,3,lags_only,1002,12.648338730805433,25.782510129324027,,,,,
28049003_10_49,sarima,3,lags_only,1002,12.387132085761653,23.24287663901989,-7.7749026185729,12.648338730805433,25.782510129324027,0.020651458709561806,0.09850218142319885
28049003_10_49,xgboost_direct,3,lags_only,1002,10.945921274915754,19.590285237378428,-0.7493105397631399,12.648338730805433,25.782510129324027,0.13459613093246675,0.24017152949366258
28049003_10_49,persistence,4,lags_only,1000,13.38411172628541,26.7101844973998,,,,,
28049003_10_49,sarima,4,lags_only,1000,13.368571502507871,23.94141375469653,-9.57570283663292,13.38411172628541,26.7101844973998,0.001161094893359156,0.10365973859045441
28049003_10_49,xgboost_direct,4,lags_only,1000,11.52328997707862,21.29751011098131,-0.42237797770594293,13.38411172628541,26.7101844973998,0.13903214402732994,0.20264459000443846
28049003_10_49,persistence,5,lags_only,1000,13.6862102796517,26.859634247980445,,,,,
28049003_10_49,sarima,5,lags_only,1000,13.948317784679402,24.081444072625228,-10.938035999132513,13.6862102796517,26.859634247980445,-0.01915121130481214,0.10343365623320455
28049003_10_49,xgboost_direct,5,lags_only,1000,11.35548896200128,20.63751791009024,-0.3528472118627861,13.6862102796517,26.859634247980445,0.17029705594365124,0.2316530553039099
28049003_10_49,persistence,6,lags_only,1000,13.7779839809504,27.035898717337847,,,,,
28049003_10_49,sarima,6,lags_only,1000,14.558910577115189,24.612637055081226,-12.290250440452768,13.7779839809504,27.035898717337847,-0.056679307890363774,0.08963125981466294
28049003_10_49,xgboost_direct,6,lags_only,1000,11.308645737745296,20.374658501926746,-0.18958770221892474,13.7779839809504,27.035898717337847,0.17922348049026912,0.2463850114640101
28049003_10_49,persistence,7,lags_only,998,13.757517733086376,27.099477029521235,,,,,
28049003_10_49,sarima,7,lags_only,998,15.274095329056992,25.211435804264116,-13.457334455148288,13.757517733086376,27.099477029521235,-0.11023628138405359,0.06967076239885929
28049003_10_49,xgboost_direct,7,lags_only,998,10.907869166824156,19.873702928637815,-0.6881054495414823,13.757517733086376,27.099477029521235,0.20713391918143118,0.26663887620458177
28058004_10_49,persistence,1,lags_only,1070,7.3329141979503945,17.64468568305814,,,,,
28058004_10_49,sarima,1,lags_only,1070,7.584107338467022,16.995700627476804,-2.9448163746516194,7.3329141979503945,17.64468568305814,-0.034255567941438324,0.03678076601865849
28058004_10_49,xgboost_direct,1,lags_only,1070,9.664350065004035,17.95507134682501,0.6537996607415246,7.3329141979503945,17.64468568305814,-0.31794124465622337,-0.01759088653332573
28058004_10_49,persistence,2,lags_only,1069,10.095974072138038,22.37368902697377,,,,,
28058004_10_49,sarima,2,lags_only,1069,9.950701044507262,20.647248497709995,-5.004828660820133,10.095974072138038,22.37368902697377,0.014389203715537155,0.07716387436968376
28058004_10_49,xgboost_direct,2,lags_only,1069,10.39162130368114,18.750749210489662,0.6581944516093864,10.095974072138038,22.37368902697377,-0.029283675793007675,0.16192858549684339
28058004_10_49,persistence,3,lags_only,1068,11.39783098176993,23.76879067199815,,,,,
28058004_10_49,sarima,3,lags_only,1068,11.19740123556613,21.522984353976007,-6.813180868136495,11.39783098176993,23.76879067199815,0.017584902471739994,0.09448551039106558
28058004_10_49,xgboost_direct,3,lags_only,1068,10.91381603208526,19.60615744751262,1.0790729565385004,11.39783098176993,23.76879067199815,0.04246553142074314,0.1751302067458359
28058004_10_49,persistence,4,lags_only,1067,12.16868170221195,24.3208650367245,,,,,
28058004_10_49,sarima,4,lags_only,1067,12.031745868712767,21.836811553847333,-8.376842344852358,12.16868170221195,24.3208650367245,0.011253136276404726,0.10213672413075132
28058004_10_49,xgboost_direct,4,lags_only,1067,10.999448707863792,19.709452674131978,1.1672203475522258,12.16868170221195,24.3208650367245,0.09608542839407348,0.18960725104264547
28058004_10_49,persistence,5,lags_only,1066,12.675099067537115,24.775974152836962,,,,,
28058004_10_49,sarima,5,lags_only,1066,12.629110246397214,22.138055702108254,-9.732331394753759,12.675099067537115,24.775974152836962,0.0036282810015808797,0.10647082671526983
28058004_10_49,xgboost_direct,5,lags_only,1066,11.341469777476515,21.925913003560385,1.4416473282083087,12.675099067537115,24.775974152836962,0.10521647862115967,0.1150332629383306
28058004_10_49,persistence,6,lags_only,1065,12.767385452255404,24.89176733079571,,,,,
28058004_10_49,sarima,6,lags_only,1065,13.035925412411048,22.374908972738815,-10.814254957097742,12.767385452255404,24.89176733079571,-0.021033277420805515,0.10111207953253988
28058004_10_49,xgboost_direct,6,lags_only,1065,10.89120627189743,18.702620278060454,0.9699701515417625,12.767385452255404,24.89176733079571,0.14695093113418461,0.2486423310360184
28058004_10_49,persistence,7,lags_only,1064,12.81686236129257,24.986018390969935,,,,,
28058004_10_49,sarima,7,lags_only,1064,13.459505834053632,22.67300303968193,-11.774679574748257,12.81686236129257,24.986018390969935,-0.05014046766249676,0.09257238648811447
28058004_10_49,xgboost_direct,7,lags_only,1064,10.542329832215888,18.664606779102666,0.9396172795037764,12.81686236129257,24.986018390969935,0.17746406764465691,0.2529979572156185
28065014_10_49,persistence,1,lags_only,1065,7.593970508750055,16.899136062211486,,,,,
28065014_10_49,sarima,1,lags_only,1065,7.80796752007168,16.341394215292325,-3.007292862705625,7.593970508750055,16.899136062211486,-0.028179858095978803,0.03300416334100883
28065014_10_49,xgboost_direct,1,lags_only,1065,9.79453445158085,17.568654839399763,0.42834953155699,7.593970508750055,16.899136062211486,-0.2897777836107242,-0.03961852101335532
28065014_10_49,persistence,2,lags_only,1063,10.748554324911233,21.922783768979627,,,,,
28065014_10_49,sarima,2,lags_only,1063,10.413223550817678,20.305239701953106,-5.356602997187089,10.748554324911233,21.922783768979627,0.031197755898798404,0.0737836984605632
28065014_10_49,xgboost_direct,2,lags_only,1063,10.772055325818725,18.620263754807922,0.5531238319777667,10.748554324911233,21.922783768979627,-0.002186433653968287,0.1506432781973937
28065014_10_49,persistence,3,lags_only,1062,12.115988604938849,23.51167012926802,,,,,
28065014_10_49,sarima,3,lags_only,1062,11.794322872927793,21.300519646465546,-7.339624592603085,12.115988604938849,23.51167012926802,0.02654886386076121,0.09404480713813555
28065014_10_49,xgboost_direct,3,lags_only,1062,11.291575974073886,19.418670440788862,1.0286746597407943,12.115988604938849,23.51167012926802,0.06804336466022316,0.17408374930303527
28065014_10_49,persistence,4,lags_only,1061,12.7729438427641,24.214599303652943,,,,,
28065014_10_49,sarima,4,lags_only,1061,12.637674737495129,21.76936575296691,-9.011552090996814,12.7729438427641,24.214599303652943,0.010590284192441795,0.1009817887144287
28065014_10_49,xgboost_direct,4,lags_only,1061,11.323975170927874,19.019377784630247,1.159033575396365,12.7729438427641,24.214599303652943,0.11344046366077702,0.21454914260088373
28065014_10_49,persistence,5,lags_only,1060,13.175139491125956,24.414330440161276,,,,,
28065014_10_49,sarima,5,lags_only,1060,13.186403591133313,22.03565184108625,-10.398759939840856,13.175139491125956,24.414330440161276,-0.00085495110051355,0.09742960614484555
28065014_10_49,xgboost_direct,5,lags_only,1060,11.635431474707476,22.52929802601713,1.0699637177453516,13.175139491125956,24.414330440161276,0.11686464628746755,0.0772100803159152
28065014_10_49,persistence,6,lags_only,1059,13.297489699208866,24.66264711503387,,,,,
28065014_10_49,sarima,6,lags_only,1059,13.719156478145695,22.562931442826066,-11.551177516412492,13.297489699208866,24.66264711503387,-0.03171025422654901,0.0851374818937363
28065014_10_49,xgboost_direct,6,lags_only,1059,11.111764703625273,18.993692803727548,0.349060745774215,13.297489699208866,24.66264711503387,0.16437124938804296,0.2298599288577842
28065014_10_49,persistence,7,lags_only,1058,13.396507358709368,24.851415709315148,,,,,
28065014_10_49,sarima,7,lags_only,1058,14.246488149718932,23.105161763825027,-12.515024468782984,13.396507358709368,24.851415709315148,-0.06344793969429446,0.07026778538156143
28065014_10_49,xgboost_direct,7,lags_only,1058,11.170976274342955,19.18927950196734,0.534356383308002,13.396507358709368,24.851415709315148,0.1661277096167566,0.22783958361074164
28067001_10_49,persistence,1,lags_only,1045,5.12193046917462,18.887555844514903,,,,,
28067001_10_49,sarima,1,lags_only,1045,5.540579572274401,17.64827901510041,-2.5749913020998756,5.12193046917462,18.887555844514903,-0.08173658459819842,0.06561340385258947
28067001_10_49,xgboost_direct,1,lags_only,1045,7.780869207847737,22.38058042069963,1.3852927187797606,5.12193046917462,18.887555844514903,-0.5191282378149104,-0.18493788211348314
28067001_10_49,persistence,2,lags_only,1044,7.103107522907492,22.922884766686842,,,,,
28067001_10_49,sarima,2,lags_only,1044,7.2352602628808995,20.272787982605706,-4.017509179229608,7.103107522907492,22.922884766686842,-0.018604918980490645,0.11560921808290218
28067001_10_49,xgboost_direct,2,lags_only,1044,8.342479434993146,20.43706546646439,1.7141166833928463,7.103107522907492,22.922884766686842,-0.17448305661834418,0.10844269059167548
28067001_10_49,persistence,3,lags_only,1043,8.063586466317378,23.93542150766442,,,,,
28067001_10_49,sarima,3,lags_only,1043,8.053547259631026,20.60397996435457,-5.296403881323756,8.063586466317378,23.93542150766442,0.0012450051510314206,0.13918457806323073
28067001_10_49,xgboost_direct,3,lags_only,1043,8.13129689641987,18.713694279083246,1.2555828084489278,8.063586466317378,23.93542150766442,-0.008397061330628407,0.21815898361802868
28067001_10_49,persistence,4,lags_only,1042,8.712066503484554,24.2873148478559,,,,,
28067001_10_49,sarima,4,lags_only,1042,8.73503745242334,20.534575597253212,-6.384413008043684,8.712066503484554,24.2873148478559,-0.0026366820007168784,0.15451437403068793
28067001_10_49,xgboost_direct,4,lags_only,1042,8.440637397514186,20.470097199851484,1.6251751595941917,8.712066503484554,24.2873148478559,0.031155536503515532,0.15716919189777795
28067001_10_49,persistence,5,lags_only,1041,8.938249861467998,24.407069743354008,,,,,
28067001_10_49,sarima,5,lags_only,1041,9.161543253636374,20.470567164662143,-7.242590583170485,8.938249861467998,24.407069743354008,-0.024981780060879026,0.16128534150494514
28067001_10_49,xgboost_direct,5,lags_only,1041,9.324230968543054,26.46990810226638,2.3007096121646002,8.938249861467998,24.407069743354008,-0.04318307420997324,-0.08451806712577938
28067001_10_49,persistence,6,lags_only,1040,9.007359307359309,24.50800210608138,,,,,
28067001_10_49,sarima,6,lags_only,1040,9.46116319780825,20.653531679427815,-7.9565157637965935,9.007359307359309,24.50800210608138,-0.05038145753530329,0.15727395525631704
28067001_10_49,xgboost_direct,6,lags_only,1040,8.921151336755383,22.49835151434617,2.0838714282672113,9.007359307359309,24.50800210608138,0.00957083731893445,0.08199977227995017
28067001_10_49,persistence,7,lags_only,1039,9.014410382808585,24.605094621731894,,,,,
28067001_10_49,sarima,7,lags_only,1039,9.80431859064979,20.89837944386535,-8.57364994314344,9.014410382808585,24.605094621731894,-0.08762727391994965,0.15064827975067704
28067001_10_49,xgboost_direct,7,lags_only,1039,8.682561032414387,20.13520473663197,1.860666775767013,9.014410382808585,24.605094621731894,0.03681320644410292,0.181665218273617
28074007_10_49,persistence,1,lags_only,996,7.347208416218094,14.198475358670605,,,,,
28074007_10_49,sarima,1,lags_only,996,7.718992413511453,13.402485973534397,-2.8992322592086794,7.347208416218094,14.198475358670605,-0.05060207581326937,0.05606160978756919
28074007_10_49,xgboost_direct,1,lags_only,996,9.950256341692471,14.78797608396722,-0.07004703970379689,7.347208416218094,14.198475358670605,-0.35429074255311127,-0.04151859339859498
28074007_10_49,persistence,2,lags_only,993,10.483823436933076,19.77837154659723,,,,,
28074007_10_49,sarima,2,lags_only,993,10.506748480510742,17.718808800754296,-5.1580436679492525,10.483823436933076,19.77837154659723,-0.0021867063782193123,0.10413206875958768
28074007_10_49,xgboost_direct,2,lags_only,993,10.60738740530684,15.185561010281154,0.006119862104866392,10.483823436933076,19.77837154659723,-0.01178615503371272,0.23221378592749956
28074007_10_49,persistence,3,lags_only,992,11.80953365404818,21.46552619186867,,,,,
28074007_10_49,sarima,3,lags_only,992,11.981879399922875,18.792164307624958,-7.282989694859392,11.80953365404818,21.46552619186867,-0.014593780831948183,0.1245421081387888
28074007_10_49,xgboost_direct,3,lags_only,992,10.8379295234993,15.152530037279718,-0.11855716891257224,11.80953365404818,21.46552619186867,0.08227286182598956,0.2940992966191702
28074007_10_49,persistence,4,lags_only,993,12.88160870326055,25.456610758610555,,,,,
28074007_10_49,sarima,4,lags_only,993,13.305575092033445,23.087879251014066,-9.574815781037636,12.88160870326055,25.456610758610555,-0.03291253433785656,0.09304975945375131
28074007_10_49,xgboost_direct,4,lags_only,993,11.508485122203933,19.482786785256227,-0.4409724991783842,12.88160870326055,25.456610758610555,0.10659565995891934,0.23466690165475843
28074007_10_49,persistence,5,lags_only,991,13.623845514461399,26.32779310399258,,,,,
28074007_10_49,sarima,5,lags_only,991,14.229443931803395,24.02194158715986,-11.316654899003584,13.623845514461399,26.32779310399258,-0.04445135675526909,0.08758240797946112
28074007_10_49,xgboost_direct,5,lags_only,991,11.927013764334372,20.446893006393758,-0.32081074308192276,13.623845514461399,26.32779310399258,0.12454866346846628,0.22337231511846659
28074007_10_49,persistence,6,lags_only,989,13.873358100857677,26.728436778125182,,,,,
28074007_10_49,sarima,6,lags_only,989,14.91607836785552,24.682518115641702,-12.631875480825297,13.873358100857677,26.728436778125182,-0.07515990428686337,0.0765446434247842
28074007_10_49,xgboost_direct,6,lags_only,989,11.961274057665749,20.58486882919995,-0.24613868422421742,13.873358100857677,26.728436778125182,0.13782416840186082,0.22985137514488643
28074007_10_49,persistence,7,lags_only,986,14.079314415055348,27.071733219439658,,,,,
28074007_10_49,sarima,7,lags_only,986,15.555968101150832,25.35466713484322,-13.757129641222827,14.079314415055348,27.071733219439658,-0.10488107890512496,0.06342652946075315
28074007_10_49,xgboost_direct,7,lags_only,986,11.879090009345827,20.382036417343546,-0.39871714136722214,14.079314415055348,27.071733219439658,0.1562735471946538,0.24711002978163132
28079008_10_47,persistence,1,lags_only,348,6.441733495720812,15.753120178871399,,,,,
28079008_10_47,sarima,1,lags_only,348,6.579950824836584,15.122300463427115,-2.0180622282930423,6.441733495720812,15.753120178871399,-0.02145654259177108,0.04004411242227176
28079008_10_47,xgboost_direct,1,lags_only,348,8.7591355915268,16.37394016038097,1.1592040908152936,6.441733495720812,15.753120178871399,-0.3597482102209627,-0.03940933443409118
28079008_10_47,persistence,2,lags_only,346,8.616851762794774,19.95982112518424,,,,,
28079008_10_47,sarima,2,lags_only,346,8.410331645143447,18.316430867067176,-3.291884543084793,8.616851762794774,19.95982112518424,0.023967003650106188,0.0823349191262803
28079008_10_47,xgboost_direct,2,lags_only,346,8.87881109846092,16.642321271984052,0.5442322875209595,8.616851762794774,19.95982112518424,-0.03040081724478722,0.16620889698326727
28079008_10_47,persistence,3,lags_only,346,9.661870691488025,21.027831551693843,,,,,
28079008_10_47,sarima,3,lags_only,346,9.218437660814526,18.76484034861099,-4.353269724370825,9.661870691488025,21.027831551693843,0.0458951526917201,0.10761885729965177
28079008_10_47,xgboost_direct,3,lags_only,346,8.910357169525716,16.15030811690423,0.7702046793546513,9.661870691488025,21.027831551693843,0.07778136822141307,0.2319556071580151
28079008_10_47,persistence,4,lags_only,347,10.306761776495323,21.371039899290103,,,,,
28079008_10_47,sarima,4,lags_only,347,9.843913878955616,18.983490705163312,-5.732217937581164,10.306761776495323,21.371039899290103,0.044907208255772046,0.11171890583602813
28079008_10_47,xgboost_direct,4,lags_only,347,8.952393362517833,16.858434037817794,0.30733347290090585,10.306761776495323,21.371039899290103,0.13140581332403944,0.2111551839656716
28079008_10_47,persistence,5,lags_only,344,10.558678856289083,21.54764998893933,,,,,
28079008_10_47,sarima,5,lags_only,344,10.302942540921334,19.30776607241726,-6.9417725840177456,10.558678856289083,21.54764998893933,0.024220484290553446,0.10395026453798122
28079008_10_47,xgboost_direct,5,lags_only,344,9.055786826222674,17.884321268202694,0.6127969004650768,10.558678856289083,21.54764998893933,0.14233712858604836,0.17001059153165507
28079008_10_47,persistence,6,lags_only,340,10.557517169026962,22.041424110311958,,,,,
28079008_10_47,sarima,6,lags_only,340,10.845622428286639,20.0453140702241,-8.075325053188136,10.557517169026962,22.041424110311958,-0.027289111127842002,0.0905617545444347
28079008_10_47,xgboost_direct,6,lags_only,340,8.625829956677658,16.617294922432205,-0.18956877780694503,10.557517169026962,22.041424110311958,0.18296794420722115,0.24608796422287907
28079008_10_47,persistence,7,lags_only,337,10.688903867467074,22.431059685645636,,,,,
28079008_10_47,sarima,7,lags_only,337,11.314162668014902,20.534351843169183,-8.855273489095378,10.688903867467074,22.431059685645636,-0.05849606360956017,0.08455721080757576
28079008_10_47,xgboost_direct,7,lags_only,337,9.168313347296325,16.91990255321107,0.8791443955328206,10.688903867467074,22.431059685645636,0.14225878902315175,0.2456931241621783
28079018_10_47,persistence,1,lags_only,486,7.031686123426244,16.05832958714006,,,,,
28079018_10_47,sarima,1,lags_only,486,7.296683721073412,15.48071335068358,-2.4376700861318557,7.031686123426244,16.05832958714006,-0.03768620967939994,0.035969883001968794
28079018_10_47,xgboost_direct,1,lags_only,486,9.332059567902576,18.005238641510147,-1.4095309381502428,7.031686123426244,16.05832958714006,-0.32714393164003414,-0.12123982409286342
28079018_10_47,persistence,2,lags_only,486,9.80479218046526,20.645358912025024,,,,,
28079018_10_47,sarima,2,lags_only,486,9.766661860150618,19.064626034067427,-4.205367839064472,9.80479218046526,20.645358912025024,0.0038889473242085465,0.07656601586310467
28079018_10_47,xgboost_direct,2,lags_only,486,9.63931085636829,18.279766270819398,-2.284222516812049,9.80479218046526,20.645358912025024,0.016877596286708547,0.11458229674213956
28079018_10_47,persistence,3,lags_only,485,10.959320561771435,22.175692055040575,,,,,
28079018_10_47,sarima,3,lags_only,485,10.863242612446596,20.01541660095086,-5.764733483760122,10.959320561771435,22.175692055040575,0.008766779727201328,0.09741637143624923
28079018_10_47,xgboost_direct,3,lags_only,485,10.052974084481752,18.331274199659482,-2.667445605318383,10.959320561771435,22.175692055040575,0.08270097331135856,0.1733617983979557
28079018_10_47,persistence,4,lags_only,484,11.818064530821495,22.946699738260946,,,,,
28079018_10_47,sarima,4,lags_only,484,11.838040047135996,20.43566303019987,-7.117211440543719,11.818064530821495,22.946699738260946,-0.0016902527704434926,0.109429100336996
28079018_10_47,xgboost_direct,4,lags_only,484,9.967097970827163,17.724707335561284,-2.7680123169017254,11.818064530821495,22.946699738260946,0.1566218017482485,0.2275705204784895
28079018_10_47,persistence,5,lags_only,482,12.340399333594402,23.407587615434565,,,,,
28079018_10_47,sarima,5,lags_only,482,12.405889289445595,20.97258919191141,-8.338828734119803,12.340399333594402,23.407587615434565,-0.005306955964780589,0.10402603051318103
28079018_10_47,xgboost_direct,5,lags_only,482,10.357813174244507,18.461739604131157,-2.2561814730295,12.340399333594402,23.407587615434565,0.16065818501940038,0.2112925130329193
28079018_10_47,persistence,6,lags_only,481,12.635308355788904,23.614889306127154,,,,,
28079018_10_47,sarima,6,lags_only,481,12.675723389583545,21.445380568229204,-9.395227360015875,12.635308355788904,23.614889306127154,-0.003198579144776068,0.09187037507455288
28079018_10_47,xgboost_direct,6,lags_only,481,10.467975417124094,18.64615883812992,-2.323674867949017,12.635308355788904,23.614889306127154,0.17152988099984437,0.21040668044579988
28079018_10_47,persistence,7,lags_only,480,12.628887176459758,23.86217367323315,,,,,
28079018_10_47,sarima,7,lags_only,480,12.997903608817778,21.981125607716844,-10.334005424291641,12.628887176459758,23.86217367323315,-0.029220027639954405,0.07882970308050057
28079018_10_47,xgboost_direct,7,lags_only,480,10.150729737082033,18.616181973158557,-2.679841036742272,12.628887176459758,23.86217367323315,0.1962292801219263,0.2198455082890946
28079024_10_47,persistence,1,lags_only,872,6.573643685657678,18.73895849966511,,,,,
28079024_10_47,sarima,1,lags_only,872,6.966300152238886,17.954249827453662,-2.928777481325916,6.573643685657678,18.73895849966511,-0.05973193640505686,0.04187578899998479
28079024_10_47,xgboost_direct,1,lags_only,872,8.550758600339618,19.970917234055428,-1.4501441230208099,6.573643685657678,18.73895849966511,-0.30076393081596337,-0.0657431806795631
28079024_10_47,persistence,2,lags_only,870,8.905667118783587,23.43231969306738,,,,,
28079024_10_47,sarima,2,lags_only,870,9.198446533682691,21.43648744854466,-4.774624234136727,8.905667118783587,23.43231969306738,-0.03287562975283261,0.08517433487872741
28079024_10_47,xgboost_direct,2,lags_only,870,8.907265584401706,19.02636090599029,-1.8785066739607916,8.905667118783587,23.43231969306738,-0.0001794885881988745,0.18802913432342014
28079024_10_47,persistence,3,lags_only,865,9.845874939754056,24.600582447081997,,,,,
28079024_10_47,sarima,3,lags_only,865,10.307108339741262,22.017109563729655,-6.34449534658632,9.845874939754056,24.600582447081997,-0.04684534414762,0.10501673644961938
28079024_10_47,xgboost_direct,3,lags_only,865,8.998282353410524,19.185547919875816,-2.1439484479251716,9.845874939754056,24.600582447081997,0.08608606056138926,0.22011814309089606
28079024_10_47,persistence,4,lags_only,861,10.544078807049928,25.027278187768243,,,,,
28079024_10_47,sarima,4,lags_only,861,11.224824622568427,22.23178292732866,-7.945535792138263,10.544078807049928,25.027278187768243,-0.06456190511999418,0.11169793372919974
28079024_10_47,xgboost_direct,4,lags_only,861,9.19195828041446,20.53340829684034,-2.0023825424467083,10.544078807049928,25.027278187768243,0.12823505508432095,0.17955887400988832
28079024_10_47,persistence,5,lags_only,856,11.23756560872818,25.534656020562476,,,,,
28079024_10_47,sarima,5,lags_only,856,12.086926838999878,22.726273822578886,-9.38678977361157,11.23756560872818,25.534656020562476,-0.07558231558728348,0.10998316154022456
28079024_10_47,xgboost_direct,5,lags_only,856,9.75708491547031,22.62927786815392,-1.5347558580688474,11.23756560872818,25.534656020562476,0.13174389763811356,0.1137817619344048
28079024_10_47,persistence,6,lags_only,854,11.231751820505712,25.693914497847306,,,,,
28079024_10_47,sarima,6,lags_only,854,12.548485202760135,22.93971683655276,-10.370757634208617,11.231751820505712,25.693914497847306,-0.11723312652354677,0.10719260630859889
28079024_10_47,xgboost_direct,6,lags_only,854,8.955666822225876,18.853759837185333,-1.7549482682844135,11.231751820505712,25.693914497847306,0.20264737279223066,0.26621691534137615
28079024_10_47,persistence,7,lags_only,855,11.392015900455824,25.859883178112238,,,,,
28079024_10_47,sarima,7,lags_only,855,12.978250180193772,23.320024131022148,-11.238667550380576,11.392015900455824,25.859883178112238,-0.13924087655763176,0.09821618410247972
28079024_10_47,xgboost_direct,7,lags_only,855,9.050552777822386,18.864627320565177,-1.848417399648349,11.392015900455824,25.859883178112238,0.20553545071331497,0.27050608888549943
28079036_10_47,persistence,1,lags_only,968,7.279691151926245,18.61080718875984,,,,,
28079036_10_47,sarima,1,lags_only,968,7.594649186498632,17.69789549065144,-3.211867845021837,7.279691151926245,18.61080718875984,-0.043265301782624103,0.04905277287810278
28079036_10_47,xgboost_direct,1,lags_only,968,9.545550336140707,19.185696566045646,-0.12369129713996682,7.279691151926245,18.61080718875984,-0.31125759828628224,-0.030890082920907176
28079036_10_47,persistence,2,lags_only,966,10.068743068189109,23.9907797354966,,,,,
28079036_10_47,sarima,2,lags_only,966,10.086812880551358,21.741494159979208,-5.39104849455309,10.068743068189109,23.9907797354966,-0.0017946443006712895,0.09375625137307908
28079036_10_47,xgboost_direct,2,lags_only,966,10.127286197959373,19.539535330841513,0.170740910844427,10.068743068189109,23.9907797354966,-0.005814343396567894,0.18553979711084811
28079036_10_47,persistence,3,lags_only,964,11.277566068795997,25.48204132262435,,,,,
28079036_10_47,sarima,3,lags_only,964,11.379718725913241,22.70956317504646,-7.251832709647734,11.277566068795997,25.48204132262435,-0.009058041114021186,0.10880125781431547
28079036_10_47,xgboost_direct,3,lags_only,964,10.456179926035984,20.88958605722178,0.2054547552497495,11.277566068795997,25.48204132262435,0.07283363606556145,0.18022320924992524
28079036_10_47,persistence,4,lags_only,962,12.14670629507586,26.263003655660555,,,,,
28079036_10_47,sarima,4,lags_only,962,12.45959089793331,23.351098263870142,-8.947698035286225,12.14670629507586,26.263003655660555,-0.025758802037083056,0.11087480434336382
28079036_10_47,xgboost_direct,4,lags_only,962,10.177570868348722,19.6749968224432,-0.12557731839858452,12.14670629507586,26.263003655660555,0.16211270602018296,0.2508474247498122
28079036_10_47,persistence,5,lags_only,961,12.337522170336541,26.38122639004333,,,,,
28079036_10_47,sarima,5,lags_only,961,13.116585318904335,23.53624472110851,-10.187256615547684,12.337522170336541,26.38122639004333,-0.06314583575305886,0.10784114532327276
28079036_10_47,xgboost_direct,5,lags_only,961,10.258147556157313,19.499334387651064,-0.07616214268310696,12.337522170336541,26.38122639004333,0.16854069929687568,0.2608632328400622
28079036_10_47,persistence,6,lags_only,960,12.357462837261,26.538660002998178,,,,,
28079036_10_47,sarima,6,lags_only,960,13.566815398627329,23.926637710667322,-11.236423447392694,12.357462837261,26.538660002998178,-0.0978641471386677,0.09842329236049467
28079036_10_47,xgboost_direct,6,lags_only,960,10.414506361195608,20.303450376509208,0.2798484278236181,12.357462837261,26.538660002998178,0.15722940069921695,0.23494817092440062
28079036_10_47,persistence,7,lags_only,958,12.209306495962704,26.519545287614637,,,,,
28079036_10_47,sarima,7,lags_only,958,14.017409185065727,24.15608078983613,-12.155513068971974,12.209306495962704,26.519545287614637,-0.14809216966589506,0.08912160718239434
28079036_10_47,xgboost_direct,7,lags_only,958,10.252040514146067,19.89001678946234,0.013369693980416314,12.209306495962704,26.519545287614637,0.16030934946746178,0.2499865071686757
28079038_10_47,persistence,1,lags_only,501,6.33226254554993,16.221517005434112,,,,,
28079038_10_47,sarima,1,lags_only,501,6.498439130339773,15.641249269561644,-2.3625850661481347,6.33226254554993,16.221517005434112,-0.026242845048587857,0.03577148399117553
28079038_10_47,xgboost_direct,1,lags_only,501,9.203097319422763,17.584783899462643,0.16727559424791077,6.33226254554993,16.221517005434112,-0.4533663525828293,-0.08404065375462999
28079038_10_47,persistence,2,lags_only,500,8.90521353185335,20.93245302857104,,,,,
28079038_10_47,sarima,2,lags_only,500,8.872362597837553,19.34985201163222,-4.100409321881589,8.90521353185335,20.93245302857104,0.00368895522811354,0.07560513881381714
28079038_10_47,xgboost_direct,2,lags_only,500,10.073522865235175,18.23366272513329,-0.21707081478657408,8.90521353185335,20.93245302857104,-0.13119385955236898,0.12892852546971578
28079038_10_47,persistence,3,lags_only,500,10.411160288237062,22.616379547435997,,,,,
28079038_10_47,sarima,3,lags_only,500,10.245285374825258,20.403341302059495,-5.594008823658171,10.411160288237062,22.616379547435997,0.015932413757880147,0.09785112779588954
28079038_10_47,xgboost_direct,3,lags_only,500,10.175688289495442,18.08533538996345,-0.14132733520718796,10.411160288237062,22.616379547435997,0.02261726764572678,0.20034347884766676
28079038_10_47,persistence,4,lags_only,498,11.223713549984192,23.39250831001335,,,,,
28079038_10_47,sarima,4,lags_only,498,11.067379611173784,20.77573297960504,-6.8251851232739735,11.223713549984192,23.39250831001335,0.013928896003464687,0.11186381963528814
28079038_10_47,xgboost_direct,4,lags_only,498,10.58622669723439,18.175061491766797,0.06773774463514305,11.223713549984192,23.39250831001335,0.05679821120797405,0.22303922046757096
28079038_10_47,persistence,5,lags_only,497,11.714812284340665,23.68011913357875,,,,,
28079038_10_47,sarima,5,lags_only,497,11.678312477069337,21.07743505298483,-8.081544096799535,11.714812284340665,23.68011913357875,0.0031156971520677128,0.10991009234000337
28079038_10_47,xgboost_direct,5,lags_only,497,10.769994286706632,18.622827331305817,0.3374546128911092,11.714812284340665,23.68011913357875,0.0806515695430291,0.21356699152335004
28079038_10_47,persistence,6,lags_only,496,11.834099999583247,23.931157326841156,,,,,
28079038_10_47,sarima,6,lags_only,496,11.932702338298022,21.478391717891412,-9.063517840716575,11.834099999583247,23.931157326841156,-0.008332052181259866,0.10249256128531338
28079038_10_47,xgboost_direct,6,lags_only,496,10.44565603128643,18.544369197184434,0.37648827184509204,11.834099999583247,23.931157326841156,0.11732569171679398,0.22509517847742813
28079038_10_47,persistence,7,lags_only,495,11.833092860610023,24.23238725361644,,,,,
28079038_10_47,sarima,7,lags_only,495,12.333858341608456,21.998124063862925,-9.983479136056722,11.833092860610023,24.23238725361644,-0.042319069654678416,0.09220153038863618
28079038_10_47,xgboost_direct,7,lags_only,495,10.587776558384274,18.89664696737655,0.3087520709064653,11.833092860610023,24.23238725361644,0.10524013602319945,0.22019045133258938
28079040_10_47,persistence,1,lags_only,183,7.290461779137361,12.97762218446906,,,,,
28079040_10_47,sarima,1,lags_only,183,7.4328924284407405,12.460265235222327,-3.076593474036523,7.290461779137361,12.97762218446906,-0.01953657444730917,0.03986531137159161
28079040_10_47,xgboost_direct,1,lags_only,183,10.37060123476883,16.87307537384225,-2.1419590114603975,7.290461779137361,12.97762218446906,-0.4224889381418477,-0.3001669438362187
28079040_10_47,persistence,2,lags_only,182,10.688273036487324,17.202215260668602,,,,,
28079040_10_47,sarima,2,lags_only,182,10.091334585264,15.978782592360004,-5.402639832771265,10.688273036487324,17.202215260668602,0.055849850503024365,0.07112064636848679
28079040_10_47,xgboost_direct,2,lags_only,182,10.25654120369189,16.690296207521367,-3.4189666409338826,10.688273036487324,17.202215260668602,0.04039303929845352,0.029758902873265054
28079040_10_47,persistence,3,lags_only,182,12.089844679130396,19.813769042255974,,,,,
28079040_10_47,sarima,3,lags_only,182,11.639314042770954,18.184949914707214,-7.426509090038665,12.089844679130396,19.813769042255974,0.03726521293835581,0.08220642544460101
28079040_10_47,xgboost_direct,3,lags_only,182,11.711526730964,18.22033661333174,-4.253478668562575,12.089844679130396,19.813769042255974,0.031292209139746195,0.08042046041447187
28079040_10_47,persistence,4,lags_only,181,12.526534662875166,20.347672165278524,,,,,
28079040_10_47,sarima,4,lags_only,181,12.367846231115623,19.148797292821488,-9.151988210478544,12.526534662875166,20.347672165278524,0.012668182863840834,0.058919509942901904
28079040_10_47,xgboost_direct,4,lags_only,181,11.079630561752786,17.839029678080948,-4.246444054713074,12.526534662875166,20.347672165278524,0.1155071326637975,0.1232889181042709
28079040_10_47,persistence,5,lags_only,180,12.768811707298548,20.793113806011224,,,,,
28079040_10_47,sarima,5,lags_only,180,12.997607471264802,19.604223567540203,-10.338280860452754,12.768811707298548,20.793113806011224,-0.017918328597129825,0.05717711399854489
28079040_10_47,xgboost_direct,5,lags_only,180,10.773984455096295,17.01936186639347,-3.2063284072440563,12.768811707298548,20.793113806011224,0.15622653837569128,0.18149046722029546
28079040_10_47,persistence,6,lags_only,179,13.17775981981363,21.08162099603388,,,,,
28079040_10_47,sarima,6,lags_only,179,13.625583459015596,20.289117073463675,-11.543939831986249,13.17775981981363,21.08162099603388,-0.03398329043215929,0.03759217200230002
28079040_10_47,xgboost_direct,6,lags_only,179,11.060982142210696,16.990296259151584,-2.8546792417632845,13.17775981981363,21.08162099603388,0.16063258903992314,0.19407069018326453
28079040_10_47,persistence,7,lags_only,178,13.477626810898544,21.667240522589175,,,,,
28079040_10_47,sarima,7,lags_only,178,14.33755210283676,21.038632219469815,-12.578295218947394,13.477626810898544,21.667240522589175,-0.06380391028803725,0.02901192251334475
28079040_10_47,xgboost_direct,7,lags_only,178,11.03723638749415,17.41787591785471,-3.929745949624098,13.477626810898544,21.667240522589175,0.18106974303747575,0.19611932586912917
28079047_10_47,persistence,1,lags_only,752,5.839181774723686,8.875281667847078,,,,,
28079047_10_47,sarima,1,lags_only,752,6.280760724264151,8.936916030266534,-2.2967446302281402,5.839181774723686,8.875281667847078,-0.07562342920234925,-0.00694449649330475
28079047_10_47,xgboost_direct,1,lags_only,752,7.694637301277954,11.103489733696506,-1.496333411861905,5.839181774723686,8.875281667847078,-0.31775950777659584,-0.25105772968554535
28079047_10_47,persistence,2,lags_only,746,8.22732373340905,12.122772599121584,,,,,
28079047_10_47,sarima,2,lags_only,746,8.816264337632996,12.181459846423072,-4.833481959060005,8.22732373340905,12.122772599121584,-0.07158349705292498,-0.004841074665191776
28079047_10_47,xgboost_direct,2,lags_only,746,8.102516888025285,11.409890056438826,-1.4225642808056231,8.22732373340905,12.122772599121584,0.015169798761771795,0.05880523921849473
28079047_10_47,persistence,3,lags_only,745,9.24006144363216,13.368710760627582,,,,,
28079047_10_47,sarima,3,lags_only,745,9.982283047719626,13.795485943619639,-7.193856349101117,9.24006144363216,13.368710760627582,-0.08032647927887679,-0.0319234360465752
28079047_10_47,xgboost_direct,3,lags_only,745,8.74846260591367,12.0447621881762,-1.7025856175109262,9.24006144363216,13.368710760627582,0.053202983629213635,0.09903337697682603
28079047_10_47,persistence,4,lags_only,739,10.547048012381833,21.306609381642488,,,,,
28079047_10_47,sarima,4,lags_only,739,11.95689412108163,22.187558019143495,-9.822878111669727,10.547048012381833,21.306609381642488,-0.13367210493824355,-0.04134626123385081
28079047_10_47,xgboost_direct,4,lags_only,739,10.107696228577758,20.867584306067307,-1.9691881805379459,10.547048012381833,21.306609381642488,0.04165637468306697,0.020605112137337036
28079047_10_47,persistence,5,lags_only,738,11.191564654850454,22.319777483885243,,,,,
28079047_10_47,sarima,5,lags_only,738,13.050548219481936,23.37807948879089,-11.250976359166431,11.191564654850454,22.319777483885243,-0.16610577894716383,-0.047415437079053914
28079047_10_47,xgboost_direct,5,lags_only,738,10.174587058301483,21.172899287898247,-1.8878183208698318,11.191564654850454,22.319777483885243,0.09087001039735852,0.051383943984882295
28079047_10_47,persistence,6,lags_only,734,11.454621928340433,22.55531360940033,,,,,
28079047_10_47,sarima,6,lags_only,734,13.464906729459006,23.599874115454227,-11.890068994214783,11.454621928340433,22.55531360940033,-0.17549988237890507,-0.04631106107159418
28079047_10_47,xgboost_direct,6,lags_only,734,10.415119282309771,21.70953381682071,-1.0191425252303372,11.454621928340433,22.55531360940033,0.09074962513243486,0.03749802850123645
28079047_10_47,persistence,7,lags_only,735,11.595475991566216,22.887642268880995,,,,,
28079047_10_47,sarima,7,lags_only,735,13.856388593596247,24.04729196954372,-12.662749096887602,11.595475991566216,22.887642268880995,-0.19498230203524797,-0.0506670668406695
28079047_10_47,xgboost_direct,7,lags_only,735,10.386297091828803,26.477427733954368,-1.3186279145309245,11.595475991566216,22.887642268880995,0.10428022968758592,-0.1568438296483774
28079048_10_47,persistence,1,lags_only,850,6.309869392927409,13.108279246891927,,,,,
28079048_10_47,sarima,1,lags_only,850,6.48314546696314,12.6043713837203,-2.172099263865429,6.309869392927409,13.108279246891927,-0.027461118962296135,0.03844195364476286
28079048_10_47,xgboost_direct,1,lags_only,850,7.572159529046396,13.549158850717726,-0.4561966432367915,6.309869392927409,13.108279246891927,-0.20005012109028122,-0.03363367498677104
28079048_10_47,persistence,2,lags_only,849,8.583424864258285,16.800768482258665,,,,,
28079048_10_47,sarima,2,lags_only,849,8.278868820610482,15.434912836726275,-3.6357534683075725,8.583424864258285,16.800768482258665,0.03548187914080621,0.08129721250398225
28079048_10_47,xgboost_direct,2,lags_only,849,8.008656164749246,13.862836653346967,-0.36515318286648984,8.583424864258285,16.800768482258665,0.06696262955622749,0.17486889555165913
28079048_10_47,persistence,3,lags_only,848,9.412358952368086,17.796169070624455,,,,,
28079048_10_47,sarima,3,lags_only,848,8.876210370078413,15.968885736953421,-4.893457309275687,9.412358952368086,17.796169070624455,0.056962190350250276,0.10267846559669234
28079048_10_47,xgboost_direct,3,lags_only,848,8.148745399540772,14.112930631866092,-0.5501474333444635,9.412358952368086,17.796169070624455,0.13425046358961878,0.20696805161500526
28079048_10_47,persistence,4,lags_only,846,10.02103700366903,18.456540450245363,,,,,
28079048_10_47,sarima,4,lags_only,846,9.755187796385135,16.553823919139155,-6.2453363729633224,10.02103700366903,18.456540450245363,0.02652911142694695,0.10309172167099782
28079048_10_47,xgboost_direct,4,lags_only,846,8.210194003168354,13.967932720070891,-0.7364736585385866,10.02103700366903,18.456540450245363,0.1807041526578204,0.2431987588505407
28079048_10_47,persistence,5,lags_only,846,10.303206903281556,18.584817843966654,,,,,
28079048_10_47,sarima,5,lags_only,846,10.254855868395905,16.93184041061857,-7.519302734482519,10.303206903281556,18.584817843966654,0.0046928141247217356,0.08894235322756765
28079048_10_47,xgboost_direct,5,lags_only,846,8.154206690148996,14.03380502885789,-0.7319086237503816,10.303206903281556,18.584817843966654,0.2085758573331286,0.24487798876039016
28079048_10_47,persistence,6,lags_only,845,10.229763475195616,18.719837493982872,,,,,
28079048_10_47,sarima,6,lags_only,845,10.696400292556655,17.315568128907135,-8.496418502817626,10.229763475195616,18.719837493982872,-0.04561560181645505,0.07501504035636597
28079048_10_47,xgboost_direct,6,lags_only,845,8.336383085355068,14.353944127886654,-0.4987619379819127,10.229763475195616,18.719837493982872,0.1850854513334036,0.2332228240495971
28079048_10_47,persistence,7,lags_only,844,10.252504686327432,18.741326564253747,,,,,
28079048_10_47,sarima,7,lags_only,844,11.0540523633153,17.549992402968627,-9.243490367763428,10.252504686327432,18.741326564253747,-0.0781806691643651,0.0635672270690491
28079048_10_47,xgboost_direct,7,lags_only,844,8.178166215633253,14.22664404515423,-0.7208507430340962,10.252504686327432,18.741326564253747,0.20232504487030203,0.24089450144423563
28079050_10_47,persistence,1,lags_only,915,7.143463071651352,17.806276350250815,,,,,
28079050_10_47,sarima,1,lags_only,915,7.400698976579623,17.022257727190063,-3.076652749618833,7.143463071651352,17.806276350250815,-0.036009971962913154,0.044030464743950205
28079050_10_47,xgboost_direct,1,lags_only,915,8.726894800720315,18.1461111704658,-1.1615991387612556,7.143463071651352,17.806276350250815,-0.22166163850594683,-0.01908511434566153
28079050_10_47,persistence,2,lags_only,914,9.334299820199428,18.47571490553116,,,,,
28079050_10_47,sarima,2,lags_only,914,9.302130388724258,16.216840278694285,-4.628112080067667,9.334299820199428,18.47571490553116,0.0034463679220540213,0.12226182523311316
28079050_10_47,xgboost_direct,2,lags_only,914,8.655377068716465,12.907304307924825,-1.1731272756017124,9.334299820199428,18.47571490553116,0.07273419159022232,0.30139080550216185
28079050_10_47,persistence,3,lags_only,914,10.475095689643293,19.905680493895083,,,,,
28079050_10_47,sarima,3,lags_only,914,10.251015040513828,16.874279101950563,-6.0465272658119655,10.475095689643293,19.905680493895083,0.021391751996214573,0.1522882572577324
28079050_10_47,xgboost_direct,3,lags_only,914,8.665368678250745,12.17150407852671,-1.179514967153081,10.475095689643293,19.905680493895083,0.1727647235892863,0.38854117133751775
28079050_10_47,persistence,4,lags_only,914,11.135931772792905,20.304318872212527,,,,,
28079050_10_47,sarima,4,lags_only,914,11.03858204379082,17.01057939100563,-7.536501214361775,11.135931772792905,20.304318872212527,0.00874194732765226,0.16221866401608487
28079050_10_47,xgboost_direct,4,lags_only,914,8.583838183950217,11.926494371018025,-1.0935913559400139,11.135931772792905,20.304318872212527,0.2291764749383535,0.4126129299840721
28079050_10_47,persistence,5,lags_only,911,11.920539688745095,24.385816187153353,,,,,
28079050_10_47,sarima,5,lags_only,911,12.189731076041635,21.91370333009521,-9.50665566739789,11.920539688745095,24.385816187153353,-0.022582147648122067,0.10137503039002123
28079050_10_47,xgboost_direct,5,lags_only,911,10.13111829968431,22.434723659184595,-0.32189798911383416,11.920539688745095,24.385816187153353,0.1501124475723432,0.08000931824445594
28079050_10_47,persistence,6,lags_only,910,12.317192671390938,25.07698238329052,,,,,
28079050_10_47,sarima,6,lags_only,910,13.02457465677257,22.94702512334081,-10.971037454466328,12.317192671390938,25.07698238329052,-0.05743045548233272,0.08493674507539463
28079050_10_47,xgboost_direct,6,lags_only,910,9.690245236598411,19.09553648400409,-1.8115013652777097,12.317192671390938,25.07698238329052,0.2132748512487038,0.23852335212677073
28079050_10_47,persistence,7,lags_only,906,12.473008782328042,25.536020565070693,,,,,
28079050_10_47,sarima,7,lags_only,906,13.84467695853802,23.857030900899876,-12.077547530228568,12.473008782328042,25.536020565070693,-0.109970914007002,0.06574985557723956
28079050_10_47,xgboost_direct,7,lags_only,906,10.057902011638655,19.972854240224407,-1.6708636019110938,12.473008782328042,25.536020565070693,0.19362663915631562,0.2178556486775325
28079055_10_47,persistence,1,lags_only,702,9.15128855121863,22.832971343495515,,,,,
28079055_10_47,sarima,1,lags_only,702,9.347474590654679,21.773463801353763,-3.5753818451246873,9.15128855121863,22.832971343495515,-0.021438078182981463,0.04640252581246183
28079055_10_47,xgboost_direct,1,lags_only,702,10.859426645648817,23.14252993850626,-1.611098041538137,9.15128855121863,22.832971343495515,-0.186655473146754,-0.013557525665573538
28079055_10_47,persistence,2,lags_only,698,12.388714961482856,29.465573182796508,,,,,
28079055_10_47,sarima,2,lags_only,698,12.078664139016356,26.758697553176443,-5.9708112564553355,12.388714961482856,29.465573182796508,0.02502687513841947,0.0918657041839076
28079055_10_47,xgboost_direct,2,lags_only,698,11.111777500505271,23.281899292759174,-2.8011177203773925,12.388714961482856,29.465573182796508,0.10307263222599346,0.20986097408238014
28079055_10_47,persistence,3,lags_only,698,13.545389174190898,30.790234630657444,,,,,
28079055_10_47,sarima,3,lags_only,698,13.380419238033818,27.46787308220359,-8.33057995949556,13.545389174190898,30.790234630657444,0.012179047352246643,0.10790309292238463
28079055_10_47,xgboost_direct,3,lags_only,698,11.359511033923507,23.052369063837467,-2.8185593489795577,13.545389174190898,30.790234630657444,0.16137433278272417,0.2513090809355341
28079055_10_47,persistence,4,lags_only,696,13.985534516149308,26.564581005277944,,,,,
28079055_10_47,sarima,4,lags_only,696,14.231929054018325,26.255653519180353,-10.729565896276766,13.985534516149308,26.564581005277944,-0.017617813433194265,0.011629300158591338
28079055_10_47,xgboost_direct,4,lags_only,696,11.725695992637595,23.342856539402227,-2.835218273489794,13.985534516149308,26.564581005277944,0.16158399386896816,0.12127894903501822
28079055_10_47,persistence,5,lags_only,689,14.821420412841336,31.67232713730537,,,,,
28079055_10_47,sarima,5,lags_only,689,15.497086270107284,28.431172484180035,-12.006409070161789,14.821420412841336,31.67232713730537,-0.04558711907804383,0.10233395983422161
28079055_10_47,xgboost_direct,5,lags_only,689,11.504268504921036,23.406628542098616,-2.9683997354155953,14.821420412841336,31.67232713730537,0.22380796276761075,0.26097541110173017
28079055_10_47,persistence,6,lags_only,691,14.960443497450107,32.03935169800438,,,,,
28079055_10_47,sarima,6,lags_only,691,16.086597163066433,28.749666208398043,-13.103363876575889,14.960443497450107,32.03935169800438,-0.07527541986360695,0.10267640620865749
28079055_10_47,xgboost_direct,6,lags_only,691,11.577862128022222,23.711794644575477,-2.637108975832481,14.960443497450107,32.03935169800438,0.22610167740043405,0.2599165280222446
28079055_10_47,persistence,7,lags_only,691,14.634847846895687,31.932522980934305,,,,,
28079055_10_47,sarima,7,lags_only,691,16.63214961335736,29.062117520494823,-14.21336121519429,14.634847846895687,31.932522980934305,-0.13647574524564235,0.08988971720628815
28079055_10_47,xgboost_direct,7,lags_only,691,11.415598281330846,24.03436711172449,-2.6511039385921884,14.634847846895687,31.932522980934305,0.21997150904768042,0.24733892382776973
28079056_10_47,persistence,1,lags_only,993,6.260916757863289,10.653074259558354,,,,,
28079056_10_47,sarima,1,lags_only,993,6.405065267532637,10.447422474792784,-1.9534538912609507,6.260916757863289,10.653074259558354,-0.023023546749492748,0.019304454259393776
28079056_10_47,xgboost_direct,1,lags_only,993,8.457503852056293,12.821687056741938,-1.8094227417851823,6.260916757863289,10.653074259558354,-0.35084112744898555,-0.20356685256725968
28079056_10_47,persistence,2,lags_only,989,8.825651228885375,14.255722079683471,,,,,
28079056_10_47,sarima,2,lags_only,989,8.665062213636672,13.62188270019391,-3.640271964333719,8.825651228885375,14.255722079683471,0.0181957128243538,0.044462102722448354
28079056_10_47,xgboost_direct,2,lags_only,989,8.964708590637398,13.422582486747402,-1.8389277397884842,8.825651228885375,14.255722079683471,-0.015756045434574158,0.058442468805099484
28079056_10_47,persistence,3,lags_only,987,9.854304753320736,15.578362094200871,,,,,
28079056_10_47,sarima,3,lags_only,987,9.751233634071768,14.832675743010713,-5.147274857236698,9.854304753320736,15.578362094200871,0.010459501895781606,0.04786680054559423
28079056_10_47,xgboost_direct,3,lags_only,987,9.092029682823282,13.380273118509038,-1.971554310166895,9.854304753320736,15.578362094200871,0.07735452572040456,0.14109884995612496
28079056_10_47,persistence,4,lags_only,985,10.515232870603707,16.331360456319917,,,,,
28079056_10_47,sarima,4,lags_only,985,10.516410444744794,15.625816410540939,-6.486058104182609,10.515232870603707,16.331360456319917,-0.00011198745244899852,0.04320179250626648
28079056_10_47,xgboost_direct,4,lags_only,985,9.309806446819467,13.994705122396741,-1.9759878954271588,10.515232870603707,16.331360456319917,0.11463620811994761,0.14307781278680526
28079056_10_47,persistence,5,lags_only,984,10.963099763666262,16.950198941653937,,,,,
28079056_10_47,sarima,5,lags_only,984,11.051334918937574,16.339401222581966,-7.610117944277689,10.963099763666262,16.950198941653937,-0.00804837656989486,0.03603484072219226
28079056_10_47,xgboost_direct,5,lags_only,984,9.286665646857928,13.758927245901935,-2.0275871810465755,10.963099763666262,16.950198941653937,0.15291606871665497,0.18827340650909255
28079056_10_47,persistence,6,lags_only,982,11.132262486557126,17.254286516503246,,,,,
28079056_10_47,sarima,6,lags_only,982,11.533152873592657,16.88643539294237,-8.698900614653043,11.132262486557126,17.254286516503246,-0.03601158232835691,0.021319405077053512
28079056_10_47,xgboost_direct,6,lags_only,982,9.292069917513466,13.880956474208359,-2.2329685706777447,11.132262486557126,17.254286516503246,0.165302657143218,0.19550678256492324
28079056_10_47,persistence,7,lags_only,981,10.927715758407363,17.1020705110735,,,,,
28079056_10_47,sarima,7,lags_only,981,11.909900082117716,17.13550989208506,-9.607082890378367,10.927715758407363,17.1020705110735,-0.08988011268088651,-0.001955282606858017
28079056_10_47,xgboost_direct,7,lags_only,981,9.161943085821493,13.771150097161874,-2.5471877895874586,10.927715758407363,17.1020705110735,0.16158662172626082,0.19476708459100742
28079057_10_47,persistence,1,lags_only,850,6.062619622663573,15.470336438390413,,,,,
28079057_10_47,sarima,1,lags_only,850,6.286090226785629,14.653792061198654,-2.7529651754555102,6.062619622663573,15.470336438390413,-0.03686040326308248,0.05278129408779136
28079057_10_47,xgboost_direct,1,lags_only,850,7.967624497671688,16.303023922833773,-0.8429221645034679,6.062619622663573,15.470336438390413,-0.31422140816599065,-0.05382478188237745
28079057_10_47,persistence,2,lags_only,852,8.59893546339948,20.053615917887807,,,,,
28079057_10_47,sarima,2,lags_only,852,8.579841080965728,18.232724904331185,-4.819717832305159,8.59893546339948,20.053615917887807,0.0022205518944786403,0.09080113137762796
28079057_10_47,xgboost_direct,2,lags_only,852,8.412530104916875,16.46712623031319,-0.6437172923325131,8.59893546339948,20.053615917887807,0.02167772502491968,0.17884503733690593
28079057_10_47,persistence,3,lags_only,851,9.772497297828112,21.424131606749874,,,,,
28079057_10_47,sarima,3,lags_only,851,9.796401536025328,19.24796757591981,-6.622068118047741,9.772497297828112,21.424131606749874,-0.0024460726330954464,0.10157536701018233
28079057_10_47,xgboost_direct,3,lags_only,851,8.459539479187853,16.786286179675496,-0.6569018776459582,9.772497297828112,21.424131606749874,0.13435233376140782,0.21647763896358727
28079057_10_47,persistence,4,lags_only,849,10.38786491386717,21.723505176685137,,,,,
28079057_10_47,sarima,4,lags_only,849,10.460302219867483,19.436310839989208,-7.934044552162895,10.38786491386717,21.723505176685137,-0.006973262224811245,0.1052866154929119
28079057_10_47,xgboost_direct,4,lags_only,849,8.619645913285508,18.199864928246736,-0.9011376402631405,10.38786491386717,21.723505176685137,0.17021967605885957,0.16220403750588858
28079057_10_47,persistence,5,lags_only,846,10.64805880022257,21.930839575047223,,,,,
28079057_10_47,sarima,5,lags_only,846,11.01596372167491,19.638271914125422,-9.055425232499424,10.64805880022257,21.930839575047223,-0.03455136080246377,0.10453624691734421
28079057_10_47,xgboost_direct,5,lags_only,846,8.510617403563934,16.736481331251042,-1.0356806616448253,10.64805880022257,21.930839575047223,0.2007353111737097,0.23685177332227128
28079057_10_47,persistence,6,lags_only,843,10.390309096501838,19.232767102601773,,,,,
28079057_10_47,sarima,6,lags_only,843,11.12746050887556,16.34429321903644,-9.633358919356464,10.390309096501838,19.232767102601773,-0.07094605228076444,0.15018503932149133
28079057_10_47,xgboost_direct,6,lags_only,843,7.925249026363916,11.916322496464906,-0.8560506319088911,10.390309096501838,19.232767102601773,0.2372460768243985,0.380415598395465
28079057_10_47,persistence,7,lags_only,842,10.410601175945349,19.15666950710493,,,,,
28079057_10_47,sarima,7,lags_only,842,11.766072250896492,16.757872390175834,-10.501854913352414,10.410601175945349,19.15666950710493,-0.1302010375811038,0.12521994577603465
28079057_10_47,xgboost_direct,7,lags_only,842,7.792846502875474,11.348086855040398,-0.742276783533818,10.410601175945349,19.15666950710493,0.2514508652121299,0.40761692157232454
28079060_10_47,persistence,1,lags_only,958,5.925923993001309,12.118406331150332,,,,,
28079060_10_47,sarima,1,lags_only,958,6.24126530351287,12.47257866850958,-2.9278653842802727,5.925923993001309,12.118406331150332,-0.05321386350617876,-0.029225982994880207
28079060_10_47,xgboost_direct,1,lags_only,958,7.784315499623177,14.955335472101,-1.4906142239953182,5.925923993001309,12.118406331150332,-0.31360366903400777,-0.23410084324853414
28079060_10_47,persistence,2,lags_only,959,8.232405455925022,15.905920763165884,,,,,
28079060_10_47,sarima,2,lags_only,959,8.260404205643738,15.522968714422394,-4.859222538534919,8.232405455925022,15.905920763165884,-0.0034010411499550836,0.024076069184898196
28079060_10_47,xgboost_direct,2,lags_only,959,8.25074424584536,15.374119068292295,-2.0743365371118454,8.232405455925022,15.905920763165884,-0.00222763444032489,0.033434197415663516
28079060_10_47,persistence,3,lags_only,959,9.317204168805043,15.237927608313996,,,,,
28079060_10_47,sarima,3,lags_only,959,9.310276451486033,14.534028297835402,-6.239235409807168,9.317204168805043,15.237927608313996,0.0007435403575468755,0.046193900415600994
28079060_10_47,xgboost_direct,3,lags_only,959,8.293601320075652,13.136901409215781,-2.1025758948320266,9.317204168805043,15.237927608313996,0.1098615883245876,0.13788136110791532
28079060_10_47,persistence,4,lags_only,955,9.93291091167689,16.035008517100916,,,,,
28079060_10_47,sarima,4,lags_only,955,10.049203465662648,15.34280462347802,-7.534110947997854,9.93291091167689,16.035008517100916,-0.011707801974650503,0.04316828973833587
28079060_10_47,xgboost_direct,4,lags_only,955,8.191059906874877,12.980868898616869,-2.202727546877881,9.93291091167689,16.035008517100916,0.17536158536913238,0.1904669782511738
28079060_10_47,persistence,5,lags_only,954,10.24625276263069,16.55974743286952,,,,,
28079060_10_47,sarima,5,lags_only,954,10.696497112157868,16.072049693402537,-8.71691365498421,10.24625276263069,16.55974743286952,-0.04394234262590842,0.02945079575905553
28079060_10_47,xgboost_direct,5,lags_only,954,8.19585713218139,12.843007763265115,-1.3959391788095392,10.24625276263069,16.55974743286952,0.20011175577547122,0.2244442244467468
28079060_10_47,persistence,6,lags_only,955,10.538596876411104,18.87080387054575,,,,,
28079060_10_47,sarima,6,lags_only,955,11.379321137544492,18.77942725612148,-9.911273883376602,10.538596876411104,18.87080387054575,-0.0797757302032503,0.004842221616583808
28079060_10_47,xgboost_direct,6,lags_only,955,8.728393397972908,15.931202397641272,-1.7111896378901494,10.538596876411104,18.87080387054575,0.1717689270845946,0.1557751059822479
28079060_10_47,persistence,7,lags_only,955,10.550504836303176,18.733530160106383,,,,,
28079060_10_47,sarima,7,lags_only,955,11.7934493565118,19.1856907118626,-10.736060953744595,10.550504836303176,18.733530160106383,-0.11780900909421728,-0.024136430661590123
28079060_10_47,xgboost_direct,7,lags_only,955,8.689029541504773,15.782093664648245,-2.032867771778083,10.550504836303176,18.733530160106383,0.17643471318957768,0.1575483355370634
28080003_10_49,persistence,1,lags_only,1095,5.602955054673339,15.795524898703727,,,,,
28080003_10_49,sarima,1,lags_only,1095,5.891538608871219,15.147059417611937,-2.703539159299972,5.602955054673339,15.795524898703727,-0.05150559863177494,0.04105374688403088
28080003_10_49,xgboost_direct,1,lags_only,1095,7.934568988104493,16.38039562380417,0.9722026282576078,5.602955054673339,15.795524898703727,-0.4161400387258845,-0.03702762199111473
28080003_10_49,persistence,2,lags_only,1094,7.938159419601673,19.907611100494037,,,,,
28080003_10_49,sarima,2,lags_only,1094,7.935546221243009,18.077223437727348,-4.566636482624866,7.938159419601673,19.907611100494037,0.0003291944921402249,0.09194411391335978
28080003_10_49,xgboost_direct,2,lags_only,1094,8.660526709351476,17.720680041536614,1.0556584289130564,7.938159419601673,19.907611100494037,-0.09099934274008956,0.1098540175371997
28080003_10_49,persistence,3,lags_only,1093,8.917790982569812,21.083453799678576,,,,,
28080003_10_49,sarima,3,lags_only,1093,8.892363107413415,18.639745894402317,-6.08760661235654,8.917790982569812,21.083453799678576,0.0028513647837337167,0.11590643205305927
28080003_10_49,xgboost_direct,3,lags_only,1093,9.125572205089933,19.733466004326498,1.3430755303050688,8.917790982569812,21.083453799678576,-0.02329962912634275,0.06403067581710256
28080003_10_49,persistence,4,lags_only,1092,9.551250910063024,21.602803590324655,,,,,
28080003_10_49,sarima,4,lags_only,1092,9.590784856025683,18.830572822177324,-7.330964656500264,9.551250910063024,21.602803590324655,-0.0041391380390821434,0.1283273606852095
28080003_10_49,xgboost_direct,4,lags_only,1092,8.685355610540581,16.402190144373588,1.0450638902856857,9.551250910063024,21.602803590324655,0.09065779002938254,0.24073789423703731
28080003_10_49,persistence,5,lags_only,1091,10.037215575375619,21.8700642266699,,,,,
28080003_10_49,sarima,5,lags_only,1091,10.097979699600488,18.98068883888679,-8.3429330500646,10.037215575375619,21.8700642266699,-0.006053882550250533,0.13211554194978556
28080003_10_49,xgboost_direct,5,lags_only,1091,8.920191707301724,17.609879851126674,1.0858216841287103,10.037215575375619,21.8700642266699,0.11128822128861102,0.19479523843135568
28080003_10_49,persistence,6,lags_only,1090,10.204952228996904,22.046091529423556,,,,,
28080003_10_49,sarima,6,lags_only,1090,10.503833383582968,19.265560244882415,-9.161667823612293,10.204952228996904,22.046091529423556,-0.029287854355340093,0.12612354805976095
28080003_10_49,xgboost_direct,6,lags_only,1090,8.647203905211036,16.58275972724401,0.9252461920236551,10.204952228996904,22.046091529423556,0.15264631218552863,0.24781407601832617
28080003_10_49,persistence,7,lags_only,1089,10.245248806702273,22.17417626959302,,,,,
28080003_10_49,sarima,7,lags_only,1089,10.905714554378077,19.62281808930389,-9.828570926948997,10.245248806702273,22.17417626959302,-0.06446556449109742,0.11505988539415336
28080003_10_49,xgboost_direct,7,lags_only,1089,9.137491344049497,17.926932952736607,1.344941679308233,10.245248806702273,22.17417626959302,0.10812401763518903,0.19154007189347402
28092005_10_49,persistence,1,lags_only,1066,6.964086373617825,18.67637521661163,,,,,
28092005_10_49,sarima,1,lags_only,1066,7.268255738846255,17.91148865811108,-3.0036601236425247,6.964086373617825,18.67637521661163,-0.04367685133554932,0.04095476502422291
28092005_10_49,xgboost_direct,1,lags_only,1066,9.318870498091508,19.369660725814303,-0.5471339723744286,6.964086373617825,18.67637521661163,-0.3381325271028164,-0.037120988476716514
28092005_10_49,persistence,2,lags_only,1065,9.563699448383433,23.076372899494164,,,,,
28092005_10_49,sarima,2,lags_only,1065,9.40256103905158,21.18023445128373,-4.870477911797806,9.563699448383433,23.076372899494164,0.016848962078068082,0.08216795839054916
28092005_10_49,xgboost_direct,2,lags_only,1065,9.761885680756341,19.250606253839578,-0.8063586661851707,9.563699448383433,23.076372899494164,-0.020722758326162993,0.1657871738473444
28092005_10_49,persistence,3,lags_only,1064,10.64355912990819,24.255509775655664,,,,,
28092005_10_49,sarima,3,lags_only,1064,10.481659942296574,21.810996941248128,-6.426526758193929,10.64355912990819,24.255509775655664,0.015211000910088751,0.10078175462059352
28092005_10_49,xgboost_direct,3,lags_only,1064,9.71478043310166,19.364271138073438,-0.9241046147385941,10.64355912990819,24.255509775655664,0.08726204134072787,0.20165474495577815
28092005_10_49,persistence,4,lags_only,1063,11.470054960288067,24.873804026076453,,,,,
28092005_10_49,sarima,4,lags_only,1063,11.350568311442188,22.094273876321427,-7.845352620489365,11.470054960288067,24.873804026076453,0.010417269076701765,0.11174527815854403
28092005_10_49,xgboost_direct,4,lags_only,1063,9.80390292224793,18.61523032400526,-1.152697739957991,11.470054960288067,24.873804026076453,0.14526103351803746,0.25161305023992375
28092005_10_49,persistence,5,lags_only,1062,12.076661796450514,25.258989411080886,,,,,
28092005_10_49,sarima,5,lags_only,1062,12.013613983433284,22.30057072220269,-9.117798709355007,12.076661796450514,25.258989411080886,0.005220632495956803,0.11712339875246022
28092005_10_49,xgboost_direct,5,lags_only,1062,9.767026983834628,18.969367018873847,-0.9998494667771299,12.076661796450514,25.258989411080886,0.1912477844908034,0.2490053061840962
28092005_10_49,persistence,6,lags_only,1061,12.222037237147436,25.527210070488863,,,,,
28092005_10_49,sarima,6,lags_only,1061,12.4689899570024,22.582223354695643,-10.142488177852304,12.222037237147436,25.527210070488863,-0.020205528347138388,0.11536657189176419
28092005_10_49,xgboost_direct,6,lags_only,1061,9.928628882540634,19.216028743758983,-0.712009072026389,12.222037237147436,25.527210070488863,0.18764534177954054,0.2472334935663816
28092005_10_49,persistence,7,lags_only,1060,12.30353695106399,25.729076852773353,,,,,
28092005_10_49,sarima,7,lags_only,1060,12.858845059066988,22.922253527987927,-11.069056045980341,12.30353695106399,25.729076852773353,-0.04513402204680472,0.10909148978980478
28092005_10_49,xgboost_direct,7,lags_only,1060,9.651669418712615,18.885825694319585,-0.9701346923139393,12.30353695106399,25.729076852773353,0.21553700719548338,0.26597344310532967
28102001_10_49,persistence,1,lags_only,1038,5.796522127727237,19.37294128029194,,,,,
28102001_10_49,sarima,1,lags_only,1038,6.190572157458451,17.903769590579625,-3.2341027208673174,5.796522127727237,19.37294128029194,-0.06798042361406759,0.07583627434038119
28102001_10_49,xgboost_direct,1,lags_only,1038,7.997846680259205,20.839725161259242,0.7937007185657903,5.796522127727237,19.37294128029194,-0.3797664364985504,-0.07571301950207525
28102001_10_49,persistence,2,lags_only,1036,7.832766219426484,23.737447204720873,,,,,
28102001_10_49,sarima,2,lags_only,1036,7.94677249456521,20.72883414763867,-5.166883381401575,7.832766219426484,23.737447204720873,-0.014555046320158575,0.12674543438200275
28102001_10_49,xgboost_direct,2,lags_only,1036,8.331722007891939,23.131651813451064,1.0271113509238234,7.832766219426484,23.737447204720873,-0.06370109543522005,0.025520663028555504
28102001_10_49,persistence,3,lags_only,1035,8.743862681836184,24.81113247568763,,,,,
28102001_10_49,sarima,3,lags_only,1035,8.940271861191295,21.192246613848987,-6.663312741615439,8.743862681836184,24.81113247568763,-0.022462518740500845,0.14585734308519693
28102001_10_49,xgboost_direct,3,lags_only,1035,8.424304929116225,22.321012468152993,0.9671118488657164,8.743862681836184,24.81113247568763,0.0365465200389964,0.10036301285218231
28102001_10_49,persistence,4,lags_only,1035,9.286588305366536,25.115430319639426,,,,,
28102001_10_49,sarima,4,lags_only,1035,9.560379556894606,21.24313314856434,-7.793528159004513,9.286588305366536,25.115430319639426,-0.029482436662972553,0.1541800049528548
28102001_10_49,xgboost_direct,4,lags_only,1035,8.724048571876104,24.14367995989105,1.0584094985264936,9.286588305366536,25.115430319639426,0.060575500387515996,0.03869136811040425
28102001_10_49,persistence,5,lags_only,1034,9.46637356324581,25.281540250901365,,,,,
28102001_10_49,sarima,5,lags_only,1034,10.01502073211505,21.35339170255232,-8.66379321491361,9.46637356324581,25.281540250901365,-0.05795748131041645,0.1553761562533357
28102001_10_49,xgboost_direct,5,lags_only,1034,8.041972815430732,18.853662587294174,0.5623284873059679,9.46637356324581,25.281540250901365,0.15046952650859494,0.254251821677598
28102001_10_49,persistence,6,lags_only,1033,9.486037850148959,25.376746345299757,,,,,
28102001_10_49,sarima,6,lags_only,1033,10.4193423892113,21.56977205170742,-9.361735747609588,9.486037850148959,25.376746345299757,-0.09838718270006538,0.15001821911253246
28102001_10_49,xgboost_direct,6,lags_only,1033,8.551249096538934,21.53441446094482,0.9702633010952334,9.486037850148959,25.376746345299757,0.0985436457641107,0.15141152581471928
28102001_10_49,persistence,7,lags_only,1033,9.472282578128397,25.530629556577505,,,,,
28102001_10_49,sarima,7,lags_only,1033,10.783732587349723,21.80003840760311,-9.923684324232694,9.472282578128397,25.530629556577505,-0.13845131819119066,0.14612217613777076
28102001_10_49,xgboost_direct,7,lags_only,1033,8.05952398747678,18.99353626521947,0.6099415965002976,9.472282578128397,25.530629556577505,0.1491465841521337,0.2560490440265651
28120001_10_49,persistence,1,lags_only,983,5.794147650639593,29.30890963761826,,,,,
28120001_10_49,sarima,1,lags_only,983,6.672439325304874,27.835580733431637,-3.6053415358441443,5.794147650639593,29.30890963761826,-0.15158254977646812,0.05026897699038218
28120001_10_49,xgboost_direct,1,lags_only,983,8.615190149651434,30.862968517018448,0.5258466609832313,5.794147650639593,29.30890963761826,-0.48687791010994314,-0.0530234286643519
28120001_10_49,persistence,2,lags_only,981,7.963108489347302,35.504106433331756,,,,,
28120001_10_49,sarima,2,lags_only,981,8.671736767641011,30.72969297530328,-5.645472068286428,7.963108489347302,35.504106433331756,-0.08898890166342464,0.1344749646634168
28120001_10_49,xgboost_direct,2,lags_only,981,8.702605888994547,27.935291988439957,0.3253125559662835,7.963108489347302,35.504106433331756,-0.09286541815128004,0.21318138112007487
28120001_10_49,persistence,3,lags_only,979,9.07999070777942,36.64368538793098,,,,,
28120001_10_49,sarima,3,lags_only,979,9.401981579972551,30.24104886571856,-6.818643601817917,9.07999070777942,36.64368538793098,-0.035461586091410965,0.17472687188612313
28120001_10_49,xgboost_direct,3,lags_only,979,8.882772674854598,27.474907137049886,0.2909475543108901,9.07999070777942,36.64368538793098,0.02172006990666322,0.25021441358354574
28120001_10_49,persistence,4,lags_only,975,9.608039852680585,37.037403589254936,,,,,
28120001_10_49,sarima,4,lags_only,975,9.577426789052435,28.912702888415346,-7.633206778395526,9.608039852680585,37.037403589254936,0.003186192407352439,0.2193647478895275
28120001_10_49,xgboost_direct,4,lags_only,975,8.757106358429404,27.77507042440505,0.06986226102572894,9.608039852680585,37.037403589254936,0.0885647340454959,0.2500805204265727
28120001_10_49,persistence,5,lags_only,977,9.911078605310879,37.06613644460537,,,,,
28120001_10_49,sarima,5,lags_only,977,9.652174563088652,28.551310383619835,-8.15366315649018,9.911078605310879,37.06613644460537,0.026122690832407727,0.22971981646133469
28120001_10_49,xgboost_direct,5,lags_only,977,8.464175902507781,27.160727039791283,-0.27594599835036115,9.911078605310879,37.06613644460537,0.14598841966885123,0.2672360908080488
28120001_10_49,persistence,6,lags_only,976,9.854252800518028,37.00012208656742,,,,,
28120001_10_49,sarima,6,lags_only,976,9.805414056869468,28.578502030085232,-8.560693061999435,9.854252800518028,37.00012208656742,0.004956108254701174,0.2276106018455433
28120001_10_49,xgboost_direct,6,lags_only,976,8.66183694668648,27.449592138315914,0.01522151974737341,9.854252800518028,37.00012208656742,0.12100520231923258,0.2581215793263219
28120001_10_49,persistence,7,lags_only,976,10.035947025656107,37.068561225686956,,,,,
28120001_10_49,sarima,7,lags_only,976,9.975153803013688,28.93266322134293,-8.88689198701595,10.035947025656107,37.068561225686956,0.006057547183838807,0.2194824329654907
28120001_10_49,xgboost_direct,7,lags_only,976,9.079785031185807,30.91049723939664,0.5010321920071974,10.035947025656107,37.068561225686956,0.09527371876574747,0.1661263286912532
28123002_10_49,persistence,1,lags_only,955,7.435387611517878,17.46885969357927,,,,,
28123002_10_49,sarima,1,lags_only,955,7.7146692848022616,16.883910935901365,-3.157837974748579,7.435387611517878,17.46885969357927,-0.037561145144842115,0.033485228454431
28123002_10_49,xgboost_direct,1,lags_only,955,9.774681154110944,19.381368331372077,0.1706087199079468,7.435387611517878,17.46885969357927,-0.3146162197340398,-0.10948102345202051
28123002_10_49,persistence,2,lags_only,956,10.485446521580107,23.049784459423048,,,,,
28123002_10_49,sarima,2,lags_only,956,10.410860240811646,21.35870793049889,-5.498320253389779,10.485446521580107,23.049784459423048,0.007113314689551359,0.07336626214015736
28123002_10_49,xgboost_direct,2,lags_only,956,10.251375611443258,19.108844893480924,0.1650160710074683,10.485446521580107,23.049784459423048,0.02232340889394715,0.17097511574912003
28123002_10_49,persistence,3,lags_only,956,11.759554922657882,24.67695046339772,,,,,
28123002_10_49,sarima,3,lags_only,956,11.698351412043186,22.508774437437328,-7.572728014065041,11.759554922657882,24.67695046339772,0.0052045771304466215,0.08786239730781792
28123002_10_49,xgboost_direct,3,lags_only,956,10.497898491142417,19.513746785601445,0.2633283430604571,11.759554922657882,24.67695046339772,0.1072877706523188,0.20923183703167203
28123002_10_49,persistence,4,lags_only,954,12.532561114623272,25.410265943579276,,,,,
28123002_10_49,sarima,4,lags_only,954,12.72332737436055,22.95705774991463,-9.257942092071666,12.532561114623272,25.410265943579276,-0.015221650067573854,0.09654397947316759
28123002_10_49,xgboost_direct,4,lags_only,954,10.976439029098234,20.81986876119385,0.5008813885417911,12.532561114623272,25.410265943579276,0.12416632732070382,0.18065128450752554
28123002_10_49,persistence,5,lags_only,951,13.02477850285313,25.885688367578748,,,,,
28123002_10_49,sarima,5,lags_only,951,13.405238467219988,23.295603113619585,-10.647635947687851,13.02477850285313,25.885688367578748,-0.02921047481026393,0.10005858129711503
28123002_10_49,xgboost_direct,5,lags_only,951,11.048381503401481,21.043193130585497,0.5319997199174781,13.02477850285313,25.885688367578748,0.151741313606117,0.18707229911097784
28123002_10_49,persistence,6,lags_only,951,13.169410350038413,26.257917076552864,,,,,
28123002_10_49,sarima,6,lags_only,951,14.078199746161618,23.89179731108128,-11.965254420625085,13.169410350038413,26.257917076552864,-0.0690075995787126,0.09011071817209837
28123002_10_49,xgboost_direct,6,lags_only,951,10.921119468740674,19.92935275283946,0.3837874666808442,13.169410350038413,26.257917076552864,0.1707206945139485,0.24101547374313734
28123002_10_49,persistence,7,lags_only,954,13.125810190355477,26.44295668780693,,,,,
28123002_10_49,sarima,7,lags_only,954,14.761195076746949,24.389733767151355,-13.075489622602534,13.125810190355477,26.44295668780693,-0.12459306227002377,0.07764725196567497
28123002_10_49,xgboost_direct,7,lags_only,954,10.815628424829198,19.64234379861658,0.42931981606235137,13.125810190355477,26.44295668780693,0.17600298435091982,0.2571805025239924
28133002_10_49,persistence,1,lags_only,1079,5.940781494107154,21.282171327409493,,,,,
28133002_10_49,sarima,1,lags_only,1079,6.574577143346687,20.405157117706572,-3.484669429081532,5.940781494107154,21.282171327409493,-0.10668556819809229,0.04120886897350585
28133002_10_49,xgboost_direct,1,lags_only,1079,8.452181635757372,21.654778659411235,0.774805437639375,5.940781494107154,21.282171327409493,-0.422739019124227,-0.017507956602240946
28133002_10_49,persistence,2,lags_only,1078,8.470243533533358,25.766583729152693,,,,,
28133002_10_49,sarima,2,lags_only,1078,8.697183215797045,23.137827380972144,-5.47394281863513,8.470243533533358,25.766583729152693,-0.026792580563385446,0.102021920166558
28133002_10_49,xgboost_direct,2,lags_only,1078,8.781029107867603,20.558201845964764,0.4607266216992789,8.470243533533358,25.766583729152693,-0.03669145675727709,0.20213707559900884
28133002_10_49,persistence,3,lags_only,1077,9.538333747056967,26.633655457041478,,,,,
28133002_10_49,sarima,3,lags_only,1077,9.68387014180049,23.118576546520643,-7.067300285766217,9.538333747056967,26.633655457041478,-0.015258052255555436,0.13197883843584485
28133002_10_49,xgboost_direct,3,lags_only,1077,8.785692438282652,20.565620617986973,0.16355802038535566,9.538333747056967,26.633655457041478,0.0789070008172592,0.22783334600246252
28133002_10_49,persistence,4,lags_only,1076,10.18125498922969,27.004493724176477,,,,,
28133002_10_49,sarima,4,lags_only,1076,10.386694724836005,22.963745336011264,-8.379178334159398,10.18125498922969,27.004493724176477,-0.020178233019764402,0.14963244374945
28133002_10_49,xgboost_direct,4,lags_only,1076,8.637773011160032,20.120645865861036,-0.25067659447603974,10.18125498922969,27.004493724176477,0.151600365544566,0.25491490152072344
28133002_10_49,persistence,5,lags_only,1075,10.542927496376754,27.23593506379356,,,,,
28133002_10_49,sarima,5,lags_only,1075,10.925788065038626,22.977715255213997,-9.447204268706468,10.542927496376754,27.23593506379356,-0.036314445754601694,0.15634564403996837
28133002_10_49,xgboost_direct,5,lags_only,1075,8.635556436217493,20.42610184098339,-0.3652206940778493,10.542927496376754,27.23593506379356,0.18091474695379997,0.25003118882681247
28133002_10_49,persistence,6,lags_only,1074,10.762765151953275,27.505991512735267,,,,,
28133002_10_49,sarima,6,lags_only,1074,11.442302788772453,23.249210468092144,-10.300109102831303,10.762765151953275,27.505991512735267,-0.06313783003021793,0.1547583202980425
28133002_10_49,xgboost_direct,6,lags_only,1074,8.722418602466117,20.467644677523854,-0.27985584563191496,10.762765151953275,27.505991512735267,0.18957456756518248,0.2558841346240022
28133002_10_49,persistence,7,lags_only,1073,10.827885539504729,27.63481707967741,,,,,
28133002_10_49,sarima,7,lags_only,1073,11.861816383392695,23.661221994327082,-10.979427492986995,10.827885539504729,27.63481707967741,-0.09548778846209136,0.14378944770625976
28133002_10_49,xgboost_direct,7,lags_only,1073,9.035140632594251,21.30124019182224,0.12739709792928644,10.827885539504729,27.63481707967741,0.16556740467654396,0.22918830508608176
28148004_10_49,persistence,1,lags_only,988,6.827676828738192,14.637519971719017,,,,,
28148004_10_49,sarima,1,lags_only,988,7.073275763920563,14.1400549092956,-2.802724203138169,6.827676828738192,14.637519971719017,-0.03597108377312572,0.03398561118171412
28148004_10_49,xgboost_direct,1,lags_only,988,9.63112865811733,16.7566285875523,1.070179228722597,6.827676828738192,14.637519971719017,-0.4106011312045707,-0.14477238083552316
28148004_10_49,persistence,2,lags_only,985,9.53867696266609,19.48556381372248,,,,,
28148004_10_49,sarima,2,lags_only,985,9.55967281481782,18.138692407178105,-5.148700333127835,9.53867696266609,19.48556381372248,-0.002201128336131567,0.06912150037946838
28148004_10_49,xgboost_direct,2,lags_only,985,9.960867738578967,17.05030914390657,1.1056087730599833,9.53867696266609,19.48556381372248,-0.0442609365602076,0.12497737777035267
28148004_10_49,persistence,3,lags_only,984,10.857741024812102,21.119963275841602,,,,,
28148004_10_49,sarima,3,lags_only,984,10.914939788691477,19.35611213676793,-7.14061814413838,10.857741024812102,21.119963275841602,-0.0052680169612320665,0.08351582415350509
28148004_10_49,xgboost_direct,3,lags_only,984,10.065510556317225,16.876306687370274,1.0761767390904018,10.857741024812102,21.119963275841602,0.07296457584358221,0.20093105906701555
28148004_10_49,persistence,4,lags_only,983,11.787960285929483,21.89487032271474,,,,,
28148004_10_49,sarima,4,lags_only,983,12.033090223906058,20.134580455000208,-8.958600980642414,11.787960285929483,21.89487032271474,-0.020794940942341873,0.08039736439490706
28148004_10_49,xgboost_direct,4,lags_only,983,10.364967220386557,17.080495007846594,0.9754142869867595,11.787960285929483,21.89487032271474,0.12071580078543864,0.21988599356414065
28148004_10_49,persistence,5,lags_only,983,12.129691148576793,22.342049201789713,,,,,
28148004_10_49,sarima,5,lags_only,983,12.822342631644274,20.76753447969096,-10.363227131385276,12.129691148576793,22.342049201789713,-0.0571038021152543,0.07047315614955445
28148004_10_49,xgboost_direct,5,lags_only,983,10.419735253440637,17.317280540681466,1.1129668991851775,12.129691148576793,22.342049201789713,0.14097274812613755,0.22490187071585793
28148004_10_49,persistence,6,lags_only,982,12.098936497875641,22.409110718236626,,,,,
28148004_10_49,sarima,6,lags_only,982,13.386629974183156,21.140397970010227,-11.502472235048776,12.098936497875641,22.409110718236626,-0.10643030290584725,0.056615934660625124
28148004_10_49,xgboost_direct,6,lags_only,982,10.44117466899973,17.33368871087957,1.4391481182577868,12.098936497875641,22.409110718236626,0.13701715263709208,0.22648921999509136
28148004_10_49,persistence,7,lags_only,981,12.025671901196922,22.321756414995356,,,,,
28148004_10_49,sarima,7,lags_only,981,13.972496408651613,21.31171958516258,-12.411218840822315,12.025671901196922,22.321756414995356,-0.1618890423295951,0.04524898538693173
28148004_10_49,xgboost_direct,7,lags_only,981,10.475717902838802,18.2061758902729,1.4356931707471443,12.025671901196922,22.321756414995356,0.12888710178462895,0.18437529951530535
28171001_10_49,persistence,1,lags_only,1025,5.78834226299706,19.169565209933314,,,,,
28171001_10_49,sarima,1,lags_only,1025,6.257840185505366,18.40507503977856,-2.8604886960674336,5.78834226299706,19.169565209933314,-0.08111094699939382,0.03988041261147696
28171001_10_49,xgboost_direct,1,lags_only,1025,9.765125571244116,24.100686986221195,1.9140783951271279,5.78834226299706,19.169565209933314,-0.687033200104511,-0.2572370172346249
28171001_10_49,persistence,2,lags_only,1023,8.3753415641009,23.757408839148503,,,,,
28171001_10_49,sarima,2,lags_only,1023,8.491818304833378,21.641430422505152,-4.820284824356618,8.3753415641009,23.757408839148503,-0.013907103351071792,0.08906604381688919
28171001_10_49,xgboost_direct,2,lags_only,1023,9.489476177751854,20.46989989839845,1.44859747660011,8.3753415641009,23.757408839148503,-0.13302557336007076,0.13837826183016866
28171001_10_49,persistence,3,lags_only,1021,9.447152415046098,24.887606895516964,,,,,
28171001_10_49,sarima,3,lags_only,1021,9.532266750826867,22.01528364396484,-6.426186158497296,9.447152415046098,24.887606895516964,-0.009009522874343718,0.11541178963532729
28171001_10_49,xgboost_direct,3,lags_only,1021,9.417206860277505,19.508523040455675,1.2375806650402297,9.447152415046098,24.887606895516964,0.0031697969348838196,0.21613503771751674
28171001_10_49,persistence,4,lags_only,1020,10.108917389818421,25.27694704971983,,,,,
28171001_10_49,sarima,4,lags_only,1020,10.272167100109295,22.005015557473325,-7.75531157145723,10.108917389818421,25.27694704971983,-0.016149079470695524,0.12944330206534066
28171001_10_49,xgboost_direct,4,lags_only,1020,11.258508962298562,30.100417951853252,3.3909858503326187,10.108917389818421,25.27694704971983,-0.11372054277918972,-0.19082490035864066
28171001_10_49,persistence,5,lags_only,1019,10.465796064928846,25.44244475701762,,,,,
28171001_10_49,sarima,5,lags_only,1019,10.82345518866855,22.010709188293614,-8.837358089971382,10.465796064928846,25.44244475701762,-0.03417409641090081,0.1348823040198388
28171001_10_49,xgboost_direct,5,lags_only,1019,12.118532926854193,33.80329768817554,3.997892208450131,10.465796064928846,25.44244475701762,-0.1579179311035605,-0.3286182994993751
28171001_10_49,persistence,6,lags_only,1018,10.725192790839188,25.676740722669752,,,,,
28171001_10_49,sarima,6,lags_only,1018,11.235652741406817,22.262657648442474,-9.737356504678067,10.725192790839188,25.676740722669752,-0.04759447783573952,0.13296403586040095
28171001_10_49,xgboost_direct,6,lags_only,1018,10.897723916809744,24.019480184790524,2.49529426479289,10.725192790839188,25.676740722669752,-0.016086529103506806,0.06454325943385987
28171001_10_49,persistence,7,lags_only,1018,10.854982023819888,25.961056859636614,,,,,
28171001_10_49,sarima,7,lags_only,1018,11.705629754847644,22.673601911119402,-10.51273261658621,10.854982023819888,25.961056859636614,-0.07836472959246887,0.12663024337920684
28171001_10_49,xgboost_direct,7,lags_only,1018,10.017930973284107,21.870457468784615,1.655278368677102,10.854982023819888,25.961056859636614,0.07711215446501687,0.1575667513448548
29067005_10_49,persistence,1,lags_only,977,6.552560216236377,18.294870030634982,,,,,
29067005_10_49,sarima,1,lags_only,977,7.35873521585334,18.444146569378955,-2.2258955403367713,6.552560216236377,18.294870030634982,-0.12303206273776286,-0.008159475224147924
29067005_10_49,xgboost_direct,1,lags_only,977,8.803127762416603,20.983143378335388,-1.737812535069077,6.552560216236377,18.294870030634982,-0.3434638480091518,-0.14694137445080832
29067005_10_49,persistence,2,lags_only,974,9.264744643104034,23.91401127586108,,,,,
29067005_10_49,sarima,2,lags_only,974,9.668012490601186,21.793114701919226,-3.774759441594963,9.264744643104034,23.91401127586108,-0.0435271411174093,0.08868844918889437
29067005_10_49,xgboost_direct,2,lags_only,974,9.522194353088047,21.313665842148698,-1.641222150272339,9.264744643104034,23.91401127586108,-0.02778810640783695,0.10873731737080772
29067005_10_49,persistence,3,lags_only,972,10.406895813398657,26.04991152025406,,,,,
29067005_10_49,sarima,3,lags_only,972,10.88853318955806,23.19340007153706,-5.094727113736074,10.406895813398657,26.04991152025406,-0.04628059940211041,0.10965532249489734
29067005_10_49,xgboost_direct,3,lags_only,972,9.903797315901906,21.83865033251438,-1.544291313126671,10.406895813398657,26.04991152025406,0.04834280139991623,0.1616612472739258
29067005_10_49,persistence,4,lags_only,971,11.183380972065804,26.758176663983356,,,,,
29067005_10_49,sarima,4,lags_only,971,11.780996318453596,23.813639800262948,-6.208088940330463,11.183380972065804,26.758176663983356,-0.05343780631997914,0.1100425077798283
29067005_10_49,xgboost_direct,4,lags_only,971,10.023091191259672,22.100746670554102,-1.3848006681511256,11.183380972065804,26.758176663983356,0.10375125230056449,0.17405632872206045
29067005_10_49,persistence,5,lags_only,970,11.525403976931246,27.126120638071512,,,,,
29067005_10_49,sarima,5,lags_only,970,12.56632812404054,24.192171240324353,-7.227499709666965,11.525403976931246,27.126120638071512,-0.09031563224966024,0.10815956460907873
29067005_10_49,xgboost_direct,5,lags_only,970,9.982126896375242,22.01204093218831,-1.785907169049116,11.525403976931246,27.126120638071512,0.1339022114665101,0.18852971179025105
29067005_10_49,persistence,6,lags_only,969,11.814679706474323,27.869302206448864,,,,,
29067005_10_49,sarima,6,lags_only,969,13.183969627440078,24.574630055858275,-8.11455015308948,11.814679706474323,27.869302206448864,-0.11589733746361305,0.11821868112034083
29067005_10_49,xgboost_direct,6,lags_only,969,9.79008533108608,21.58229535080911,-2.117416888199332,11.814679706474323,27.869302206448864,0.17136261207985054,0.2255889583839297
29067005_10_49,persistence,7,lags_only,968,11.590466302598381,27.812494684778045,,,,,
29067005_10_49,sarima,7,lags_only,968,13.57858794563895,24.483577108240173,-8.883875058141635,11.590466302598381,27.812494684778045,-0.17153077289003182,0.1196914413563847
29067005_10_49,xgboost_direct,7,lags_only,968,9.503041067608525,21.059452957369764,-2.2813473067857357,11.590466302598381,27.812494684778045,0.18009846890473183,0.24280604109577641
29067006_10_49,persistence,1,lags_only,770,7.525484084288884,18.31236441437784,,,,,
29067006_10_49,sarima,1,lags_only,770,8.096075437301053,18.54061049960193,-2.6134488506909537,7.525484084288884,18.31236441437784,-0.07582121583426175,-0.012464042330049063
29067006_10_49,xgboost_direct,1,lags_only,770,9.952567593862767,22.106600008332876,-0.8973645540368016,7.525484084288884,18.31236441437784,-0.3225152671096545,-0.20719528664337938
29067006_10_49,persistence,2,lags_only,764,10.888840147856303,25.138887838156727,,,,,
29067006_10_49,sarima,2,lags_only,764,11.142510097374233,23.61136878648845,-4.663685090054637,10.888840147856303,25.138887838156727,-0.02329632413309601,0.06076319133536822
29067006_10_49,xgboost_direct,2,lags_only,764,10.49632165837422,22.35620656079848,-0.7032399998706947,10.888840147856303,25.138887838156727,0.03604777773869328,0.11069229853257832
29067006_10_49,persistence,3,lags_only,761,12.282118580068,27.734134579110094,,,,,
29067006_10_49,sarima,3,lags_only,761,12.613403138133803,25.44970445904599,-6.4457151507903,12.282118580068,27.734134579110094,-0.026972916431813942,0.08236889864177638
29067006_10_49,xgboost_direct,3,lags_only,761,10.81514207293799,22.70263466005594,-0.4972663870734884,12.282118580068,27.734134579110094,0.11944002148869401,0.18141903453673952
29067006_10_49,persistence,4,lags_only,758,12.766506950977236,28.459812506631415,,,,,
29067006_10_49,sarima,4,lags_only,758,13.622930116323417,26.27766673232758,-8.19265991578461,12.766506950977236,28.459812506631415,-0.06708359370615657,0.07667463634187233
29067006_10_49,xgboost_direct,4,lags_only,758,11.126714476891086,23.14896860118503,-0.45499437189292125,12.766506950977236,28.459812506631415,0.1284448816252459,0.18660853455056697
29067006_10_49,persistence,5,lags_only,754,13.083329208609104,28.929392408829695,,,,,
29067006_10_49,sarima,5,lags_only,754,14.59466766035112,27.039278352679577,-9.55248869162044,13.083329208609104,28.929392408829695,-0.11551635120115485,0.0653354218242491
29067006_10_49,xgboost_direct,5,lags_only,754,11.135960600718835,23.92073606842266,-0.5440352820408056,13.083329208609104,28.929392408829695,0.14884350740091898,0.17313382423055373
29067006_10_49,persistence,6,lags_only,751,13.03678422333621,28.336657075557955,,,,,
29067006_10_49,sarima,6,lags_only,751,15.248092557595218,26.178147970998403,-10.422324948593367,13.03678422333621,28.336657075557955,-0.16962068991682033,0.07617373844783527
29067006_10_49,xgboost_direct,6,lags_only,751,10.690845118070039,21.562190237572995,-0.6253425630243017,13.03678422333621,28.336657075557955,0.17994768227174268,0.23907078452907343
29067006_10_49,persistence,7,lags_only,749,13.039776685650265,29.408837717937022,,,,,
29067006_10_49,sarima,7,lags_only,749,16.01273125751528,27.291226268245396,-11.641264365267718,13.039776685650265,29.408837717937022,-0.22799121821899213,0.07200595514864751
29067006_10_49,xgboost_direct,7,lags_only,749,11.170693572737528,22.941820360293356,-0.5084096015580644,13.039776685650265,29.408837717937022,0.1433370492433038,0.2199004741251405
29067008_10_49,persistence,1,lags_only,724,7.909282666568409,15.837236252118897,,,,,
29067008_10_49,sarima,1,lags_only,724,8.049700267150234,15.044291010832083,-1.5364583828087672,7.909282666568409,15.837236252118897,-0.017753519061261245,0.05006841021145494
29067008_10_49,xgboost_direct,1,lags_only,724,9.627227405568814,16.44016409315323,-1.0900683187194316,7.909282666568409,15.837236252118897,-0.21720613757578192,-0.038070268791605875
29067008_10_49,persistence,2,lags_only,718,10.568628327830845,20.677070914210066,,,,,
29067008_10_49,sarima,2,lags_only,718,10.503688835391745,20.693593150894113,-2.883480038034359,10.568628327830845,20.677070914210066,0.0061445525781327675,-0.0007990607931170766
29067008_10_49,xgboost_direct,2,lags_only,718,10.01918848756102,19.639786804332655,-1.2067215892558951,10.568628327830845,20.677070914210066,0.0519878098866397,0.05016591151527902
29067008_10_49,persistence,3,lags_only,717,11.304593443325091,21.211770208590583,,,,,
29067008_10_49,sarima,3,lags_only,717,11.19246275890734,21.26528680107058,-3.603433978353149,11.304593443325091,21.211770208590583,0.009919037334682752,-0.002522966822369397
29067008_10_49,xgboost_direct,3,lags_only,717,10.366066599464903,19.199236252878777,-0.9004846125861148,11.304593443325091,21.211770208590583,0.08302172462596175,0.09487817074770814
29067008_10_49,persistence,4,lags_only,713,12.355737560710311,21.763240876274462,,,,,
29067008_10_49,sarima,4,lags_only,713,11.87251567136767,20.66837098936323,-4.222720093862201,12.355737560710311,21.763240876274462,0.039109109186587575,0.05030821894292513
29067008_10_49,xgboost_direct,4,lags_only,713,10.106239288517585,17.021571660113867,-1.0194942206806064,12.355737560710311,21.763240876274462,0.1820610272061659,0.21787514291264404
29067008_10_49,persistence,5,lags_only,709,12.646943028749057,21.570312583113193,,,,,
29067008_10_49,sarima,5,lags_only,709,12.406710478607854,21.130122270478992,-5.192561890019003,12.646943028749057,21.570312583113193,0.018995305790111133,0.020407229192349004
29067008_10_49,xgboost_direct,5,lags_only,709,10.079609786131591,17.002906540422966,-1.0120904018276755,12.646943028749057,21.570312583113193,0.20300030108314698,0.21174500949355382
29067008_10_49,persistence,6,lags_only,704,12.77905956212565,22.038035965173282,,,,,
29067008_10_49,sarima,6,lags_only,704,12.860227961914852,21.49757733199472,-6.1845200542402745,12.77905956212565,22.038035965173282,-0.006351672389865683,0.02452390194991287
29067008_10_49,xgboost_direct,6,lags_only,704,10.25185821593182,17.040372699013652,-0.8122350834714812,12.77905956212565,22.038035965173282,0.1977611367963182,0.2267744400661402
29067008_10_49,persistence,7,lags_only,703,12.938381049829383,23.38055467926135,,,,,
29067008_10_49,sarima,7,lags_only,703,13.451076861735043,22.798424082854794,-7.461514134786764,12.938381049829383,23.38055467926135,-0.03962596324309221,0.02489806612342305
29067008_10_49,xgboost_direct,7,lags_only,703,11.02705308445194,20.35092872523356,-1.281938153441402,12.938381049829383,23.38055467926135,0.1477254347368791,0.12957887422213657
30005002_10_47,persistence,1,lags_only,1036,7.975068534090274,18.821331668575265,,,,,
30005002_10_47,sarima,1,lags_only,1036,8.422877461085863,18.74979850654294,-3.306517879373559,7.975068534090274,18.821331668575265,-0.056151107050852585,0.003800642977444485
30005002_10_47,xgboost_direct,1,lags_only,1036,9.452210226040952,20.089268566341385,-1.5538246372483193,7.975068534090274,18.821331668575265,-0.18521993706216822,-0.06736701313664804
30005002_10_47,persistence,2,lags_only,1034,11.059133682388515,26.046578049148188,,,,,
30005002_10_47,sarima,2,lags_only,1034,11.662669422034341,24.742787878534113,-6.334326512965868,11.059133682388515,26.046578049148188,-0.05457350973222675,0.050056102116520194
30005002_10_47,xgboost_direct,2,lags_only,1034,9.929546012420774,20.851126390742433,-1.3971326730860238,11.059133682388515,26.046578049148188,0.10214070128897983,0.1994677246509034
30005002_10_47,persistence,3,lags_only,1033,12.175128900308753,27.213975989109482,,,,,
30005002_10_47,sarima,3,lags_only,1033,13.220545394253518,25.48123507882293,-8.829010599669688,12.175128900308753,27.213975989109482,-0.08586492204762237,0.06367099430748237
30005002_10_47,xgboost_direct,3,lags_only,1033,10.4578751907877,21.356322463421517,-1.3109970581995198,12.175128900308753,27.213975989109482,0.14104603931359647,0.21524431152699214
30005002_10_47,persistence,4,lags_only,1032,12.342948034175468,27.325332725158976,,,,,
30005002_10_47,sarima,4,lags_only,1032,14.453691933404011,25.771034693301278,-10.962886702535872,12.342948034175468,27.325332725158976,-0.17100808440449253,0.056881211566241055
30005002_10_47,xgboost_direct,4,lags_only,1032,10.53909899946538,21.27601278480864,-1.2341529934030975,12.342948034175468,27.325332725158976,0.14614410023566038,0.2213813826603695
30005002_10_47,persistence,5,lags_only,1031,12.597168790674523,27.457428547384243,,,,,
30005002_10_47,sarima,5,lags_only,1031,15.466380396846299,26.020279858194932,-12.733442063217307,12.597168790674523,27.457428547384243,-0.22776638575294839,0.05234097893432274
30005002_10_47,xgboost_direct,5,lags_only,1031,10.42882532875705,20.841920468403995,-1.381734510214981,12.597168790674523,27.457428547384243,0.17212942828254094,0.2409369132132543
30005002_10_47,persistence,6,lags_only,1031,12.512210107947478,26.88143005095867,,,,,
30005002_10_47,sarima,6,lags_only,1031,16.26272591911879,25.942951852272184,-14.055720753507604,12.512210107947478,26.88143005095867,-0.29974846800159366,0.034911766111677414
30005002_10_47,xgboost_direct,6,lags_only,1031,10.177173198761643,20.18904442265433,-1.3605488980659146,12.512210107947478,26.88143005095867,0.18662066006249936,0.24895943465871043
30005002_10_47,persistence,7,lags_only,1030,12.099799799755537,25.781312801473465,,,,,
30005002_10_47,sarima,7,lags_only,1030,16.825576787687456,25.184096138907865,-14.950620081552351,12.099799799755537,25.781312801473465,-0.3905665437561536,0.02316471108994371
30005002_10_47,xgboost_direct,7,lags_only,1030,10.267768962921368,19.53930237185047,-1.475247526932925,12.099799799755537,25.781312801473465,0.15141001232691334,0.24211375416329642
30015001_10_47,persistence,1,lags_only,362,5.1245723509415555,12.400782837481744,,,,,
30015001_10_47,sarima,1,lags_only,362,5.4134451667125,11.510671101702085,-1.6699088687304515,5.1245723509415555,12.400782837481744,-0.05637013120087357,0.0717786729632317
30015001_10_47,xgboost_direct,1,lags_only,362,6.5404816000810015,12.40687114785666,-0.21879514724334892,5.1245723509415555,12.400782837481744,-0.27629803077700643,-0.0004909617767446981
30015001_10_47,persistence,2,lags_only,361,6.820007554772097,14.850628733503639,,,,,
30015001_10_47,sarima,2,lags_only,361,6.550876818339129,13.038073358205702,-2.5341813921496295,6.820007554772097,14.850628733503639,0.03946194110073269,0.12205243345749636
30015001_10_47,xgboost_direct,2,lags_only,361,6.535976646556466,12.210690258656655,-0.42322623858095554,6.820007554772097,14.850628733503639,0.04164671460178794,0.17776610823831132
30015001_10_47,persistence,3,lags_only,360,7.357676401698142,15.578654100672672,,,,,
30015001_10_47,sarima,3,lags_only,360,6.999608457732352,13.550682612224557,-3.3331661262475114,7.357676401698142,15.578654100672672,0.0486658999957036,0.13017629606145173
30015001_10_47,xgboost_direct,3,lags_only,360,7.886509407215807,14.459836400648129,0.7539351537642621,7.357676401698142,15.578654100672672,-0.071875001922565,0.07181735294939462
30015001_10_47,persistence,4,lags_only,359,7.839121351580476,15.863344920233171,,,,,
30015001_10_47,sarima,4,lags_only,359,7.458863390250921,13.904244947750989,-4.067115576822827,7.839121351580476,15.863344920233171,0.0485077273683089,0.12349854222632548
30015001_10_47,xgboost_direct,4,lags_only,359,7.361744842808384,13.360831918602907,0.2609002224179214,7.839121351580476,15.863344920233171,0.06089668565672181,0.15775443415079451
30015001_10_47,persistence,5,lags_only,358,8.359571087361347,16.59477707433203,,,,,
30015001_10_47,sarima,5,lags_only,358,7.861532518884114,14.389761666482835,-4.72919901919502,8.359571087361347,16.59477707433203,0.059577048065325634,0.1328740601920951
30015001_10_47,xgboost_direct,5,lags_only,358,7.003032113240575,12.790882368887528,0.1859437089987492,8.359571087361347,16.59477707433203,0.162273753036408,0.2292224046400825
30015001_10_47,persistence,6,lags_only,357,8.763843218446798,16.990697062475956,,,,,
30015001_10_47,sarima,6,lags_only,357,8.271055419204991,14.733262750294596,-5.3671691320444115,8.763843218446798,16.990697062475956,0.05622964571120464,0.13286296047069873
30015001_10_47,xgboost_direct,6,lags_only,357,7.050979606898383,13.072903382458904,0.12696776663177023,8.763843218446798,16.990697062475956,0.19544662870543492,0.23058463496883363
30015001_10_47,persistence,7,lags_only,356,8.980433764859143,17.005069326011846,,,,,
30015001_10_47,sarima,7,lags_only,356,8.55898041609393,14.967414097720773,-5.952792941232346,8.980433764859143,17.005069326011846,0.04693017729437306,0.11982634055917478
30015001_10_47,xgboost_direct,7,lags_only,356,7.995409292438215,14.032090958298143,0.6536925110629394,8.980433764859143,17.005069326011846,0.10968562301248456,0.17482894722258374
30016001_10_47,persistence,1,lags_only,896,5.472333455363164,10.565432139461684,,,,,
30016001_10_47,sarima,1,lags_only,896,5.820181242950428,10.390625966927937,-3.0934779859752015,5.472333455363164,10.565432139461684,-0.06356480108980844,0.016545103903592345
30016001_10_47,xgboost_direct,1,lags_only,896,7.055711213383304,12.349911413720786,-0.9658099827065415,5.472333455363164,10.565432139461684,-0.2893423383160889,-0.16889789747398085
30016001_10_47,persistence,2,lags_only,889,7.137094786182501,14.176380641824158,,,,,
30016001_10_47,sarima,2,lags_only,889,7.900393093657846,13.80805493465308,-5.4875429912292315,7.137094786182501,14.176380641824158,-0.10694804123284168,0.025981646266213906
30016001_10_47,xgboost_direct,2,lags_only,889,7.273837477165485,12.707806792212768,-0.9269109698355992,7.137094786182501,14.176380641824158,-0.019159433225928283,0.10359300351167915
30016001_10_47,persistence,3,lags_only,885,7.875614968330885,15.306758689168998,,,,,
30016001_10_47,sarima,3,lags_only,885,9.278235677535754,15.210741834794181,-7.476912954000151,7.875614968330885,15.306758689168998,-0.17809665846350187,0.00627284040498776
30016001_10_47,xgboost_direct,3,lags_only,885,7.623004420875665,13.52167999009813,-1.1952242273225409,7.875614968330885,15.306758689168998,0.03207502505785366,0.11662029403612288
30016001_10_47,persistence,4,lags_only,882,8.543292024820678,17.245547084666764,,,,,
30016001_10_47,sarima,4,lags_only,882,10.715866255343009,17.63720222387678,-9.318081498948105,8.543292024820678,17.245547084666764,-0.2543017637943768,-0.02271050824234168
30016001_10_47,xgboost_direct,4,lags_only,882,7.873753075148096,15.027468222864105,-1.72275792903197,8.543292024820678,17.245547084666764,0.07837013504014398,0.12861748316322083
30016001_10_47,persistence,5,lags_only,879,8.976513717257225,20.033484012355732,,,,,
30016001_10_47,sarima,5,lags_only,879,12.060711487125335,21.021303796050283,-11.072801293333526,8.976513717257225,20.033484012355732,-0.34358525670592827,-0.049308436969091804
30016001_10_47,xgboost_direct,5,lags_only,879,8.153469529883441,17.980511030936423,-1.8574899020239093,8.976513717257225,20.033484012355732,0.09168862359019095,0.1024770818771777
30016001_10_47,persistence,6,lags_only,877,9.094888296872703,20.145770628322786,,,,,
30016001_10_47,sarima,6,lags_only,877,13.156702706786273,21.75431354018274,-12.278607089862975,9.094888296872703,20.145770628322786,-0.44660410082334195,-0.07984519140700007
30016001_10_47,xgboost_direct,6,lags_only,877,8.171746722903451,17.953783226501034,-1.711316727423956,9.094888296872703,20.145770628322786,0.10150114480094012,0.10880633172404204
30016001_10_47,persistence,7,lags_only,874,8.929206576438519,19.01916925959906,,,,,
30016001_10_47,sarima,7,lags_only,874,13.774653279771092,21.193669289057503,-13.048208462692871,8.929206576438519,19.01916925959906,-0.542651428416747,-0.114332019436704
30016001_10_47,xgboost_direct,7,lags_only,874,8.657330784481175,17.311798199079266,-0.651696827777188,8.929206576438519,19.01916925959906,0.030447922738705804,0.08977106398367404
30016018_10_47,persistence,1,lags_only,221,7.739023274253452,12.876445885562317,,,,,
30016018_10_47,sarima,1,lags_only,221,7.599465425872975,12.065204931958021,-2.2421098493527896,7.739023274253452,12.876445885562317,0.018033005385158285,0.06300193087549862
30016018_10_47,xgboost_direct,1,lags_only,221,8.581439244338872,13.241674754683816,-0.7598171282730215,7.739023274253452,12.876445885562317,-0.10885300899507681,-0.02836410546570233
30016018_10_47,persistence,2,lags_only,219,10.022716894977169,15.395186698296987,,,,,
30016018_10_47,sarima,2,lags_only,219,8.886964064006643,13.77388364375285,-3.122800281961644,10.022716894977169,15.395186698296987,0.11331786010434983,0.10531233471325721
30016018_10_47,xgboost_direct,2,lags_only,219,8.981506945060595,13.678468739193463,-1.036490957673327,10.022716894977169,15.395186698296987,0.10388500052698994,0.11151004484365414
30016018_10_47,persistence,3,lags_only,218,10.656779955518488,16.2500716368642,,,,,
30016018_10_47,sarima,3,lags_only,218,9.58011436234645,14.578161053605928,-4.132741575434568,10.656779955518488,16.2500716368642,0.10103104292910725,0.10288635155708777
30016018_10_47,xgboost_direct,3,lags_only,218,8.506842955084059,13.678908085154553,-0.538929737129935,10.656779955518488,16.2500716368642,0.20174358571803946,0.1582247518144361
30016018_10_47,persistence,4,lags_only,217,11.051703672671415,17.144362611867486,,,,,
30016018_10_47,sarima,4,lags_only,217,10.26027743629994,15.34694456640088,-5.112149003261271,11.051703672671415,17.144362611867486,0.0716112429189093,0.10484017902318607
30016018_10_47,xgboost_direct,4,lags_only,217,8.876183041601365,13.97765749461065,-0.8618264577409365,11.051703672671415,17.144362611867486,0.19684934517830624,0.18470824427528226
30016018_10_47,persistence,5,lags_only,216,11.161516432440344,17.43451964869306,,,,,
30016018_10_47,sarima,5,lags_only,216,10.71643866966376,15.7367425744712,-6.192378605189646,11.161516432440344,17.43451964869306,0.03987610155578771,0.09738020366675991
30016018_10_47,xgboost_direct,5,lags_only,216,9.031931845864806,13.836344431618759,0.21767263758591457,11.161516432440344,17.43451964869306,0.19079706592430537,0.2063822399227402
30016018_10_47,persistence,6,lags_only,214,11.260962068880598,17.1641818019877,,,,,
30016018_10_47,sarima,6,lags_only,214,10.911461647141293,16.057731820026746,-7.127580722613941,11.260962068880598,17.1641818019877,0.031036462035969534,0.0644627279485481
30016018_10_47,xgboost_direct,6,lags_only,214,9.017478805478252,13.419568468770688,-0.5627375291488942,11.260962068880598,17.1641818019877,0.19922660689908187,0.21816439469217028
30016018_10_47,persistence,7,lags_only,213,11.2458620188412,17.55832067526414,,,,,
30016018_10_47,sarima,7,lags_only,213,11.574312049987768,16.68135431862618,-7.833040995880792,11.2458620188412,17.55832067526414,-0.029206301001762816,0.04994591298662271
30016018_10_47,xgboost_direct,7,lags_only,213,9.423476855991272,14.392124903829579,-1.1728404277154112,11.2458620188412,17.55832067526414,0.16204939735137447,0.18032452134759358
30016020_10_47,persistence,1,lags_only,519,6.955192773726324,13.303748011333395,,,,,
30016020_10_47,sarima,1,lags_only,519,6.806144249871097,13.057021082128006,-1.8279180453246646,6.955192773726324,13.303748011333395,0.021429819230642664,0.018545670663274998
30016020_10_47,xgboost_direct,1,lags_only,519,7.619256444702739,14.479318148883674,-2.372776503042307,6.955192773726324,13.303748011333395,-0.09547739258715539,-0.0883638307452018
30016020_10_47,persistence,2,lags_only,517,8.877640755895632,18.089360859701646,,,,,
30016020_10_47,sarima,2,lags_only,517,8.650955648485413,16.802199449390958,-3.650819825534255,8.877640755895632,18.089360859701646,0.02553438617795813,0.07115571524575785
30016020_10_47,xgboost_direct,2,lags_only,517,8.265904244231406,15.52618537210782,-2.7602217293062448,8.877640755895632,18.089360859701646,0.0689075542123027,0.14169519351586982
30016020_10_47,persistence,3,lags_only,514,9.622126037637901,18.979621808625943,,,,,
30016020_10_47,sarima,3,lags_only,514,9.601974152279906,17.62797409478753,-5.2094808010680165,9.622126037637901,18.979621808625943,0.0020943277274865315,0.07121573482692427
30016020_10_47,xgboost_direct,3,lags_only,514,8.75366428754647,15.819055357755694,-2.79739311298148,9.622126037637901,18.979621808625943,0.09025674229316435,0.16652420594776132
30016020_10_47,persistence,4,lags_only,514,10.084634537333848,19.359309154617947,,,,,
30016020_10_47,sarima,4,lags_only,514,10.257791628772233,18.156937973367835,-6.4829872811443385,10.084634537333848,19.359309154617947,-0.017170388356399915,0.062108165722602714
30016020_10_47,xgboost_direct,4,lags_only,514,8.834042839851127,15.630105296814992,-2.5736207284394306,10.084634537333848,19.359309154617947,0.1240096200663459,0.19263104008612797
30016020_10_47,persistence,5,lags_only,515,10.281080807776249,19.45414895680615,,,,,
30016020_10_47,sarima,5,lags_only,515,10.699728351429446,18.424422352697427,-7.369267329898196,10.281080807776249,19.45414895680615,-0.040720188030868,0.05293095094496375
30016020_10_47,xgboost_direct,5,lags_only,515,8.73302675999942,15.832578473870338,-2.514067432824613,10.281080807776249,19.45414895680615,0.15057308435956798,0.18615928617472544
30016020_10_47,persistence,6,lags_only,518,10.032140043114422,19.180514563544357,,,,,
30016020_10_47,sarima,6,lags_only,518,11.218907042379344,18.617945279536535,-8.317330226781921,10.032140043114422,19.180514563544357,-0.1182964944831947,0.029330249829536623
30016020_10_47,xgboost_direct,6,lags_only,518,8.548080510051294,15.760999657045346,-2.2537614153085443,10.032140043114422,19.180514563544357,0.14793050402857116,0.17828066578559612
30016020_10_47,persistence,7,lags_only,516,10.263131059165248,19.831303121562957,,,,,
30016020_10_47,sarima,7,lags_only,516,11.794763910237972,19.044805301207415,-8.936557712312261,10.263131059165248,19.831303121562957,-0.14923641160218204,0.03965941196775759
30016020_10_47,xgboost_direct,7,lags_only,516,8.527732313582728,15.65639002683712,-1.734289353403972,10.263131059165248,19.831303121562957,0.16909057631420998,0.21052136963134685
30016021_10_47,persistence,1,lags_only,399,7.726093890853616,25.0372833547538,,,,,
30016021_10_47,sarima,1,lags_only,399,7.885643548347086,24.334546188862035,-2.7110668359823213,7.726093890853616,25.0372833547538,-0.020650753116312672,0.028067628421768742
30016021_10_47,xgboost_direct,1,lags_only,399,8.84011218712054,26.92241120197795,-2.245766615237875,7.726093890853616,25.0372833547538,-0.1441890704416281,-0.07529282712160638
30016021_10_47,persistence,2,lags_only,397,10.43258853456258,35.00618827675978,,,,,
30016021_10_47,sarima,2,lags_only,397,9.946527937671535,31.199187126488628,-4.739368033418881,10.43258853456258,35.00618827675978,0.04659060359571872,0.10875223318154228
30016021_10_47,xgboost_direct,2,lags_only,397,9.07038812103749,27.221931214823183,-2.2379674185109764,10.43258853456258,35.00618827675978,0.13057166100361342,0.22236802820101606
30016021_10_47,persistence,3,lags_only,396,11.141593387764338,36.495153827934374,,,,,
30016021_10_47,sarima,3,lags_only,396,11.007562540550271,31.716259488153316,-6.479918511126229,11.141593387764338,36.495153827934374,0.012029773709141031,0.13094599798955123
30016021_10_47,xgboost_direct,3,lags_only,396,9.192714806394106,27.120103157745476,-2.456585681225383,11.141593387764338,36.495153827934374,0.17491919813825593,0.25688481036112204
30016021_10_47,persistence,4,lags_only,396,11.556959166766477,36.78748854641079,,,,,
30016021_10_47,sarima,4,lags_only,396,11.848005759439095,31.561121767067654,-7.992248995910327,11.556959166766477,36.78748854641079,-0.025183665397863493,0.14206913779258393
30016021_10_47,xgboost_direct,4,lags_only,396,9.31598339020239,27.424861560410687,-2.5593697372788013,11.556959166766477,36.78748854641079,0.19390704286714974,0.25450573974867274
30016021_10_47,persistence,5,lags_only,395,11.68041560347559,36.91073152443392,,,,,
30016021_10_47,sarima,5,lags_only,395,12.723915410863615,31.55143159777161,-9.344947876301005,11.68041560347559,36.91073152443392,-0.08933755808119745,0.14519625337456657
30016021_10_47,xgboost_direct,5,lags_only,395,9.48906358529381,27.578029003164556,-2.7345862121297015,11.68041560347559,36.91073152443392,0.18760907938324795,0.2528452332376931
30016021_10_47,persistence,6,lags_only,394,12.16902917945734,37.00432429691221,,,,,
30016021_10_47,sarima,6,lags_only,394,13.541002269572871,31.86514448660754,-10.586880857857217,12.16902917945734,37.00432429691221,-0.11274301917457583,0.13888052026215494
30016021_10_47,xgboost_direct,6,lags_only,394,10.182320389155699,27.93220814418149,-1.5718758560353197,12.16902917945734,37.00432429691221,0.16325943187443615,0.24516367546502482
30016021_10_47,persistence,7,lags_only,392,11.861430688876341,35.577667994604155,,,,,
30016021_10_47,sarima,7,lags_only,392,13.514401711158479,29.81890826158252,-11.065317278864262,11.861430688876341,35.577667994604155,-0.1393567998363212,0.1618644519897996
30016021_10_47,xgboost_direct,7,lags_only,392,9.961743534532829,25.711647292135407,-0.6285573676204885,11.861430688876341,35.577667994604155,0.16015666273083232,0.2773093701353632
30024002_10_47,persistence,1,lags_only,902,8.720361371393832,23.711741941026197,,,,,
30024002_10_47,sarima,1,lags_only,902,9.573165074184631,23.761834911161614,-4.606996834129153,8.720361371393832,23.711741941026197,-0.09779453700030442,-0.002112580773694468
30024002_10_47,xgboost_direct,1,lags_only,902,10.887768917298528,28.38794155317398,-1.6828844877838893,8.720361371393832,23.711741941026197,-0.24854561108151252,-0.19721029453584746
30024002_10_47,persistence,2,lags_only,897,12.282658639202912,33.620419121008794,,,,,
30024002_10_47,sarima,2,lags_only,897,13.554361373666309,31.121895176669383,-8.593589445540772,12.282658639202912,33.620419121008794,-0.10353643879709123,0.07431566915767948
30024002_10_47,xgboost_direct,2,lags_only,897,11.123948937369732,28.126857771441625,-1.9179536429998691,12.282658639202912,33.620419121008794,0.09433704345856304,0.16339954983292704
30024002_10_47,persistence,3,lags_only,892,13.40622954379315,35.59366540476677,,,,,
30024002_10_47,sarima,3,lags_only,892,15.763285189092962,32.68523989334479,-11.247215859794732,13.40622954379315,35.59366540476677,-0.17581793878735175,0.08171188548152371
30024002_10_47,xgboost_direct,3,lags_only,892,11.20314894184643,29.15679953277653,-2.0967866895329323,13.40622954379315,35.59366540476677,0.16433260334310087,0.18084301795813923
30024002_10_47,persistence,4,lags_only,889,13.601222981514661,35.67990175959479,,,,,
30024002_10_47,sarima,4,lags_only,889,16.93646091805896,33.036112222803055,-12.971951530545345,13.601222981514661,35.67990175959479,-0.2452160324904017,0.07409744439895456
30024002_10_47,xgboost_direct,4,lags_only,889,11.46414419247596,26.661703974447008,-2.2098851923170155,13.601222981514661,35.67990175959479,0.15712401685813052,0.25275287600035706
30024002_10_47,persistence,5,lags_only,889,13.95245231097948,35.7753758776131,,,,,
30024002_10_47,sarima,5,lags_only,889,17.83425166067922,33.563295657769515,-14.281294854192005,13.95245231097948,35.7753758776131,-0.2782162779115949,0.06183248017885461
30024002_10_47,xgboost_direct,5,lags_only,889,11.19189183238273,28.421275162038835,-2.141977211086948,13.95245231097948,35.7753758776131,0.19785485856306467,0.2055631991326243
30024002_10_47,persistence,6,lags_only,891,13.984437687517838,35.553694816964274,,,,,
30024002_10_47,sarima,6,lags_only,891,18.520261124185236,34.120240346010334,-15.372715280501783,13.984437687517838,35.553694816964274,-0.3243479314664158,0.040318016969363595
30024002_10_47,xgboost_direct,6,lags_only,891,10.975468202027626,26.26190216221328,-2.5712465759705023,13.984437687517838,35.553694816964274,0.21516556852163912,0.2613453454721522
30024002_10_47,persistence,7,lags_only,891,13.967324101688545,35.81408283175712,,,,,
30024002_10_47,sarima,7,lags_only,891,19.04923627052554,34.56124987672239,-16.202296176144674,13.967324101688545,35.81408283175712,-0.3638429331086138,0.034981573056613716
30024002_10_47,xgboost_direct,7,lags_only,891,11.478336346291224,26.62346120821196,-1.9744343204972532,13.967324101688545,35.81408283175712,0.17820075894826706,0.256620326331396
30030007_10_49,persistence,1,lags_only,770,8.512385572429954,21.310958594383994,,,,,
30030007_10_49,sarima,1,lags_only,770,8.94643897346992,21.075422097458276,-2.7577830118809854,8.512385572429954,21.310958594383994,-0.05099080596698827,0.01105236518960664
30030007_10_49,xgboost_direct,1,lags_only,770,10.977188138589888,23.96885166956019,-2.9986543181999146,8.512385572429954,21.310958594383994,-0.28955485453372487,-0.12471954574003176
30030007_10_49,persistence,2,lags_only,763,12.01430102852375,29.93570759802654,,,,,
30030007_10_49,sarima,2,lags_only,763,12.405987899682394,28.91796413397263,-5.561939443984871,12.01430102852375,29.93570759802654,-0.03260171941994133,0.033997641803563065
30030007_10_49,xgboost_direct,2,lags_only,763,10.987872267252346,23.812412084989084,-2.6586933235209003,12.01430102852375,29.93570759802654,0.08543391403582352,0.20454821363371156
30030007_10_49,persistence,3,lags_only,756,13.066005673692967,31.204300675570455,,,,,
30030007_10_49,sarima,3,lags_only,756,14.072259205972419,29.783989146109683,-8.283662695495318,13.066005673692967,31.204300675570455,-0.07701309469851507,0.04551653133417985
30030007_10_49,xgboost_direct,3,lags_only,756,10.924737205464389,23.7533811905586,-3.0756156489283737,13.066005673692967,31.204300675570455,0.16388087696454912,0.23877860819502705
30030007_10_49,persistence,4,lags_only,754,13.445406422042014,31.266734861885787,,,,,
30030007_10_49,sarima,4,lags_only,754,15.661281520959575,29.886690105713726,-10.709985455061487,13.445406422042014,31.266734861885787,-0.16480536395574616,0.04413779572021571
30030007_10_49,xgboost_direct,4,lags_only,754,11.611156921788664,24.270749543938994,-3.3623974414133664,13.445406422042014,31.266734861885787,0.1364220197350326,0.22375170764872265
30030007_10_49,persistence,5,lags_only,753,13.976073948941025,31.536752815026656,,,,,
30030007_10_49,sarima,5,lags_only,753,16.781467191660568,30.312273779615186,-12.622851141301,13.976073948941025,31.536752815026656,-0.20072827698025375,0.03882704863729753
30030007_10_49,xgboost_direct,5,lags_only,753,12.14408585894306,24.755876973601488,-3.075712891157119,13.976073948941025,31.536752815026656,0.13108030886862732,0.21501502964484698
30030007_10_49,persistence,6,lags_only,750,13.782970886056821,28.543500401488735,,,,,
30030007_10_49,sarima,6,lags_only,750,17.523179549747493,27.458306307872288,-13.85778347842599,13.782970886056821,28.543500401488735,-0.2713644753813095,0.03801895627208523
30030007_10_49,xgboost_direct,6,lags_only,750,11.822044568006381,20.544820348866082,-2.3046881505780377,13.782970886056821,28.543500401488735,0.1422716723601411,0.2802277205007928
30030007_10_49,persistence,7,lags_only,747,13.475555069909202,27.5083561393645,,,,,
30030007_10_49,sarima,7,lags_only,747,18.186246315983887,26.756009922456123,-14.889839061075596,13.475555069909202,27.5083561393645,-0.3495730767034315,0.027349733771687285
30030007_10_49,xgboost_direct,7,lags_only,747,11.289147791683638,18.933581540656306,-2.1784401817192762,13.475555069909202,27.5083561393645,0.1622498863225154,0.3117152677268737
31010001_10_49,persistence,1,lags_only,849,4.969276291466418,8.246327567696,,,,,
31010001_10_49,sarima,1,lags_only,849,4.944392527625089,8.144150375211487,-1.1120526660995977,4.969276291466418,8.246327567696,0.005007522701859213,0.012390629846524635
31010001_10_49,xgboost_direct,1,lags_only,849,6.061124472929428,9.44005379298731,0.3221339664201284,4.969276291466418,8.246327567696,-0.21971975744999453,-0.14475852620354185
31010001_10_49,persistence,2,lags_only,843,6.435362306874029,10.594073077718853,,,,,
31010001_10_49,sarima,2,lags_only,843,6.105601358200487,9.774001532859213,-1.7467955984762364,6.435362306874029,10.594073077718853,0.05124201761279278,0.07740852256195883
31010001_10_49,xgboost_direct,2,lags_only,843,6.119532217043354,9.267725664124479,0.3640575711597873,6.435362306874029,10.594073077718853,0.04907728186388447,0.12519711765854347
31010001_10_49,persistence,3,lags_only,840,6.949453141252341,11.214066430790087,,,,,
31010001_10_49,sarima,3,lags_only,840,6.5413085651452745,10.025603046515524,-2.316135582754776,6.949453141252341,11.214066430790087,0.058730459478069895,0.10597969894412598
31010001_10_49,xgboost_direct,3,lags_only,840,6.208604041465848,9.01051830919145,0.25736042301639755,6.949453141252341,11.214066430790087,0.10660538098872431,0.19649857927971856
31010001_10_49,persistence,4,lags_only,836,7.459785987187775,12.1391222150819,,,,,
31010001_10_49,sarima,4,lags_only,836,7.047556606472007,10.87334953975587,-3.1207485294251067,7.459785987187775,12.1391222150819,0.05526021543027836,0.1042721749479882
31010001_10_49,xgboost_direct,4,lags_only,836,6.526012746775193,9.8750975403053,0.15453280505349096,7.459785987187775,12.1391222150819,0.1251742666634596,0.18650645694659276
31010001_10_49,persistence,5,lags_only,835,7.683203829791752,12.22332468119921,,,,,
31010001_10_49,sarima,5,lags_only,835,7.323639769193058,11.111662724350797,-3.7945361714303103,7.683203829791752,12.22332468119921,0.04679871425569617,0.09094595667235031
31010001_10_49,xgboost_direct,5,lags_only,835,6.601803495959811,9.941383304189742,0.0696102073600548,7.683203829791752,12.22332468119921,0.14074861968893668,0.18668745505217088
31010001_10_49,persistence,6,lags_only,834,7.885169622432557,12.314903164158615,,,,,
31010001_10_49,sarima,6,lags_only,834,7.618781320559323,11.336329641807298,-4.44878630497373,7.885169622432557,12.314903164158615,0.03378345864816715,0.07946254301043669
31010001_10_49,xgboost_direct,6,lags_only,834,6.539105010598843,9.877983357521884,0.13908082241008143,7.885169622432557,12.314903164158615,0.170708390090213,0.197883797716669
31010001_10_49,persistence,7,lags_only,835,7.958981220496589,12.360968839870166,,,,,
31010001_10_49,sarima,7,lags_only,835,7.8351810124912165,11.559446254495821,-5.069474930340097,7.958981220496589,12.360968839870166,0.015554780765979473,0.06484302288579863
31010001_10_49,xgboost_direct,7,lags_only,835,6.398261744539332,9.526320521976697,0.1981696010420351,7.958981220496589,12.360968839870166,0.19609538365764329,0.22932250332598064
31107001_10_49,persistence,1,lags_only,775,5.273586471597839,8.007502661790783,,,,,
31107001_10_49,sarima,1,lags_only,775,5.28178323957016,7.8373284694259,-1.2973646386882258,5.273586471597839,8.007502661790783,-0.0015543061664896965,0.021251843371454474
31107001_10_49,xgboost_direct,1,lags_only,775,7.152103751161961,10.082446743899725,0.029656984344481302,5.273586471597839,8.007502661790783,-0.35621247317766125,-0.259124994364336
31107001_10_49,persistence,2,lags_only,769,7.239468349275062,10.779765963503515,,,,,
31107001_10_49,sarima,2,lags_only,769,7.093409016857147,10.299708004556145,-2.511227125078721,7.239468349275062,10.779765963503515,0.020175422471809083,0.044533245023377764
31107001_10_49,xgboost_direct,2,lags_only,769,7.469293105207876,10.666686048346147,-0.45459734260268536,7.239468349275062,10.779765963503515,-0.031746082011095175,0.010490015788860009
31107001_10_49,persistence,3,lags_only,765,8.093381492948055,11.912303178694794,,,,,
31107001_10_49,sarima,3,lags_only,765,7.889376450517849,11.235665593844748,-3.471053608422594,8.093381492948055,11.912303178694794,0.025206403850845254,0.05680157520337582
31107001_10_49,xgboost_direct,3,lags_only,765,7.690267046538325,10.74462222921365,-0.42432090151379986,8.093381492948055,11.912303178694794,0.04980791363424209,0.09802310535292166
31107001_10_49,persistence,4,lags_only,760,8.60075824844425,12.153077975890351,,,,,
31107001_10_49,sarima,4,lags_only,760,8.237115191542395,11.406489802046643,-4.235129123887497,8.60075824844425,12.153077975890351,0.04228034859224569,0.061432023667157644
31107001_10_49,xgboost_direct,4,lags_only,760,7.90973257941074,10.56814409103557,0.18693868697000046,8.60075824844425,12.153077975890351,0.08034473811172489,0.13041419531735263
31107001_10_49,persistence,5,lags_only,754,8.909657354205804,12.714402677807364,,,,,
31107001_10_49,sarima,5,lags_only,754,8.636632213367538,11.841698841941554,-4.989422835963,8.909657354205804,12.714402677807364,0.03064373072769005,0.06863899610392946
31107001_10_49,xgboost_direct,5,lags_only,754,7.812608998647748,10.404229653524636,0.5876041356941154,8.909657354205804,12.714402677807364,0.12313025203378829,0.18169733040743397
31107001_10_49,persistence,6,lags_only,752,9.062846223479958,12.871549839600995,,,,,
31107001_10_49,sarima,6,lags_only,752,8.854483985220082,12.086767408306525,-5.7150883546077855,9.062846223479958,12.871549839600995,0.0229908169157779,0.06097031368203891
31107001_10_49,xgboost_direct,6,lags_only,752,7.597464488617996,10.230292167564011,0.8343776604856974,9.062846223479958,12.871549839600995,0.16169111763867972,0.2052012154675276
31107001_10_49,persistence,7,lags_only,749,9.38740523030171,13.391131998364216,,,,,
31107001_10_49,sarima,7,lags_only,749,9.348143614517857,12.763512027250995,-6.6022713507897155,9.38740523030171,13.391131998364216,0.004182371466943721,0.04686832832279508
31107001_10_49,xgboost_direct,7,lags_only,749,7.63557233870622,10.426321016960173,0.40018279006806257,9.38740523030171,13.391131998364216,0.186615241232021,0.22140107212491122
31149002_10_49,persistence,1,lags_only,516,3.051836450544609,4.978185112259007,,,,,
31149002_10_49,sarima,1,lags_only,516,3.0971137250843412,4.906066151786446,-0.5595626338919999,3.051836450544609,4.978185112259007,-0.014836075023500173,0.014486998543900143
31149002_10_49,xgboost_direct,1,lags_only,516,4.335090733198902,6.347889406687544,1.3982410402016072,3.051836450544609,4.978185112259007,-0.42048592821063274,-0.27514129417477423
31149002_10_49,persistence,2,lags_only,512,4.20838119986153,6.658480883873172,,,,,
31149002_10_49,sarima,2,lags_only,512,3.7949465071698545,5.937976808563915,-0.6751442288211902,4.20838119986153,6.658480883873172,0.0982407897614596,0.10820847695970956
31149002_10_49,xgboost_direct,2,lags_only,512,4.390301594662765,6.471315681069851,1.380776941106752,4.20838119986153,6.658480883873172,-0.04322811697933184,0.028109294907887297
31149002_10_49,persistence,3,lags_only,515,4.675225683809919,7.309224408674794,,,,,
31149002_10_49,sarima,3,lags_only,515,4.119629580150445,6.369892356985259,-0.8784267640919236,4.675225683809919,7.309224408674794,0.11883834946909126,0.12851323193398043
31149002_10_49,xgboost_direct,3,lags_only,515,4.4112389156510226,6.246263532529132,1.347497056694933,4.675225683809919,7.309224408674794,0.05646503206745077,0.14542731440617834
31149002_10_49,persistence,4,lags_only,519,4.810740231084209,7.498271321661772,,,,,
31149002_10_49,sarima,4,lags_only,519,4.286036204729232,6.576365878158125,-1.2572222968671298,4.810740231084209,7.498271321661772,0.10906929103439095,0.12294906438506063
31149002_10_49,xgboost_direct,4,lags_only,519,5.11497555800659,7.525042374316638,1.7712731517237525,4.810740231084209,7.498271321661772,-0.06324085531714829,-0.0035702966065694897
31149002_10_49,persistence,5,lags_only,520,4.830029074980447,7.2630407403632775,,,,,
31149002_10_49,sarima,5,lags_only,520,4.351904466072441,6.476222328380352,-1.5628724226530835,4.830029074980447,7.2630407403632775,0.09899000637174044,0.10833181860185612
31149002_10_49,xgboost_direct,5,lags_only,520,4.964266184266113,7.208114448604774,1.594974343396311,4.830029074980447,7.2630407403632775,-0.02779219487125116,0.007562437513706738
31149002_10_49,persistence,6,lags_only,514,4.853562496298831,7.429740072143148,,,,,
31149002_10_49,sarima,6,lags_only,514,4.309330274512078,6.500459807152926,-1.6311405987904326,4.853562496298831,7.429740072143148,0.11213046544713628,0.12507574369585803
31149002_10_49,xgboost_direct,6,lags_only,514,5.162802305657712,7.456677852834125,1.9054629143529347,4.853562496298831,7.429740072143148,-0.06371398526230936,-0.003625669327514794
31149002_10_49,persistence,7,lags_only,510,5.111565571747964,7.973918623172134,,,,,
31149002_10_49,sarima,7,lags_only,510,4.447373026510919,6.99078365138686,-1.8334537420557135,5.111565571747964,7.973918623172134,0.1299391616744763,0.12329383058014816
31149002_10_49,xgboost_direct,7,lags_only,510,5.297988030828887,8.050000006438475,1.812295053653062,5.111565571747964,7.973918623172134,-0.03647071654744975,-0.009541279120312291
31191001_10_49,persistence,1,lags_only,824,5.7382566507592205,8.35971058884081,,,,,
31191001_10_49,sarima,1,lags_only,824,5.78237071503319,8.131957885308957,-1.4659802796645884,5.7382566507592205,8.35971058884081,-0.007687711958323269,0.027244089506624283
31191001_10_49,xgboost_direct,1,lags_only,824,7.735780833020444,10.360851372358999,-0.4556762941670603,5.7382566507592205,8.35971058884081,-0.34810645529368817,-0.2393791940823246
31191001_10_49,persistence,2,lags_only,816,7.780053298348788,10.836690824527729,,,,,
31191001_10_49,sarima,2,lags_only,816,7.544345144028594,10.362448223664034,-2.6778597530991974,7.780053298348788,10.836690824527729,0.030296470381535774,0.043762677051770824
31191001_10_49,xgboost_direct,2,lags_only,816,8.410807884965271,11.430433941270092,-0.8275642965658043,7.780053298348788,10.836690824527729,-0.08107329891304886,-0.05479007626557797
31191001_10_49,persistence,3,lags_only,810,8.505490675728831,11.883325646632104,,,,,
31191001_10_49,sarima,3,lags_only,810,8.316423950096528,11.395909357446229,-3.8236338694127308,8.505490675728831,11.883325646632104,0.022228785244785665,0.04101682506058523
31191001_10_49,xgboost_direct,3,lags_only,810,8.657707958306613,11.69525627392313,-0.9431304768340557,8.505490675728831,11.883325646632104,-0.017896355234642412,0.015826324911181317
31191001_10_49,persistence,4,lags_only,807,9.387675962763158,13.00932142727302,,,,,
31191001_10_49,sarima,4,lags_only,807,9.055231826657453,12.54985232722426,-4.953139705432893,9.387675962763158,13.00932142727302,0.0354128260737127,0.03531845243561435
31191001_10_49,xgboost_direct,4,lags_only,807,9.144569415407695,12.332370177912757,-0.7829889981972168,9.387675962763158,13.00932142727302,0.025896350525919466,0.05203586160467123
31191001_10_49,persistence,5,lags_only,806,9.829718188891805,13.506547470062456,,,,,
31191001_10_49,sarima,5,lags_only,806,9.583284112207343,13.252272092769372,-6.005330802730342,9.829718188891805,13.506547470062456,0.02507030943806182,0.018826082524545252
31191001_10_49,xgboost_direct,5,lags_only,806,8.953800701981365,12.1574085585174,-0.7618740065281318,9.829718188891805,13.506547470062456,0.08910911483711524,0.09988777032290827
31191001_10_49,persistence,6,lags_only,805,10.261797862031242,13.94379049462816,,,,,
31191001_10_49,sarima,6,lags_only,805,10.109139061479532,13.867761879692793,-6.920868567669416,10.261797862031242,13.94379049462816,0.014876418596837696,0.0054525069753922
31191001_10_49,xgboost_direct,6,lags_only,805,8.916304449478533,12.096137695429778,-0.6946791627065253,10.261797862031242,13.94379049462816,0.13111673321212544,0.1325072117162252
31191001_10_49,persistence,7,lags_only,804,10.409401403719215,14.120464719355716,,,,,
31191001_10_49,sarima,7,lags_only,804,10.252702695658853,14.188391291845619,-7.574274587995577,10.409401403719215,14.120464719355716,0.015053575319362293,-0.004810505450064384
31191001_10_49,xgboost_direct,7,lags_only,804,9.027318674123993,12.108685224406626,-0.2986596154525403,10.409401403719215,14.120464719355716,0.13277254627738846,0.1424726122640589
31201012_10_49,persistence,1,lags_only,704,3.589825962833669,5.38327943497858,,,,,
31201012_10_49,sarima,1,lags_only,704,3.789326787127427,5.483775003722718,-1.1594438840371184,3.589825962833669,5.38327943497858,-0.05557395438086362,-0.018668094413073585
31201012_10_49,xgboost_direct,1,lags_only,704,4.785844673467408,7.015747540420247,-1.4552916871541144,3.589825962833669,5.38327943497858,-0.3331689956606276,-0.3032478854496177
31201012_10_49,persistence,2,lags_only,696,5.143124566533092,7.521850509636978,,,,,
31201012_10_49,sarima,2,lags_only,696,4.9634852133905545,7.1836014376175354,-1.8070059397572453,5.143124566533092,7.521850509636978,0.034928057996392196,0.044968863923322895
31201012_10_49,xgboost_direct,2,lags_only,696,5.3667749185780895,7.659823155295903,-1.4690181963100066,5.143124566533092,7.521850509636978,-0.04348530725861017,-0.018342912489706455
31201012_10_49,persistence,3,lags_only,692,6.027423497813853,8.721534038049027,,,,,
31201012_10_49,sarima,3,lags_only,692,5.773211402584554,8.187692415929398,-2.4132097294047417,6.027423497813853,8.721534038049027,0.042175914023877985,0.06120960140620487
31201012_10_49,xgboost_direct,3,lags_only,692,5.52174520153523,7.860166946771687,-1.7519202700568048,6.027423497813853,8.721534038049027,0.08389626122372722,0.09876325512455654
31201012_10_49,persistence,4,lags_only,691,6.525562988804751,9.45911841213946,,,,,
31201012_10_49,sarima,4,lags_only,691,6.264615524158976,8.888176084437136,-3.094060850321229,6.525562988804751,9.45911841213946,0.039988498324735534,0.06035893651247663
31201012_10_49,xgboost_direct,4,lags_only,691,5.7034308654028845,8.011329159973315,-1.511851809358911,6.525562988804751,9.45911841213946,0.12598638995781902,0.15305752492833902
31201012_10_49,persistence,5,lags_only,689,6.846066782164101,9.765663590346776,,,,,
31201012_10_49,sarima,5,lags_only,689,6.6337235305711495,9.235046217361704,-3.78168936005106,6.846066782164101,9.765663590346776,0.03101682445549092,0.05433500428066963
31201012_10_49,xgboost_direct,5,lags_only,689,5.55263055639601,7.894231036619927,-1.4739446565224466,6.846066782164101,9.765663590346776,0.18893128958920624,0.19163393623109587
31201012_10_49,persistence,6,lags_only,689,6.905254198593215,9.91432526772969,,,,,
31201012_10_49,sarima,6,lags_only,689,6.856395425847559,9.547179109837685,-4.430783399403834,6.905254198593215,9.91432526772969,0.007075593648038303,0.03703188547656749
31201012_10_49,xgboost_direct,6,lags_only,689,5.732489237685023,8.162731336565066,-1.657356388458832,6.905254198593215,9.91432526772969,0.16983660951208945,0.17667303461042555
31201012_10_49,persistence,7,lags_only,689,6.918734109871149,9.935167080427934,,,,,
31201012_10_49,sarima,7,lags_only,689,6.918251547830932,9.585762662921264,-4.788137673270805,6.918734109871149,9.935167080427934,6.974715786930162e-05,0.03516844907369399
31201012_10_49,xgboost_direct,7,lags_only,689,5.800956093681769,8.194237837437333,-1.4728004383525577,6.918734109871149,9.935167080427934,0.1615581692313649,0.17522898496797246
31201014_10_49,persistence,1,lags_only,829,4.49469942931552,6.780023533224001,,,,,
31201014_10_49,sarima,1,lags_only,829,4.478145385323087,6.621594065164187,-0.8814099831621572,4.49469942931552,6.780023533224001,0.0036830146826867883,0.023367097073257268
31201014_10_49,xgboost_direct,1,lags_only,829,5.586169648568681,8.049515683615828,-0.9349117110936328,4.49469942931552,6.780023533224001,-0.2428349740439434,-0.18724008024027688
31201014_10_49,persistence,2,lags_only,824,6.0771745621352515,9.007380705782357,,,,,
31201014_10_49,sarima,2,lags_only,824,5.765060976993824,8.560669593402691,-1.6470823519242337,6.0771745621352515,9.007380705782357,0.05135833798260435,0.049593897157349597
31201014_10_49,xgboost_direct,2,lags_only,824,5.84614157322817,8.622226235077486,-1.0258391377783214,6.0771745621352515,9.007380705782357,0.03801651352037297,0.042759874738903594
31201014_10_49,persistence,3,lags_only,820,6.695214347265542,10.022268793214728,,,,,
31201014_10_49,sarima,3,lags_only,820,6.349512124152598,9.313033522503702,-2.168968961090788,6.695214347265542,10.022268793214728,0.05163422785024576,0.07076593986295725
31201014_10_49,xgboost_direct,3,lags_only,820,5.867963797846255,8.473818209445426,-1.0117879240800252,6.695214347265542,10.022268793214728,0.12355848618306774,0.15450100328756233
31201014_10_49,persistence,4,lags_only,817,7.1605221690129355,10.595124677080902,,,,,
31201014_10_49,sarima,4,lags_only,817,6.662110594798968,9.734811909594189,-2.778198788449497,7.1605221690129355,10.595124677080902,0.06960547882539032,0.0811989281586954
31201014_10_49,xgboost_direct,4,lags_only,817,5.978501043066591,8.615634895200355,-1.0224529490909098,7.1605221690129355,10.595124677080902,0.16507471076083324,0.1868302490260004
31201014_10_49,persistence,5,lags_only,816,7.194336735283532,10.413513235352628,,,,,
31201014_10_49,sarima,5,lags_only,816,6.747355327646916,9.773446247482338,-3.455818887264632,7.194336735283532,10.413513235352628,0.062129620016875726,0.0614650381100337
31201014_10_49,xgboost_direct,5,lags_only,816,6.057406157955316,8.869731141597786,-1.0136561276887717,7.194336735283532,10.413513235352628,0.15803132646715196,0.14824796001736354
31201014_10_49,persistence,6,lags_only,814,7.2980736273720455,10.531603111104314,,,,,
31201014_10_49,sarima,6,lags_only,814,6.909771350807317,9.949460189676582,-3.9135628679386913,7.2980736273720455,10.531603111104314,0.05320613306891946,0.05527581274060087
31201014_10_49,xgboost_direct,6,lags_only,814,6.057627497767632,8.819742753609914,-0.8466478148759135,7.2980736273720455,10.531603111104314,0.16996897988970885,0.1625450882866492
31201014_10_49,persistence,7,lags_only,811,7.290060840038831,10.551254157857615,,,,,
31201014_10_49,sarima,7,lags_only,811,7.0592078546104,10.122855029156232,-4.4668630506319715,7.290060840038831,10.551254157857615,0.0316668119092407,0.04060172585098331
31201014_10_49,xgboost_direct,7,lags_only,811,6.049957430546626,8.654483250317869,-0.9915424166081496,7.290060840038831,10.551254157857615,0.17010878738915977,0.17976734131906053
31201015_10_49,persistence,1,lags_only,91,4.592236773251811,7.073151666971347,,,,,
31201015_10_49,sarima,1,lags_only,91,4.732760834044025,7.108370832784053,-1.0080774437406301,4.592236773251811,7.073151666971347,-0.030600351796039354,-0.004979274794454795
31201015_10_49,xgboost_direct,1,lags_only,91,7.331970288505708,10.143810206032072,1.1183730710619326,4.592236773251811,7.073151666971347,-0.5966011010607939,-0.4341287566898096
31201015_10_49,persistence,2,lags_only,91,7.349159179602135,10.924481369305953,,,,,
31201015_10_49,sarima,2,lags_only,91,6.714993689210672,10.013669138342113,-1.8314579864564504,7.349159179602135,10.924481369305953,0.08629089054862396,0.0833734984914625
31201015_10_49,xgboost_direct,2,lags_only,91,8.932790369616043,11.604019821150644,3.42002177428461,7.349159179602135,10.924481369305953,-0.21548467672456129,-0.06220326886674553
31201015_10_49,persistence,3,lags_only,89,8.341964584152123,12.359532611954386,,,,,
31201015_10_49,sarima,3,lags_only,89,8.003419530223654,11.274160086751415,-3.032480068554843,8.341964584152123,12.359532611954386,0.040583372239631536,0.0878166318484549
31201015_10_49,xgboost_direct,3,lags_only,89,8.054137711397614,9.893693981091866,2.1775729108211106,8.341964584152123,12.359532611954386,0.034503487739724586,0.19950905169969868
31201015_10_49,persistence,4,lags_only,86,8.667812035143472,12.81662687016121,,,,,
31201015_10_49,sarima,4,lags_only,86,8.530511389312926,12.039029799837603,-4.186130946764829,8.667812035143472,12.81662687016121,0.0158402887918962,0.0606709611039668
31201015_10_49,xgboost_direct,4,lags_only,86,9.585685815514887,11.434207051795001,3.080903388484344,8.667812035143472,12.81662687016121,-0.10589451832249185,0.1078614390799395
31201015_10_49,persistence,5,lags_only,85,8.479203219045056,12.63524042299561,,,,,
31201015_10_49,sarima,5,lags_only,85,8.626920783370437,11.873834307879893,-4.2647041795983,8.479203219045056,12.63524042299561,-0.017421160987578906,0.06026051658898312
31201015_10_49,xgboost_direct,5,lags_only,85,8.905841738906,10.992144547403619,2.4755497333403453,8.479203219045056,12.63524042299561,-0.0503158738904471,0.13004072899171945
31201015_10_49,persistence,6,lags_only,85,9.315807293168984,13.099479448223743,,,,,
31201015_10_49,sarima,6,lags_only,85,9.209250702649456,12.374506419620648,-4.812986781280947,9.315807293168984,13.099479448223743,0.01143825619897298,0.055343651743459156
31201015_10_49,xgboost_direct,6,lags_only,85,10.175386102396407,12.070667102798508,3.476594144870571,9.315807293168984,13.099479448223743,-0.0922709951136203,0.07853841440735569
31201015_10_49,persistence,7,lags_only,85,10.008284746392839,14.212285506122175,,,,,
31201015_10_49,sarima,7,lags_only,85,9.827149135643316,13.461808525393439,-5.46446851585902,10.008284746392839,14.212285506122175,0.018098566871292073,0.05280480612393103
31201015_10_49,xgboost_direct,7,lags_only,85,11.613008081390323,14.237434344552511,4.46014345146853,10.008284746392839,14.212285506122175,-0.16033949629339375,-0.0017695140179602475
31216001_10_49,persistence,1,lags_only,772,3.77193508882797,5.625867644423262,,,,,
31216001_10_49,sarima,1,lags_only,772,3.7313951691650122,5.468185716772372,-0.7821551368611508,3.77193508882797,5.625867644423262,0.010747777654772523,0.02802801943042413
31216001_10_49,xgboost_direct,1,lags_only,772,4.520685463212164,6.721324236116356,-0.8671889892503448,3.77193508882797,5.625867644423262,-0.1985056361658781,-0.1947178037113945
31216001_10_49,persistence,2,lags_only,762,4.968199616928648,7.249071680538294,,,,,
31216001_10_49,sarima,2,lags_only,762,4.6953973702931515,6.848859863656467,-1.2312992515128718,4.968199616928648,7.249071680538294,0.054909679092995746,0.05520869906091316
31216001_10_49,xgboost_direct,2,lags_only,762,4.870073691144914,7.201714301422516,-1.0173443622660412,4.968199616928648,7.249071680538294,0.019750801769192066,0.006532888789459609
31216001_10_49,persistence,3,lags_only,761,5.481923845007317,8.092721496940218,,,,,
31216001_10_49,sarima,3,lags_only,761,5.179576452630261,7.505027446368981,-1.5086413697649625,5.481923845007317,8.092721496940218,0.05515351926174959,0.07262007605147891
31216001_10_49,xgboost_direct,3,lags_only,761,5.015075955564556,7.312389739982627,-0.8876420741499648,5.481923845007317,8.092721496940218,0.08516132340436365,0.09642389859241138
31216001_10_49,persistence,4,lags_only,763,5.833640340133587,8.519365018566221,,,,,
31216001_10_49,sarima,4,lags_only,763,5.470628961777454,7.78415762065998,-1.7466248881105402,5.833640340133587,8.519365018566221,0.06222724700025311,0.08629837978581813
31216001_10_49,xgboost_direct,4,lags_only,763,5.182962618333568,7.540232188216438,-0.8615070848655645,5.833640340133587,8.519365018566221,0.11153888204652648,0.11493025926415441
31216001_10_49,persistence,5,lags_only,766,6.091364253107924,8.809448859982663,,,,,
31216001_10_49,sarima,5,lags_only,766,5.616625253719249,8.149884362207318,-2.106501208661832,6.091364253107924,8.809448859982663,0.07793639973942698,0.07487012051019978
31216001_10_49,xgboost_direct,5,lags_only,766,5.416636176601613,7.90893185498858,-0.9053986303856754,6.091364253107924,8.809448859982663,0.11076797388401999,0.10222171889602802
31216001_10_49,persistence,6,lags_only,765,6.297389755183986,9.07934533780493,,,,,
31216001_10_49,sarima,6,lags_only,765,5.879324740902369,8.36088006338558,-2.4479820659644083,6.297389755183986,9.07934533780493,0.06638703185513771,0.07913183689883209
31216001_10_49,xgboost_direct,6,lags_only,765,5.198106300377976,7.667433271635141,-1.0419022001816558,6.297389755183986,9.07934533780493,0.17456176249867408,0.1555081356241419
31216001_10_49,persistence,7,lags_only,762,6.247808911896553,8.759748075814597,,,,,
31216001_10_49,sarima,7,lags_only,762,5.802735968319652,8.07701027293513,-2.687994262011664,6.247808911896553,8.759748075814597,0.07123664469465932,0.07794034679655754
31216001_10_49,xgboost_direct,7,lags_only,762,4.977188867945761,7.119719728482434,-1.0788859803950825,6.247808911896553,8.759748075814597,0.2033705034626433,0.18722323212242054
31232002_10_49,persistence,1,lags_only,818,4.734816930469593,7.399916234110997,,,,,
31232002_10_49,sarima,1,lags_only,818,4.737086741683544,7.149008222881055,-1.2267048061775054,4.734816930469593,7.399916234110997,-0.00047938732315996755,0.03390687182016264
31232002_10_49,xgboost_direct,1,lags_only,818,6.360656341749551,9.044066427198018,0.18825001668327934,4.734816930469593,7.399916234110997,-0.3433795720415972,-0.2221849735957915
31232002_10_49,persistence,2,lags_only,813,6.408179842142959,9.582648070165124,,,,,
31232002_10_49,sarima,2,lags_only,813,6.297809553780836,9.054478394771614,-2.314360958211436,6.408179842142959,9.582648070165124,0.01722334439434431,0.055117298634594324
31232002_10_49,xgboost_direct,2,lags_only,813,6.8302446287173675,9.33826245435654,0.7424259927315108,6.408179842142959,9.582648070165124,-0.06586344281393722,0.025502931342064074
31232002_10_49,persistence,3,lags_only,808,7.137172681390401,10.451965212911537,,,,,
31232002_10_49,sarima,3,lags_only,808,6.943885257239646,9.841437649885812,-3.287382794477611,7.137172681390401,10.451965212911537,0.027081791737326964,0.0584127052271019
31232002_10_49,xgboost_direct,3,lags_only,808,6.836363398071352,9.341718150517915,0.7748990637708529,7.137172681390401,10.451965212911537,0.04214684115789774,0.1062237617306753
31232002_10_49,persistence,4,lags_only,806,7.853385458627394,11.437419411018178,,,,,
31232002_10_49,sarima,4,lags_only,806,7.677898938072232,10.860333892716913,-4.379055107318115,7.853385458627394,11.437419411018178,0.02234533393014345,0.050455919955626795
31232002_10_49,xgboost_direct,4,lags_only,806,7.187926303546309,9.977612433884584,0.795933353933469,7.853385458627394,11.437419411018178,0.08473532320383435,0.12763429622308828
31232002_10_49,persistence,5,lags_only,804,8.389313820836414,12.314621629815296,,,,,
31232002_10_49,sarima,5,lags_only,804,8.1948297290213,11.78233065651899,-5.297024598944028,8.389313820836414,12.314621629815296,0.023182359841167906,0.043224305975228666
31232002_10_49,xgboost_direct,5,lags_only,804,7.2299419814651396,10.19529122566467,0.6403453888425827,8.389313820836414,12.314621629815296,0.13819626540751873,0.1720987024903349
31232002_10_49,persistence,6,lags_only,802,8.614091127677584,12.544023530138693,,,,,
31232002_10_49,sarima,6,lags_only,802,8.536666410623296,12.224009486813882,-6.08734214950511,8.614091127677584,12.544023530138693,0.008988146968345663,0.025511275752627086
31232002_10_49,xgboost_direct,6,lags_only,802,7.2701534616248225,10.497402060377937,0.7754629065735952,8.614091127677584,12.544023530138693,0.15601618860689906,0.1631551044880835
31232002_10_49,persistence,7,lags_only,800,8.592562907185618,12.675430348782983,,,,,
31232002_10_49,sarima,7,lags_only,800,8.855097727743772,12.61277607239497,-6.889515731903125,8.592562907185618,12.675430348782983,-0.030553726914074267,0.004942970350038553
31232002_10_49,xgboost_direct,7,lags_only,800,7.707109950874926,11.096495801886483,1.0005622389787292,8.592562907185618,12.675430348782983,0.1030487604077036,0.12456654357681035
31232003_10_49,persistence,1,lags_only,653,5.259781122893812,7.53538130850124,,,,,
31232003_10_49,sarima,1,lags_only,653,5.3177037458245495,7.43881636762431,-1.304662405056022,5.259781122893812,7.53538130850124,-0.011012363742404167,0.012814871195434759
31232003_10_49,xgboost_direct,1,lags_only,653,7.097728415404852,9.219518417412186,1.8994558039854148,5.259781122893812,7.53538130850124,-0.34943417788074105,-0.2234972644331803
31232003_10_49,persistence,2,lags_only,643,7.418889656939453,10.519366981503884,,,,,
31232003_10_49,sarima,2,lags_only,643,7.419637608305734,10.297221614276744,-2.673335368533952,7.418889656939453,10.519366981503884,-0.00010081715740048229,0.021117750489904656
31232003_10_49,xgboost_direct,2,lags_only,643,7.726114148577171,9.950809571292194,1.91346813657158,7.418889656939453,10.519366981503884,-0.04141111484928844,0.05404863345973007
31232003_10_49,persistence,3,lags_only,645,8.264694634191466,11.447321914400439,,,,,
31232003_10_49,sarima,3,lags_only,645,8.259677605904425,11.29049255648316,-3.9671603619208136,8.264694634191466,11.447321914400439,0.0006070433947172174,0.013700091522715965
31232003_10_49,xgboost_direct,3,lags_only,645,8.310881856766006,10.545389526746117,2.1874325738596436,8.264694634191466,11.447321914400439,-0.0055884971700540485,0.07878981602847332
31232003_10_49,persistence,4,lags_only,648,8.898829564477078,12.096096538192787,,,,,
31232003_10_49,sarima,4,lags_only,648,8.974857374082312,12.059973290418933,-5.151501336284328,8.898829564477078,12.096096538192787,-0.008543574079531421,0.002986355776824153
31232003_10_49,xgboost_direct,4,lags_only,648,8.481943225534982,10.69155871044263,2.176346473388505,8.898829564477078,12.096096538192787,0.046847322551973505,0.11611496513072656
31232003_10_49,persistence,5,lags_only,650,9.410138392753954,12.803038804876138,,,,,
31232003_10_49,sarima,5,lags_only,650,9.49455186403832,12.843436887595422,-6.154821544402297,9.410138392753954,12.803038804876138,-0.00897048138520113,-0.0031553511111672683
31232003_10_49,xgboost_direct,5,lags_only,650,8.906892018345708,11.328142885585834,2.5936421197709114,9.410138392753954,12.803038804876138,0.05347916825492791,0.11519889471307224
31232003_10_49,persistence,6,lags_only,647,9.842650010633204,13.224014930079344,,,,,
31232003_10_49,sarima,6,lags_only,647,9.98889716666355,13.423100089240005,-7.088893021355227,9.842650010633204,13.224014930079344,-0.014858514309901608,-0.015054819600046173
31232003_10_49,xgboost_direct,6,lags_only,647,8.939708253406828,11.386982805326731,2.369542797252638,9.842650010633204,13.224014930079344,0.09173766782837048,0.1389163680217949
31232003_10_49,persistence,7,lags_only,646,9.751308832267611,13.140308600357457,,,,,
31232003_10_49,sarima,7,lags_only,646,10.214671607033456,13.563730092993636,-7.765440042413297,9.751308832267611,13.140308600357457,-0.04751800837571176,-0.03222310110925857
31232003_10_49,xgboost_direct,7,lags_only,646,8.778613430795977,11.187217812820686,2.077250426247507,9.751308832267611,13.140308600357457,0.09975024052698778,0.14863355549226911
32032001_10_49,persistence,1,lags_only,898,4.574014890567615,12.430776383563014,,,,,
32032001_10_49,sarima,1,lags_only,898,4.98287758195576,12.279679571704516,-1.8879904851565588,4.574014890567615,12.430776383563014,-0.08938814174638748,0.012155058316252087
32032001_10_49,xgboost_direct,1,lags_only,898,6.554471400690769,13.867001028583907,1.0185348807343206,4.574014890567615,12.430776383563014,-0.432979900045185,-0.11553780718958039
32032001_10_49,persistence,2,lags_only,895,6.350243174852951,17.34076003103539,,,,,
32032001_10_49,sarima,2,lags_only,895,6.526349449309686,15.223079943614271,-3.320308094078465,6.350243174852951,17.34076003103539,-0.027732209556024356,0.12212152660154629
32032001_10_49,xgboost_direct,2,lags_only,895,6.966857321479018,14.330430897212423,1.2320856758099492,6.350243174852951,17.34076003103539,-0.09710087151746684,0.17359845407209784
32032001_10_49,persistence,3,lags_only,894,6.905476862274218,17.58573267993127,,,,,
32032001_10_49,sarima,3,lags_only,894,7.481985400732643,15.62376239655624,-4.482912334211456,6.905476862274218,17.58573267993127,-0.08348569547861177,0.11156602452020767
32032001_10_49,xgboost_direct,3,lags_only,894,7.4858246343361206,15.13942189293848,1.7947201201591294,6.905476862274218,17.58573267993127,-0.0840416648461223,0.139107697786428
32032001_10_49,persistence,4,lags_only,892,7.387844214152218,18.12303417643602,,,,,
32032001_10_49,sarima,4,lags_only,892,8.31991084130156,16.17625956110808,-5.407989078903933,7.387844214152218,18.12303417643602,-0.12616219293902642,0.10741990531912035
32032001_10_49,xgboost_direct,4,lags_only,892,7.53449700722103,14.728637650436761,1.791535462827694,7.387844214152218,18.12303417643602,-0.019850552991883964,0.18729736383837584
32032001_10_49,persistence,5,lags_only,890,7.880190540320988,18.86831197086298,,,,,
32032001_10_49,sarima,5,lags_only,890,8.921632532471424,16.86921363517106,-6.218670041489632,7.880190540320988,18.86831197086298,-0.13215949371041663,0.10595003616534363
32032001_10_49,xgboost_direct,5,lags_only,890,7.897004955157397,15.091831506988793,1.8838400484393474,7.880190540320988,18.86831197086298,-0.002133757394618021,0.20014935462726832
32032001_10_49,persistence,6,lags_only,892,8.14013117487039,19.390839778559226,,,,,
32032001_10_49,sarima,6,lags_only,892,9.408855970493457,17.389871068692273,-6.904432226829923,8.14013117487039,19.390839778559226,-0.15586048533711347,0.10319144156301356
32032001_10_49,xgboost_direct,6,lags_only,892,8.197029142170383,16.070684820069772,2.038829424559762,8.14013117487039,19.390839778559226,-0.006989809632999956,0.1712228555547452
32032001_10_49,persistence,7,lags_only,893,8.216599200097289,19.238489532824016,,,,,
32032001_10_49,sarima,7,lags_only,893,9.538163905023865,17.115201883105964,-7.273954844964832,8.216599200097289,19.238489532824016,-0.16084083849567934,0.11036665046366424
32032001_10_49,xgboost_direct,7,lags_only,893,8.149567680897725,15.926284774095928,1.9654223797164123,8.216599200097289,19.238489532824016,0.008158061208433985,0.1721655306190709
32039001_10_49,persistence,1,lags_only,891,4.795485276050097,20.176739329311992,,,,,
32039001_10_49,sarima,1,lags_only,891,5.890740997150749,20.818648317002683,-2.8111295860536667,4.795485276050097,20.176739329311992,-0.2283930943486876,-0.03181430741676631
32039001_10_49,xgboost_direct,1,lags_only,891,6.79168363420781,22.12739020255736,1.1585446564446198,4.795485276050097,20.176739329311992,-0.41626618438956486,-0.09667820163645263
32039001_10_49,persistence,2,lags_only,888,6.644677808566538,26.421833350894616,,,,,
32039001_10_49,sarima,2,lags_only,888,8.719364679754698,25.366898217844202,-5.022752165813242,6.644677808566538,26.421833350894616,-0.3122328773433386,0.03992664396298203
32039001_10_49,xgboost_direct,2,lags_only,888,7.8198878416088,22.98537084097005,2.0971981084191924,6.644677808566538,26.421833350894616,-0.17686486341401575,0.13006147091637046
32039001_10_49,persistence,3,lags_only,886,7.218194876237606,26.68820672064962,,,,,
32039001_10_49,sarima,3,lags_only,886,9.91515923760171,25.436897701640227,-6.514318950502744,7.218194876237606,26.68820672064962,-0.3736341852230323,0.04688621577714367
32039001_10_49,xgboost_direct,3,lags_only,886,8.282908739637168,21.584281055509205,2.5977810630085307,7.218194876237606,26.68820672064962,-0.14750417267128865,0.19124273573583067
32039001_10_49,persistence,4,lags_only,886,7.573702489493719,27.10924187491213,,,,,
32039001_10_49,sarima,4,lags_only,886,10.768025119731105,25.614488014260527,-7.599004676573221,7.573702489493719,27.10924187491213,-0.4217649999677921,0.05513816533670393
32039001_10_49,xgboost_direct,4,lags_only,886,8.976657707991297,24.898662015844796,3.0622408420910636,7.573702489493719,27.10924187491213,-0.18524033924540406,0.08154340387929049
32039001_10_49,persistence,5,lags_only,885,7.908970957163721,27.482128650005794,,,,,
32039001_10_49,sarima,5,lags_only,885,11.157466539576376,24.647422277414147,-8.624713881861092,7.908970957163721,27.482128650005794,-0.41073555586523686,0.10314726376157363
32039001_10_49,xgboost_direct,5,lags_only,885,8.985026685182234,24.067842152899175,2.9230718240842153,7.908970957163721,27.482128650005794,-0.136055086539906,0.1242366099289001
32039001_10_49,persistence,6,lags_only,887,8.096203653459238,27.70807471041451,,,,,
32039001_10_49,sarima,6,lags_only,887,11.432693763402847,24.452848146096173,-9.301203223550283,8.096203653459238,27.70807471041451,-0.41210550682208175,0.11748295752554798
32039001_10_49,xgboost_direct,6,lags_only,887,10.519930021505674,28.782672534564913,4.5826655377266245,8.096203653459238,27.70807471041451,-0.2993657857174651,-0.03878283985377366
32039001_10_49,persistence,7,lags_only,888,8.082588459640805,27.668981181011613,,,,,
32039001_10_49,sarima,7,lags_only,888,11.651459686354645,24.42579215262569,-9.728702674814317,8.082588459640805,27.668981181011613,-0.4415505310624764,0.11721389404144836
32039001_10_49,xgboost_direct,7,lags_only,888,9.661630853854284,26.928038261332993,3.9284484384628513,8.082588459640805,27.668981181011613,-0.19536345344046535,0.026778829145581502
32054004_10_49,persistence,1,lags_only,868,5.47287234884682,8.9623337658756,,,,,
32054004_10_49,sarima,1,lags_only,868,5.373740576887869,8.711032243334794,-1.0448876236199904,5.47287234884682,8.9623337658756,0.018113298765288898,0.028039741556785822
32054004_10_49,xgboost_direct,1,lags_only,868,6.8939483392178955,10.544448610466883,1.7784828988056918,5.47287234884682,8.9623337658756,-0.2596581648155029,-0.1765293377730743
32054004_10_49,persistence,2,lags_only,862,7.1244828341231115,11.493198313873274,,,,,
32054004_10_49,sarima,2,lags_only,862,6.6782314831290694,10.436564853753584,-1.5072086794423674,7.1244828341231115,11.493198313873274,0.06263631499772812,0.09193554581271278
32054004_10_49,xgboost_direct,2,lags_only,862,7.430961545799239,10.80563917214061,2.1073939074268284,7.1244828341231115,11.493198313873274,-0.04301767844933672,0.05982313390544393
32054004_10_49,persistence,3,lags_only,859,7.654391354145932,12.104487811687996,,,,,
32054004_10_49,sarima,3,lags_only,859,7.248289602939394,10.94723744844546,-2.0439556741307534,7.654391354145932,12.104487811687996,0.05305474105221653,0.09560506658737797
32054004_10_49,xgboost_direct,3,lags_only,859,7.70401175108665,11.158577759584375,2.326690724751714,7.654391354145932,12.104487811687996,-0.006482605166750728,0.07814540084796132
32054004_10_49,persistence,4,lags_only,858,8.019320010441291,12.71145521367919,,,,,
32054004_10_49,sarima,4,lags_only,858,7.57572519195846,11.458523919642992,-2.6946652882564996,8.019320010441291,12.71145521367919,0.05531576466648829,0.09856710132510085
32054004_10_49,xgboost_direct,4,lags_only,858,7.812774468773108,10.981442873152968,2.1831533772288476,8.019320010441291,12.71145521367919,0.02575599195433736,0.1360986851186403
32054004_10_49,persistence,5,lags_only,856,8.414521041432726,12.994353981676085,,,,,
32054004_10_49,sarima,5,lags_only,856,7.954412349319421,11.710809291262079,-3.2668855308208435,8.414521041432726,12.994353981676085,0.05468031868335115,0.09877710675143907
32054004_10_49,xgboost_direct,5,lags_only,856,7.917841936554697,11.26733521332334,2.4242017508384106,8.414521041432726,12.994353981676085,0.0590264261545492,0.1329053195555616
32054004_10_49,persistence,6,lags_only,855,8.482580065367712,13.192036840005791,,,,,
32054004_10_49,sarima,6,lags_only,855,8.06243862502179,12.00429539135283,-3.886117794542343,8.482580065367712,13.192036840005791,0.049529911549111884,0.09003472799977714
32054004_10_49,xgboost_direct,6,lags_only,855,7.8649728940977965,11.216829322327982,2.254902907297191,8.482580065367712,13.192036840005791,0.07280888202770444,0.1497272590755547
32054004_10_49,persistence,7,lags_only,855,8.458660407925253,13.61939789131929,,,,,
32054004_10_49,sarima,7,lags_only,855,8.344288593000389,12.613159897490686,-4.460615737782276,8.458660407925253,13.61939789131929,0.013521268074280928,0.07388270772748025
32054004_10_49,xgboost_direct,7,lags_only,855,8.15125118356098,11.990462198742259,2.309110404983623,8.458660407925253,13.61939789131929,0.03634254238132659,0.11960409010557502
33004020_10_49,persistence,1,lags_only,969,4.477981993664136,6.081084096592903,,,,,
33004020_10_49,sarima,1,lags_only,969,4.371053968623958,5.88045908278227,-0.45426221886717055,4.477981993664136,6.081084096592903,0.02387861880451273,0.032991652577710424
33004020_10_49,xgboost_direct,1,lags_only,969,5.300222306324428,7.304450192083427,-1.217309201969479,4.477981993664136,6.081084096592903,-0.18361849463076763,-0.20117565816528477
33004020_10_49,persistence,2,lags_only,966,5.608100867001368,7.60528225638607,,,,,
33004020_10_49,sarima,2,lags_only,966,5.1122540682490865,6.936537067249809,-0.7471316299905828,5.608100867001368,7.60528225638607,0.08841616984278833,0.08793167256543609
33004020_10_49,xgboost_direct,2,lags_only,966,5.616812167904798,7.73076781589492,-1.3923859605831914,5.608100867001368,7.60528225638607,-0.001553342407710293,-0.016499789919497253
33004020_10_49,persistence,3,lags_only,962,6.0091933910297755,8.248281497407373,,,,,
33004020_10_49,sarima,3,lags_only,962,5.41829427830421,7.435836961244424,-1.0531182328925242,6.0091933910297755,8.248281497407373,0.09833251724060503,0.09849864319232063
33004020_10_49,xgboost_direct,3,lags_only,962,5.662329707944644,7.8148119406949315,-1.3909438572767738,6.0091933910297755,8.248281497407373,0.05772217010071806,0.052552711355533965
33004020_10_49,persistence,4,lags_only,958,6.294976583238982,8.63340573365658,,,,,
33004020_10_49,sarima,4,lags_only,958,5.64693738107923,7.7345134240075435,-1.2958453966783625,6.294976583238982,8.63340573365658,0.10294545080361736,0.10411792719816047
33004020_10_49,xgboost_direct,4,lags_only,958,5.7271108053790645,7.9125328696252275,-1.428911791622996,6.294976583238982,8.63340573365658,0.090209355086708,0.08349808711307208
33004020_10_49,persistence,5,lags_only,955,6.579475765460946,9.037153567656143,,,,,
33004020_10_49,sarima,5,lags_only,955,5.841410739831819,8.005247710025941,-1.5073520200307489,6.579475765460946,9.037153567656143,0.11217687425852531,0.11418483152962892
33004020_10_49,xgboost_direct,5,lags_only,955,5.766407424045968,7.992695501074605,-1.6821862064070354,6.579475765460946,9.037153567656143,0.12357646268463997,0.11557378756068054
33004020_10_49,persistence,6,lags_only,954,6.743954236261707,9.224050271098909,,,,,
33004020_10_49,sarima,6,lags_only,954,5.972687265046929,8.137918330197765,-1.7176640525603324,6.743954236261707,9.224050271098909,0.11436420595319827,0.1177500023286134
33004020_10_49,xgboost_direct,6,lags_only,954,5.726958006141454,7.996611718453265,-1.9108880710960452,6.743954236261707,9.224050271098909,0.15080117605958007,0.1330693693736139
33004020_10_49,persistence,7,lags_only,953,6.823105552779641,9.289505413124177,,,,,
33004020_10_49,sarima,7,lags_only,953,6.034835000994682,8.233328904908214,-1.9359754282375425,6.823105552779641,9.289505413124177,0.11552958483308647,0.11369566637248528
33004020_10_49,xgboost_direct,7,lags_only,953,5.783872368477998,8.04493374839524,-1.8545828887532185,6.823105552779641,9.289505413124177,0.1523108760758176,0.1339760955379402
33004021_10_49,persistence,1,lags_only,965,4.548670781823933,6.354582558264712,,,,,
33004021_10_49,sarima,1,lags_only,965,4.5192555391476,6.285899208896066,-0.9505308053201089,4.548670781823933,6.354582558264712,0.006466777677970019,0.010808475417369017
33004021_10_49,xgboost_direct,1,lags_only,965,5.629530105638954,7.729213190699316,0.2911951286625884,4.548670781823933,6.354582558264712,-0.2376209173312861,-0.21632115403816274
33004021_10_49,persistence,2,lags_only,962,5.877866056813426,8.12837128778955,,,,,
33004021_10_49,sarima,2,lags_only,962,5.557533750872082,7.696422639845363,-1.4832194318116185,5.877866056813426,8.12837128778955,0.054498061515033225,0.05314086089953362
33004021_10_49,xgboost_direct,2,lags_only,962,5.868205164851852,7.979630616379859,0.25548007395692207,5.877866056813426,8.12837128778955,0.0016436053268644281,0.018298951431159283
33004021_10_49,persistence,3,lags_only,959,6.490600352427544,9.08357700653075,,,,,
33004021_10_49,sarima,3,lags_only,959,6.092148126704096,8.439827402101988,-1.9180569227244735,6.490600352427544,9.08357700653075,0.061389117198445746,0.07086961490676297
33004021_10_49,xgboost_direct,3,lags_only,959,6.105554478146707,8.397368710153112,0.23401727720204604,6.490600352427544,9.08357700653075,0.05932361466945446,0.07554384092128903
33004021_10_49,persistence,4,lags_only,956,6.862303105093371,9.632172694007311,,,,,
33004021_10_49,sarima,4,lags_only,956,6.4565242642540595,8.889881429421528,-2.436991618827029,6.862303105093371,9.632172694007311,0.059131582301885297,0.07706374129355067
33004021_10_49,xgboost_direct,4,lags_only,956,6.250559023139511,8.767031045404156,0.28884042747785305,6.862303105093371,9.632172694007311,0.08914559333583048,0.08981791295554797
33004021_10_49,persistence,5,lags_only,952,7.189719396617256,10.045514254141445,,,,,
33004021_10_49,sarima,5,lags_only,952,6.770777755088023,9.287807149209444,-3.002795996831289,7.189719396617256,10.045514254141445,0.058269539938699634,0.07542740827027569
33004021_10_49,xgboost_direct,5,lags_only,952,6.335625333631505,8.875541217366003,0.46042871318765655,7.189719396617256,10.045514254141445,0.11879379651278182,0.1164672118496173
33004021_10_49,persistence,6,lags_only,952,7.42346733905406,10.317374666596885,,,,,
33004021_10_49,sarima,6,lags_only,952,7.033154089528439,9.601077348614968,-3.508410722540659,7.42346733905406,10.317374666596885,0.052578294171542396,0.06942631639626042
33004021_10_49,xgboost_direct,6,lags_only,952,6.258653099044582,8.489860986779085,0.10529813142439885,7.42346733905406,10.317374666596885,0.15690972786820465,0.17712971941733244
33004021_10_49,persistence,7,lags_only,952,7.475624050240719,10.37828548905314,,,,,
33004021_10_49,sarima,7,lags_only,952,7.153688948329215,9.771517440847134,-3.9025498989874965,7.475624050240719,10.37828548905314,0.04306464580721358,0.058465152923959846
33004021_10_49,xgboost_direct,7,lags_only,952,6.144063975550092,8.408551970793244,-0.10914064990918923,7.475624050240719,10.37828548905314,0.17812025668248388,0.1897937304131343
33004048_10_49,persistence,1,lags_only,900,16.860279058978143,24.003039685865577,,,,,
33004048_10_49,sarima,1,lags_only,900,15.433385852570266,21.8572020301933,-1.7669265876280353,16.860279058978143,24.003039685865577,0.08463046201172174,0.08939857966971887
33004048_10_49,xgboost_direct,1,lags_only,900,16.146616801075616,23.071056205394097,-0.5805668695719712,16.860279058978143,24.003039685865577,0.04232802170154474,0.03882772734906103
33004048_10_49,persistence,2,lags_only,895,20.82885740943876,28.497106822613368,,,,,
33004048_10_49,sarima,2,lags_only,895,16.628168551050127,23.434674137226576,-2.4351673689448416,20.82885740943876,28.497106822613368,0.20167639423586717,0.17764725089108307
33004048_10_49,xgboost_direct,2,lags_only,895,16.242339516963398,23.080305845805572,-1.2564577659854208,20.82885740943876,28.497106822613368,0.22020016760002142,0.19008248839174757
33004048_10_49,persistence,3,lags_only,892,21.76299808868683,30.204640979304692,,,,,
33004048_10_49,sarima,3,lags_only,892,17.177437215758946,24.05135474773227,-2.8025023771977278,21.76299808868683,30.204640979304692,0.2107044651771403,0.20371989310478708
33004048_10_49,xgboost_direct,3,lags_only,892,16.236026445612694,22.407209507227897,-1.0929430072446749,21.76299808868683,30.204640979304692,0.2539618677790194,0.2581534234232203
33004048_10_49,persistence,4,lags_only,892,22.43935516736476,30.955398993562316,,,,,
33004048_10_49,sarima,4,lags_only,892,17.404002458376066,24.359219081392467,-3.3584485605423513,22.43935516736476,30.955398993562316,0.22439828022830108,0.21308657380063595
33004048_10_49,xgboost_direct,4,lags_only,892,16.66457499601997,23.08585733692965,-1.2340572728389108,22.43935516736476,30.955398993562316,0.25735054007895414,0.25422194229411377
33004048_10_49,persistence,5,lags_only,888,22.789990214589757,31.632013214707275,,,,,
33004048_10_49,sarima,5,lags_only,888,17.473590894627897,24.72014674201533,-3.6195449353655045,22.789990214589757,31.632013214707275,0.23327782372448733,0.21850858577279167
33004048_10_49,xgboost_direct,5,lags_only,888,16.578957219539593,23.4385480036677,-1.9630871029494588,22.789990214589757,31.632013214707275,0.2725333770031182,0.25902446219357383
33004048_10_49,persistence,6,lags_only,885,21.866543106181823,30.842090430086724,,,,,
33004048_10_49,sarima,6,lags_only,885,17.733440100813812,25.15127126578855,-4.155478634708695,21.866543106181823,30.842090430086724,0.18901492500657563,0.184514703281809
33004048_10_49,xgboost_direct,6,lags_only,885,16.86114109171746,24.085035238134623,-3.1891825196365553,21.866543106181823,30.842090430086724,0.2289068733982602,0.21908551261365009
33004048_10_49,persistence,7,lags_only,882,20.869028689654396,29.6716181209966,,,,,
33004048_10_49,sarima,7,lags_only,882,18.052502740405824,25.350381519240752,-4.498093569940117,20.869028689654396,29.6716181209966,0.13496200475515352,0.14563535376245632
33004048_10_49,xgboost_direct,7,lags_only,882,16.706543464823255,23.496666488173016,-2.796641728006948,20.869028689654396,29.6716181209966,0.19945754480152925,0.20810970293709696
33004049_10_49,persistence,1,lags_only,912,5.538626678309624,7.585498594671756,,,,,
33004049_10_49,sarima,1,lags_only,912,5.406644318509164,7.353360728392977,-0.72669596290122,5.538626678309624,7.585498594671756,0.02382943777693662,0.03060284876222082
33004049_10_49,xgboost_direct,1,lags_only,912,6.890837018347083,9.250584843347934,-1.5568629032441184,5.538626678309624,7.585498594671756,-0.2441418096173527,-0.21950913679501255
33004049_10_49,persistence,2,lags_only,910,7.241790684162374,9.655111401911787,,,,,
33004049_10_49,sarima,2,lags_only,910,6.678015052807175,8.895928591890955,-1.1550215574987812,7.241790684162374,9.655111401911787,0.07785030746444564,0.07863014505151206
33004049_10_49,xgboost_direct,2,lags_only,910,7.0313144990742,9.426697147655462,-1.6735604493831207,7.241790684162374,9.655111401911787,0.029064107797050872,0.023657340112212214
33004049_10_49,persistence,3,lags_only,908,7.787449509532393,10.412580450851983,,,,,
33004049_10_49,sarima,3,lags_only,908,7.218397887093564,9.565851536794312,-1.677199880935053,7.787449509532393,10.412580450851983,0.07307291324871754,0.08131787485861773
33004049_10_49,xgboost_direct,3,lags_only,908,7.193429280623524,9.56799737849479,-1.9980480910911305,7.787449509532393,10.412580450851983,0.07627917563789609,0.08111179321434085
33004049_10_49,persistence,4,lags_only,906,8.31227800443195,11.242081186879364,,,,,
33004049_10_49,sarima,4,lags_only,906,7.748132660324391,10.260677489958411,-2.210229678771538,8.31227800443195,11.242081186879364,0.06786892158885548,0.08729733228277604
33004049_10_49,xgboost_direct,4,lags_only,906,7.31336877528223,9.799878770337795,-2.31876790550937,8.31227800443195,11.242081186879364,0.12017274068758542,0.12828607021845423
33004049_10_49,persistence,5,lags_only,904,8.480916517865635,11.590069266376473,,,,,
33004049_10_49,sarima,5,lags_only,904,7.940944304544236,10.603508420276098,-2.751521216934229,8.480916517865635,11.590069266376473,0.0636690872011192,0.08512122088540491
33004049_10_49,xgboost_direct,5,lags_only,904,7.4503113754001395,9.817109015340575,-2.016202324138107,8.480916517865635,11.590069266376473,0.12152049136369342,0.15297236024113917
33004049_10_49,persistence,6,lags_only,901,8.607558926859056,11.681383744258357,,,,,
33004049_10_49,sarima,6,lags_only,901,8.177466094848745,10.876207667688439,-3.2530931127381897,8.607558926859056,11.681383744258357,0.04996687628454664,0.0689281419220286
33004049_10_49,xgboost_direct,6,lags_only,901,7.580171407167079,10.099100160707064,-2.3727834066300155,8.607558926859056,11.681383744258357,0.1193587553012404,0.13545343755434952
33004049_10_49,persistence,7,lags_only,901,8.630224967119647,11.75302703379019,,,,,
33004049_10_49,sarima,7,lags_only,901,8.451100937588624,11.193333042697278,-3.671805070322599,8.630224967119647,11.75302703379019,0.020755429923723735,0.04762126297197994
33004049_10_49,xgboost_direct,7,lags_only,901,7.517806138052201,10.109343961177787,-2.401740596971501,8.630224967119647,11.75302703379019,0.12889801057396044,0.13985189244326424
33004052_10_49,persistence,1,lags_only,108,5.380242280755565,7.6585553702445885,,,,,
33004052_10_49,sarima,1,lags_only,108,6.248113296249158,9.834821473019685,-0.910973043316001,5.380242280755565,7.6585553702445885,-0.1613070509106728,-0.28416143744686334
33004052_10_49,xgboost_direct,1,lags_only,108,7.74293312319367,11.698857422291095,-0.22222960589496246,5.380242280755565,7.6585553702445885,-0.4391420904759524,-0.5275540694977665
33004052_10_49,persistence,2,lags_only,107,7.7575434351643215,11.376658977210763,,,,,
33004052_10_49,sarima,2,lags_only,107,7.597967377812285,12.027552383789647,-1.3922162183064843,7.7575434351643215,11.376658977210763,0.020570436851012775,-0.05721305419128112
33004052_10_49,xgboost_direct,2,lags_only,107,7.754641271835622,12.219802851262296,-0.419269560338008,7.7575434351643215,11.376658977210763,0.0003741085503362267,-0.07411172961591647
33004052_10_49,persistence,3,lags_only,106,9.49939999026826,14.352895776620734,,,,,
33004052_10_49,sarima,3,lags_only,106,8.340989477835658,13.4760370093672,-1.7918887556676186,9.49939999026826,14.352895776620734,0.12194565063260272,0.06109281227289611
33004052_10_49,xgboost_direct,3,lags_only,106,7.986353217274211,12.25974359844405,-0.16223833251694258,9.49939999026826,14.352895776620734,0.15927814120303416,0.14583483436047764
33004052_10_49,persistence,4,lags_only,105,10.262498087555294,15.980324540045695,,,,,
33004052_10_49,sarima,4,lags_only,105,8.877798087218235,14.178304374813989,-2.163609465564299,10.262498087555294,15.980324540045695,0.1349281615960738,0.11276492919251774
33004052_10_49,xgboost_direct,4,lags_only,105,8.734767725338635,12.650225137175614,0.8055530441562203,10.262498087555294,15.980324540045695,0.14886534927292644,0.20838747013710893
33004052_10_49,persistence,5,lags_only,104,9.92792895510287,16.44551709651171,,,,,
33004052_10_49,sarima,5,lags_only,104,8.992161227279006,14.396943700664028,-2.530395311105349,9.92792895510287,16.44551709651171,0.09425608624474363,0.12456728382728746
33004052_10_49,xgboost_direct,5,lags_only,104,9.004515803870758,13.697674599546527,0.6496492027661227,9.92792895510287,16.44551709651171,0.09301165987468968,0.1670876312881663
33004052_10_49,persistence,6,lags_only,103,10.191854701510673,16.457686040552698,,,,,
33004052_10_49,sarima,6,lags_only,103,9.024470246214863,14.475934957610239,-2.929518263007949,10.191854701510673,16.457686040552698,0.11454092405014137,0.12041492820189356
33004052_10_49,xgboost_direct,6,lags_only,103,8.600328729259983,13.07171757894645,-0.43123809579527295,10.191854701510673,16.457686040552698,0.1561566583180182,0.20573782081290315
33004052_10_49,persistence,7,lags_only,102,10.142572271147786,16.245005056631488,,,,,
33004052_10_49,sarima,7,lags_only,102,9.07769031240932,14.582879694676976,-3.216460734561993,10.142572271147786,16.245005056631488,0.10499131090913671,0.10231608769342945
33004052_10_49,xgboost_direct,7,lags_only,102,8.795408621689669,13.332731269650418,0.6097576586442311,10.142572271147786,16.245005056631488,0.13282268180531934,0.17927195324523643
33011001_10_49,persistence,1,lags_only,818,3.8447004313123747,7.355472989839984,,,,,
33011001_10_49,sarima,1,lags_only,818,3.9068442014227864,7.208289790956706,-1.376923979670215,3.8447004313123747,7.355472989839984,-0.016163488214658944,0.020010025063864702
33011001_10_49,xgboost_direct,1,lags_only,818,5.386403327957688,9.487829131168308,0.5225010253919286,3.8447004313123747,7.355472989839984,-0.400994283999146,-0.2899006147223596
33011001_10_49,persistence,2,lags_only,813,5.204347477908195,9.789094655264964,,,,,
33011001_10_49,sarima,2,lags_only,813,5.3311473796254845,9.450093106162104,-2.6073002234302107,5.204347477908195,9.789094655264964,-0.02436422668846366,0.0346305313250324
33011001_10_49,xgboost_direct,2,lags_only,813,6.100850019937043,10.852381820961515,0.7168900781901341,5.204347477908195,9.789094655264964,-0.17226031617496504,-0.1086195611689864
33011001_10_49,persistence,3,lags_only,810,5.875247297088343,10.654110294166696,,,,,
33011001_10_49,sarima,3,lags_only,810,6.225620682505859,10.3152904898991,-3.769758038504514,5.875247297088343,10.654110294166696,-0.0596355128049085,0.03180179244559775
33011001_10_49,xgboost_direct,3,lags_only,810,6.39781671685289,11.51405724610906,1.1979975710308557,5.875247297088343,10.654110294166696,-0.08894424240210648,-0.08071504125625575
33011001_10_49,persistence,4,lags_only,809,6.244132973799512,11.159642341026219,,,,,
33011001_10_49,sarima,4,lags_only,809,6.913930740059412,10.882427155754321,-4.780517316039394,6.244132973799512,11.159642341026219,-0.10726833798549498,0.024840866472285634
33011001_10_49,xgboost_direct,4,lags_only,809,5.933056590049886,9.883558246706906,0.5873929518672776,6.244132973799512,11.159642341026219,0.04981898768890854,0.11434811755821614
33011001_10_49,persistence,5,lags_only,807,6.571240406223774,11.497797676113828,,,,,
33011001_10_49,sarima,5,lags_only,807,7.358753769040243,11.202135527854615,-5.520923965917773,6.571240406223774,11.497797676113828,-0.11984242154199637,0.025714676548313088
33011001_10_49,xgboost_direct,5,lags_only,807,5.939969826735706,10.006858305551912,0.628158530649145,6.571240406223774,11.497797676113828,0.09606566499837337,0.12967173475832486
33011001_10_49,persistence,6,lags_only,807,6.637051323573361,11.413310363625815,,,,,
33011001_10_49,sarima,6,lags_only,807,7.705954277085904,11.230396542126877,-6.2112821200592165,6.637051323573361,11.413310363625815,-0.1610508795850399,0.01602636007182309
33011001_10_49,xgboost_direct,6,lags_only,807,5.8310928296687194,10.405435087569245,0.7986261280566148,6.637051323573361,11.413310363625815,0.12143321704354645,0.08830700681448787
33011001_10_49,persistence,7,lags_only,805,6.753261146548808,11.52394402609608,,,,,
33011001_10_49,sarima,7,lags_only,805,8.175186377143312,11.515868292207381,-6.888601935276911,6.753261146548808,11.52394402609608,-0.21055386423508382,0.000700778645784065
33011001_10_49,xgboost_direct,7,lags_only,805,5.835549239924368,10.029142104113136,1.0430650755382493,6.753261146548808,11.52394402609608,0.13589166577593825,0.12971270240448504
33024024_10_49,persistence,1,lags_only,964,8.971365790788342,12.641947187936719,,,,,
33024024_10_49,sarima,1,lags_only,964,8.510030335320428,11.841830995928355,-0.7090665973026071,8.971365790788342,12.641947187936719,0.05142310170226323,0.06329058175245789
33024024_10_49,xgboost_direct,1,lags_only,964,9.735839987022496,13.5039238297854,-0.7714163828993202,8.971365790788342,12.641947187936719,-0.08521268824186215,-0.0681838508763272
33024024_10_49,persistence,2,lags_only,960,11.04248825746913,15.429739928591763,,,,,
33024024_10_49,sarima,2,lags_only,960,9.758054542127777,13.67505494290604,-1.2115554644855189,11.04248825746913,15.429739928591763,0.11631741736039995,0.1137209696214153
33024024_10_49,xgboost_direct,2,lags_only,960,10.182190926563273,14.378108060399974,-1.205048711321558,11.04248825746913,15.429739928591763,0.07790792354467321,0.06815616290739186
33024024_10_49,persistence,3,lags_only,958,12.034978971305964,16.64349008785912,,,,,
33024024_10_49,sarima,3,lags_only,958,10.302304818560367,14.350620801652402,-1.5277555300418304,12.034978971305964,16.64349008785912,0.14396985294919692,0.1377637306900727
33024024_10_49,xgboost_direct,3,lags_only,958,10.369943799740255,14.573755835237689,-1.3355934737502946,12.034978971305964,16.64349008785912,0.13834965358356827,0.12435698532552586
33024024_10_49,persistence,4,lags_only,955,12.237800995341999,16.963264608481122,,,,,
33024024_10_49,sarima,4,lags_only,955,10.467699314692775,14.569088519514272,-1.8868721029198523,12.237800995341999,16.963264608481122,0.14464213638732706,0.1411388753418274
33024024_10_49,xgboost_direct,4,lags_only,955,10.264791537171709,14.623246230153601,-1.2178095289186823,12.237800995341999,16.963264608481122,0.16122254798237567,0.13794622864973657
33024024_10_49,persistence,5,lags_only,954,12.3982053363107,17.278494713634295,,,,,
33024024_10_49,sarima,5,lags_only,954,10.715290381958644,14.793952549969124,-2.443546922048661,12.3982053363107,17.278494713634295,0.13573859350621434,0.1437939013115907
33024024_10_49,xgboost_direct,5,lags_only,954,10.600122504059577,14.695733006702218,-1.225156902701982,12.3982053363107,17.278494713634295,0.14502767001164807,0.1494783978429582
33024024_10_49,persistence,6,lags_only,954,12.435330987525768,17.17844576556347,,,,,
33024024_10_49,sarima,6,lags_only,954,10.679109286727709,14.779117502226452,-2.910381724382158,12.435330987525768,17.17844576556347,0.1412283840743584,0.13967085824183223
33024024_10_49,xgboost_direct,6,lags_only,954,10.49415542762987,14.486737778687226,-1.2735679851747548,12.435330987525768,17.17844576556347,0.15610163990352535,0.15669100823266202
33024024_10_49,persistence,7,lags_only,953,12.275053908427383,17.10500608334965,,,,,
33024024_10_49,sarima,7,lags_only,953,10.745876340439553,14.950416769909227,-3.3358147833858354,12.275053908427383,17.10500608334965,0.12457603684640277,0.12596249910356613
33024024_10_49,xgboost_direct,7,lags_only,953,10.244431510711804,14.333589621323101,-1.435697565798492,12.275053908427383,17.10500608334965,0.16542676006672885,0.16202370513766143
33024025_10_49,persistence,1,lags_only,929,5.731241884598634,7.752150701275603,,,,,
33024025_10_49,sarima,1,lags_only,929,5.718025746845484,7.718895938292205,-0.8469060743119882,5.731241884598634,7.752150701275603,0.0023059814991695567,0.00428974671221582
33024025_10_49,xgboost_direct,1,lags_only,929,6.892889433705769,9.60383317218614,-1.450865982578391,5.731241884598634,7.752150701275603,-0.20268688226696382,-0.2388604843048067
33024025_10_49,persistence,2,lags_only,928,7.6149208806538855,10.218291756380093,,,,,
33024025_10_49,sarima,2,lags_only,928,7.239997984605309,9.719541139599169,-1.453038931144112,7.6149208806538855,10.218291756380093,0.049235297637968654,0.048809588595815405
33024025_10_49,xgboost_direct,2,lags_only,928,7.173150477361348,9.88300020501934,-1.5240461133115848,7.6149208806538855,10.218291756380093,0.05801378769605847,0.03281287707912675
33024025_10_49,persistence,3,lags_only,927,8.364024918470129,11.321662341408832,,,,,
33024025_10_49,sarima,3,lags_only,927,7.855326922618266,10.590328080579454,-1.9507385833596311,8.364024918470129,11.321662341408832,0.060819760917798574,0.06459601415196181
33024025_10_49,xgboost_direct,3,lags_only,927,7.254744084280592,10.035856741126667,-1.7019526688143962,8.364024918470129,11.321662341408832,0.13262524263168224,0.11357038935698939
33024025_10_49,persistence,4,lags_only,925,8.655771859410303,11.937016916239909,,,,,
33024025_10_49,sarima,4,lags_only,925,8.146960206676226,11.17079086456982,-2.502389618046236,8.655771859410303,11.937016916239909,0.05878293247538763,0.06418907311990683
33024025_10_49,xgboost_direct,4,lags_only,925,7.154235881202999,10.24293998427426,-1.636007592703355,8.655771859410303,11.937016916239909,0.1734722220728215,0.1419179468247979
33024025_10_49,persistence,5,lags_only,923,8.832496934331626,12.43933260159098,,,,,
33024025_10_49,sarima,5,lags_only,923,8.388815820975656,11.565709907715325,-3.0741654074298914,8.832496934331626,12.43933260159098,0.05023280694628897,0.07023067248510738
33024025_10_49,xgboost_direct,5,lags_only,923,7.3155379254103154,10.440307280654842,-1.4505034234568515,8.832496934331626,12.43933260159098,0.17174747075483726,0.16070197533591665
33024025_10_49,persistence,6,lags_only,921,8.877845358114106,12.409936363349011,,,,,
33024025_10_49,sarima,6,lags_only,921,8.525041184270364,11.6270754855968,-3.699066649911913,8.877845358114106,12.409936363349011,0.03973984222661512,0.06308339179435926
33024025_10_49,xgboost_direct,6,lags_only,921,7.362540037142241,10.417798142440295,-1.6882097516010903,8.877845358114106,12.409936363349011,0.17068390581808426,0.16052767416215075
33024025_10_49,persistence,7,lags_only,920,9.119814785233837,12.498126707921356,,,,,
33024025_10_49,sarima,7,lags_only,920,8.763137930529918,11.869328720700272,-4.251933594661063,9.119814785233837,12.498126707921356,0.03911009851663047,0.050311378810278
33024025_10_49,xgboost_direct,7,lags_only,920,7.523105483285055,10.527318820554246,-1.8382001763023426,9.119814785233837,12.498126707921356,0.1750813299996028,0.15768826268323918
33024027_10_49,persistence,1,lags_only,902,7.3944936921302045,12.63474059234442,,,,,
33024027_10_49,sarima,1,lags_only,902,7.067948944274802,11.946594799627723,-1.1728165183893964,7.3944936921302045,12.63474059234442,0.04416052828646497,0.05446457627580057
33024027_10_49,xgboost_direct,1,lags_only,902,8.16498092019669,12.910853756800764,0.8414749448374057,7.3944936921302045,12.63474059234442,-0.10419742853881914,-0.021853488992377518
33024027_10_49,persistence,2,lags_only,897,9.31564581766303,15.776871569630284,,,,,
33024027_10_49,sarima,2,lags_only,897,8.179674400535788,13.616757302659256,-1.7215948896195357,9.31564581766303,15.776871569630284,0.12194231504308287,0.13691651462316168
33024027_10_49,xgboost_direct,2,lags_only,897,8.499471151531003,13.271681815122353,1.1229852201181159,9.31564581766303,15.776871569630284,0.08761332086976849,0.15878875247550983
33024027_10_49,persistence,3,lags_only,896,9.72540694257082,15.874401326334839,,,,,
33024027_10_49,sarima,3,lags_only,896,8.37013621465891,13.698136289128366,-2.237227032832362,9.72540694257082,15.874401326334839,0.13935362663124268,0.13709273140248499
33024027_10_49,xgboost_direct,3,lags_only,896,8.770350009681245,13.520408415769225,1.831752077375734,9.72540694257082,15.874401326334839,0.09820225914753487,0.1482886102079615
33024027_10_49,persistence,4,lags_only,896,10.110214855257468,16.519163345246877,,,,,
33024027_10_49,sarima,4,lags_only,896,8.645936293574048,14.039980218954481,-2.673982810052059,10.110214855257468,16.519163345246877,0.1448315968203161,0.1500792185704575
33024027_10_49,xgboost_direct,4,lags_only,896,8.941841427377955,13.94503138862306,2.2218943787378023,10.110214855257468,16.519163345246877,0.1155636595865161,0.15582701755682335
33024027_10_49,persistence,5,lags_only,895,10.453210976964348,17.202128334049867,,,,,
33024027_10_49,sarima,5,lags_only,895,8.975673376810205,14.455153143329117,-3.194615005925808,10.453210976964348,17.202128334049867,0.1413477259198327,0.15968810006395498
33024027_10_49,xgboost_direct,5,lags_only,895,9.64657416889654,14.590552214066374,2.682509152377277,10.453210976964348,17.202128334049867,0.07716641420950808,0.1518170350359579
33024027_10_49,persistence,6,lags_only,893,10.460381849617603,16.941277236624828,,,,,
33024027_10_49,sarima,6,lags_only,893,8.981469518179496,14.38556281519093,-3.5487551629044485,10.460381849617603,16.941277236624828,0.14138225092539722,0.15085724563368674
33024027_10_49,xgboost_direct,6,lags_only,893,8.82723355306893,13.558535500492134,1.3430416228078357,10.460381849617603,16.941277236624828,0.15612702480917315,0.19967453981684735
33024027_10_49,persistence,7,lags_only,892,10.447379888687314,16.688698756637066,,,,,
33024027_10_49,sarima,7,lags_only,892,8.903748003311113,13.938367984821578,-3.7214004929559668,10.447379888687314,16.688698756637066,0.14775301576308944,0.16480199037217844
33024027_10_49,xgboost_direct,7,lags_only,892,8.567764734265753,13.076784516348756,1.0473680318221947,10.447379888687314,16.688698756637066,0.1799125880793189,0.21642875175344983
33024031_10_49,persistence,1,lags_only,911,5.687654578086611,7.921385523394142,,,,,
33024031_10_49,sarima,1,lags_only,911,5.625939458328608,7.942092314266024,-1.1653054316966764,5.687654578086611,7.921385523394142,0.010850715160477392,-0.0026140364978737987
33024031_10_49,xgboost_direct,1,lags_only,911,7.051586952481375,9.641248648156765,0.7288901476174393,5.687654578086611,7.921385523394142,-0.23980576803129383,-0.21711645263109206
33024031_10_49,persistence,2,lags_only,906,7.394024064606338,10.226239359437784,,,,,
33024031_10_49,sarima,2,lags_only,906,6.9292709216184445,9.650817680456115,-1.7490600260556035,7.394024064606338,10.226239359437784,0.06285523808511397,0.05626913851284084
33024031_10_49,xgboost_direct,2,lags_only,906,7.341138890139079,10.184364727687846,0.7623128936977499,7.394024064606338,10.226239359437784,0.00715242119922351,0.004094822180285817
33024031_10_49,persistence,3,lags_only,907,8.075402442817273,11.457834687421594,,,,,
33024031_10_49,sarima,3,lags_only,907,7.5214414307768775,10.620312648896169,-2.2711982390235423,8.075402442817273,11.457834687421594,0.06859856409176489,0.07309601345923204
33024031_10_49,xgboost_direct,3,lags_only,907,7.543862278500695,10.593536431260324,1.0153603876004875,8.075402442817273,11.457834687421594,0.06582212689466148,0.07543294869754893
33024031_10_49,persistence,4,lags_only,906,8.488424238174568,12.21965603237823,,,,,
33024031_10_49,sarima,4,lags_only,906,7.892286194010651,11.192656727048238,-2.712403713556798,8.488424238174568,12.21965603237823,0.07022952993830536,0.08404486203284024
33024031_10_49,xgboost_direct,4,lags_only,906,7.954035800364922,11.194369213516241,1.7350974848560572,8.488424238174568,12.21965603237823,0.06295496346734976,0.08390472007929707
33024031_10_49,persistence,5,lags_only,906,8.608831661716888,12.610587636265983,,,,,
33024031_10_49,sarima,5,lags_only,906,8.044532439468592,11.520104031097443,-3.2771550884517846,8.608831661716888,12.610587636265983,0.0655488740426545,0.08647365504462995
33024031_10_49,xgboost_direct,5,lags_only,906,7.779151023337405,10.802748988311267,1.5503384341738944,8.608831661716888,12.610587636265983,0.09637552120679024,0.14335879501409343
33024031_10_49,persistence,6,lags_only,905,8.74166159216237,12.760677673553536,,,,,
33024031_10_49,sarima,6,lags_only,905,8.20908806310987,11.6456634729421,-3.7243729518462017,8.74166159216237,12.760677673553536,0.06092360398965748,0.08737891741614152
33024031_10_49,xgboost_direct,6,lags_only,905,7.714263555082263,10.568417578280224,1.2519299767680547,8.74166159216237,12.760677673553536,0.11752891898735304,0.17179809343642966
33024031_10_49,persistence,7,lags_only,903,8.862158238100177,12.76015720197988,,,,,
33024031_10_49,sarima,7,lags_only,903,8.343627035628455,11.795392991961663,-4.319726453639448,8.862158238100177,12.76015720197988,0.05851071359146509,0.07560754893117798
33024031_10_49,xgboost_direct,7,lags_only,903,7.711428301264696,10.593975758401452,1.103439215887978,8.862158238100177,12.76015720197988,0.1298475953507877,0.1697613445735857
33024032_10_49,persistence,1,lags_only,992,6.101300992520855,8.380411401148086,,,,,
33024032_10_49,sarima,1,lags_only,992,5.884439785321411,8.178086288872526,-0.9479920883140662,6.101300992520855,8.380411401148086,0.035543436959638366,0.024142622908445974
33024032_10_49,xgboost_direct,1,lags_only,992,7.26706339689361,10.072735229676182,0.13224236294626038,6.101300992520855,8.380411401148086,-0.19106784041662245,-0.20193803711071437
33024032_10_49,persistence,2,lags_only,991,7.808069336661331,10.736167704853093,,,,,
33024032_10_49,sarima,2,lags_only,991,7.245068466048495,10.039807676600272,-1.6232546365257001,7.808069336661331,10.736167704853093,0.07210500398214591,0.06486113549977836
33024032_10_49,xgboost_direct,2,lags_only,991,7.638961048529588,10.694273486912001,0.09792371383769956,7.808069336661331,10.736167704853093,0.021658143753632855,0.003902157556849117
33024032_10_49,persistence,3,lags_only,990,8.55085686695145,11.796726118870188,,,,,
33024032_10_49,sarima,3,lags_only,990,7.84331887064386,10.91150115064326,-2.3510114629677363,8.55085686695145,11.796726118870188,0.08274468948745739,0.07503988473640244
33024032_10_49,xgboost_direct,3,lags_only,990,7.5833786481451435,10.606124213838495,0.0006511412599338954,8.55085686695145,11.796726118870188,0.11314400812222135,0.10092646832981837
33024032_10_49,persistence,4,lags_only,989,8.869000146886703,12.386801448424915,,,,,
33024032_10_49,sarima,4,lags_only,989,8.06535581356089,11.252543477822043,-2.918842805239542,8.869000146886703,12.386801448424915,0.09061273198962769,0.0915698839063173
33024032_10_49,xgboost_direct,4,lags_only,989,7.527706711298275,10.597590486894301,0.3216790251866537,8.869000146886703,12.386801448424915,0.15123389484430944,0.14444495368561244
33024032_10_49,persistence,5,lags_only,988,9.00720107120655,12.697705689774178,,,,,
33024032_10_49,sarima,5,lags_only,988,8.255647099358589,11.479540810628901,-3.562890710594549,9.00720107120655,12.697705689774178,0.08343923555236987,0.09593582564496671
33024032_10_49,xgboost_direct,5,lags_only,988,7.405266408971049,10.261301828583948,0.5804761226488081,9.00720107120655,12.697705689774178,0.17785043872912182,0.19187748721820946
33024032_10_49,persistence,6,lags_only,988,8.87938497270591,12.631714245612974,,,,,
33024032_10_49,sarima,6,lags_only,988,8.38400118587257,11.518247010056788,-4.191504320886766,8.87938497270591,12.631714245612974,0.055790326509784896,0.08814854531267567
33024032_10_49,xgboost_direct,6,lags_only,988,7.352581050397503,10.11081977030701,0.5132237622033045,8.87938497270591,12.631714245612974,0.17194928781684846,0.19956867502615305
33024032_10_49,persistence,7,lags_only,988,9.087697460932286,12.668095730600536,,,,,
33024032_10_49,sarima,7,lags_only,988,8.547904733599571,11.79284267902517,-4.849104005036425,9.087697460932286,12.668095730600536,0.059398184155366796,0.0690911302052399
33024032_10_49,xgboost_direct,7,lags_only,988,7.6821180580320885,10.622572206311633,0.496129559957123,9.087697460932286,12.668095730600536,0.1546683754540397,0.1614704820510489
33031029_10_49,persistence,1,lags_only,821,4.537938153115896,6.787185297181868,,,,,
33031029_10_49,sarima,1,lags_only,821,4.542756555264716,6.66153635240049,-0.41443920037797677,4.537938153115896,6.787185297181868,-0.0010618042790007777,0.018512673410220393
33031029_10_49,xgboost_direct,1,lags_only,821,5.61357185813222,7.59799498585492,0.9554059555038685,4.537938153115896,6.787185297181868,-0.2370313716765307,-0.11946184657868586
33031029_10_49,persistence,2,lags_only,817,6.190031877819215,8.937072277534737,,,,,
33031029_10_49,sarima,2,lags_only,817,5.7486316891473965,8.263741666161179,-0.5931127477546688,6.190031877819215,8.937072277534737,0.07130822544767351,0.07534129639592599
33031029_10_49,xgboost_direct,2,lags_only,817,6.108258630964719,8.168164033281592,1.302109254735286,6.190031877819215,8.937072277534737,0.013210472654836351,0.08603580908548344
33031029_10_49,persistence,3,lags_only,814,6.848659463107143,9.896788786887242,,,,,
33031029_10_49,sarima,3,lags_only,814,6.196569176515854,8.907821829957578,-0.7636539836703352,6.848659463107143,9.896788786887242,0.09521429560106134,0.09992806537813523
33031029_10_49,xgboost_direct,3,lags_only,814,6.602857804134559,8.81029780346466,1.4923391405367108,6.848659463107143,9.896788786887242,0.03589047758859766,0.10978217347248322
33031029_10_49,persistence,4,lags_only,811,7.144003881780436,10.315442237959276,,,,,
33031029_10_49,sarima,4,lags_only,811,6.412852174871345,9.135288843464341,-1.0355957161216653,7.144003881780436,10.315442237959276,0.10234480817875376,0.11440647596785992
33031029_10_49,xgboost_direct,4,lags_only,811,6.544776646484612,8.782889293461585,1.5895423559225852,7.144003881780436,10.315442237959276,0.08387834682229815,0.14856880676023052
33031029_10_49,persistence,5,lags_only,806,7.018466906853635,10.225261591686873,,,,,
33031029_10_49,sarima,5,lags_only,806,6.335651217155323,9.072545793790846,-1.3642879451370404,7.018466906853635,10.225261591686873,0.09728843902242128,0.11273215727147595
33031029_10_49,xgboost_direct,5,lags_only,806,6.483307281279423,8.591121498153402,1.2566687247263764,7.018466906853635,10.225261591686873,0.07625021713098355,0.15981401344900803
33031029_10_49,persistence,6,lags_only,801,6.953108850591473,10.152609736589921,,,,,
33031029_10_49,sarima,6,lags_only,801,6.352186379501288,9.03862111640575,-1.5783128960943003,6.953108850591473,10.152609736589921,0.08642500556266527,0.10972436142890096
33031029_10_49,xgboost_direct,6,lags_only,801,6.664302791230688,8.817424360585562,1.5914343766773626,6.953108850591473,10.152609736589921,0.04153624883007797,0.13151154340074378
33031029_10_49,persistence,7,lags_only,798,7.158303853526321,10.225059180699006,,,,,
33031029_10_49,sarima,7,lags_only,798,6.507613519877533,9.121044548056615,-1.7551036541273217,7.158303853526321,10.225059180699006,0.09090007171576614,0.1079714662900287
33031029_10_49,xgboost_direct,7,lags_only,798,6.979440040558257,9.122935836615476,1.8284264807100794,7.158303853526321,10.225059180699006,0.024986898660351274,0.10778650026436198
33031030_10_49,persistence,1,lags_only,794,4.916727881358996,7.181116854129168,,,,,
33031030_10_49,sarima,1,lags_only,794,4.900205699448394,7.164550151011596,-0.802169069786942,4.916727881358996,7.181116854129168,0.0033604019399250365,0.0023069814144641644
33031030_10_49,xgboost_direct,1,lags_only,794,6.086806803996952,8.465115296299038,0.558991520790339,4.916727881358996,7.181116854129168,-0.2379791908098324,-0.17880205381027414
33031030_10_49,persistence,2,lags_only,786,6.561282032456286,9.463192140746695,,,,,
33031030_10_49,sarima,2,lags_only,786,6.123769891116217,8.835383428460679,-1.271471467177936,6.561282032456286,9.463192140746695,0.06668089241947765,0.06634217111399361
33031030_10_49,xgboost_direct,2,lags_only,786,6.5658617102849695,8.874020139487515,1.1002038806677787,6.561282032456286,9.463192140746695,-0.000697985211735985,0.06225932988534797
33031030_10_49,persistence,3,lags_only,784,7.211430090798641,10.441937809070565,,,,,
33031030_10_49,sarima,3,lags_only,784,6.619736111871916,9.50314768760707,-1.6427788447780323,7.211430090798641,10.441937809070565,0.08204946473539158,0.08990573767332713
33031030_10_49,xgboost_direct,3,lags_only,784,6.6329947806158085,9.031293774172422,1.2708458589178584,7.211430090798641,10.441937809070565,0.0802109017073994,0.13509408509144374
33031030_10_49,persistence,4,lags_only,781,7.55882160050172,10.878802546575256,,,,,
33031030_10_49,sarima,4,lags_only,781,6.843316268495122,9.67930520921394,-1.8871314098999477,7.55882160050172,10.878802546575256,0.09465831710581799,0.11026005226456924
33031030_10_49,xgboost_direct,4,lags_only,781,6.642249235403093,8.918374378234088,1.0167459326219253,7.55882160050172,10.878802546575256,0.12125863177373962,0.18020624604114438
33031030_10_49,persistence,5,lags_only,781,7.622211438302409,11.05493746684839,,,,,
33031030_10_49,sarima,5,lags_only,781,6.851938053827203,9.749363390230535,-2.207969562807771,7.622211438302409,11.05493746684839,0.10105641790576704,0.1180987301405384
33031030_10_49,xgboost_direct,5,lags_only,781,6.767953424159432,9.097499720252205,1.3290272743918137,7.622211438302409,11.05493746684839,0.11207482514198445,0.17706456978758678
33031030_10_49,persistence,6,lags_only,782,7.564629611775126,11.108207969766296,,,,,
33031030_10_49,sarima,6,lags_only,782,6.963037916638488,9.927050688203291,-2.6604119339601615,7.564629611775126,11.108207969766296,0.07952692015484784,0.10633193803877394
33031030_10_49,xgboost_direct,6,lags_only,782,6.883557499809518,9.408406227293495,0.7202590310907564,7.564629611775126,11.108207969766296,0.09003376859396378,0.1530221388633726
33031030_10_49,persistence,7,lags_only,785,7.693718941286316,11.036076730500305,,,,,
33031030_10_49,sarima,7,lags_only,785,7.193736601618797,10.223301932995893,-3.379121290625392,7.693718941286316,11.036076730500305,0.06498578171142899,0.07364707743089115
33031030_10_49,xgboost_direct,7,lags_only,785,7.009634130792901,9.56281735228825,0.7709095409591059,7.693718941286316,11.036076730500305,0.08891471286044178,0.13349484732562816
33031032_10_49,persistence,1,lags_only,640,5.1212028946553225,7.763546992312214,,,,,
33031032_10_49,sarima,1,lags_only,640,5.123075679802239,7.620390424283094,-1.075070757001504,5.1212028946553225,7.763546992312214,-0.00036569243309446283,0.018439582857021245
33031032_10_49,xgboost_direct,1,lags_only,640,6.836260868915761,9.881707464410665,0.46081852571694615,5.1212028946553225,7.763546992312214,-0.3348935805785661,-0.272834114895671
33031032_10_49,persistence,2,lags_only,638,6.886868763727046,10.106041274867936,,,,,
33031032_10_49,sarima,2,lags_only,638,6.6195816042139555,9.532395753888094,-1.714422584588619,6.886868763727046,10.106041274867936,0.038811130091644074,0.05676263389171026
33031032_10_49,xgboost_direct,2,lags_only,638,7.129884593905312,9.949836483467736,0.5100867028585575,6.886868763727046,10.106041274867936,-0.035286839130465826,0.015456575641409167
33031032_10_49,persistence,3,lags_only,637,7.6868837861599255,11.239071416015202,,,,,
33031032_10_49,sarima,3,lags_only,637,7.2848113622540485,10.489823233927973,-2.3095367645587315,7.6868837861599255,11.239071416015202,0.05230629668550474,0.06666459837772554
33031032_10_49,xgboost_direct,3,lags_only,637,7.428412705397258,10.2381370403625,0.3661196960729714,7.6868837861599255,11.239071416015202,0.03362494971343779,0.08905845853300777
33031032_10_49,persistence,4,lags_only,637,8.23921730274997,11.977119667129791,,,,,
33031032_10_49,sarima,4,lags_only,637,7.716408679217499,11.005653144025088,-2.786068604419598,8.23921730274997,11.977119667129791,0.06345367579490548,0.08111019594893194
33031032_10_49,xgboost_direct,4,lags_only,637,7.365854455644755,10.140293412163647,0.41853096932892214,8.23921730274997,11.977119667129791,0.10600070552984646,0.15336126765161756
33031032_10_49,persistence,5,lags_only,638,8.327445262382998,12.133390192989951,,,,,
33031032_10_49,sarima,5,lags_only,638,7.8288456204464785,11.089344807009741,-3.2449219141288976,8.327445262382998,12.133390192989951,0.05987426230092556,0.08604729340884511
33031032_10_49,xgboost_direct,5,lags_only,638,7.1838756951229135,9.972342298199036,0.9265328057958105,8.327445262382998,12.133390192989951,0.13732537785938426,0.17810750832355637
33031032_10_49,persistence,6,lags_only,636,8.227955159555155,12.038412691979312,,,,,
33031032_10_49,sarima,6,lags_only,636,7.948732081231553,11.08601550181628,-3.6722687887278465,8.227955159555155,12.038412691979312,0.0339359018017179,0.07911318664109045
33031032_10_49,xgboost_direct,6,lags_only,636,7.241145715271661,9.900118655248855,0.9158503190962611,8.227955159555155,12.038412691979312,0.11993374114800665,0.17762258957570978
33031032_10_49,persistence,7,lags_only,638,8.324971717288687,12.083777575123996,,,,,
33031032_10_49,sarima,7,lags_only,638,8.18750461383208,11.320102211995044,-4.294829061464907,8.324971717288687,12.083777575123996,0.016512621078474586,0.06319839622843401
33031032_10_49,xgboost_direct,7,lags_only,638,7.395395447911655,10.278950473774254,0.6826992454784855,8.324971717288687,12.083777575123996,0.11166119248748393,0.14935951031283545
33037012_10_49,persistence,1,lags_only,878,4.558046599951308,6.841952269649539,,,,,
33037012_10_49,sarima,1,lags_only,878,4.512305426513741,6.769318261076491,-0.6023355242328645,4.558046599951308,6.841952269649539,0.010035257962929919,0.010615977094030268
33037012_10_49,xgboost_direct,1,lags_only,878,5.8490922939080665,8.553692208538546,-0.8464798109852395,4.558046599951308,6.841952269649539,-0.2832453915610582,-0.250182969922514
33037012_10_49,persistence,2,lags_only,871,6.149857518833576,9.126454924425424,,,,,
33037012_10_49,sarima,2,lags_only,871,5.697403386237167,8.423089538366677,-0.8832165378236493,6.149857518833576,9.126454924425424,0.07357148213772348,0.07706885005001318
33037012_10_49,xgboost_direct,2,lags_only,871,6.265097979633509,9.133277993048676,-0.4414472878917626,6.149857518833576,9.126454924425424,-0.018738720441411238,-0.0007476143453019171
33037012_10_49,persistence,3,lags_only,868,6.8550751027554,10.246175341676402,,,,,
33037012_10_49,sarima,3,lags_only,868,6.215208957044157,9.16382420341887,-1.1441140388035131,6.8550751027554,10.246175341676402,0.09334195995227657,0.10563464923882969
33037012_10_49,xgboost_direct,3,lags_only,868,6.404149367915754,9.21980235216429,-0.3842904441723427,6.8550751027554,10.246175341676402,0.06577983874434812,0.1001713278648796
33037012_10_49,persistence,4,lags_only,866,7.080343146743678,10.583011759554806,,,,,
33037012_10_49,sarima,4,lags_only,866,6.299623461148235,9.315838723654219,-1.3008677029828937,7.080343146743678,10.583011759554806,0.11026579777485841,0.11973652346710546
33037012_10_49,xgboost_direct,4,lags_only,866,6.4429363695881765,9.10881171959829,-0.18926953340734537,7.080343146743678,10.583011759554806,0.09002484257400026,0.13929872454554762
33037012_10_49,persistence,5,lags_only,864,7.094509658655984,10.640449768095108,,,,,
33037012_10_49,sarima,5,lags_only,864,6.304595857598734,9.301582196230033,-1.411344349135914,7.094509658655984,10.640449768095108,0.11134156397877044,0.12582809947372778
33037012_10_49,xgboost_direct,5,lags_only,864,6.513982851515213,9.09359154240538,-0.1481451255705658,7.094509658655984,10.640449768095108,0.0818276153070667,0.14537526696737113
33037012_10_49,persistence,6,lags_only,860,7.099852249967998,10.604226699951296,,,,,
33037012_10_49,sarima,6,lags_only,860,6.33725192851105,9.23967294299056,-1.5299392453019853,7.099852249967998,10.604226699951296,0.10741073118252362,0.12868017589316552
33037012_10_49,xgboost_direct,6,lags_only,860,6.530814718219238,9.044718849776656,-0.46088609348200266,7.099852249967998,10.604226699951296,0.08014779909699168,0.147064740720962
33037012_10_49,persistence,7,lags_only,858,7.0486163968169375,10.463074468097775,,,,,
33037012_10_49,sarima,7,lags_only,858,6.314807820611002,9.137826809348349,-1.6099807209938641,7.0486163968169375,10.463074468097775,0.10410675441740787,0.12665948835499025
33037012_10_49,xgboost_direct,7,lags_only,858,6.4199577676522495,9.114599707250134,-0.34803379276997826,7.0486163968169375,10.463074468097775,0.08918894060522034,0.12887940011888285
33044029_10_49,persistence,1,lags_only,950,3.998440437999513,5.464598684142291,,,,,
33044029_10_49,sarima,1,lags_only,950,3.922021465543745,5.381728858294966,-0.6574071546449769,3.998440437999513,5.464598684142291,0.019112194777122133,0.015164851188030527
33044029_10_49,xgboost_direct,1,lags_only,950,5.333210599228941,6.93416239637349,0.6617097830707078,3.998440437999513,5.464598684142291,-0.3338226946047085,-0.26892436154474136
33044029_10_49,persistence,2,lags_only,947,5.200254331187979,7.08464900618433,,,,,
33044029_10_49,sarima,2,lags_only,947,4.976008739665107,6.778562938764925,-1.1340416375108844,5.200254331187979,7.08464900618433,0.04312204312354165,0.04320412587161569
33044029_10_49,xgboost_direct,2,lags_only,947,5.6479971057222045,7.361653960162528,0.8581924104031768,5.200254331187979,7.08464900618433,-0.08610016857232054,-0.039099319350386234
33044029_10_49,persistence,3,lags_only,946,5.7256595466408795,7.948111421359755,,,,,
33044029_10_49,sarima,3,lags_only,946,5.405798957883045,7.496726783519648,-1.59321724425582,5.7256595466408795,7.948111421359755,0.05586440935795598,0.05679143307264866
33044029_10_49,xgboost_direct,3,lags_only,946,5.566815749026682,7.457313564608286,0.17446382972736815,5.7256595466408795,7.948111421359755,0.027742445445850528,0.06175024867322549
33044029_10_49,persistence,4,lags_only,945,5.897758800613219,8.290489593543356,,,,,
33044029_10_49,sarima,4,lags_only,945,5.70946595974856,7.853907015343761,-2.053002763301706,5.897758800613219,8.290489593543356,0.0319261684362339,0.052660650890823814
33044029_10_49,xgboost_direct,4,lags_only,945,5.741815612729769,7.61686627343985,0.0970806845756097,5.897758800613219,8.290489593543356,0.026441092821095986,0.08125253792346887
33044029_10_49,persistence,5,lags_only,944,6.192601796946896,8.53968947707924,,,,,
33044029_10_49,sarima,5,lags_only,944,6.0162854575348454,8.098877843847227,-2.5077790682510575,6.192601796946896,8.53968947707924,0.02847209382960465,0.05161916418801447
33044029_10_49,xgboost_direct,5,lags_only,944,5.71305726877496,7.537236079260148,0.07311481600554229,6.192601796946896,8.53968947707924,0.07743829554943503,0.11738757018152755
33044029_10_49,persistence,6,lags_only,943,6.361982045931708,8.754073034071803,,,,,
33044029_10_49,sarima,6,lags_only,943,6.246174071611368,8.33969948998178,-2.9897682776576517,6.361982045931708,8.754073034071803,0.01820312812646099,0.047334942543572255
33044029_10_49,xgboost_direct,6,lags_only,943,5.979263716718465,7.871263835017752,0.46394918357395565,6.361982045931708,8.754073034071803,0.06015709042404161,0.10084553734222483
33044029_10_49,persistence,7,lags_only,943,6.408954600253732,8.709692132367774,,,,,
33044029_10_49,sarima,7,lags_only,943,6.301977775514602,8.45535854553207,-3.433754771067094,6.408954600253732,8.709692132367774,0.01669177446426202,0.029201214344939483
33044029_10_49,xgboost_direct,7,lags_only,943,6.043682518878629,8.005423190991767,0.1681485576581431,6.408954600253732,8.709692132367774,0.0569940191744596,0.08086037148876216
33044030_10_49,persistence,1,lags_only,867,6.230625422843518,8.866122892776566,,,,,
33044030_10_49,sarima,1,lags_only,867,6.2598940720867535,8.77152162663332,-1.0716917568676805,6.230625422843518,8.866122892776566,-0.004697545953561382,0.010669970097112094
33044030_10_49,xgboost_direct,1,lags_only,867,8.315489220249455,11.175698158825712,0.8036943388809518,6.230625422843518,8.866122892776566,-0.334615492974773,-0.2604943890334308
33044030_10_49,persistence,2,lags_only,863,8.715527968198327,12.01216470069302,,,,,
33044030_10_49,sarima,2,lags_only,863,8.326162460554025,11.388764284454535,-1.9001625483544649,8.715527968198327,12.01216470069302,0.04467491918619717,0.05189742496641922
33044030_10_49,xgboost_direct,2,lags_only,863,8.790620908984373,11.682622296457303,0.8404182702152955,8.715527968198327,12.01216470069302,-0.008615994471023345,0.027434056429205017
33044030_10_49,persistence,3,lags_only,864,9.758433032221129,13.343249997587206,,,,,
33044030_10_49,sarima,3,lags_only,864,9.2087673105606,12.499425852818826,-2.8387015876933495,9.758433032221129,13.343249997587206,0.05632725252564648,0.06323977628546004
33044030_10_49,xgboost_direct,3,lags_only,864,9.108053891131343,12.192893669818927,1.012374365678947,9.758433032221129,13.343249997587206,0.0666479073988944,0.08621260397401623
33044030_10_49,persistence,4,lags_only,865,10.231557117583955,13.916157516371252,,,,,
33044030_10_49,sarima,4,lags_only,865,9.62826449347583,13.037009634388674,-3.696264078834825,10.231557117583955,13.916157516371252,0.05896391108165795,0.06317461418127308
33044030_10_49,xgboost_direct,4,lags_only,865,9.42007979528819,12.470374732653774,0.7916758561799748,10.231557117583955,13.916157516371252,0.07931122437865885,0.10389238423154018
33044030_10_49,persistence,5,lags_only,863,10.284939863505734,14.115279107894144,,,,,
33044030_10_49,sarima,5,lags_only,863,9.766925356879948,13.24797637650728,-4.4338180740124455,10.284939863505734,14.115279107894144,0.050366313610045246,0.06144424950845036
33044030_10_49,xgboost_direct,5,lags_only,863,9.688639352980445,12.838217648137455,0.6660514302305427,10.284939863505734,14.115279107894144,0.05797802597185371,0.09047369520610307
33044030_10_49,persistence,6,lags_only,858,10.291169574787215,14.155381424911047,,,,,
33044030_10_49,sarima,6,lags_only,858,9.770028730073424,13.382609304767508,-5.1452767502143,10.291169574787215,14.155381424911047,0.050639613012553694,0.05459210860850367
33044030_10_49,xgboost_direct,6,lags_only,858,10.130821144279562,13.357066742607097,1.1245519480108785,10.291169574787215,14.155381424911047,0.015581166877329284,0.056396550424211996
33044030_10_49,persistence,7,lags_only,856,10.371069568152215,14.164357273181665,,,,,
33044030_10_49,sarima,7,lags_only,856,9.999155891706875,13.474873833618512,-5.728929951149845,10.371069568152215,14.164357273181665,0.035860686692086544,0.048677354451415786
33044030_10_49,xgboost_direct,7,lags_only,856,10.183966238671616,13.653466650408618,0.8585154403249378,10.371069568152215,14.164357273181665,0.018040890406825744,0.03606874727315379
33044032_10_49,persistence,1,lags_only,989,4.660999451223205,6.86594140121317,,,,,
33044032_10_49,sarima,1,lags_only,989,4.61800812628613,6.759188565258773,-1.0627787257771812,4.660999451223205,6.86594140121317,0.00922362797656903,0.015548171724205799
33044032_10_49,xgboost_direct,1,lags_only,989,6.242156796744002,8.663167992698256,0.8255545474299849,4.660999451223205,6.86594140121317,-0.33923139491163157,-0.26175967525262117
33044032_10_49,persistence,2,lags_only,987,6.3608831908265735,9.102176629451131,,,,,
33044032_10_49,sarima,2,lags_only,987,6.18422804101487,8.691791881363391,-1.952242623503859,6.3608831908265735,9.102176629451131,0.02777211033626103,0.045086440836567945
33044032_10_49,xgboost_direct,2,lags_only,987,6.4025860368973415,8.872035138985659,0.8841881801667089,6.3608831908265735,9.102176629451131,-0.006556140840773541,0.025284225942267844
33044032_10_49,persistence,3,lags_only,985,7.159578381391505,10.337881009749458,,,,,
33044032_10_49,sarima,3,lags_only,985,6.925112852860585,9.785470133318807,-2.8291422769071803,7.159578381391505,10.337881009749458,0.032748510602289116,0.05343560018824774
33044032_10_49,xgboost_direct,3,lags_only,985,6.721779595601974,9.55901932007648,0.9461280786966552,7.159578381391505,10.337881009749458,0.06114868257150674,0.07534055469766462
33044032_10_49,persistence,4,lags_only,982,7.416224297770445,10.758958074655396,,,,,
33044032_10_49,sarima,4,lags_only,982,7.216062174232741,10.193088893041846,-3.5735204265779585,7.416224297770445,10.758958074655396,0.026989761299139697,0.05259516559940444
33044032_10_49,xgboost_direct,4,lags_only,982,6.962355493659676,9.787331905991156,1.240750257116317,7.416224297770445,10.758958074655396,0.061199444068488665,0.09030857467072723
33044032_10_49,persistence,5,lags_only,981,7.5797635179256115,11.025399937510922,,,,,
33044032_10_49,sarima,5,lags_only,981,7.48064719069266,10.472681844708848,-4.260595807510499,7.5797635179256115,11.025399937510922,0.013076440577406959,0.05013134180480848
33044032_10_49,xgboost_direct,5,lags_only,981,6.923982054922111,9.621133661709985,1.2733756543798012,7.5797635179256115,11.025399937510922,0.08651740406578955,0.12736647049176908
33044032_10_49,persistence,6,lags_only,978,7.708037936214398,11.382908360357325,,,,,
33044032_10_49,sarima,6,lags_only,978,7.774585722499157,10.864331924976074,-4.927342637842619,7.708037936214398,11.382908360357325,-0.008633557182185095,0.04555746378379626
33044032_10_49,xgboost_direct,6,lags_only,978,6.825470497187464,9.336032175242611,0.9755914579891843,7.708037936214398,11.382908360357325,0.11449962316355489,0.1798201408915199
33044032_10_49,persistence,7,lags_only,977,7.988380367415627,11.446669697312615,,,,,
33044032_10_49,sarima,7,lags_only,977,8.153022005981123,11.101481066979309,-5.60411406675257,7.988380367415627,11.446669697312615,-0.02061014010262513,0.030156249761827868
33044032_10_49,xgboost_direct,7,lags_only,977,6.816619404613835,9.539720182646622,0.723306439099291,7.988380367415627,11.446669697312615,0.14668317091927308,0.166594264104056
33044033_10_49,persistence,1,lags_only,933,4.29458536492924,5.866923837998633,,,,,
33044033_10_49,sarima,1,lags_only,933,4.103040261123528,5.513711894758251,-0.43079992130170897,4.29458536492924,5.866923837998633,0.04460153601088521,0.060203942132794404
33044033_10_49,xgboost_direct,1,lags_only,933,5.316255482581551,7.108165746445014,-0.49025527396436247,4.29458536492924,5.866923837998633,-0.23789726617045462,-0.2115660510891858
33044033_10_49,persistence,2,lags_only,931,5.26089164860472,7.149496079497862,,,,,
33044033_10_49,sarima,2,lags_only,931,4.6722209230532386,6.244881478418944,-0.6009300123214248,5.26089164860472,7.149496079497862,0.11189561862723542,0.12652844214755518
33044033_10_49,xgboost_direct,2,lags_only,931,5.4707296129146386,7.407594435797932,-0.7639461046277144,5.26089164860472,7.149496079497862,-0.039886387769565844,-0.03610021649500618
33044033_10_49,persistence,3,lags_only,929,5.7146088221968885,7.700801696264227,,,,,
33044033_10_49,sarima,3,lags_only,929,4.883081611538375,6.523795487966872,-0.7782808687660318,5.7146088221968885,7.700801696264227,0.14550903421922168,0.15284203576730693
33044033_10_49,xgboost_direct,3,lags_only,929,5.7121426857779305,7.660901305094161,-0.8964967840847305,5.7146088221968885,7.700801696264227,0.0004315494718341755,0.005181329521759099
33044033_10_49,persistence,4,lags_only,927,5.835956949749874,7.7834446343708,,,,,
33044033_10_49,sarima,4,lags_only,927,4.937706618036704,6.602895906753373,-0.9073881801709949,5.835956949749874,7.7834446343708,0.15391654521229262,0.15167432712301424
33044033_10_49,xgboost_direct,4,lags_only,927,6.1163512433295715,8.230104630992683,-1.2450639301559947,5.835956949749874,7.7834446343708,-0.048045983888163404,-0.05738590272094746
33044033_10_49,persistence,5,lags_only,928,5.953564558555052,7.945957032015151,,,,,
33044033_10_49,sarima,5,lags_only,928,5.041418869796902,6.744362233853961,-0.9595836849575641,5.953564558555052,7.945957032015151,0.15321001053854874,0.1512209030730761
33044033_10_49,xgboost_direct,5,lags_only,928,5.8500753729726025,7.733084109054209,-1.340351711279949,5.953564558555052,7.945957032015151,0.017382726695008194,0.026790092383240108
33044033_10_49,persistence,6,lags_only,929,6.120483720547826,8.229907507277751,,,,,
33044033_10_49,sarima,6,lags_only,929,5.1113891535868765,6.855753654227198,-1.0685464237465063,6.120483720547826,8.229907507277751,0.16487170181879487,0.16697075293195968
33044033_10_49,xgboost_direct,6,lags_only,929,6.034624293954509,7.86963616510659,-1.2452099183498726,6.120483720547826,8.229907507277751,0.014028209290887914,0.04377586769384367
33044033_10_49,persistence,7,lags_only,929,6.12194145669075,8.173818314243558,,,,,
33044033_10_49,sarima,7,lags_only,929,5.153548042495395,6.8649535972235665,-1.2345452252415852,6.12194145669075,8.173818314243558,0.15818403704873468,0.16012892221242378
33044033_10_49,xgboost_direct,7,lags_only,929,5.932995517916857,7.756582973389232,-1.1560062728659688,6.12194145669075,8.173818314243558,0.030863728461073617,0.05104534072249424
33060003_10_49,persistence,1,lags_only,885,4.146321657631048,6.814287440304732,,,,,
33060003_10_49,sarima,1,lags_only,885,4.123834765287721,6.660952418891422,-0.39044673236147287,4.146321657631048,6.814287440304732,0.005423335235446889,0.022501989057047082
33060003_10_49,xgboost_direct,1,lags_only,885,5.19189928026837,8.037866378729603,0.07163170053098553,4.146321657631048,6.814287440304732,-0.25216992529101095,-0.17956080502089194
33060003_10_49,persistence,2,lags_only,882,5.548815668004946,8.626512691532351,,,,,
33060003_10_49,sarima,2,lags_only,882,5.2149871399053005,8.246809319190366,-0.7473649519152198,5.548815668004946,8.626512691532351,0.060162122527251304,0.04401585970130162
33060003_10_49,xgboost_direct,2,lags_only,882,5.683645208070104,8.653706672005619,0.2663469732451336,5.548815668004946,8.626512691532351,-0.024298796019229667,-0.003152372394926245
33060003_10_49,persistence,3,lags_only,879,6.185653744984936,10.104822340337925,,,,,
33060003_10_49,sarima,3,lags_only,879,5.696174366356253,9.317165534418557,-1.0388860279122707,6.185653744984936,10.104822340337925,0.07913138995624064,0.07794860507097524
33060003_10_49,xgboost_direct,3,lags_only,879,5.747209832602621,8.73812221244681,0.20392951065401355,6.185653744984936,10.104822340337925,0.07088077193745068,0.13525226687413597
33060003_10_49,persistence,4,lags_only,876,6.532036808060091,10.687041860765097,,,,,
33060003_10_49,sarima,4,lags_only,876,5.942375633241674,9.703464057613258,-1.3403457122424596,6.532036808060091,10.687041860765097,0.09027217576159619,0.09203461687212136
33060003_10_49,xgboost_direct,4,lags_only,876,5.762863765883262,8.772341759546533,0.20173637518420673,6.532036808060091,10.687041860765097,0.11775393568323454,0.17916090590492817
33060003_10_49,persistence,5,lags_only,874,6.62818004713895,10.993026500034729,,,,,
33060003_10_49,sarima,5,lags_only,874,6.0573104310858925,9.849041438609586,-1.6134859557214107,6.62818004713895,10.993026500034729,0.08612765676144737,0.10406461418259376
33060003_10_49,xgboost_direct,5,lags_only,874,5.718780621661565,8.703164989254184,0.40484748864591885,6.62818004713895,10.993026500034729,0.13720197988132912,0.20830128179653812
33060003_10_49,persistence,6,lags_only,871,6.64747846077895,10.9934430707144,,,,,
33060003_10_49,sarima,6,lags_only,871,6.079663757371244,9.834146224913223,-1.8290956936622818,6.64747846077895,10.9934430707144,0.085418058404836,0.1054534815293169
33060003_10_49,xgboost_direct,6,lags_only,871,5.7250362052618815,8.72596036693169,0.6264403759528165,6.64747846077895,10.9934430707144,0.13876573816065838,0.2062577382897532
33060003_10_49,persistence,7,lags_only,870,6.790008895358654,11.12978509028426,,,,,
33060003_10_49,sarima,7,lags_only,870,6.133370489207273,9.918313826025399,-2.0066687221803123,6.790008895358654,11.12978509028426,0.0967065605172078,0.10884947502862519
33060003_10_49,xgboost_direct,7,lags_only,870,5.97668402737018,8.995324193049923,0.6498762934442357,6.790008895358654,11.12978509028426,0.11978259241227608,0.19177916553821095
33066004_10_49,persistence,1,lags_only,944,6.156140027754258,9.275232796486506,,,,,
33066004_10_49,sarima,1,lags_only,944,6.108206853866332,8.958269345953967,-1.0617969165094825,6.156140027754258,9.275232796486506,0.007786238401307405,0.03417309920809812
33066004_10_49,xgboost_direct,1,lags_only,944,8.027176782504881,11.016488126161434,0.06539995307590361,6.156140027754258,9.275232796486506,-0.3039301813011508,-0.1877317117403805
33066004_10_49,persistence,2,lags_only,940,8.283825295462607,11.822900306883296,,,,,
33066004_10_49,sarima,2,lags_only,940,7.791264322790402,10.92655679023192,-1.8492817137463031,8.283825295462607,11.822900306883296,0.05946056985798591,0.07581418208605924
33066004_10_49,xgboost_direct,2,lags_only,940,8.54613858797616,11.465108777824355,-0.5800715891885444,8.283825295462607,11.822900306883296,-0.0316657200215499,0.030262585302409675
33066004_10_49,persistence,3,lags_only,939,9.065095888228852,12.621215597875976,,,,,
33066004_10_49,sarima,3,lags_only,939,8.457663146481778,11.46113069665423,-2.431367562344619,9.065095888228852,12.621215597875976,0.06700786723456872,0.09191546505369706
33066004_10_49,xgboost_direct,3,lags_only,939,8.899648587932798,11.705150424677289,-0.3628455761534682,9.065095888228852,12.621215597875976,0.018251025950082756,0.07258137428163827
33066004_10_49,persistence,4,lags_only,939,9.578583356877674,13.261705605423893,,,,,
33066004_10_49,sarima,4,lags_only,939,8.844884891827963,12.024336382116669,-3.0738498094974567,9.578583356877674,13.261705605423893,0.0765978055119076,0.09330392787494497
33066004_10_49,xgboost_direct,4,lags_only,939,9.676509636838384,12.759869815727104,-0.3038194373878324,9.578583356877674,13.261705605423893,-0.010223461686575633,0.03784096892420415
33066004_10_49,persistence,5,lags_only,939,9.679713064387107,13.575208610992865,,,,,
33066004_10_49,sarima,5,lags_only,939,8.83371569719998,12.27159719593937,-3.718460656461558,9.679713064387107,13.575208610992865,0.08739901292112255,0.09602883111482086
33066004_10_49,xgboost_direct,5,lags_only,939,9.41562486596925,12.483497943003332,-0.554181877694969,9.679713064387107,13.575208610992865,0.027282647394732327,0.08041943952931176
33066004_10_49,persistence,6,lags_only,940,9.6774193296398,13.492318978834486,,,,,
33066004_10_49,sarima,6,lags_only,940,8.83715409963856,12.36062341865053,-4.36141401164743,9.6774193296398,13.492318978834486,0.08682740732621691,0.08387702380585998
33066004_10_49,xgboost_direct,6,lags_only,940,9.38202766208708,12.551026382515854,-0.645297734290184,9.6774193296398,13.492318978834486,0.03052380572659506,0.0697650713561728
33066004_10_49,persistence,7,lags_only,939,9.709562903011006,13.492540287458324,,,,,
33066004_10_49,sarima,7,lags_only,939,9.08359861138365,12.55808411070325,-4.926078260869381,9.709562903011006,13.492540287458324,0.06446884353910932,0.06925724562213652
33066004_10_49,xgboost_direct,7,lags_only,939,9.47288004442298,12.799588514499217,-1.099270604251507,9.709562903011006,13.492540287458324,0.024376262963869213,0.05135813999408432
34023003_10_49,persistence,1,lags_only,880,8.376904284231358,20.360509818169906,,,,,
34023003_10_49,sarima,1,lags_only,880,8.226624601411645,18.98271345038936,-2.5487807193203595,8.376904284231358,20.360509818169906,0.017939763631130267,0.0676700328275172
34023003_10_49,xgboost_direct,1,lags_only,880,10.15054111818463,19.82231843777527,0.737260719245666,8.376904284231358,20.360509818169906,-0.21172938997189658,0.02643309942633898
34023003_10_49,persistence,2,lags_only,877,11.00231461480532,24.629547523447805,,,,,
34023003_10_49,sarima,2,lags_only,877,10.21470478192928,21.631924597194757,-3.93334450899106,11.00231461480532,24.629547523447805,0.07158583084110218,0.12170840424085146
34023003_10_49,xgboost_direct,2,lags_only,877,10.853016072678702,20.001647931210037,1.2917440900433412,11.00231461480532,24.629547523447805,0.013569739400626935,0.18790030908330402
34023003_10_49,persistence,3,lags_only,874,11.998620563265872,25.583478127553494,,,,,
34023003_10_49,sarima,3,lags_only,874,10.952958701937202,22.050478654053382,-5.267382771784352,11.998620563265872,25.583478127553494,0.08714850643164716,0.13809691770154817
34023003_10_49,xgboost_direct,3,lags_only,874,11.636390267778951,20.722144874860806,1.8510937539912093,11.998620563265872,25.583478127553494,0.03018932831294784,0.19001846537265843
34023003_10_49,persistence,4,lags_only,871,12.91648450511202,26.692917682769746,,,,,
34023003_10_49,sarima,4,lags_only,871,11.526550105108102,22.68873624935319,-6.523352799051566,12.91648450511202,26.692917682769746,0.1076093421126946,0.15000913279709585
34023003_10_49,xgboost_direct,4,lags_only,871,11.698365263789466,23.01666003904344,1.9637097025594734,12.91648450511202,26.692917682769746,0.09430733578013843,0.13772408424648636
34023003_10_49,persistence,5,lags_only,868,13.339744288637297,27.279290342839676,,,,,
34023003_10_49,sarima,5,lags_only,868,11.855477151738476,23.11598454910327,-7.7125912473824645,13.339744288637297,27.279290342839676,0.11126653590827142,0.15261781891731646
34023003_10_49,xgboost_direct,5,lags_only,868,12.207981349089302,26.023626553576804,1.9452501220338205,13.339744288637297,27.279290342839676,0.08484142687142984,0.04602992869249846
34023003_10_49,persistence,6,lags_only,865,12.993210812392768,26.873902575404383,,,,,
34023003_10_49,sarima,6,lags_only,865,12.012656761239146,22.95341651357365,-8.686163694178019,12.993210812392768,26.873902575404383,0.07546664679821719,0.14588450824477023
34023003_10_49,xgboost_direct,6,lags_only,865,11.081217895778993,20.298783815486573,1.183337184932843,12.993210812392768,26.873902575404383,0.14715322826826907,0.24466557253710933
34023003_10_49,persistence,7,lags_only,864,13.172673434294056,27.172927155415888,,,,,
34023003_10_49,sarima,7,lags_only,864,12.646015744711509,23.582561692605804,-9.79701539520189,13.172673434294056,27.172927155415888,0.039981078420378534,0.13213024280656055
34023003_10_49,xgboost_direct,7,lags_only,864,11.38951328181994,20.838183446041707,1.0770721541824742,13.172673434294056,27.172927155415888,0.13536812867703782,0.23312702651218017
34080004_10_49,persistence,1,lags_only,1036,4.526871438672681,16.189973787360657,,,,,
34080004_10_49,sarima,1,lags_only,1036,4.523456668964657,15.057852229229798,-2.036799625584236,4.526871438672681,16.189973787360657,0.0007543332639959024,0.06992732496050698
34080004_10_49,xgboost_direct,1,lags_only,1036,5.785412795970232,16.012875950179325,0.04177185874368161,4.526871438672681,16.189973787360657,-0.2780157056252886,0.01093873526340052
34080004_10_49,persistence,2,lags_only,1035,5.8586916829987175,19.68792869097303,,,,,
34080004_10_49,sarima,2,lags_only,1035,5.791381399930809,17.403439063295153,-3.089723927382199,5.8586916829987175,19.68792869097303,0.011488961479784936,0.11603504175252946
34080004_10_49,xgboost_direct,2,lags_only,1035,6.126634711480544,16.134374056003487,-0.16571109729910286,5.8586916829987175,19.68792869097303,-0.045734277033107555,0.18049408298592926
34080004_10_49,persistence,3,lags_only,1034,6.477488268863048,19.85171064840892,,,,,
34080004_10_49,sarima,3,lags_only,1034,6.451328550486614,17.447569513820795,-4.023889591556567,6.477488268863048,19.85171064840892,0.004038558973882364,0.12110498571974758
34080004_10_49,xgboost_direct,3,lags_only,1034,6.202441263350556,16.506879338403,-0.21543040073379174,6.477488268863048,19.85171064840892,0.042461984351963904,0.1684908353363493
34080004_10_49,persistence,4,lags_only,1033,6.877640046117255,20.67773512604433,,,,,
34080004_10_49,sarima,4,lags_only,1033,6.893984666971156,17.908222209931694,-4.868912292216516,6.877640046117255,20.67773512604433,-0.002376486810054586,0.13393695679099482
34080004_10_49,xgboost_direct,4,lags_only,1033,6.061264427832858,15.749394749619091,-0.48317997279196956,6.877640046117255,20.67773512604433,0.11869996289574349,0.23834043459710544
34080004_10_49,persistence,5,lags_only,1032,7.163440476920003,20.93719485271732,,,,,
34080004_10_49,sarima,5,lags_only,1032,7.284891770282885,17.981503255427377,-5.6351107540652645,7.163440476920003,20.93719485271732,-0.016954324357714386,0.14116941730168497
34080004_10_49,xgboost_direct,5,lags_only,1032,6.065180750433761,15.791459693298792,-0.4677124370496416,7.163440476920003,20.93719485271732,0.1533145602346723,0.24577003727654045
34080004_10_49,persistence,6,lags_only,1031,7.139035484703473,21.08032046110688,,,,,
34080004_10_49,sarima,6,lags_only,1031,7.6894418067353625,18.121948661397063,-6.3548879710868915,7.139035484703473,21.08032046110688,-0.077098135064775,0.1403380847633698
34080004_10_49,xgboost_direct,6,lags_only,1031,6.0706349262604515,15.68934628022896,-0.4431397963532127,7.139035484703473,21.08032046110688,0.14965614903193022,0.25573492541653947
34080004_10_49,persistence,7,lags_only,1030,7.193343877172497,21.167964814630018,,,,,
34080004_10_49,sarima,7,lags_only,1030,8.06420259157048,18.22227665572464,-6.954603118328491,7.193343877172497,21.167964814630018,-0.12106451870896696,0.13915783518638009
34080004_10_49,xgboost_direct,7,lags_only,1030,6.167680013982188,15.832092315743324,-0.27882474779428634,7.193343877172497,21.167964814630018,0.1425851287945752,0.25207300492104284
34120008_10_49,persistence,1,lags_only,1071,5.444941964488914,15.387683115624624,,,,,
34120008_10_49,sarima,1,lags_only,1071,5.785788337386959,15.375436937546004,-2.381855564500875,5.444941964488914,15.387683115624624,-0.06259871549063226,0.0007958428820375734
34120008_10_49,xgboost_direct,1,lags_only,1071,6.814601589748157,14.845649612009765,-0.24864682535348867,5.444941964488914,15.387683115624624,-0.2515471485631905,0.03522515375069548
34120008_10_49,persistence,2,lags_only,1070,7.427278312233614,18.77736741740272,,,,,
34120008_10_49,sarima,2,lags_only,1070,7.341821929067752,17.61516199523651,-3.858814708253076,7.427278312233614,18.77736741740272,0.011505746731626507,0.06189394904682361
34120008_10_49,xgboost_direct,2,lags_only,1070,7.48202273432408,15.27422306357813,0.31469684290923183,7.427278312233614,18.77736741740272,-0.007370724481980894,0.18656206037582782
34120008_10_49,persistence,3,lags_only,1069,8.279586415491568,19.55222394345865,,,,,
34120008_10_49,sarima,3,lags_only,1069,7.995258215089942,17.255911781048308,-5.21074323043051,8.279586415491568,19.55222394345865,0.03434086995814578,0.11744506246710573
34120008_10_49,xgboost_direct,3,lags_only,1069,7.793056070029039,15.528415802434303,0.576839294401848,8.279586415491568,19.55222394345865,0.05876263874149601,0.20579797738919328
34120008_10_49,persistence,4,lags_only,1068,8.762703232689798,20.00005855627555,,,,,
34120008_10_49,sarima,4,lags_only,1068,8.441511157979003,17.337371558215434,-6.291512665643636,8.762703232689798,20.00005855627555,0.036654450822044174,0.13313396011156317
34120008_10_49,xgboost_direct,4,lags_only,1068,7.8181234389054115,15.458802455742882,0.5573870088202839,8.762703232689798,20.00005855627555,0.10779547916909639,0.22706214023097093
34120008_10_49,persistence,5,lags_only,1067,8.992886936623949,20.37931004620112,,,,,
34120008_10_49,sarima,5,lags_only,1067,8.832166536531135,17.493906592550175,-7.175658006888587,8.992886936623949,20.37931004620112,0.017871947153952558,0.14158494311679648
34120008_10_49,xgboost_direct,5,lags_only,1067,7.7502858946194735,15.405414237199128,0.3438862609699434,8.992886936623949,20.37931004620112,0.13817598850753085,0.24406595697920444
34120008_10_49,persistence,6,lags_only,1066,9.23200948485943,20.480666486038444,,,,,
34120008_10_49,sarima,6,lags_only,1066,9.195505939219936,17.6588474062954,-7.921903968423641,9.23200948485943,20.480666486038444,0.003954019512150666,0.13777965095357916
34120008_10_49,xgboost_direct,6,lags_only,1066,7.724576054673098,15.301762890558377,0.2718748075224756,9.23200948485943,20.480666486038444,0.16328334937897707,0.2528679229755778
34120008_10_49,persistence,7,lags_only,1065,9.391931909124194,20.735375043547226,,,,,
34120008_10_49,sarima,7,lags_only,1065,9.568633856698392,17.993698327352455,-8.550854846010875,9.391931909124194,20.735375043547226,-0.0188142279228551,0.13222219084230988
34120008_10_49,xgboost_direct,7,lags_only,1065,7.973189493616622,15.850285618742985,0.2743466670375115,9.391931909124194,20.735375043547226,0.15105969988232923,0.2355920456970207
35002001_10_A,persistence,1,lags_only,184,14.204259036489658,38.15251937624124,,,,,
35002001_10_A,sarima,1,lags_only,184,19.804230263157855,40.95525290836506,-11.536305380889633,14.204259036489658,38.15251937624124,-0.39424592386567286,-0.07346129634283532
35002001_10_A,xgboost_direct,1,lags_only,184,36.42635170392867,99.43611773110297,18.12510680891964,14.204259036489658,38.15251937624124,-1.564466869433467,-1.606279201394625
35002001_10_A,persistence,2,lags_only,181,20.188394696423764,54.27144428005704,,,,,
35002001_10_A,sarima,2,lags_only,181,24.572984171445267,49.63343573260004,-23.304137845229146,20.188394696423764,54.27144428005704,-0.21718366125456243,0.08545946416173253
35002001_10_A,xgboost_direct,2,lags_only,181,30.669889368504275,58.80099374052624,11.46207627908788,20.188394696423764,54.27144428005704,-0.5191841565261867,-0.08346100828080703
35002001_10_A,persistence,3,lags_only,179,24.407137441944343,59.65166211956306,,,,,
35002001_10_A,sarima,3,lags_only,179,27.585054801586782,53.3050014567248,-27.412646095969023,24.407137441944343,59.65166211956306,-0.13020442758605114,0.10639537000858927
35002001_10_A,xgboost_direct,3,lags_only,179,29.64968324727477,56.072885985176065,8.849388967888556,24.407137441944343,59.65166211956306,-0.21479560304032072,0.059994575293038165
35002001_10_A,persistence,4,lags_only,177,26.33442643085237,61.251506119440066,,,,,
35002001_10_A,sarima,4,lags_only,177,28.935416531281867,54.35178133765397,-28.935416531281867,26.33442643085237,61.251506119440066,-0.09876767611624448,0.11264579793893846
35002001_10_A,xgboost_direct,4,lags_only,177,25.277935828539185,49.94108826637484,1.6907467123575537,26.33442643085237,61.251506119440066,0.040118230981307554,0.18465534269492048
35002001_10_A,persistence,5,lags_only,175,27.835239789196308,66.18580428673226,,,,,
35002001_10_A,sarima,5,lags_only,175,29.581803938227754,54.99151430089434,-29.581803938227754,27.835239789196308,66.18580428673226,-0.06274650990106936,0.16913430465151807
35002001_10_A,xgboost_direct,5,lags_only,175,29.49899614550797,79.94684299063182,7.040815519592441,27.835239789196308,66.18580428673226,-0.0597715833925532,-0.20791525995942492
35002001_10_A,persistence,6,lags_only,174,29.28672671240137,68.81202698968227,,,,,
35002001_10_A,sarima,6,lags_only,174,29.94221528001574,55.284323510805535,-29.94221528001574,29.28672671240137,68.81202698968227,-0.022381762702651412,0.19658923113695062
35002001_10_A,xgboost_direct,6,lags_only,174,26.855014786263826,52.140383982954745,4.409436987223128,29.28672671240137,68.81202698968227,0.08303119532671586,0.2422780396983115
35002001_10_A,persistence,7,lags_only,173,29.281495845613712,68.80252539419419,,,,,
35002001_10_A,sarima,7,lags_only,173,30.236939787528172,55.51911738465865,-30.236939787528172,29.281495845613712,68.80252539419419,-0.032629615199716064,0.19306570410650137
35002001_10_A,xgboost_direct,7,lags_only,173,30.476070140639127,65.98421573681009,5.980666957554161,29.281495845613712,68.80252539419419,-0.04079621824389682,0.04096229958474642
35004001_10_49,persistence,1,lags_only,1002,14.73061580337201,41.09027618586194,,,,,
35004001_10_49,sarima,1,lags_only,1002,15.01341060908858,39.1478069281508,-8.010222500497374,14.73061580337201,41.09027618586194,-0.019197758565655934,0.047273210063734986
35004001_10_49,xgboost_direct,1,lags_only,1002,20.72845068729875,50.3379158060056,-1.2696408369187746,14.73061580337201,41.09027618586194,-0.40716796663407423,-0.22505664304406703
35004001_10_49,persistence,2,lags_only,998,21.100973301455788,56.55037042888321,,,,,
35004001_10_49,sarima,2,lags_only,998,20.532689595726076,50.14995853273417,-14.299514569553388,21.100973301455788,56.55037042888321,0.026931634745516946,0.1131807245046802
35004001_10_49,xgboost_direct,2,lags_only,998,22.032135715138043,51.62486243581057,-2.030571990466162,21.100973301455788,56.55037042888321,-0.04412888450117194,0.08709948238565259
35004001_10_49,persistence,3,lags_only,995,23.31140694291724,63.04369549363169,,,,,
35004001_10_49,sarima,3,lags_only,995,22.940164914120615,53.29948471995438,-18.630857047151224,23.31140694291724,63.04369549363169,0.015925337741548088,0.15456281072009198
35004001_10_49,xgboost_direct,3,lags_only,995,21.801030608191752,50.68701459329482,-2.06446701198411,23.31140694291724,63.04369549363169,0.06479129888744832,0.19600184925049435
35004001_10_49,persistence,4,lags_only,994,25.15065603408757,65.07898266726852,,,,,
35004001_10_49,sarima,4,lags_only,994,24.61299586450121,53.744190601297056,-21.49043888919114,25.15065603408757,65.07898266726852,0.021377580324650383,0.1741697795726653
35004001_10_49,xgboost_direct,4,lags_only,994,20.627751382417788,50.4671796164062,-2.8334789402722493,25.15065603408757,65.07898266726852,0.17983247218441265,0.22452414669062318
35004001_10_49,persistence,5,lags_only,993,25.372124346985906,65.16620277228812,,,,,
35004001_10_49,sarima,5,lags_only,993,25.709056195645335,53.859406899640035,-23.557637620194864,25.372124346985906,65.16620277228812,-0.013279607338021533,0.17350705414212486
35004001_10_49,xgboost_direct,5,lags_only,993,20.459721935095107,49.28436518146314,-2.2710577495248576,25.372124346985906,65.16620277228812,0.19361415483817657,0.2437127976647846
35004001_10_49,persistence,6,lags_only,992,26.043616082213536,65.4264210848054,,,,,
35004001_10_49,sarima,6,lags_only,992,26.878746519719332,54.47267197177663,-25.40359276810323,26.043616082213536,65.4264210848054,-0.03206660837225857,0.16742088183045464
35004001_10_49,xgboost_direct,6,lags_only,992,21.447500105119783,53.022850455127134,-1.4576625895457156,26.043616082213536,65.4264210848054,0.17647764283519238,0.18958045425716955
35004001_10_49,persistence,7,lags_only,990,26.768976791051372,65.09307184040875,,,,,
35004001_10_49,sarima,7,lags_only,990,27.877257769937415,55.13168184100423,-26.835918705074306,26.768976791051372,65.09307184040875,-0.0414016937418591,0.15303302974896094
35004001_10_49,xgboost_direct,7,lags_only,990,20.894422624188284,50.43128040261253,-1.9853446094602936,26.768976791051372,65.09307184040875,0.21945381822837917,0.2252435017008126
35006001_10_49,persistence,1,lags_only,565,13.910112414636927,42.35885865074168,,,,,
35006001_10_49,sarima,1,lags_only,565,17.105291106923758,42.62143963679722,-8.240587124021168,13.910112414636927,42.35885865074168,-0.22970185984440367,-0.006198962729864337
35006001_10_49,xgboost_direct,1,lags_only,565,22.22698801535562,58.558447738652056,-2.5360992331114476,13.910112414636927,42.35885865074168,-0.5979013938066563,-0.3824368645406533
35006001_10_49,persistence,2,lags_only,560,21.634899038398036,61.50491996407475,,,,,
35006001_10_49,sarima,2,lags_only,560,21.29270065806593,54.327000030868106,-17.490398495961713,21.634899038398036,61.50491996407475,0.01581696220189272,0.11670480893885066
35006001_10_49,xgboost_direct,2,lags_only,560,23.04025061605163,59.435065844547864,-4.724024199962004,21.634899038398036,61.50491996407475,-0.06495762125625587,0.03365347228702836
35006001_10_49,persistence,3,lags_only,555,24.739686034068185,67.62254091515905,,,,,
35006001_10_49,sarima,3,lags_only,555,23.43056391328523,59.14772564484284,-22.157924839247485,24.739686034068185,67.62254091515905,0.052915874477154144,0.12532530064123032
35006001_10_49,xgboost_direct,3,lags_only,555,24.16361259448306,62.26935918459912,-3.1219572473934476,24.739686034068185,67.62254091515905,0.02328539815710819,0.07916268241496824
35006001_10_49,persistence,4,lags_only,551,26.44005379941249,71.45122068004346,,,,,
35006001_10_49,sarima,4,lags_only,551,24.85703998511904,60.30285602316718,-24.335936143078808,26.44005379941249,71.45122068004346,0.05987180761064198,0.15602763046972062
35006001_10_49,xgboost_direct,4,lags_only,551,24.29089235578867,60.786594818677074,-1.7439457490695118,26.44005379941249,71.45122068004346,0.08128430675400417,0.1492574340909063
35006001_10_49,persistence,5,lags_only,546,27.159517272603658,73.72608951875172,,,,,
35006001_10_49,sarima,5,lags_only,546,25.432102640493767,60.8240000753091,-25.222596529430014,27.159517272603658,73.72608951875172,0.06360255282785782,0.17500032251352574
35006001_10_49,xgboost_direct,5,lags_only,546,25.547128442271248,61.92438088528772,-1.3050093917239893,27.159517272603658,73.72608951875172,0.05936735966801805,0.16007506583490122
35006001_10_49,persistence,6,lags_only,543,27.817610544898557,72.79121364321468,,,,,
35006001_10_49,sarima,6,lags_only,543,26.09746764042528,61.473075790729496,-25.96224094126964,27.817610544898557,72.79121364321468,0.06183647232018398,0.15548769262126755
35006001_10_49,xgboost_direct,6,lags_only,543,27.05370107270138,63.755773861071475,0.10967297681998918,27.817610544898557,72.79121364321468,0.027461361965802268,0.12412816506165576
35006001_10_49,persistence,7,lags_only,539,28.7789892708475,75.08982268247718,,,,,
35006001_10_49,sarima,7,lags_only,539,26.655317709077472,62.479513759495575,-26.52619409560757,28.7789892708475,75.08982268247718,0.07379243036590105,0.16793632575622422
35006001_10_49,xgboost_direct,7,lags_only,539,27.599433545659334,65.45654903606759,0.7582678478790343,28.7789892708475,75.08982268247718,0.0409866974161956,0.12829000392163123
35016010_10_49,persistence,1,lags_only,979,12.444514423216361,37.16317622223008,,,,,
35016010_10_49,sarima,1,lags_only,979,14.842226764858948,33.821384938239326,-11.461717995114402,12.444514423216361,37.16317622223008,-0.1926722297150814,0.08992211171637628
35016010_10_49,xgboost_direct,1,lags_only,979,25.851670941331214,79.21633780769398,7.514033187274388,12.444514423216361,37.16317622223008,-1.0773547333516362,-1.131581470162627
35016010_10_49,persistence,2,lags_only,975,19.027469818172335,52.972626963669285,,,,,
35016010_10_49,sarima,2,lags_only,975,22.619781893067334,47.85200360796268,-21.68538597969644,19.027469818172335,52.972626963669285,-0.1887960989676164,0.09666546005389785
35016010_10_49,xgboost_direct,2,lags_only,975,29.690564715389506,70.88458494618038,10.523546042179163,19.027469818172335,52.972626963669285,-0.5604052981880595,-0.33813610933050053
35016010_10_49,persistence,3,lags_only,972,22.30773081142092,60.42206147977377,,,,,
35016010_10_49,sarima,3,lags_only,972,26.309743366284682,52.706042732672366,-25.983178094791725,22.30773081142092,60.42206147977377,-0.17940025315415967,0.12770201079094815
35016010_10_49,xgboost_direct,3,lags_only,972,27.492396799744963,65.88886092360941,7.896902700057588,22.30773081142092,60.42206147977377,-0.23241566038934094,-0.09047687731848827
35016010_10_49,persistence,4,lags_only,971,23.387515558675474,63.23392712714155,,,,,
35016010_10_49,sarima,4,lags_only,971,27.757207858847277,54.99599529009325,-27.685623660507943,23.387515558675474,63.23392712714155,-0.18683866993947926,0.13027708717955583
35016010_10_49,xgboost_direct,4,lags_only,971,30.445866977389237,90.0463975059332,11.447052753687561,23.387515558675474,63.23392712714155,-0.30179996678165777,-0.4240203257482498
35016010_10_49,persistence,5,lags_only,971,23.003733836330337,59.045646814106135,,,,,
35016010_10_49,sarima,5,lags_only,971,27.17401578924633,48.126111413055526,-27.164192579482638,23.003733836330337,59.045646814106135,-0.18128717635959465,0.18493379258641482
35016010_10_49,xgboost_direct,5,lags_only,971,30.851564604393218,101.2027484232843,13.417422867307813,23.003733836330337,59.045646814106135,-0.3411546501059153,-0.7139747616264024
35016010_10_49,persistence,6,lags_only,970,23.319878618894872,56.70005803525816,,,,,
35016010_10_49,sarima,6,lags_only,970,27.390415551696382,44.75989650058475,-27.37140818130104,23.319878618894872,56.70005803525816,-0.17455223499762848,0.21058464397423687
35016010_10_49,xgboost_direct,6,lags_only,970,24.59816649694632,50.26721908382138,8.04982289707742,23.319878618894872,56.70005803525816,-0.05481537442547912,0.11345383363517203
35016010_10_49,persistence,7,lags_only,969,24.182435332328886,60.15973417900666,,,,,
35016010_10_49,sarima,7,lags_only,969,28.195767629475544,49.29425392056298,-28.180869114791324,24.182435332328886,60.15973417900666,-0.16596063390610355,0.18061050978239362
35016010_10_49,xgboost_direct,7,lags_only,969,29.47315025803311,70.09459397557768,10.926631295368813,24.182435332328886,60.15973417900666,-0.2187833794651444,-0.16514135130666663
35016012_10_49,persistence,1,lags_only,636,14.562784728282494,42.98464807801838,,,,,
35016012_10_49,sarima,1,lags_only,636,17.607123817295545,41.2411270660486,-13.375597945743767,14.562784728282494,42.98464807801838,-0.2090492406373773,0.04056148159699346
35016012_10_49,xgboost_direct,1,lags_only,636,30.405627110301406,84.59822214179333,10.28450490894092,14.562784728282494,42.98464807801838,-1.0878992361433735,-0.9681031699560528
35016012_10_49,persistence,2,lags_only,633,22.484469167818045,61.18847889009491,,,,,
35016012_10_49,sarima,2,lags_only,633,25.915516308306092,54.85520470309743,-23.34185311183011,22.484469167818045,61.18847889009491,-0.15259631503326285,0.10350435738683977
35016012_10_49,xgboost_direct,2,lags_only,633,33.420131968570104,76.82109441182516,12.14141747997436,22.484469167818045,61.18847889009491,-0.4863651758523275,-0.2554829896949902
35016012_10_49,persistence,3,lags_only,629,24.889918292792164,66.12691055587457,,,,,
35016012_10_49,sarima,3,lags_only,629,29.257988396172447,56.706254539540474,-28.038077466987858,24.889918292792164,66.12691055587457,-0.17549555816120244,0.14246327156587824
35016012_10_49,xgboost_direct,3,lags_only,629,29.41292715372091,67.04655572271847,8.475273544061842,24.889918292792164,66.12691055587457,-0.1817205186341877,-0.013907275557155046
35016012_10_49,persistence,4,lags_only,625,25.91173778768397,67.71063083719834,,,,,
35016012_10_49,sarima,4,lags_only,625,30.850073115411213,56.56170709719352,-30.458257442417565,25.91173778768397,67.71063083719834,-0.1905829461609661,0.16465544039622076
35016012_10_49,xgboost_direct,4,lags_only,625,22.9052756725701,50.80525918443037,1.8874498913734652,25.91173778768397,67.71063083719834,0.1160270353053226,0.24967086325653648
35016012_10_49,persistence,5,lags_only,624,26.0726570698932,67.04400119609475,,,,,
35016012_10_49,sarima,5,lags_only,624,31.961004441277183,56.444682083027075,-31.885369558051888,26.0726570698932,67.04400119609475,-0.22584377785505474,0.15809496635002565
35016012_10_49,xgboost_direct,5,lags_only,624,22.446595765482577,48.542747199849885,1.4637311660092756,26.0726570698932,67.04400119609475,0.13907525016304279,0.27595688900086934
35016012_10_49,persistence,6,lags_only,618,25.19629164014731,63.69080503194864,,,,,
35016012_10_49,sarima,6,lags_only,618,31.839655829007672,55.09612755823991,-31.804575220366864,25.19629164014731,63.69080503194864,-0.2636643631428263,0.1349437720154026
35016012_10_49,xgboost_direct,6,lags_only,618,25.450897421365806,66.15008185324469,4.461716160317906,25.19629164014731,63.69080503194864,-0.01010489102343973,-0.03861274512172391
35016012_10_49,persistence,7,lags_only,615,24.45472077220054,61.737160391069835,,,,,
35016012_10_49,sarima,7,lags_only,615,30.97295467675536,52.64364959835385,-30.939713989491896,24.45472077220054,61.737160391069835,-0.2665429699759471,0.14729395934496756
35016012_10_49,xgboost_direct,7,lags_only,615,22.55755059364024,69.33689510932169,3.784849061548614,24.45472077220054,61.737160391069835,0.07757889350824046,-0.12309822269297536
35017001_10_47,persistence,1,lags_only,844,11.615326557343975,31.02271849692168,,,,,
35017001_10_47,sarima,1,lags_only,844,12.09218566719689,28.815898437438772,-6.400327285067433,11.615326557343975,31.02271849692168,-0.04105430075501524,0.07113561178405065
35017001_10_47,xgboost_direct,1,lags_only,844,16.425483252287673,36.308407136223444,-1.068232818346836,11.615326557343975,31.02271849692168,-0.4141215204924566,-0.17038122045385068
35017001_10_47,persistence,2,lags_only,840,17.313438688300366,44.054505314994266,,,,,
35017001_10_47,sarima,2,lags_only,840,17.321575091005815,38.15777889539071,-12.047173575997377,17.313438688300366,44.054505314994266,-0.0004699472387855572,0.13385070102232108
35017001_10_47,xgboost_direct,2,lags_only,840,16.832069626070343,37.63875764948176,-1.577594149247161,17.313438688300366,44.054505314994266,0.02780320367873022,0.14563204420613163
35017001_10_47,persistence,3,lags_only,835,19.562664198483475,50.65342132380056,,,,,
35017001_10_47,sarima,3,lags_only,835,20.087260399611083,41.58734673636026,-15.963812617509149,19.562664198483475,50.65342132380056,-0.02681619414436788,0.17898247246687787
35017001_10_47,xgboost_direct,3,lags_only,835,16.556515695691388,35.75804068834644,-2.0720858247782394,19.562664198483475,50.65342132380056,0.15366764323568605,0.29406465044554086
35017001_10_47,persistence,4,lags_only,832,21.607793410643993,52.94203369804553,,,,,
35017001_10_47,sarima,4,lags_only,832,22.45888596975034,43.23063843497151,-19.364035037168627,21.607793410643993,52.94203369804553,-0.03938822178330807,0.18343449589531985
35017001_10_47,xgboost_direct,4,lags_only,832,17.432325656596557,38.08073455274199,-1.9670885290419413,21.607793410643993,52.94203369804553,0.19323897052767086,0.2807088830411171
35017001_10_47,persistence,5,lags_only,829,22.40745031384314,54.10680789122928,,,,,
35017001_10_47,sarima,5,lags_only,829,24.020862265940412,45.03320671140232,-22.03354065905819,22.40745031384314,54.10680789122928,-0.07200337073158745,0.16769795767785056
35017001_10_47,xgboost_direct,5,lags_only,829,18.31911717125157,39.62317956634541,-2.522264993796881,22.40745031384314,54.10680789122928,0.18245418757286413,0.267685877052667
35017001_10_47,persistence,6,lags_only,828,23.224857062953603,57.31000129179525,,,,,
35017001_10_47,sarima,6,lags_only,828,25.763100492231942,49.869355991474876,-24.550333273547082,23.224857062953603,57.31000129179525,-0.10928994836860105,0.12983153258776164
35017001_10_47,xgboost_direct,6,lags_only,828,21.810305485994814,49.17673868857133,-0.38770691178366806,23.224857062953603,57.31000129179525,0.060906793661829106,0.14191698516657195
35017001_10_47,persistence,7,lags_only,826,23.28940638159455,55.73234872539759,,,,,
35017001_10_47,sarima,7,lags_only,826,26.52101750141513,50.07238671275003,-25.929012190446503,23.28940638159455,55.73234872539759,-0.13875884455236695,0.10155613646457143
35017001_10_47,xgboost_direct,7,lags_only,826,20.427872784740295,47.56196608269433,-1.6662338106220875,23.28940638159455,55.73234872539759,0.12286846431241391,0.14660036459184722
35017002_10_47,persistence,1,lags_only,979,15.114041244430563,48.74786882903429,,,,,
35017002_10_47,sarima,1,lags_only,979,15.575366823486155,45.86780969964485,-8.267311818977154,15.114041244430563,48.74786882903429,-0.030522980028626513,0.059080718779526836
35017002_10_47,xgboost_direct,1,lags_only,979,25.471326736913127,61.923007923086416,3.8544312873692306,15.114041244430563,48.74786882903429,-0.6852757197747601,-0.27027107872672784
35017002_10_47,persistence,2,lags_only,973,20.37531321177079,53.715548605896025,,,,,
35017002_10_47,sarima,2,lags_only,973,19.92554613964328,44.431410831185694,-13.784596019654431,20.37531321177079,53.715548605896025,0.02207411819650855,0.17283892682222868
35017002_10_47,xgboost_direct,2,lags_only,973,25.11549889863331,52.492557606123505,4.225123209585709,20.37531321177079,53.715548605896025,-0.23264357399542296,0.022767914161045726
35017002_10_47,persistence,3,lags_only,967,22.966993863698505,61.095328508019236,,,,,
35017002_10_47,sarima,3,lags_only,967,22.265957275269567,46.2659392184394,-17.61767904669926,22.966993863698505,61.095328508019236,0.030523654623210925,0.24272542028533922
35017002_10_47,xgboost_direct,3,lags_only,967,23.803662552025255,51.590380868954824,3.878111219792499,22.966993863698505,61.095328508019236,-0.03642917716145618,0.15557568591871657
35017002_10_47,persistence,4,lags_only,964,24.73788318691836,63.61005765310264,,,,,
35017002_10_47,sarima,4,lags_only,964,23.558490494059146,44.97510076270018,-20.17452234373075,24.73788318691836,63.61005765310264,0.04767557045798034,0.2929561389808538
35017002_10_47,xgboost_direct,4,lags_only,964,20.265970234622895,40.57765245230627,1.9951591027631619,24.73788318691836,63.61005765310264,0.18077185175893537,0.36208747563794963
35017002_10_47,persistence,5,lags_only,963,25.53158661523486,63.92069390484699,,,,,
35017002_10_47,sarima,5,lags_only,963,25.234069878638735,46.343937027577645,-23.009808459838307,25.53158661523486,63.92069390484699,0.011652888677846448,0.27497756678665425
35017002_10_47,xgboost_direct,5,lags_only,963,23.810686343213064,46.6586209382854,5.563147376413963,25.53158661523486,63.92069390484699,0.06740279395699307,0.27005453026304893
35017002_10_47,persistence,6,lags_only,962,27.131365046897084,72.67699899307037,,,,,
35017002_10_47,sarima,6,lags_only,962,27.082145332279445,57.02843417518854,-25.648467896777564,27.131365046897084,72.67699899307037,0.0018141259952295626,0.21531660683146658
35017002_10_47,xgboost_direct,6,lags_only,962,23.464193417905353,54.82077593120781,1.2514012970109312,27.131365046897084,72.67699899307037,0.13516355047573003,0.24569290572337912
35017002_10_47,persistence,7,lags_only,962,27.83799745627549,73.56074076847175,,,,,
35017002_10_47,sarima,7,lags_only,962,28.21921688991842,59.52244122528899,-27.31198265609502,27.83799745627549,73.56074076847175,-0.013694211813967653,0.1908395619256677
35017002_10_47,xgboost_direct,7,lags_only,962,25.22830236374079,59.35161792675901,1.5245662471291974,27.83799745627549,73.56074076847175,0.09374579104095719,0.1931617693524205
35017003_10_49,persistence,1,lags_only,625,13.743544787528771,43.61811128290195,,,,,
35017003_10_49,sarima,1,lags_only,625,13.85916195432145,43.547399441124135,-7.041630612828623,13.743544787528771,43.61811128290195,-0.008412470623851961,0.0016211578103230112
35017003_10_49,xgboost_direct,1,lags_only,625,26.130854726466705,73.79449986296527,4.222305789915871,13.743544787528771,43.61811128290195,-0.901318410238564,-0.6918316197678254
35017003_10_49,persistence,2,lags_only,621,20.787469372370545,56.97232815673721,,,,,
35017003_10_49,sarima,2,lags_only,621,20.30332900469608,54.560391121762976,-12.492539237555695,20.787469372370545,56.97232815673721,0.023290009909429074,0.042335237351345895
35017003_10_49,xgboost_direct,2,lags_only,621,26.947085743709216,64.27414975755121,2.927118831815522,20.787469372370545,56.97232815673721,-0.29631391204961505,-0.1281643534160282
35017003_10_49,persistence,3,lags_only,620,25.181049661719644,73.25513315441754,,,,,
35017003_10_49,sarima,3,lags_only,620,24.127923609451457,63.20366399897684,-15.43856769130206,25.181049661719644,73.25513315441754,0.0418221665266462,0.13721180649897644
35017003_10_49,xgboost_direct,3,lags_only,620,29.912313248065157,74.24144082890511,5.3047190738753365,25.181049661719644,73.25513315441754,-0.18788984771901718,-0.013464007667674265
35017003_10_49,persistence,4,lags_only,618,28.777725117757278,83.22063512738752,,,,,
35017003_10_49,sarima,4,lags_only,618,26.989578797591847,67.2416493389977,-17.297339286102154,28.777725117757278,83.22063512738752,0.062136472318378516,0.19200749626496436
35017003_10_49,xgboost_direct,4,lags_only,618,29.493373328151073,82.46306714660685,4.428812811605926,28.777725117757278,83.22063512738752,-0.024868130036873708,0.009103126641860557
35017003_10_49,persistence,5,lags_only,615,29.971193081867025,83.70046320964761,,,,,
35017003_10_49,sarima,5,lags_only,615,28.092519984888213,66.43116629659029,-19.585644640857502,29.971193081867025,83.70046320964761,0.06268262634214032,0.20632259668387112
35017003_10_49,xgboost_direct,5,lags_only,615,26.497041412544128,60.586514196863156,1.0940829358490471,29.971193081867025,83.70046320964761,0.11591636208252268,0.2761507896902565
35017003_10_49,persistence,6,lags_only,613,29.952013247016765,84.01068733743647,,,,,
35017003_10_49,sarima,6,lags_only,613,28.65401831765074,65.92540203454709,-21.26213099413917,29.952013247016765,84.01068733743647,0.043335815815162534,0.2152736262024402
35017003_10_49,xgboost_direct,6,lags_only,613,25.947309726238664,59.58861404939805,0.7600315231434727,29.952013247016765,84.01068733743647,0.13370398469548525,0.29070198164127575
35017003_10_49,persistence,7,lags_only,613,29.628803348251818,82.64696107412131,,,,,
35017003_10_49,sarima,7,lags_only,613,29.174395426535973,64.65932433928701,-22.75965036581748,29.628803348251818,82.64696107412131,0.015336695052271022,0.21764426061234388
35017003_10_49,xgboost_direct,7,lags_only,613,27.93907866929923,69.22057445984088,4.39947021767444,29.628803348251818,82.64696107412131,0.057029798304435574,0.16245469209979876
35017004_10_49,persistence,1,lags_only,778,17.92861488231724,48.47175982046958,,,,,
35017004_10_49,sarima,1,lags_only,778,17.151509260894418,46.61012603434565,-7.799311523906123,17.92861488231724,48.47175982046958,0.04334443159852088,0.03840656483319521
35017004_10_49,xgboost_direct,1,lags_only,778,28.743808591396593,62.35715389098865,0.7227710580473099,17.92861488231724,48.47175982046958,-0.603236434050811,-0.2864635846098429
35017004_10_49,persistence,2,lags_only,772,26.814406192313882,67.91695628723977,,,,,
35017004_10_49,sarima,2,lags_only,772,24.305238895545358,61.67166780379277,-14.308297800575364,26.814406192313882,67.91695628723977,0.09357534449104285,0.09195477572690286
35017004_10_49,xgboost_direct,2,lags_only,772,33.8074966057828,70.47440285204571,2.866508615824753,26.814406192313882,67.91695628723977,-0.26079601999440993,-0.037655494365645414
35017004_10_49,persistence,3,lags_only,767,30.639134902361643,76.38332596043723,,,,,
35017004_10_49,sarima,3,lags_only,767,27.165317416744376,66.31431556757092,-19.038539436916828,30.639134902361643,76.38332596043723,0.11337844546483943,0.13182209947340556
35017004_10_49,xgboost_direct,3,lags_only,767,33.49295835439207,68.65985453817588,2.1702866197221176,30.639134902361643,76.38332596043723,-0.09314308191549033,0.10111462580539801
35017004_10_49,persistence,4,lags_only,765,33.03829088283412,80.2572773078311,,,,,
35017004_10_49,sarima,4,lags_only,765,28.612761750318597,68.15311453994181,-22.685684108929724,33.03829088283412,80.2572773078311,0.13395151547669548,0.15081701216281143
35017004_10_49,xgboost_direct,4,lags_only,765,31.562260839626735,66.25092385069365,-0.9590213373908109,33.03829088283412,80.2572773078311,0.04467634383515562,0.17451817364069463
35017004_10_49,persistence,5,lags_only,764,34.24416146414571,81.84082380273516,,,,,
35017004_10_49,sarima,5,lags_only,764,30.322719618016894,69.31610223025147,-25.881830637860812,34.24416146414571,81.84082380273516,0.11451417346675702,0.1530375794196869
35017004_10_49,xgboost_direct,5,lags_only,764,33.17995461584677,69.18901395444433,-0.015918813193323816,34.24416146414571,81.84082380273516,0.03107703044249424,0.15459045083400047
35017004_10_49,persistence,6,lags_only,763,35.42212883832829,83.07635979568124,,,,,
35017004_10_49,sarima,6,lags_only,763,31.169097996590942,70.53644827397085,-28.195458287620006,35.42212883832829,83.07635979568124,0.1200670592427913,0.15094440286684643
35017004_10_49,xgboost_direct,6,lags_only,763,33.781504123044705,70.3661772037292,-0.2257205980624747,35.42212883832829,83.07635979568124,0.046316378181888336,0.1529939759422727
35017004_10_49,persistence,7,lags_only,763,35.66411672267472,82.19607047052607,,,,,
35017004_10_49,sarima,7,lags_only,763,31.160422201577703,69.46184930629242,-29.15661729429488,35.66411672267472,82.19607047052607,0.12628083729418804,0.15492493852002198
35017004_10_49,xgboost_direct,7,lags_only,763,36.309839462767414,77.10900587100359,3.0787684023037216,35.66411672267472,82.19607047052607,-0.01810567033284054,0.061889389242112264
35017005_10_49,persistence,1,lags_only,377,23.095268398123878,72.66506580824996,,,,,
35017005_10_49,sarima,1,lags_only,377,24.884579231849113,69.94504568977487,-13.169711152879731,23.095268398123878,72.66506580824996,-0.07747521279599366,0.037432294159792476
35017005_10_49,xgboost_direct,1,lags_only,377,35.02232319846098,92.74680720032691,-4.276562479337035,23.095268398123878,72.66506580824996,-0.5164284993243892,-0.27636032760321244
35017005_10_49,persistence,2,lags_only,374,31.872603158428362,86.41324079584128,,,,,
35017005_10_49,sarima,2,lags_only,374,32.256861662289616,77.5825305604856,-24.593956001830446,31.872603158428362,86.41324079584128,-0.012056075305529008,0.10219163352777146
35017005_10_49,xgboost_direct,2,lags_only,374,33.62915639905802,84.13889808316601,-11.338678012157926,31.872603158428362,86.41324079584128,-0.05511169677288049,0.026319377582986317
35017005_10_49,persistence,3,lags_only,369,37.14077017627037,100.88942787490144,,,,,
35017005_10_49,sarima,3,lags_only,369,37.20892033610529,85.75086326843906,-31.98455432178972,37.14077017627037,100.88942787490144,-0.0018349150949609602,0.15005105019758413
35017005_10_49,xgboost_direct,3,lags_only,369,36.28342497056872,89.11367962351727,-8.392478908622873,37.14077017627037,100.88942787490144,0.023083667937759195,0.11671934809646849
35017005_10_49,persistence,4,lags_only,367,40.60075026057504,105.7361878554208,,,,,
35017005_10_49,sarima,4,lags_only,367,38.986935879702926,86.62377005941835,-35.60846125285018,40.60075026057504,105.7361878554208,0.0397483881582157,0.18075569191255467
35017005_10_49,xgboost_direct,4,lags_only,367,35.45445066539015,87.59803039739137,-8.340118219334318,40.60075026057504,105.7361878554208,0.12675380533995098,0.1715416247352399
35017005_10_49,persistence,5,lags_only,366,38.93878908405208,91.60708167308353,,,,,
35017005_10_49,sarima,5,lags_only,366,38.13228737466057,68.46910411051924,-36.00468747046421,38.93878908405208,91.60708167308353,0.02071203877579813,0.25257848127
35017005_10_49,xgboost_direct,5,lags_only,366,37.087997075517805,78.77792153743414,1.046627558624771,38.93878908405208,91.60708167308353,0.047530805453123215,0.14004550632267243
35017005_10_49,persistence,6,lags_only,366,41.95798795761605,105.36570036138687,,,,,
35017005_10_49,sarima,6,lags_only,366,41.99725658387784,85.22395750814376,-40.44759428064368,41.95798795761605,105.36570036138687,-0.0009359034637566884,0.19116033760664314
35017005_10_49,xgboost_direct,6,lags_only,366,38.686692202529514,89.41442861058843,-4.30165848781814,41.95798795761605,105.36570036138687,0.07796598250590664,0.15138960492919637
35017005_10_49,persistence,7,lags_only,370,42.11614078214221,104.79357639395432,,,,,
35017005_10_49,sarima,7,lags_only,370,43.402899643326215,85.6700050529345,-41.9035662566323,42.11614078214221,104.79357639395432,-0.03055262987746511,0.18248801118427224
35017005_10_49,xgboost_direct,7,lags_only,370,35.1161740234548,85.19411254947764,-10.716062541248524,42.11614078214221,104.79357639395432,0.1662062721961335,0.18702924853710218
35019001_10_A,persistence,1,lags_only,861,14.769905118351128,41.810043235828886,,,,,
35019001_10_A,sarima,1,lags_only,861,17.0508941260405,40.009166994755596,-13.593471325377237,14.769905118351128,41.810043235828886,-0.15443491271012416,0.043072814608573255
35019001_10_A,xgboost_direct,1,lags_only,861,26.31275633001592,66.73597978709203,2.7614680442922213,14.769905118351128,41.810043235828886,-0.78151153437832,-0.5961710302634418
35019001_10_A,persistence,2,lags_only,851,23.03892118546879,62.86038998223104,,,,,
35019001_10_A,sarima,2,lags_only,851,27.590489209528986,57.87156224750039,-25.449620651964143,23.03892118546879,62.86038998223104,-0.19755994594620951,0.07936361413190178
35019001_10_A,xgboost_direct,2,lags_only,851,31.50023425573096,77.6729358300864,4.955204518784641,23.03892118546879,62.86038998223104,-0.36726168739180914,-0.23564196550550312
35019001_10_A,persistence,3,lags_only,843,27.91404791180702,71.34116264774835,,,,,
35019001_10_A,sarima,3,lags_only,843,32.73744460997908,62.886901176794446,-31.733283779455277,27.91404791180702,71.34116264774835,-0.17279459838327024,0.11850467748468539
35019001_10_A,xgboost_direct,3,lags_only,843,34.89831447284574,86.22217965105227,7.927352541571564,27.91404791180702,71.34116264774835,-0.2502061536580128,-0.20858949379308434
35019001_10_A,persistence,4,lags_only,840,30.664317666558798,75.17733491705631,,,,,
35019001_10_A,sarima,4,lags_only,840,36.211840651016395,66.39876295580737,-35.8038904686267,30.664317666558798,75.17733491705631,-0.18091134604007478,0.1167715239032403
35019001_10_A,xgboost_direct,4,lags_only,840,34.68814297119805,77.23331613887099,7.119057279285732,30.664317666558798,75.17733491705631,-0.1312217460174391,-0.02734841856369416
35019001_10_A,persistence,5,lags_only,836,32.688194119965424,77.35244809992761,,,,,
35019001_10_A,sarima,5,lags_only,836,38.39756577712462,68.37958501214163,-38.23246186204137,32.688194119965424,77.35244809992761,-0.1746615807592749,0.11599972991409924
35019001_10_A,xgboost_direct,5,lags_only,836,39.763611214914164,102.44251351386248,11.553627925606573,32.688194119965424,77.35244809992761,-0.21645175836211733,-0.3243603276979975
35019001_10_A,persistence,6,lags_only,834,34.28190154257171,79.65639201766098,,,,,
35019001_10_A,sarima,6,lags_only,834,39.55598124734793,69.40145585073361,-39.428330698630994,34.28190154257171,79.65639201766098,-0.15384443299409165,0.128739651736344
35019001_10_A,xgboost_direct,6,lags_only,834,35.8811795028287,76.35777780288997,6.816793850496157,34.28190154257171,79.65639201766098,-0.046650794976205945,0.04141054008622003
35019001_10_A,persistence,7,lags_only,832,34.617572963244804,79.3872753858844,,,,,
35019001_10_A,sarima,7,lags_only,832,39.57614179827696,68.81615897027272,-39.44972374256845,34.617572963244804,79.3872753858844,-0.1432384887379861,0.13315882632610523
35019001_10_A,xgboost_direct,7,lags_only,832,32.45656994405817,69.47530495892552,3.921148224013253,34.617572963244804,79.3872753858844,0.06242502966574466,0.12485590894483942
35019004_10_47,persistence,1,lags_only,912,16.65239642708912,41.105122254272146,,,,,
35019004_10_47,sarima,1,lags_only,912,20.43819851153212,41.551182019742804,-13.022432465022447,16.65239642708912,41.105122254272146,-0.22734277922212365,-0.010851683221165887
35019004_10_47,xgboost_direct,1,lags_only,912,31.475608687578976,66.51037385045552,8.912229748331853,16.65239642708912,41.105122254272146,-0.8901548990496254,-0.6180556145540463
35019004_10_47,persistence,2,lags_only,908,24.761755422114398,59.56034696023715,,,,,
35019004_10_47,sarima,2,lags_only,908,28.04549266195209,56.57338255814941,-26.462849968564438,24.761755422114398,59.56034696023715,-0.1326132652495642,0.050150218300136024
35019004_10_47,xgboost_direct,2,lags_only,908,37.34025343221114,77.51755368913157,12.340969430499772,24.761755422114398,59.56034696023715,-0.5079808679017584,-0.3014960060740205
35019004_10_47,persistence,3,lags_only,904,28.844230165863934,66.2216884371777,,,,,
35019004_10_47,sarima,3,lags_only,904,31.94126710118156,60.7473371491217,-31.580236531093846,28.844230165863934,66.2216884371777,-0.10737110741068945,0.08266704484965436
35019004_10_47,xgboost_direct,3,lags_only,904,40.4172804892057,95.91903814628158,15.818433228075815,28.844230165863934,66.2216884371777,-0.40122583465715234,-0.4484535264798746
35019004_10_47,persistence,4,lags_only,901,29.601497820633053,66.16855738482269,,,,,
35019004_10_47,sarima,4,lags_only,901,33.05529537915696,59.095073406717596,-32.86625290064979,29.601497820633053,66.16855738482269,-0.11667644588296862,0.10690098526656959
35019004_10_47,xgboost_direct,4,lags_only,901,40.14625180973943,86.71699833036901,17.516117026227814,29.601497820633053,66.16855738482269,-0.3562236631741113,-0.31054690864787665
35019004_10_47,persistence,5,lags_only,899,30.31341186753436,67.00161231572385,,,,,
35019004_10_47,sarima,5,lags_only,899,33.71669232324448,59.20974778589056,-33.595719544344874,30.31341186753436,67.00161231572385,-0.1122697923474273,0.11629368698049523
35019004_10_47,xgboost_direct,5,lags_only,899,38.620819434066235,74.43279726818332,15.479037353092385,30.31341186753436,67.00161231572385,-0.2740505622670968,-0.11091053924855379
35019004_10_47,persistence,6,lags_only,898,31.52322770319418,69.36590800810868,,,,,
35019004_10_47,sarima,6,lags_only,898,34.31848298757109,59.954870482922935,-34.21180182388149,31.52322770319418,69.36590800810868,-0.0886728767338019,0.13567237560107506
35019004_10_47,xgboost_direct,6,lags_only,898,38.69068826609165,72.19970090240682,15.110879562616573,31.52322770319418,69.36590800810868,-0.2273707702264005,-0.04085281913943777
35019004_10_47,persistence,7,lags_only,897,32.603781578639804,70.81830335743963,,,,,
35019004_10_47,sarima,7,lags_only,897,34.717182715314934,60.71329230389021,-34.604067907086026,32.603781578639804,70.81830335743963,-0.06482073656326152,0.14268925651249542
35019004_10_47,xgboost_direct,7,lags_only,897,36.14215505936537,64.47556495358194,13.282352655792403,32.603781578639804,70.81830335743963,-0.10852647482596664,0.08956354647250067
35022003_10_49,persistence,1,lags_only,513,19.127208702334826,45.93044837811884,,,,,
35022003_10_49,sarima,1,lags_only,513,19.3869176104341,42.96731350096423,-9.489400165136047,19.127208702334826,45.93044837811884,-0.013577982660249406,0.06451351950150436
35022003_10_49,xgboost_direct,1,lags_only,513,30.525635799910926,65.5705129155178,-1.1080337477373476,19.127208702334826,45.93044837811884,-0.5959273658254544,-0.42760445915340634
35022003_10_49,persistence,2,lags_only,510,28.652553980309733,69.91557885046734,,,,,
35022003_10_49,sarima,2,lags_only,510,26.988890018789647,61.88592351571242,-18.654258388285236,28.652553980309733,69.91557885046734,0.0580633741293488,0.1148478703427233
35022003_10_49,xgboost_direct,2,lags_only,510,32.95268805861937,73.3500820016235,-1.4799762961989589,28.652553980309733,69.91557885046734,-0.15007856127815783,-0.04912357456843407
35022003_10_49,persistence,3,lags_only,506,33.419121338089035,80.0269761528413,,,,,
35022003_10_49,sarima,3,lags_only,506,30.39768166086645,67.35089252198014,-24.58270458375646,33.419121338089035,80.0269761528413,0.09041050620857993,0.15839763340116034
35022003_10_49,xgboost_direct,3,lags_only,506,33.549516004122715,75.33611570913938,-0.14407352613902857,33.419121338089035,80.0269761528413,-0.0039017981566458726,0.058615990122417944
35022003_10_49,persistence,4,lags_only,499,35.547094935145864,82.99380676696295,,,,,
35022003_10_49,sarima,4,lags_only,499,32.237378248425586,68.30876048479398,-28.131192932613306,35.547094935145864,82.99380676696295,0.09310793730848367,0.17694147134861385
35022003_10_49,xgboost_direct,4,lags_only,499,33.30607724733903,72.37995220631852,-0.04592516071311466,35.547094935145864,82.99380676696295,0.06304362401190508,0.12788730839214194
35022003_10_49,persistence,5,lags_only,496,36.69614936337827,84.30084691230833,,,,,
35022003_10_49,sarima,5,lags_only,496,34.289457890317465,70.48657178962438,-31.799831569784722,36.69614936337827,84.30084691230833,0.06558430556919997,0.16386875848416893
35022003_10_49,xgboost_direct,5,lags_only,496,35.21243081036528,73.03543295918516,0.2961132235698086,36.69614936337827,84.30084691230833,0.04043254070939937,0.1336334611779371
35022003_10_49,persistence,6,lags_only,493,37.26233005888596,85.33927160162217,,,,,
35022003_10_49,sarima,6,lags_only,493,35.56815868256214,71.69826969398439,-33.616085556216866,37.26233005888596,85.33927160162217,0.04546606113054398,0.15984436768239876
35022003_10_49,xgboost_direct,6,lags_only,493,36.96441044553202,76.9350342775065,1.8201421626132863,37.26233005888596,85.33927160162217,0.007995195493226956,0.09848030298814875
35022003_10_49,persistence,7,lags_only,492,37.59263302524416,85.06905120464246,,,,,
35022003_10_49,sarima,7,lags_only,492,37.318159029851856,72.64719351456891,-35.48558437437492,37.59263302524416,85.06905120464246,0.007301270842294857,0.14602087967563526
35022003_10_49,xgboost_direct,7,lags_only,492,35.3691640048212,71.53130991612308,-0.527319303872882,37.59263302524416,85.06905120464246,0.05914640293830601,0.15913826587712773
35024001_10_49,persistence,1,lags_only,348,14.784472076732198,43.25219450325001,,,,,
35024001_10_49,sarima,1,lags_only,348,13.990633937585656,40.962156459925104,-5.238605634389762,14.784472076732198,43.25219450325001,0.053694047039791484,0.052946170006537584
35024001_10_49,xgboost_direct,1,lags_only,348,18.271348228769757,45.99416008746744,-5.718154119343511,14.784472076732198,43.25219450325001,-0.2358471870987672,-0.06339483153881124
35024001_10_49,persistence,2,lags_only,346,19.29404034329581,51.524690884684475,,,,,
35024001_10_49,sarima,2,lags_only,346,17.311407584642232,47.331548631563145,-9.499316457677537,19.29404034329581,51.524690884684475,0.10275881688733438,0.08138122094717362
35024001_10_49,xgboost_direct,2,lags_only,346,18.948194992656948,50.73050949241519,-6.991204628151172,19.29404034329581,51.524690884684475,0.01792498328423125,0.015413608090278806
35024001_10_49,persistence,3,lags_only,344,19.037202599810033,50.87542202554028,,,,,
35024001_10_49,sarima,3,lags_only,344,18.47649928244064,49.32108703992625,-13.112560709065276,19.037202599810033,50.87542202554028,0.02945303094977778,0.030551785591748655
35024001_10_49,xgboost_direct,3,lags_only,344,20.255728557031986,51.86535837619799,-6.001532211364571,19.037202599810033,50.87542202554028,-0.06400761618380382,-0.019458046955575986
35024001_10_49,persistence,4,lags_only,343,21.608177378014457,56.252011773352116,,,,,
35024001_10_49,sarima,4,lags_only,343,20.34941571719944,52.73651580412806,-15.638614034842023,21.608177378014457,56.252011773352116,0.05825394890064905,0.06249547097779403
35024001_10_49,xgboost_direct,4,lags_only,343,20.287943448727052,52.8079984870659,-7.918221549944356,21.608177378014457,56.252011773352116,0.06109881024165855,0.06122471317404017
35024001_10_49,persistence,5,lags_only,342,22.54355962557968,58.32289095723747,,,,,
35024001_10_49,sarima,5,lags_only,342,21.448530512557635,53.790956077268646,-17.722571007257233,22.54355962557968,58.32289095723747,0.048573922273549834,0.07770422222882696
35024001_10_49,xgboost_direct,5,lags_only,342,21.87443773879578,53.83420832427908,-5.327863566015917,22.54355962557968,58.32289095723747,0.029681288043999075,0.0769626223818278
35024001_10_49,persistence,6,lags_only,341,23.7451371661393,60.626541785362164,,,,,
35024001_10_49,sarima,6,lags_only,341,23.41949104992679,55.37709697503421,-20.025298816100598,23.7451371661393,60.626541785362164,0.013714223419053725,0.08658657834901266
35024001_10_49,xgboost_direct,6,lags_only,341,22.32079253350718,54.81265295416082,-5.605890649510974,23.7451371661393,60.626541785362164,0.05998468750322672,0.09589675841621347
35024001_10_49,persistence,7,lags_only,340,24.120273589985192,59.168992838167085,,,,,
35024001_10_49,sarima,7,lags_only,340,24.488379284779448,55.228898279864474,-21.960541010849006,24.120273589985192,59.168992838167085,-0.015261257026002157,0.0665905294193388
35024001_10_49,xgboost_direct,7,lags_only,340,22.363757806767005,53.337483093395875,-5.948218068662116,24.120273589985192,59.168992838167085,0.07282321142275508,0.09855685326131802
35024002_10_49,persistence,1,lags_only,945,12.040800935685795,33.56585398338156,,,,,
35024002_10_49,sarima,1,lags_only,945,12.158418357666996,32.33186318473558,-6.096433357817211,12.040800935685795,33.56585398338156,-0.009768239057305051,0.036763277325133
35024002_10_49,xgboost_direct,1,lags_only,945,19.38662921207236,41.21423821712122,1.8995250817670215,12.040800935685795,33.56585398338156,-0.6100780434477118,-0.22786204806606067
35024002_10_49,persistence,2,lags_only,941,16.87283393567205,42.890605595672376,,,,,
35024002_10_49,sarima,2,lags_only,941,16.151757248438834,38.29607521769076,-10.370707912769484,16.87283393567205,42.890605595672376,0.04273595591483511,0.10712206820519216
35024002_10_49,xgboost_direct,2,lags_only,941,20.294225676930772,42.09072229639214,2.6507725597146634,16.87283393567205,42.890605595672376,-0.2027751683151055,0.01864938226381552
35024002_10_49,persistence,3,lags_only,937,18.206013532811898,46.72066533444483,,,,,
35024002_10_49,sarima,3,lags_only,937,17.879824963955855,39.254023622904064,-13.56937131079747,18.206013532811898,46.72066533444483,0.017916528968198776,0.15981454155439823
35024002_10_49,xgboost_direct,3,lags_only,937,21.096367957954406,42.80494845482264,4.397345056557108,18.206013532811898,46.72066533444483,-0.1587582267767378,0.08381123966433167
35024002_10_49,persistence,4,lags_only,936,19.94139576857445,48.893566512615514,,,,,
35024002_10_49,sarima,4,lags_only,936,19.538170883966355,40.26273058493275,-16.233221806230922,19.94139576857445,48.893566512615514,0.020220494557534104,0.17652293631424576
35024002_10_49,xgboost_direct,4,lags_only,936,20.18013193972711,41.61142471079412,3.477029326503393,19.94139576857445,48.893566512615514,-0.011971888724503738,0.14893865024026134
35024002_10_49,persistence,5,lags_only,935,20.287204036155504,49.219523135146616,,,,,
35024002_10_49,sarima,5,lags_only,935,20.63265640029189,40.52078408197367,-18.130614263213857,20.287204036155504,49.219523135146616,-0.017028091378226674,0.17673350936960538
35024002_10_49,xgboost_direct,5,lags_only,935,19.317414053682498,40.555691523184095,3.0644683428971145,20.287204036155504,49.219523135146616,0.04780303785305573,0.17602428995854824
35024002_10_49,persistence,6,lags_only,934,20.996796092432216,50.59136247206862,,,,,
35024002_10_49,sarima,6,lags_only,934,21.783335436776184,41.576052751607165,-19.79926420087756,20.996796092432216,50.59136247206862,-0.03745996964877212,0.17819859517400397
35024002_10_49,xgboost_direct,6,lags_only,934,19.772644444247742,40.7604480344947,3.376619313531065,20.996796092432216,50.59136247206862,0.058301830564792205,0.19432001743383653
35024002_10_49,persistence,7,lags_only,932,21.468535722165313,50.12634619489677,,,,,
35024002_10_49,sarima,7,lags_only,932,22.702532041786373,42.00769477530686,-21.214573011732647,21.468535722165313,50.12634619489677,-0.05747929600745956,0.1619637583003496
35024002_10_49,xgboost_direct,7,lags_only,932,19.388141851893813,39.170223604244114,2.258980453578128,21.468535722165313,50.12634619489677,0.09690432068562485,0.2185701416986197
35026001_10_49,persistence,1,lags_only,1027,13.747889807524688,37.428895972201055,,,,,
35026001_10_49,sarima,1,lags_only,1027,16.009559602463604,36.09583810965897,-12.541864710356736,13.747889807524688,37.428895972201055,-0.16451032315526903,0.0356157409380219
35026001_10_49,xgboost_direct,1,lags_only,1027,31.323982931643105,89.07844466558451,9.63964523876007,13.747889807524688,37.428895972201055,-1.278457521131601,-1.3799378087920167
35026001_10_49,persistence,2,lags_only,1023,20.64689837967585,54.83172290616821,,,,,
35026001_10_49,sarima,2,lags_only,1023,23.692632028115643,50.83507738573881,-22.663067916821056,20.64689837967585,54.83172290616821,-0.14751531161881032,0.07288929306979336
35026001_10_49,xgboost_direct,2,lags_only,1023,31.70962037295473,93.34243769168458,7.719807684891651,20.64689837967585,54.83172290616821,-0.5358055137312379,-0.7023436934750078
35026001_10_49,persistence,3,lags_only,1019,23.7248166003861,61.42423895766765,,,,,
35026001_10_49,sarima,3,lags_only,1019,27.041207721715484,54.5942204696547,-26.647834161742775,23.7248166003861,61.42423895766765,-0.13978574322363418,0.11119418984938598
35026001_10_49,xgboost_direct,3,lags_only,1019,32.364228664074645,86.14769587711656,9.004537398342642,23.7248166003861,61.42423895766765,-0.3641508471575687,-0.4025032680744783
35026001_10_49,persistence,4,lags_only,1017,24.9442669354351,63.18372849272269,,,,,
35026001_10_49,sarima,4,lags_only,1017,28.599598700121852,55.855436083782756,-28.44354847305231,24.9442669354351,63.18372849272269,-0.1465399554193391,0.11598385508041026
35026001_10_49,xgboost_direct,4,lags_only,1017,33.93820719481153,94.47941071933538,10.818696874825825,24.9442669354351,63.18372849272269,-0.36056141808681114,-0.4953123687567318
35026001_10_49,persistence,5,lags_only,1016,25.95148835946812,64.88632054166943,,,,,
35026001_10_49,sarima,5,lags_only,1016,29.349839498933598,56.46798950097399,-29.290026431895708,25.95148835946812,64.88632054166943,-0.13095014406854347,0.12973968889620213
35026001_10_49,xgboost_direct,5,lags_only,1016,34.72484817962909,96.05187946961212,11.99479808547167,25.95148835946812,64.88632054166943,-0.3380676937922178,-0.48031015887128986
35026001_10_49,persistence,6,lags_only,1015,26.903960527791956,65.74483471770849,,,,,
35026001_10_49,sarima,6,lags_only,1015,29.73287642055257,56.74864215933331,-29.68522201842925,26.903960527791956,65.74483471770849,-0.10514867838281017,0.13683497109700754
35026001_10_49,xgboost_direct,6,lags_only,1015,32.24279055648368,74.98039468207544,10.3862820542336,26.903960527791956,65.74483471770849,-0.1984403011287756,-0.1404758260329057
35026001_10_49,persistence,7,lags_only,1014,27.094552583826037,64.24291608151442,,,,,
35026001_10_49,sarima,7,lags_only,1014,29.94905305130332,56.931637426030576,-29.896266813410886,27.094552583826037,64.24291608151442,-0.10535329781312808,0.11380676814556415
35026001_10_49,xgboost_direct,7,lags_only,1014,30.0749127085116,79.50680020659253,6.474706940178873,27.094552583826037,64.24291608151442,-0.10999849934649505,-0.23759637725209384
35026003_10_49,persistence,1,lags_only,572,12.302967826789857,33.92144376253379,,,,,
35026003_10_49,sarima,1,lags_only,572,11.758844467744098,27.721812494676325,-4.611660180548934,12.302967826789857,33.92144376253379,0.04422700007886912,0.1827643690892943
35026003_10_49,xgboost_direct,1,lags_only,572,18.86668613666613,39.6928264712497,2.302075741671651,12.302967826789857,33.92144376253379,-0.5335069068118424,-0.17013965411137363
35026003_10_49,persistence,2,lags_only,567,18.566060470781732,47.3530346346118,,,,,
35026003_10_49,sarima,2,lags_only,567,16.764976280925268,34.56656563446697,-10.519803920493466,18.566060470781732,47.3530346346118,0.09700949712465462,0.27002427824971553
35026003_10_49,xgboost_direct,2,lags_only,567,20.768990745371873,38.974228537329715,3.666347404014049,18.566060470781732,47.3530346346118,-0.11865361949332194,0.17694338202261187
35026003_10_49,persistence,3,lags_only,560,23.823171559917757,63.23718761863341,,,,,
35026003_10_49,sarima,3,lags_only,560,20.361446398657346,49.75046368742338,-15.78223137416939,23.823171559917757,63.23718761863341,0.14530916475809325,0.21327203879693174
35026003_10_49,xgboost_direct,3,lags_only,560,24.981700526404573,55.793789364899375,7.369454952807894,23.823171559917757,63.23718761863341,-0.04863034141247715,0.11770602922165332
35026003_10_49,persistence,4,lags_only,556,25.024899084862987,66.48856880955978,,,,,
35026003_10_49,sarima,4,lags_only,556,22.4270589744267,57.27450083142555,-19.956533732440327,25.024899084862987,66.48856880955978,0.10381021324508213,0.13858123498680913
35026003_10_49,xgboost_direct,4,lags_only,556,31.963907100930353,77.7392445186312,13.026909781011037,25.024899084862987,66.48856880955978,-0.27728415577366383,-0.16921218053732245
35026003_10_49,persistence,5,lags_only,554,26.947828676900276,71.73847850783315,,,,,
35026003_10_49,sarima,5,lags_only,554,23.727488493307913,58.38124791795579,-22.315013193494043,26.947828676900276,71.73847850783315,0.11950277041626155,0.18619339115784117
35026003_10_49,xgboost_direct,5,lags_only,554,31.40432415156504,71.99531328603341,9.717757169613852,26.947828676900276,71.73847850783315,-0.1653749371831534,-0.0035801536851971802
35026003_10_49,persistence,6,lags_only,550,28.418007649228475,74.101412201879,,,,,
35026003_10_49,sarima,6,lags_only,550,25.377595547140366,60.70446557685609,-24.502435993018025,28.418007649228475,74.101412201879,0.10698892545940507,0.18079205546750976
35026003_10_49,xgboost_direct,6,lags_only,550,28.252108042261145,65.67434733153016,4.098152307949254,28.418007649228475,74.101412201879,0.005837833848701682,0.11372340445267731
35026003_10_49,persistence,7,lags_only,545,28.256238374580487,74.05803026752105,,,,,
35026003_10_49,sarima,7,lags_only,545,26.212316423617438,61.70979329595425,-25.635927154262475,28.256238374580487,74.05803026752105,0.07233524589747857,0.16673731298227967
35026003_10_49,xgboost_direct,7,lags_only,545,27.249796100287025,62.11102829554038,1.8638586804180626,28.256238374580487,74.05803026752105,0.035618409674759294,0.16131946702908942
35026004_10_49,persistence,1,lags_only,924,11.875244273490505,30.865327991697743,,,,,
35026004_10_49,sarima,1,lags_only,924,14.190181525912932,30.89842322648268,-10.364011466086506,11.875244273490505,30.865327991697743,-0.19493807446050912,-0.0010722463339394822
35026004_10_49,xgboost_direct,1,lags_only,924,24.77611617022906,63.39801479357552,7.367524792279966,11.875244273490505,30.865327991697743,-1.0863668653568324,-1.0540204468466534
35026004_10_49,persistence,2,lags_only,919,16.900415929033805,41.408026355855995,,,,,
35026004_10_49,sarima,2,lags_only,919,20.88759751458319,39.912766346834765,-19.673015936623393,16.900415929033805,41.408026355855995,-0.23592209814787282,0.03611039068056833
35026004_10_49,xgboost_direct,2,lags_only,919,24.578095297524424,56.4452515191802,6.400118904485036,16.900415929033805,41.408026355855995,-0.4542893737485401,-0.36314759448074035
35026004_10_49,persistence,3,lags_only,914,19.94444772338558,48.653439894120034,,,,,
35026004_10_49,sarima,3,lags_only,914,24.396927445319545,45.022195404064846,-23.910937202447073,19.94444772338558,48.653439894120034,-0.22324407191848553,0.07463489730546347
35026004_10_49,xgboost_direct,3,lags_only,914,28.61275311225827,73.25219817456698,11.160631001097842,19.94444772338558,48.653439894120034,-0.4346224828631777,-0.5055913484016535
35026004_10_49,persistence,4,lags_only,910,20.604583328389307,49.278966302964456,,,,,
35026004_10_49,sarima,4,lags_only,910,25.972931744149225,45.355647938520704,-25.78504960443005,20.604583328389307,49.278966302964456,-0.2605414693517887,0.07961446147882648
35026004_10_49,xgboost_direct,4,lags_only,910,30.60114470091833,100.69141065725259,12.835898454751161,20.604583328389307,49.278966302964456,-0.48516202503137296,-1.043293888069956
35026004_10_49,persistence,5,lags_only,907,21.753971945033708,54.91706299746544,,,,,
35026004_10_49,sarima,5,lags_only,907,27.544940140789567,52.419661592373224,-27.527848696810768,21.753971945033708,54.91706299746544,-0.26620279783333545,0.04547587341310442
35026004_10_49,xgboost_direct,5,lags_only,907,34.06660572389,113.52060478271015,14.793101765714571,21.753971945033708,54.91706299746544,-0.5659947438549118,-1.0671281125858716
35026004_10_49,persistence,6,lags_only,908,23.610050635460166,60.8823568215549,,,,,
35026004_10_49,sarima,6,lags_only,908,28.615943245052783,57.297951436369395,-28.577520900153054,23.610050635460166,60.8823568215549,-0.21202379812240718,0.05887428759848002
35026004_10_49,xgboost_direct,6,lags_only,908,25.808085717202484,62.868447550131066,5.315016177466438,23.610050635460166,60.8823568215549,-0.09309743192338048,-0.03262177800372219
35026004_10_49,persistence,7,lags_only,907,24.852669324310245,62.21017908764588,,,,,
35026004_10_49,sarima,7,lags_only,907,29.643526295501665,59.19491795289584,-29.621474979113433,24.852669324310245,62.21017908764588,-0.19277031809637957,0.04846893513201323
35026004_10_49,xgboost_direct,7,lags_only,907,27.394476808688786,62.71755481746775,6.133486943415953,24.852669324310245,62.21017908764588,-0.10227502934230932,-0.008155831364945096
36024001_10_49,persistence,1,lags_only,893,3.8942657935195433,10.434927514391863,,,,,
36024001_10_49,sarima,1,lags_only,893,3.9659637683214006,9.424309413097896,-0.7319258854694591,3.8942657935195433,10.434927514391863,-0.018411166212940606,0.09684955644398302
36024001_10_49,xgboost_direct,1,lags_only,893,5.167756462532724,9.704095293802268,1.4288383188375793,3.8942657935195433,10.434927514391863,-0.32701688496260306,0.07003711521537927
36024001_10_49,persistence,2,lags_only,890,4.978759051881677,11.636495391060276,,,,,
36024001_10_49,sarima,2,lags_only,890,4.564714982030529,10.02073263027671,-1.046552659333704,4.978759051881677,11.636495391060276,0.08316210235051713,0.1388530400677917
36024001_10_49,xgboost_direct,2,lags_only,890,5.61421540977622,10.412830389835372,1.8941896387084154,4.978759051881677,11.636495391060276,-0.1276334828162407,0.10515752037894352
36024001_10_49,persistence,3,lags_only,891,5.422861574597873,11.992165648132339,,,,,
36024001_10_49,sarima,3,lags_only,891,4.843935201382394,10.194146109436566,-1.372953344834847,5.422861574597873,11.992165648132339,0.10675662014448685,0.14993284711471577
36024001_10_49,xgboost_direct,3,lags_only,891,5.749161433041809,10.766499243209557,2.0504145732806136,5.422861574597873,11.992165648132339,-0.06017115759922963,0.10220559329195618
36024001_10_49,persistence,4,lags_only,889,5.718132499181013,12.30309020105399,,,,,
36024001_10_49,sarima,4,lags_only,889,5.078865547997971,10.4250628710883,-1.7239132127581576,5.718132499181013,12.30309020105399,0.11179645649599788,0.15264679842831694
36024001_10_49,xgboost_direct,4,lags_only,889,6.345544157869117,11.270134197417688,2.5413198121189358,5.718132499181013,12.30309020105399,-0.10972317601559012,0.08395906936842666
36024001_10_49,persistence,5,lags_only,889,5.977980239951061,12.678865494816177,,,,,
36024001_10_49,sarima,5,lags_only,889,5.256127976281715,10.609082717920032,-1.9885479220549385,5.977980239951061,12.678865494816177,0.12075186512748586,0.1632466862072468
36024001_10_49,xgboost_direct,5,lags_only,889,6.392112014896184,11.254020362442235,2.608707215753545,5.977980239951061,12.678865494816177,-0.06927620338680023,0.1123795447594659
36024001_10_49,persistence,6,lags_only,888,6.131811275459016,12.70022944662408,,,,,
36024001_10_49,sarima,6,lags_only,888,5.329569779316796,10.415625391487607,-2.2146899751302493,6.131811275459016,12.70022944662408,0.13083271159257356,0.17988683312676343
36024001_10_49,xgboost_direct,6,lags_only,888,6.282477403347977,10.640289838172091,2.7114374496087317,6.131811275459016,12.70022944662408,-0.024571227182409058,0.16219703881015735
36024001_10_49,persistence,7,lags_only,889,6.2371524093809505,13.090068150591298,,,,,
36024001_10_49,sarima,7,lags_only,889,5.408590997800039,10.701763875897358,-2.4613281995541714,6.2371524093809505,13.090068150591298,0.13284289964354865,0.18245163029086728
36024001_10_49,xgboost_direct,7,lags_only,889,6.1284882293464955,10.964081129822507,2.3248981147310945,6.2371524093809505,13.090068150591298,0.01742208188964876,0.16241221942551592
36038008_10_49,persistence,1,lags_only,1022,5.116686979789004,7.71386148297316,,,,,
36038008_10_49,sarima,1,lags_only,1022,4.8982669470989375,7.407681622403533,-1.1231109625556692,5.116686979789004,7.71386148297316,0.042687784801538446,0.03969216471483946
36038008_10_49,xgboost_direct,1,lags_only,1022,6.169399051422729,8.974438392081337,0.32679756742918376,5.116686979789004,7.71386148297316,-0.20574095616791763,-0.16341710463568143
36038008_10_49,persistence,2,lags_only,1020,6.499037790425326,9.78104597674615,,,,,
36038008_10_49,sarima,2,lags_only,1020,5.898028006546306,8.876059171737499,-1.7491309978057559,6.499037790425326,9.78104597674615,0.09247673321186937,0.09252454258575236
36038008_10_49,xgboost_direct,2,lags_only,1020,6.4897964892072535,9.315218272734082,0.5135412677841816,6.499037790425326,9.78104597674615,0.0014219491432542208,0.04762555100134942
36038008_10_49,persistence,3,lags_only,1019,6.997056204979602,10.591022672209494,,,,,
36038008_10_49,sarima,3,lags_only,1019,6.271573154315175,9.478051576925637,-2.3909012189789887,6.997056204979602,10.591022672209494,0.10368403931758069,0.10508627256594001
36038008_10_49,xgboost_direct,3,lags_only,1019,6.9385538285652775,9.868155148811978,1.0111565190521372,6.997056204979602,10.591022672209494,0.008360998497152272,0.06825285392828945
36038008_10_49,persistence,4,lags_only,1018,7.422758598185531,11.094623037456653,,,,,
36038008_10_49,sarima,4,lags_only,1018,6.5631637895407975,9.894882157014022,-2.9425074365329893,7.422758598185531,11.094623037456653,0.11580530301158641,0.1081371468315936
36038008_10_49,xgboost_direct,4,lags_only,1018,7.037360322204958,10.050791623388825,0.7728616536159159,7.422758598185531,11.094623037456653,0.05192116527604472,0.09408444167447057
36038008_10_49,persistence,5,lags_only,1017,7.809549911372407,11.551148182526934,,,,,
36038008_10_49,sarima,5,lags_only,1017,6.846989316358209,10.240610375398296,-3.524652409372007,7.809549911372407,11.551148182526934,0.12325429838312456,0.11345519825561999
36038008_10_49,xgboost_direct,5,lags_only,1017,7.377656245192429,10.419548643342912,0.912787358323502,7.809549911372407,11.551148182526934,0.055303272414079466,0.09796424747591388
36038008_10_49,persistence,6,lags_only,1016,8.075803188725667,11.78666493258112,,,,,
36038008_10_49,sarima,6,lags_only,1016,7.038506846808791,10.459061668410882,-4.037082006871843,8.075803188725667,11.78666493258112,0.12844497540071398,0.11263604011516687
36038008_10_49,xgboost_direct,6,lags_only,1016,7.16925453692277,10.180589650439924,0.7751198316415825,8.075803188725667,11.78666493258112,0.11225492135178533,0.13626206321532275
36038008_10_49,persistence,7,lags_only,1015,8.20599322839638,12.12663258921697,,,,,
36038008_10_49,sarima,7,lags_only,1015,7.139751447392765,10.648176165949929,-4.491747130742463,8.20599322839638,12.12663258921697,0.12993451875075224,0.12191813451837301
36038008_10_49,xgboost_direct,7,lags_only,1015,6.950646925982235,9.939003719659901,0.6936716979798826,8.20599322839638,12.12663258921697,0.15297920281850708,0.18039870949024325
36038010_10_49,persistence,1,lags_only,915,4.098519608605233,6.225263201974529,,,,,
36038010_10_49,sarima,1,lags_only,915,4.049896830968639,6.109802749020916,-0.8588680074634316,4.098519608605233,6.225263201974529,0.011863497623509231,0.018547079731021047
36038010_10_49,xgboost_direct,1,lags_only,915,5.117710931357131,7.413471437297591,-0.4973399736258439,4.098519608605233,6.225263201974529,-0.24867303809209743,-0.19086875474537154
36038010_10_49,persistence,2,lags_only,911,5.453449465441161,8.193771080093189,,,,,
36038010_10_49,sarima,2,lags_only,911,5.248799754016201,7.7533125444049125,-1.4646945524232207,5.453449465441161,8.193771080093189,0.03752665404196705,0.05375528940006303
36038010_10_49,xgboost_direct,2,lags_only,911,5.50054045113255,7.982451770603533,-0.5575145957757662,5.453449465441161,8.193771080093189,-0.008635082435402992,0.0257902383925586
36038010_10_49,persistence,3,lags_only,905,6.022496181957964,8.95340091849386,,,,,
36038010_10_49,sarima,3,lags_only,905,5.813225698658784,8.467162991439285,-2.1293229617254164,6.022496181957964,8.95340091849386,0.03474813050543833,0.05430762360369886
36038010_10_49,xgboost_direct,3,lags_only,905,5.670219975087692,8.257082059438979,-0.4005810900753494,6.022496181957964,8.95340091849386,0.058493388161143495,0.07777143740057345
36038010_10_49,persistence,4,lags_only,904,6.42322945090341,9.453313268347957,,,,,
36038010_10_49,sarima,4,lags_only,904,6.085620065474502,8.922599295579518,-2.6156576683328625,6.42322945090341,9.453313268347957,0.05256069209569091,0.05614052530612743
36038010_10_49,xgboost_direct,4,lags_only,904,5.827546787018216,8.40360416255719,-0.5534717613897772,6.42322945090341,9.453313268347957,0.09273881128462767,0.11104139638590561
36038010_10_49,persistence,5,lags_only,903,6.5766159530431745,9.909577871917445,,,,,
36038010_10_49,sarima,5,lags_only,903,6.357103762272427,9.311861505115298,-3.1198244871753955,6.5766159530431745,9.909577871917445,0.03337768121752244,0.06031703615711062
36038010_10_49,xgboost_direct,5,lags_only,903,6.143282542871272,8.699017602724602,-0.44684972863332717,6.5766159530431745,9.909577871917445,0.06589002813390495,0.12216062932644445
36038010_10_49,persistence,6,lags_only,906,6.820184086247022,10.140319952053405,,,,,
36038010_10_49,sarima,6,lags_only,906,6.704542691129802,9.557299902991675,-3.634668883797849,6.820184086247022,10.140319952053405,0.016955758621004395,0.05749523208522322
36038010_10_49,xgboost_direct,6,lags_only,906,6.095945772274557,8.655561866596685,-0.637398907875795,6.820184086247022,10.140319952053405,0.10619043486419967,0.14642122659611526
36038010_10_49,persistence,7,lags_only,902,6.811402784404784,10.082665243487352,,,,,
36038010_10_49,sarima,7,lags_only,902,6.8691219063654945,9.614118049150385,-4.129191384639673,6.811402784404784,10.082665243487352,-0.008473896462687942,0.046470569340741875
36038010_10_49,xgboost_direct,7,lags_only,902,6.179297592247575,8.986806774788718,-0.002367787619563283,6.811402784404784,10.082665243487352,0.09280102970924896,0.10868737999672022
36041001_10_47,persistence,1,lags_only,600,4.878407506744464,7.777769308746957,,,,,
36041001_10_47,sarima,1,lags_only,600,4.786433662762008,7.50892322383649,-0.9446847470948744,4.878407506744464,7.777769308746957,0.018853251569349545,0.03456596284080064
36041001_10_47,xgboost_direct,1,lags_only,600,5.923084599484323,8.937929700019875,-0.6452679138935359,4.878407506744464,7.777769308746957,-0.21414305617060042,-0.14916364129856494
36041001_10_47,persistence,2,lags_only,599,6.3419087847709354,9.839908312452035,,,,,
36041001_10_47,sarima,2,lags_only,599,5.875574276052162,8.952673526642881,-1.4358016272452858,6.3419087847709354,9.839908312452035,0.07353220056374829,0.09016697693070896
36041001_10_47,xgboost_direct,2,lags_only,599,6.18429949439732,9.180205430192657,-0.25927026800766534,6.3419087847709354,9.839908312452035,0.024852027318981444,0.06704360054092663
36041001_10_47,persistence,3,lags_only,598,7.003794597353696,10.65565679361904,,,,,
36041001_10_47,sarima,3,lags_only,598,6.3766371714962755,9.591359186999965,-1.907606559515472,7.003794597353696,10.65565679361904,0.08954537674397035,0.09988099534666052
36041001_10_47,xgboost_direct,3,lags_only,598,6.463623940324594,9.714254429725367,-0.20587712410269288,7.003794597353696,10.65565679361904,0.07712542815478902,0.08834766191582066
36041001_10_47,persistence,4,lags_only,597,7.4448909522937265,11.246340636281223,,,,,
36041001_10_47,sarima,4,lags_only,597,6.716837263531428,10.07636766557715,-2.36207363606445,7.4448909522937265,11.246340636281223,0.09779239124221017,0.10403143640605064
36041001_10_47,xgboost_direct,4,lags_only,597,6.367826164309515,9.667835404594038,-0.43333022105468366,7.4448909522937265,11.246340636281223,0.14467166744092794,0.14035723109745163
36041001_10_47,persistence,5,lags_only,596,7.7909997332531615,11.855098989505537,,,,,
36041001_10_47,sarima,5,lags_only,596,6.89574984487988,10.443827104045408,-2.797769733163433,7.7909997332531615,11.855098989505537,0.11490821704847708,0.119043450139845
36041001_10_47,xgboost_direct,5,lags_only,596,6.338540466800104,9.480354413159798,-0.568770556530905,7.7909997332531615,11.855098989505537,0.1864278418921954,0.2003141920997816
36041001_10_47,persistence,6,lags_only,595,8.018481591651986,11.969260843178462,,,,,
36041001_10_47,sarima,6,lags_only,595,7.023775611393566,10.5390116316786,-3.232843894550913,8.018481591651986,11.969260843178462,0.1240516635087128,0.11949352848425827
36041001_10_47,xgboost_direct,6,lags_only,595,6.525439847733345,9.786722938646554,-0.7957190317368513,8.018481591651986,11.969260843178462,0.18620005880827126,0.1823452536566436
36041001_10_47,persistence,7,lags_only,594,7.973733641405785,12.080529588214441,,,,,
36041001_10_47,sarima,7,lags_only,594,7.100064081861504,10.646964317108772,-3.6626536486944765,7.973733641405785,12.080529588214441,0.1095684404364241,0.11866741939063923
36041001_10_47,xgboost_direct,7,lags_only,594,6.683349794021133,9.786279772014728,-0.3299955691898542,7.973733641405785,12.080529588214441,0.16182931427305045,0.18991301659804252
36057019_10_49,persistence,1,lags_only,938,5.838413296383532,9.221981887647065,,,,,
36057019_10_49,sarima,1,lags_only,938,5.836840515002481,9.077095370152971,-1.0505693636453295,5.838413296383532,9.221981887647065,0.0002693850711160005,0.01571099566874777
36057019_10_49,xgboost_direct,1,lags_only,938,7.626925084481678,11.264397113600975,-0.38588756271685837,5.838413296383532,9.221981887647065,-0.30633524851794874,-0.22147248290410818
36057019_10_49,persistence,2,lags_only,939,7.814720359607367,12.35119826765953,,,,,
36057019_10_49,sarima,2,lags_only,939,7.461363114152659,11.529908431116912,-1.81137512500533,7.814720359607367,12.35119826765953,0.04521687650925255,0.066494749638429
36057019_10_49,xgboost_direct,2,lags_only,939,8.086525249850034,11.794634376629146,0.03727233822453414,7.814720359607367,12.35119826765953,-0.03478114094108453,0.04506152998026883
36057019_10_49,persistence,3,lags_only,939,8.321024457027027,13.030110526361332,,,,,
36057019_10_49,sarima,3,lags_only,939,7.99358829381468,12.262540767871494,-2.4934680706998265,8.321024457027027,13.030110526361332,0.03935046278296064,0.05890738662093164
36057019_10_49,xgboost_direct,3,lags_only,939,8.093372358365562,12.124540329852847,0.07655575097094793,8.321024457027027,13.030110526361332,0.0273586623662926,0.06949827437583266
36057019_10_49,persistence,4,lags_only,937,8.952001280151952,13.978960905717,,,,,
36057019_10_49,sarima,4,lags_only,937,8.560030849652605,13.17539698367753,-3.114348547669861,8.952001280151952,13.978960905717,0.04378578803025971,0.05748380923726856
36057019_10_49,xgboost_direct,4,lags_only,937,8.195012216212053,12.465439901731475,-0.19557225472143114,8.952001280151952,13.978960905717,0.08456087530039431,0.1082713525127993
36057019_10_49,persistence,5,lags_only,933,9.662119155428035,15.298900204869055,,,,,
36057019_10_49,sarima,5,lags_only,933,9.102063691036324,14.209108250753426,-3.772166414561082,9.662119155428035,15.298900204869055,0.05796404032929776,0.07123335269346943
36057019_10_49,xgboost_direct,5,lags_only,933,8.367651507470462,12.583634912928948,-0.2558350191045693,9.662119155428035,15.298900204869055,0.13397347177511884,0.1774810774356147
36057019_10_49,persistence,6,lags_only,932,10.11871320433832,16.06232805761756,,,,,
36057019_10_49,sarima,6,lags_only,932,9.592946767359628,14.838740691726516,-4.580991760480145,10.11871320433832,16.06232805761756,0.05195981211852847,0.07617746079533953
36057019_10_49,xgboost_direct,6,lags_only,932,8.231942595653365,12.493892634189239,-0.4887935202105286,10.11871320433832,16.06232805761756,0.1864634929939527,0.2221617819426861
36057019_10_49,persistence,7,lags_only,934,10.105962432984832,16.039761023750053,,,,,
36057019_10_49,sarima,7,lags_only,934,9.768888152203155,14.866339116015787,-5.157029623344056,10.105962432984832,16.039761023750053,0.03335400096892309,0.07315706923543197
36057019_10_49,xgboost_direct,7,lags_only,934,8.090286585526846,12.215322144203498,-0.18098762724267856,10.105962432984832,16.039761023750053,0.19945412035958354,0.2384349039791624
36057022_10_47,persistence,1,lags_only,990,5.418761122431516,7.7594684929831175,,,,,
36057022_10_47,sarima,1,lags_only,990,5.358989509341806,7.663318175428632,-1.2388752729660375,5.418761122431516,7.7594684929831175,0.011030494192164961,0.01239135356260989
36057022_10_47,xgboost_direct,1,lags_only,990,7.226143825264521,9.821959507821544,0.33753962738166854,5.418761122431516,7.7594684929831175,-0.3335416826829954,-0.2658031302921761
36057022_10_47,persistence,2,lags_only,986,7.329593471595459,10.445286875412934,,,,,
36057022_10_47,sarima,2,lags_only,986,7.029543617315991,9.917858784595584,-2.149281686352207,7.329593471595459,10.445286875412934,0.04093676619887012,0.05049436143863686
36057022_10_47,xgboost_direct,2,lags_only,986,7.54331373207903,10.15332354689503,0.2322969736943058,7.329593471595459,10.445286875412934,-0.029158542190887676,0.027951681174516626
36057022_10_47,persistence,3,lags_only,983,8.090620733093683,11.581133002366801,,,,,
36057022_10_47,sarima,3,lags_only,983,7.758200528359621,10.896712548396444,-3.0063371268183783,8.090620733093683,11.581133002366801,0.0410871076151596,0.05909788393160536
36057022_10_47,xgboost_direct,3,lags_only,983,7.907701257727747,10.409078461160949,0.8348774321715166,8.090620733093683,11.581133002366801,0.02260883081785388,0.10120378903914871
36057022_10_47,persistence,4,lags_only,982,8.614833706764019,12.104746466545478,,,,,
36057022_10_47,sarima,4,lags_only,982,8.249811839674202,11.442862227742486,-3.7962001671169356,8.614833706764019,12.104746466545478,0.04237131899635125,0.054679727545907414
36057022_10_47,xgboost_direct,4,lags_only,982,8.161910822104979,10.923172445540352,0.666737630747142,8.614833706764019,12.104746466545478,0.05257476813550371,0.09761245510351696
36057022_10_47,persistence,5,lags_only,981,8.945579226540833,12.648702242135602,,,,,
36057022_10_47,sarima,5,lags_only,981,8.624153426578395,12.016659173026731,-4.584843743337666,8.945579226540833,12.648702242135602,0.03593124512371341,0.04996900527892868
36057022_10_47,xgboost_direct,5,lags_only,981,8.24170182284581,10.854552906315053,0.608176977294797,8.945579226540833,12.648702242135602,0.07868438542321256,0.14184453878942965
36057022_10_47,persistence,6,lags_only,981,9.180446577444055,12.969789463958463,,,,,
36057022_10_47,sarima,6,lags_only,981,9.035693658286043,12.454954476948398,-5.310073362518982,9.180446577444055,12.969789463958463,0.01576752480796128,0.03969493787395176
36057022_10_47,xgboost_direct,6,lags_only,981,8.106242078592553,10.761324512755312,0.6285005631066227,9.180446577444055,12.969789463958463,0.11701004845350056,0.17027762534929486
36057022_10_47,persistence,7,lags_only,979,9.31475508073208,13.17173203452125,,,,,
36057022_10_47,sarima,7,lags_only,979,9.350752036088029,12.781199043265534,-5.982032890325697,9.31475508073208,13.17173203452125,-0.00386450905514511,0.02964932707651387
36057022_10_47,xgboost_direct,7,lags_only,979,8.066494892707054,10.761309793356393,0.39198155391235723,9.31475508073208,13.17173203452125,0.13400891136763218,0.1829996415693457
36057026_10_49,persistence,1,lags_only,867,4.786057239080091,6.819390410062535,,,,,
36057026_10_49,sarima,1,lags_only,867,4.736608329636122,6.677886164978739,-1.019787242560041,4.786057239080091,6.819390410062535,0.010331867542284833,0.020750277748432737
36057026_10_49,xgboost_direct,1,lags_only,867,6.2576112496152625,8.426646095383331,1.1751608819682111,4.786057239080091,6.819390410062535,-0.30746686406492135,-0.23568905557147257
36057026_10_49,persistence,2,lags_only,866,6.450281093624591,9.041483174284464,,,,,
36057026_10_49,sarima,2,lags_only,866,6.1493178937890365,8.48277192493052,-1.814347485957409,6.450281093624591,9.041483174284464,0.04665892779975502,0.061794203294324036
36057026_10_49,xgboost_direct,2,lags_only,866,6.635548730454622,8.91843987200371,1.0178522772694867,6.450281093624591,9.041483174284464,-0.02872241289036971,0.013608752005501771
36057026_10_49,persistence,3,lags_only,865,7.086525108675564,9.807353040606733,,,,,
36057026_10_49,sarima,3,lags_only,865,6.715219297414262,9.22935966506162,-2.635850202603965,7.086525108675564,9.807353040606733,0.052396034102346736,0.05893469656409503
36057026_10_49,xgboost_direct,3,lags_only,865,6.678720962858449,9.150177221462755,0.9164801878328717,7.086525108675564,9.807353040606733,0.057546419375254426,0.06700847990512655
36057026_10_49,persistence,4,lags_only,864,7.470934426673843,10.31203882538624,,,,,
36057026_10_49,sarima,4,lags_only,864,7.078990398785678,9.783854715169511,-3.4078361673617743,7.470934426673843,10.31203882538624,0.05246251747154778,0.05122014367483205
36057026_10_49,xgboost_direct,4,lags_only,864,6.680065019147606,9.252831842670297,0.8226864541378978,7.470934426673843,10.31203882538624,0.10585950329085433,0.1027155735787555
36057026_10_49,persistence,5,lags_only,863,7.602782055603961,10.755373822455205,,,,,
36057026_10_49,sarima,5,lags_only,863,7.354599635135026,10.237527943664908,-4.019516586156306,7.602782055603961,10.755373822455205,0.032643632114378644,0.048147641108404034
36057026_10_49,xgboost_direct,5,lags_only,863,6.850853045334729,9.278536085307,0.9093949552498545,7.602782055603961,10.755373822455205,0.0989018236705852,0.1373116138524953
36057026_10_49,persistence,6,lags_only,863,7.898730414180875,11.076494897339654,,,,,
36057026_10_49,sarima,6,lags_only,863,7.666946695009235,10.579129691261118,-4.615604810660776,7.898730414180875,11.076494897339654,0.02934442714433069,0.04490276126954139
36057026_10_49,xgboost_direct,6,lags_only,863,6.830620051176605,9.337445469537014,0.7267397550646808,7.898730414180875,11.076494897339654,0.13522557512364938,0.15700358677728665
36057026_10_49,persistence,7,lags_only,861,7.886767182608802,11.08167132310762,,,,,
36057026_10_49,sarima,7,lags_only,861,7.9330426823032045,10.771415644673377,-5.213748219031446,7.886767182608802,11.08167132310762,-0.005867486464726058,0.027997191884521527
36057026_10_49,xgboost_direct,7,lags_only,861,6.650163806954283,9.306992981093114,0.3419055932790807,7.886767182608802,11.08167132310762,0.15679471030682465,0.16014536889520706
37274010_10_49,persistence,1,lags_only,1069,5.833008307956023,27.699129927141858,,,,,
37274010_10_49,sarima,1,lags_only,1069,7.2202410883264845,26.414879982654092,-4.752545977419051,5.833008307956023,27.699129927141858,-0.23782458503930531,0.04636427020869536
37274010_10_49,xgboost_direct,1,lags_only,1069,8.470764813522827,27.114516004443733,0.5067879378737744,5.833008307956023,27.699129927141858,-0.4522120261630683,0.02110585871238045
37274010_10_49,persistence,2,lags_only,1068,8.43083175107945,35.825282440502946,,,,,
37274010_10_49,sarima,2,lags_only,1068,10.618311218419468,32.11773358303349,-7.87024793053426,8.43083175107945,35.825282440502946,-0.25946188133335013,0.10348973141040238
37274010_10_49,xgboost_direct,2,lags_only,1068,8.801633712870913,27.888158827635024,0.4674968303698833,8.43083175107945,35.825282440502946,-0.043981658362947,0.22155090126782803
37274010_10_49,persistence,3,lags_only,1067,9.344116566629483,36.46085974780824,,,,,
37274010_10_49,sarima,3,lags_only,1067,11.5741293779883,31.381295484283775,-9.31987119605597,9.344116566629483,36.46085974780824,-0.2386542157792457,0.1393155372270072
37274010_10_49,xgboost_direct,3,lags_only,1067,9.526984189272321,28.630245096718504,1.0468814759561638,9.344116566629483,36.46085974780824,-0.019570349036088782,0.21476769075804522
37274010_10_49,persistence,4,lags_only,1066,9.882195674040013,36.760135631253185,,,,,
37274010_10_49,sarima,4,lags_only,1066,11.939220268899989,30.66135690756887,-10.10593514800212,9.882195674040013,36.760135631253185,-0.20815461084864648,0.16590740537146387
37274010_10_49,xgboost_direct,4,lags_only,1066,9.768448272847682,29.459021367724194,1.0422063868553622,9.882195674040013,36.760135631253185,0.011510336866850265,0.1986149979632186
37274010_10_49,persistence,5,lags_only,1065,10.220447997603541,36.909711994421876,,,,,
37274010_10_49,sarima,5,lags_only,1065,12.10547177421016,30.15768855398998,-10.59318433072447,10.220447997603541,36.909711994421876,-0.18443651169191544,0.18293351737483945
37274010_10_49,xgboost_direct,5,lags_only,1065,9.639672126803067,29.210469220855206,1.0732778454181897,10.220447997603541,36.909711994421876,0.05682489367752304,0.20859666352125014
37274010_10_49,persistence,6,lags_only,1064,10.456080862772774,37.146560066661046,,,,,
37274010_10_49,sarima,6,lags_only,1064,12.15616538766247,30.232641795023323,-10.915444096922657,10.456080862772774,37.146560066661046,-0.16259290141324168,0.18612539786269333
37274010_10_49,xgboost_direct,6,lags_only,1064,9.280371264793857,27.800639993129586,0.6222350808097081,10.456080862772774,37.146560066661046,0.1124426650299584,0.2515958424349339
37274010_10_49,persistence,7,lags_only,1063,10.661769527988573,37.2867972066068,,,,,
37274010_10_49,sarima,7,lags_only,1063,12.225319409159704,30.457980376768084,-11.143123668408975,10.661769527988573,37.2867972066068,-0.14665012942425767,0.1831430249157663
37274010_10_49,xgboost_direct,7,lags_only,1063,9.166998685294896,27.86491003113887,0.6672260608079853,10.661769527988573,37.2867972066068,0.14019913287092764,0.2526869530590436
37274011_10_49,persistence,1,lags_only,1040,6.289497590272047,31.988634646704988,,,,,
37274011_10_49,sarima,1,lags_only,1040,8.072298942972905,31.399822512816744,-5.319746287507457,6.289497590272047,31.988634646704988,-0.2834568782502299,0.018406916718744497
37274011_10_49,xgboost_direct,1,lags_only,1040,9.04848324924272,31.820129021874592,-0.5451262427524787,6.289497590272047,31.988634646704988,-0.43866550855158765,0.005267671680627736
37274011_10_49,persistence,2,lags_only,1038,8.964003814035229,40.8523000698651,,,,,
37274011_10_49,sarima,2,lags_only,1038,11.892441374575398,38.81389531213346,-8.762529990624428,8.964003814035229,40.8523000698651,-0.3266885669944741,0.04989693981111434
37274011_10_49,xgboost_direct,2,lags_only,1038,9.092789475942709,31.48144632630864,-1.0229791699404895,8.964003814035229,40.8523000698651,-0.014366979820539198,0.22938374895735475
37274011_10_49,persistence,3,lags_only,1037,9.987177256915423,41.55444554196163,,,,,
37274011_10_49,sarima,3,lags_only,1037,13.235281839566543,38.24558573924449,-10.469307558257604,9.987177256915423,41.55444554196163,-0.3252274891188133,0.07962709547828896
37274011_10_49,xgboost_direct,3,lags_only,1037,11.789954677810242,45.24025765276236,1.3139542752358915,9.987177256915423,41.55444554196163,-0.18050920440473017,-0.08869838263342496
37274011_10_49,persistence,4,lags_only,1035,10.630617941651337,41.84219239365981,,,,,
37274011_10_49,sarima,4,lags_only,1035,13.890806485314299,37.34379281004632,-11.46718067360743,10.630617941651337,41.84219239365981,-0.3066791188957479,0.10750869699397292
37274011_10_49,xgboost_direct,4,lags_only,1035,10.838055433499143,38.41496811118159,0.18574517274341146,10.630617941651337,41.84219239365981,-0.019513211083906454,0.08190833430127661
37274011_10_49,persistence,5,lags_only,1034,10.998308365682849,42.0665456667972,,,,,
37274011_10_49,sarima,5,lags_only,1034,14.209422163976749,36.598684384900146,-12.12382327517558,10.998308365682849,42.0665456667972,-0.29196433592581233,0.12998122843760837
37274011_10_49,xgboost_direct,5,lags_only,1034,11.501935095126205,38.85907247346645,1.288263207073171,10.998308365682849,42.0665456667972,-0.045791290141926067,0.07624760109224711
37274011_10_49,persistence,6,lags_only,1033,11.35069016756588,42.41429159174623,,,,,
37274011_10_49,sarima,6,lags_only,1033,14.435284665711992,36.49237474543129,-12.607934467380938,11.35069016756588,42.41429159174623,-0.27175391563062934,0.13962078875006684
37274011_10_49,xgboost_direct,6,lags_only,1033,11.141379789372653,37.54297514469842,0.589555470095098,11.35069016756588,42.41429159174623,0.018440321698791673,0.1148508265547871
37274011_10_49,persistence,7,lags_only,1032,11.54967592501402,42.503668680469715,,,,,
37274011_10_49,sarima,7,lags_only,1032,14.595815673970801,36.55541663405983,-12.964155240438886,11.54967592501402,42.503668680469715,-0.26374244340133585,0.1399467912082395
37274011_10_49,xgboost_direct,7,lags_only,1032,9.68313408710251,31.089636733023905,-0.7926964275858737,11.54967592501402,42.503668680469715,0.16160988845314678,0.26854227650919266
38004001_10_49,persistence,1,lags_only,735,13.223285516880763,30.741800434554296,,,,,
38004001_10_49,sarima,1,lags_only,735,13.797283629460553,28.65767996658328,-8.11590168528186,13.223285516880763,30.741800434554296,-0.04340813119757779,0.06779435291722306
38004001_10_49,xgboost_direct,1,lags_only,735,21.621390773100106,42.321742376336395,0.6580505533377253,13.223285516880763,30.741800434554296,-0.6350997447267077,-0.3766839215040265
38004001_10_49,persistence,2,lags_only,734,19.500110398441382,45.03614166534364,,,,,
38004001_10_49,sarima,2,lags_only,734,20.201967744251785,40.34779899837787,-16.583679511184375,19.500110398441382,45.03614166534364,-0.035992480630596915,0.10410178344770513
38004001_10_49,xgboost_direct,2,lags_only,734,22.591706091718436,44.100315592488656,-2.79925452523216,19.500110398441382,45.03614166534364,-0.15854247130437582,0.020779445979386073
38004001_10_49,persistence,3,lags_only,731,22.854265976882914,50.857279617767155,,,,,
38004001_10_49,sarima,3,lags_only,731,23.810065960419546,44.79230007376823,-21.967872858123794,22.854265976882914,50.857279617767155,-0.04182151308221511,0.1192548950628516
38004001_10_49,xgboost_direct,3,lags_only,731,20.593796168356402,42.417129917275915,-4.545575157210622,22.854265976882914,50.857279617767155,0.0989080030315993,0.16595755345007968
38004001_10_49,persistence,4,lags_only,728,24.072267958967043,52.541377893028226,,,,,
38004001_10_49,sarima,4,lags_only,728,25.83681500605283,46.55641259224568,-24.990452206650602,24.072267958967043,52.541377893028226,-0.07330206900710763,0.11390956120274683
38004001_10_49,xgboost_direct,4,lags_only,728,22.79463246334816,45.140704598516976,-2.445153371666234,24.072267958967043,52.541377893028226,0.05307499475316182,0.1408541913304724
38004001_10_49,persistence,5,lags_only,728,23.634223577118004,51.42125497080094,,,,,
38004001_10_49,sarima,5,lags_only,728,26.912690651494504,46.279902035782506,-26.473222239945873,23.634223577118004,51.42125497080094,-0.13871693578927724,0.09998497582250568
38004001_10_49,xgboost_direct,5,lags_only,728,25.49456547203876,59.9066799851711,0.7372643258161445,23.634223577118004,51.42125497080094,-0.07871389931006192,-0.16501785145439432
38004001_10_49,persistence,6,lags_only,727,24.48777135098476,52.07365234256676,,,,,
38004001_10_49,sarima,6,lags_only,727,27.943494170710466,46.91232480101797,-27.543345602307742,24.48777135098476,52.07365234256676,-0.1411203482013374,0.09911591197012602
38004001_10_49,xgboost_direct,6,lags_only,727,26.33585216454404,55.30106548433579,1.8947547356528567,24.48777135098476,52.07365234256676,-0.07546953894131973,-0.061977852456698734
38004001_10_49,persistence,7,lags_only,726,24.949417118032727,53.49408429137985,,,,,
38004001_10_49,sarima,7,lags_only,726,28.6303044286861,47.72414893628286,-28.193008388237427,24.949417118032727,53.49408429137985,-0.14753400022291227,0.10786118561574798
38004001_10_49,xgboost_direct,7,lags_only,726,26.00097339421291,52.9761084811978,2.5697091389162026,24.949417118032727,53.49408429137985,-0.0421475287861594,0.009682861517184973
38005001_10_46,persistence,1,lags_only,859,13.677030234630704,35.488271580071114,,,,,
38005001_10_46,sarima,1,lags_only,859,16.236473211371397,34.22056048616325,-12.780795165347673,13.677030234630704,35.488271580071114,-0.18713440950507634,0.03572197341444384
38005001_10_46,xgboost_direct,1,lags_only,859,23.261026876953217,53.508907471385335,3.47283567699903,13.677030234630704,35.488271580071114,-0.7007366714782503,-0.5077913093246822
38005001_10_46,persistence,2,lags_only,855,20.309165373088394,52.72197111106119,,,,,
38005001_10_46,sarima,2,lags_only,855,25.480824679301314,49.57054269412093,-23.740007986407733,20.309165373088394,52.72197111106119,-0.25464657021631565,0.05977448017452972
38005001_10_46,xgboost_direct,2,lags_only,855,26.41839817951891,69.69199397595298,3.4179505050550234,20.309165373088394,52.72197111106119,-0.30081161358436914,-0.3218776253479538
38005001_10_46,persistence,3,lags_only,851,23.04926353209683,59.6084758408668,,,,,
38005001_10_46,sarima,3,lags_only,851,29.92574667708635,54.84951011010854,-29.33216795041221,23.04926353209683,59.6084758408668,-0.2983385189472019,0.07983706450510478
38005001_10_46,xgboost_direct,3,lags_only,851,30.653557445960054,79.66324173868568,6.370565024717735,23.04926353209683,59.6084758408668,-0.3299148323448167,-0.3364415146489888
38005001_10_46,persistence,4,lags_only,851,24.155339275554432,60.9737002369434,,,,,
38005001_10_46,sarima,4,lags_only,851,32.108174625685905,56.22805128781226,-31.849154331596893,24.155339275554432,60.9737002369434,-0.32923716199589304,0.07783108013273893
38005001_10_46,xgboost_direct,4,lags_only,851,25.922378855020185,60.41196338614182,2.6592535925216314,24.155339275554432,60.9737002369434,-0.07315316747606286,0.009212772861392278
38005001_10_46,persistence,5,lags_only,847,24.749833469575588,61.0776613967483,,,,,
38005001_10_46,sarima,5,lags_only,847,33.143354314519954,56.65606098173451,-32.991457590954994,24.749833469575588,61.0776613967483,-0.3391344372180254,0.07239308634120667
38005001_10_46,xgboost_direct,5,lags_only,847,23.160989956333523,53.25412084255113,-0.6552102376155982,24.749833469575588,61.0776613967483,0.06419612944851505,0.1280916848367361
38005001_10_46,persistence,6,lags_only,846,25.35860949996988,61.394493180128954,,,,,
38005001_10_46,sarima,6,lags_only,846,33.42040793824499,56.1607595060988,-33.30422636915565,25.35860949996988,61.394493180128954,-0.3179116914231708,0.08524760777281104
38005001_10_46,xgboost_direct,6,lags_only,846,26.853799460286385,59.0497607366614,3.9337091223438843,25.35860949996988,61.394493180128954,-0.05896182755281914,0.03819125009450288
38005001_10_46,persistence,7,lags_only,843,26.065867468397723,63.64082751061768,,,,,
38005001_10_46,sarima,7,lags_only,843,34.19646234532648,57.366433947100084,-34.03798137308028,26.065867468397723,63.64082751061768,-0.31192496803669767,0.09859069733923233
38005001_10_46,xgboost_direct,7,lags_only,843,26.39562733966437,61.31376613571203,3.2427640155886683,26.065867468397723,63.64082751061768,-0.012651022325132542,0.03656554237163891
38006001_10_46,persistence,1,lags_only,974,12.323954817539095,35.77509697167953,,,,,
38006001_10_46,sarima,1,lags_only,974,17.160464142215474,35.73452884238252,-14.221573371752063,12.323954817539095,35.77509697167953,-0.39244782996065514,0.0011339767808073063
38006001_10_46,xgboost_direct,1,lags_only,974,28.029216659713285,67.28088508062751,8.998732891370539,12.323954817539095,35.77509697167953,-1.274368664499071,-0.8806625495351909
38006001_10_46,persistence,2,lags_only,969,18.18847720508695,48.290829152744024,,,,,
38006001_10_46,sarima,2,lags_only,969,26.79052889775579,47.46718165700073,-25.769260243337236,18.18847720508695,48.290829152744024,-0.4729396307164747,0.017055981646910544
38006001_10_46,xgboost_direct,2,lags_only,969,27.66866817849819,56.515607386632894,7.390248059758077,18.18847720508695,48.290829152744024,-0.5212196087949474,-0.17031760228994772
38006001_10_46,persistence,3,lags_only,966,21.805951202652633,54.917836184642454,,,,,
38006001_10_46,sarima,3,lags_only,966,31.83042823185384,52.3513303797353,-31.262143272139387,21.805951202652633,54.917836184642454,-0.4597128983752728,0.04673355658584496
38006001_10_46,xgboost_direct,3,lags_only,966,27.837542323191492,72.25804094765063,5.601659678250524,21.805951202652633,54.917836184642454,-0.27660298165782987,-0.3157481424560804
38006001_10_46,persistence,4,lags_only,965,23.150798134567204,55.52495031384874,,,,,
38006001_10_46,sarima,4,lags_only,965,34.00677142172659,53.16785749202032,-33.79741652030304,23.150798134567204,55.52495031384874,-0.4689243638192319,0.04245105684030716
38006001_10_46,xgboost_direct,4,lags_only,965,28.26470441358433,77.05961423075877,6.356259245322408,23.150798134567204,55.52495031384874,-0.2208954632705033,-0.38783760805165396
38006001_10_46,persistence,5,lags_only,963,23.639156766058864,54.55909707245574,,,,,
38006001_10_46,sarima,5,lags_only,963,34.85988356710153,51.475727232516086,-34.78094828882845,23.639156766058864,54.55909707245574,-0.47466696515813955,0.056514312101699014
38006001_10_46,xgboost_direct,5,lags_only,963,25.91245015259619,65.1714448579197,5.105285967622827,23.639156766058864,54.55909707245574,-0.09616643305150899,-0.19451105965647691
38006001_10_46,persistence,6,lags_only,961,24.320427581491792,54.92601816527284,,,,,
38006001_10_46,sarima,6,lags_only,961,35.50954726853918,51.52067582849902,-35.45373618351696,24.320427581491792,54.92601816527284,-0.4600708457758561,0.061998711185054727
38006001_10_46,xgboost_direct,6,lags_only,961,25.404432328540853,51.3203933334918,4.167191518698231,24.320427581491792,54.92601816527284,-0.04457177997454308,0.0656451159618323
38006001_10_46,persistence,7,lags_only,959,25.17395343192425,56.455383904057825,,,,,
38006001_10_46,sarima,7,lags_only,959,36.33677164577411,52.96580498819204,-36.27623087871776,25.17395343192425,56.455383904057825,-0.44342730052458795,0.06181126890919903
38006001_10_46,xgboost_direct,7,lags_only,959,24.443930574559708,62.07673816646309,1.74723499416019,25.17395343192425,56.455383904057825,0.028999134336951872,-0.09957162406261164
38006002_10_46,persistence,1,lags_only,621,12.14276907814505,40.28475953076095,,,,,
38006002_10_46,sarima,1,lags_only,621,15.464456544288177,38.95503370653384,-13.480488597494,12.14276907814505,40.28475953076095,-0.2735527164163574,0.0330081608954808
38006002_10_46,xgboost_direct,1,lags_only,621,24.90010033377954,57.9764282859084,5.795922288888763,12.14276907814505,40.28475953076095,-1.050611369905366,-0.43916530621557526
38006002_10_46,persistence,2,lags_only,616,18.002641854741654,53.78235451199598,,,,,
38006002_10_46,sarima,2,lags_only,616,22.274813678699186,48.300804817235786,-21.06345982694445,18.002641854741654,53.78235451199598,-0.2373080494756551,0.10192096914495544
38006002_10_46,xgboost_direct,2,lags_only,616,29.008170400022635,74.04174143569833,8.405560380754132,18.002641854741654,53.78235451199598,-0.6113285280061422,-0.3766920787966535
38006002_10_46,persistence,3,lags_only,612,20.687518991932883,57.26820181316466,,,,,
38006002_10_46,sarima,3,lags_only,612,26.43689910856867,51.73411122239874,-25.867521619648112,20.687518991932883,57.26820181316466,-0.27791540004762116,0.09663461424580226
38006002_10_46,xgboost_direct,3,lags_only,612,24.653432588149204,56.89542984132131,1.4695486350739229,20.687518991932883,57.26820181316466,-0.19170561717733445,0.006509231301857592
38006002_10_46,persistence,4,lags_only,612,23.640333905777215,62.91059315323443,,,,,
38006002_10_46,sarima,4,lags_only,612,29.283564739478386,55.52411063784795,-29.034548252509694,23.640333905777215,62.91059315323443,-0.23871197658177243,0.1174123807320472
38006002_10_46,xgboost_direct,4,lags_only,612,23.45873843109518,55.20570957280768,-1.2497416298320612,23.640333905777215,62.91059315323443,0.0076815951672178215,0.12247354847949991
38006002_10_46,persistence,5,lags_only,611,24.32915548476603,64.20977981306704,,,,,
38006002_10_46,sarima,5,lags_only,611,30.89957061732246,56.85361911418469,-30.76152378195602,24.32915548476603,64.20977981306704,-0.27006342808202155,0.11456449033617985
38006002_10_46,xgboost_direct,5,lags_only,611,25.76357672349755,60.83219329586411,0.44699585044431966,24.32915548476603,64.20977981306704,-0.05895894083252084,0.05260236878301174
38006002_10_46,persistence,6,lags_only,609,24.70058004418735,64.48966369629844,,,,,
38006002_10_46,sarima,6,lags_only,609,31.433454063747764,56.28033974986856,-31.27219550093654,24.70058004418735,64.48966369629844,-0.2725795915527426,0.12729673990998147
38006002_10_46,xgboost_direct,6,lags_only,609,32.6945006395925,74.5715385137951,8.152373311802725,24.70058004418735,64.48966369629844,-0.32363290987922816,-0.1563331895321288
38006002_10_46,persistence,7,lags_only,606,24.090199268632865,61.59785945910147,,,,,
38006002_10_46,sarima,7,lags_only,606,30.61618432777277,51.10553468649825,-30.43160982783799,24.090199268632865,61.59785945910147,-0.27089792767456256,0.17033586661513303
38006002_10_46,xgboost_direct,7,lags_only,606,23.56081576321547,54.19096512993433,1.9141453644461597,24.090199268632865,61.59785945910147,0.021975057138970647,0.12024596948997923
38006003_10_46,persistence,1,lags_only,959,11.85260038806331,36.36371842238512,,,,,
38006003_10_46,sarima,1,lags_only,959,14.043090994718668,35.05797252528636,-10.963352225116077,11.85260038806331,36.36371842238512,-0.18481097269265812,0.03590793113981865
38006003_10_46,xgboost_direct,1,lags_only,959,20.513329448053728,44.79251020687934,1.5135711368130924,11.85260038806331,36.36371842238512,-0.7307028648930568,-0.2317912510098403
38006003_10_46,persistence,2,lags_only,955,18.095252014919584,49.73127344239932,,,,,
38006003_10_46,sarima,2,lags_only,955,21.010074874276278,45.20662481232019,-19.288098337434548,18.095252014919584,49.73127344239932,-0.1610821920000569,0.0909819579689579
38006003_10_46,xgboost_direct,2,lags_only,955,24.53287009819907,53.315829853205905,2.537193570701997,18.095252014919584,49.73127344239932,-0.3557628309333107,-0.07207851644817331
38006003_10_46,persistence,3,lags_only,952,21.814329968109917,56.72054619265593,,,,,
38006003_10_46,sarima,3,lags_only,952,25.014100604337496,50.584960358187104,-24.097495867323715,21.814329968109917,56.72054619265593,-0.1466820498683793,0.10817219237679435
38006003_10_46,xgboost_direct,3,lags_only,952,25.935190562530636,57.91220737849144,3.5329876303904757,21.814329968109917,56.72054619265593,-0.18890612732295475,-0.021009339045994606
38006003_10_46,persistence,4,lags_only,950,23.847704896420375,59.20757539142385,,,,,
38006003_10_46,sarima,4,lags_only,950,27.084158556107003,52.26771007564302,-26.651233001827745,23.847704896420375,59.20757539142385,-0.1357134228951496,0.11721245583696135
38006003_10_46,xgboost_direct,4,lags_only,950,25.23414204826838,55.756885219905094,3.4145720130355284,23.847704896420375,59.20757539142385,-0.058137131345336136,0.05828122750688735
38006003_10_46,persistence,5,lags_only,948,24.551709936150438,60.47204663737968,,,,,
38006003_10_46,sarima,5,lags_only,948,28.596338695905192,53.40575456915021,-28.336836708571646,24.551709936150438,60.47204663737968,-0.1647391880351014,0.11685220628635988
38006003_10_46,xgboost_direct,5,lags_only,948,25.207346883908297,59.21048440618067,1.9609902871785851,24.551709936150438,60.47204663737968,-0.02670432933033662,0.02086190730014414
38006003_10_46,persistence,6,lags_only,946,24.45404920565214,59.75973311418188,,,,,
38006003_10_46,sarima,6,lags_only,946,29.502456097286014,53.966974463181636,-29.32257613095738,24.45404920565214,59.75973311418188,-0.20644461983281773,0.09693414527022935
38006003_10_46,xgboost_direct,6,lags_only,946,25.55025603240269,54.45119335876376,2.370398142889335,24.45404920565214,59.75973311418188,-0.04482721113103754,0.08883138325392423
38006003_10_46,persistence,7,lags_only,945,24.319764705007252,58.84908863057542,,,,,
38006003_10_46,sarima,7,lags_only,945,29.901209430049533,54.156028145113275,-29.719637684668225,24.319764705007252,58.84908863057542,-0.22950241471263516,0.07974737748145581
38006003_10_46,xgboost_direct,7,lags_only,945,25.336163414670636,52.767781320761074,2.4486756722460377,24.319764705007252,58.84908863057542,-0.04179311444794184,0.10333732350537654
38008001_10_49,persistence,1,lags_only,882,11.60368635930999,33.23441700670864,,,,,
38008001_10_49,sarima,1,lags_only,882,15.32159772353832,40.72761843187984,-9.701002154230725,11.60368635930999,33.23441700670864,-0.3204077781062513,-0.22546510816358345
38008001_10_49,xgboost_direct,1,lags_only,882,23.093815923988256,49.49743211327158,4.273380657759671,11.60368635930999,33.23441700670864,-0.9902137311268662,-0.4893425722882431
38008001_10_49,persistence,2,lags_only,877,17.51348343793549,45.93023592591902,,,,,
38008001_10_49,sarima,2,lags_only,877,22.147403497551384,44.061356054334766,-19.405854444139262,17.51348343793549,45.93023592591902,-0.26459156889248436,0.04068953346110775
38008001_10_49,xgboost_direct,2,lags_only,877,26.834654065988655,54.8951065718775,6.142564404562757,17.51348343793549,45.93023592591902,-0.5322282492278392,-0.1951845111446398
38008001_10_49,persistence,3,lags_only,872,20.456486923305242,50.92599015783905,,,,,
38008001_10_49,sarima,3,lags_only,872,26.04658309011417,47.13220725087926,-24.79728220682251,20.456486923305242,50.92599015783905,-0.273267652836341,0.07449600675807012
38008001_10_49,xgboost_direct,3,lags_only,872,27.385227760301877,55.966695216294596,7.144768373621984,20.456486923305242,50.92599015783905,-0.33870629218856746,-0.09898099266862515
38008001_10_49,persistence,4,lags_only,869,22.008586511659548,53.27347870955551,,,,,
38008001_10_49,sarima,4,lags_only,869,28.130036924841168,48.83556073268551,-27.66705931341386,22.008586511659548,53.27347870955551,-0.2781391894449306,0.08330445250375564
38008001_10_49,xgboost_direct,4,lags_only,869,25.858686012809528,54.0741498433166,6.473581600031393,22.008586511659548,53.27347870955551,-0.1749362458652355,-0.015029450922968752
38008001_10_49,persistence,5,lags_only,867,22.645643962721234,54.582314019619574,,,,,
38008001_10_49,sarima,5,lags_only,867,29.333910576946884,48.9273003498458,-28.99231310286263,22.645643962721234,54.582314019619574,-0.29534450975365195,0.10360523864453754
38008001_10_49,xgboost_direct,5,lags_only,867,23.689658089561576,49.31805709691983,4.287968794095901,22.645643962721234,54.582314019619574,-0.04610220528764715,0.09644620271701032
38008001_10_49,persistence,6,lags_only,867,23.380588008676774,54.22909089071076,,,,,
38008001_10_49,sarima,6,lags_only,867,29.75645262308422,47.28460621947135,-29.52537854180599,23.380588008676774,54.22909089071076,-0.27269907035876495,0.12805829043372313
38008001_10_49,xgboost_direct,6,lags_only,867,23.26790320623034,46.70864054982507,3.475172123099556,23.380588008676774,54.22909089071076,0.004819588044775261,0.1386792626865503
38008001_10_49,persistence,7,lags_only,868,23.7769878881445,54.46541469163884,,,,,
38008001_10_49,sarima,7,lags_only,868,30.253717733065127,47.011490162821225,-29.981800356612275,23.7769878881445,54.46541469163884,-0.27239488346419205,0.13685610531047498
38008001_10_49,xgboost_direct,7,lags_only,868,23.438655397886528,45.01139534636478,3.41958567318365,23.7769878881445,54.46541469163884,0.014229409202276166,0.17357839647047393
38011004_10_49,persistence,1,lags_only,883,11.006052529796507,28.015377209391275,,,,,
38011004_10_49,sarima,1,lags_only,883,12.768455099582244,27.671780631737587,-9.621711532916873,11.006052529796507,28.015377209391275,-0.1601303069392421,0.012264570813578348
38011004_10_49,xgboost_direct,1,lags_only,883,25.911522818848272,65.36288997834237,12.179889798727542,11.006052529796507,28.015377209391275,-1.3542975784186408,-1.333107617641911
38011004_10_49,persistence,2,lags_only,879,16.46404211333687,38.43979203528004,,,,,
38011004_10_49,sarima,2,lags_only,879,19.148391144943975,36.82716783589635,-17.985848392809043,16.46404211333687,38.43979203528004,-0.1630431344337136,0.041951949113138515
38011004_10_49,xgboost_direct,2,lags_only,879,25.06157765039522,48.72292571095769,9.776109773245228,16.46404211333687,38.43979203528004,-0.5222007741400166,-0.267512729159403
38011004_10_49,persistence,3,lags_only,878,18.89884658993455,43.25840170367627,,,,,
38011004_10_49,sarima,3,lags_only,878,22.69827639348831,40.743213042088136,-22.109758879256557,18.89884658993455,43.25840170367627,-0.2010403008180045,0.05814335626215203
38011004_10_49,xgboost_direct,3,lags_only,878,28.981512758275894,72.25646409297639,13.174529784788604,18.89884658993455,43.25840170367627,-0.5335069587638926,-0.6703452103464042
38011004_10_49,persistence,4,lags_only,877,20.410101835899102,45.465517281647195,,,,,
38011004_10_49,sarima,4,lags_only,877,24.69297175255891,42.61900052436574,-24.454250452859565,20.410101835899102,45.465517281647195,-0.20984069315747933,0.06260825626700818
38011004_10_49,xgboost_direct,4,lags_only,877,26.804196213349435,53.48315067595073,10.099820595150195,20.410101835899102,45.465517281647195,-0.3132808659584359,-0.1763453683950489
38011004_10_49,persistence,5,lags_only,874,21.631416494379465,47.60952860552206,,,,,
38011004_10_49,sarima,5,lags_only,874,26.08684357478632,44.41458824549362,-25.958500326839825,21.631416494379465,47.60952860552206,-0.20597019532052,0.0671071622342816
38011004_10_49,xgboost_direct,5,lags_only,874,24.847177254633593,59.65731724099219,6.604702871311739,21.631416494379465,47.60952860552206,-0.14866158954914882,-0.2530541466876182
38011004_10_49,persistence,6,lags_only,876,22.092951958424045,47.8385014711352,,,,,
38011004_10_49,sarima,6,lags_only,876,26.66279138803199,44.658044089015874,-26.52541190958193,22.092951958424045,47.8385014711352,-0.20684603117807737,0.066483215073916
38011004_10_49,xgboost_direct,6,lags_only,876,28.047352819687415,57.40212456590174,10.489646464041321,22.092951958424045,47.8385014711352,-0.269515856118673,-0.19991477158909404
38011004_10_49,persistence,7,lags_only,878,22.50751040973417,48.16648135249073,,,,,
38011004_10_49,sarima,7,lags_only,878,27.04111040369752,44.90792849971388,-26.890842493592462,22.50751040973417,48.16648135249073,-0.20142609784166238,0.06765187660128598
38011004_10_49,xgboost_direct,7,lags_only,878,28.693604578844823,63.09097451776403,10.936021344629687,22.50751040973417,48.16648135249073,-0.27484577620967166,-0.30985226128629273
38011005_10_49,persistence,1,lags_only,960,11.377740973450178,32.594433823506414,,,,,
38011005_10_49,sarima,1,lags_only,960,13.312261783270696,32.2352261688051,-9.365411220089015,11.377740973450178,32.594433823506414,-0.17002679304571078,0.011020521376329662
38011005_10_49,xgboost_direct,1,lags_only,960,20.16835769794784,45.380643639860104,2.061354221422578,11.377740973450178,32.594433823506414,-0.7726152972730228,-0.39228200390253587
38011005_10_49,persistence,2,lags_only,956,17.079188526339664,44.92409946122205,,,,,
38011005_10_49,sarima,2,lags_only,956,19.219608024761367,40.93721613263461,-17.836576012517448,17.079188526339664,44.92409946122205,-0.12532325497319333,0.08874709513162016
38011005_10_49,xgboost_direct,2,lags_only,956,24.934685098209496,57.28128073600356,6.219311589628484,17.079188526339664,44.92409946122205,-0.45994553896720686,-0.2750679796141063
38011005_10_49,persistence,3,lags_only,954,19.75536424480159,50.36825692320245,,,,,
38011005_10_49,sarima,3,lags_only,954,22.450857420723285,44.80597083835164,-21.83584879031598,19.75536424480159,50.36825692320245,-0.13644360805096184,0.11043237198642285
38011005_10_49,xgboost_direct,3,lags_only,954,28.13834065148695,70.70164218180118,8.97364944862703,19.75536424480159,50.36825692320245,-0.42433924795343864,-0.40369443972622415
38011005_10_49,persistence,4,lags_only,955,21.133459808043657,52.06109053423799,,,,,
38011005_10_49,sarima,4,lags_only,955,24.043333130322885,45.91383641794292,-23.78505701394961,21.133459808043657,52.06109053423799,-0.13769034264667324,0.11807770550354357
38011005_10_49,xgboost_direct,4,lags_only,955,24.551122852838066,53.272756395405374,4.276991034950475,21.133459808043657,52.06109053423799,-0.16171810370082443,-0.023273923936928103
38011005_10_49,persistence,5,lags_only,953,21.736673063036033,52.79465368322254,,,,,
38011005_10_49,sarima,5,lags_only,953,24.929338501525947,46.43021534753261,-24.79888152769989,21.736673063036033,52.79465368322254,-0.14687921326466252,0.12055081133551349
38011005_10_49,xgboost_direct,5,lags_only,953,23.381974174306652,52.53121202393219,2.322624787916693,21.736673063036033,52.79465368322254,-0.0756924073200747,0.004989930625760861
38011005_10_49,persistence,6,lags_only,953,22.609306730079023,53.10607622309823,,,,,
38011005_10_49,sarima,6,lags_only,953,25.33172600987017,46.71058108400919,-25.227811927840744,22.609306730079023,53.10607622309823,-0.12041144437964073,0.1204286890302648
38011005_10_49,xgboost_direct,6,lags_only,953,25.12023259039834,53.28900152540195,4.941301824575503,22.609306730079023,53.10607622309823,-0.11105718058036812,-0.0034445267907810525
38011005_10_49,persistence,7,lags_only,954,22.888534138487007,54.20324343760481,,,,,
38011005_10_49,sarima,7,lags_only,954,25.557578929912978,46.87216732325155,-25.455294159657466,22.888534138487007,54.20324343760481,-0.11661056034767993,0.13525161317684445
38011005_10_49,xgboost_direct,7,lags_only,954,24.340725975013868,57.41615447966385,3.975726539848149,22.888534138487007,54.20324343760481,-0.06344625775247899,-0.059275254362915225
38011006_10_A,persistence,1,lags_only,927,11.060627429814629,31.98967042321637,,,,,
38011006_10_A,sarima,1,lags_only,927,12.720517945435885,31.875046576456455,-8.964429844809642,11.060627429814629,31.98967042321637,-0.15007200325244802,0.00358315185006494
38011006_10_A,xgboost_direct,1,lags_only,927,23.612845163328114,57.213986024462955,7.4845027156837505,11.060627429814629,31.98967042321637,-1.1348558491065506,-0.7885143944133961
38011006_10_A,persistence,2,lags_only,922,16.09667906052245,42.24969994414528,,,,,
38011006_10_A,sarima,2,lags_only,922,17.713401618926998,37.82153738751756,-16.394782563401037,16.09667906052245,42.24969994414528,-0.1004382675659853,0.10480932556874521
38011006_10_A,xgboost_direct,2,lags_only,922,25.99802390700224,59.67014723577323,8.87853491692396,16.09667906052245,42.24969994414528,-0.6151172430817179,-0.41232120736142597
38011006_10_A,persistence,3,lags_only,918,19.432554206625134,50.45524373820713,,,,,
38011006_10_A,sarima,3,lags_only,918,21.221712248993352,43.97178406696948,-20.527265025341006,19.432554206625134,50.45524373820713,-0.09207014288210455,0.1284992240821952
38011006_10_A,xgboost_direct,3,lags_only,918,26.040335930544238,55.8606716226474,6.861889894193267,19.432554206625134,50.45524373820713,-0.34003670611999703,-0.10713312401158856
38011006_10_A,persistence,4,lags_only,917,21.331125615097868,53.03706348383895,,,,,
38011006_10_A,sarima,4,lags_only,917,23.27191408946246,46.65129298862671,-22.996165044132084,21.331125615097868,53.03706348383895,-0.09098387536525165,0.12040203728771796
38011006_10_A,xgboost_direct,4,lags_only,917,26.068991785342202,56.94582869350139,5.818532095315012,21.331125615097868,53.03706348383895,-0.22211046222947278,-0.07369874862799465
38011006_10_A,persistence,5,lags_only,913,22.12619244212944,54.59220007551583,,,,,
38011006_10_A,sarima,5,lags_only,913,24.612688938323963,48.12552532302583,-24.48084799410141,22.12619244212944,54.59220007551583,-0.11237796573892676,0.11845418839220305
38011006_10_A,xgboost_direct,5,lags_only,913,25.891916263430364,58.64676549743962,5.642314759804104,22.12619244212944,54.59220007551583,-0.1701930339415645,-0.07427004986637699
38011006_10_A,persistence,6,lags_only,912,23.147505332994353,56.14479364301177,,,,,
38011006_10_A,sarima,6,lags_only,912,25.161191510988502,49.27643095752686,-25.047183832390452,23.147505332994353,56.14479364301177,-0.08699365866972497,0.12233302929486847
38011006_10_A,xgboost_direct,6,lags_only,912,27.765184847509996,59.91551110869962,7.535939286184368,23.147505332994353,56.14479364301177,-0.1994892947679171,-0.06716058998566087
38011006_10_A,persistence,7,lags_only,912,23.472717317442417,56.74124867415007,,,,,
38011006_10_A,sarima,7,lags_only,912,25.34518037487123,49.36826627375746,-25.223602406907215,23.472717317442417,56.74124867415007,-0.07977189143062695,0.12994043262483856
38011006_10_A,xgboost_direct,7,lags_only,912,26.453619064036516,55.27267570641944,6.11016162889827,23.472717317442417,56.74124867415007,-0.12699431882047213,0.02588192896783528
38011007_10_49,persistence,1,lags_only,917,10.903464131785766,28.017279814309603,,,,,
38011007_10_49,sarima,1,lags_only,917,13.273547647567714,28.346263604499512,-9.43792692662779,10.903464131785766,28.017279814309603,-0.21736977231600033,-0.011742174556927658
38011007_10_49,xgboost_direct,1,lags_only,917,19.113408225294933,41.331265994465305,3.1311259697174694,10.903464131785766,28.017279814309603,-0.7529665796373418,-0.47520623944925905
38011007_10_49,persistence,2,lags_only,912,16.09331075640222,39.58225722941939,,,,,
38011007_10_49,sarima,2,lags_only,912,19.64365620080791,35.74004773296213,-17.97686673304832,16.09331075640222,39.58225722941939,-0.22061000984482296,0.09706898407000265
38011007_10_49,xgboost_direct,2,lags_only,912,21.877531231023994,49.41954334870034,3.80588307382291,16.09331075640222,39.58225722941939,-0.35941768366839627,-0.24852766890639613
38011007_10_49,persistence,3,lags_only,909,18.461711904000687,44.60007845974456,,,,,
38011007_10_49,sarima,3,lags_only,909,23.09355659807884,39.59613265376307,-22.417530746409078,18.461711904000687,44.60007845974456,-0.2508892305417476,0.11219589693094337
38011007_10_49,xgboost_direct,3,lags_only,909,20.331389136103354,44.59017578454447,1.620958197077225,18.461711904000687,44.60007845974456,-0.10127323196379771,0.00022203268563812426
38011007_10_49,persistence,4,lags_only,907,20.61372907086976,49.39800474896129,,,,,
38011007_10_49,sarima,4,lags_only,907,25.713306388457195,45.0919755740171,-25.44978637591227,20.61372907086976,49.39800474896129,-0.24738742320980103,0.08717010326281928
38011007_10_49,xgboost_direct,4,lags_only,907,21.090625735707878,42.63920029160836,1.346579411411394,20.61372907086976,49.39800474896129,-0.023134905052771073,0.1368234302519081
38011007_10_49,persistence,5,lags_only,907,21.69787397014368,51.49620641995674,,,,,
38011007_10_49,sarima,5,lags_only,907,27.069511584548312,46.70321451504699,-26.96862936956044,21.69787397014368,51.49620641995674,-0.2475651587706712,0.09307466002102026
38011007_10_49,xgboost_direct,5,lags_only,907,20.358521979169208,41.666888627645584,-0.16571324760058667,21.69787397014368,51.49620641995674,0.06172733756392089,0.19087459981327717
38011007_10_49,persistence,6,lags_only,906,22.81367247202109,52.357894441624644,,,,,
38011007_10_49,sarima,6,lags_only,906,27.893808959129437,47.43217795288459,-27.804678607671352,22.81367247202109,52.357894441624644,-0.22267946966183005,0.09407781846979893
38011007_10_49,xgboost_direct,6,lags_only,906,22.384950677717338,46.48215415422305,2.1911056868666927,22.81367247202109,52.357894441624644,0.018792318283237377,0.11222262373351599
38011007_10_49,persistence,7,lags_only,903,23.1860061814835,52.352354746337205,,,,,
38011007_10_49,sarima,7,lags_only,903,28.21075385855552,47.52811541019442,-28.12225311266973,23.1860061814835,52.352354746337205,-0.2167146699497052,0.09214942402338289
38011007_10_49,xgboost_direct,7,lags_only,903,22.039626327411767,45.77953167568916,0.7856369678629845,23.1860061814835,52.352354746337205,0.049442747711645085,0.12554971218573338
38017001_10_46,persistence,1,lags_only,950,14.311082614309159,39.02736360462408,,,,,
38017001_10_46,sarima,1,lags_only,950,17.499099944775594,39.42933705226949,-12.711241446298722,14.311082614309159,39.02736360462408,-0.22276562971405434,-0.010299784830912416
38017001_10_46,xgboost_direct,1,lags_only,950,25.83327918410457,58.79425634448962,3.417225959409542,14.311082614309159,39.02736360462408,-0.805124034311336,-0.5064880359359837
38017001_10_46,persistence,2,lags_only,946,21.71683123932986,56.10690545374077,,,,,
38017001_10_46,sarima,2,lags_only,946,26.607877151078576,52.89488368598023,-24.67536979099499,21.71683123932986,56.10690545374077,-0.22521913339230076,0.05724824318476803
38017001_10_46,xgboost_direct,2,lags_only,946,30.810490797101735,78.08357888038806,6.076896660979816,21.71683123932986,56.10690545374077,-0.41873786546275565,-0.39169284509491786
38017001_10_46,persistence,3,lags_only,941,25.546049449351898,63.61916273000807,,,,,
38017001_10_46,sarima,3,lags_only,941,31.783136710398555,58.06486699720666,-30.839088120630006,25.546049449351898,63.61916273000807,-0.24415075502818662,0.08730538872970027
38017001_10_46,xgboost_direct,3,lags_only,941,31.188444194297592,70.70225201629047,5.560348742515722,25.546049449351898,63.61916273000807,-0.22087151894591048,-0.11133578284175422
38017001_10_46,persistence,4,lags_only,940,27.845575250428094,66.42812512995629,,,,,
38017001_10_46,sarima,4,lags_only,940,34.5294853476737,60.30360591753794,-34.19538990897153,27.845575250428094,66.42812512995629,-0.24003490813653947,0.09219768284046363
38017001_10_46,xgboost_direct,4,lags_only,940,32.83024885537585,80.47240012764684,6.71575196982938,27.845575250428094,66.42812512995629,-0.1790113351984395,-0.21142061393747172
38017001_10_46,persistence,5,lags_only,938,28.660467807408267,67.3911273101765,,,,,
38017001_10_46,sarima,5,lags_only,938,36.25065480706504,60.98249611053989,-36.045244605996714,28.660467807408267,67.3911273101765,-0.26483123201830056,0.09509606761940699
38017001_10_46,xgboost_direct,5,lags_only,938,27.80922332773687,68.7037426140926,1.7049165639660862,28.660467807408267,67.3911273101765,0.02970099739444463,-0.01947756858072161
38017001_10_46,persistence,6,lags_only,937,29.43502607754758,68.14799286378441,,,,,
38017001_10_46,sarima,6,lags_only,937,36.825435340715934,60.39883476508719,-36.619545587358814,29.43502607754758,68.14799286378441,-0.251075342814308,0.11371073120504659
38017001_10_46,xgboost_direct,6,lags_only,937,31.698832523266343,72.70490470893168,6.748794276314887,29.43502607754758,68.14799286378441,-0.07690859317585412,-0.0668678805295956
38017001_10_46,persistence,7,lags_only,936,29.498227210026887,68.1387312482063,,,,,
38017001_10_46,sarima,7,lags_only,936,36.757845506839175,59.081400359281496,-36.53388609067644,29.498227210026887,68.1387312482063,-0.24610354531219544,0.13292485379470917
38017001_10_46,xgboost_direct,7,lags_only,936,26.87198440738888,58.54757167009276,0.8699174824226386,29.498227210026887,68.1387312482063,0.08903053000233546,0.14075929214437818
38017002_10_46,persistence,1,lags_only,1033,13.237544722932366,39.580974446179084,,,,,
38017002_10_46,sarima,1,lags_only,1033,16.09887445908456,37.78802178077241,-12.145930137454476,13.237544722932366,39.580974446179084,-0.21615260201503247,0.045298345745496287
38017002_10_46,xgboost_direct,1,lags_only,1033,26.325188795761417,59.99874706831582,6.317139017297281,13.237544722932366,39.580974446179084,-0.9886760986844009,-0.515848154519292
38017002_10_46,persistence,2,lags_only,1029,20.181989645319913,54.736131356659136,,,,,
38017002_10_46,sarima,2,lags_only,1029,24.52534485742536,49.33586587397819,-22.07796777196693,20.181989645319913,54.736131356659136,-0.21520946588695955,0.09865997740127012
38017002_10_46,xgboost_direct,2,lags_only,1029,29.482300966107744,64.4672819856255,6.498617327165602,20.181989645319913,54.736131356659136,-0.46082232149715324,-0.17778294497209635
38017002_10_46,persistence,3,lags_only,1027,23.65026787863882,61.0116152313786,,,,,
38017002_10_46,sarima,3,lags_only,1027,29.101557609187967,53.8610069482267,-27.932706140452417,23.65026787863882,61.0116152313786,-0.2304958979121251,0.11720076998509459
38017002_10_46,xgboost_direct,3,lags_only,1027,28.960446100944154,61.826273917716364,5.221096440016165,23.65026787863882,61.0116152313786,-0.2245293055264521,-0.013352517930369128
38017002_10_46,persistence,4,lags_only,1026,25.371044684823673,62.96222066076488,,,,,
38017002_10_46,sarima,4,lags_only,1026,31.873980810464314,55.86385751127731,-31.41019753244492,25.371044684823673,62.96222066076488,-0.25631329755729515,0.11274003799410044
38017002_10_46,xgboost_direct,4,lags_only,1026,30.289769257441833,65.03873080309275,7.036759753138604,25.371044684823673,62.96222066076488,-0.19387158210163963,-0.03298025578729077
38017002_10_46,persistence,5,lags_only,1025,26.25674519813625,64.2144780089833,,,,,
38017002_10_46,sarima,5,lags_only,1025,33.596006738740435,57.15855723056098,-33.37000997514156,26.25674519813625,64.2144780089833,-0.2795190906268587,0.10988052846018986
38017002_10_46,xgboost_direct,5,lags_only,1025,25.957530619906027,60.348469212877056,1.0152223950852544,26.25674519813625,64.2144780089833,0.011395722355239314,0.06020462855067378
38017002_10_46,persistence,6,lags_only,1024,27.025741321522744,65.47186060545833,,,,,
38017002_10_46,sarima,6,lags_only,1024,34.65219264163028,58.16737708609212,-34.46742414220604,27.025741321522744,65.47186060545833,-0.28219212303471525,0.11156676245057326
38017002_10_46,xgboost_direct,6,lags_only,1024,27.39345861207175,66.53071545516738,1.8953081532523304,27.025741321522744,65.47186060545833,-0.01360618701164595,-0.016172670822505602
38017002_10_46,persistence,7,lags_only,1022,27.320101493229632,66.02870051335252,,,,,
38017002_10_46,sarima,7,lags_only,1022,35.35058863968155,58.50759793238058,-35.131160497337405,27.320101493229632,66.02870051335252,-0.293940604446217,0.11390656672776715
38017002_10_46,xgboost_direct,7,lags_only,1022,26.801538947571704,60.94353919175473,1.4016619438470475,27.320101493229632,66.02870051335252,0.018980988990338746,0.07701440861416697
38017003_10_46,persistence,1,lags_only,954,12.336484995435296,36.10444449628243,,,,,
38017003_10_46,sarima,1,lags_only,954,14.442218519953093,34.81042300826269,-11.638838176106368,12.336484995435296,36.10444449628243,-0.17069153209337615,0.035841057965951696
38017003_10_46,xgboost_direct,1,lags_only,954,19.932353748431016,44.929155601097435,1.1146606915298634,12.336484995435296,36.10444449628243,-0.6157239080504956,-0.24442173887272123
38017003_10_46,persistence,2,lags_only,951,18.71478874171307,50.91775975236153,,,,,
38017003_10_46,sarima,2,lags_only,951,21.264997571485257,45.6447801906477,-19.425495815146665,18.71478874171307,50.91775975236153,-0.13626703806108545,0.10355875017594965
38017003_10_46,xgboost_direct,2,lags_only,951,23.717349887787194,50.739607997220624,1.9705240430588546,18.71478874171307,50.91775975236153,-0.2673052426674742,0.0034988136950123176
38017003_10_46,persistence,3,lags_only,949,22.451857239392897,57.95701351404889,,,,,
38017003_10_46,sarima,3,lags_only,949,25.019059689400876,50.96683574763518,-24.112147835088063,22.451857239392897,57.95701351404889,-0.11434254291906397,0.12060969574837178
38017003_10_46,xgboost_direct,3,lags_only,949,25.722266413319982,54.028904007418724,3.5081891679849813,22.451857239392897,57.95701351404889,-0.14566319120313084,0.06777625809994477
38017003_10_46,persistence,4,lags_only,948,24.471299591862945,60.19313852808089,,,,,
38017003_10_46,sarima,4,lags_only,948,27.217227842420876,52.98961989938163,-26.8836256524811,24.471299591862945,60.19313852808089,-0.11221015215191069,0.11967341801489087
38017003_10_46,xgboost_direct,4,lags_only,948,26.95568381377495,59.43548669760913,3.577738124478455,24.471299591862945,60.19313852808089,-0.10152236551989657,0.012587013221088374
38017003_10_46,persistence,5,lags_only,947,25.324719830519303,60.84536363766373,,,,,
38017003_10_46,sarima,5,lags_only,947,28.575004867252417,54.1289917458753,-28.42709787754783,25.324719830519303,60.84536363766373,-0.12834436307627514,0.11038428386729124
38017003_10_46,xgboost_direct,5,lags_only,947,26.882366407717598,59.31969170224217,2.367010701549434,25.324719830519303,60.84536363766373,-0.06150696187845462,0.025074579954965724
38017003_10_46,persistence,6,lags_only,946,25.781522005677765,61.57305883455635,,,,,
38017003_10_46,sarima,6,lags_only,946,29.18671459591509,54.48802498193643,-29.08877228050576,25.781522005677765,61.57305883455635,-0.1320788039390155,0.1150671086790904
38017003_10_46,xgboost_direct,6,lags_only,946,27.348394772229433,57.699518426001255,3.6634842681695874,25.781522005677765,61.57305883455635,-0.06077502973666962,0.06290966344490206
38017003_10_46,persistence,7,lags_only,945,26.0632763118104,61.99031690558721,,,,,
38017003_10_46,sarima,7,lags_only,945,29.48861028494802,54.4724799367927,-29.36411212195242,26.0632763118104,61.99031690558721,-0.1314237677626681,0.12127437548422856
38017003_10_46,xgboost_direct,7,lags_only,945,29.907190073478453,85.62957516196857,6.006915134829803,26.0632763118104,61.99031690558721,-0.14748390477394463,-0.3813379159262009
38033001_10_49,persistence,1,lags_only,492,14.46170907844179,31.424467119844262,,,,,
38033001_10_49,sarima,1,lags_only,492,14.531757738146531,31.134492578702737,-6.658722453989279,14.46170907844179,31.424467119844262,-0.004843733152477996,0.009227667728959167
38033001_10_49,xgboost_direct,1,lags_only,492,22.534906327778724,44.63733349904841,0.4075997077764638,14.46170907844179,31.424467119844262,-0.5582464151053714,-0.4204642939151176
38033001_10_49,persistence,2,lags_only,489,21.283856327409698,47.69073768705454,,,,,
38033001_10_49,sarima,2,lags_only,489,19.89434475614351,42.8823871882047,-12.417536423057904,21.283856327409698,47.69073768705454,0.06528476559375902,0.10082357145326874
38033001_10_49,xgboost_direct,2,lags_only,489,26.84671636031373,53.233692578221266,1.1662972817794424,21.283856327409698,47.69073768705454,-0.2613652313439126,-0.11622707385109991
38033001_10_49,persistence,3,lags_only,485,24.535433169874413,52.43894944668136,,,,,
38033001_10_49,sarima,3,lags_only,485,22.53023969579316,46.89115115241007,-17.063873933202853,24.535433169874413,52.43894944668136,0.08172643458943735,0.10579537448423067
38033001_10_49,xgboost_direct,3,lags_only,485,27.633668835771516,55.021475159060344,-0.4235124437787658,24.535433169874413,52.43894944668136,-0.12627597175260966,-0.04924823513111814
38033001_10_49,persistence,4,lags_only,481,25.873655542820302,52.522092742931136,,,,,
38033001_10_49,sarima,4,lags_only,481,24.272662127903878,48.31738595765424,-20.52872304527129,25.873655542820302,52.522092742931136,0.06187735676803831,0.0800559643702088
38033001_10_49,xgboost_direct,4,lags_only,481,26.9977539891178,53.720320083438246,-1.3686908094976633,25.873655542820302,52.522092742931136,-0.043445675638571504,-0.022813777553987075
38033001_10_49,persistence,5,lags_only,480,26.767194863084093,55.198824034422024,,,,,
38033001_10_49,sarima,5,lags_only,480,25.398667926837053,48.84105073373105,-22.274289901344847,26.767194863084093,55.198824034422024,0.05112702108858035,0.11517950630118969
38033001_10_49,xgboost_direct,5,lags_only,480,25.02124260935523,48.789769315403696,-4.164823753139499,26.767194863084093,55.198824034422024,0.06522731510191934,0.11610853729459232
38033001_10_49,persistence,6,lags_only,478,29.14588176692662,58.8084352839082,,,,,
38033001_10_49,sarima,6,lags_only,478,26.782779965950365,49.929317212798054,-23.688528669069818,29.14588176692662,58.8084352839082,0.08107841169031961,0.15098374966524145
38033001_10_49,xgboost_direct,6,lags_only,478,25.5129241856845,49.18950658329532,-3.171608411436554,29.14588176692662,58.8084352839082,0.1246473724931057,0.16356375839921247
38033001_10_49,persistence,7,lags_only,476,31.11618997505388,60.38090388973757,,,,,
38033001_10_49,sarima,7,lags_only,476,28.024122951008255,51.10626742764285,-25.3252064005047,31.11618997505388,60.38090388973757,0.0993716462884615,0.15360214678189094
38033001_10_49,xgboost_direct,7,lags_only,476,26.246058790377266,49.9264358641947,-4.313242776732295,31.11618997505388,60.38090388973757,0.15651438008898397,0.17314195966052312
38036001_10_49,persistence,1,lags_only,671,12.389937111500439,37.40980235279548,,,,,
38036001_10_49,sarima,1,lags_only,671,12.972450078591518,36.65564204106679,-8.98455276837096,12.389937111500439,37.40980235279548,-0.0470150059559532,0.020159430531509728
38036001_10_49,xgboost_direct,1,lags_only,671,20.429649150325243,45.22309894264786,1.0864695880698896,12.389937111500439,37.40980235279548,-0.6488904638073004,-0.2088569331687079
38036001_10_49,persistence,2,lags_only,662,17.902522060198677,52.75233803208892,,,,,
38036001_10_49,sarima,2,lags_only,662,18.60022837186902,49.91815946110585,-15.102807164538897,17.902522060198677,52.75233803208892,-0.0389725151196154,0.05372612241866999
38036001_10_49,xgboost_direct,2,lags_only,662,24.98081914441627,56.54604031156793,3.6462606742345254,17.902522060198677,52.75233803208892,-0.3953798833715298,-0.07191533913001773
38036001_10_49,persistence,3,lags_only,657,20.035868628502087,50.657216326512064,,,,,
38036001_10_49,sarima,3,lags_only,657,20.064922668627165,46.734592238302376,-17.91201788596301,20.035868628502087,50.657216326512064,-0.0014501013489251879,0.07743465536926344
38036001_10_49,xgboost_direct,3,lags_only,657,25.323866706446037,53.199571683232975,4.615800723896062,20.035868628502087,50.657216326512064,-0.2639265696931897,-0.050187427203542155
38036001_10_49,persistence,4,lags_only,655,21.239846065394307,50.118403233058956,,,,,
38036001_10_49,sarima,4,lags_only,655,20.872195534164984,45.252657936839206,-19.711924960316416,21.239846065394307,50.118403233058956,0.017309472493227212,0.09708500236117301
38036001_10_49,xgboost_direct,4,lags_only,655,23.29715309087371,47.040962341796174,3.4137693696133757,21.239846065394307,50.118403233058956,-0.09686073143587119,0.06140341057858861
38036001_10_49,persistence,5,lags_only,653,21.200785289191902,45.871634817691756,,,,,
38036001_10_49,sarima,5,lags_only,653,21.031953543791452,39.36855835196602,-20.403709513999516,21.200785289191902,45.871634817691756,0.007963466593217172,0.14176683459333847
38036001_10_49,xgboost_direct,5,lags_only,653,20.912400754589125,38.74284724114849,3.098500070250489,21.200785289191902,45.871634817691756,0.01360254022051695,0.15540731445206393
38036001_10_49,persistence,6,lags_only,652,23.23123228129309,52.73853843905675,,,,,
38036001_10_49,sarima,6,lags_only,652,23.273490000864772,46.68792479072633,-22.779442285095126,23.23123228129309,52.73853843905675,-0.0018190046511528059,0.11472850457018917
38036001_10_49,xgboost_direct,6,lags_only,652,23.044699122643312,45.495316957786834,2.8136781879612283,23.23123228129309,52.73853843905675,0.008029413007074198,0.13734209736661526
38036001_10_49,persistence,7,lags_only,652,23.845207051669565,54.10335524682922,,,,,
38036001_10_49,sarima,7,lags_only,652,24.092520307639738,47.700203332865584,-23.60049537643289,23.845207051669565,54.10335524682922,-0.010371612854284572,0.11835036634514264
38036001_10_49,xgboost_direct,7,lags_only,652,22.762467315415837,50.516041840934314,1.796952403624381,23.845207051669565,54.10335524682922,0.045407017599283894,0.06630482323192223
38036002_10_49,persistence,1,lags_only,982,11.93167866218318,36.867499478104236,,,,,
38036002_10_49,sarima,1,lags_only,982,13.204871235170401,36.296846713492414,-10.331492374726611,11.93167866218318,36.867499478104236,-0.10670691099170632,0.015478477593814977
38036002_10_49,xgboost_direct,1,lags_only,982,30.596760910061516,73.38652868060431,12.181478986065022,11.93167866218318,36.867499478104236,-1.5643299468863776,-0.9905480360605656
38036002_10_49,persistence,2,lags_only,980,17.292132961315527,50.314360196056334,,,,,
38036002_10_49,sarima,2,lags_only,980,18.889356397292772,46.62387888254295,-17.81895465448104,17.292132961315527,50.314360196056334,-0.0923670572942283,0.07334846948531107
38036002_10_49,xgboost_direct,2,lags_only,980,31.06347383664896,67.23201764751879,10.891861623388193,17.292132961315527,50.314360196056334,-0.7963934181018323,-0.3362391449586289
38036002_10_49,persistence,3,lags_only,979,20.660281337217654,56.33532002386392,,,,,
38036002_10_49,sarima,3,lags_only,979,21.29447323194794,49.71418943806324,-20.811627475256426,20.660281337217654,56.33532002386392,-0.0306961887100659,0.11753071754977058
38036002_10_49,xgboost_direct,3,lags_only,979,28.818194773763036,61.98817228470816,8.610101346496378,20.660281337217654,56.33532002386392,-0.39485974577943567,-0.10034295107313965
38036002_10_49,persistence,4,lags_only,978,22.287853456448417,56.5201020420122,,,,,
38036002_10_49,sarima,4,lags_only,978,22.246513408416156,50.35230114290795,-21.970140106292106,22.287853456448417,56.5201020420122,0.0018548241136384575,0.10912579199732576
38036002_10_49,xgboost_direct,4,lags_only,978,30.076620248251654,68.01979681817545,10.478530543043577,22.287853456448417,56.5201020420122,-0.3494624014386526,-0.2034620313957566
38036002_10_49,persistence,5,lags_only,977,23.323720552904422,59.89571971602606,,,,,
38036002_10_49,sarima,5,lags_only,977,23.030067089761783,51.20039828444316,-22.85767367277654,23.323720552904422,59.89571971602606,0.012590335340219642,0.14517433754546447
38036002_10_49,xgboost_direct,5,lags_only,977,30.3729612346887,68.04551815784001,9.586852121757559,23.323720552904422,59.89571971602606,-0.3022348285212352,-0.1360664581785356
38036002_10_49,persistence,6,lags_only,976,24.679111415306878,61.75915783464828,,,,,
38036002_10_49,sarima,6,lags_only,976,23.319930502213534,51.39122772888043,-23.160452920038146,24.679111415306878,61.75915783464828,0.05507414307673696,0.1678768051456687
38036002_10_49,xgboost_direct,6,lags_only,976,30.32204999599572,66.10684587831757,9.953672725222969,24.679111415306878,61.75915783464828,-0.22865242130188235,-0.07039746324439261
38036002_10_49,persistence,7,lags_only,974,25.335559494146896,62.76902469742523,,,,,
38036002_10_49,sarima,7,lags_only,974,23.39977540663168,51.48397457281787,-23.24005870519331,25.335559494146896,62.76902469742523,0.07640581562694235,0.17978692801117027
38036002_10_49,xgboost_direct,7,lags_only,974,29.521189576532713,63.89216813562601,7.479197908058078,25.335559494146896,62.76902469742523,-0.16520772250373217,-0.017893275283706118
38037001_10_49,persistence,1,lags_only,905,10.534249441673174,29.760504334585075,,,,,
38037001_10_49,sarima,1,lags_only,905,13.048231653169482,29.66881478290595,-9.755188104675984,10.534249441673174,29.760504334585075,-0.23864844148754166,0.0030809139068443355
38037001_10_49,xgboost_direct,1,lags_only,905,22.263289759749657,47.347037020737815,5.319053782635863,10.534249441673174,29.760504334585075,-1.1134196492136168,-0.5909353043360626
38037001_10_49,persistence,2,lags_only,900,15.589628766874,38.190833122469385,,,,,
38037001_10_49,sarima,2,lags_only,900,20.238778899418143,36.14003541785152,-18.161595649647236,15.589628766874,38.190833122469385,-0.2982207082713222,0.05369868989349927
38037001_10_49,xgboost_direct,2,lags_only,900,25.72842698947762,52.570059156663916,7.908203822108163,15.589628766874,38.190833122469385,-0.6503553339350382,-0.37650988099902394
38037001_10_49,persistence,3,lags_only,898,18.39815274344074,44.193621917038676,,,,,
38037001_10_49,sarima,3,lags_only,898,24.286392481795733,40.927243681728044,-23.1061372007527,18.39815274344074,44.193621917038676,-0.3200451599932636,0.0739106254165444
38037001_10_49,xgboost_direct,3,lags_only,898,25.750671215486825,54.230520783950396,7.753411839972251,18.39815274344074,44.193621917038676,-0.3996335161782688,-0.2271119322546866
38037001_10_49,persistence,4,lags_only,899,19.61678846985193,47.011769017842205,,,,,
38037001_10_49,sarima,4,lags_only,899,26.708004807967725,42.97358657936723,-25.94931846993781,19.61678846985193,47.011769017842205,-0.36148711849617665,0.08589726621311314
38037001_10_49,xgboost_direct,4,lags_only,899,26.110052325473507,55.77372055628461,7.342035103691325,19.61678846985193,47.011769017842205,-0.33100544799169107,-0.18637783094520463
38037001_10_49,persistence,5,lags_only,898,20.983448051560437,51.10069793286712,,,,,
38037001_10_49,sarima,5,lags_only,898,28.868591005451243,47.049716093220354,-28.37928844065976,20.983448051560437,51.10069793286712,-0.3757791824544502,0.07927449141631474
38037001_10_49,xgboost_direct,5,lags_only,898,24.407002348546232,57.40872221444445,4.969450867339889,20.983448051560437,51.10069793286712,-0.16315499190473617,-0.12344301617689091
38037001_10_49,persistence,6,lags_only,898,21.952781118171302,51.96335738119907,,,,,
38037001_10_49,sarima,6,lags_only,898,30.058375221515693,48.0747232652515,-29.69872022178061,21.952781118171302,51.96335738119907,-0.3692285756283985,0.07483415837473427
38037001_10_49,xgboost_direct,6,lags_only,898,24.25457593827195,55.314117049315776,3.5410536389220217,21.952781118171302,51.96335738119907,-0.10485208264548089,-0.0644831249746971
38037001_10_49,persistence,7,lags_only,896,22.772276374113954,52.532536307660855,,,,,
38037001_10_49,sarima,7,lags_only,896,30.996370678036403,48.82787195661178,-30.565842390253014,22.772276374113954,52.532536307660855,-0.3611450242748268,0.07052133042563227
38037001_10_49,xgboost_direct,7,lags_only,896,23.451267460198686,54.53292526470465,2.6335132026497203,22.772276374113954,52.532536307660855,-0.02981656620225131,-0.03807904772250789
38038012_10_46,persistence,1,lags_only,827,15.267156210952335,38.560099195806195,,,,,
38038012_10_46,sarima,1,lags_only,827,15.265871869606048,35.1198226298816,-7.306497271060511,15.267156210952335,38.560099195806195,8.412446486694433e-05,0.08921856109485227
38038012_10_46,xgboost_direct,1,lags_only,827,20.287674933340426,43.967282604826664,-4.547927343718643,15.267156210952335,38.560099195806195,-0.328844393351165,-0.1402274247678428
38038012_10_46,persistence,2,lags_only,824,23.723222624725246,55.52655525887471,,,,,
38038012_10_46,sarima,2,lags_only,824,20.967564822958433,45.863870557797554,-12.941596829571505,23.723222624725246,55.52655525887471,0.11615866214123712,0.1740191635520697
38038012_10_46,xgboost_direct,2,lags_only,824,21.50115529551714,45.64280977014421,-5.591778739493767,23.723222624725246,55.52655525887471,0.09366633548732886,0.17800033592306802
38038012_10_46,persistence,3,lags_only,820,27.103529594858635,61.432215398996384,,,,,
38038012_10_46,sarima,3,lags_only,820,22.907714306928828,48.195848958324135,-16.91673628234502,27.103529594858635,61.432215398996384,0.15480696981716088,0.2154629513961577
38038012_10_46,xgboost_direct,3,lags_only,820,21.88381445395322,44.645917901707584,-4.693925819958558,27.103529594858635,61.432215398996384,0.19258433196448188,0.27324909883622783
38038012_10_46,persistence,4,lags_only,818,28.253363148033756,65.23564149422043,,,,,
38038012_10_46,sarima,4,lags_only,818,24.382215076119902,51.40659126406566,-20.185531804510354,28.253363148033756,65.23564149422043,0.137015478533686,0.21198611546389037
38038012_10_46,xgboost_direct,4,lags_only,818,22.616011144903887,48.60718660635461,-3.377623516798792,28.253363148033756,65.23564149422043,0.19952852952736677,0.254898311827577
38038012_10_46,persistence,5,lags_only,811,29.073946673216724,67.44967233243781,,,,,
38038012_10_46,sarima,5,lags_only,811,25.569055919211145,53.82028433926967,-22.63378969734654,29.073946673216724,67.44967233243781,0.12055091086874448,0.2020675197055556
38038012_10_46,xgboost_direct,5,lags_only,811,23.234731481866085,50.40617381240985,-2.9537370547436796,29.073946673216724,67.44967233243781,0.2008401286891606,0.2526846748198572
38038012_10_46,persistence,6,lags_only,810,29.713031710585526,66.76596840598978,,,,,
38038012_10_46,sarima,6,lags_only,810,25.888439212961188,53.03624832226378,-23.938021519542083,29.713031710585526,66.76596840598978,0.1287176796658482,0.20563949586170108
38038012_10_46,xgboost_direct,6,lags_only,810,23.953527498254033,52.328145724042976,-2.134275217720053,29.713031710585526,66.76596840598978,0.19383764902992445,0.21624523730642906
38038012_10_46,persistence,7,lags_only,809,31.30065508925898,69.80274197930558,,,,,
38038012_10_46,sarima,7,lags_only,809,27.524039400449038,55.520391672996446,-25.948905165587895,31.30065508925898,69.80274197930558,0.12065612294823547,0.20461016145387845
38038012_10_46,xgboost_direct,7,lags_only,809,24.08590178904586,51.27505212329327,-2.963409422351222,31.30065508925898,69.80274197930558,0.23049847613856844,0.2654292557949258
38038021_10_49,persistence,1,lags_only,826,14.41021314111778,39.67761526215722,,,,,
38038021_10_49,sarima,1,lags_only,826,14.966249605523158,38.64056431148595,-8.22198841271557,14.41021314111778,39.67761526215722,-0.0385862762028687,0.0261369274292137
38038021_10_49,xgboost_direct,1,lags_only,826,22.749775721728614,55.710784170376655,-2.098141246156588,14.41021314111778,39.67761526215722,-0.5787258313907179,-0.4040860016985742
38038021_10_49,persistence,2,lags_only,824,22.084991120035816,57.07493757187594,,,,,
38038021_10_49,sarima,2,lags_only,824,20.986861421594046,50.89037394772325,-14.599093099644106,22.084991120035816,57.07493757187594,0.04972289517678508,0.10835865770968763
38038021_10_49,xgboost_direct,2,lags_only,824,23.794282758776724,55.48213080260767,-3.5593268519363432,22.084991120035816,57.07493757187594,-0.07739607543650828,0.027907288856206088
38038021_10_49,persistence,3,lags_only,823,25.42341628343781,64.4308823454702,,,,,
38038021_10_49,sarima,3,lags_only,823,23.876228860971324,55.36104877848106,-18.858885780598367,25.42341628343781,64.4308823454702,0.060856786720453755,0.14076842093140737
38038021_10_49,xgboost_direct,3,lags_only,823,23.359093278988794,54.15475268406784,-4.204552721249507,25.42341628343781,64.4308823454702,0.08119770299296193,0.1594907486491192
38038021_10_49,persistence,4,lags_only,819,26.812801359949123,66.54076874533784,,,,,
38038021_10_49,sarima,4,lags_only,819,25.333571726408724,56.28702408866271,-21.69584538127223,26.812801359949123,66.54076874533784,0.055168783510624035,0.15409717756519842
38038021_10_49,xgboost_direct,4,lags_only,819,23.096935536733135,54.24743160168899,-4.819257568023076,26.812801359949123,66.54076874533784,0.13858551269344277,0.1847489497859188
38038021_10_49,persistence,5,lags_only,819,27.606011448062226,67.54855988330596,,,,,
38038021_10_49,sarima,5,lags_only,819,26.682093574293834,57.12618946196482,-24.093308898150248,27.606011448062226,67.54855988330596,0.03346799574819584,0.154294487393164
38038021_10_49,xgboost_direct,5,lags_only,819,23.57859411264697,55.26085748057265,-4.265682537875387,27.606011448062226,67.54855988330596,0.1458891424062622,0.18190916910680285
38038021_10_49,persistence,6,lags_only,821,28.851876872284187,68.02902053933303,,,,,
38038021_10_49,sarima,6,lags_only,821,27.772234105722113,57.99478324215752,-25.995809694799405,28.851876872284187,68.02902053933303,0.03742019180732069,0.14749936450097673
38038021_10_49,xgboost_direct,6,lags_only,821,25.390106366502508,57.16174054787099,-2.8104839189697413,28.851876872284187,68.02902053933303,0.11998423953857712,0.1597447663556878
38038021_10_49,persistence,7,lags_only,819,29.64609037054825,69.22106374105715,,,,,
38038021_10_49,sarima,7,lags_only,819,29.22974754301786,59.28466533042435,-27.717442390002745,29.64609037054825,69.22106374105715,0.014043768413524194,0.14354587857538534
38038021_10_49,xgboost_direct,7,lags_only,819,26.976663809484258,60.851488898213745,-2.332104142032008,29.64609037054825,69.22106374105715,0.09004312297839855,0.12091080937664285
38038022_10_46,persistence,1,lags_only,179,13.921092259560806,47.113788522175994,,,,,
38038022_10_46,sarima,1,lags_only,179,16.36352152594909,48.45128510642239,-7.289546225963678,13.921092259560806,47.113788522175994,-0.1754481057124564,-0.02838864430562294
38038022_10_46,xgboost_direct,1,lags_only,179,17.98027533453311,45.26799203050999,-4.73143811032624,13.921092259560806,47.113788522175994,-0.29158509973845737,0.03917741598719469
38038022_10_46,persistence,2,lags_only,180,17.961603366122816,52.174196315735244,,,,,
38038022_10_46,sarima,2,lags_only,180,17.20860478708412,46.733753236177094,-11.944924892810556,17.961603366122816,52.174196315735244,0.04192268160530247,0.10427459287796187
38038022_10_46,xgboost_direct,2,lags_only,180,17.500866071566193,46.173803320020255,-7.859464057271205,17.961603366122816,52.174196315735244,0.025651234200261552,0.115006908001098
38038022_10_46,persistence,3,lags_only,179,20.39525695711888,57.663157876359946,,,,,
38038022_10_46,sarima,3,lags_only,179,18.73853310626077,48.62071066210063,-14.450972210361764,20.39525695711888,57.663157876359946,0.08123083981444214,0.15681498459810217
38038022_10_46,xgboost_direct,3,lags_only,179,17.838489974570294,46.23347069940199,-6.272169989998103,20.39525695711888,57.663157876359946,0.1253608614946211,0.19821472839668675
38038022_10_46,persistence,4,lags_only,179,19.03394709088175,45.36024219792779,,,,,
38038022_10_46,sarima,4,lags_only,179,16.766458314405437,29.168974083020707,-14.40490628956889,19.03394709088175,45.36024219792779,0.11912866867022856,0.356948449354769
38038022_10_46,xgboost_direct,4,lags_only,179,15.271112302988751,27.73657866401168,-4.335160862475512,19.03394709088175,45.36024219792779,0.19769072436350274,0.3885266629974303
38038022_10_46,persistence,5,lags_only,178,19.74383252212039,49.43770959119255,,,,,
38038022_10_46,sarima,5,lags_only,178,18.30055463480068,29.81960450447377,-16.032762145567293,19.74383252212039,49.43770959119255,0.07310018891735963,0.39682471637427547
38038022_10_46,xgboost_direct,5,lags_only,178,17.807029547183525,34.6605472390368,-1.2145408400071416,19.74383252212039,49.43770959119255,0.09809660676400737,0.29890467164337114
38038022_10_46,persistence,6,lags_only,177,20.2271932804813,49.12289157753875,,,,,
38038022_10_46,sarima,6,lags_only,177,18.50335912749225,27.845128486959627,-16.82619730837502,20.2271932804813,49.12289157753875,0.0852235962293643,0.43315371728459684
38038022_10_46,xgboost_direct,6,lags_only,177,15.973609210483648,25.98119187175798,-2.4535308234181725,20.2271932804813,49.12289157753875,0.21029037548685736,0.47109807591950115
38038022_10_46,persistence,7,lags_only,177,20.241460948620706,49.31439600963566,,,,,
38038022_10_46,sarima,7,lags_only,177,18.755608994577745,27.85463057694549,-17.526246027229554,20.241460948620706,49.31439600963566,0.07340635924524062,0.4351622886853789
38038022_10_46,xgboost_direct,7,lags_only,177,15.544687019279703,23.992308966954283,-3.2360034336731163,20.241460948620706,49.31439600963566,0.23203729914865906,0.513482656012529
38038023_10_49,persistence,1,lags_only,774,10.674399452580277,29.685304242510863,,,,,
38038023_10_49,sarima,1,lags_only,774,13.344456396793445,29.78593978413114,-7.907988602591442,10.674399452580277,29.685304242510863,-0.25013650239290486,-0.0033900795086399278
38038023_10_49,xgboost_direct,1,lags_only,774,17.167996002604895,36.826146731540014,-0.01270509768320152,10.674399452580277,29.685304242510863,-0.6083336658770953,-0.24055143348684638
38038023_10_49,persistence,2,lags_only,770,15.772211880654703,40.513470515203565,,,,,
38038023_10_49,sarima,2,lags_only,770,17.927841131843465,35.80494212993179,-14.62155307698213,15.772211880654703,40.513470515203565,-0.13667260289805855,0.11622130430679342
38038023_10_49,xgboost_direct,2,lags_only,770,31.512418610934194,100.63184745038193,13.292440779916149,15.772211880654703,40.513470515203565,-0.9979707887126176,-1.4839108121487057
38038023_10_49,persistence,3,lags_only,764,17.735532933907777,42.413618536957074,,,,,
38038023_10_49,sarima,3,lags_only,764,19.784455709948936,36.23335001695297,-17.122440824931413,17.735532933907777,42.413618536957074,-0.11552642842346818,0.14571424776263628
38038023_10_49,xgboost_direct,3,lags_only,764,29.454634092099816,81.18203889956285,12.66755849520484,17.735532933907777,42.413618536957074,-0.660769608777124,-0.9140559494782307
38038023_10_49,persistence,4,lags_only,759,18.589983169496854,42.225541230979296,,,,,
38038023_10_49,sarima,4,lags_only,759,20.340278275907934,36.76311549048149,-17.762533572300278,18.589983169496854,42.225541230979296,-0.09415259231019803,0.12936307223672078
38038023_10_49,xgboost_direct,4,lags_only,759,19.28749936530205,37.87591367712907,2.0376879853758627,18.589983169496854,42.225541230979296,-0.0375210773159659,0.10300939732322643
38038023_10_49,persistence,5,lags_only,760,19.982072466831212,45.394095438265445,,,,,
38038023_10_49,sarima,5,lags_only,760,21.526750090599112,39.22196273341947,-18.936042103148452,19.982072466831212,45.394095438265445,-0.07730317394914628,0.135967743056801
38038023_10_49,xgboost_direct,5,lags_only,760,16.73760033743057,33.973201963270704,-1.649497551466653,19.982072466831212,45.394095438265445,0.16236915038648914,0.25159425173537825
38038023_10_49,persistence,6,lags_only,762,21.817812476553513,50.50937608099108,,,,,
38038023_10_49,sarima,6,lags_only,762,22.221950342035136,41.827462289466474,-20.320724721156783,21.817812476553513,50.50937608099108,-0.018523299066573656,0.17188717155411462
38038023_10_49,xgboost_direct,6,lags_only,762,17.766710227992856,36.75919539158722,-1.1958150721699303,21.817812476553513,50.50937608099108,0.18567866292343327,0.2722302621072895
38038023_10_49,persistence,7,lags_only,762,21.546235917027172,51.002118104468565,,,,,
38038023_10_49,sarima,7,lags_only,762,22.3853624896301,43.89233502376277,-20.755172454601748,21.546235917027172,51.002118104468565,-0.038945390546837884,0.13940172182933067
38038023_10_49,xgboost_direct,7,lags_only,762,23.22373900850264,54.80827414296398,2.8642643517681305,21.546235917027172,51.002118104468565,-0.07785596973575332,-0.07462741117337907
38038025_10_46,persistence,1,lags_only,845,9.7059577824628,22.872032499123897,,,,,
38038025_10_46,sarima,1,lags_only,845,9.81123988974216,22.203704898295985,-5.617112298238768,9.7059577824628,22.872032499123897,-0.010847163117645985,0.029220297796162694
38038025_10_46,xgboost_direct,1,lags_only,845,15.234927079687774,32.55381534660092,1.1532375479391248,9.7059577824628,22.872032499123897,-0.5696469551119402,-0.4233022512471456
38038025_10_46,persistence,2,lags_only,840,14.086969454523599,33.27711501463973,,,,,
38038025_10_46,sarima,2,lags_only,840,12.708998406601378,29.55991677188591,-8.987295455085881,14.086969454523599,33.27711501463973,0.09781884260987932,0.11170434219187877
38038025_10_46,xgboost_direct,2,lags_only,840,17.512461274137795,36.35735971913459,1.8713480902230404,14.086969454523599,33.27711501463973,-0.24316740592592143,-0.0925634539875153
38038025_10_46,persistence,3,lags_only,840,16.248551347410658,37.83725193386846,,,,,
38038025_10_46,sarima,3,lags_only,840,14.27127243445964,32.05335890745284,-11.45659734531268,16.248551347410658,37.83725193386846,0.12168955069746042,0.1528623969976637
38038025_10_46,xgboost_direct,3,lags_only,840,18.317372296925605,37.38295701750584,2.8365138944409205,16.248551347410658,37.83725193386846,-0.12732340904006997,0.012006551563433629
38038025_10_46,persistence,4,lags_only,839,17.386214083322237,39.66126374678562,,,,,
38038025_10_46,sarima,4,lags_only,839,15.300354060221316,33.207559034097486,-13.431007650998229,17.386214083322237,39.66126374678562,0.11997206597736458,0.16272060199320254
38038025_10_46,xgboost_direct,4,lags_only,839,16.9325565013547,33.7807202388347,1.9009143922338356,17.386214083322237,39.66126374678562,0.02609294811356942,0.14826919145831602
38038025_10_46,persistence,5,lags_only,837,17.692302222327317,39.86441062839706,,,,,
38038025_10_46,sarima,5,lags_only,837,16.111496488863118,33.820780607744595,-15.080484943545533,17.692302222327317,39.86441062839706,0.08934991690732343,0.15160464999694084
38038025_10_46,xgboost_direct,5,lags_only,837,17.975164446865815,36.76854127067059,2.44240853771695,17.692302222327317,39.86441062839706,-0.015987869808233975,0.07765998064251214
38038025_10_46,persistence,6,lags_only,838,18.10786525263275,40.02705362335637,,,,,
38038025_10_46,sarima,6,lags_only,838,16.868398837021136,34.09791913179499,-16.290533675925868,18.10786525263275,40.02705362335637,0.06844906333900423,0.1481281771911797
38038025_10_46,xgboost_direct,6,lags_only,838,17.586771538971263,35.16221568835084,1.9477024474116682,18.10786525263275,40.02705362335637,0.028777202966303428,0.12153874678816799
38038025_10_46,persistence,7,lags_only,836,18.534711684751308,40.673602762905396,,,,,
38038025_10_46,sarima,7,lags_only,836,17.56459875504841,34.65034146292928,-17.096354748195967,18.534711684751308,40.673602762905396,0.05234033019790742,0.1480877249818983
38038025_10_46,xgboost_direct,7,lags_only,836,16.612764327450005,33.3284860072437,0.08055423510736012,18.534711684751308,40.673602762905396,0.10369448362568855,0.18058682429677697
38038026_10_46,persistence,1,lags_only,327,14.785656345115122,36.98214931140751,,,,,
38038026_10_46,sarima,1,lags_only,327,15.51281020465026,38.67222573696422,-8.764750106191137,14.785656345115122,36.98214931140751,-0.049179680804320496,-0.04569978914220084
38038026_10_46,xgboost_direct,1,lags_only,327,23.684741407522708,55.54283396209027,-6.777153782294236,14.785656345115122,36.98214931140751,-0.6018728458644085,-0.5018822593136179
38038026_10_46,persistence,2,lags_only,326,22.52972371959628,55.9128514973487,,,,,
38038026_10_46,sarima,2,lags_only,326,20.479040993646713,50.86392036067075,-12.94202130557722,22.52972371959628,55.9128514973487,0.0910212105337932,0.0903000115620532
38038026_10_46,xgboost_direct,2,lags_only,326,23.535920739083554,54.516920629406876,-10.88122120414325,22.52972371959628,55.9128514973487,-0.044660868105190626,0.02496618989299829
38038026_10_46,persistence,3,lags_only,326,25.635823836458915,64.17807277971954,,,,,
38038026_10_46,sarima,3,lags_only,326,23.668559357549054,55.4431293285968,-16.360001254727134,25.635823836458915,64.17807277971954,0.07673888272363788,0.1361047951861062
38038026_10_46,xgboost_direct,3,lags_only,326,24.53201366575501,56.25511516284412,-10.128635016009436,25.635823836458915,64.17807277971954,0.043057331714617335,0.12345271949922279
38038026_10_46,persistence,4,lags_only,326,28.070998130829874,67.68721443586392,,,,,
38038026_10_46,sarima,4,lags_only,326,25.501775499353705,57.11723220303309,-19.57077094125954,28.070998130829874,67.68721443586392,0.09152587376842998,0.15615921442366743
38038026_10_46,xgboost_direct,4,lags_only,326,24.381565816840688,53.8820998584162,-11.415833789242853,28.070998130829874,67.68721443586392,0.13143217411771152,0.20395453842362754
38038026_10_46,persistence,5,lags_only,326,29.16419716101403,68.62459144896799,,,,,
38038026_10_46,sarima,5,lags_only,326,27.498172424841673,57.92983479003252,-22.461939109757093,29.16419716101403,68.62459144896799,0.05712568485853803,0.15584437638347937
38038026_10_46,xgboost_direct,5,lags_only,326,23.872371118378894,55.056490891368576,-11.86472724061661,29.16419716101403,68.62459144896799,0.18144939884404285,0.19771484640005763
38038026_10_46,persistence,6,lags_only,326,30.676408209501414,69.54675541066933,,,,,
38038026_10_46,sarima,6,lags_only,326,28.778272647102785,58.66210457859117,-24.60521430337618,30.676408209501414,69.54675541066933,0.06187606937016566,0.15650839162524505
38038026_10_46,xgboost_direct,6,lags_only,326,22.60769801946821,52.3897727396381,-10.786507477822074,30.676408209501414,69.54675541066933,0.26302656213624387,0.24669709707836554
38038026_10_46,persistence,7,lags_only,325,31.28455354713936,71.00058774079946,,,,,
38038026_10_46,sarima,7,lags_only,325,29.81063460953002,59.21144964456455,-26.22458530129408,31.28455354713936,71.00058774079946,0.047113312177795644,0.1660428240294756
38038026_10_46,xgboost_direct,7,lags_only,325,25.36089587600999,60.02711603877416,-10.449035612328178,31.28455354713936,71.00058774079946,0.1893476811872556,0.1545546600555752
38038027_10_49,persistence,1,lags_only,711,9.827186704008678,23.20937150003745,,,,,
38038027_10_49,sarima,1,lags_only,711,11.387750526701511,25.368907877745283,-7.398024504059943,9.827186704008678,23.20937150003745,-0.15880066897032213,-0.09304587923478883
38038027_10_49,xgboost_direct,1,lags_only,711,16.15574648704063,33.08138972521666,1.4611328121628566,9.827186704008678,23.20937150003745,-0.6439848935047122,-0.42534621091153985
38038027_10_49,persistence,2,lags_only,703,14.323549692097206,32.27536486725261,,,,,
38038027_10_49,sarima,2,lags_only,703,14.769395051404693,29.96217586278156,-11.444130142781278,14.323549692097206,32.27536486725261,-0.03112673666035978,0.07167042151142562
38038027_10_49,xgboost_direct,2,lags_only,703,16.61328084246314,32.45956378256456,1.642797617041254,14.323549692097206,32.27536486725261,-0.15985780058620927,-0.005707105591820542
38038027_10_49,persistence,3,lags_only,698,18.03667570613454,50.37886822303609,,,,,
38038027_10_49,sarima,3,lags_only,698,18.047301245383984,47.95495927801121,-15.901449762832126,18.03667570613454,50.37886822303609,-0.0005891074066286304,0.04811360458305283
38038027_10_49,xgboost_direct,3,lags_only,698,23.155166656862335,58.46310348801359,4.828225972061984,18.03667570613454,50.37886822303609,-0.2837823906201805,-0.16046877490751013
38038027_10_49,persistence,4,lags_only,696,18.398219646940596,39.30347568087918,,,,,
38038027_10_49,sarima,4,lags_only,696,18.389282458119855,35.31656411502368,-16.825773356791185,18.398219646940596,39.30347568087918,0.0004857637854230004,0.1014391601960816
38038027_10_49,xgboost_direct,4,lags_only,696,19.307291767297553,36.65358882384483,2.1668089664784955,18.398219646940596,39.30347568087918,-0.049410874410781604,0.06742118377900867
38038027_10_49,persistence,5,lags_only,695,19.907619692590306,43.18811947793786,,,,,
38038027_10_49,sarima,5,lags_only,695,19.69134065672229,39.13156319237386,-18.362508630865083,19.907619692590306,43.18811947793786,0.010864133392527894,0.0939275970938314
38038027_10_49,xgboost_direct,5,lags_only,695,20.292517666691325,41.51479760489968,1.483562948366415,19.907619692590306,43.18811947793786,-0.019334203689066833,0.03874495794828437
38038027_10_49,persistence,6,lags_only,695,20.306344639643868,43.29937653664068,,,,,
38038027_10_49,sarima,6,lags_only,695,20.373986084698636,40.163124503751284,-19.190426576823285,20.306344639643868,43.29937653664068,-0.0033310497903553016,0.0724318058075373
38038027_10_49,xgboost_direct,6,lags_only,695,19.70903641424867,41.809734783621685,1.3355672964305727,20.306344639643868,43.29937653664068,0.029414857080140393,0.034403307210634615
38038027_10_49,persistence,7,lags_only,697,20.550370854222848,44.04253632819654,,,,,
38038027_10_49,sarima,7,lags_only,697,20.967922794919925,42.60631364399908,-20.11154130669276,20.550370854222848,44.04253632819654,-0.020318462555203736,0.032609899518388406
38038027_10_49,xgboost_direct,7,lags_only,697,19.77809660621272,42.19714720501834,0.6838344652849545,20.550370854222848,44.04253632819654,0.037579577200254496,0.04190015555477357
38048001_10_49,persistence,1,lags_only,63,4.762529614392968,7.680931550910354,,,,,
38048001_10_49,sarima,1,lags_only,63,5.6579404220244935,8.445276695388353,-4.482797154249092,4.762529614392968,7.680931550910354,-0.188011598904389,-0.0995120369725737
38048001_10_49,xgboost_direct,1,lags_only,63,7.235619239733038,9.698985480002781,1.4545062446418278,4.762529614392968,7.680931550910354,-0.5192806818179312,-0.26273556999127856
38048001_10_49,persistence,2,lags_only,62,6.537665093819593,10.122785037739984,,,,,
38048001_10_49,sarima,2,lags_only,62,7.516652585340758,10.874496312605345,-6.654483113685874,6.537665093819593,10.122785037739984,-0.14974573910900618,-0.07425933397408073
38048001_10_49,xgboost_direct,2,lags_only,62,6.443287530596565,9.358212611885023,-0.14283577749263462,6.537665093819593,10.122785037739984,0.014435973985918631,0.07552984904889969
38048001_10_49,persistence,3,lags_only,61,8.34563018948265,12.053511169408102,,,,,
38048001_10_49,sarima,3,lags_only,61,8.633982948346892,12.567820699014609,-8.336269070924093,8.34563018948265,12.053511169408102,-0.0345513463114662,-0.04266885576974685
38048001_10_49,xgboost_direct,3,lags_only,61,6.195126142557287,9.526401085633536,-0.49212690940775394,8.34563018948265,12.053511169408102,0.2576802467997535,0.20965758842024304
38048001_10_49,persistence,4,lags_only,61,9.091819709157557,13.130778367789993,,,,,
38048001_10_49,sarima,4,lags_only,61,10.112920357922864,13.846391222370974,-9.883317908295917,9.091819709157557,13.130778367789993,-0.11230982151315906,-0.05449889066259697
38048001_10_49,xgboost_direct,4,lags_only,61,7.132491365144795,10.406597028986697,-0.2257495410056756,9.091819709157557,13.130778367789993,0.21550453118194443,0.20746533545077236
38048001_10_49,persistence,5,lags_only,60,9.119459501850805,13.644452481324493,,,,,
38048001_10_49,sarima,5,lags_only,60,11.217628952310081,14.771726965965229,-11.128574226626998,9.119459501850805,13.644452481324493,-0.23007607523597748,-0.08261778815849631
38048001_10_49,xgboost_direct,5,lags_only,60,9.42302144655772,12.790479314611368,3.0478654142927115,9.119459501850805,13.644452481324493,-0.033287273729907516,0.06258757307279128
38048001_10_49,persistence,6,lags_only,59,9.368986049568216,13.619953896572472,,,,,
38048001_10_49,sarima,6,lags_only,59,12.09735732647891,15.482198825805169,-12.09735732647891,9.368986049568216,13.619953896572472,-0.2912130792463327,-0.1367291654123249
38048001_10_49,xgboost_direct,6,lags_only,59,8.838745053679844,11.460129417084408,1.9913140525996647,9.368986049568216,13.619953896572472,0.056595344798577085,0.15857795818468917
38048001_10_49,persistence,7,lags_only,58,9.426084928315063,13.23265524737388,,,,,
38048001_10_49,sarima,7,lags_only,58,13.020841626192118,16.212542712203863,-13.020841626192118,9.426084928315063,13.23265524737388,-0.3813626468693006,-0.22519195196454342
38048001_10_49,xgboost_direct,7,lags_only,58,8.559239848256157,11.599935447019584,1.019425389570697,9.426084928315063,13.23265524737388,0.09196236684171882,0.1233856523752723
39008001_10_49,persistence,1,lags_only,1021,4.993104278729211,7.338392443563245,,,,,
39008001_10_49,sarima,1,lags_only,1021,4.8692572649480255,7.1646445709351685,-0.9365889450459073,4.993104278729211,7.338392443563245,0.024803610513158703,0.023676557769880015
39008001_10_49,xgboost_direct,1,lags_only,1021,6.586357723628748,9.431775737051618,0.3249154048351619,4.993104278729211,7.338392443563245,-0.3190907611697294,-0.2852645602681758
39008001_10_49,persistence,2,lags_only,1020,6.601268643058084,9.632538733791332,,,,,
39008001_10_49,sarima,2,lags_only,1020,6.206625798192814,9.042783102848235,-1.5854640994227205,6.601268643058084,9.632538733791332,0.05978287905011684,0.06122535784613154
39008001_10_49,xgboost_direct,2,lags_only,1020,6.549177843015887,9.227138323317035,0.10634127508614302,6.601268643058084,9.632538733791332,0.007891028658101413,0.04208655907628335
39008001_10_49,persistence,3,lags_only,1019,7.238584274405839,10.57030326820076,,,,,
39008001_10_49,sarima,3,lags_only,1019,6.82899830086514,9.783866982321157,-2.154397432315531,7.238584274405839,10.57030326820076,0.056583712783300905,0.07440054139652581
39008001_10_49,xgboost_direct,3,lags_only,1019,6.465550597572512,9.022461179804633,-0.36208409406381564,7.238584274405839,10.57030326820076,0.10679348993236382,0.14643308229883883
39008001_10_49,persistence,4,lags_only,1018,7.621999861702603,11.059256150122382,,,,,
39008001_10_49,sarima,4,lags_only,1018,7.213228016582456,10.215766264945735,-2.768855011067581,7.621999861702603,11.059256150122382,0.05363052381751624,0.07627003785126295
39008001_10_49,xgboost_direct,4,lags_only,1018,6.730822435544093,9.182919900313415,0.04258164832544692,7.621999861702603,11.059256150122382,0.1169217321344111,0.16966206626728716
39008001_10_49,persistence,5,lags_only,1017,7.762528494050232,11.339644366477932,,,,,
39008001_10_49,sarima,5,lags_only,1017,7.35800837368649,10.50066038539877,-3.3866779070194903,7.762528494050232,11.339644366477932,0.05211190151170414,0.0739867983478699
39008001_10_49,xgboost_direct,5,lags_only,1017,7.00902224115487,9.753996791978727,0.531168746002737,7.762528494050232,11.339644366477932,0.09706969236543278,0.13983221371445037
39008001_10_49,persistence,6,lags_only,1016,7.826818065725975,11.449772377794325,,,,,
39008001_10_49,sarima,6,lags_only,1016,7.574075336768035,10.683115391417864,-4.003367550388806,7.826818065725975,11.449772377794325,0.032291887563442,0.06695827314989374
39008001_10_49,xgboost_direct,6,lags_only,1016,6.778002322848071,9.264432172374493,-0.1527427666061926,7.826818065725975,11.449772377794325,0.13400282644497905,0.19086320088406986
39008001_10_49,persistence,7,lags_only,1015,8.00215978745321,11.489850772766761,,,,,
39008001_10_49,sarima,7,lags_only,1015,7.841311241289952,10.752088294580004,-4.456442156886685,8.00215978745321,11.489850772766761,0.020100641631207825,0.0642099268978673
39008001_10_49,xgboost_direct,7,lags_only,1015,6.628605122191426,9.041135790217922,-0.29402236701675666,8.00215978745321,11.489850772766761,0.17164799276008158,0.21311982470240454
39016003_10_49,persistence,1,lags_only,919,6.949200065495823,9.745063433356878,,,,,
39016003_10_49,sarima,1,lags_only,919,6.68021885513243,9.441266085598935,-1.077743092919642,6.949200065495823,9.745063433356878,0.038706787519176396,0.03117448642951458
39016003_10_49,xgboost_direct,1,lags_only,919,8.528144595237942,11.505933758190512,0.43151448655840446,6.949200065495823,9.745063433356878,-0.22721241507808876,-0.18069357237904282
39016003_10_49,persistence,2,lags_only,913,8.961262047931463,12.616012209506941,,,,,
39016003_10_49,sarima,2,lags_only,913,8.247964915971627,11.59335349428682,-1.8211252124827697,8.961262047931463,12.616012209506941,0.07959784326633847,0.08106037773564335
39016003_10_49,xgboost_direct,2,lags_only,913,8.656474247792518,11.663210426882292,0.42954434689049464,8.961262047931463,12.616012209506941,0.03401170488137874,0.0755232134213261
39016003_10_49,persistence,3,lags_only,910,9.651472387261862,13.462178961688751,,,,,
39016003_10_49,sarima,3,lags_only,910,8.715606118403937,12.144470833977513,-2.5278207674570314,9.651472387261862,13.462178961688751,0.09696616550373117,0.09788223224941736
39016003_10_49,xgboost_direct,3,lags_only,910,8.86793904954409,11.664433743397398,0.7275686082242113,9.651472387261862,13.462178961688751,0.08118277774403516,0.13354043378917
39016003_10_49,persistence,4,lags_only,911,10.073060511757898,14.150827812381362,,,,,
39016003_10_49,sarima,4,lags_only,911,9.126202751374167,12.789981074861943,-3.408289393911897,10.073060511757898,14.150827812381362,0.09399901442848475,0.09616728827190847
39016003_10_49,xgboost_direct,4,lags_only,911,8.996753985480506,12.063472108329,0.7237355186823222,10.073060511757898,14.150827812381362,0.10685000105192068,0.14750767458466393
39016003_10_49,persistence,5,lags_only,912,10.280316600984582,14.570432507629814,,,,,
39016003_10_49,sarima,5,lags_only,912,9.502063540561961,13.302858152191252,-4.218778062324826,10.280316600984582,14.570432507629814,0.07570321913510766,0.08699634377873107
39016003_10_49,xgboost_direct,5,lags_only,912,9.279244370699875,12.334946243728716,1.0516495638340906,10.280316600984582,14.570432507629814,0.09737756813723338,0.15342621179779561
39016003_10_49,persistence,6,lags_only,912,10.603153126188852,14.830716783620765,,,,,
39016003_10_49,sarima,6,lags_only,912,9.95111804177751,13.744775525939787,-4.913805026364011,10.603153126188852,14.830716783620765,0.06149445138171895,0.07322243917976415
39016003_10_49,xgboost_direct,6,lags_only,912,9.590313394508803,12.51353381392782,0.8468562766213035,10.603153126188852,14.830716783620765,0.0955225035068507,0.15624214281079604
39016003_10_49,persistence,7,lags_only,910,10.998972190226686,15.177851508807503,,,,,
39016003_10_49,sarima,7,lags_only,910,10.410595760594536,14.171339837492576,-5.493250263074839,10.998972190226686,15.177851508807503,0.05349376464056904,0.06631450246636435
39016003_10_49,xgboost_direct,7,lags_only,910,9.506824241030193,12.609825360466678,0.7164260730828488,10.998972190226686,15.177851508807503,0.1356624894935515,0.16919563001724153
39020001_10_49,persistence,1,lags_only,837,4.628694992787084,6.669073220417229,,,,,
39020001_10_49,sarima,1,lags_only,837,4.50002694455915,6.6033739088070735,-1.103259195265399,4.628694992787084,6.669073220417229,0.027797910302674485,0.009851340574432257
39020001_10_49,xgboost_direct,1,lags_only,837,6.205949111610126,8.861644628914762,0.6406298513942995,4.628694992787084,6.669073220417229,-0.3407556819537438,-0.32876703194456175
39020001_10_49,persistence,2,lags_only,833,6.038546085814237,9.065112479693187,,,,,
39020001_10_49,sarima,2,lags_only,833,5.682666531689445,8.494416985119628,-1.797105552408947,6.038546085814237,9.065112479693187,0.058934642390297394,0.06295514764455246
39020001_10_49,xgboost_direct,2,lags_only,833,6.510198096787125,9.22659457189868,0.5560460486725134,6.038546085814237,9.065112479693187,-0.07810688272809474,-0.017813578437910118
39020001_10_49,persistence,3,lags_only,833,6.9214279741436835,10.376572096199318,,,,,
39020001_10_49,sarima,3,lags_only,833,6.335045082085331,9.534478506813452,-2.5293119664646166,6.9214279741436835,10.376572096199318,0.08471992979611985,0.08115335021806523
39020001_10_49,xgboost_direct,3,lags_only,833,6.673371485681698,9.44494809968913,0.6851606171467551,6.9214279741436835,10.376572096199318,0.03583891783439024,0.08978147965178396
39020001_10_49,persistence,4,lags_only,835,7.142733215649397,10.721473401737788,,,,,
39020001_10_49,sarima,4,lags_only,835,6.622837693206913,9.787213367861018,-3.1606001305149465,7.142733215649397,10.721473401737788,0.07278663597618584,0.08713914579365002
39020001_10_49,xgboost_direct,4,lags_only,835,6.6087281632511,9.336922692475813,0.49383676686616007,7.142733215649397,10.721473401737788,0.07476200444226541,0.1291381004627181
39020001_10_49,persistence,5,lags_only,835,7.313612040681335,10.726948561572474,,,,,
39020001_10_49,sarima,5,lags_only,835,6.853384653273107,9.991495838111117,-3.7862036962443573,7.313612040681335,10.726948561572474,0.06292750898574505,0.06856122402749233
39020001_10_49,xgboost_direct,5,lags_only,835,6.821121446313739,9.60073590434211,0.7700355480328424,7.313612040681335,10.726948561572474,0.0673389006182116,0.10498909832240964
39020001_10_49,persistence,6,lags_only,833,7.425419754021057,10.675671502978018,,,,,
39020001_10_49,sarima,6,lags_only,833,7.129399924568633,10.261236684858101,-4.397823364825284,7.425419754021057,10.675671502978018,0.03986573678775829,0.03882049180740608
39020001_10_49,xgboost_direct,6,lags_only,833,6.870045294545019,9.705254338097014,0.7906333547155036,7.425419754021057,10.675671502978018,0.07479367872439649,0.09089987122686408
39020001_10_49,persistence,7,lags_only,831,7.488978209190892,11.172797791423212,,,,,
39020001_10_49,sarima,7,lags_only,831,7.373149669383771,10.663242708429204,-4.884823293242083,7.488978209190892,11.172797791423212,0.015466534495315949,0.04560675781541202
39020001_10_49,xgboost_direct,7,lags_only,831,6.530431383350384,9.229106582735689,0.5658047442223685,7.488978209190892,11.172797791423212,0.12799434035795765,0.17396638200859557
39025001_10_49,persistence,1,lags_only,842,6.083725076318239,10.422273677603378,,,,,
39025001_10_49,sarima,1,lags_only,842,6.104663418837573,10.013965430477722,-1.8584513417887012,6.083725076318239,10.422273677603378,-0.003441697686313829,0.03917650406773313
39025001_10_49,xgboost_direct,1,lags_only,842,7.450151698094056,11.334551324697243,-0.8126410839652497,6.083725076318239,10.422273677603378,-0.22460361121425854,-0.08753153825295099
39025001_10_49,persistence,2,lags_only,841,8.53238811756275,13.811633843261996,,,,,
39025001_10_49,sarima,2,lags_only,841,8.127240214648511,12.686327123955254,-2.8759002696478753,8.53238811756275,13.811633843261996,0.04748352950334005,0.08147527889002959
39025001_10_49,xgboost_direct,2,lags_only,841,8.05686399431969,12.181233636736145,-0.5893542070530902,8.53238811756275,13.811633843261996,0.05573165644730332,0.11804542641573437
39025001_10_49,persistence,3,lags_only,838,9.236752318806614,13.646655643775969,,,,,
39025001_10_49,sarima,3,lags_only,838,8.745486355343905,12.928592922774218,-3.8172627591858674,9.236752318806614,13.646655643775969,0.053186005914921015,0.052618219419147426
39025001_10_49,xgboost_direct,3,lags_only,838,8.148626345069657,12.463926055695136,-0.6330803701296992,9.236752318806614,13.646655643775969,0.11780395708148025,0.08666809062631085
39025001_10_49,persistence,4,lags_only,836,9.648126311513382,14.889997069911043,,,,,
39025001_10_49,sarima,4,lags_only,836,9.078522481928331,13.541860585689488,-4.4147389189810795,9.648126311513382,14.889997069911043,0.059037766628876526,0.09053974140436884
39025001_10_49,xgboost_direct,4,lags_only,836,7.795328008190343,11.750606204578732,-0.8452228608609742,9.648126311513382,14.889997069911043,0.19203711098931633,0.21083891760302856
39025001_10_49,persistence,5,lags_only,835,9.684625265403296,15.217875107319324,,,,,
39025001_10_49,sarima,5,lags_only,835,9.302387218238238,13.922096453485013,-5.115410062829696,9.684625265403296,15.217875107319324,0.03946854283877561,0.08514846157536687
39025001_10_49,xgboost_direct,5,lags_only,835,7.860772389518358,11.865932100871015,-0.9625162121774332,9.684625265403296,15.217875107319324,0.1883245686748818,0.22026353763648177
39025001_10_49,persistence,6,lags_only,834,9.546810031048336,14.178533997025214,,,,,
39025001_10_49,sarima,6,lags_only,834,9.411349771844323,12.936055621897259,-5.63147995110587,9.546810031048336,14.178533997025214,0.014189059881098122,0.08763094798013947
39025001_10_49,xgboost_direct,6,lags_only,834,7.542571702029951,10.232822858040718,-1.1906415572821891,9.546810031048336,14.178533997025214,0.20993801306406631,0.27828766639853897
39025001_10_49,persistence,7,lags_only,834,9.593424837828925,13.981862132227246,,,,,
39025001_10_49,sarima,7,lags_only,834,9.53685587407135,12.927590756810227,-6.1386410177579815,9.593424837828925,13.981862132227246,0.005896639074557812,0.07540278722867637
39025001_10_49,xgboost_direct,7,lags_only,834,7.526864146450758,10.145259825386368,-0.86202424847598,9.593424837828925,13.981862132227246,0.21541427866607935,0.2743985222109842
39059001_10_49,persistence,1,lags_only,965,4.295188344358203,11.391334965779393,,,,,
39059001_10_49,sarima,1,lags_only,965,4.450722950830974,10.593559975022055,-1.0635461099667067,4.295188344358203,11.391334965779393,-0.03621135885160149,0.07003349415620966
39059001_10_49,xgboost_direct,1,lags_only,965,5.419523103062577,10.531437772500878,-0.4074330160939235,4.295188344358203,11.391334965779393,-0.2617661132791081,0.0754869552920465
39059001_10_49,persistence,2,lags_only,961,5.6460920133165144,13.086613007980246,,,,,
39059001_10_49,sarima,2,lags_only,961,5.358691254838674,11.672515651827885,-1.6124517744361753,5.6460920133165144,13.086613007980246,0.050902599142910745,0.10805678713736253
39059001_10_49,xgboost_direct,2,lags_only,961,5.7629682177939,11.374880787985882,-0.31302104953719745,5.6460920133165144,13.086613007980246,-0.020700371903562477,0.13080024747049107
39059001_10_49,persistence,3,lags_only,959,6.375125560937917,13.444142280544652,,,,,
39059001_10_49,sarima,3,lags_only,959,5.800662464652393,11.800634991673874,-2.153432695137723,6.375125560937917,13.444142280544652,0.0901100834476754,0.12224709130378197
39059001_10_49,xgboost_direct,3,lags_only,959,5.776355499481106,11.08859629415565,-0.28605477484816066,6.375125560937917,13.444142280544652,0.0939228656335232,0.17520983765530138
39059001_10_49,persistence,4,lags_only,960,6.744845911561265,13.834402438385458,,,,,
39059001_10_49,sarima,4,lags_only,960,6.059347732837133,12.036386537625896,-2.6322614006602882,6.744845911561265,13.834402438385458,0.10163288942585441,0.1299670086053532
39059001_10_49,xgboost_direct,4,lags_only,960,5.82228260226798,10.92069402021605,-0.2585817764686542,6.744845911561265,13.834402438385458,0.13678048711415777,0.2106132470228654
39059001_10_49,persistence,5,lags_only,960,6.965209705753184,14.198285433986465,,,,,
39059001_10_49,sarima,5,lags_only,960,6.2186242640360145,12.222863312922906,-3.069232096736344,6.965209705753184,14.198285433986465,0.10718779092903664,0.1391310331270695
39059001_10_49,xgboost_direct,5,lags_only,960,6.021692713082644,11.30692359869807,-0.07665960918820829,6.965209705753184,14.198285433986465,0.13546139061559123,0.20364161917518125
39059001_10_49,persistence,6,lags_only,958,7.01560126773774,14.244323203565557,,,,,
39059001_10_49,sarima,6,lags_only,958,6.305495769003876,12.229891091076677,-3.467983369606773,7.01560126773774,14.244323203565557,0.10121805268486204,0.14141999473759756
39059001_10_49,xgboost_direct,6,lags_only,958,6.176370259748188,11.814451830757378,0.016598709962327093,7.01560126773774,14.244323203565557,0.11962353274677646,0.1705852456506988
39059001_10_49,persistence,7,lags_only,956,7.15652463327104,14.431667581549144,,,,,
39059001_10_49,sarima,7,lags_only,956,6.508748287778659,12.346754311118259,-3.892737845819407,7.15652463327104,14.431667581549144,0.09051549162296407,0.14446793890239282
39059001_10_49,xgboost_direct,7,lags_only,956,6.025533113909458,11.548922195005416,-0.04737298896911538,7.15652463327104,14.431667581549144,0.15803641813842798,0.19975137109098273
39075005_10_49,persistence,1,lags_only,979,4.5688024019279,6.482063294912468,,,,,
39075005_10_49,sarima,1,lags_only,979,4.390971824998642,6.237716365695881,-0.6641901248646831,4.5688024019279,6.482063294912468,0.038922798861736316,0.037695856720246064
39075005_10_49,xgboost_direct,1,lags_only,979,5.858924414518831,7.751270879424756,1.5093123018155787,4.5688024019279,6.482063294912468,-0.2823764083223511,-0.1958030223969646
39075005_10_49,persistence,2,lags_only,977,5.923320773817497,8.266526541471384,,,,,
39075005_10_49,sarima,2,lags_only,977,5.550162441382623,7.747167430700024,-1.2847091234881898,5.923320773817497,8.266526541471384,0.06299816381451485,0.06282676383676347
39075005_10_49,xgboost_direct,2,lags_only,977,5.956523566887778,7.983394274783017,1.5077773110906882,5.923320773817497,8.266526541471384,-0.0056054355889429384,0.03425045153704558
39075005_10_49,persistence,3,lags_only,976,6.417843064346621,9.021072125758684,,,,,
39075005_10_49,sarima,3,lags_only,976,6.041670784700259,8.397580977462118,-1.8580496387122112,6.417843064346621,9.021072125758684,0.05861350548381763,0.06911497210140412
39075005_10_49,xgboost_direct,3,lags_only,976,5.928457932633079,7.983428689900096,1.3150677109642346,6.417843064346621,9.021072125758684,0.07625383276076796,0.11502440301920548
39075005_10_49,persistence,4,lags_only,974,6.724154677178374,9.441650927023197,,,,,
39075005_10_49,sarima,4,lags_only,974,6.393816981326359,8.809233446518352,-2.4710129551178883,6.724154677178374,9.441650927023197,0.04912702216282647,0.06698166299442256
39075005_10_49,xgboost_direct,4,lags_only,974,5.998635101040826,7.995063830951963,1.5778762614589494,6.724154677178374,9.441650927023197,0.10789751440429311,0.15321336355815895
39075005_10_49,persistence,5,lags_only,973,6.883697861467727,9.781259677582483,,,,,
39075005_10_49,sarima,5,lags_only,973,6.526916587299295,9.195998384300843,-3.005508008326328,6.883697861467727,9.781259677582483,0.05182988581842836,0.05983496119860626
39075005_10_49,xgboost_direct,5,lags_only,973,6.07133128211625,8.190042876298579,1.8230416795242088,6.883697861467727,9.781259677582483,0.11801310802712452,0.16268015099637825
39075005_10_49,persistence,6,lags_only,974,6.977952295356404,9.800699783811048,,,,,
39075005_10_49,sarima,6,lags_only,974,6.750472383408732,9.40503680148219,-3.5383657717368653,6.977952295356404,9.800699783811048,0.03259980898680735,0.04037089096254335
39075005_10_49,xgboost_direct,6,lags_only,974,6.057549705119424,8.243312600493054,1.667839448537888,6.977952295356404,9.800699783811048,0.13190153089029824,0.15890571261967548
39075005_10_49,persistence,7,lags_only,974,7.199354605215102,10.080782922275548,,,,,
39075005_10_49,sarima,7,lags_only,974,6.992719643301915,9.661246737418328,-3.9586443093151895,7.199354605215102,10.080782922275548,0.028701873048940174,0.04161742079875257
39075005_10_49,xgboost_direct,7,lags_only,974,5.99073228172477,8.246360261727594,1.4393710687058905,7.199354605215102,10.080782922275548,0.16787925998461364,0.18197224111377527
39075006_10_49,persistence,1,lags_only,954,5.58130870043982,8.1061096280956,,,,,
39075006_10_49,sarima,1,lags_only,954,5.478775132201879,7.8740149628659255,-0.9775132929480146,5.58130870043982,8.1061096280956,0.018370882841484935,0.028632065920406485
39075006_10_49,xgboost_direct,1,lags_only,954,6.9973459016775585,9.693514128938634,1.532163965632335,5.58130870043982,8.1061096280956,-0.25371060395318246,-0.19582815600483916
39075006_10_49,persistence,2,lags_only,952,7.284130938277814,10.488531534638769,,,,,
39075006_10_49,sarima,2,lags_only,952,6.790125629917164,9.750290335769515,-1.6416555202021281,7.284130938277814,10.488531534638769,0.06781938882573782,0.07038556316784525
39075006_10_49,xgboost_direct,2,lags_only,952,7.331526012501959,10.148973100770835,1.541887705095841,7.284130938277814,10.488531534638769,-0.006506620299078605,0.032374258755530204
39075006_10_49,persistence,3,lags_only,947,7.871243759123104,11.351468914598076,,,,,
39075006_10_49,sarima,3,lags_only,947,7.337400616829485,10.489832389603121,-2.3026210856989837,7.871243759123104,11.351468914598076,0.06782195528818073,0.0759052886879586
39075006_10_49,xgboost_direct,3,lags_only,947,7.43956191657424,10.289318147621517,1.2623178756247266,7.871243759123104,11.351468914598076,0.05484290104070609,0.09356945563323751
39075006_10_49,persistence,4,lags_only,948,8.20296854165525,11.856011271219993,,,,,
39075006_10_49,sarima,4,lags_only,948,7.69196697125975,10.95363055664762,-2.8832860820461845,8.20296854165525,11.856011271219993,0.06229471292015799,0.07611166132769004
39075006_10_49,xgboost_direct,4,lags_only,948,7.564355852788307,10.422326836744507,1.4485436100263562,8.20296854165525,11.856011271219993,0.07785141264702211,0.12092468551845084
39075006_10_49,persistence,5,lags_only,946,8.454765355085927,12.304530822728278,,,,,
39075006_10_49,sarima,5,lags_only,946,7.956982899140029,11.344806518367548,-3.442982091220988,8.454765355085927,12.304530822728278,0.058875963440719145,0.07799763503277818
39075006_10_49,xgboost_direct,5,lags_only,946,7.506602603399246,10.341169757139442,1.6646213080998384,8.454765355085927,12.304530822728278,0.11214536558561235,0.15956407390700503
39075006_10_49,persistence,6,lags_only,944,8.735777797516699,12.418421343235396,,,,,
39075006_10_49,sarima,6,lags_only,944,8.285970826428715,11.643770610925051,-4.034684617387022,8.735777797516699,12.418421343235396,0.051490202877624666,0.06237916325268795
39075006_10_49,xgboost_direct,6,lags_only,944,7.454837429734252,10.269960738063443,1.4265201495619342,8.735777797516699,12.418421343235396,0.14663151896406715,0.173005935761897
39075006_10_49,persistence,7,lags_only,944,8.9516286635967,12.756036980954029,,,,,
39075006_10_49,sarima,7,lags_only,944,8.5400007028376,11.959124044945261,-4.520959133052959,8.9516286635967,12.756036980954029,0.04598358312527576,0.06247339492654612
39075006_10_49,xgboost_direct,7,lags_only,944,7.4958395631495955,10.361404091019446,1.4541006416288913,8.9516286635967,12.756036980954029,0.16262840597569866,0.1877254584249008
39086001_10_49,persistence,1,lags_only,925,4.311595478030261,15.846646374495174,,,,,
39086001_10_49,sarima,1,lags_only,925,4.482042644880267,14.72254916138393,-1.448610167384799,4.311595478030261,15.846646374495174,-0.03953227238467053,0.07093596881927362
39086001_10_49,xgboost_direct,1,lags_only,925,6.1722559941250505,18.1833091707734,0.8493172276072638,4.311595478030261,15.846646374495174,-0.43154802568464196,-0.1474547195070265
39086001_10_49,persistence,2,lags_only,921,5.752025190071091,19.173321241386837,,,,,
39086001_10_49,sarima,2,lags_only,921,5.45463034836746,16.754321104063894,-2.0680686040015557,5.752025190071091,19.173321241386837,0.05170263200811111,0.1261648989691664
39086001_10_49,xgboost_direct,2,lags_only,921,5.93413393336396,15.59876926875303,0.10494006351236672,5.752025190071091,19.173321241386837,-0.031659934940343644,0.1864336349259047
39086001_10_49,persistence,3,lags_only,919,6.273422669187142,19.481783301548596,,,,,
39086001_10_49,sarima,3,lags_only,919,5.861778367863478,16.593390636608582,-2.620857737374062,6.273422669187142,19.481783301548596,0.0656171794936626,0.14826120485132474
39086001_10_49,xgboost_direct,3,lags_only,919,6.301627942169227,16.801424031348706,0.30849085084856737,6.273422669187142,19.481783301548596,-0.004495994366937714,0.1375828500251735
39086001_10_49,persistence,4,lags_only,917,6.497843504527573,19.700262350220346,,,,,
39086001_10_49,sarima,4,lags_only,917,6.036580174549318,16.48229487846053,-3.0436518020449976,6.497843504527573,19.700262350220346,0.07098714052698495,0.16334642729891483
39086001_10_49,xgboost_direct,4,lags_only,917,6.231314523216852,15.714937138931383,0.5389908457309527,6.497843504527573,19.700262350220346,0.0410180671672084,0.20229807808850767
39086001_10_49,persistence,5,lags_only,915,6.841751328669774,19.99252815367546,,,,,
39086001_10_49,sarima,5,lags_only,915,6.163911792635304,16.433439501948698,-3.4562512714309017,6.841751328669774,19.99252815367546,0.09907398025327843,0.1780209398415905
39086001_10_49,xgboost_direct,5,lags_only,915,6.226076238730643,15.799452522102328,0.5981396866736949,6.841751328669774,19.99252815367546,0.08998793735153708,0.2097321358930922
39086001_10_49,persistence,6,lags_only,915,7.0297512940432245,20.264903375742755,,,,,
39086001_10_49,sarima,6,lags_only,915,6.241598442560576,16.299609101875674,-3.772718431878951,7.0297512940432245,20.264903375742755,0.11211674759397283,0.1956729918887039
39086001_10_49,xgboost_direct,6,lags_only,915,6.213937922064861,17.19893283020711,0.48108895110532857,7.0297512940432245,20.264903375742755,0.11605152698213606,0.1512946047009351
39086001_10_49,persistence,7,lags_only,913,7.047481943837785,20.231371511084216,,,,,
39086001_10_49,sarima,7,lags_only,913,6.322837107868375,16.106869186831652,-4.042885176728472,7.047481943837785,20.231371511084216,0.1028232270396987,0.20386666924646515
39086001_10_49,xgboost_direct,7,lags_only,913,8.055399892782418,24.40218641680447,2.315582047223854,7.047481943837785,20.231371511084216,-0.1430181669107988,-0.2061558161509306
39087003_10_49,persistence,1,lags_only,846,4.057706332594553,6.430666772643173,,,,,
39087003_10_49,sarima,1,lags_only,846,4.008978573169547,6.281059118254019,-0.9048622950095038,4.057706332594553,6.430666772643173,0.012008695413363923,0.023264718835316254
39087003_10_49,xgboost_direct,1,lags_only,846,5.408693953899829,7.8540265892858745,-0.0975604352331108,4.057706332594553,6.430666772643173,-0.33294366584716234,-0.2213393831410834
39087003_10_49,persistence,2,lags_only,843,5.594750997887882,8.667205985364475,,,,,
39087003_10_49,sarima,2,lags_only,843,5.474983450231052,8.311524899518426,-1.6865626258282391,5.594750997887882,8.667205985364475,0.021407127448932757,0.04103757155958396
39087003_10_49,xgboost_direct,2,lags_only,843,5.925609313573981,8.402514043753897,0.5683587433766593,5.594750997887882,8.667205985364475,-0.059137272742076204,0.03053947743454351
39087003_10_49,persistence,3,lags_only,842,6.222682697624674,9.383406341241306,,,,,
39087003_10_49,sarima,3,lags_only,842,6.110660758999224,8.996720692517668,-2.5011707866422204,6.222682697624674,9.383406341241306,0.018002193598624545,0.04120951759534317
39087003_10_49,xgboost_direct,3,lags_only,842,6.009577015939598,8.38485743752504,0.7425444669529799,6.222682697624674,9.383406341241306,0.034246592995400976,0.10641646193318005
39087003_10_49,persistence,4,lags_only,840,6.4664009792542405,9.819765404576295,,,,,
39087003_10_49,sarima,4,lags_only,840,6.450188201996961,9.4885065147928,-3.29158400444242,6.4664009792542405,9.819765404576295,0.0025072335151027263,0.03373389038694537
39087003_10_49,xgboost_direct,4,lags_only,840,6.040866528590225,8.5045186437407,0.6228554080193945,6.4664009792542405,9.819765404576295,0.06580700021994174,0.1339387150962538
39087003_10_49,persistence,5,lags_only,837,6.663592492457636,10.21673057333808,,,,,
39087003_10_49,sarima,5,lags_only,837,6.827175866133109,9.968353198375063,-4.00803291609852,6.663592492457636,10.21673057333808,-0.024548826156555792,0.024310847112988435
39087003_10_49,xgboost_direct,5,lags_only,837,6.066652135001136,8.589303491570089,0.4406512144750375,6.663592492457636,10.21673057333808,0.08958236238667998,0.1592903982429544
39087003_10_49,persistence,6,lags_only,836,6.920700039505468,10.428266749671709,,,,,
39087003_10_49,sarima,6,lags_only,836,7.332088272059154,10.409006955795439,-4.699155873299496,6.920700039505468,10.428266749671709,-0.059443153178920585,0.0018468835079305814
39087003_10_49,xgboost_direct,6,lags_only,836,6.111815425035845,8.570129133032138,0.47516149352835485,6.920700039505468,10.428266749671709,0.11687901655212092,0.17818278542769983
39087003_10_49,persistence,7,lags_only,834,7.056272053097612,10.572706346128264,,,,,
39087003_10_49,sarima,7,lags_only,834,7.668861938662925,10.705196666472657,-5.2266118950038765,7.056272053097612,10.572706346128264,-0.0868149471782899,-0.012531353468727668
39087003_10_49,xgboost_direct,7,lags_only,834,6.109539160508445,8.779787898941178,0.7012026336749602,7.056272053097612,10.572706346128264,0.13416898972504387,0.1695798964324451
39087004_10_49,persistence,1,lags_only,883,4.459700117520153,6.6657836870253915,,,,,
39087004_10_49,sarima,1,lags_only,883,4.4580610757085655,6.650446304995273,-0.8301890010186163,4.459700117520153,6.6657836870253915,0.0003675228756186674,0.0023009120532926676
39087004_10_49,xgboost_direct,1,lags_only,883,5.7769333216232095,8.147157139127561,0.13040084324717044,4.459700117520153,6.6657836870253915,-0.2953636274619094,-0.2222354522223077
39087004_10_49,persistence,2,lags_only,883,6.044382274324211,8.817146014217888,,,,,
39087004_10_49,sarima,2,lags_only,883,5.823619279757917,8.402277307953229,-1.4661014065830609,6.044382274324211,8.817146014217888,0.03652366520629706,0.04705249358416798
39087004_10_49,xgboost_direct,2,lags_only,883,6.142954340823008,8.598395068032634,0.40767722270959245,6.044382274324211,8.817146014217888,-0.016308046385073712,0.02480972253748693
39087004_10_49,persistence,3,lags_only,881,6.7137184143684845,9.634676804667587,,,,,
39087004_10_49,sarima,3,lags_only,881,6.400749362705466,9.040789165168356,-2.036417643881571,6.7137184143684845,9.634676804667587,0.046616350634130305,0.06164063948792947
39087004_10_49,xgboost_direct,3,lags_only,881,6.123280356619161,8.565319211670129,0.1240830863153838,6.7137184143684845,9.634676804667587,0.0879450136731512,0.11099049969993802
39087004_10_49,persistence,4,lags_only,882,6.990678284581521,9.94853477408085,,,,,
39087004_10_49,sarima,4,lags_only,882,6.701948881701758,9.337610690983107,-2.487949367139753,6.990678284581521,9.94853477408085,0.04130205841635972,0.06140844827616199
39087004_10_49,xgboost_direct,4,lags_only,882,6.181099182751625,8.511667784566002,0.2134632301804806,6.990678284581521,9.94853477408085,0.11580837636534998,0.14443001126742305
39087004_10_49,persistence,5,lags_only,880,7.073140686674465,10.242815744136403,,,,,
39087004_10_49,sarima,5,lags_only,880,6.941320389313188,9.804361566128259,-3.0602861222217244,7.073140686674465,10.242815744136403,0.018636741894533747,0.04280602023512341
39087004_10_49,xgboost_direct,5,lags_only,880,6.1397637387070345,8.523243890313699,0.3500519510060953,7.073140686674465,10.242815744136403,0.13196074973114535,0.1678807758313029
39087004_10_49,persistence,6,lags_only,878,7.228134072892351,10.435387986995801,,,,,
39087004_10_49,sarima,6,lags_only,878,7.242750820778155,10.194267914240926,-3.5500954626370858,7.228134072892351,10.435387986995801,-0.0020222020978583233,0.023105999801382525
39087004_10_49,xgboost_direct,6,lags_only,878,6.113198191519543,8.419653401899627,0.32764368842434205,7.228134072892351,10.435387986995801,0.15424947436353573,0.19316335795162662
39087004_10_49,persistence,7,lags_only,875,7.287803657081722,10.658072475923678,,,,,
39087004_10_49,sarima,7,lags_only,875,7.598283537826079,10.579287745922121,-4.044185382911635,7.287803657081722,10.658072475923678,-0.042602668149910594,0.007392024231354166
39087004_10_49,xgboost_direct,7,lags_only,875,6.22168788756766,8.68609592307289,0.3816598474946637,7.287803657081722,10.658072475923678,0.14628766356487852,0.1850218749502253
39087005_10_49,persistence,1,lags_only,984,5.271392410317384,8.116590118336731,,,,,
39087005_10_49,sarima,1,lags_only,984,5.194955509493838,7.940246254538411,-1.154550573432598,5.271392410317384,8.116590118336731,0.014500324558259083,0.021726348285092026
39087005_10_49,xgboost_direct,1,lags_only,984,7.087637506556239,9.933069885259195,0.4995207919751809,5.271392410317384,8.116590118336731,-0.34454750374569454,-0.22379838582938094
39087005_10_49,persistence,2,lags_only,983,7.271228528231678,10.824805874205975,,,,,
39087005_10_49,sarima,2,lags_only,983,6.943998480773827,10.283134495602008,-2.1593101696363854,7.271228528231678,10.824805874205975,0.04500340570886054,0.050039823799029534
39087005_10_49,xgboost_direct,2,lags_only,983,7.5259491767467095,10.678177288141448,0.7445763960263416,7.271228528231678,10.824805874205975,-0.03503130833064029,0.013545608832941957
39087005_10_49,persistence,3,lags_only,982,8.048132917019208,11.915456571271404,,,,,
39087005_10_49,sarima,3,lags_only,982,7.750889886858333,11.262121212497558,-3.124551533771418,8.048132917019208,11.915456571271404,0.036933166142460366,0.05483091267766118
39087005_10_49,xgboost_direct,3,lags_only,982,7.752315641011919,10.879908151018281,0.4070666130037838,8.048132917019208,11.915456571271404,0.0367560127370325,0.08690799333278323
39087005_10_49,persistence,4,lags_only,982,8.40305131080763,12.441039445939852,,,,,
39087005_10_49,sarima,4,lags_only,982,8.13651775566669,11.74419577595562,-3.9866913525218695,8.40305131080763,12.441039445939852,0.03171866329057597,0.0560116920304154
39087005_10_49,xgboost_direct,4,lags_only,982,7.877692789132325,11.03622530926393,0.46544593130842177,8.40305131080763,12.441039445939852,0.06251997069202848,0.11291774636518695
39087005_10_49,persistence,5,lags_only,981,8.564900232800813,12.662608120751074,,,,,
39087005_10_49,sarima,5,lags_only,981,8.365953985569968,12.076066091038708,-4.788475802788633,8.564900232800813,12.662608120751074,0.02322808693894003,0.04632079142930748
39087005_10_49,xgboost_direct,5,lags_only,981,7.928377342961386,11.061557481939976,0.4703340874626003,8.564900232800813,12.662608120751074,0.07431760704015551,0.12643924723433136
39087005_10_49,persistence,6,lags_only,979,8.704808567226552,12.612681061303173,,,,,
39087005_10_49,sarima,6,lags_only,979,8.791878310176713,12.42668079306586,-5.600577685985105,8.704808567226552,12.612681061303173,-0.010002487967165352,0.01474708409205546
39087005_10_49,xgboost_direct,6,lags_only,979,8.048103225848054,11.147445433150184,0.7327406443673254,8.704808567226552,12.612681061303173,0.07544167528864235,0.1161716229112034
39087005_10_49,persistence,7,lags_only,978,9.067997662510937,13.336641893195045,,,,,
39087005_10_49,sarima,7,lags_only,978,9.198007920813488,13.047554843502956,-6.2575828960185405,9.067997662510937,13.336641893195045,-0.014337261999971816,0.02167614996392714
39087005_10_49,xgboost_direct,7,lags_only,978,8.037428419685005,11.19934223452209,0.7384585941668753,9.067997662510937,13.336641893195045,0.11364904151734928,0.1602577077340212
40194002_10_49,persistence,1,lags_only,1034,7.041696883415409,34.57613199895226,,,,,
40194002_10_49,sarima,1,lags_only,1034,8.321461294933712,32.89243909843873,-4.805798487585227,7.041696883415409,34.57613199895226,-0.18174091170161014,0.04869523579342404
40194002_10_49,xgboost_direct,1,lags_only,1034,13.853429990085495,45.66921047678162,3.2815056624640464,7.041696883415409,34.57613199895226,-0.9673425623748539,-0.32083052199608403
40194002_10_49,persistence,2,lags_only,1032,9.919580383122604,45.61694707488651,,,,,
40194002_10_49,sarima,2,lags_only,1032,11.67676658979583,40.14051144821795,-7.853668701980368,9.919580383122604,45.61694707488651,-0.1771431994908719,0.1200526553799893
40194002_10_49,xgboost_direct,2,lags_only,1032,13.824452324322877,42.51879496245962,3.119987045186803,9.919580383122604,45.61694707488651,-0.393652935949197,0.06791669129766277
40194002_10_49,persistence,3,lags_only,1030,11.530591455470095,47.66006306166434,,,,,
40194002_10_49,sarima,3,lags_only,1030,12.79951393880721,40.06637283258988,-9.254189654443834,11.530591455470095,47.66006306166434,-0.11004834298722302,0.15933025978688836
40194002_10_49,xgboost_direct,3,lags_only,1030,13.005578904599309,40.70032371267334,1.7666760909727772,11.530591455470095,47.66006306166434,-0.1279194961356022,0.14602874822020764
40194002_10_49,persistence,4,lags_only,1029,12.254810523063787,48.141405633847185,,,,,
40194002_10_49,sarima,4,lags_only,1029,13.16439387516343,39.16691905639746,-10.039038188890299,12.254810523063787,48.141405633847185,-0.0742225553294186,0.18641928832962776
40194002_10_49,xgboost_direct,4,lags_only,1029,13.13720705775678,40.22519543416404,1.8007780563557172,12.254810523063787,48.141405633847185,-0.07200409447639412,0.1644366236393693
40194002_10_49,persistence,5,lags_only,1028,12.652527681051106,48.36663658347686,,,,,
40194002_10_49,sarima,5,lags_only,1028,13.198689678579933,38.74047575835637,-10.545291227306855,12.652527681051106,48.36663658347686,-0.04316623613057015,0.19902481348907788
40194002_10_49,xgboost_direct,5,lags_only,1028,14.338631947712363,51.35549413025839,3.0974760406946,12.652527681051106,48.36663658347686,-0.1332622468146368,-0.06179585263538034
40194002_10_49,persistence,6,lags_only,1027,12.766090106004802,48.545685942580235,,,,,
40194002_10_49,sarima,6,lags_only,1027,13.27893136199457,38.996684713200175,-10.953794868359829,12.766090106004802,48.545685942580235,-0.04017214759815475,0.19670133491726957
40194002_10_49,xgboost_direct,6,lags_only,1027,14.375489763673675,42.63664859941669,3.2031323982674462,12.766090106004802,48.545685942580235,-0.12606832979440263,0.12172116282696567
40194002_10_49,persistence,7,lags_only,1026,12.887588724592918,48.70110692604738,,,,,
40194002_10_49,sarima,7,lags_only,1026,13.359621045226994,39.11772657179668,-11.240032631863023,12.887588724592918,48.70110692604738,-0.03662689202157065,0.19677951814941416
40194002_10_49,xgboost_direct,7,lags_only,1026,12.56760321276457,39.831006781946016,1.2964124047039718,12.887588724592918,48.70110692604738,0.024828966742066413,0.18213344016123925
41004006_10_49,persistence,1,lags_only,791,6.520695584577641,11.955905525165434,,,,,
41004006_10_49,sarima,1,lags_only,791,6.713504489163589,11.79467196908882,-1.268341495512621,6.520695584577641,11.955905525165434,-0.0295687633451204,0.013485683350143602
41004006_10_49,xgboost_direct,1,lags_only,791,8.624117319882046,14.138484363675527,-1.112120745744814,6.520695584577641,11.955905525165434,-0.3225762816284956,-0.1825523657673677
41004006_10_49,persistence,2,lags_only,788,9.180646022981945,15.458572347322091,,,,,
41004006_10_49,sarima,2,lags_only,788,8.705860612500155,14.610799674366456,-2.029485510006939,9.180646022981945,15.458572347322091,0.05171590422866296,0.054841589113660674
41004006_10_49,xgboost_direct,2,lags_only,788,8.963227281407296,14.590345285488244,-1.215768928576568,9.180646022981945,15.458572347322091,0.02368229218623439,0.05616476362283555
41004006_10_49,persistence,3,lags_only,784,10.343692915451431,17.30054717634029,,,,,
41004006_10_49,sarima,3,lags_only,784,9.6317851072021,15.963324732399654,-2.7935351392767376,10.343692915451431,17.30054717634029,0.06882530388985941,0.07729365032855047
41004006_10_49,xgboost_direct,3,lags_only,784,9.287960325360215,14.971542881878129,-1.1597775793356995,10.343692915451431,17.30054717634029,0.10206534539653242,0.13462026782871
41004006_10_49,persistence,4,lags_only,782,11.164747304516002,18.075332230397716,,,,,
41004006_10_49,sarima,4,lags_only,782,10.311233446802731,16.60247184383251,-3.657291238822707,11.164747304516002,18.075332230397716,0.07644721680069148,0.08148455407576194
41004006_10_49,xgboost_direct,4,lags_only,782,9.47238605355144,14.97248164729237,-0.8701494708980674,11.164747304516002,18.075332230397716,0.15158079308073744,0.17166216053761985
41004006_10_49,persistence,5,lags_only,782,11.526221466410872,18.540098057725615,,,,,
41004006_10_49,sarima,5,lags_only,782,10.697418146831785,17.070699463981622,-4.400752932369855,11.526221466410872,18.540098057725615,0.07190589925712809,0.0792551684014259
41004006_10_49,xgboost_direct,5,lags_only,782,9.529517816361794,15.018003070027014,-0.8894112691142159,11.526221466410872,18.540098057725615,0.17323141463729202,0.18997175617585002
41004006_10_49,persistence,6,lags_only,778,11.585392008667634,19.138018843161547,,,,,
41004006_10_49,sarima,6,lags_only,778,10.800370651899637,17.444993953504753,-4.923482079174384,11.585392008667634,19.138018843161547,0.06775958518975289,0.08846395771324839
41004006_10_49,xgboost_direct,6,lags_only,778,9.486642126472228,15.129913653236631,-1.116825958843497,11.585392008667634,19.138018843161547,0.181154844016087,0.2094315625233645
41004006_10_49,persistence,7,lags_only,777,11.583378843239336,19.221554399058537,,,,,
41004006_10_49,sarima,7,lags_only,777,10.81454989839086,17.426853131468533,-5.4935858953203605,11.583378843239336,19.221554399058537,0.06637346108188498,0.09336920575361517
41004006_10_49,xgboost_direct,7,lags_only,777,9.084762275160603,14.728883916789018,-1.4918403244908465,11.583378843239336,19.221554399058537,0.21570705766366743,0.2337308621871688
41049001_10_49,persistence,1,lags_only,702,5.406602960244265,11.077866019600272,,,,,
41049001_10_49,sarima,1,lags_only,702,5.501263544554557,10.835848135379049,-1.858909162161124,5.406602960244265,11.077866019600272,-0.017508329168305567,0.021846977007396223
41049001_10_49,xgboost_direct,1,lags_only,702,7.889660192049008,13.627356600213943,0.7126522084087638,5.406602960244265,11.077866019600272,-0.45926383906181284,-0.2301427527741183
41049001_10_49,persistence,2,lags_only,697,8.056056092956801,15.945253878855615,,,,,
41049001_10_49,sarima,2,lags_only,697,7.9040377367370676,14.888759088519206,-3.5582696328055046,8.056056092956801,15.945253878855615,0.018870071715692167,0.06625763367351495
41049001_10_49,xgboost_direct,2,lags_only,697,8.456085502925543,14.274547451956515,0.6086949339717579,8.056056092956801,15.945253878855615,-0.049655737913552614,0.1047776623434362
41049001_10_49,persistence,3,lags_only,697,9.246370712795546,17.966458364895242,,,,,
41049001_10_49,sarima,3,lags_only,697,9.253215734344904,16.830173314083368,-5.438367716743437,9.246370712795546,17.966458364895242,-0.000740292787513442,0.06324479915485559
41049001_10_49,xgboost_direct,3,lags_only,697,8.759767180241269,15.19735598791407,-0.341294444268429,9.246370712795546,17.966458364895242,0.0526264355679459,0.15412622347383365
41049001_10_49,persistence,4,lags_only,693,10.008168522361633,18.650594462883063,,,,,
41049001_10_49,sarima,4,lags_only,693,10.188891911029415,17.752971575111104,-6.955395798668879,10.008168522361633,18.650594462883063,-0.018057588485244393,0.04812837947650072
41049001_10_49,xgboost_direct,4,lags_only,693,9.19022308233078,16.603129130867377,0.033993493204204916,10.008168522361633,18.650594462883063,0.08172778447957645,0.10978016470683497
41049001_10_49,persistence,5,lags_only,696,10.300289945117722,18.820200997714384,,,,,
41049001_10_49,sarima,5,lags_only,696,10.889187177850369,18.308553363070946,-8.179613654107659,10.300289945117722,18.820200997714384,-0.05717287919761721,0.027186087688732718
41049001_10_49,xgboost_direct,5,lags_only,696,9.559274643941587,16.186437587023995,0.5770090165007415,10.300289945117722,18.820200997714384,0.07194120797806984,0.1399434262689461
41049001_10_49,persistence,6,lags_only,697,10.240483338285006,18.43277574657868,,,,,
41049001_10_49,sarima,6,lags_only,697,11.334987183748318,18.526456663414823,-9.182404358230373,10.240483338285006,18.43277574657868,-0.10688009631063079,-0.005082301120791874
41049001_10_49,xgboost_direct,6,lags_only,697,9.525194711410983,16.267800703067913,0.5664014640522264,10.240483338285006,18.43277574657868,0.06984910802011175,0.11745247016920991
41049001_10_49,persistence,7,lags_only,696,10.124776018469793,17.7075550791011,,,,,
41049001_10_49,sarima,7,lags_only,696,11.703683438423969,18.776372603763654,-10.082603309436845,10.124776018469793,17.7075550791011,-0.15594492333202284,-0.06035940703773394
41049001_10_49,xgboost_direct,7,lags_only,696,9.529347224998952,16.41599501963891,0.2645369618934242,10.124776018469793,17.7075550791011,0.058809083024123146,0.07293836182876089
41059001_10_49,persistence,1,lags_only,142,6.493668725805123,9.531987436773509,,,,,
41059001_10_49,sarima,1,lags_only,142,6.467643898840134,9.350996802137509,-1.3656225834328661,6.493668725805123,9.531987436773509,0.004007723224557118,0.018987712251671188
41059001_10_49,xgboost_direct,1,lags_only,142,9.3047284802683,13.399328630305604,1.9970866510432372,6.493668725805123,9.531987436773509,-0.43289238690177345,-0.4057224392273386
41059001_10_49,persistence,2,lags_only,140,8.797068492660223,12.731381177517108,,,,,
41059001_10_49,sarima,2,lags_only,140,8.474606567838505,12.12530759590201,-2.3451620431035214,8.797068492660223,12.731381177517108,0.0366556114790697,0.0476047000057927
41059001_10_49,xgboost_direct,2,lags_only,140,9.188625039759035,13.073851855224323,0.707332880926218,8.797068492660223,12.731381177517108,-0.04450988956440486,-0.02689972697636286
41059001_10_49,persistence,3,lags_only,139,9.778636753754892,14.109530333998212,,,,,
41059001_10_49,sarima,3,lags_only,139,9.586873743405922,13.35654015309426,-3.325641344845124,9.778636753754892,14.109530333998212,0.019610403288099914,0.05336748729966955
41059001_10_49,xgboost_direct,3,lags_only,139,11.637355017210972,15.6293006688693,4.977602835307676,9.778636753754892,14.109530333998212,-0.19007948758730114,-0.10771232627134739
41059001_10_49,persistence,4,lags_only,139,10.466711136354075,14.731939746611287,,,,,
41059001_10_49,sarima,4,lags_only,139,10.216961451486673,14.056950377241735,-4.328482026767946,10.466711136354075,14.731939746611287,0.023861333480384755,0.04581809191317228
41059001_10_49,xgboost_direct,4,lags_only,139,9.4330529778141,13.420541467929114,0.34318633844535207,10.466711136354075,14.731939746611287,0.0987567293177477,0.08901735285632208
41059001_10_49,persistence,5,lags_only,139,10.912122224025294,15.474038262877556,,,,,
41059001_10_49,sarima,5,lags_only,139,10.665301470611958,14.76905656594641,-5.305033507494733,10.912122224025294,15.474038262877556,0.02261895058963963,0.04555899920594142
41059001_10_49,xgboost_direct,5,lags_only,139,10.999299032036268,15.140620140667302,3.3770856359080166,10.912122224025294,15.474038262877556,-0.007988987496770829,0.021546936652607956
41059001_10_49,persistence,6,lags_only,139,11.088357230005471,15.795803556575242,,,,,
41059001_10_49,sarima,6,lags_only,139,10.901012594224566,15.27138722760208,-6.339847153438379,11.088357230005471,15.795803556575242,0.016895616897509742,0.033199724667053475
41059001_10_49,xgboost_direct,6,lags_only,139,14.996609857493143,20.186443317324528,6.429590840728535,11.088357230005471,15.795803556575242,-0.3524645307162189,-0.2779624186274218
41059001_10_49,persistence,7,lags_only,138,10.70223646677079,15.640641772942383,,,,,
41059001_10_49,sarima,7,lags_only,138,10.78891290047639,15.447374681682103,-7.185948934100442,10.70223646677079,15.640641772942383,-0.008098908482794265,0.012356723852254154
41059001_10_49,xgboost_direct,7,lags_only,138,11.87745087972345,16.01874384089811,3.305646398764692,10.70223646677079,15.640641772942383,-0.10981017066867886,-0.02417433206672044
41088001_10_49,persistence,1,lags_only,429,8.58725067440784,36.44238256492616,,,,,
41088001_10_49,sarima,1,lags_only,429,9.273698554854406,34.77218507614977,-1.9737268302844997,8.58725067440784,36.44238256492616,-0.07993802748676611,0.045831182574321325
41088001_10_49,xgboost_direct,1,lags_only,429,12.712543133048802,41.78940216279783,-1.3311066081274132,8.58725067440784,36.44238256492616,-0.48039734893676356,-0.14672530228629682
41088001_10_49,persistence,2,lags_only,423,12.518232729975423,44.88275941837162,,,,,
41088001_10_49,sarima,2,lags_only,423,11.927827469416865,41.11127062173826,-2.8814611810805015,12.518232729975423,44.88275941837162,0.04716362711046334,0.084029788843366
41088001_10_49,xgboost_direct,2,lags_only,423,12.535323606748262,35.093933787269755,-2.305682747959903,12.518232729975423,44.88275941837162,-0.001365278721165969,0.21809767843942005
41088001_10_49,persistence,3,lags_only,420,14.134676994210068,46.76788892591207,,,,,
41088001_10_49,sarima,3,lags_only,420,12.944201971896845,41.82771571247212,-3.4754800960079937,14.134676994210068,46.76788892591207,0.08422371609912785,0.1056317342282861
41088001_10_49,xgboost_direct,3,lags_only,420,13.038236332623018,35.326291876889094,-2.3582991228537664,14.134676994210068,46.76788892591207,0.07757097399793289,0.24464642967204103
41088001_10_49,persistence,4,lags_only,419,15.30163110311342,47.1346868783597,,,,,
41088001_10_49,sarima,4,lags_only,419,13.336438159040735,41.407186972841274,-4.155033722372904,15.30163110311342,47.1346868783597,0.12843029157021224,0.12151348157460692
41088001_10_49,xgboost_direct,4,lags_only,419,13.24117410204832,35.69254286145396,-1.716743998410465,15.30163110311342,47.1346868783597,0.13465603680942617,0.2427542172165997
41088001_10_49,persistence,5,lags_only,415,15.547074324506362,47.33981603154994,,,,,
41088001_10_49,sarima,5,lags_only,415,13.419361800326815,40.914468552677086,-4.401068286487875,15.547074324506362,47.33981603154994,0.13685613638739094,0.13572818860535146
41088001_10_49,xgboost_direct,5,lags_only,415,12.106544190470999,34.61245109462919,-1.783088978641196,15.547074324506362,47.33981603154994,0.221297593503632,0.2688511701954758
41088001_10_49,persistence,6,lags_only,417,15.570733634434344,47.58209905893312,,,,,
41088001_10_49,sarima,6,lags_only,417,13.159202169248516,40.34428597630538,-4.479521582315881,15.570733634434344,47.58209905893312,0.15487590513094243,0.15211210152085342
41088001_10_49,xgboost_direct,6,lags_only,417,11.585747177624418,34.13137627152083,-1.776603725214606,15.570733634434344,47.58209905893312,0.25592798325168276,0.2826845190405074
41088001_10_49,persistence,7,lags_only,416,15.815227637640929,48.00913297001642,,,,,
41088001_10_49,sarima,7,lags_only,416,13.423697288388727,39.99795173322032,-5.369955821608215,15.815227637640929,48.00913297001642,0.1512169412952524,0.1668678591175432
41088001_10_49,xgboost_direct,7,lags_only,416,11.955699660437356,34.20629742014055,-1.708782800474861,15.815227637640929,48.00913297001642,0.24403872429997334,0.28750437043918864
41091009_10_49,persistence,1,lags_only,825,7.098759086916598,12.241061537274705,,,,,
41091009_10_49,sarima,1,lags_only,825,7.1906431426314015,12.235705784540702,-2.07564741511779,7.098759086916598,12.241061537274705,-0.012943678548572115,0.0004375235528139732
41091009_10_49,xgboost_direct,1,lags_only,825,9.532886047456962,15.940801313627228,-1.206014635750747,7.098759086916598,12.241061537274705,-0.34289471310930864,-0.3022401092492356
41091009_10_49,persistence,2,lags_only,820,10.247435972453669,17.325980519755404,,,,,
41091009_10_49,sarima,2,lags_only,820,10.114524277930396,16.826845221946133,-3.907876892544056,10.247435972453669,17.325980519755404,0.012970239080347041,0.028808487764380667
41091009_10_49,xgboost_direct,2,lags_only,820,10.527125024349065,16.70039679186624,-1.2422231462830067,10.247435972453669,17.325980519755404,-0.027293564228869874,0.03610668540091353
41091009_10_49,persistence,3,lags_only,817,11.686703404515058,19.630122673018395,,,,,
41091009_10_49,sarima,3,lags_only,817,11.612133181822363,18.87663484854302,-5.566117244622309,11.686703404515058,19.630122673018395,0.006380774809762394,0.03838426468475635
41091009_10_49,xgboost_direct,3,lags_only,817,11.211029145725478,17.86159669740507,-1.2736564147676273,11.686703404515058,19.630122673018395,0.04070217599650959,0.09009245663269158
41091009_10_49,persistence,4,lags_only,816,12.811495314339505,20.89679918357906,,,,,
41091009_10_49,sarima,4,lags_only,816,12.718663173737557,20.059893832260652,-7.0909172087164585,12.811495314339505,20.89679918357906,0.007246003555731964,0.04004945178283843
41091009_10_49,xgboost_direct,4,lags_only,816,11.18483771254574,18.219794671723772,-1.095897962571223,12.811495314339505,20.89679918357906,0.126968598269173,0.1281059595939893
41091009_10_49,persistence,5,lags_only,815,13.132090386065434,21.62546005682271,,,,,
41091009_10_49,sarima,5,lags_only,815,13.532975777728648,20.97051406722712,-8.534250781236837,13.132090386065434,21.62546005682271,-0.030527157510931935,0.030285875439165853
41091009_10_49,xgboost_direct,5,lags_only,815,11.253130170326884,17.787407098250338,-1.0771859786800928,13.132090386065434,21.62546005682271,0.14308157806561625,0.17747844200713264
41091009_10_49,persistence,6,lags_only,814,13.172781928719182,22.14655848645696,,,,,
41091009_10_49,sarima,6,lags_only,814,14.231294774166322,21.80450741824808,-9.838197767246108,13.172781928719182,22.14655848645696,-0.08035605927244419,0.01544488586874807
41091009_10_49,xgboost_direct,6,lags_only,814,11.176857184543731,17.486082888150293,-1.303404010944623,13.172781928719182,22.14655848645696,0.15151884810481475,0.21043791527052103
41091009_10_49,persistence,7,lags_only,813,13.306552531456992,22.254671007336785,,,,,
41091009_10_49,sarima,7,lags_only,813,14.794974968085508,22.243974986358747,-11.011050636233609,13.306552531456992,22.254671007336785,-0.11185635295917946,0.00048061914617888687
41091009_10_49,xgboost_direct,7,lags_only,813,11.334583988356869,17.857909045962256,-1.4980095358267205,13.306552531456992,22.254671007336785,0.1481952999049412,0.1975658035980416
41091015_10_49,persistence,1,lags_only,75,7.985320516002348,10.533143295153314,,,,,
41091015_10_49,sarima,1,lags_only,75,8.51947629228918,11.286781072872639,-1.6797099098064319,7.985320516002348,10.533143295153314,-0.06689221493569354,-0.07154918115147083
41091015_10_49,xgboost_direct,1,lags_only,75,13.151790945699753,17.50345989453163,-5.194049709101328,7.985320516002348,10.533143295153314,-0.6469959996400834,-0.6617508567063372
41091015_10_49,persistence,2,lags_only,73,11.786755107171615,15.20533792355042,,,,,
41091015_10_49,sarima,2,lags_only,73,11.054175414342026,14.590102218788898,-3.1816411791210175,11.786755107171615,15.20533792355042,0.06215278812264902,0.0404618238578328
41091015_10_49,xgboost_direct,2,lags_only,73,14.558459148976052,18.778186952580295,-5.184913220028431,11.786755107171615,15.20533792355042,-0.23515412143567843,-0.23497333942813295
41091015_10_49,persistence,3,lags_only,71,12.560264044986933,16.594275876095185,,,,,
41091015_10_49,sarima,3,lags_only,71,11.585531959331158,15.17703734943205,-3.9797599820978125,12.560264044986933,16.594275876095185,0.07760442632134087,0.08540526487839897
41091015_10_49,xgboost_direct,3,lags_only,71,13.543910667150332,17.72648064421183,-5.516572793093724,12.560264044986933,16.594275876095185,-0.0783141674920435,-0.06822863357042513
41091015_10_49,persistence,4,lags_only,70,13.03362809522395,16.877051400671846,,,,,
41091015_10_49,sarima,4,lags_only,70,11.70930959990137,15.477218182232084,-4.405740483153008,13.03362809522395,16.877051400671846,0.10160781676806194,0.0829429966886299
41091015_10_49,xgboost_direct,4,lags_only,70,12.790435501738617,16.834880229533862,-5.5721066888585735,13.03362809522395,16.877051400671846,0.018658856283803905,0.002498728607077938
41091015_10_49,persistence,5,lags_only,71,13.93369334556678,17.6661131434821,,,,,
41091015_10_49,sarima,5,lags_only,71,12.971791357629375,16.487137500235864,-4.818663472370416,13.93369334556678,17.6661131434821,0.0690342441218896,0.06673656132906736
41091015_10_49,xgboost_direct,5,lags_only,71,12.46676452663532,16.463591473114334,-5.339787652128613,13.93369334556678,17.6661131434821,0.10527925242435357,0.06806939707682305
41091015_10_49,persistence,6,lags_only,72,15.077104350687875,19.509753898010622,,,,,
41091015_10_49,sarima,6,lags_only,72,13.81825514519509,18.392582327560707,-6.520953210246549,15.077104350687875,19.509753898010622,0.08349409649309428,0.05726220721645452
41091015_10_49,xgboost_direct,6,lags_only,72,14.23317735940807,18.194364337225895,-3.8382698415882195,15.077104350687875,19.509753898010622,0.05597407643075054,0.06742215035930592
41091015_10_49,persistence,7,lags_only,71,15.324234593051687,21.300927784866,,,,,
41091015_10_49,sarima,7,lags_only,71,14.364748575351891,20.059331369799335,-8.153873091878722,15.324234593051687,21.300927784866,0.06261232897953974,0.0582883725820057
41091015_10_49,xgboost_direct,7,lags_only,71,14.789069005079869,18.368575645516366,-4.607581528223262,15.324234593051687,21.300927784866,0.03492282663269021,0.13766311819680593
41091016_10_49,persistence,1,lags_only,1047,6.494333176721887,9.422425963790646,,,,,
41091016_10_49,sarima,1,lags_only,1047,6.639731967252834,9.35618605229643,-1.7416314104633686,6.494333176721887,9.422425963790646,-0.022388563471321447,0.007030027272038988
41091016_10_49,xgboost_direct,1,lags_only,1047,8.740030010155738,13.249407670276996,-0.5462705495352254,6.494333176721887,9.422425963790646,-0.34579328967649314,-0.4061567287652907
41091016_10_49,persistence,2,lags_only,1045,9.33301244641238,13.456567253753706,,,,,
41091016_10_49,sarima,2,lags_only,1045,9.299818526793297,13.088676310438219,-3.4087986810872732,9.33301244641238,13.456567253753706,0.0035566136667739908,0.027339137565924477
41091016_10_49,xgboost_direct,2,lags_only,1045,9.4751032215846,13.487510068543768,-0.49134830029532267,9.33301244641238,13.456567253753706,-0.015224535056399821,-0.002299458264991844
41091016_10_49,persistence,3,lags_only,1045,10.524803134493382,15.432979394727111,,,,,
41091016_10_49,sarima,3,lags_only,1045,10.694261514845168,14.934627982522546,-5.041697307511225,10.524803134493382,15.432979394727111,-0.016100859862776252,0.03229132881333553
41091016_10_49,xgboost_direct,3,lags_only,1045,9.763607376930327,13.463725010436931,-0.5314012236408124,10.524803134493382,15.432979394727111,0.07232399008665119,0.12760040261331537
41091016_10_49,persistence,4,lags_only,1044,11.49492850138151,17.083468516984535,,,,,
41091016_10_49,sarima,4,lags_only,1044,11.775325619457394,16.64645772674661,-6.633613793480369,11.49492850138151,17.083468516984535,-0.0243931154545402,0.025580917001921707
41091016_10_49,xgboost_direct,4,lags_only,1044,10.369556719200146,14.522595368951595,-0.3805070224051459,11.49492850138151,17.083468516984535,0.09790159043147702,0.14990358342551438
41091016_10_49,persistence,5,lags_only,1043,11.94214862408631,18.28046981849637,,,,,
41091016_10_49,sarima,5,lags_only,1043,12.619292825961397,18.081098195507384,-8.167049603214902,11.94214862408631,18.28046981849637,-0.05670204108072685,0.010906263622790558
41091016_10_49,xgboost_direct,5,lags_only,1043,10.68456062632548,15.299678573782694,-0.5489179931773085,11.94214862408631,18.28046981849637,0.10530667783051874,0.1630587875645122
41091016_10_49,persistence,6,lags_only,1041,12.26506618856017,18.90439814694873,,,,,
41091016_10_49,sarima,6,lags_only,1041,13.392879170354353,19.04591638408438,-9.539523362746719,12.26506618856017,18.90439814694873,-0.09195327317891804,-0.007485995377138794
41091016_10_49,xgboost_direct,6,lags_only,1041,10.70884869191466,15.688063312117833,-0.47501404306990674,12.26506618856017,18.90439814694873,0.12688211157776047,0.17013685438856616
41091016_10_49,persistence,7,lags_only,1040,12.555191242344454,19.689920219516786,,,,,
41091016_10_49,sarima,7,lags_only,1040,14.115531862354452,20.225857013602145,-10.888098677525457,12.555191242344454,19.689920219516786,-0.12427852271556732,-0.027218840305616603
41091016_10_49,xgboost_direct,7,lags_only,1040,10.982320381215041,16.44899723198249,-0.3235896372186886,12.555191242344454,19.689920219516786,0.12527653547997314,0.16459807614262814
41091018_10_49,persistence,1,lags_only,606,7.14890754448252,10.18589653356494,,,,,
41091018_10_49,sarima,1,lags_only,606,7.199819858008709,10.055331333921389,-2.2355246264176976,7.14890754448252,10.18589653356494,-0.007121691420597975,0.012818233447915672
41091018_10_49,xgboost_direct,1,lags_only,606,10.024931767631937,13.550798443698499,1.638236558568092,7.14890754448252,10.18589653356494,-0.4023026183027243,-0.3303491154701416
41091018_10_49,persistence,2,lags_only,605,9.996562963723893,13.984712180218024,,,,,
41091018_10_49,sarima,2,lags_only,605,9.85988843380686,13.585440661994204,-4.193169960567845,9.996562963723893,13.984712180218024,0.013672152159997859,0.02855057101486913
41091018_10_49,xgboost_direct,2,lags_only,605,11.452427001455728,15.750590613296186,2.2052832966368126,9.996562963723893,13.984712180218024,-0.14563645955264418,-0.1262720612567253
41091018_10_49,persistence,3,lags_only,603,11.429169360332608,16.06146397993845,,,,,
41091018_10_49,sarima,3,lags_only,603,11.349004873114538,15.501589646268402,-5.928333137847611,11.429169360332608,16.06146397993845,0.00701402566456827,0.03485823797689658
41091018_10_49,xgboost_direct,3,lags_only,603,11.88359832313859,15.90505156568595,2.6809366408585165,11.429169360332608,16.06146397993845,-0.03976045401717259,0.009738365970117372
41091018_10_49,persistence,4,lags_only,602,12.20776002494884,16.872691405725597,,,,,
41091018_10_49,sarima,4,lags_only,602,12.120524078675572,16.416150115957535,-7.533270980972047,12.20776002494884,16.872691405725597,0.007145942097074689,0.027058000338531552
41091018_10_49,xgboost_direct,4,lags_only,602,12.018994674143123,16.01125397851379,2.677819784903949,12.20776002494884,16.872691405725597,0.015462734393528355,0.051055128461573514
41091018_10_49,persistence,5,lags_only,601,12.330016634281453,16.96908023367106,,,,,
41091018_10_49,sarima,5,lags_only,601,12.717673046802226,16.992944269886838,-9.107408624883394,12.330016634281453,16.96908023367106,-0.03144005592360371,-0.001406324673297511
41091018_10_49,xgboost_direct,5,lags_only,601,11.310072514504734,15.263704095241287,1.9256709229825542,12.330016634281453,16.96908023367106,0.08272041717615716,0.10049903205984403
41091018_10_49,persistence,6,lags_only,600,12.255246670422764,16.731044133486733,,,,,
41091018_10_49,sarima,6,lags_only,600,13.085812479837358,17.45316827582661,-10.500572212374825,12.255246670422764,16.731044133486733,-0.06777226372922467,-0.043160733817835306
41091018_10_49,xgboost_direct,6,lags_only,600,10.79467291193105,14.470784681005675,0.9207382006478052,12.255246670422764,16.731044133486733,0.11917946637636541,0.13509374755381884
41091018_10_49,persistence,7,lags_only,599,12.148002563184903,16.446808812736858,,,,,
41091018_10_49,sarima,7,lags_only,599,13.506494794272324,17.95488094387638,-11.719785843970469,12.148002563184903,16.446808812736858,-0.11182844455469546,-0.09169390538373795
41091018_10_49,xgboost_direct,7,lags_only,599,10.711923469381729,14.566252594718645,1.0681261022484276,12.148002563184903,16.446808812736858,0.11821524455018474,0.11434170843901703
42173001_10_49,persistence,1,lags_only,1010,5.745914257574826,9.907267606289894,,,,,
42173001_10_49,sarima,1,lags_only,1010,5.688459357027158,9.544320035805795,-1.2678620918233259,5.745914257574826,9.907267606289894,0.009999261731399083,0.03663447732588471
42173001_10_49,xgboost_direct,1,lags_only,1010,7.041312184898617,11.068524545635112,-0.39378241840218275,5.745914257574826,9.907267606289894,-0.22544679040695226,-0.1172126347539016
42173001_10_49,persistence,2,lags_only,1008,7.95170860669696,12.926944196840354,,,,,
42173001_10_49,sarima,2,lags_only,1008,7.377107558074172,11.834526138031972,-2.169144846792519,7.95170860669696,12.926944196840354,0.07226133112308174,0.0845070607696593
42173001_10_49,xgboost_direct,2,lags_only,1008,7.7138816532812005,11.738981817157356,-0.22632539655844386,7.95170860669696,12.926944196840354,0.029908912056392633,0.09189815950264288
42173001_10_49,persistence,3,lags_only,1005,8.96081922847352,14.177319627060884,,,,,
42173001_10_49,sarima,3,lags_only,1005,8.217739179706216,12.80257681199381,-3.09433726706523,8.96081922847352,14.177319627060884,0.08292545913727667,0.09696775210195879
42173001_10_49,xgboost_direct,3,lags_only,1005,7.879842060199851,11.939543767723686,-0.12620332660096212,8.96081922847352,14.177319627060884,0.12063374349063993,0.15784195589876207
42173001_10_49,persistence,4,lags_only,1004,9.59497587478057,14.930074169412821,,,,,
42173001_10_49,sarima,4,lags_only,1004,8.78701347423184,13.386113537135335,-3.997125228042963,9.59497587478057,14.930074169412821,0.08420681939100838,0.10341279050311694
42173001_10_49,xgboost_direct,4,lags_only,1004,8.114439815163363,12.172904636337998,-0.10134316476658961,9.59497587478057,14.930074169412821,0.15430326026234692,0.18467219263541398
42173001_10_49,persistence,5,lags_only,1002,9.884755563911552,15.265996433765334,,,,,
42173001_10_49,sarima,5,lags_only,1002,9.075315117948234,13.663200864401679,-4.837726682139189,9.884755563911552,15.265996433765334,0.08188775541587696,0.10499121864188254
42173001_10_49,xgboost_direct,5,lags_only,1002,8.041078534308996,12.033108544588108,-0.20051581841945174,9.884755563911552,15.265996433765334,0.18651721002931756,0.21177051253770265
42173001_10_49,persistence,6,lags_only,999,10.08123629910434,15.462410474648852,,,,,
42173001_10_49,sarima,6,lags_only,999,9.25641794062564,13.975610406668647,-5.649563923363773,10.08123629910434,15.462410474648852,0.08181718333018144,0.09615577535067152
42173001_10_49,xgboost_direct,6,lags_only,999,8.167872115784608,12.279837026458663,-0.3541645671483887,10.08123629910434,15.462410474648852,0.18979459726479417,0.20582647533566167
42173001_10_49,persistence,7,lags_only,1000,10.077000588179937,15.649870785246922,,,,,
42173001_10_49,sarima,7,lags_only,1000,9.473947382281956,14.241487850828062,-6.3782076419102145,10.077000588179937,15.649870785246922,0.059844514309679256,0.08999326280358415
42173001_10_49,xgboost_direct,7,lags_only,1000,8.18332034603657,12.2321150901771,-0.3677495117090665,10.077000588179937,15.649870785246922,0.1879210212972107,0.21838874850594472
43123005_10_47,persistence,1,lags_only,786,5.166078402603679,7.426809414516414,,,,,
43123005_10_47,sarima,1,lags_only,786,5.1495094168332,7.347671085064219,-0.9054891086822004,5.166078402603679,7.426809414516414,0.0032072656431478565,0.010655764142474333
43123005_10_47,xgboost_direct,1,lags_only,786,6.37885926042351,8.903761447351977,-0.8172877831338402,5.166078402603679,7.426809414516414,-0.2347585079639122,-0.19886763620845294
43123005_10_47,persistence,2,lags_only,784,6.7790894947424425,9.509894255492068,,,,,
43123005_10_47,sarima,2,lags_only,784,6.351419556198885,8.843328438119418,-1.4440985758792997,6.7790894947424425,9.509894255492068,0.06308663410849481,0.070091822207981
43123005_10_47,xgboost_direct,2,lags_only,784,6.6655367990815275,9.17998627873221,-1.1217654813897862,6.7790894947424425,9.509894255492068,0.016750434663678853,0.0346910247260985
43123005_10_47,persistence,3,lags_only,780,7.378215600506791,10.306048324340535,,,,,
43123005_10_47,sarima,3,lags_only,780,6.889680078667709,9.505151816483517,-1.8540185187047964,7.378215600506791,10.306048324340535,0.06621323478342454,0.07771130918971955
43123005_10_47,xgboost_direct,3,lags_only,780,6.737145319353497,9.308533229340894,-1.521543251724987,7.378215600506791,10.306048324340535,0.08688690001268871,0.0967892895130075
43123005_10_47,persistence,4,lags_only,777,7.816637537436817,10.896615394790217,,,,,
43123005_10_47,sarima,4,lags_only,777,7.219365233490826,9.955625592030374,-2.35198093040909,7.816637537436817,10.896615394790217,0.07641038759766326,0.0863561545183782
43123005_10_47,xgboost_direct,4,lags_only,777,6.801742716153973,9.332311052492399,-1.265498880305728,7.816637537436817,10.896615394790217,0.1298377744167016,0.14355873687583104
43123005_10_47,persistence,5,lags_only,776,8.12878675668226,11.337592500720127,,,,,
43123005_10_47,sarima,5,lags_only,776,7.538723642483146,10.294247851245789,-2.83898757156846,8.12878675668226,11.337592500720127,0.07258932136632237,0.09202523811012511
43123005_10_47,xgboost_direct,5,lags_only,776,6.884847416500297,9.519865826423622,-1.5678429188399126,8.12878675668226,11.337592500720127,0.15302890547096512,0.16032739527206055
43123005_10_47,persistence,6,lags_only,777,8.450592872944949,11.664847216789298,,,,,
43123005_10_47,sarima,6,lags_only,777,7.71430622133502,10.48548375054087,-3.2785227208945527,8.450592872944949,11.664847216789298,0.087128401838786,0.10110406457368432
43123005_10_47,xgboost_direct,6,lags_only,777,6.870474932390446,9.689790448176014,-1.5770342670574087,8.450592872944949,11.664847216789298,0.18698308678593892,0.1693169856327454
43123005_10_47,persistence,7,lags_only,776,8.474754552799933,11.523326133776518,,,,,
43123005_10_47,sarima,7,lags_only,776,7.791613740128934,10.537097076594275,-3.6173031481560263,8.474754552799933,11.523326133776518,0.08060892010675391,0.08558545039278757
43123005_10_47,xgboost_direct,7,lags_only,776,6.809061901545775,9.533803981610042,-2.031599290713374,8.474754552799933,11.523326133776518,0.19654759803088787,0.1726517265127906
45081004_10_49,persistence,1,lags_only,337,10.523414811193975,29.95313605344034,,,,,
45081004_10_49,sarima,1,lags_only,337,10.656751461652497,27.883009656577062,-1.9617058395797222,10.523414811193975,29.95313605344034,-0.012670473686610693,0.06911217553881165
45081004_10_49,xgboost_direct,1,lags_only,337,11.680701933649523,27.951057503162406,-3.46103320269544,10.523414811193975,29.95313605344034,-0.10997258430072696,0.06684036511923028
45081004_10_49,persistence,2,lags_only,334,14.226106079073883,37.14952426301371,,,,,
45081004_10_49,sarima,2,lags_only,334,13.441040121390255,32.994511186774545,-2.932831821317309,14.226106079073883,37.14952426301371,0.055184880059233714,0.11184566044028511
45081004_10_49,xgboost_direct,2,lags_only,334,11.982680567642934,28.344809790262214,-3.37584005823708,14.226106079073883,37.14952426301371,0.15769779157846656,0.23700746234097866
45081004_10_49,persistence,3,lags_only,334,15.318707019673393,38.7668740033326,,,,,
45081004_10_49,sarima,3,lags_only,334,14.303856764294252,33.87957139138244,-3.988528741129999,15.318707019673393,38.7668740033326,0.06624908055724264,0.12606904058165802
45081004_10_49,xgboost_direct,3,lags_only,334,11.271599549312223,27.98267093465242,-4.475460605648875,15.318707019673393,38.7668740033326,0.26419380337802545,0.2781808785447369
45081004_10_49,persistence,4,lags_only,333,16.319646194779683,39.26635372249441,,,,,
45081004_10_49,sarima,4,lags_only,333,15.064023355054434,33.96471315882179,-4.9553481800382535,16.319646194779683,39.26635372249441,0.07693934198934387,0.13501738921675033
45081004_10_49,xgboost_direct,4,lags_only,333,11.624363414273596,27.960141816316156,-3.569518553686144,16.319646194779683,39.26635372249441,0.2877073880442341,0.2879363840626051
45081004_10_49,persistence,5,lags_only,332,16.067067404311693,32.28618733660814,,,,,
45081004_10_49,sarima,5,lags_only,332,14.317384454512405,24.917951233370744,-4.915445529599739,16.067067404311693,32.28618733660814,0.10889871223978,0.22821635848227945
45081004_10_49,xgboost_direct,5,lags_only,332,10.075908666871767,16.09383777432112,-2.5205021107432812,16.067067404311693,32.28618733660814,0.3728843968023787,0.5015256026817109
45081004_10_49,persistence,6,lags_only,334,15.797018109263755,32.18124937231593,,,,,
45081004_10_49,sarima,6,lags_only,334,14.527671701317912,24.723966346298955,-5.98479847975645,15.797018109263755,32.18124937231593,0.0803535451542888,0.23172757961448628
45081004_10_49,xgboost_direct,6,lags_only,334,10.038675241482862,15.185538360389485,-2.242572932638792,15.797018109263755,32.18124937231593,0.36452087526595045,0.5281246484652359
45081004_10_49,persistence,7,lags_only,332,15.230906253273467,32.13294864299824,,,,,
45081004_10_49,sarima,7,lags_only,332,14.482991842919184,24.61027834886907,-7.150423270148907,15.230906253273467,32.13294864299824,0.04910504981891933,0.23411079940739754
45081004_10_49,xgboost_direct,7,lags_only,332,10.25797265025735,15.007618497948105,-1.9916483364213875,15.230906253273467,32.13294864299824,0.3265028042535105,0.5329523392115382
45168002_10_49,persistence,1,lags_only,739,6.0334035013858545,10.624818744496373,,,,,
45168002_10_49,sarima,1,lags_only,739,6.324811116159948,10.348071418754715,-1.4941105151636527,6.0334035013858545,10.624818744496373,-0.04829904293773124,0.026047251477585187
45168002_10_49,xgboost_direct,1,lags_only,739,8.358798418960822,11.876784669665744,1.0238987946480402,6.0334035013858545,10.624818744496373,-0.38542008951346135,-0.11783409724687167
45168002_10_49,persistence,2,lags_only,732,8.380518452346443,13.61431978479737,,,,,
45168002_10_49,sarima,2,lags_only,732,8.167862043885497,12.679983305600508,-2.549013636510554,8.380518452346443,13.61431978479737,0.025375089819342226,0.06862895054369167
45168002_10_49,xgboost_direct,2,lags_only,732,8.576653449410928,12.20548656040267,1.2020643010784084,8.380518452346443,13.61431978479737,-0.023403682979728967,0.103481719738058
45168002_10_49,persistence,3,lags_only,729,9.479820261587784,14.675293710106697,,,,,
45168002_10_49,sarima,3,lags_only,729,9.122749834422907,13.643390669521459,-3.599022538177802,9.479820261587784,14.675293710106697,0.03766637101883953,0.07031566529224413
45168002_10_49,xgboost_direct,3,lags_only,729,8.716098274335634,12.462744180119854,1.123737748156352,9.479820261587784,14.675293710106697,0.08056291851299657,0.15076696750969196
45168002_10_49,persistence,4,lags_only,725,10.110320022148871,15.439691652737745,,,,,
45168002_10_49,sarima,4,lags_only,725,9.725497944146154,14.307038012476157,-4.621587289861616,10.110320022148871,15.439691652737745,0.038062304374112774,0.07335986143614122
45168002_10_49,xgboost_direct,4,lags_only,725,8.41783015030659,12.189431388229917,0.17933737857848892,10.110320022148871,15.439691652737745,0.16740220568038502,0.21051328858186727
45168002_10_49,persistence,5,lags_only,721,10.543788878955679,16.15363315657435,,,,,
45168002_10_49,sarima,5,lags_only,721,10.309835243214438,14.996157247867826,-5.571580220100843,10.543788878955679,16.15363315657435,0.022188763301984174,0.07165421533888461
45168002_10_49,xgboost_direct,5,lags_only,721,9.049720530379082,12.856614410261,0.589366628569775,10.543788878955679,16.15363315657435,0.1417012770009654,0.20410385170666698
45168002_10_49,persistence,6,lags_only,720,10.719856948448195,16.17607927255875,,,,,
45168002_10_49,sarima,6,lags_only,720,10.582490473220245,15.283684724626077,-6.360180174489849,10.719856948448195,16.17607927255875,0.012814207865696817,0.05516754294389108
45168002_10_49,xgboost_direct,6,lags_only,720,9.839117129493939,13.578272501080814,1.1779206501893993,10.719856948448195,16.17607927255875,0.08215966156915475,0.16059557620275006
45168002_10_49,persistence,7,lags_only,720,10.812616002498011,16.103136749622006,,,,,
45168002_10_49,sarima,7,lags_only,720,10.846013687387433,15.413799592738261,-7.150635495696848,10.812616002498011,16.103136749622006,-0.003088770088728447,0.042807632301820095
45168002_10_49,xgboost_direct,7,lags_only,720,9.784038049044435,13.357160899793833,1.516430842319953,10.812616002498011,16.103136749622006,0.0951275762697895,0.17052428309612602
46010001_10_46,persistence,1,lags_only,74,2.7588678235131328,4.294758794671817,,,,,
46010001_10_46,sarima,1,lags_only,74,2.634835822611177,4.176145883004064,-0.9906381146861986,2.7588678235131328,4.294758794671817,0.04495757275678891,0.02761806130181456
46010001_10_46,xgboost_direct,1,lags_only,74,3.681278408179878,5.233835973698291,-0.5988364722096999,2.7588678235131328,4.294758794671817,-0.3343438844026065,-0.21865655882503016
46010001_10_46,persistence,2,lags_only,70,3.5464038802539952,5.506425289356857,,,,,
46010001_10_46,sarima,2,lags_only,70,3.3875854996949446,5.369031972752706,-1.908473384203465,3.5464038802539952,5.506425289356857,0.04478293672171258,0.024951453871482305
46010001_10_46,xgboost_direct,2,lags_only,70,3.525820661129951,5.4284932967322765,-1.1251710611825367,3.5464038802539952,5.506425289356857,0.005803969265499974,0.014152919276905804
46010001_10_46,persistence,3,lags_only,70,3.545532952935699,4.865158076230572,,,,,
46010001_10_46,sarima,3,lags_only,70,3.6025269787871683,4.929273061945912,-2.6009093180265785,3.545532952935699,4.865158076230572,-0.016074882565758803,-0.013178397230006264
46010001_10_46,xgboost_direct,3,lags_only,70,3.6576225795493325,5.050161909308066,-1.7234087271309502,3.545532952935699,4.865158076230572,-0.031614323742449886,-0.038026273798040994
46010001_10_46,persistence,4,lags_only,72,3.7315427588239376,4.99142689537395,,,,,
46010001_10_46,sarima,4,lags_only,72,3.8199106170172334,4.888385800180261,-2.9083761908065906,3.7315427588239376,4.99142689537395,-0.023681320007477698,0.02064361501301102
46010001_10_46,xgboost_direct,4,lags_only,72,3.263556815693566,4.6323501491958,-1.0571995737830686,3.7315427588239376,4.99142689537395,0.1254135282313811,0.07193869683054789
46010001_10_46,persistence,5,lags_only,71,3.971658384535073,5.849133810201867,,,,,
46010001_10_46,sarima,5,lags_only,71,4.113289300325696,5.215803212757808,-3.035453553436163,3.971658384535073,5.849133810201867,-0.03566039726430362,0.10827767289909221
46010001_10_46,xgboost_direct,5,lags_only,71,3.481550942936407,5.3301208138580725,-0.4799618056583739,3.971658384535073,5.849133810201867,0.12340120779447104,0.08873330875736657
46010001_10_46,persistence,6,lags_only,71,4.112742127824153,6.238834163908004,,,,,
46010001_10_46,sarima,6,lags_only,71,4.352169587227491,5.680585301747269,-3.481546898631049,4.112742127824153,6.238834163908004,-0.05821601548600053,0.08947967640977471
46010001_10_46,xgboost_direct,6,lags_only,71,3.811619610110185,5.52574421288196,-0.35837619934542564,4.112742127824153,6.238834163908004,0.07321697017587557,0.11429859045642035
46010001_10_46,persistence,7,lags_only,69,4.524934500713032,6.865852680997895,,,,,
46010001_10_46,sarima,7,lags_only,69,4.255730566476358,6.290354427160512,-3.6338631100565046,4.524934500713032,6.865852680997895,0.05949344331818575,0.08382036151607884
46010001_10_46,xgboost_direct,7,lags_only,69,3.474381555832043,5.219763878743304,-0.125783800261576,4.524934500713032,6.865852680997895,0.23216975731150247,0.2397500905911289
46028001_10_46,persistence,1,lags_only,312,1.4586335630743525,2.248102278272109,,,,,
46028001_10_46,sarima,1,lags_only,312,1.476972421112703,2.216395766435591,-0.5285402065654085,1.4586335630743525,2.248102278272109,-0.012572628590622765,0.01410367853053728
46028001_10_46,xgboost_direct,1,lags_only,312,2.3758949023399376,3.148492494479771,0.838961327605582,1.4586335630743525,2.248102278272109,-0.6288497416254972,-0.4005112333677725
46028001_10_46,persistence,2,lags_only,310,2.0227941674599608,3.085232880727941,,,,,
46028001_10_46,sarima,2,lags_only,310,2.1408977228367427,3.0239832279756427,-1.0673796119730594,2.0227941674599608,3.085232880727941,-0.05838634364122454,0.019852521712347068
46028001_10_46,xgboost_direct,2,lags_only,310,2.9062531676874834,3.852545288167723,0.8839949454100053,2.0227941674599608,3.085232880727941,-0.43675180324298113,-0.24870485862925829
46028001_10_46,persistence,3,lags_only,308,2.404037253411492,3.5001650710721037,,,,,
46028001_10_46,sarima,3,lags_only,308,2.512142684037111,3.432384807864375,-1.5264314443981668,2.404037253411492,3.5001650710721037,-0.04496828427771238,0.01936487617910196
46028001_10_46,xgboost_direct,3,lags_only,308,3.058027363333544,4.086716367852253,1.109618302391882,2.404037253411492,3.5001650710721037,-0.27203825938803394,-0.16757818127717267
46028001_10_46,persistence,4,lags_only,306,2.6168956817176636,3.6704556016901932,,,,,
46028001_10_46,sarima,4,lags_only,306,2.7507607265925054,3.6445582585048295,-1.9127818134361576,2.6168956817176636,3.6704556016901932,-0.05115413877979887,0.007055620880807924
46028001_10_46,xgboost_direct,4,lags_only,306,3.0055808600174454,3.940353091181057,1.0202710959377954,2.6168956817176636,3.6704556016901932,-0.14852910684030735,-0.07353242179705965
46028001_10_46,persistence,5,lags_only,305,2.7507899292064804,3.8003938156994317,,,,,
46028001_10_46,sarima,5,lags_only,305,2.929370480812368,3.8566475367169035,-2.2669323630259695,2.7507899292064804,3.8003938156994317,-0.06491973440422,-0.01480207677033039
46028001_10_46,xgboost_direct,5,lags_only,305,2.7851439415790895,3.737155201846062,0.7925735037254008,2.7507899292064804,3.8003938156994317,-0.012488780770881783,0.01664001598785126
46028001_10_46,persistence,6,lags_only,304,2.7986326071054486,3.8660781483740227,,,,,
46028001_10_46,sarima,6,lags_only,304,3.0691892195767947,4.027952551685715,-2.5808627887888886,2.7986326071054486,3.8660781483740227,-0.09667457306987344,-0.04187044262925014
46028001_10_46,xgboost_direct,6,lags_only,304,2.5461125884808022,3.297066934842822,0.5957053074109752,2.7986326071054486,3.8660781483740227,0.09022978506843779,0.14718047377560461
46028001_10_46,persistence,7,lags_only,304,2.875819814481857,3.877948576670506,,,,,
46028001_10_46,sarima,7,lags_only,304,3.2312756631594595,4.199616169640464,-2.872625459005285,2.875819814481857,3.877948576670506,-0.12360157158929853,-0.08294787478748174
46028001_10_46,xgboost_direct,7,lags_only,304,2.684610459783226,3.406139602568498,0.794238759244497,2.875819814481857,3.877948576670506,0.06648864220760706,0.12166457723044116
46095001_10_46,persistence,1,lags_only,823,2.826463619775886,4.86567832655264,,,,,
46095001_10_46,sarima,1,lags_only,823,3.091633199923423,4.97722533891208,-1.973253496950885,2.826463619775886,4.86567832655264,-0.09381673207899364,-0.022925274724947157
46095001_10_46,xgboost_direct,1,lags_only,823,4.466315298083005,6.718812769646955,1.244949971220891,2.826463619775886,4.86567832655264,-0.5801778826493953,-0.38085839603935984
46095001_10_46,persistence,2,lags_only,821,3.927434710043754,6.3267118371381565,,,,,
46095001_10_46,sarima,2,lags_only,821,4.419678503268477,6.545289078323753,-3.555179501449778,3.927434710043754,6.3267118371381565,-0.12533468525037278,-0.03454831622052641
46095001_10_46,xgboost_direct,2,lags_only,821,4.662923827930229,7.0259766936535755,1.1697036606752624,3.927434710043754,6.3267118371381565,-0.1872695976347069,-0.11052579515486934
46095001_10_46,persistence,3,lags_only,817,4.302666944464319,6.709565172504036,,,,,
46095001_10_46,sarima,3,lags_only,817,5.060361194195693,7.198245642392594,-4.571892572403468,4.302666944464319,6.709565172504036,-0.1760987451529802,-0.07283340385323067
46095001_10_46,xgboost_direct,3,lags_only,817,4.88367766253081,7.154073804352337,1.065446838980808,4.302666944464319,6.709565172504036,-0.13503502027132322,-0.06624999093382504
46095001_10_46,persistence,4,lags_only,811,4.499432740626904,6.913951563165791,,,,,
46095001_10_46,sarima,4,lags_only,811,5.492156245403039,7.623648617174018,-5.248070773788947,4.499432740626904,6.913951563165791,-0.22063303576304125,-0.10264709660234693
46095001_10_46,xgboost_direct,4,lags_only,811,5.156817811965566,7.589445852249707,1.1750857301073734,4.499432740626904,6.913951563165791,-0.14610398893240673,-0.09770017665189097
46095001_10_46,persistence,5,lags_only,807,4.528531231787635,6.848474767386174,,,,,
46095001_10_46,sarima,5,lags_only,807,5.872913373287631,7.936926488398869,-5.732437415498977,4.528531231787635,6.848474767386174,-0.2968693540332063,-0.15893344985311517
46095001_10_46,xgboost_direct,5,lags_only,807,4.754295195518268,6.759637741237901,0.8531445457244391,4.528531231787635,6.848474767386174,-0.04985368371667663,0.012971797249123652
46095001_10_46,persistence,6,lags_only,806,4.653915539260081,7.034986553185949,,,,,
46095001_10_46,sarima,6,lags_only,806,6.190723852494564,8.335480227884336,-6.101129116483254,4.653915539260081,7.034986553185949,-0.33021835060608307,-0.18486086147661931
46095001_10_46,xgboost_direct,6,lags_only,806,4.834166717162328,6.860331823266182,0.9407350150867526,4.653915539260081,7.034986553185949,-0.038731080609792426,0.024826590441835383
46095001_10_46,persistence,7,lags_only,806,4.838075473344352,7.131025109514314,,,,,
46095001_10_46,sarima,7,lags_only,806,6.425098580441465,8.554641412155382,-6.349715237100192,4.838075473344352,7.131025109514314,-0.32802776968670816,-0.1996369779629101
46095001_10_46,xgboost_direct,7,lags_only,806,4.902498699678173,7.002283273576294,0.721221541401786,4.838075473344352,7.131025109514314,-0.01331587873913172,0.01805376281262153
46102002_10_46,persistence,1,lags_only,891,6.085836281184116,9.12056707655665,,,,,
46102002_10_46,sarima,1,lags_only,891,6.141890999515905,8.782146614587386,-1.5801467123927093,6.085836281184116,9.12056707655665,-0.009210684570187401,0.037105199614082554
46102002_10_46,xgboost_direct,1,lags_only,891,7.349727162495025,9.862259849015013,-0.059744991406769594,6.085836281184116,9.12056707655665,-0.2076774370711457,-0.08132090540343671
46102002_10_46,persistence,2,lags_only,887,8.511946810994136,11.910770342902575,,,,,
46102002_10_46,sarima,2,lags_only,887,8.047719964344234,10.87736954310328,-2.7435661564832383,8.511946810994136,11.910770342902575,0.05453826920655814,0.08676187769963019
46102002_10_46,xgboost_direct,2,lags_only,887,8.106846490317805,10.730786432549339,0.06041116177978801,8.511946810994136,11.910770342902575,0.047591970400131994,0.0990686476510202
46102002_10_46,persistence,3,lags_only,884,9.348131955931626,12.69735798566689,,,,,
46102002_10_46,sarima,3,lags_only,884,8.712352009559448,11.598767712077123,-3.7302547503268517,9.348131955931626,12.69735798566689,0.06801144328827749,0.08652117037496185
46102002_10_46,xgboost_direct,3,lags_only,884,8.339825105505023,10.948725721161074,0.3940481540034712,9.348131955931626,12.69735798566689,0.10786185466571285,0.13771622935099717
46102002_10_46,persistence,4,lags_only,881,9.608028412664941,13.135021257496721,,,,,
46102002_10_46,sarima,4,lags_only,881,9.004369622787994,12.13460676828679,-4.668610071914061,9.608028412664941,13.135021257496721,0.06282858084403944,0.07616390332363954
46102002_10_46,xgboost_direct,4,lags_only,881,8.511385727541844,11.202246744326278,0.4710129040206662,9.608028412664941,13.135021257496721,0.11413816009094477,0.14714666046446828
46102002_10_46,persistence,5,lags_only,878,9.84515533503267,13.400157007504983,,,,,
46102002_10_46,sarima,5,lags_only,878,9.445308972128721,12.520247094700228,-5.427302093392826,9.84515533503267,13.400157007504983,0.04061351490119703,0.06566414948063276
46102002_10_46,xgboost_direct,5,lags_only,878,8.420593756045875,11.062812310987402,0.20567977507087515,9.84515533503267,13.400157007504983,0.14469670924517392,0.17442666494194897
46102002_10_46,persistence,6,lags_only,877,9.4481877774827,12.632880520146335,,,,,
46102002_10_46,sarima,6,lags_only,877,9.65437061146712,12.662274399929943,-6.156779310554813,9.4481877774827,12.632880520146335,-0.02182247419720048,-0.00232677572915634
46102002_10_46,xgboost_direct,6,lags_only,877,8.489614679741303,11.208914111575675,0.006894267128264498,9.4481877774827,12.632880520146335,0.10145576276816878,0.1127190593071615
46102002_10_46,persistence,7,lags_only,877,9.244612835151232,12.231505438829908,,,,,
46102002_10_46,sarima,7,lags_only,877,9.92677108183929,13.013597449947017,-6.910161028648619,9.244612835151232,12.231505438829908,-0.0737898123861126,-0.06394078104517657
46102002_10_46,xgboost_direct,7,lags_only,877,8.480193020101803,11.000449163888788,-0.2564961698471098,9.244612835151232,12.231505438829908,0.08268813726225928,0.1006463416214517
46220003_10_46,persistence,1,lags_only,342,3.369762036989244,5.271643099572541,,,,,
46220003_10_46,sarima,1,lags_only,342,3.436852644717834,5.230093201694726,-1.0414748116435042,3.369762036989244,5.271643099572541,-0.019909598064239854,0.007881773688583853
46220003_10_46,xgboost_direct,1,lags_only,342,5.694280569806423,7.861058393617185,2.226357424792597,3.369762036989244,5.271643099572541,-0.6898168200903735,-0.4911970035024962
46220003_10_46,persistence,2,lags_only,338,4.959000392027148,7.754466874275955,,,,,
46220003_10_46,sarima,2,lags_only,338,4.845872728739491,7.436185776817001,-2.0017873909929214,4.959000392027148,7.754466874275955,0.02281259414085521,0.04104487163583015
46220003_10_46,xgboost_direct,2,lags_only,338,5.985016290712822,8.623945695453294,1.233425496573387,4.959000392027148,7.754466874275955,-0.20689974139450654,-0.11212618936598706
46220003_10_46,persistence,3,lags_only,335,5.599702294889289,8.753805404074889,,,,,
46220003_10_46,sarima,3,lags_only,335,5.4632076449436155,8.331969654141881,-2.9691022739620996,5.599702294889289,8.753805404074889,0.024375340465911645,0.04818884250461447
46220003_10_46,xgboost_direct,3,lags_only,335,6.231243611043986,9.109981313056082,0.6605551342613365,5.599702294889289,8.753805404074889,-0.11278123066133172,-0.04068812276948643
46220003_10_46,persistence,4,lags_only,333,5.843065176036191,8.85939330182679,,,,,
46220003_10_46,sarima,4,lags_only,333,5.582144695250396,8.589463631016685,-3.756184392174002,5.843065176036191,8.85939330182679,0.044654727086716764,0.03046818914275389
46220003_10_46,xgboost_direct,4,lags_only,333,7.773297772351611,10.42660211560063,2.531205418127107,5.843065176036191,8.85939330182679,-0.3303458952044152,-0.17689798391168443
46220003_10_46,persistence,5,lags_only,331,5.886786761044609,8.845418249960442,,,,,
46220003_10_46,sarima,5,lags_only,331,5.771935983713452,8.891640889543975,-4.474333281115501,5.886786761044609,8.845418249960442,0.019509926551302,-0.0052256024845110886
46220003_10_46,xgboost_direct,5,lags_only,331,7.705658268858489,10.339538396643007,2.7893257984010895,5.886786761044609,8.845418249960442,-0.3089752664136115,-0.16891458430348924
46220003_10_46,persistence,6,lags_only,328,5.950638148300634,8.969424307446474,,,,,
46220003_10_46,sarima,6,lags_only,328,6.0737439119679975,9.340078077752969,-5.137655667031236,5.950638148300634,8.969424307446474,-0.020687825507003817,-0.04132414273219027
46220003_10_46,xgboost_direct,6,lags_only,328,6.926317530274785,9.29093597060977,2.459522579758663,5.950638148300634,8.969424307446474,-0.16396214282543514,-0.03584529532139258
46220003_10_46,persistence,7,lags_only,326,6.0298579676941975,9.085760753073421,,,,,
46220003_10_46,sarima,7,lags_only,326,6.557988022035947,9.810175389559559,-5.817535669550622,6.0298579676941975,9.085760753073421,-0.08758581995981994,-0.07973076291284599
46220003_10_46,xgboost_direct,7,lags_only,326,6.722045893711439,9.033357581282083,1.9420920031340971,6.0298579676941975,9.085760753073421,-0.11479340470799383,0.00576761519651639
46220010_10_46,persistence,1,lags_only,924,3.96924095312699,7.060512333732454,,,,,
46220010_10_46,sarima,1,lags_only,924,3.888032906637754,6.614650473993467,-1.003426390381786,3.96924095312699,7.060512333732454,0.020459339064628868,0.0631486553190805
46220010_10_46,xgboost_direct,1,lags_only,924,5.1214201438712,7.606031721149853,0.06126590613916991,3.96924095312699,7.060512333732454,-0.29027695832789313,-0.07726342815253139
46220010_10_46,persistence,2,lags_only,920,5.1507471076801234,8.471152362728699,,,,,
46220010_10_46,sarima,2,lags_only,920,5.013626033475286,7.832343030256718,-1.794510370492783,5.1507471076801234,8.471152362728699,0.026621589322523783,0.0754099684574921
46220010_10_46,xgboost_direct,2,lags_only,920,5.486753237075985,7.888245979226568,0.21064561948147004,5.1507471076801234,8.471152362728699,-0.06523444509532468,0.06881075425662242
46220010_10_46,persistence,3,lags_only,916,5.832513224761509,9.235759880794996,,,,,
46220010_10_46,sarima,3,lags_only,916,5.63002199077361,8.523802046470342,-2.5960862788883756,5.832513224761509,9.235759880794996,0.03471766392714497,0.07708708796177255
46220010_10_46,xgboost_direct,3,lags_only,916,5.787055504579667,8.235673465937829,0.4030156005787139,5.832513224761509,9.235759880794996,0.007793847768549192,0.10828415071041035
46220010_10_46,persistence,4,lags_only,914,6.191521220193563,9.588126144069326,,,,,
46220010_10_46,sarima,4,lags_only,914,5.949526637588066,8.889022535393417,-3.2890652709918426,6.191521220193563,9.588126144069326,0.03908483456637995,0.0729134763322169
46220010_10_46,xgboost_direct,4,lags_only,914,5.86813819510435,8.312076941302884,0.2549549932282635,6.191521220193563,9.588126144069326,0.05222997928756244,0.13308640120006496
46220010_10_46,persistence,5,lags_only,914,6.442810418578223,9.840619859104217,,,,,
46220010_10_46,sarima,5,lags_only,914,6.262236479927678,9.195368666116988,-3.9464737083766246,6.442810418578223,9.840619859104217,0.028027200386007017,0.06557017771500082
46220010_10_46,xgboost_direct,5,lags_only,914,6.109033912490177,8.677648028638671,0.4671866179789117,6.442810418578223,9.840619859104217,0.05180604183627415,0.11818074949715719
46220010_10_46,persistence,6,lags_only,912,6.390002053180648,9.591869159244817,,,,,
46220010_10_46,sarima,6,lags_only,912,6.378531205167984,9.277589175623604,-4.4832056414953945,6.390002053180648,9.591869159244817,0.0017951243078169225,0.032765249233858144
46220010_10_46,xgboost_direct,6,lags_only,912,6.041127093454721,8.438401958595321,0.18565213334910058,6.390002053180648,9.591869159244817,0.05459700275875086,0.12025468461877042
46220010_10_46,persistence,7,lags_only,911,6.616868065493687,9.841431623049486,,,,,
46220010_10_46,sarima,7,lags_only,911,6.7196274492417185,9.678369622112282,-5.049204795087074,6.616868065493687,9.841431623049486,-0.015529912751912256,0.016568930942455446
46220010_10_46,xgboost_direct,7,lags_only,911,6.119315638364543,8.577049050815205,-0.3268602697846183,6.616868065493687,9.841431623049486,0.07519455159213934,0.12847547192961106
46250030_10_46,persistence,1,lags_only,962,4.7430786259733635,8.102290280919927,,,,,
46250030_10_46,sarima,1,lags_only,962,4.7143972244135295,7.685986187532077,-1.1635754395655242,4.7430786259733635,8.102290280919927,0.006047001077058485,0.05138103905857391
46250030_10_46,xgboost_direct,1,lags_only,962,5.972669632358818,8.912850349872556,-1.161558303636351,4.7430786259733635,8.102290280919927,-0.259239009796748,-0.1000408576895123
46250030_10_46,persistence,2,lags_only,959,6.299695456240042,10.02058321477012,,,,,
46250030_10_46,sarima,2,lags_only,959,6.044144667619515,9.28891503919669,-2.012647121217368,6.299695456240042,10.02058321477012,0.0405655781927356,0.07301652607354905
46250030_10_46,xgboost_direct,2,lags_only,959,6.266497867655868,9.11199935110036,-1.4683135445564222,6.299695456240042,10.02058321477012,0.005269713244834801,0.09067175474682224
46250030_10_46,persistence,3,lags_only,957,7.004936182771308,10.782593792273762,,,,,
46250030_10_46,sarima,3,lags_only,957,6.768677326039812,9.95177955076599,-2.7538468213800096,7.004936182771308,10.782593792273762,0.033727481673933905,0.07705142728302442
46250030_10_46,xgboost_direct,3,lags_only,957,6.45004278501941,9.45717950833,-1.5635395862303783,7.004936182771308,10.782593792273762,0.07921462569732789,0.12292165590931221
46250030_10_46,persistence,4,lags_only,953,7.445961513096371,11.089360966322399,,,,,
46250030_10_46,sarima,4,lags_only,953,7.227911187132817,10.357868337467222,-3.47817537353086,7.445961513096371,11.089360966322399,0.029284374567345634,0.06596346093130778
46250030_10_46,xgboost_direct,4,lags_only,953,6.693761375739165,9.923755564718034,-1.6993971091631843,7.445961513096371,11.089360966322399,0.10102122285136639,0.10511024081046923
46250030_10_46,persistence,5,lags_only,951,7.7832383336636966,11.710359807618469,,,,,
46250030_10_46,sarima,5,lags_only,951,7.510665107547364,10.846109155642301,-4.160398815927728,7.7832383336636966,11.710359807618469,0.03502054214855677,0.07380222863979871
46250030_10_46,xgboost_direct,5,lags_only,951,6.692930967788801,9.616772620354057,-1.6101086865886212,7.7832383336636966,11.710359807618469,0.14008402661385166,0.178780773747223
46250030_10_46,persistence,6,lags_only,949,7.8278391203793225,11.701354673789107,,,,,
46250030_10_46,sarima,6,lags_only,949,7.709306211034721,11.015816104073748,-4.828280251496485,7.8278391203793225,11.701354673789107,0.015142481535677958,0.05858625679050279
46250030_10_46,xgboost_direct,6,lags_only,949,6.7926442963191,9.830695719929242,-1.4866048755422132,7.8278391203793225,11.701354673789107,0.13224528610522324,0.159866870632519
46250030_10_46,persistence,7,lags_only,948,7.71945994533038,11.66091247369284,,,,,
46250030_10_46,sarima,7,lags_only,948,7.9257455913599255,11.194289188069996,-5.400800038532754,7.71945994533038,11.66091247369284,-0.026722808006061492,0.04001601818687438
46250030_10_46,xgboost_direct,7,lags_only,948,6.9535874854978506,10.17490361002849,-1.6413770536837335,7.71945994533038,11.66091247369284,0.09921321766761901,0.1274350413843516
46250046_10_46,persistence,1,lags_only,25,3.588333333333334,5.053402319230084,,,,,
46250046_10_46,sarima,1,lags_only,25,4.183335148329325,6.001602372771232,-2.4040027587186286,3.588333333333334,5.053402319230084,-0.16581564746753127,-0.18763597149842828
46250046_10_46,xgboost_direct,1,lags_only,25,8.421089941660563,10.024982044738504,-0.11493538538614914,3.588333333333334,5.053402319230084,-1.3467970111455352,-0.9838084148949908
46250046_10_46,persistence,2,lags_only,25,5.413333333333335,6.749619330829785,,,,,
46250046_10_46,sarima,2,lags_only,25,5.19334703195594,7.000637765873473,-2.804635858979763,5.413333333333335,6.749619330829785,0.04063786355493742,-0.03719001364967773
46250046_10_46,xgboost_direct,2,lags_only,25,7.265509452819824,8.7053754032341,1.5202314631144203,5.413333333333335,6.749619330829785,-0.34215076098888336,-0.28975798138291137
46250046_10_46,persistence,3,lags_only,25,6.493333333333334,8.763243945277596,,,,,
46250046_10_46,sarima,3,lags_only,25,6.368293608632277,8.482934299661276,-3.782986418689873,6.493333333333334,8.763243945277596,0.019256631114125896,0.03198697278847016
46250046_10_46,xgboost_direct,3,lags_only,25,6.432983868916828,7.948075512786557,-0.1754326756795247,6.493333333333334,8.763243945277596,0.009294065361884858,0.09302131009719553
46250046_10_46,persistence,4,lags_only,23,7.943511198945983,11.754400077977474,,,,,
46250046_10_46,sarima,4,lags_only,23,7.593720987745492,10.122659385285063,-2.676560245619926,7.943511198945983,11.754400077977474,0.04403470989590909,0.13881956389672054
46250046_10_46,xgboost_direct,4,lags_only,23,7.216345998138306,8.463554784127798,-0.16371868344634885,7.943511198945983,11.754400077977474,0.09154203759468033,0.27996709930056396
46250046_10_46,persistence,5,lags_only,22,8.539029650572713,11.542795574623607,,,,,
46250046_10_46,sarima,5,lags_only,22,6.896303532365708,8.796807956834652,-1.0396719425798702,8.539029650572713,11.542795574623607,0.19237854714520494,0.2378962357980162
46250046_10_46,xgboost_direct,5,lags_only,22,7.41106542850277,9.007604353848453,2.0630073348249023,8.539029650572713,11.542795574623607,0.13209512886447122,0.2196340742920783
46250046_10_46,persistence,6,lags_only,22,7.9465709728867635,9.908360102577708,,,,,
46250046_10_46,sarima,6,lags_only,22,6.167520602442419,8.055253121736975,-2.3708108185574583,7.9465709728867635,9.908360102577708,0.22387648414823957,0.18702458950383108
46250046_10_46,xgboost_direct,6,lags_only,22,6.304631549585759,8.549158080583853,-0.818904358044006,7.9465709728867635,9.908360102577708,0.2066223820190125,0.13717729350997773
46250046_10_46,persistence,7,lags_only,22,7.9749800637958534,9.358349968000581,,,,,
46250046_10_46,sarima,7,lags_only,22,6.339038588844971,8.859974723837515,-4.399623226950785,7.9749800637958534,9.358349968000581,0.2051342400688363,0.05325460640681129
46250046_10_46,xgboost_direct,7,lags_only,22,7.027792119903808,8.771118549420486,-2.3399649259576383,7.9749800637958534,9.358349968000581,0.1187699450424974,0.06274946123921869
46250047_10_46,persistence,1,lags_only,185,3.116069330199765,4.148935270351686,,,,,
46250047_10_46,sarima,1,lags_only,185,3.722478461023873,4.705062800909431,-2.3907982824269762,3.116069330199765,4.148935270351686,-0.19460707274611008,-0.1340410236167905
46250047_10_46,xgboost_direct,1,lags_only,185,5.034235413353044,7.462001451213941,1.1588397132829522,3.116069330199765,4.148935270351686,-0.6155723380616533,-0.798534073196428
46250047_10_46,persistence,2,lags_only,184,4.384928860915393,5.966422000248117,,,,,
46250047_10_46,sarima,2,lags_only,184,5.156538857073087,6.865416978050926,-4.749390393960069,4.384928860915393,5.966422000248117,-0.17596864638679988,-0.15067572789276795
46250047_10_46,xgboost_direct,2,lags_only,184,5.501601059280625,8.688348626816293,1.7289311729711705,4.384928860915393,5.966422000248117,-0.25466141727373814,-0.45620752713351204
46250047_10_46,persistence,3,lags_only,183,5.106146101067697,7.029588664952873,,,,,
46250047_10_46,sarima,3,lags_only,183,6.0160807354731345,7.9829479096084155,-5.935538154058367,5.106146101067697,7.029588664952873,-0.1782037991852935,-0.13562091469287046
46250047_10_46,xgboost_direct,3,lags_only,183,5.247452524319989,6.350911221112144,1.5645190357309675,5.106146101067697,7.029588664952873,-0.027673791633722508,0.09654582596338572
46250047_10_46,persistence,4,lags_only,182,5.419527935832283,7.331105368182725,,,,,
46250047_10_46,sarima,4,lags_only,182,6.5340979667803145,8.462897987892063,-6.515013472494606,5.419527935832283,7.331105368182725,-0.2056581392594788,-0.1543822606371695
46250047_10_46,xgboost_direct,4,lags_only,182,5.279434888266128,6.352693767985906,1.9233638606463392,5.419527935832283,7.331105368182725,0.02584967717204701,0.13346031069791497
46250047_10_46,persistence,5,lags_only,181,5.264298036817854,7.148437617209664,,,,,
46250047_10_46,sarima,5,lags_only,181,6.833470713930431,8.705719543597176,-6.819127461358233,5.264298036817854,7.148437617209664,-0.2980782368585473,-0.21784927137622342
46250047_10_46,xgboost_direct,5,lags_only,181,5.256966236458044,6.483890175735172,2.005714300084401,5.264298036817854,7.148437617209664,0.0013927403632036921,0.0929640121464602
46250047_10_46,persistence,6,lags_only,180,4.911040660225443,6.688461117267675,,,,,
46250047_10_46,sarima,6,lags_only,180,6.966125397844815,8.810167761793824,-6.953560595584814,4.911040660225443,6.688461117267675,-0.41846217121831614,-0.31721895475306205
46250047_10_46,xgboost_direct,6,lags_only,180,4.82995115597973,6.090266055504381,1.2261927917505875,4.911040660225443,6.688461117267675,0.016511674379415687,0.08943687513095154
46250047_10_46,persistence,7,lags_only,179,4.760869565217391,6.502386919884243,,,,,
46250047_10_46,sarima,7,lags_only,179,6.970570732633786,8.785043336156114,-6.959696682398169,4.760869565217391,6.502386919884243,-0.46413814475412873,-0.3510489985287599
46250047_10_46,xgboost_direct,7,lags_only,179,4.567944878660954,5.869665713710453,0.9365758464561741,4.760869565217391,6.502386919884243,0.04052299352326991,0.09730599147198303
46250048_10_46,persistence,1,lags_only,553,4.402749091629692,6.475774719557346,,,,,
46250048_10_46,sarima,1,lags_only,553,4.437150424882775,6.406351520876713,-1.4771950638163924,4.402749091629692,6.475774719557346,-0.007813602941508766,0.010720446847999348
46250048_10_46,xgboost_direct,1,lags_only,553,6.583130933568929,9.072990379786495,0.42818854109094984,4.402749091629692,6.475774719557346,-0.49523191000924416,-0.4010664009644058
46250048_10_46,persistence,2,lags_only,552,6.305099647312176,9.151498752053687,,,,,
46250048_10_46,sarima,2,lags_only,552,6.518621333208528,8.929759877923669,-2.865533286230074,6.305099647312176,9.151498752053687,-0.03386491853263179,0.024229787943778933
46250048_10_46,xgboost_direct,2,lags_only,552,7.252279365277427,9.795714380436726,0.3288899552349053,6.305099647312176,9.151498752053687,-0.15022438517193423,-0.0703945491156266
46250048_10_46,persistence,3,lags_only,551,7.290595878117111,10.551274330314701,,,,,
46250048_10_46,sarima,3,lags_only,551,7.516223208119176,10.254386790679757,-4.0920856239091545,7.290595878117111,10.551274330314701,-0.030947721389864794,0.028137600287954003
46250048_10_46,xgboost_direct,3,lags_only,551,7.601036726224982,10.143398806241015,-0.14026658688681332,7.290595878117111,10.551274330314701,-0.042580997945540516,0.03865651781053836
46250048_10_46,persistence,4,lags_only,550,7.734723395204984,11.160917542244649,,,,,
46250048_10_46,sarima,4,lags_only,550,8.046595124263,10.911477079721191,-5.1378996131979235,7.734723395204984,11.160917542244649,-0.040320993152949146,0.022349458418567527
46250048_10_46,xgboost_direct,4,lags_only,550,7.872282530654699,10.145522702643788,-0.054311895335046385,7.734723395204984,11.160917542244649,-0.017784622464326588,0.09097772076153583
46250048_10_46,persistence,5,lags_only,549,8.325297128963458,11.571341314274253,,,,,
46250048_10_46,sarima,5,lags_only,549,8.496539903028694,11.460372989136527,-6.062559047529219,8.325297128963458,11.571341314274253,-0.020568968459934937,0.009589927573982906
46250048_10_46,xgboost_direct,5,lags_only,549,7.470205842024158,9.872093317798866,-0.6403906185210729,8.325297128963458,11.571341314274253,0.10271000226099594,0.14684969964365474
46250048_10_46,persistence,6,lags_only,549,8.344990622021358,11.60984173287865,,,,,
46250048_10_46,sarima,6,lags_only,549,8.843526802858783,11.881403195397345,-6.983265537715672,8.344990622021358,11.60984173287865,-0.059740771849623384,-0.023390625709362026
46250048_10_46,xgboost_direct,6,lags_only,549,7.362518386866142,9.75732406652171,-0.3165613900498256,8.344990622021358,11.60984173287865,0.11773197594286058,0.15956442034094895
46250048_10_46,persistence,7,lags_only,548,8.295752434903749,11.550452314497056,,,,,
46250048_10_46,sarima,7,lags_only,548,9.197373767271522,12.269020700965097,-7.813074690217776,8.295752434903749,11.550452314497056,-0.10868469610716316,-0.06221127683165798
46250048_10_46,xgboost_direct,7,lags_only,548,7.44951122007321,9.858080173297996,0.1683868753134545,8.295752434903749,11.550452314497056,0.10200897645764397,0.14651998857871149
46250054_10_46,persistence,1,lags_only,441,5.400825607236432,7.84925999561819,,,,,
46250054_10_46,sarima,1,lags_only,441,5.362867566673587,7.716051315849561,-0.9618032526298027,5.400825607236432,7.84925999561819,0.007028192228978141,0.016970858379387586
46250054_10_46,xgboost_direct,1,lags_only,441,7.296306408062151,9.767635362541933,1.0242589661452703,5.400825607236432,7.84925999561819,-0.3509613045616602,-0.24440206694575878
46250054_10_46,persistence,2,lags_only,437,6.92627808815279,9.653648989560052,,,,,
46250054_10_46,sarima,2,lags_only,437,6.784534310216082,9.281305534899417,-1.6918057714287922,6.92627808815279,9.653648989560052,0.020464638602824332,0.03857022925355028
46250054_10_46,xgboost_direct,2,lags_only,437,7.616188100314501,9.86036224780453,1.2390505024547684,6.92627808815279,9.653648989560052,-0.09960761080930078,-0.021412966067859657
46250054_10_46,persistence,3,lags_only,434,7.710452956926479,10.493318612659982,,,,,
46250054_10_46,sarima,3,lags_only,434,7.604585020059346,10.11754003836681,-2.682697542216851,7.710452956926479,10.493318612659982,0.013730443264299879,0.035811223137721386
46250054_10_46,xgboost_direct,3,lags_only,434,7.865455752352813,10.10227355467431,1.411192207934777,7.710452956926479,10.493318612659982,-0.020102942887044218,0.037266099736444035
46250054_10_46,persistence,4,lags_only,434,8.304856204713712,11.256685875088738,,,,,
46250054_10_46,sarima,4,lags_only,434,8.409010026058729,11.10862527934181,-3.92816835528507,8.304856204713712,11.256685875088738,-0.01254131543974246,0.013153124941914675
46250054_10_46,xgboost_direct,4,lags_only,434,8.420542781609376,10.636616204746952,1.595043929894626,8.304856204713712,11.256685875088738,-0.013929991566862036,0.055084567271617
46250054_10_46,persistence,5,lags_only,435,8.805386912945897,11.823501577589276,,,,,
46250054_10_46,sarima,5,lags_only,435,8.935500783496146,11.777235038484447,-4.867313605565505,8.805386912945897,11.823501577589276,-0.014776621610908642,0.003913099584011961
46250054_10_46,xgboost_direct,5,lags_only,435,8.2953089080053,10.474102783000061,1.336126712518834,8.805386912945897,11.823501577589276,0.057927949104731334,0.11412852493265765
46250054_10_46,persistence,6,lags_only,435,8.752237903604588,11.456678710271452,,,,,
46250054_10_46,sarima,6,lags_only,435,9.19070496131466,11.833239003027069,-5.776969011372166,8.752237903604588,11.456678710271452,-0.05009770787074822,-0.032868190011998207
46250054_10_46,xgboost_direct,6,lags_only,435,8.13814532271494,10.375822948104725,1.0203472339605364,8.752237903604588,11.456678710271452,0.07016406405460418,0.09434285358789798
46250054_10_46,persistence,7,lags_only,434,8.710441627008816,11.441280306807684,,,,,
46250054_10_46,sarima,7,lags_only,434,9.345541200027709,12.013288209283768,-6.379260527967831,8.710441627008816,11.441280306807684,-0.07291244235534676,-0.04999509557822243
46250054_10_46,xgboost_direct,7,lags_only,434,8.124948543291403,10.289334372821097,1.237790491593817,8.710441627008816,11.441280306807684,0.06721738217060673,0.10068330668388284
46258001_10_46,persistence,1,lags_only,823,2.915044479568282,4.668506375027677,,,,,
46258001_10_46,sarima,1,lags_only,823,2.9556509058770573,4.61553633736686,-1.1718602938558906,2.915044479568282,4.668506375027677,-0.013929950844108259,0.011346249400913121
46258001_10_46,xgboost_direct,1,lags_only,823,5.732269217941977,8.444324289393977,2.4982741611191486,2.915044479568282,4.668506375027677,-0.9664431394168387,-0.8087849969668115
46258001_10_46,persistence,2,lags_only,821,4.140919504372359,6.3917432015115825,,,,,
46258001_10_46,sarima,2,lags_only,821,4.176064314863937,6.207486224150474,-2.1459984720179017,4.140919504372359,6.3917432015115825,-0.008487199631499383,0.028827343582504064
46258001_10_46,xgboost_direct,2,lags_only,821,6.345624342969627,9.153571911155723,2.847397127969156,4.140919504372359,6.3917432015115825,-0.532419149000443,-0.43209319000660035
46258001_10_46,persistence,3,lags_only,823,4.7855739422276145,7.114314968992648,,,,,
46258001_10_46,sarima,3,lags_only,823,4.81509932778351,6.954887643229497,-2.9701376622660565,4.7855739422276145,7.114314968992648,-0.006169664477517528,0.02240937131094235
46258001_10_46,xgboost_direct,3,lags_only,823,6.589197587424089,9.685548751655146,2.9117610673903047,4.7855739422276145,7.114314968992648,-0.37688763499847094,-0.36141691700031264
46258001_10_46,persistence,4,lags_only,825,5.095068317878178,7.402108292712469,,,,,
46258001_10_46,sarima,4,lags_only,825,5.256926609290019,7.4058840700115,-3.741895291214574,5.095068317878178,7.402108292712469,-0.03176763908030309,-0.0005100948472678762
46258001_10_46,xgboost_direct,4,lags_only,825,6.887788883901311,9.937779492993487,3.1292059800520837,5.095068317878178,7.402108292712469,-0.3518540781352475,-0.34256067325810946
46258001_10_46,persistence,5,lags_only,824,5.23439371095451,7.434873245967102,,,,,
46258001_10_46,sarima,5,lags_only,824,5.545040884992924,7.649153971210579,-4.327069420119291,5.23439371095451,7.434873245967102,-0.05934730767162062,-0.028821032740498794
46258001_10_46,xgboost_direct,5,lags_only,824,6.7878498952025,9.69716978983725,2.927168091714741,5.23439371095451,7.434873245967102,-0.29677862805713784,-0.3042817905600859
46258001_10_46,persistence,6,lags_only,821,5.2163044622520145,7.396943964825313,,,,,
46258001_10_46,sarima,6,lags_only,821,5.800703604638978,7.858936205186829,-4.808664002057453,5.2163044622520145,7.396943964825313,-0.11203317341155802,-0.06245717725569203
46258001_10_46,xgboost_direct,6,lags_only,821,6.667910410093255,9.16782615358618,2.8876724072691577,5.2163044622520145,7.396943964825313,-0.27828244274195313,-0.2394072737581821
46258001_10_46,persistence,7,lags_only,818,5.400280474206736,7.690939765955673,,,,,
46258001_10_46,sarima,7,lags_only,818,6.19371932496785,8.429530035208789,-5.386973868787083,5.400280474206736,7.690939765955673,-0.14692548925019766,-0.09603381273671154
46258001_10_46,xgboost_direct,7,lags_only,818,6.760805674102839,9.152430847452068,2.7416489740808556,5.400280474206736,7.690939765955673,-0.25193602561836476,-0.19002763328946587
47085003_10_49,persistence,1,lags_only,672,8.36854287663682,46.430437869723576,,,,,
47085003_10_49,sarima,1,lags_only,672,9.379898436785824,45.49060314675266,-0.7744164850981894,8.36854287663682,46.430437869723576,-0.12085204976035825,0.020241780308166406
47085003_10_49,xgboost_direct,1,lags_only,672,11.46537902197331,39.7072208788586,2.3866863365832693,8.36854287663682,46.430437869723576,-0.37005679375583944,0.1448019294956738
47085003_10_49,persistence,2,lags_only,669,11.630314973257066,53.401045207747465,,,,,
47085003_10_49,sarima,2,lags_only,669,11.723776645649384,49.395996167944354,-1.9656578979210304,11.630314973257066,53.401045207747465,-0.008036039660767973,0.0749994503707215
47085003_10_49,xgboost_direct,2,lags_only,669,12.21731560064733,40.62837792801033,2.30595732574783,11.630314973257066,53.401045207747465,-0.0504716019076029,0.23918384424962652
47085003_10_49,persistence,3,lags_only,666,13.116176884111667,54.20371273599075,,,,,
47085003_10_49,sarima,3,lags_only,666,12.501253577772635,47.88909391841064,-3.0507940779600045,13.116176884111667,54.20371273599075,0.04688281591291449,0.11649790205952562
47085003_10_49,xgboost_direct,3,lags_only,666,12.747569270932638,39.69628949527357,2.461495527553213,13.116176884111667,54.20371273599075,0.028103281652563154,0.26764630148820767
47085003_10_49,persistence,4,lags_only,663,13.774621038239964,54.6577895452699,,,,,
47085003_10_49,sarima,4,lags_only,663,12.852151473936729,46.55783611451922,-4.026056972279289,13.774621038239964,54.6577895452699,0.06696877988456823,0.1481939445070671
47085003_10_49,xgboost_direct,4,lags_only,663,12.899112407246948,39.563755982472884,2.281023601819274,13.774621038239964,54.6577895452699,0.06355954392955722,0.276155213893081
47085003_10_49,persistence,5,lags_only,660,14.28324926281448,54.9499162406271,,,,,
47085003_10_49,sarima,5,lags_only,660,13.06723345728743,45.43766727247891,-4.911210529709148,14.28324926281448,54.9499162406271,0.08513579670508649,0.17310761542372152
47085003_10_49,xgboost_direct,5,lags_only,660,12.80854576087671,39.63026982888343,2.0010565386716985,14.28324926281448,54.9499162406271,0.10324706058145083,0.27879289833051873
47085003_10_49,persistence,6,lags_only,658,14.486110214836922,55.25342393619087,,,,,
47085003_10_49,sarima,6,lags_only,658,13.143339602965717,44.94164225316892,-5.6353507468914685,14.486110214836922,55.25342393619087,0.09269366254689375,0.1866270169054221
47085003_10_49,xgboost_direct,6,lags_only,658,13.21531910277696,40.0891091791699,2.343435475862194,14.486110214836922,55.25342393619087,0.08772479935700035,0.2744502272752074
47085003_10_49,persistence,7,lags_only,656,14.766879906809946,55.400132930480176,,,,,
47085003_10_49,sarima,7,lags_only,656,13.193186778958587,45.66817453280241,-6.2142090108799435,14.766879906809946,55.400132930480176,0.10656910178606034,0.175666697585186
47085003_10_49,xgboost_direct,7,lags_only,656,13.174680128063182,39.8000125492975,2.4090591677709714,14.766879906809946,55.400132930480176,0.10782235575793499,0.2815899449331423
47186027_10_49,persistence,1,lags_only,587,6.905337106381668,17.45107438055459,,,,,
47186027_10_49,sarima,1,lags_only,587,7.12009022099003,16.708279196187142,-2.6691722200499206,6.905337106381668,17.45107438055459,-0.031099584466324555,0.042564438622479966
47186027_10_49,xgboost_direct,1,lags_only,587,8.338252542349684,16.98644612221523,-2.632186582024095,6.905337106381668,17.45107438055459,-0.20750839732990967,0.02662462196924028
47186027_10_49,persistence,2,lags_only,585,9.529863858490861,21.692813978351605,,,,,
47186027_10_49,sarima,2,lags_only,585,9.44973383910416,19.870578087841157,-4.514016144707676,9.529863858490861,21.692813978351605,0.008408306831719004,0.08400182163222131
47186027_10_49,xgboost_direct,2,lags_only,585,9.416538749478747,18.000225115889457,-2.973796020224805,9.529863858490861,21.692813978351605,0.011891576909689516,0.17022175482384058
47186027_10_49,persistence,3,lags_only,583,10.963018063280359,22.696938562440952,,,,,
47186027_10_49,sarima,3,lags_only,583,10.703828681777415,20.437925205375574,-6.07375259889577,10.963018063280359,22.696938562440952,0.023642155837640684,0.09952942996477984
47186027_10_49,xgboost_direct,3,lags_only,583,9.51965705768055,18.016163264646714,-3.1189640739760454,10.963018063280359,22.696938562440952,0.13165726784982829,0.20622936811134593
47186027_10_49,persistence,4,lags_only,581,11.746235066570183,23.41432592910538,,,,,
47186027_10_49,sarima,4,lags_only,581,11.417494716622752,20.855280298748095,-7.343968952750812,11.746235066570183,23.41432592910538,0.027986869672226022,0.10929401248217195
47186027_10_49,xgboost_direct,4,lags_only,581,9.171058428331369,17.745159797785657,-2.863841613186258,11.746235066570183,23.41432592910538,0.21923421621007513,0.2421238240419562
47186027_10_49,persistence,5,lags_only,580,12.110631862241584,24.10841950982439,,,,,
47186027_10_49,sarima,5,lags_only,580,11.983993520392195,21.330011776204717,-8.557197798555489,12.110631862241584,24.10841950982439,0.010456790635691052,0.11524636579712112
47186027_10_49,xgboost_direct,5,lags_only,580,9.61092050655814,18.073762155389957,-2.383483645156224,12.110631862241584,24.10841950982439,0.20640635303902036,0.25031327134386633
47186027_10_49,persistence,6,lags_only,581,12.695774722073871,24.47103789098282,,,,,
47186027_10_49,sarima,6,lags_only,581,12.395120849200795,21.714032322527903,-9.621747718465745,12.695774722073871,24.47103789098282,0.02368141208037783,0.11266402270051773
47186027_10_49,xgboost_direct,6,lags_only,581,9.40602718408721,17.814254798466287,-2.847183417814137,12.695774722073871,24.47103789098282,0.2591214486711747,0.27202700278476744
47186027_10_49,persistence,7,lags_only,579,12.642399562784073,24.65160534025873,,,,,
47186027_10_49,sarima,7,lags_only,579,12.806808787555813,22.12423282946348,-10.605534665430985,12.642399562784073,24.65160534025873,-0.013004590145664893,0.10252364809150086
47186027_10_49,xgboost_direct,7,lags_only,579,9.089745432706842,17.727356505656488,-3.384593924290045,12.642399562784073,24.65160534025873,0.28101106221443267,0.280884296946544
47186029_10_49,persistence,1,lags_only,317,4.784476473099433,6.781443464315673,,,,,
47186029_10_49,sarima,1,lags_only,317,4.8007043260397335,6.725513916941521,-1.5007529295976056,4.784476473099433,6.781443464315673,-0.003391771917270566,0.008247439895128
47186029_10_49,xgboost_direct,1,lags_only,317,8.083141289791472,10.182047790934178,3.3406396076119713,4.784476473099433,6.781443464315673,-0.689451570143291,-0.5014572995428879
47186029_10_49,persistence,2,lags_only,316,6.674781390642013,9.334839666733938,,,,,
47186029_10_49,sarima,2,lags_only,316,6.749987491854447,9.116976913337743,-3.052814959910668,6.674781390642013,9.334839666733938,-0.01126720064837958,0.023338671168888
47186029_10_49,xgboost_direct,2,lags_only,316,9.085468412850362,11.633536795915049,3.730781279471264,6.674781390642013,9.334839666733938,-0.36116344208487666,-0.24624923525712533
47186029_10_49,persistence,3,lags_only,315,8.093775823900048,11.015384762905185,,,,,
47186029_10_49,sarima,3,lags_only,315,8.07400396367476,10.702829632437842,-4.407213969939354,8.093775823900048,11.015384762905185,0.002442847523266312,0.028374417888686655
47186029_10_49,xgboost_direct,3,lags_only,315,9.721321393066654,12.207395228647973,4.766554338473412,8.093775823900048,11.015384762905185,-0.20108606966363463,-0.10821323915592473
47186029_10_49,persistence,4,lags_only,314,8.828197061408082,11.88845401183966,,,,,
47186029_10_49,sarima,4,lags_only,314,8.75109694263929,11.610543813902247,-5.610076144611925,8.828197061408082,11.88845401183966,0.008733393492747264,0.023376479200797936
47186029_10_49,xgboost_direct,4,lags_only,314,9.839566663419067,12.22932994108371,4.440648044758335,8.828197061408082,11.88845401183966,-0.11456128527444466,-0.028672855941115155
47186029_10_49,persistence,5,lags_only,313,9.04787499045382,12.265881570152729,,,,,
47186029_10_49,sarima,5,lags_only,313,9.249609549200274,12.218532014209043,-6.713532485887795,9.04787499045382,12.265881570152729,-0.022296346817269087,0.0038602652139496166
47186029_10_49,xgboost_direct,5,lags_only,313,9.473594258878025,11.815500035394033,3.9704133340090038,9.04787499045382,12.265881570152729,-0.047051851277053455,0.03671823604221284
47186029_10_49,persistence,6,lags_only,312,9.384291357796792,12.481330048708756,,,,,
47186029_10_49,sarima,6,lags_only,312,9.66023677779508,12.720010238746259,-7.682286517364026,9.384291357796792,12.481330048708756,-0.029405035444580688,-0.01912297720724043
47186029_10_49,xgboost_direct,6,lags_only,312,9.021987654804253,11.274071442723898,3.1895551233845842,9.384291357796792,12.481330048708756,0.038607465303336426,0.0967251567960703
47186029_10_49,persistence,7,lags_only,311,9.528884438642582,12.627487903935156,,,,,
47186029_10_49,sarima,7,lags_only,311,10.122473440063043,13.170856916674165,-8.505312289564587,9.528884438642582,12.627487903935156,-0.06229365097694691,-0.043030650028948035
47186029_10_49,xgboost_direct,7,lags_only,311,9.369045823370863,11.743153584744855,3.2475212881668334,9.528884438642582,12.627487903935156,0.016774116246338705,0.07003248198833854
47186030_10_49,persistence,1,lags_only,883,6.193286908200182,9.969032470038226,,,,,
47186030_10_49,sarima,1,lags_only,883,6.271805463092697,9.720824892159147,-1.7665456400015531,6.193286908200182,9.969032470038226,-0.012678010248250072,0.02489786031142568
47186030_10_49,xgboost_direct,1,lags_only,883,8.173095070884923,11.989264496329785,-0.16787371375257173,6.193286908200182,9.969032470038226,-0.31967002207880735,-0.20265076198350598
47186030_10_49,persistence,2,lags_only,876,8.458059862410432,13.260128789684495,,,,,
47186030_10_49,sarima,2,lags_only,876,8.170627128585219,12.306479329579972,-3.1015412278572505,8.458059862410432,13.260128789684495,0.03398329386419104,0.07191856694833915
47186030_10_49,xgboost_direct,2,lags_only,876,8.679911266517449,12.659004188168725,-0.5787534357686723,8.458059862410432,13.260128789684495,-0.02622958547420266,0.0453332400499312
47186030_10_49,persistence,3,lags_only,869,9.98606908827717,15.561961166193797,,,,,
47186030_10_49,sarima,3,lags_only,869,9.422213446940178,14.0910626561921,-4.39062065695336,9.98606908827717,15.561961166193797,0.05646422394562755,0.09451883951471483
47186030_10_49,xgboost_direct,3,lags_only,869,9.092965446515969,13.43805937483463,-0.6723287844076515,9.98606908827717,15.561961166193797,0.08943495522273438,0.13648034259159114
47186030_10_49,persistence,4,lags_only,868,10.677768044015643,16.338145641763816,,,,,
47186030_10_49,sarima,4,lags_only,868,10.084556079404678,14.82144818143673,-5.603078516591018,10.677768044015643,16.338145641763816,0.0555558017523551,0.09283167708152144
47186030_10_49,xgboost_direct,4,lags_only,868,9.780401778012159,14.791074822723097,0.19576086707923165,10.677768044015643,16.338145641763816,0.08404062181388301,0.09469072273943216
47186030_10_49,persistence,5,lags_only,868,11.404146709063784,19.722521080727898,,,,,
47186030_10_49,sarima,5,lags_only,868,10.93961601769175,18.5980589911217,-7.068871568420183,11.404146709063784,19.722521080727898,0.04073348960013251,0.05701411523423237
47186030_10_49,xgboost_direct,5,lags_only,868,10.412088374569677,19.28808130470859,0.22232669530649662,11.404146709063784,19.722521080727898,0.08699101825002298,0.02202759851243485
47186030_10_49,persistence,6,lags_only,866,11.785252519780862,20.13191126393275,,,,,
47186030_10_49,sarima,6,lags_only,866,11.346874004346864,19.244962111870215,-8.139774084148355,11.785252519780862,20.13191126393275,0.03719721021659952,0.044056877682127724
47186030_10_49,xgboost_direct,6,lags_only,866,10.978479027100533,19.34440371703356,0.32855422250458655,11.785252519780862,20.13191126393275,0.06845619059296403,0.0391173762180268
47186030_10_49,persistence,7,lags_only,863,12.019101047035903,20.506416221093186,,,,,
47186030_10_49,sarima,7,lags_only,863,11.518557826834137,19.586245369046136,-8.82410438633436,12.019101047035903,20.506416221093186,0.041645645397515675,0.0448723385952027
47186030_10_49,xgboost_direct,7,lags_only,863,10.45713957737768,18.14051897831072,0.08114087540635306,12.019101047035903,20.506416221093186,0.12995659688237896,0.11537351125980129
47186031_10_49,persistence,1,lags_only,589,7.125607335544279,18.340825313378765,,,,,
47186031_10_49,sarima,1,lags_only,589,7.1800283750026415,17.32206833615372,-2.2835903708630623,7.125607335544279,18.340825313378765,-0.007637389614060952,0.05554586338499776
47186031_10_49,xgboost_direct,1,lags_only,589,9.747928259592316,20.520729190493366,0.6899945207847089,7.125607335544279,18.340825313378765,-0.36801367245810135,-0.11885527722269204
47186031_10_49,persistence,2,lags_only,588,9.793057268921814,22.74812222358713,,,,,
47186031_10_49,sarima,2,lags_only,588,9.32665984651298,20.46138517405411,-3.7851607504597315,9.793057268921814,22.74812222358713,0.047625313484987185,0.10052421149566104
47186031_10_49,xgboost_direct,2,lags_only,588,9.891239397505931,18.782450164585594,0.4227197788906083,9.793057268921814,22.74812222358713,-0.010025687166733651,0.1743296444437775
47186031_10_49,persistence,3,lags_only,588,11.260787417981646,23.794964657531562,,,,,
47186031_10_49,sarima,3,lags_only,588,10.541831181102387,20.854450364842304,-5.1109973483956646,11.260787417981646,23.794964657531562,0.06384600030111602,0.1235771658000143
47186031_10_49,xgboost_direct,3,lags_only,588,9.892319711993572,18.63127891024444,0.7225896330596696,11.260787417981646,23.794964657531562,0.12152504573550992,0.21700749808227668
47186031_10_49,persistence,4,lags_only,587,12.146370401260876,24.685271904703843,,,,,
47186031_10_49,sarima,4,lags_only,587,11.096650655375196,21.21864383337828,-6.236553525958307,12.146370401260876,24.685271904703843,0.08642250410679983,0.140433051931058
47186031_10_49,xgboost_direct,4,lags_only,587,10.209720836143308,18.674938232638965,1.1012294504835305,12.146370401260876,24.685271904703843,0.15944265662411633,0.2434785282198813
47186031_10_49,persistence,5,lags_only,587,12.626026122483792,25.370657524683658,,,,,
47186031_10_49,sarima,5,lags_only,587,11.583622277160364,21.506158420972046,-7.189119866226956,12.626026122483792,25.370657524683658,0.08255993098787964,0.1523215982854113
47186031_10_49,xgboost_direct,5,lags_only,587,10.775126482964168,22.186209674104376,1.551015508079829,12.626026122483792,25.370657524683658,0.14659399731667228,0.12551696176896734
47186031_10_49,persistence,6,lags_only,586,13.239605799545876,25.766222930870168,,,,,
47186031_10_49,sarima,6,lags_only,586,11.808875755873423,21.789162421411028,-8.00316226948235,13.239605799545876,25.766222930870168,0.10806439899604318,0.15435170766508724
47186031_10_49,xgboost_direct,6,lags_only,586,10.594688366737628,19.9860880331093,1.3867200438237843,13.239605799545876,25.766222930870168,0.19977312563935773,0.22432992655806624
47186031_10_49,persistence,7,lags_only,585,13.370580114012608,25.994972423790813,,,,,
47186031_10_49,sarima,7,lags_only,585,11.91929509492219,22.037445055224715,-8.791520779012348,13.370580114012608,25.994972423790813,0.1085431601856561,0.15224202988359917
47186031_10_49,xgboost_direct,7,lags_only,585,10.636089314896253,18.716674293967486,1.7637246235071875,13.370580114012608,25.994972423790813,0.2045154941520121,0.2799886843950705
48002001_10_47,persistence,1,lags_only,830,4.49609939475576,7.448728077566363,,,,,
48002001_10_47,sarima,1,lags_only,830,4.456108014062348,7.231854818549611,-1.2882453319484155,4.49609939475576,7.448728077566363,0.008894683409369782,0.029115475388330755
48002001_10_47,xgboost_direct,1,lags_only,830,5.743666086122612,8.453760784863674,-0.23615184774977943,4.49609939475576,7.448728077566363,-0.2774775603986895,-0.1349267548541889
48002001_10_47,persistence,2,lags_only,822,6.053398455013021,9.79929082461182,,,,,
48002001_10_47,sarima,2,lags_only,822,5.706801250134292,9.083635824120801,-2.0791729221021997,6.053398455013021,9.79929082461182,0.057256631535910145,0.07303130535666778
48002001_10_47,xgboost_direct,2,lags_only,822,6.116046317656766,9.0059784966817,0.001090281277337121,6.053398455013021,9.79929082461182,-0.010349205179425157,0.08095609591845604
48002001_10_47,persistence,3,lags_only,817,6.767721525986121,10.482111705167014,,,,,
48002001_10_47,sarima,3,lags_only,817,6.370782463521257,9.675433321937563,-2.922643884697565,6.767721525986121,10.482111705167014,0.05865180193078738,0.07695762131897625
48002001_10_47,xgboost_direct,3,lags_only,817,6.581705568676218,9.470835033598677,0.21979537386001166,6.767721525986121,10.482111705167014,0.027485758182522045,0.09647642574442727
48002001_10_47,persistence,4,lags_only,816,6.994263705976461,10.810996159172122,,,,,
48002001_10_47,sarima,4,lags_only,816,6.671957619674939,10.043472981356032,-3.6448841297271133,6.994263705976461,10.810996159172122,0.046081489038813095,0.07099467676389079
48002001_10_47,xgboost_direct,4,lags_only,816,6.219015074213365,9.013972195953938,-0.1572178596943997,6.994263705976461,10.810996159172122,0.1108406351766036,0.16622186676974965
48002001_10_47,persistence,5,lags_only,817,7.205347302901982,11.191542120002367,,,,,
48002001_10_47,sarima,5,lags_only,817,7.026932592436152,10.424478873857684,-4.231735382775556,7.205347302901982,11.191542120002367,0.024761431054679765,0.06853954869845241
48002001_10_47,xgboost_direct,5,lags_only,817,6.373938019764697,9.150205043079277,-0.2554832279064393,7.205347302901982,11.191542120002367,0.11538781521363052,0.18239998161421017
48002001_10_47,persistence,6,lags_only,819,7.541585312548045,11.515216077634964,,,,,
48002001_10_47,sarima,6,lags_only,819,7.430152557861805,10.878965193709632,-4.916144069789511,7.541585312548045,11.515216077634964,0.014775773271547086,0.055253056445989594
48002001_10_47,xgboost_direct,6,lags_only,819,6.468189562639311,9.161536741819177,-0.06550528620700777,7.541585312548045,11.515216077634964,0.14233025357715803,0.20439732263358398
48002001_10_47,persistence,7,lags_only,817,7.764008726891223,11.81111491756352,,,,,
48002001_10_47,sarima,7,lags_only,817,7.69763361878791,11.196753855641118,-5.491579913174411,7.764008726891223,11.81111491756352,0.008549076957296259,0.052015501179217785
48002001_10_47,xgboost_direct,7,lags_only,817,6.454794147133725,9.130798577002464,0.013651574187286871,7.764008726891223,11.81111491756352,0.16862610872949377,0.2269316960565117
48002002_10_49,persistence,1,lags_only,663,5.536253187592534,10.11028628176278,,,,,
48002002_10_49,sarima,1,lags_only,663,5.439685520772876,9.631184593013373,-1.3266908516183715,5.536253187592534,10.11028628176278,0.01744278369278311,0.04738754921446931
48002002_10_49,xgboost_direct,1,lags_only,663,7.453097631343763,11.912102505946132,0.26493379838773157,5.536253187592534,10.11028628176278,-0.3462349677300033,-0.17821614284389933
48002002_10_49,persistence,2,lags_only,662,7.3938728450286755,12.828392546399714,,,,,
48002002_10_49,sarima,2,lags_only,662,6.817105659734882,11.439570326247674,-1.8776817118465243,7.3938728450286755,12.828392546399714,0.07800610010240946,0.10826159358070257
48002002_10_49,xgboost_direct,2,lags_only,662,7.594619641317767,11.683822017481942,0.18001952361097756,7.3938728450286755,12.828392546399714,-0.027150425831851406,0.08922166395968255
48002002_10_49,persistence,3,lags_only,661,8.151081280195859,13.597388562244396,,,,,
48002002_10_49,sarima,3,lags_only,661,7.48191730525235,12.091933901465154,-2.5058745566673966,8.151081280195859,13.597388562244396,0.08209511743789533,0.11071645514046778
48002002_10_49,xgboost_direct,3,lags_only,661,7.876714704404781,12.207831743409818,0.32810704194329043,8.151081280195859,13.597388562244396,0.03366014475376265,0.10219291832940136
48002002_10_49,persistence,4,lags_only,661,8.541168113881863,14.11201944009141,,,,,
48002002_10_49,sarima,4,lags_only,661,7.876202758657339,12.564196637923068,-3.1230495372365574,8.541168113881863,14.11201944009141,0.07785414668794113,0.10968116992321238
48002002_10_49,xgboost_direct,4,lags_only,661,7.543790116867309,11.456052608831351,-0.1262909326750635,8.541168113881863,14.11201944009141,0.1167730202375395,0.1882060071228796
48002002_10_49,persistence,5,lags_only,662,8.854812048356246,14.615496838384175,,,,,
48002002_10_49,sarima,5,lags_only,662,8.22501471019976,12.964056426879354,-3.7323744461184933,8.854812048356246,14.615496838384175,0.07112486800591071,0.11299242371068081
48002002_10_49,xgboost_direct,5,lags_only,662,7.5437812963847755,11.454080293001983,0.03909678698875977,8.854812048356246,14.615496838384175,0.14805856350331484,0.21630578695617605
48002002_10_49,persistence,6,lags_only,660,9.258146057592178,15.002005713249329,,,,,
48002002_10_49,sarima,6,lags_only,660,8.504082837004763,13.208729117630154,-4.241875171612042,9.258146057592178,15.002005713249329,0.08144862004731962,0.11953578940683945
48002002_10_49,xgboost_direct,6,lags_only,660,7.77154356422801,11.586798990924434,0.4250021093721662,9.258146057592178,15.002005713249329,0.16057237422227463,0.22765000811249422
48002002_10_49,persistence,7,lags_only,659,9.350927818891465,15.19967763502282,,,,,
48002002_10_49,sarima,7,lags_only,659,8.71597365512095,13.370516414619383,-4.7024181916732015,9.350927818891465,15.19967763502282,0.06790279810391997,0.12034210621603691
48002002_10_49,xgboost_direct,7,lags_only,659,7.539345935456798,11.310675362939598,0.07299370874568588,9.350927818891465,15.19967763502282,0.1937328486029771,0.25586083899057527
48003001_10_49,persistence,1,lags_only,657,6.027914611716844,9.439035045841676,,,,,
48003001_10_49,sarima,1,lags_only,657,5.995995315507335,9.25205077826167,-1.3166862903934664,6.027914611716844,9.439035045841676,0.005295246908021231,0.01980968040397097
48003001_10_49,xgboost_direct,1,lags_only,657,7.435108676873339,11.405088775927414,-0.5101934736629191,6.027914611716844,9.439035045841676,-0.2334462506189523,-0.2082896949251051
48003001_10_49,persistence,2,lags_only,654,8.012889681656608,12.561937714979818,,,,,
48003001_10_49,sarima,2,lags_only,654,7.484818216438903,11.504951586937084,-2.1071859870578327,8.012889681656608,12.561937714979818,0.06590274996878903,0.08414196535796405
48003001_10_49,xgboost_direct,2,lags_only,654,7.746078349513824,11.693970102278413,-0.5352131853938012,8.012889681656608,12.561937714979818,0.033297766816081105,0.06909504189519848
48003001_10_49,persistence,3,lags_only,655,8.776501804627733,13.540498480740794,,,,,
48003001_10_49,sarima,3,lags_only,655,8.14507032280452,12.261270113025098,-2.860982787899174,8.776501804627733,13.540498480740794,0.07194569042192504,0.09447424476544898
48003001_10_49,xgboost_direct,3,lags_only,655,7.706405751526725,11.56628533628154,-0.5881595320326333,8.776501804627733,13.540498480740794,0.1219274007938745,0.14580062523305612
48003001_10_49,persistence,4,lags_only,655,9.103559255680764,13.968683575562602,,,,,
48003001_10_49,sarima,4,lags_only,655,8.49509029214011,12.63664200062146,-3.577297635270968,9.103559255680764,13.968683575562602,0.06683857889549732,0.09535913443350318
48003001_10_49,xgboost_direct,4,lags_only,655,7.878364168592791,11.855748578386304,0.11591948155181175,9.103559255680764,13.968683575562602,0.1345841832493629,0.15126228507837022
48003001_10_49,persistence,5,lags_only,655,9.386455066323443,14.391770177194436,,,,,
48003001_10_49,sarima,5,lags_only,655,8.762704995680847,12.932343841529887,-4.1373776724265925,9.386455066323443,14.391770177194436,0.06645214473784407,0.10140700676121087
48003001_10_49,xgboost_direct,5,lags_only,655,7.808462674691002,11.575928938957512,0.3399808638747479,9.386455066323443,14.391770177194436,0.1681137746340398,0.19565635106506757
48003001_10_49,persistence,6,lags_only,653,9.644240243212247,14.67803171517035,,,,,
48003001_10_49,sarima,6,lags_only,653,8.990319097163283,13.157559452432237,-4.760077752717736,9.644240243212247,14.67803171517035,0.06780431942362723,0.1035882938695822
48003001_10_49,xgboost_direct,6,lags_only,653,7.837883042256494,11.632533286315107,-0.026356340065571998,9.644240243212247,14.67803171517035,0.18729906715327757,0.2074868407395247
48003001_10_49,persistence,7,lags_only,653,9.70547548521019,14.773421222292182,,,,,
48003001_10_49,sarima,7,lags_only,653,8.973767334866814,13.192716171814125,-5.340896473688105,9.70547548521019,14.773421222292182,0.07539127283958409,0.10699654647989532
48003001_10_49,xgboost_direct,7,lags_only,653,7.510349282867692,11.083300455959815,-0.3294375475223795,9.70547548521019,14.773421222292182,0.22617399896456067,0.24978105685934157
48013006_10_47,persistence,1,lags_only,672,6.2188707776149545,9.428124395189265,,,,,
48013006_10_47,sarima,1,lags_only,672,6.0964566659364845,9.105035706563367,-1.144571648329416,6.2188707776149545,9.428124395189265,0.019684298975805058,0.03426860689181775
48013006_10_47,xgboost_direct,1,lags_only,672,7.186861571707889,10.523685670801289,-1.2767865047741478,6.2188707776149545,9.428124395189265,-0.15565378807632602,-0.11620140228220133
48013006_10_47,persistence,2,lags_only,669,8.377020368480691,12.225119035839823,,,,,
48013006_10_47,sarima,2,lags_only,669,7.867819592382166,11.381700479280644,-1.9786910767806154,8.377020368480691,12.225119035839823,0.06078542891150648,0.06899062120267029
48013006_10_47,xgboost_direct,2,lags_only,669,7.771084499401744,11.235378332563696,-1.3011263525869694,8.377020368480691,12.225119035839823,0.07233310203695296,0.0809595964157526
48013006_10_47,persistence,3,lags_only,665,9.11230422659321,13.030262977394008,,,,,
48013006_10_47,sarima,3,lags_only,665,8.49631045990241,12.081178201833108,-2.8289322950336677,9.11230422659321,13.030262977394008,0.06760021959024289,0.07283696247784498
48013006_10_47,xgboost_direct,3,lags_only,665,7.975947584837876,11.142925733979112,-1.3782752149660988,9.11230422659321,13.030262977394008,0.12470574000800022,0.1448426057623861
48013006_10_47,persistence,4,lags_only,663,9.502767363828744,13.597628774573604,,,,,
48013006_10_47,sarima,4,lags_only,663,8.779403867150691,12.537644323230484,-3.4359030023339363,9.502767363828744,13.597628774573604,0.07612135170555236,0.07795362477649037
48013006_10_47,xgboost_direct,4,lags_only,663,7.952194162531367,11.132570022565215,-1.5253856422694188,9.502767363828744,13.597628774573604,0.16317069985312554,0.18128592807430047
48013006_10_47,persistence,5,lags_only,660,9.582005245551896,13.73668711326185,,,,,
48013006_10_47,sarima,5,lags_only,660,9.001865470412678,12.84976479743618,-4.25751363219366,9.582005245551896,13.73668711326185,0.06054471483497954,0.06456595455023546
48013006_10_47,xgboost_direct,5,lags_only,660,8.126512092042248,11.52833339075852,-1.4196488273620165,9.582005245551896,13.73668711326185,0.1518985970275177,0.16076319597985977
48013006_10_47,persistence,6,lags_only,656,9.560982726431307,13.75942609567596,,,,,
48013006_10_47,sarima,6,lags_only,656,9.287988602930621,13.169313866579573,-4.939659850629045,9.560982726431307,13.75942609567596,0.028552935541447475,0.0428878519345975
48013006_10_47,xgboost_direct,6,lags_only,656,8.040983965178429,11.550578526686502,-1.8620466515156908,9.560982726431307,13.75942609567596,0.15897934393823837,0.1605334084161847
48013006_10_47,persistence,7,lags_only,656,9.89791930743602,14.225821592615954,,,,,
48013006_10_47,sarima,7,lags_only,656,9.71897159940123,13.80484235012378,-5.752210846079821,9.89791930743602,14.225821592615954,0.01807932581349201,0.029592613667437526
48013006_10_47,xgboost_direct,7,lags_only,656,8.113018080450242,11.640560812524482,-1.6312162998493867,9.89791930743602,14.225821592615954,0.18033095356160692,0.1817301561994406
48015002_10_49,persistence,1,lags_only,934,5.902793007570201,9.55762326714252,,,,,
48015002_10_49,sarima,1,lags_only,934,5.933533205964573,9.355485880996056,-1.3778946290731677,5.902793007570201,9.55762326714252,-0.005207737820883807,0.021149336032251526
48015002_10_49,xgboost_direct,1,lags_only,934,7.937695555406727,11.653947485126698,0.15217435905306365,5.902793007570201,9.55762326714252,-0.34473554217923763,-0.21933530537774854
48015002_10_49,persistence,2,lags_only,929,8.281067544657796,12.904409854855716,,,,,
48015002_10_49,sarima,2,lags_only,929,7.961118818101086,12.099343954352435,-2.443440119703905,8.281067544657796,12.904409854855716,0.03863616916916857,0.062386882434639086
48015002_10_49,xgboost_direct,2,lags_only,929,8.464080425512588,12.322203842537904,-0.1444019809791155,8.281067544657796,12.904409854855716,-0.022100155549734046,0.04511682586544145
48015002_10_49,persistence,3,lags_only,925,9.329653335346702,14.3231747934014,,,,,
48015002_10_49,sarima,3,lags_only,925,8.948150539905921,13.303446597578338,-3.5542954089504444,9.329653335346702,14.3231747934014,0.040891422406382896,0.071194285522009
48015002_10_49,xgboost_direct,3,lags_only,925,8.640871606285456,12.459233522363855,-0.06340225176275711,9.329653335346702,14.3231747934014,0.07382715137460674,0.13013464528103444
48015002_10_49,persistence,4,lags_only,923,9.81935809281911,14.891504708847538,,,,,
48015002_10_49,sarima,4,lags_only,923,9.344605844179897,13.650483329459803,-4.371329770610029,9.81935809281911,14.891504708847538,0.048348603254055766,0.0833375406751477
48015002_10_49,xgboost_direct,4,lags_only,923,8.709549895307198,12.321644694402838,0.024234413519709695,9.81935809281911,14.891504708847538,0.11302247937403503,0.17257221917392004
48015002_10_49,persistence,5,lags_only,923,10.073052308220067,14.862597421047825,,,,,
48015002_10_49,sarima,5,lags_only,923,9.552536376763443,13.647041387475129,-5.089058969470729,10.073052308220067,14.862597421047825,0.05167410190373566,0.08178624497029527
48015002_10_49,xgboost_direct,5,lags_only,923,8.304192916175523,11.540277450062282,0.19961262177654535,10.073052308220067,14.862597421047825,0.1756031178951661,0.22353562280309122
48015002_10_49,persistence,6,lags_only,923,10.177873436444196,15.112210390492406,,,,,
48015002_10_49,sarima,6,lags_only,923,9.985281644192398,14.200601314598932,-5.943774597469735,10.177873436444196,15.112210390492406,0.018922596498614313,0.06032268293902239
48015002_10_49,xgboost_direct,6,lags_only,923,8.390418817548412,11.762185583173995,-0.10973209245591233,10.177873436444196,15.112210390492406,0.17562161978703683,0.22167669194349113
48015002_10_49,persistence,7,lags_only,922,10.420557813439485,15.605420989772067,,,,,
48015002_10_49,sarima,7,lags_only,922,10.477739986934509,14.907219351329273,-6.797486244091557,10.420557813439485,15.605420989772067,-0.005487438822255311,0.04474096782780819
48015002_10_49,xgboost_direct,7,lags_only,922,8.545021714064598,12.162035245700432,-0.11687688416597325,10.420557813439485,15.605420989772067,0.17998423241373815,0.2206531785543281
48020003_10_47,persistence,1,lags_only,944,5.128119347491124,7.863946294801405,,,,,
48020003_10_47,sarima,1,lags_only,944,5.169256152690718,7.728079020586704,-1.2595205996555328,5.128119347491124,7.863946294801405,-0.008021811196675771,0.01727723831284533
48020003_10_47,xgboost_direct,1,lags_only,944,7.333160769765506,10.327872444427028,0.3470736629159639,5.128119347491124,7.863946294801405,-0.429990269893616,-0.31331930016541987
48020003_10_47,persistence,2,lags_only,941,6.963089052517505,10.757218465083154,,,,,
48020003_10_47,sarima,2,lags_only,941,6.786075621000276,10.148124027755587,-2.1098414190628527,6.963089052517505,10.757218465083154,0.025421681409234526,0.05662192687678752
48020003_10_47,xgboost_direct,2,lags_only,941,7.751383757480768,10.669904021489874,0.24235839397405887,6.963089052517505,10.757218465083154,-0.11321048733079961,0.008116823496398657
48020003_10_47,persistence,3,lags_only,939,7.819793468789857,11.777775597489274,,,,,
48020003_10_47,sarima,3,lags_only,939,7.551554836548353,11.016307686895024,-2.9721260132315495,7.819793468789857,11.777775597489274,0.03430252132771681,0.06465294777365059
48020003_10_47,xgboost_direct,3,lags_only,939,8.177323307413058,11.261291969430909,0.3800504869081331,7.819793468789857,11.777775597489274,-0.04572113573717309,0.043852391632293174
48020003_10_47,persistence,4,lags_only,939,8.261846833384547,12.150538517455857,,,,,
48020003_10_47,sarima,4,lags_only,939,7.869518256676555,11.235042827859484,-3.5956233294603357,8.261846833384547,12.150538517455857,0.0474867889250461,0.07534609995113732
48020003_10_47,xgboost_direct,4,lags_only,939,8.324219299506957,11.705623907563968,0.9369187584023665,8.261846833384547,12.150538517455857,-0.007549458054629461,0.03661686346269427
48020003_10_47,persistence,5,lags_only,940,8.483681936318385,12.438561695244198,,,,,
48020003_10_47,sarima,5,lags_only,940,8.175063063848791,11.569454552163364,-4.314659525792491,8.483681936318385,12.438561695244198,0.036377940001310796,0.0698719968091754
48020003_10_47,xgboost_direct,5,lags_only,940,8.04392407682714,11.061259778196028,0.24941066099820763,8.483681936318385,12.438561695244198,0.051835731559979226,0.11072839053206386
48020003_10_47,persistence,6,lags_only,938,8.863713742531996,13.076241644778909,,,,,
48020003_10_47,sarima,6,lags_only,938,8.699550137957498,12.365042944513757,-5.161296259390487,8.863713742531996,13.076241644778909,0.01852086036880549,0.05438861712601648
48020003_10_47,xgboost_direct,6,lags_only,938,8.231056969241342,11.345340052419731,0.4107770067190671,8.863713742531996,13.076241644778909,0.07137603849443921,0.13236996067981763
48020003_10_47,persistence,7,lags_only,937,9.060215815459191,13.379181544063277,,,,,
48020003_10_47,sarima,7,lags_only,937,9.089528678563864,12.830992595843693,-5.952801497133222,9.060215815459191,13.379181544063277,-0.003235338285723543,0.040973279749151124
48020003_10_47,xgboost_direct,7,lags_only,937,8.347409282511608,11.78156406720099,0.5669804410637861,9.060215815459191,13.379181544063277,0.07867434368741434,0.11941070323327783
48020006_10_47,persistence,1,lags_only,295,5.909990286058819,12.453519159363056,,,,,
48020006_10_47,sarima,1,lags_only,295,6.014768834645205,11.815874108484975,-1.4354287198713094,5.909990286058819,12.453519159363056,-0.017729055973839697,0.05120199701934647
48020006_10_47,xgboost_direct,1,lags_only,295,7.101022335438467,12.229455878296905,-2.2681737692694033,5.909990286058819,12.453519159363056,-0.20152859678791596,0.017991965017991815
48020006_10_47,persistence,2,lags_only,293,8.570725806814247,16.04349299293486,,,,,
48020006_10_47,sarima,2,lags_only,293,8.236099825766113,14.509365793541903,-2.638050610253589,8.570725806814247,16.04349299293486,0.039042898885189664,0.0956230167625308
48020006_10_47,xgboost_direct,2,lags_only,293,7.461273716468951,12.704947613257016,-1.968163138164676,8.570725806814247,16.04349299293486,0.12944669043819068,0.20809342336784467
48020006_10_47,persistence,3,lags_only,292,9.46494125291028,16.858527062484768,,,,,
48020006_10_47,sarima,3,lags_only,292,8.959921055558848,15.272887249939446,-3.512985967760053,9.46494125291028,16.858527062484768,0.05335692888702815,0.09405565543586794
48020006_10_47,xgboost_direct,3,lags_only,292,8.148611450143354,13.699441505729709,-2.3064593934759157,9.46494125291028,16.858527062484768,0.1390742707845314,0.18738799333098105
48020006_10_47,persistence,4,lags_only,290,10.21583469628822,17.655675653135436,,,,,
48020006_10_47,sarima,4,lags_only,290,9.596600056611264,15.939265530642505,-4.394019279559237,10.21583469628822,17.655675653135436,0.06061517811187232,0.09721577107631774
48020006_10_47,xgboost_direct,4,lags_only,290,8.66328488417245,14.094117005907325,-2.81263205012146,10.21583469628822,17.655675653135436,0.15197483693426114,0.20172315787844805
48020006_10_47,persistence,5,lags_only,289,10.120851967850614,17.94207853100822,,,,,
48020006_10_47,sarima,5,lags_only,289,9.516624099036267,15.94874820161927,-4.737250635150269,10.120851967850614,17.94207853100822,0.0597012851026481,0.11109807182841144
48020006_10_47,xgboost_direct,5,lags_only,289,8.511791025414405,13.895789066455922,-3.020519578109225,10.120851967850614,17.94207853100822,0.15898473246594952,0.22551954934091603
48020006_10_47,persistence,6,lags_only,287,9.817651021654203,16.020304500822675,,,,,
48020006_10_47,sarima,6,lags_only,287,9.111914516665276,13.448172940888188,-4.564603949890283,9.817651021654203,16.020304500822675,0.07188445621384651,0.16055447384301608
48020006_10_47,xgboost_direct,6,lags_only,287,8.001886701121764,11.474824209509316,-2.4557586400727005,9.817651021654203,16.020304500822675,0.1849489573959715,0.28373245284319903
48020006_10_47,persistence,7,lags_only,286,9.976771170200024,15.528546661941748,,,,,
48020006_10_47,sarima,7,lags_only,286,9.018980495643635,13.013538409024605,-5.0176874962654505,9.976771170200024,15.528546661941748,0.09600206902782817,0.16196031139740008
48020006_10_47,xgboost_direct,7,lags_only,286,7.687817159511536,10.975311706969798,-1.7883860798511293,9.976771170200024,15.528546661941748,0.22942833624624434,0.29321707009009923
48020062_10_49,persistence,1,lags_only,1022,4.73329236029129,7.141522528832054,,,,,
48020062_10_49,sarima,1,lags_only,1022,4.894877850992764,7.074996302557136,-1.602402938947305,4.73329236029129,7.141522528832054,-0.03413807523428166,0.009315412225661276
48020062_10_49,xgboost_direct,1,lags_only,1022,6.582113673057877,9.580876147814763,-0.31261696721611265,4.73329236029129,7.141522528832054,-0.39059943312963014,-0.3415733282552073
48020062_10_49,persistence,2,lags_only,1020,6.7148337595907925,10.771062149195087,,,,,
48020062_10_49,sarima,2,lags_only,1020,6.714907213705637,10.50794755153927,-3.043144050700199,6.7148337595907925,10.771062149195087,-1.093908166228452e-05,0.024427915651334217
48020062_10_49,xgboost_direct,2,lags_only,1020,7.091805707426194,10.90033764242849,-0.6928086479543151,6.7148337595907925,10.771062149195087,-0.05614017581551779,-0.01200211190342663
48020062_10_49,persistence,3,lags_only,1018,7.724959432796174,12.1031107794155,,,,,
48020062_10_49,sarima,3,lags_only,1018,7.662345864511905,11.772482873502069,-4.275340403829389,7.724959432796174,12.1031107794155,0.00810535884738041,0.027317597263981936
48020062_10_49,xgboost_direct,3,lags_only,1018,7.4017745749650325,11.348720914295596,-0.4483704177402413,7.724959432796174,12.1031107794155,0.04183644725162778,0.06233024541119968
48020062_10_49,persistence,4,lags_only,1018,8.117358761351221,12.730249589766684,,,,,
48020062_10_49,sarima,4,lags_only,1018,8.228491806626364,12.433856039805875,-5.290915937547147,8.117358761351221,12.730249589766684,-0.013690788905903077,0.023282618920454464
48020062_10_49,xgboost_direct,4,lags_only,1018,7.4745646504569105,11.437994381584044,-0.2534390445292287,8.117358761351221,12.730249589766684,0.07918759411679754,0.10151059482929777
48020062_10_49,persistence,5,lags_only,1019,8.3005810431543,12.724147509455994,,,,,
48020062_10_49,sarima,5,lags_only,1019,8.550079244378793,12.613828868245692,-6.119909178840695,8.3005810431543,12.724147509455994,-0.03005792003323185,0.008670022186422974
48020062_10_49,xgboost_direct,5,lags_only,1019,7.35872281597861,11.091583060933088,-0.30892240357931877,8.3005810431543,12.724147509455994,0.11346895142388434,0.1283044264701946
48020062_10_49,persistence,6,lags_only,1017,8.630912842646607,13.094421952745225,,,,,
48020062_10_49,sarima,6,lags_only,1017,9.080279312687875,13.279060149335283,-7.017279063761319,8.630912842646607,13.094421952745225,-0.05206476745088676,-0.014100522898710204
48020062_10_49,xgboost_direct,6,lags_only,1017,7.2986803977277335,10.925552239433944,-0.4480763430521349,8.630912842646607,13.094421952745225,0.15435591451417718,0.16563310095995348
48020062_10_49,persistence,7,lags_only,1016,8.865921434156334,13.42345727826298,,,,,
48020062_10_49,sarima,7,lags_only,1016,9.559465112996646,13.695033914438069,-7.773186445096511,8.865921434156334,13.42345727826298,-0.07822578668116839,-0.020231497038759275
48020062_10_49,xgboost_direct,7,lags_only,1016,7.308834980383769,11.001768234096131,-0.11931211811498803,8.865921434156334,13.42345727826298,0.17562601533708888,0.18040725231705879
48027001_10_47,persistence,1,lags_only,200,7.5372056809513905,12.23764980273596,,,,,
48027001_10_47,sarima,1,lags_only,200,7.0601572724097,11.219556851534024,-2.012970546771275,7.5372056809513905,12.23764980273596,0.0632924758504765,0.08319350264250265
48027001_10_47,xgboost_direct,1,lags_only,200,8.676827633147777,13.810062578768708,-3.338436809813676,7.5372056809513905,12.23764980273596,-0.1511995294325757,-0.1284897673474203
48027001_10_47,persistence,2,lags_only,199,9.375186686849405,14.549134283545882,,,,,
48027001_10_47,sarima,2,lags_only,199,8.628276144370659,13.031912566771,-3.4933210812993685,9.375186686849405,14.549134283545882,0.07966887139713592,0.10428261140532331
48027001_10_47,xgboost_direct,2,lags_only,199,8.413445212551013,13.651276032039968,-4.125793425968815,9.375186686849405,14.549134283545882,0.10258371448191313,0.061712142730123334
48027001_10_47,persistence,3,lags_only,198,10.118174980160106,16.195594935734334,,,,,
48027001_10_47,sarima,3,lags_only,198,9.336410729688504,14.190207329098953,-4.843932215912304,10.118174980160106,16.195594935734334,0.07726336538007086,0.12382302808837528
48027001_10_47,xgboost_direct,3,lags_only,198,8.79225741886391,14.317759635163856,-4.311001136439637,10.118174980160106,16.195594935734334,0.13104315391817972,0.11594728739647463
48027001_10_47,persistence,4,lags_only,197,10.62246993685534,16.754122662846026,,,,,
48027001_10_47,sarima,4,lags_only,197,9.565415888686024,14.81366441087254,-5.742982863983108,10.62246993685534,16.754122662846026,0.09951113577660499,0.11581974723610261
48027001_10_47,xgboost_direct,4,lags_only,197,9.178109010806196,14.739832503716192,-4.06090877058016,10.62246993685534,16.754122662846026,0.1359722300590225,0.12022653765074356
48027001_10_47,persistence,5,lags_only,197,10.593027978093142,14.467157624575616,,,,,
48027001_10_47,sarima,5,lags_only,197,9.605166897743736,13.322337073635772,-6.546205796611072,10.593027978093142,14.467157624575616,0.09325577940437305,0.07913237559499021
48027001_10_47,xgboost_direct,5,lags_only,197,8.762545415750662,13.244315594201662,-4.28749380246014,10.593027978093142,14.467157624575616,0.1728006917500832,0.08452538239416778
48027001_10_47,persistence,6,lags_only,195,10.99912551851911,15.959813810724155,,,,,
48027001_10_47,sarima,6,lags_only,195,10.874476535316614,15.856047930584268,-8.324500201101564,10.99912551851911,15.959813810724155,0.011332626670422645,0.006501697411417299
48027001_10_47,xgboost_direct,6,lags_only,195,9.354475246376056,14.627151782488205,-4.124914711282402,10.99912551851911,15.959813810724155,0.149525548133256,0.08350110120585937
48027001_10_47,persistence,7,lags_only,194,11.185573444225454,16.38177244927417,,,,,
48027001_10_47,sarima,7,lags_only,194,11.593822837490551,16.6744691972133,-9.366230342134493,11.185573444225454,16.38177244927417,-0.036497851031129305,-0.017867220952156326
48027001_10_47,xgboost_direct,7,lags_only,194,9.432715330150033,14.794018985513269,-4.837474628746927,11.185573444225454,16.38177244927417,0.15670704079819286,0.09692195815058155
48044006_10_49,persistence,1,lags_only,63,12.440125896647636,19.40154053068608,,,,,
48044006_10_49,sarima,1,lags_only,63,11.344354972445407,17.27235927424567,-0.585964183592922,12.440125896647636,19.40154053068608,0.08808358800432378,0.10974289660518616
48044006_10_49,xgboost_direct,1,lags_only,63,11.759237643738354,18.139985557424378,-1.486403037466782,12.440125896647636,19.40154053068608,0.054733228471005105,0.06502344343565852
48044006_10_49,persistence,2,lags_only,62,14.209626949721619,21.6315902054993,,,,,
48044006_10_49,sarima,2,lags_only,62,13.186051418255504,18.794424110130656,-0.061327928854766504,14.209626949721619,21.6315902054993,0.0720339481879338,0.13115846169494116
48044006_10_49,xgboost_direct,2,lags_only,62,12.83585658842112,18.38690948743645,0.909412614578467,14.209626949721619,21.6315902054993,0.09667884780940099,0.1499973273919533
48044006_10_49,persistence,3,lags_only,61,16.723247262359877,24.366993422889077,,,,,
48044006_10_49,sarima,3,lags_only,61,14.768292553498942,20.86135493661778,-1.1808360769122737,16.723247262359877,24.366993422889077,0.11690042479136702,0.14386832324493037
48044006_10_49,xgboost_direct,3,lags_only,61,14.272017988417817,20.154136435571782,0.8798293876025884,16.723247262359877,24.366993422889077,0.14657615446846883,0.17289194912984043
48044006_10_49,persistence,4,lags_only,60,16.853735726833552,24.535125701241864,,,,,
48044006_10_49,sarima,4,lags_only,60,14.312374463922403,20.47003173084496,-1.578448651614921,16.853735726833552,24.535125701241864,0.15078919618188502,0.16568466042915556
48044006_10_49,xgboost_direct,4,lags_only,60,14.624568405787988,21.040622895693588,1.991893096215169,16.853735726833552,24.535125701241864,0.13226547260358493,0.14242856743837262
48044006_10_49,persistence,5,lags_only,59,14.98801947254416,21.66766888689129,,,,,
48044006_10_49,sarima,5,lags_only,59,13.269691131308818,19.748960521920896,-2.28204408330274,14.98801947254416,21.66766888689129,0.1146467913511232,0.08855167461651542
48044006_10_49,xgboost_direct,5,lags_only,59,13.733378751507765,18.981400388488318,4.5654767146689474,14.98801947254416,21.66766888689129,0.08370957372551537,0.12397588833509149
48044006_10_49,persistence,6,lags_only,58,15.427070555631277,22.834156392443173,,,,,
48044006_10_49,sarima,6,lags_only,58,13.449371466337382,20.735193818938093,-2.796682975024605,15.427070555631277,22.834156392443173,0.12819667105055038,0.09192205472498731
48044006_10_49,xgboost_direct,6,lags_only,58,14.448707652294535,19.557690865050255,2.5890553075036427,15.427070555631277,22.834156392443173,0.06341857968489122,0.14348966833201007
48044006_10_49,persistence,7,lags_only,57,16.558034579201628,24.309053421458575,,,,,
48044006_10_49,sarima,7,lags_only,57,13.28114117999839,20.94147350350621,-2.6734955458587364,16.558034579201628,24.309053421458575,0.19790352433007416,0.13853192304804712
48044006_10_49,xgboost_direct,7,lags_only,57,12.854426520334169,17.828516712063948,1.8666485640134303,16.558034579201628,24.309053421458575,0.22367437639727616,0.2665894305729732
48068001_10_47,persistence,1,lags_only,877,3.504459830023889,6.535442197787519,,,,,
48068001_10_47,sarima,1,lags_only,877,3.4197367700588233,6.212354881881818,-0.8841665518392355,3.504459830023889,6.535442197787519,0.024175782880777992,0.04943618291277635
48068001_10_47,xgboost_direct,1,lags_only,877,4.563131120729288,7.4420949737947355,0.26072678831102153,3.504459830023889,6.535442197787519,-0.3020925740496168,-0.13872860451801583
48068001_10_47,persistence,2,lags_only,872,4.511502989851246,8.127915267025129,,,,,
48068001_10_47,sarima,2,lags_only,872,4.235206670589912,7.3624398146588925,-1.3970392047240328,4.511502989851246,8.127915267025129,0.06124263241825851,0.0941785718992129
48068001_10_47,xgboost_direct,2,lags_only,872,4.733825449218767,7.418909054343339,0.2140862868408038,4.511502989851246,8.127915267025129,-0.0492790229481485,0.08723100443212309
48068001_10_47,persistence,3,lags_only,867,4.993994717773551,8.890898032386021,,,,,
48068001_10_47,sarima,3,lags_only,867,4.60069932460335,7.89441008219431,-1.8624968599433112,4.993994717773551,8.890898032386021,0.07875366623245882,0.11207956120539232
48068001_10_47,xgboost_direct,3,lags_only,867,4.642434318591551,7.301972932348465,0.16119900664960013,4.993994717773551,8.890898032386021,0.07039663016278361,0.17871367934372104
48068001_10_47,persistence,4,lags_only,864,5.329210916123539,9.269516689948311,,,,,
48068001_10_47,sarima,4,lags_only,864,4.910170258251275,8.163449199254648,-2.3281240973231028,5.329210916123539,9.269516689948311,0.07863090135998461,0.11932310256186945
48068001_10_47,xgboost_direct,4,lags_only,864,4.651397054978965,7.216265294517152,0.09894042260214794,5.329210916123539,9.269516689948311,0.12718840965626763,0.22150576606196376
48068001_10_47,persistence,5,lags_only,864,5.477118866529184,9.15878203178264,,,,,
48068001_10_47,sarima,5,lags_only,864,5.086606650607482,8.10116753470857,-2.767012504722816,5.477118866529184,9.15878203178264,0.07129883894032907,0.1154754522385133
48068001_10_47,xgboost_direct,5,lags_only,864,4.582912895303615,7.103011058057669,0.2798083180539352,5.477118866529184,9.15878203178264,0.16326210787391993,0.22445899100896502
48068001_10_47,persistence,6,lags_only,864,5.545855136980113,9.38868090175707,,,,,
48068001_10_47,sarima,6,lags_only,864,5.255095915569264,8.48672452466475,-3.272732625912653,5.545855136980113,9.38868090175707,0.05242820344730036,0.09606848784513713
48068001_10_47,xgboost_direct,6,lags_only,864,4.65402808630394,7.344284666808573,0.34205679973808206,5.545855136980113,9.38868090175707,0.16080965489513305,0.21775116827816493
48068001_10_47,persistence,7,lags_only,865,5.646919894895914,9.585505733727777,,,,,
48068001_10_47,sarima,7,lags_only,865,5.479259301156207,8.625251452203521,-3.656162229419797,5.646919894895914,9.585505733727777,0.029690627255267138,0.10017773795131987
48068001_10_47,xgboost_direct,7,lags_only,865,4.542840176751151,7.119913279343999,0.11769733347840007,5.646919894895914,9.585505733727777,0.1955189269007887,0.25722090444412216
48071002_10_47,persistence,1,lags_only,254,3.5578011370120235,6.060722103836445,,,,,
48071002_10_47,sarima,1,lags_only,254,3.5808316629377286,5.755888554600966,-1.0586896551615237,3.5578011370120235,6.060722103836445,-0.006473247109321856,0.050296572588688665
48071002_10_47,xgboost_direct,1,lags_only,254,4.741949089776141,6.77298156789647,0.3693868159693539,3.5578011370120235,6.060722103836445,-0.3328314054558457,-0.11752056138808334
48071002_10_47,persistence,2,lags_only,252,4.51149144879735,7.251051825781108,,,,,
48071002_10_47,sarima,2,lags_only,252,4.166247982714987,6.736090668362955,-1.7001902671858196,4.51149144879735,7.251051825781108,0.07652535087357777,0.07101882179178597
48071002_10_47,xgboost_direct,2,lags_only,252,4.668513356670863,6.923688927097526,-0.003279221813053502,4.51149144879735,7.251051825781108,-0.03480487764536751,0.04514695337297731
48071002_10_47,persistence,3,lags_only,250,4.945469370065481,8.169771495830556,,,,,
48071002_10_47,sarima,3,lags_only,250,4.677230793762161,7.411400850506128,-2.321156002078645,4.945469370065481,8.169771495830556,0.05423925541364101,0.09282642063018072
48071002_10_47,xgboost_direct,3,lags_only,250,4.550145772076232,6.860694467866132,-0.4362942874669941,4.945469370065481,8.169771495830556,0.0799365173267698,0.16023422792577632
48071002_10_47,persistence,4,lags_only,249,5.1142440575699935,8.649671593771673,,,,,
48071002_10_47,sarima,4,lags_only,249,4.853668236968912,7.684102489889984,-2.75664758728371,5.1142440575699935,8.649671593771673,0.05095099445154223,0.11163072417419431
48071002_10_47,xgboost_direct,4,lags_only,249,4.575178199473344,6.878481192882172,-0.27796188214332984,5.1142440575699935,8.649671593771673,0.10540479727375075,0.20476967034966662
48071002_10_47,persistence,5,lags_only,248,5.072784186375987,7.8336440802614,,,,,
48071002_10_47,sarima,5,lags_only,248,4.956266209754126,6.974274304881682,-3.1209970244330743,5.072784186375987,7.8336440802614,0.02296923589511138,0.10970242796007164
48071002_10_47,xgboost_direct,5,lags_only,248,4.778459644437038,6.713809269866057,0.09925729666827435,5.072784186375987,7.8336440802614,0.0580203160878436,0.14295196449083186
48071002_10_47,persistence,6,lags_only,247,5.173110787602537,8.200519843028749,,,,,
48071002_10_47,sarima,6,lags_only,247,5.334046115477467,7.881396521003388,-3.8278828889757857,5.173110787602537,8.200519843028749,-0.03110997124991308,0.03891501125951761
48071002_10_47,xgboost_direct,6,lags_only,247,4.703585613194858,7.184887865556141,-0.41165690638715535,5.173110787602537,8.200519843028749,0.09076263658085687,0.12384970671536087
48071002_10_47,persistence,7,lags_only,246,5.513729508988899,8.611744696028573,,,,,
48071002_10_47,sarima,7,lags_only,246,5.638854073623735,8.299477103977262,-4.320098399227392,5.513729508988899,8.611744696028573,-0.022693272209100702,0.036260665297627545
48071002_10_47,xgboost_direct,7,lags_only,246,4.32813766575795,6.6294667557268205,-0.4903167570182901,5.513729508988899,8.611744696028573,0.21502539094420706,0.23018308255421321
48071004_10_49,persistence,1,lags_only,627,6.030014608941996,10.84188927887057,,,,,
48071004_10_49,sarima,1,lags_only,627,6.153809610174874,10.665403094665898,-1.0292920581503897,6.030014608941996,10.84188927887057,-0.02052980121296899,0.016278176216816775
48071004_10_49,xgboost_direct,1,lags_only,627,7.417691971310665,12.49996916829728,-2.1921690519736554,6.030014608941996,10.84188927887057,-0.23012835828139827,-0.15293274509435295
48071004_10_49,persistence,2,lags_only,626,8.323977759689225,14.378515780346442,,,,,
48071004_10_49,sarima,2,lags_only,626,7.905825077163675,13.180165619789323,-1.7171721162222033,8.323977759689225,14.378515780346442,0.05023471885647634,0.08334310570463105
48071004_10_49,xgboost_direct,2,lags_only,626,8.071042999847329,13.099970057501698,-1.7571818805838988,8.323977759689225,14.378515780346442,0.030386284916184007,0.0889205633165802
48071004_10_49,persistence,3,lags_only,626,9.142660613811486,15.453291507182135,,,,,
48071004_10_49,sarima,3,lags_only,626,8.552713258241134,13.90144222864413,-2.27332328500798,9.142660613811486,15.453291507182135,0.0645268790442839,0.1004219248576758
48071004_10_49,xgboost_direct,3,lags_only,626,8.089688124156115,12.947006217039831,-1.878355968140106,9.142660613811486,15.453291507182135,0.115171341706011,0.16218456042050794
48071004_10_49,persistence,4,lags_only,626,9.604959458053637,15.947418888007855,,,,,
48071004_10_49,sarima,4,lags_only,626,8.986194232601306,14.275967629864198,-2.769173324758647,9.604959458053637,15.947418888007855,0.06442143021577292,0.10481014325149228
48071004_10_49,xgboost_direct,4,lags_only,626,7.982119633338323,12.805738956438809,-2.136059681481919,9.604959458053637,15.947418888007855,0.16895852937250902,0.1970024085798315
48071004_10_49,persistence,5,lags_only,626,10.065532535878837,16.593386912746706,,,,,
48071004_10_49,sarima,5,lags_only,626,9.303013165494844,14.759330866912151,-3.3822439794510952,10.065532535878837,16.593386912746706,0.07575549208807125,0.11052933650487408
48071004_10_49,xgboost_direct,5,lags_only,626,8.893297666543862,14.268173302860623,-1.1637650116723488,10.065532535878837,16.593386912746706,0.11646029309989464,0.14012893341864405
48071004_10_49,persistence,6,lags_only,625,10.411807407451436,16.950673753032085,,,,,
48071004_10_49,sarima,6,lags_only,625,9.644754149183578,15.055467405673353,-4.050308743709019,10.411807407451436,16.950673753032085,0.07367147972012038,0.11180713964362173
48071004_10_49,xgboost_direct,6,lags_only,625,9.026980688969447,15.317343175278372,-1.3251079968373756,10.411807407451436,16.950673753032085,0.13300541051987838,0.09635785583222302
48071004_10_49,persistence,7,lags_only,623,10.462885214578137,16.854812430191078,,,,,
48071004_10_49,sarima,7,lags_only,623,9.653895102228915,14.944398939161147,-4.666823852167405,10.462885214578137,16.854812430191078,0.07731998351869901,0.11334528336891576
48071004_10_49,xgboost_direct,7,lags_only,623,8.491967611283945,13.771403677618844,-2.0066399227833456,10.462885214578137,16.854812430191078,0.18837228573893505,0.18293936911745737
48082004_10_49,persistence,1,lags_only,622,4.841042038487167,8.300184333430645,,,,,
48082004_10_49,sarima,1,lags_only,622,4.712308394138974,7.968577016639011,-1.1475108607260431,4.841042038487167,8.300184333430645,0.026592135190055582,0.03995180148662715
48082004_10_49,xgboost_direct,1,lags_only,622,6.3325111424452345,9.315257469840734,0.8282549297802105,4.841042038487167,8.300184333430645,-0.3080884429634397,-0.12229525220562638
48082004_10_49,persistence,2,lags_only,619,6.328101713205667,10.74145855724121,,,,,
48082004_10_49,sarima,2,lags_only,619,5.886408104804621,9.64053519315268,-1.740081722296223,6.328101713205667,10.74145855724121,0.06979875299401506,0.10249291176069913
48082004_10_49,xgboost_direct,2,lags_only,619,6.751782893981818,9.722020794385529,0.8771314833747889,6.328101713205667,10.74145855724121,-0.0669523342034785,0.09490682828808575
48082004_10_49,persistence,3,lags_only,618,6.942588209478248,11.269963314698938,,,,,
48082004_10_49,sarima,3,lags_only,618,6.427055257638539,10.108834769388373,-2.361238232465489,6.942588209478248,11.269963314698938,0.07425659369165613,0.1030286002613827
48082004_10_49,xgboost_direct,3,lags_only,618,6.884841197241056,9.925937521172838,0.926581536242499,6.942588209478248,11.269963314698938,0.008317793090241705,0.11925733527216935
48082004_10_49,persistence,4,lags_only,620,7.310668316606256,11.556243416635487,,,,,
48082004_10_49,sarima,4,lags_only,620,6.703862685593668,10.480344010602629,-2.9095602881611944,7.310668316606256,11.556243416635487,0.0830027577142602,0.0931011373889958
48082004_10_49,xgboost_direct,4,lags_only,620,6.8804676516782175,9.955009491610957,1.0413498416489249,7.310668316606256,11.556243416635487,0.05884560019647356,0.13856007244703034
48082004_10_49,persistence,5,lags_only,622,7.601560019620623,12.054423608517096,,,,,
48082004_10_49,sarima,5,lags_only,622,6.987806830552952,10.830393942351094,-3.282896642681411,7.601560019620623,12.054423608517096,0.08074042531842072,0.10154194890754956
48082004_10_49,xgboost_direct,5,lags_only,622,7.220771927145932,10.265529210414881,1.1651419137374615,7.601560019620623,12.054423608517096,0.05009341391659446,0.148401487802226
48082004_10_49,persistence,6,lags_only,620,7.799057295556244,12.341474450921252,,,,,
48082004_10_49,sarima,6,lags_only,620,7.200505422096163,11.044461733238558,-3.6876962041518326,7.799057295556244,12.341474450921252,0.07674669524496562,0.10509382188008146
48082004_10_49,xgboost_direct,6,lags_only,620,7.068490520888965,10.309715678210738,1.042376247883975,7.799057295556244,12.341474450921252,0.09367372837272814,0.1646285280409789
48082004_10_49,persistence,7,lags_only,618,7.902157885616097,12.502545185392393,,,,,
48082004_10_49,sarima,7,lags_only,618,7.311382347026727,11.177934554299993,-4.130746830229685,7.902157885616097,12.502545185392393,0.07476129269256042,0.10594727805023538
48082004_10_49,xgboost_direct,7,lags_only,618,6.694390450513042,9.520075551977106,1.071997390577295,7.902157885616097,12.502545185392393,0.15284020549646232,0.23854899855910272
48096001_10_49,persistence,1,lags_only,908,4.363741735078643,8.251907328257532,,,,,
48096001_10_49,sarima,1,lags_only,908,4.365778673597338,7.788324271333247,-0.9434626884042874,4.363741735078643,8.251907328257532,-0.0004667871387346283,0.05617889761519844
48096001_10_49,xgboost_direct,1,lags_only,908,5.582181216676263,9.113739814892435,-1.2690593496475486,4.363741735078643,8.251907328257532,-0.2792189720585425,-0.10444039812270732
48096001_10_49,persistence,2,lags_only,904,5.815296786920489,10.191755716083406,,,,,
48096001_10_49,sarima,2,lags_only,904,5.4545578928107235,9.246201679643756,-1.4963311884417907,5.815296786920489,10.191755716083406,0.06203275728267618,0.09277636383567268
48096001_10_49,xgboost_direct,2,lags_only,904,5.981118876917745,9.35774810978279,-1.2644715136165012,5.815296786920489,10.191755716083406,-0.028514811207953482,0.08183159305756178
48096001_10_49,persistence,3,lags_only,901,6.427318307192119,10.842625753206773,,,,,
48096001_10_49,sarima,3,lags_only,901,6.011490960261832,9.699666655316864,-2.080195741306779,6.427318307192119,10.842625753206773,0.06469686532639589,0.10541349705368847
48096001_10_49,xgboost_direct,3,lags_only,901,6.19245050991612,9.65750759721173,-1.1444656164674902,6.427318307192119,10.842625753206773,0.036542113841348756,0.10930176720749932
48096001_10_49,persistence,4,lags_only,900,6.718610788701368,10.778602385267654,,,,,
48096001_10_49,sarima,4,lags_only,900,6.22979966279381,9.724360333511951,-2.5438939738084123,6.718610788701368,10.778602385267654,0.0727547913222757,0.09780878949544101
48096001_10_49,xgboost_direct,4,lags_only,900,6.284617120249131,9.678923972922416,-1.0848182877849664,6.718610788701368,10.778602385267654,0.06459574487959331,0.10202421177056256
48096001_10_49,persistence,5,lags_only,901,6.952611341352113,10.789941609104607,,,,,
48096001_10_49,sarima,5,lags_only,901,6.473935725602492,9.729003019454181,-2.996034253417939,6.952611341352113,10.789941609104607,0.06884832076008586,0.09832662938186812
48096001_10_49,xgboost_direct,5,lags_only,901,6.333151137777613,9.45937915633467,-0.8207883925359982,6.952611341352113,10.789941609104607,0.08909748771517405,0.12331507444370247
48096001_10_49,persistence,6,lags_only,899,7.158936564743742,11.219794868941202,,,,,
48096001_10_49,sarima,6,lags_only,899,6.710736311108623,10.191029234936172,-3.593171226053179,7.158936564743742,11.219794868941202,0.06260709947374182,0.09169201808251179
48096001_10_49,xgboost_direct,6,lags_only,899,6.338407500129609,9.536309792588552,-1.1087419462409702,7.158936564743742,11.219794868941202,0.11461605466027823,0.15004597642091455
48096001_10_49,persistence,7,lags_only,898,7.403192499215061,11.570496534760549,,,,,
48096001_10_49,sarima,7,lags_only,898,6.941859638324561,10.478060796458022,-4.055881563563462,7.403192499215061,11.570496534760549,0.062315394465213975,0.09441563160410511
48096001_10_49,xgboost_direct,7,lags_only,898,6.214555775615595,9.449553397847984,-0.9563058073440106,7.403192499215061,11.570496534760549,0.16055731682318056,0.18330614684864585
48902006_10_49,persistence,1,lags_only,673,7.429308462603572,11.200354275151204,,,,,
48902006_10_49,sarima,1,lags_only,673,7.300398766894437,10.77838775298905,-2.1145472400707375,7.429308462603572,11.200354275151204,0.017351506719369546,0.03767439063051049
48902006_10_49,xgboost_direct,1,lags_only,673,8.941145077802997,12.884757691948968,-3.1417606968716845,7.429308462603572,11.200354275151204,-0.20349627731968034,-0.150388405171677
48902006_10_49,persistence,2,lags_only,671,9.683981821435655,13.751578281502306,,,,,
48902006_10_49,sarima,2,lags_only,671,9.135870582751904,13.052193513774506,-3.4657004614460143,9.683981821435655,13.751578281502306,0.05659977980033969,0.05085850899518675
48902006_10_49,xgboost_direct,2,lags_only,671,9.180100561743636,13.179142724023157,-3.108362698878672,9.683981821435655,13.751578281502306,0.05203244584543408,0.04162689880107443
48902006_10_49,persistence,3,lags_only,668,10.989308530031975,15.711148828029538,,,,,
48902006_10_49,sarima,3,lags_only,668,10.121163017353293,14.362207702009927,-4.593253694350927,10.989308530031975,15.711148828029538,0.07899910265565689,0.08585884716546169
48902006_10_49,xgboost_direct,3,lags_only,668,9.267368314901573,13.279758220793779,-2.9380424100513935,10.989308530031975,15.711148828029538,0.156692316939198,0.15475574917208007
48902006_10_49,persistence,4,lags_only,666,11.394212090407741,15.90091733472674,,,,,
48902006_10_49,sarima,4,lags_only,666,10.538426484673895,14.533089241686724,-5.560524373785026,11.394212090407741,15.90091733472674,0.07510704548446069,0.08602196113885541
48902006_10_49,xgboost_direct,4,lags_only,666,9.242357048653002,12.757713552421597,-2.21461861539728,11.394212090407741,15.90091733472674,0.18885509806915798,0.1976743678454674
48902006_10_49,persistence,5,lags_only,666,10.938276870885566,15.534769102553188,,,,,
48902006_10_49,sarima,5,lags_only,666,10.837592449113846,14.773978345030182,-6.5954940235241875,10.938276870885566,15.534769102553188,0.009204779048856663,0.04897341907695093
48902006_10_49,xgboost_direct,5,lags_only,666,9.39609945678895,12.734001138784768,-2.9069020802130217,10.938276870885566,15.534769102553188,0.14098906366152003,0.18029028595655827
48902006_10_49,persistence,6,lags_only,667,11.47022518526169,16.60244221283447,,,,,
48902006_10_49,sarima,6,lags_only,667,11.729494862900735,16.399491580359623,-7.894148141649396,11.47022518526169,16.60244221283447,-0.02260371295693354,0.01222414328405001
48902006_10_49,xgboost_direct,6,lags_only,667,9.982531854051391,13.715675545262183,-3.1708629138676705,11.47022518526169,16.60244221283447,0.12970044678127712,0.17387602562113916
48902006_10_49,persistence,7,lags_only,666,11.702764488090574,16.83256666399583,,,,,
48902006_10_49,sarima,7,lags_only,666,12.26412071961508,16.933020014177306,-8.893782769007919,11.702764488090574,16.83256666399583,-0.04796783119883986,-0.005967797554982534
48902006_10_49,xgboost_direct,7,lags_only,666,9.540905272910216,13.138505906442372,-3.040125351970561,11.702764488090574,16.83256666399583,0.18473064354840213,0.21945914911805475
48904002_10_47,persistence,1,lags_only,927,5.24414821156414,8.499252083909491,,,,,
48904002_10_47,sarima,1,lags_only,927,5.225542171997778,8.253391431750194,-1.2372115488008166,5.24414821156414,8.499252083909491,0.003547962188660636,0.028927327926271663
48904002_10_47,xgboost_direct,1,lags_only,927,7.361497393724074,10.43948388359032,1.9770301485493627,5.24414821156414,8.499252083909491,-0.4037546416958352,-0.2282826512881072
48904002_10_47,persistence,2,lags_only,924,7.214495933020072,11.199823981967773,,,,,
48904002_10_47,sarima,2,lags_only,924,6.783733209312476,10.356309107459271,-1.9852159025452005,7.214495933020072,11.199823981967773,0.05970794463075874,0.07531501172398775
48904002_10_47,xgboost_direct,2,lags_only,924,7.677687066984045,10.585650157149745,2.329732667827781,7.214495933020072,11.199823981967773,-0.0642028408171928,0.05483781046977845
48904002_10_47,persistence,3,lags_only,923,8.053429470190677,12.272808814037145,,,,,
48904002_10_47,sarima,3,lags_only,923,7.481417197863264,11.180392167763998,-2.740706551983287,8.053429470190677,12.272808814037145,0.07102716605946383,0.08901113533388419
48904002_10_47,xgboost_direct,3,lags_only,923,8.101247782788871,10.978751783875174,2.830124931898759,8.053429470190677,12.272808814037145,-0.005937633498274337,0.10544098337797626
48904002_10_47,persistence,4,lags_only,923,8.514863338889993,12.945702514132375,,,,,
48904002_10_47,sarima,4,lags_only,923,7.80236370911869,11.724940360602723,-3.3856705316772358,8.514863338889993,12.945702514132375,0.0836771656119364,0.09429864097348044
48904002_10_47,xgboost_direct,4,lags_only,923,8.317303218354384,11.201894680985578,3.0350773322048705,8.514863338889993,12.945702514132375,0.023201795809604076,0.1347016765790147
48904002_10_47,persistence,5,lags_only,924,8.519389640297579,12.881154706553131,,,,,
48904002_10_47,sarima,5,lags_only,924,7.9090191716420035,11.724354009106923,-3.9680269731456503,8.519389640297579,12.881154706553131,0.07164485889557874,0.08980566756625473
48904002_10_47,xgboost_direct,5,lags_only,924,8.144503942129838,10.981700473988825,2.7749284173825783,8.519389640297579,12.881154706553131,0.04400382116513299,0.1474599347524319
48904002_10_47,persistence,6,lags_only,923,8.65191985088285,13.14299961293137,,,,,
48904002_10_47,sarima,6,lags_only,923,8.128623858535725,12.164884123296007,-4.593351971965697,8.65191985088285,13.14299961293137,0.06048322237910317,0.07442102400071568
48904002_10_47,xgboost_direct,6,lags_only,923,8.092744899419243,10.988446278080328,2.736795511468712,8.65191985088285,13.14299961293137,0.06463015851985134,0.16393162887497773
48904002_10_47,persistence,7,lags_only,923,8.72500465624841,13.326585070070768,,,,,
48904002_10_47,sarima,7,lags_only,923,8.388079253020209,12.42236631988254,-5.170015835714049,8.72500465624841,13.326585070070768,0.03861607145239892,0.06785074686679853
48904002_10_47,xgboost_direct,7,lags_only,923,7.833875748584084,10.652827547023852,2.237990295422337,8.72500465624841,13.326585070070768,0.1021350638507848,0.20063335873281735
49275002_10_49,persistence,1,lags_only,1020,5.042950059909778,18.12625823556866,,,,,
49275002_10_49,sarima,1,lags_only,1020,5.517836278913469,17.17706399054936,-1.6716727383690277,5.042950059909778,18.12625823556866,-0.09416833666050371,0.0523657024347541
49275002_10_49,xgboost_direct,1,lags_only,1020,6.324356264916442,16.454424787193975,-1.0734557577612427,5.042950059909778,18.12625823556866,-0.25409853157054463,0.09223268402378222
49275002_10_49,persistence,2,lags_only,1019,6.931572524062356,21.516917643697933,,,,,
49275002_10_49,sarima,2,lags_only,1019,6.792253516359158,19.084306538319566,-2.5626153799928573,6.931572524062356,21.516917643697933,0.020099192098122696,0.11305574272581054
49275002_10_49,xgboost_direct,2,lags_only,1019,6.674564983744441,16.85965039236927,-1.152545950027555,6.931572524062356,21.516917643697933,0.037077811625823145,0.21644676660705275
49275002_10_49,persistence,3,lags_only,1017,7.876661971714555,22.01666209763964,,,,,
49275002_10_49,sarima,3,lags_only,1017,7.343894189877969,18.912639776024722,-3.3721518465782165,7.876661971714555,22.01666209763964,0.06763877690191343,0.1409851460611594
49275002_10_49,xgboost_direct,3,lags_only,1017,6.8572594142532415,17.267843148763895,-0.9624246915901552,7.876661971714555,22.01666209763964,0.12942063035357287,0.21569204849561893
49275002_10_49,persistence,4,lags_only,1015,8.399465349267233,22.434489976615197,,,,,
49275002_10_49,sarima,4,lags_only,1015,7.737029814528209,18.822441859651605,-4.080336269216439,8.399465349267233,22.434489976615197,0.0788663929421192,0.16100424483590423
49275002_10_49,xgboost_direct,4,lags_only,1015,7.249052576737307,19.72353550528045,-0.662015573748134,8.399465349267233,22.434489976615197,0.13696261901125506,0.12083869408934803
49275002_10_49,persistence,5,lags_only,1013,8.599794312373177,22.730851325864823,,,,,
49275002_10_49,sarima,5,lags_only,1013,8.070507505450067,18.866415599222215,-4.800476900640852,8.599794312373177,22.730851325864823,0.061546449565844305,0.17000840273172568
49275002_10_49,xgboost_direct,5,lags_only,1013,6.964522736459948,17.14447529461662,-1.1745130244970423,8.599794312373177,22.730851325864823,0.19015240557096116,0.24576184812275892
49275002_10_49,persistence,6,lags_only,1011,8.748681957219565,22.868014851481213,,,,,
49275002_10_49,sarima,6,lags_only,1011,8.298926142865183,18.914373255584074,-5.3726723889800105,8.748681957219565,22.868014851481213,0.05140840832409462,0.172889584932251
49275002_10_49,xgboost_direct,6,lags_only,1011,7.116693720462589,18.632655487381157,-0.7649252782384235,8.748681957219565,22.868014851481213,0.18654104066615787,0.1852088776226119
49275002_10_49,persistence,7,lags_only,1009,8.918067661714657,23.050256954846542,,,,,
49275002_10_49,sarima,7,lags_only,1009,8.58780200013647,19.164648864193637,-5.928526330435642,8.918067661714657,23.050256954846542,0.03703332090605458,0.16857113993412198
49275002_10_49,xgboost_direct,7,lags_only,1009,6.945361049437985,16.842639771543443,-1.163838038075819,8.918067661714657,23.050256954846542,0.2212033690600396,0.26930793853896223
50297029_10_49,persistence,1,lags_only,838,6.441145067527144,8.67330968366242,,,,,
50297029_10_49,sarima,1,lags_only,838,6.2619760281238435,8.370676989462678,-0.880515428009106,6.441145067527144,8.67330968366242,0.027816333512899246,0.0348924119208841
50297029_10_49,xgboost_direct,1,lags_only,838,7.5983212855794555,9.90151545697867,-1.1780916145354183,6.441145067527144,8.67330968366242,-0.17965380470720696,-0.141607508334422
50297029_10_49,persistence,2,lags_only,832,8.350280962876313,11.025315996549912,,,,,
50297029_10_49,sarima,2,lags_only,832,7.57680138493112,10.012529618524276,-1.3723623704529098,8.350280962876313,11.025315996549912,0.09262916797457825,0.09186007714813446
50297029_10_49,xgboost_direct,2,lags_only,832,7.767906146409384,10.253418634661701,-1.1533890868762253,8.350280962876313,11.025315996549912,0.06974314026750139,0.07001135950477577
50297029_10_49,persistence,3,lags_only,830,9.149604035593173,12.000858258316804,,,,,
50297029_10_49,sarima,3,lags_only,830,8.244743547357412,10.800887140364747,-1.9958553183106367,9.149604035593173,12.000858258316804,0.0988961363481669,0.09999044169365602
50297029_10_49,xgboost_direct,3,lags_only,830,7.839602150851832,10.349009204616804,-1.5900419381628585,9.149604035593173,12.000858258316804,0.14317580079370212,0.13764424328195354
50297029_10_49,persistence,4,lags_only,831,9.701974069053826,12.727199782062586,,,,,
50297029_10_49,sarima,4,lags_only,831,8.53138678814859,11.220780220318225,-2.44155884248951,9.701974069053826,12.727199782062586,0.1206545464431855,0.11836221537650982
50297029_10_49,xgboost_direct,4,lags_only,831,7.849260279444841,10.372919653978357,-1.572804900257194,9.701974069053826,12.727199782062586,0.1909625583847462,0.1849802131182301
50297029_10_49,persistence,5,lags_only,831,9.7798052442517,12.888743915157352,,,,,
50297029_10_49,sarima,5,lags_only,831,8.580641604887335,11.338519643687265,-2.86870474152953,9.7798052442517,12.888743915157352,0.12261631079710918,0.1202773739376574
50297029_10_49,xgboost_direct,5,lags_only,831,7.882401352449514,10.481045165142511,-1.599973117176385,9.7798052442517,12.888743915157352,0.19401244139472282,0.18680631455353475
50297029_10_49,persistence,6,lags_only,826,9.780630807727816,12.804485666630459,,,,,
50297029_10_49,sarima,6,lags_only,826,8.600270883269614,11.391582560370953,-3.229979936871904,9.780630807727816,12.804485666630459,0.12068341476764285,0.11034438579142992
50297029_10_49,xgboost_direct,6,lags_only,826,7.917534118005765,10.575439355187054,-1.7737694067194816,9.780630807727816,12.804485666630459,0.19048839756327285,0.1740832368810004
50297029_10_49,persistence,7,lags_only,824,10.017189717921244,13.119851615789626,,,,,
50297029_10_49,sarima,7,lags_only,824,8.79808716465148,11.628675214742726,-3.566755214816803,10.017189717921244,13.119851615789626,0.12170105464696644,0.11365802333101711
50297029_10_49,xgboost_direct,7,lags_only,824,7.835953257282487,10.416173709041553,-1.660186050488994,10.017189717921244,13.119851615789626,0.21774934108879043,0.2060753418502249
50297032_10_49,persistence,1,lags_only,696,5.861653817480405,8.158796576114119,,,,,
50297032_10_49,sarima,1,lags_only,696,5.797466465730376,7.892177399235573,-1.4006769576550975,5.861653817480405,8.158796576114119,0.010950382562445352,0.03267873814369958
50297032_10_49,xgboost_direct,1,lags_only,696,7.449834610801414,9.523341177888087,0.47256302100835007,5.861653817480405,8.158796576114119,-0.2709441469547034,-0.16724826866854853
50297032_10_49,persistence,2,lags_only,692,7.819833901019724,10.519752261736027,,,,,
50297032_10_49,sarima,2,lags_only,692,7.3263790231953205,9.917016426549921,-2.605184269271973,7.819833901019724,10.519752261736027,0.06310298710565394,0.05729563018118445
50297032_10_49,xgboost_direct,2,lags_only,692,7.918991034984931,10.392129059604503,0.9589842816136012,7.819833901019724,10.519752261736027,-0.012680209735948043,0.01213176878658383
50297032_10_49,persistence,3,lags_only,692,8.498716425677637,11.284344069994681,,,,,
50297032_10_49,sarima,3,lags_only,692,7.968717505905447,10.792121893802195,-3.856685966096289,8.498716425677637,11.284344069994681,0.06236223133306051,0.04361991916759397
50297032_10_49,xgboost_direct,3,lags_only,692,8.070733560913308,10.655120214341173,0.9585670016321001,8.498716425677637,11.284344069994681,0.050358529844723554,0.05576078252759313
50297032_10_49,persistence,4,lags_only,692,8.957047213298303,11.9757052641706,,,,,
50297032_10_49,sarima,4,lags_only,692,8.691981798065074,11.656438585183698,-5.001466295577919,8.957047213298303,11.9757052641706,0.029592946081571734,0.026659530436349013
50297032_10_49,xgboost_direct,4,lags_only,692,8.31261664525998,10.888403673377788,0.8589360460329505,8.957047213298303,11.9757052641706,0.07194676467503176,0.09079228043845108
50297032_10_49,persistence,5,lags_only,695,9.334989806749505,12.443229084219146,,,,,
50297032_10_49,sarima,5,lags_only,695,9.243724646499036,12.251360999263426,-6.022032821320609,9.334989806749505,12.443229084219146,0.009776674869476677,0.0154194770229741
50297032_10_49,xgboost_direct,5,lags_only,695,8.15751141832852,10.691919788535754,0.648154506852178,9.334989806749505,12.443229084219146,0.1261360122289185,0.14074395671975945
50297032_10_49,persistence,6,lags_only,697,9.33239641921349,12.322456088796507,,,,,
50297032_10_49,sarima,6,lags_only,697,9.44811249885361,12.61266231518085,-6.789773888780854,9.33239641921349,12.322456088796507,-0.01239939608672041,-0.023551005115627657
50297032_10_49,xgboost_direct,6,lags_only,697,8.078878814347318,10.57962591514622,0.35590364222716364,9.33239641921349,12.322456088796507,0.13431894109056877,0.1414352918842905
50297032_10_49,persistence,7,lags_only,694,9.161959135011376,12.207994526849411,,,,,
50297032_10_49,sarima,7,lags_only,694,9.660192017941148,12.882334649543326,-7.385218418163852,9.161959135011376,12.207994526849411,-0.05438060523822159,-0.05523758396277275
50297032_10_49,xgboost_direct,7,lags_only,694,7.735687322601073,10.270154176356675,0.2925613208032268,9.161959135011376,12.207994526849411,0.1556732344461097,0.15873535544521958
50297036_10_49,persistence,1,lags_only,324,7.201119748932852,9.934626606058213,,,,,
50297036_10_49,sarima,1,lags_only,324,7.275236239981764,9.883547591280275,-2.086384364366962,7.201119748932852,9.934626606058213,-0.010292356415805374,0.005141513295204285
50297036_10_49,xgboost_direct,1,lags_only,324,10.64045463858422,14.009559196932456,-3.532781443750826,7.201119748932852,9.934626606058213,-0.4776111229314094,-0.41017471038008785
50297036_10_49,persistence,2,lags_only,323,10.513676242119738,14.198519295141006,,,,,
50297036_10_49,sarima,2,lags_only,323,10.482555782367367,13.813843137059202,-3.6982874506115735,10.513676242119738,14.198519295141006,0.002959997914687209,0.02709269537799252
50297036_10_49,xgboost_direct,2,lags_only,323,12.104118676298318,15.28313610572338,-3.9096079725048236,10.513676242119738,14.198519295141006,-0.1512736741699324,-0.07638943104113322
50297036_10_49,persistence,3,lags_only,321,12.04620141373344,16.030469612496574,,,,,
50297036_10_49,sarima,3,lags_only,321,11.834987553676639,15.468808926610837,-5.258995849970526,12.04620141373344,16.030469612496574,0.01753364839276258,0.03503706999624603
50297036_10_49,xgboost_direct,3,lags_only,321,12.335170964214901,15.74306907776886,-4.806633775377097,12.04620141373344,16.030469612496574,-0.02398843756273387,0.01792839147417559
50297036_10_49,persistence,4,lags_only,319,12.852382436971306,17.43736995866688,,,,,
50297036_10_49,sarima,4,lags_only,319,12.81578107581853,16.939345725515803,-7.004427373245545,12.852382436971306,17.43736995866688,0.0028478269559959837,0.028560742493368128
50297036_10_49,xgboost_direct,4,lags_only,319,11.939921218750813,15.513207884370468,-4.303487531891919,12.852382436971306,17.43736995866688,0.07099549229065086,0.11034703506649228
50297036_10_49,persistence,5,lags_only,318,12.720488727505241,17.385551038331908,,,,,
50297036_10_49,sarima,5,lags_only,318,13.231847153911836,17.073624586823666,-8.103069789129028,12.720488727505241,17.385551038331908,-0.04019958960388806,0.017941706352620185
50297036_10_49,xgboost_direct,5,lags_only,318,11.7282830331909,14.848087068032237,-3.415589632038238,12.720488727505241,17.385551038331908,0.07800059538348682,0.1459524615990045
50297036_10_49,persistence,6,lags_only,320,13.19570023952854,17.781555122862592,,,,,
50297036_10_49,sarima,6,lags_only,320,13.928651638323089,17.85796701069616,-9.348645360274684,13.19570023952854,17.781555122862592,-0.055544714224331035,-0.004297255628408016
50297036_10_49,xgboost_direct,6,lags_only,320,12.178140818922255,15.292978404038287,-2.2487281170128766,13.19570023952854,17.781555122862592,0.07711295362394804,0.13995270389059636
50297036_10_49,persistence,7,lags_only,317,13.700365724816795,18.011059602974917,,,,,
50297036_10_49,sarima,7,lags_only,317,14.545182235732094,18.50834461644594,-10.531456706342322,13.700365724816795,18.011059602974917,-0.06166379262306856,-0.02760998100238833
50297036_10_49,xgboost_direct,7,lags_only,317,12.082959738655061,15.338645803536831,-2.3954493116789264,13.700365724816795,18.011059602974917,0.11805567958174794,0.1483762676015285
50297040_10_49,persistence,1,lags_only,945,5.009347133580618,7.321036748150728,,,,,
50297040_10_49,sarima,1,lags_only,945,4.95220449524502,7.104662289812106,-0.8956789741279767,5.009347133580618,7.321036748150728,0.011407202737565661,0.029555166267028747
50297040_10_49,xgboost_direct,1,lags_only,945,6.260634052203997,8.782098098361432,-1.3612739742913207,5.009347133580618,7.321036748150728,-0.2497904188422605,-0.19957027952082929
50297040_10_49,persistence,2,lags_only,942,6.774210026161066,9.504230007667879,,,,,
50297040_10_49,sarima,2,lags_only,942,6.375118547397637,8.938269275510148,-1.5522692531288071,6.774210026161066,9.504230007667879,0.05891336070511438,0.05954829919952709
50297040_10_49,xgboost_direct,2,lags_only,942,6.565383329042558,9.202575839798918,-1.700070106198108,6.774210026161066,9.504230007667879,0.030826723162117507,0.03173893809657282
50297040_10_49,persistence,3,lags_only,940,7.438367314800998,10.337301280420117,,,,,
50297040_10_49,sarima,3,lags_only,940,7.050398117537517,9.835755106637265,-2.2986091478616584,7.438367314800998,10.337301280420117,0.05215784336053061,0.04851809579477295
50297040_10_49,xgboost_direct,3,lags_only,940,6.971306250958852,9.757197655589101,-2.0142021155630334,7.438367314800998,10.337301280420117,0.0627908039594629,0.05611751163040888
50297040_10_49,persistence,4,lags_only,943,7.894493995618125,11.008794930459922,,,,,
50297040_10_49,sarima,4,lags_only,943,7.507912299041662,10.450228619165692,-2.8374505245096775,7.894493995618125,11.008794930459922,0.048968521198576725,0.05073818840504959
50297040_10_49,xgboost_direct,4,lags_only,943,7.227700391618312,10.098545641761389,-1.8140674181915903,7.894493995618125,11.008794930459922,0.08446312130580122,0.08268382638139538
50297040_10_49,persistence,5,lags_only,944,8.201225576551357,11.463251320482518,,,,,
50297040_10_49,sarima,5,lags_only,944,7.730011057066417,10.793811231964305,-3.2259754023668292,8.201225576551357,11.463251320482518,0.05745659780804219,0.05839879714772183
50297040_10_49,xgboost_direct,5,lags_only,944,7.035026282263121,9.872121224756157,-1.683674355638288,8.201225576551357,11.463251320482518,0.14219817311483182,0.13880268793229134
50297040_10_49,persistence,6,lags_only,943,8.429651363278513,11.673500631437536,,,,,
50297040_10_49,sarima,6,lags_only,943,7.997043061766775,11.032602215162704,-3.709822241506537,8.429651363278513,11.673500631437536,0.051319833154224864,0.05490199011501727
50297040_10_49,xgboost_direct,6,lags_only,943,7.0291005156771,9.897784539953799,-1.488899394995194,8.429651363278513,11.673500631437536,0.16614576181673804,0.1521151321739438
50297040_10_49,persistence,7,lags_only,938,8.42064741094004,11.700679467465408,,,,,
50297040_10_49,sarima,7,lags_only,938,8.062475192640033,11.148378638580589,-4.138829687384785,8.42064741094004,11.700679467465408,0.042534997705125685,0.047202457807730906
50297040_10_49,xgboost_direct,7,lags_only,938,6.997595195058332,9.855781927641656,-1.7242856567902272,8.42064741094004,11.700679467465408,0.16899558269508944,0.15767439360710833
51001001_10_49,persistence,1,lags_only,810,4.467993006302333,6.914630673936092,,,,,
51001001_10_49,sarima,1,lags_only,810,4.470036398607422,6.656934637045461,-0.4662479510748498,4.467993006302333,6.914630673936092,-0.00045734008585219594,0.03726822863612744
51001001_10_49,xgboost_direct,1,lags_only,810,5.389409360829788,7.8729589631652495,-0.11392537733788718,4.467993006302333,6.914630673936092,-0.2062260064480294,-0.13859428426762785
51001001_10_49,persistence,2,lags_only,807,5.724459458169057,8.470307972061898,,,,,
51001001_10_49,sarima,2,lags_only,807,5.273434886078164,7.5940437042530125,-0.669012347793225,5.724459458169057,8.470307972061898,0.07878902372996303,0.10345128780430628
51001001_10_49,xgboost_direct,2,lags_only,807,5.825629594459989,8.060267648627368,0.07738722530654586,5.724459458169057,8.470307972061898,-0.017673308201450848,0.04840913987861939
51001001_10_49,persistence,3,lags_only,802,6.2981799720837355,9.340906089292247,,,,,
51001001_10_49,sarima,3,lags_only,802,5.670003796426962,8.262274285428171,-0.9765814899756201,6.2981799720837355,9.340906089292247,0.09973931809524697,0.1154740015104683
51001001_10_49,xgboost_direct,3,lags_only,802,5.864767043256674,8.28265930436905,-0.24181016815751272,6.2981799720837355,9.340906089292247,0.06881558335076723,0.11329166301503622
51001001_10_49,persistence,4,lags_only,799,6.591023855225765,9.802632737060677,,,,,
51001001_10_49,sarima,4,lags_only,799,5.831810281501607,8.544392560127536,-1.307594449484365,6.591023855225765,9.802632737060677,0.11518901924808042,0.12835737201253392
51001001_10_49,xgboost_direct,4,lags_only,799,5.863591202524334,8.224403234731238,-0.2618976810339401,6.591023855225765,9.802632737060677,0.11036717036377863,0.16100057450511723
51001001_10_49,persistence,5,lags_only,800,6.654576651846596,9.768167968490692,,,,,
51001001_10_49,sarima,5,lags_only,800,5.938013217926377,8.79364893250712,-1.4763188424162303,6.654576651846596,9.768167968490692,0.10767979263134307,0.09976477054111799
51001001_10_49,xgboost_direct,5,lags_only,800,5.920707328612284,8.525223240867046,-0.25159227624583486,6.654576651846596,9.768167968490692,0.1102803922215951,0.12724440566880396
51001001_10_49,persistence,6,lags_only,801,6.973958965585089,10.221838888816459,,,,,
51001001_10_49,sarima,6,lags_only,801,6.182953410286476,9.058852977402816,-1.7214159815942232,6.973958965585089,10.221838888816459,0.11342274297885122,0.11377462744849613
51001001_10_49,xgboost_direct,6,lags_only,801,5.997688138920206,8.65522284617845,-0.37353425379948146,6.973958965585089,10.221838888816459,0.13998803713680544,0.15326166452809353
51001001_10_49,persistence,7,lags_only,799,6.943271759324057,10.271355582987205,,,,,
51001001_10_49,sarima,7,lags_only,799,6.2999955693522285,9.200075910321852,-2.0453137750037826,6.943271759324057,10.271355582987205,0.0926474164154642,0.10429778854504368
51001001_10_49,xgboost_direct,7,lags_only,799,5.956859914169641,8.63748658760864,-0.536729443496418,6.943271759324057,10.271355582987205,0.14206729613165042,0.15907043448917274
