station,period,resolution,support_type,horizon,p,model,n_cases,l_persistence,l_ar1,l_arp,l_model,delta_ar1,delta_mem,delta_res,delta_total,code_commit,config_sha256,input_manifest_sha256,generated_at_utc,decision_id,canon_version
Elche,2017-01-01..2024-12-31,daily,GLOBAL_COMMON,1,7,ridge_direct,782,181.7774936061381,140.34178889972108,142.37631521765852,149.21214923783057,41.43570470641703,-2.034526317937434,-6.835834020172058,32.565344368307535,4a49b08b041c578ec5981dc1472125b2af0a4d59,572a6a79dfaf6247292af8c946e3f621c520377d7eb449bd78e9b309f483fc6a,7e61f4823860ac67fc2cf7b88c0b78031ccbd9e2a1f7bf6285099b2c126d9b06,2026-08-06T11:21:41Z,2026-08-06-p2-finite-linear-memory-skill-decomposition,2.0
Elche,2017-01-01..2024-12-31,daily,GLOBAL_COMMON,1,7,hgb_direct,782,181.7774936061381,140.34178889972108,142.37631521765852,169.94760904010008,41.43570470641703,-2.034526317937434,-27.57129382244156,11.829884566038032,4a49b08b041c578ec5981dc1472125b2af0a4d59,572a6a79dfaf6247292af8c946e3f621c520377d7eb449bd78e9b309f483fc6a,7e61f4823860ac67fc2cf7b88c0b78031ccbd9e2a1f7bf6285099b2c126d9b06,2026-08-06T11:21:41Z,2026-08-06-p2-finite-linear-memory-skill-decomposition,2.0
Elche,2017-01-01..2024-12-31,daily,GLOBAL_COMMON,1,14,ridge_direct,782,181.7774936061381,140.34178889972108,143.1845581973482,149.21214923783057,41.43570470641703,-2.8427692976271146,-6.027591040482378,32.565344368307535,4a49b08b041c578ec5981dc1472125b2af0a4d59,572a6a79dfaf6247292af8c946e3f621c520377d7eb449bd78e9b309f483fc6a,7e61f4823860ac67fc2cf7b88c0b78031ccbd9e2a1f7bf6285099b2c126d9b06,2026-08-06T11:21:41Z,2026-08-06-p2-finite-linear-memory-skill-decomposition,2.0
Elche,2017-01-01..2024-12-31,daily,GLOBAL_COMMON,1,14,hgb_direct,782,181.7774936061381,140.34178889972108,143.1845581973482,169.94760904010008,41.43570470641703,-2.8427692976271146,-26.76305084275188,11.829884566038032,4a49b08b041c578ec5981dc1472125b2af0a4d59,572a6a79dfaf6247292af8c946e3f621c520377d7eb449bd78e9b309f483fc6a,7e61f4823860ac67fc2cf7b88c0b78031ccbd9e2a1f7bf6285099b2c126d9b06,2026-08-06T11:21:41Z,2026-08-06-p2-finite-linear-memory-skill-decomposition,2.0
Elche,2017-01-01..2024-12-31,daily,GLOBAL_COMMON,1,21,ridge_direct,782,181.7774936061381,140.34178889972108,144.35851151438405,149.21214923783057,41.43570470641703,-4.016722614662967,-4.853637723446525,32.565344368307535,4a49b08b041c578ec5981dc1472125b2af0a4d59,572a6a79dfaf6247292af8c946e3f621c520377d7eb449bd78e9b309f483fc6a,7e61f4823860ac67fc2cf7b88c0b78031ccbd9e2a1f7bf6285099b2c126d9b06,2026-08-06T11:21:41Z,2026-08-06-p2-finite-linear-memory-skill-decomposition,2.0
Elche,2017-01-01..2024-12-31,daily,GLOBAL_COMMON,1,21,hgb_direct,782,181.7774936061381,140.34178889972108,144.35851151438405,169.94760904010008,41.43570470641703,-4.016722614662967,-25.589097525716028,11.829884566038032,4a49b08b041c578ec5981dc1472125b2af0a4d59,572a6a79dfaf6247292af8c946e3f621c520377d7eb449bd78e9b309f483fc6a,7e61f4823860ac67fc2cf7b88c0b78031ccbd9e2a1f7bf6285099b2c126d9b06,2026-08-06T11:21:41Z,2026-08-06-p2-finite-linear-memory-skill-decomposition,2.0
Elche,2017-01-01..2024-12-31,daily,GLOBAL_COMMON,2,7,ridge_direct,770,332.2415584415584,196.15779698880064,196.92884324481287,198.52656941588646,136.08376145275778,-0.7710462560122266,-1.5977261710735888,133.71498902567197,4a49b08b041c578ec5981dc1472125b2af0a4d59,572a6a79dfaf6247292af8c946e3f621c520377d7eb449bd78e9b309f483fc6a,7e61f4823860ac67fc2cf7b88c0b78031ccbd9e2a1f7bf6285099b2c126d9b06,2026-08-06T11:21:41Z,2026-08-06-p2-finite-linear-memory-skill-decomposition,2.0
Elche,2017-01-01..2024-12-31,daily,GLOBAL_COMMON,2,7,hgb_direct,770,332.2415584415584,196.15779698880064,196.92884324481287,207.52440012114923,136.08376145275778,-0.7710462560122266,-10.59555687633636,124.7171583204092,4a49b08b041c578ec5981dc1472125b2af0a4d59,572a6a79dfaf6247292af8c946e3f621c520377d7eb449bd78e9b309f483fc6a,7e61f4823860ac67fc2cf7b88c0b78031ccbd9e2a1f7bf6285099b2c126d9b06,2026-08-06T11:21:41Z,2026-08-06-p2-finite-linear-memory-skill-decomposition,2.0
Elche,2017-01-01..2024-12-31,daily,GLOBAL_COMMON,2,14,ridge_direct,770,332.2415584415584,196.15779698880064,198.0176548340284,198.52656941588646,136.08376145275778,-1.859857845227765,-0.5089145818580505,133.71498902567197,4a49b08b041c578ec5981dc1472125b2af0a4d59,572a6a79dfaf6247292af8c946e3f621c520377d7eb449bd78e9b309f483fc6a,7e61f4823860ac67fc2cf7b88c0b78031ccbd9e2a1f7bf6285099b2c126d9b06,2026-08-06T11:21:41Z,2026-08-06-p2-finite-linear-memory-skill-decomposition,2.0
Elche,2017-01-01..2024-12-31,daily,GLOBAL_COMMON,2,14,hgb_direct,770,332.2415584415584,196.15779698880064,198.0176548340284,207.52440012114923,136.08376145275778,-1.859857845227765,-9.506745287120822,124.7171583204092,4a49b08b041c578ec5981dc1472125b2af0a4d59,572a6a79dfaf6247292af8c946e3f621c520377d7eb449bd78e9b309f483fc6a,7e61f4823860ac67fc2cf7b88c0b78031ccbd9e2a1f7bf6285099b2c126d9b06,2026-08-06T11:21:41Z,2026-08-06-p2-finite-linear-memory-skill-decomposition,2.0
Elche,2017-01-01..2024-12-31,daily,GLOBAL_COMMON,2,21,ridge_direct,770,332.2415584415584,196.15779698880064,198.6124144228911,198.52656941588646,136.08376145275778,-2.4546174340904656,0.08584500700465014,133.71498902567197,4a49b08b041c578ec5981dc1472125b2af0a4d59,572a6a79dfaf6247292af8c946e3f621c520377d7eb449bd78e9b309f483fc6a,7e61f4823860ac67fc2cf7b88c0b78031ccbd9e2a1f7bf6285099b2c126d9b06,2026-08-06T11:21:41Z,2026-08-06-p2-finite-linear-memory-skill-decomposition,2.0
Elche,2017-01-01..2024-12-31,daily,GLOBAL_COMMON,2,21,hgb_direct,770,332.2415584415584,196.15779698880064,198.6124144228911,207.52440012114923,136.08376145275778,-2.4546174340904656,-8.911985698258121,124.7171583204092,4a49b08b041c578ec5981dc1472125b2af0a4d59,572a6a79dfaf6247292af8c946e3f621c520377d7eb449bd78e9b309f483fc6a,7e61f4823860ac67fc2cf7b88c0b78031ccbd9e2a1f7bf6285099b2c126d9b06,2026-08-06T11:21:41Z,2026-08-06-p2-finite-linear-memory-skill-decomposition,2.0
Elche,2017-01-01..2024-12-31,daily,GLOBAL_COMMON,3,7,ridge_direct,763,363.389252948886,200.72595652295254,201.09936664657067,202.65959734727838,162.66329642593345,-0.37341012361812886,-1.5602307007077059,160.72965560160762,4a49b08b041c578ec5981dc1472125b2af0a4d59,572a6a79dfaf6247292af8c946e3f621c520377d7eb449bd78e9b309f483fc6a,7e61f4823860ac67fc2cf7b88c0b78031ccbd9e2a1f7bf6285099b2c126d9b06,2026-08-06T11:21:41Z,2026-08-06-p2-finite-linear-memory-skill-decomposition,2.0
Elche,2017-01-01..2024-12-31,daily,GLOBAL_COMMON,3,7,hgb_direct,763,363.389252948886,200.72595652295254,201.09936664657067,213.29366915034964,162.66329642593345,-0.37341012361812886,-12.194302503778971,150.09558379853635,4a49b08b041c578ec5981dc1472125b2af0a4d59,572a6a79dfaf6247292af8c946e3f621c520377d7eb449bd78e9b309f483fc6a,7e61f4823860ac67fc2cf7b88c0b78031ccbd9e2a1f7bf6285099b2c126d9b06,2026-08-06T11:21:41Z,2026-08-06-p2-finite-linear-memory-skill-decomposition,2.0
Elche,2017-01-01..2024-12-31,daily,GLOBAL_COMMON,3,14,ridge_direct,763,363.389252948886,200.72595652295254,202.2449684310302,202.65959734727838,162.66329642593345,-1.5190119080776583,-0.41462891624817644,160.72965560160762,4a49b08b041c578ec5981dc1472125b2af0a4d59,572a6a79dfaf6247292af8c946e3f621c520377d7eb449bd78e9b309f483fc6a,7e61f4823860ac67fc2cf7b88c0b78031ccbd9e2a1f7bf6285099b2c126d9b06,2026-08-06T11:21:41Z,2026-08-06-p2-finite-linear-memory-skill-decomposition,2.0
Elche,2017-01-01..2024-12-31,daily,GLOBAL_COMMON,3,14,hgb_direct,763,363.389252948886,200.72595652295254,202.2449684310302,213.29366915034964,162.66329642593345,-1.5190119080776583,-11.048700719319442,150.09558379853635,4a49b08b041c578ec5981dc1472125b2af0a4d59,572a6a79dfaf6247292af8c946e3f621c520377d7eb449bd78e9b309f483fc6a,7e61f4823860ac67fc2cf7b88c0b78031ccbd9e2a1f7bf6285099b2c126d9b06,2026-08-06T11:21:41Z,2026-08-06-p2-finite-linear-memory-skill-decomposition,2.0
Elche,2017-01-01..2024-12-31,daily,GLOBAL_COMMON,3,21,ridge_direct,763,363.389252948886,200.72595652295254,202.53972976967793,202.65959734727838,162.66329642593345,-1.8137732467253898,-0.11986757760044497,160.72965560160762,4a49b08b041c578ec5981dc1472125b2af0a4d59,572a6a79dfaf6247292af8c946e3f621c520377d7eb449bd78e9b309f483fc6a,7e61f4823860ac67fc2cf7b88c0b78031ccbd9e2a1f7bf6285099b2c126d9b06,2026-08-06T11:21:41Z,2026-08-06-p2-finite-linear-memory-skill-decomposition,2.0
Elche,2017-01-01..2024-12-31,daily,GLOBAL_COMMON,3,21,hgb_direct,763,363.389252948886,200.72595652295254,202.53972976967793,213.29366915034964,162.66329642593345,-1.8137732467253898,-10.75393938067171,150.09558379853635,4a49b08b041c578ec5981dc1472125b2af0a4d59,572a6a79dfaf6247292af8c946e3f621c520377d7eb449bd78e9b309f483fc6a,7e61f4823860ac67fc2cf7b88c0b78031ccbd9e2a1f7bf6285099b2c126d9b06,2026-08-06T11:21:41Z,2026-08-06-p2-finite-linear-memory-skill-decomposition,2.0
Elche,2017-01-01..2024-12-31,daily,GLOBAL_COMMON,4,7,ridge_direct,757,380.7225891677675,202.41699138666954,202.81456962435323,204.757844112055,178.305597781098,-0.39757823768368894,-1.9432744877017853,175.9647450557125,4a49b08b041c578ec5981dc1472125b2af0a4d59,572a6a79dfaf6247292af8c946e3f621c520377d7eb449bd78e9b309f483fc6a,7e61f4823860ac67fc2cf7b88c0b78031ccbd9e2a1f7bf6285099b2c126d9b06,2026-08-06T11:21:41Z,2026-08-06-p2-finite-linear-memory-skill-decomposition,2.0
Elche,2017-01-01..2024-12-31,daily,GLOBAL_COMMON,4,7,hgb_direct,757,380.7225891677675,202.41699138666954,202.81456962435323,221.36194362875136,178.305597781098,-0.39757823768368894,-18.547374004398137,159.36064553901616,4a49b08b041c578ec5981dc1472125b2af0a4d59,572a6a79dfaf6247292af8c946e3f621c520377d7eb449bd78e9b309f483fc6a,7e61f4823860ac67fc2cf7b88c0b78031ccbd9e2a1f7bf6285099b2c126d9b06,2026-08-06T11:21:41Z,2026-08-06-p2-finite-linear-memory-skill-decomposition,2.0
Elche,2017-01-01..2024-12-31,daily,GLOBAL_COMMON,4,14,ridge_direct,757,380.7225891677675,202.41699138666954,203.92525851125998,204.757844112055,178.305597781098,-1.5082671245904464,-0.8325856007950279,175.9647450557125,4a49b08b041c578ec5981dc1472125b2af0a4d59,572a6a79dfaf6247292af8c946e3f621c520377d7eb449bd78e9b309f483fc6a,7e61f4823860ac67fc2cf7b88c0b78031ccbd9e2a1f7bf6285099b2c126d9b06,2026-08-06T11:21:41Z,2026-08-06-p2-finite-linear-memory-skill-decomposition,2.0
Elche,2017-01-01..2024-12-31,daily,GLOBAL_COMMON,4,14,hgb_direct,757,380.7225891677675,202.41699138666954,203.92525851125998,221.36194362875136,178.305597781098,-1.5082671245904464,-17.43668511749138,159.36064553901616,4a49b08b041c578ec5981dc1472125b2af0a4d59,572a6a79dfaf6247292af8c946e3f621c520377d7eb449bd78e9b309f483fc6a,7e61f4823860ac67fc2cf7b88c0b78031ccbd9e2a1f7bf6285099b2c126d9b06,2026-08-06T11:21:41Z,2026-08-06-p2-finite-linear-memory-skill-decomposition,2.0
Elche,2017-01-01..2024-12-31,daily,GLOBAL_COMMON,4,21,ridge_direct,757,380.7225891677675,202.41699138666954,203.8208284329084,204.757844112055,178.305597781098,-1.4038370462388627,-0.9370156791466115,175.9647450557125,4a49b08b041c578ec5981dc1472125b2af0a4d59,572a6a79dfaf6247292af8c946e3f621c520377d7eb449bd78e9b309f483fc6a,7e61f4823860ac67fc2cf7b88c0b78031ccbd9e2a1f7bf6285099b2c126d9b06,2026-08-06T11:21:41Z,2026-08-06-p2-finite-linear-memory-skill-decomposition,2.0
Elche,2017-01-01..2024-12-31,daily,GLOBAL_COMMON,4,21,hgb_direct,757,380.7225891677675,202.41699138666954,203.8208284329084,221.36194362875136,178.305597781098,-1.4038370462388627,-17.541115195842963,159.36064553901616,4a49b08b041c578ec5981dc1472125b2af0a4d59,572a6a79dfaf6247292af8c946e3f621c520377d7eb449bd78e9b309f483fc6a,7e61f4823860ac67fc2cf7b88c0b78031ccbd9e2a1f7bf6285099b2c126d9b06,2026-08-06T11:21:41Z,2026-08-06-p2-finite-linear-memory-skill-decomposition,2.0
Elche,2017-01-01..2024-12-31,daily,GLOBAL_COMMON,5,7,ridge_direct,753,383.1394422310757,202.15857245490608,202.76454360959357,205.11323512406918,180.9808697761696,-0.6059711546874951,-2.348691514475604,178.0262071070065,4a49b08b041c578ec5981dc1472125b2af0a4d59,572a6a79dfaf6247292af8c946e3f621c520377d7eb449bd78e9b309f483fc6a,7e61f4823860ac67fc2cf7b88c0b78031ccbd9e2a1f7bf6285099b2c126d9b06,2026-08-06T11:21:41Z,2026-08-06-p2-finite-linear-memory-skill-decomposition,2.0
Elche,2017-01-01..2024-12-31,daily,GLOBAL_COMMON,5,7,hgb_direct,753,383.1394422310757,202.15857245490608,202.76454360959357,218.68284418880893,180.9808697761696,-0.6059711546874951,-15.918300579215355,164.45659804226676,4a49b08b041c578ec5981dc1472125b2af0a4d59,572a6a79dfaf6247292af8c946e3f621c520377d7eb449bd78e9b309f483fc6a,7e61f4823860ac67fc2cf7b88c0b78031ccbd9e2a1f7bf6285099b2c126d9b06,2026-08-06T11:21:41Z,2026-08-06-p2-finite-linear-memory-skill-decomposition,2.0
Elche,2017-01-01..2024-12-31,daily,GLOBAL_COMMON,5,14,ridge_direct,753,383.1394422310757,202.15857245490608,204.36649353945202,205.11323512406918,180.9808697761696,-2.2079210845459443,-0.7467415846171548,178.0262071070065,4a49b08b041c578ec5981dc1472125b2af0a4d59,572a6a79dfaf6247292af8c946e3f621c520377d7eb449bd78e9b309f483fc6a,7e61f4823860ac67fc2cf7b88c0b78031ccbd9e2a1f7bf6285099b2c126d9b06,2026-08-06T11:21:41Z,2026-08-06-p2-finite-linear-memory-skill-decomposition,2.0
Elche,2017-01-01..2024-12-31,daily,GLOBAL_COMMON,5,14,hgb_direct,753,383.1394422310757,202.15857245490608,204.36649353945202,218.68284418880893,180.9808697761696,-2.2079210845459443,-14.316350649356906,164.45659804226676,4a49b08b041c578ec5981dc1472125b2af0a4d59,572a6a79dfaf6247292af8c946e3f621c520377d7eb449bd78e9b309f483fc6a,7e61f4823860ac67fc2cf7b88c0b78031ccbd9e2a1f7bf6285099b2c126d9b06,2026-08-06T11:21:41Z,2026-08-06-p2-finite-linear-memory-skill-decomposition,2.0
Elche,2017-01-01..2024-12-31,daily,GLOBAL_COMMON,5,21,ridge_direct,753,383.1394422310757,202.15857245490608,204.64792666801995,205.11323512406918,180.9808697761696,-2.48935421311387,-0.4653084560492289,178.0262071070065,4a49b08b041c578ec5981dc1472125b2af0a4d59,572a6a79dfaf6247292af8c946e3f621c520377d7eb449bd78e9b309f483fc6a,7e61f4823860ac67fc2cf7b88c0b78031ccbd9e2a1f7bf6285099b2c126d9b06,2026-08-06T11:21:41Z,2026-08-06-p2-finite-linear-memory-skill-decomposition,2.0
Elche,2017-01-01..2024-12-31,daily,GLOBAL_COMMON,5,21,hgb_direct,753,383.1394422310757,202.15857245490608,204.64792666801995,218.68284418880893,180.9808697761696,-2.48935421311387,-14.03491752078898,164.45659804226676,4a49b08b041c578ec5981dc1472125b2af0a4d59,572a6a79dfaf6247292af8c946e3f621c520377d7eb449bd78e9b309f483fc6a,7e61f4823860ac67fc2cf7b88c0b78031ccbd9e2a1f7bf6285099b2c126d9b06,2026-08-06T11:21:41Z,2026-08-06-p2-finite-linear-memory-skill-decomposition,2.0
Elche,2017-01-01..2024-12-31,daily,GLOBAL_COMMON,6,7,ridge_direct,750,360.48,181.2709290522641,182.455461591956,185.20081524209272,179.2090709477359,-1.1845325396919009,-2.745353650136707,175.2791847579073,4a49b08b041c578ec5981dc1472125b2af0a4d59,572a6a79dfaf6247292af8c946e3f621c520377d7eb449bd78e9b309f483fc6a,7e61f4823860ac67fc2cf7b88c0b78031ccbd9e2a1f7bf6285099b2c126d9b06,2026-08-06T11:21:41Z,2026-08-06-p2-finite-linear-memory-skill-decomposition,2.0
Elche,2017-01-01..2024-12-31,daily,GLOBAL_COMMON,6,7,hgb_direct,750,360.48,181.2709290522641,182.455461591956,199.27859539803018,179.2090709477359,-1.1845325396919009,-16.823133806074168,161.20140460196984,4a49b08b041c578ec5981dc1472125b2af0a4d59,572a6a79dfaf6247292af8c946e3f621c520377d7eb449bd78e9b309f483fc6a,7e61f4823860ac67fc2cf7b88c0b78031ccbd9e2a1f7bf6285099b2c126d9b06,2026-08-06T11:21:41Z,2026-08-06-p2-finite-linear-memory-skill-decomposition,2.0
Elche,2017-01-01..2024-12-31,daily,GLOBAL_COMMON,6,14,ridge_direct,750,360.48,181.2709290522641,184.3782977650977,185.20081524209272,179.2090709477359,-3.1073687128335905,-0.8225174769950172,175.2791847579073,4a49b08b041c578ec5981dc1472125b2af0a4d59,572a6a79dfaf6247292af8c946e3f621c520377d7eb449bd78e9b309f483fc6a,7e61f4823860ac67fc2cf7b88c0b78031ccbd9e2a1f7bf6285099b2c126d9b06,2026-08-06T11:21:41Z,2026-08-06-p2-finite-linear-memory-skill-decomposition,2.0
Elche,2017-01-01..2024-12-31,daily,GLOBAL_COMMON,6,14,hgb_direct,750,360.48,181.2709290522641,184.3782977650977,199.27859539803018,179.2090709477359,-3.1073687128335905,-14.900297632932478,161.20140460196984,4a49b08b041c578ec5981dc1472125b2af0a4d59,572a6a79dfaf6247292af8c946e3f621c520377d7eb449bd78e9b309f483fc6a,7e61f4823860ac67fc2cf7b88c0b78031ccbd9e2a1f7bf6285099b2c126d9b06,2026-08-06T11:21:41Z,2026-08-06-p2-finite-linear-memory-skill-decomposition,2.0
Elche,2017-01-01..2024-12-31,daily,GLOBAL_COMMON,6,21,ridge_direct,750,360.48,181.2709290522641,184.21535684307648,185.20081524209272,179.2090709477359,-2.9444277908123695,-0.9854583990162382,175.2791847579073,4a49b08b041c578ec5981dc1472125b2af0a4d59,572a6a79dfaf6247292af8c946e3f621c520377d7eb449bd78e9b309f483fc6a,7e61f4823860ac67fc2cf7b88c0b78031ccbd9e2a1f7bf6285099b2c126d9b06,2026-08-06T11:21:41Z,2026-08-06-p2-finite-linear-memory-skill-decomposition,2.0
Elche,2017-01-01..2024-12-31,daily,GLOBAL_COMMON,6,21,hgb_direct,750,360.48,181.2709290522641,184.21535684307648,199.27859539803018,179.2090709477359,-2.9444277908123695,-15.0632385549537,161.20140460196984,4a49b08b041c578ec5981dc1472125b2af0a4d59,572a6a79dfaf6247292af8c946e3f621c520377d7eb449bd78e9b309f483fc6a,7e61f4823860ac67fc2cf7b88c0b78031ccbd9e2a1f7bf6285099b2c126d9b06,2026-08-06T11:21:41Z,2026-08-06-p2-finite-linear-memory-skill-decomposition,2.0
Elche,2017-01-01..2024-12-31,daily,GLOBAL_COMMON,7,7,ridge_direct,749,365.96395193591457,178.0612371976445,179.33366183003727,182.1260273800045,187.90271473827008,-1.2724246323927844,-2.7923655499672293,183.83792455591006,4a49b08b041c578ec5981dc1472125b2af0a4d59,572a6a79dfaf6247292af8c946e3f621c520377d7eb449bd78e9b309f483fc6a,7e61f4823860ac67fc2cf7b88c0b78031ccbd9e2a1f7bf6285099b2c126d9b06,2026-08-06T11:21:41Z,2026-08-06-p2-finite-linear-memory-skill-decomposition,2.0
Elche,2017-01-01..2024-12-31,daily,GLOBAL_COMMON,7,7,hgb_direct,749,365.96395193591457,178.0612371976445,179.33366183003727,196.73139957073184,187.90271473827008,-1.2724246323927844,-17.397737740694566,169.23255236518273,4a49b08b041c578ec5981dc1472125b2af0a4d59,572a6a79dfaf6247292af8c946e3f621c520377d7eb449bd78e9b309f483fc6a,7e61f4823860ac67fc2cf7b88c0b78031ccbd9e2a1f7bf6285099b2c126d9b06,2026-08-06T11:21:41Z,2026-08-06-p2-finite-linear-memory-skill-decomposition,2.0
Elche,2017-01-01..2024-12-31,daily,GLOBAL_COMMON,7,14,ridge_direct,749,365.96395193591457,178.0612371976445,180.89708839867075,182.1260273800045,187.90271473827008,-2.8358512010262587,-1.228938981333755,183.83792455591006,4a49b08b041c578ec5981dc1472125b2af0a4d59,572a6a79dfaf6247292af8c946e3f621c520377d7eb449bd78e9b309f483fc6a,7e61f4823860ac67fc2cf7b88c0b78031ccbd9e2a1f7bf6285099b2c126d9b06,2026-08-06T11:21:41Z,2026-08-06-p2-finite-linear-memory-skill-decomposition,2.0
Elche,2017-01-01..2024-12-31,daily,GLOBAL_COMMON,7,14,hgb_direct,749,365.96395193591457,178.0612371976445,180.89708839867075,196.73139957073184,187.90271473827008,-2.8358512010262587,-15.834311172061092,169.23255236518273,4a49b08b041c578ec5981dc1472125b2af0a4d59,572a6a79dfaf6247292af8c946e3f621c520377d7eb449bd78e9b309f483fc6a,7e61f4823860ac67fc2cf7b88c0b78031ccbd9e2a1f7bf6285099b2c126d9b06,2026-08-06T11:21:41Z,2026-08-06-p2-finite-linear-memory-skill-decomposition,2.0
Elche,2017-01-01..2024-12-31,daily,GLOBAL_COMMON,7,21,ridge_direct,749,365.96395193591457,178.0612371976445,180.77162232880758,182.1260273800045,187.90271473827008,-2.7103851311630933,-1.3544050511969203,183.83792455591006,4a49b08b041c578ec5981dc1472125b2af0a4d59,572a6a79dfaf6247292af8c946e3f621c520377d7eb449bd78e9b309f483fc6a,7e61f4823860ac67fc2cf7b88c0b78031ccbd9e2a1f7bf6285099b2c126d9b06,2026-08-06T11:21:41Z,2026-08-06-p2-finite-linear-memory-skill-decomposition,2.0
Elche,2017-01-01..2024-12-31,daily,GLOBAL_COMMON,7,21,hgb_direct,749,365.96395193591457,178.0612371976445,180.77162232880758,196.73139957073184,187.90271473827008,-2.7103851311630933,-15.959777241924257,169.23255236518273,4a49b08b041c578ec5981dc1472125b2af0a4d59,572a6a79dfaf6247292af8c946e3f621c520377d7eb449bd78e9b309f483fc6a,7e61f4823860ac67fc2cf7b88c0b78031ccbd9e2a1f7bf6285099b2c126d9b06,2026-08-06T11:21:41Z,2026-08-06-p2-finite-linear-memory-skill-decomposition,2.0
Elche,2017-01-01..2024-12-31,daily,ORDER_SPECIFIC_p7,1,7,ridge_direct,1274,149.6993720565149,113.02648684522784,114.81350597115424,119.42459345545738,36.67288521128707,-1.787019125926406,-4.611087484303141,30.27477860105752,4a49b08b041c578ec5981dc1472125b2af0a4d59,572a6a79dfaf6247292af8c946e3f621c520377d7eb449bd78e9b309f483fc6a,7e61f4823860ac67fc2cf7b88c0b78031ccbd9e2a1f7bf6285099b2c126d9b06,2026-08-06T11:21:41Z,2026-08-06-p2-finite-linear-memory-skill-decomposition,2.0
Elche,2017-01-01..2024-12-31,daily,ORDER_SPECIFIC_p7,1,7,hgb_direct,1274,149.6993720565149,113.02648684522784,114.81350597115424,133.81455486617207,36.67288521128707,-1.787019125926406,-19.00104889501783,15.88481719034283,4a49b08b041c578ec5981dc1472125b2af0a4d59,572a6a79dfaf6247292af8c946e3f621c520377d7eb449bd78e9b309f483fc6a,7e61f4823860ac67fc2cf7b88c0b78031ccbd9e2a1f7bf6285099b2c126d9b06,2026-08-06T11:21:41Z,2026-08-06-p2-finite-linear-memory-skill-decomposition,2.0
Elche,2017-01-01..2024-12-31,daily,ORDER_SPECIFIC_p7,2,7,ridge_direct,1251,263.7386091127098,154.8971700984631,156.12819778942784,157.83023563219493,108.8414390142467,-1.231027690964737,-1.7020378427670835,105.90837348051488,4a49b08b041c578ec5981dc1472125b2af0a4d59,572a6a79dfaf6247292af8c946e3f621c520377d7eb449bd78e9b309f483fc6a,7e61f4823860ac67fc2cf7b88c0b78031ccbd9e2a1f7bf6285099b2c126d9b06,2026-08-06T11:21:41Z,2026-08-06-p2-finite-linear-memory-skill-decomposition,2.0
Elche,2017-01-01..2024-12-31,daily,ORDER_SPECIFIC_p7,2,7,hgb_direct,1251,263.7386091127098,154.8971700984631,156.12819778942784,165.6769437130484,108.8414390142467,-1.231027690964737,-9.548745923620544,98.06166539966142,4a49b08b041c578ec5981dc1472125b2af0a4d59,572a6a79dfaf6247292af8c946e3f621c520377d7eb449bd78e9b309f483fc6a,7e61f4823860ac67fc2cf7b88c0b78031ccbd9e2a1f7bf6285099b2c126d9b06,2026-08-06T11:21:41Z,2026-08-06-p2-finite-linear-memory-skill-decomposition,2.0
Elche,2017-01-01..2024-12-31,daily,ORDER_SPECIFIC_p7,3,7,ridge_direct,1241,300.0112812248187,162.18476360601963,163.50348638046228,165.22669337373964,137.82651761879904,-1.318722774442648,-1.7232069932773584,134.78458785107904,4a49b08b041c578ec5981dc1472125b2af0a4d59,572a6a79dfaf6247292af8c946e3f621c520377d7eb449bd78e9b309f483fc6a,7e61f4823860ac67fc2cf7b88c0b78031ccbd9e2a1f7bf6285099b2c126d9b06,2026-08-06T11:21:41Z,2026-08-06-p2-finite-linear-memory-skill-decomposition,2.0
Elche,2017-01-01..2024-12-31,daily,ORDER_SPECIFIC_p7,3,7,hgb_direct,1241,300.0112812248187,162.18476360601963,163.50348638046228,175.16623714137535,137.82651761879904,-1.318722774442648,-11.66275076091307,124.84504408344333,4a49b08b041c578ec5981dc1472125b2af0a4d59,572a6a79dfaf6247292af8c946e3f621c520377d7eb449bd78e9b309f483fc6a,7e61f4823860ac67fc2cf7b88c0b78031ccbd9e2a1f7bf6285099b2c126d9b06,2026-08-06T11:21:41Z,2026-08-06-p2-finite-linear-memory-skill-decomposition,2.0
Elche,2017-01-01..2024-12-31,daily,ORDER_SPECIFIC_p7,4,7,ridge_direct,1234,320.0372771474878,166.90758581202692,167.97239644286518,169.84474301678625,153.1296913354609,-1.0648106308382523,-1.872346573921078,150.19253413070157,4a49b08b041c578ec5981dc1472125b2af0a4d59,572a6a79dfaf6247292af8c946e3f621c520377d7eb449bd78e9b309f483fc6a,7e61f4823860ac67fc2cf7b88c0b78031ccbd9e2a1f7bf6285099b2c126d9b06,2026-08-06T11:21:41Z,2026-08-06-p2-finite-linear-memory-skill-decomposition,2.0
Elche,2017-01-01..2024-12-31,daily,ORDER_SPECIFIC_p7,4,7,hgb_direct,1234,320.0372771474878,166.90758581202692,167.97239644286518,183.81087639628197,153.1296913354609,-1.0648106308382523,-15.838479953416794,136.22640075120586,4a49b08b041c578ec5981dc1472125b2af0a4d59,572a6a79dfaf6247292af8c946e3f621c520377d7eb449bd78e9b309f483fc6a,7e61f4823860ac67fc2cf7b88c0b78031ccbd9e2a1f7bf6285099b2c126d9b06,2026-08-06T11:21:41Z,2026-08-06-p2-finite-linear-memory-skill-decomposition,2.0
Elche,2017-01-01..2024-12-31,daily,ORDER_SPECIFIC_p7,5,7,ridge_direct,1228,327.8990228013029,167.80761393366328,168.33764594882382,170.83440694194886,160.09140886763964,-0.5300320151605433,-2.4967609931250365,157.06461585935406,4a49b08b041c578ec5981dc1472125b2af0a4d59,572a6a79dfaf6247292af8c946e3f621c520377d7eb449bd78e9b309f483fc6a,7e61f4823860ac67fc2cf7b88c0b78031ccbd9e2a1f7bf6285099b2c126d9b06,2026-08-06T11:21:41Z,2026-08-06-p2-finite-linear-memory-skill-decomposition,2.0
Elche,2017-01-01..2024-12-31,daily,ORDER_SPECIFIC_p7,5,7,hgb_direct,1228,327.8990228013029,167.80761393366328,168.33764594882382,182.67094774697026,160.09140886763964,-0.5300320151605433,-14.333301798146437,145.22807505433266,4a49b08b041c578ec5981dc1472125b2af0a4d59,572a6a79dfaf6247292af8c946e3f621c520377d7eb449bd78e9b309f483fc6a,7e61f4823860ac67fc2cf7b88c0b78031ccbd9e2a1f7bf6285099b2c126d9b06,2026-08-06T11:21:41Z,2026-08-06-p2-finite-linear-memory-skill-decomposition,2.0
Elche,2017-01-01..2024-12-31,daily,ORDER_SPECIFIC_p7,6,7,ridge_direct,1224,327.3382352941176,167.89741679987384,167.113307467925,169.67426408372754,159.44081849424379,0.7841093319488266,-2.5609566158025245,157.6639712103901,4a49b08b041c578ec5981dc1472125b2af0a4d59,572a6a79dfaf6247292af8c946e3f621c520377d7eb449bd78e9b309f483fc6a,7e61f4823860ac67fc2cf7b88c0b78031ccbd9e2a1f7bf6285099b2c126d9b06,2026-08-06T11:21:41Z,2026-08-06-p2-finite-linear-memory-skill-decomposition,2.0
Elche,2017-01-01..2024-12-31,daily,ORDER_SPECIFIC_p7,6,7,hgb_direct,1224,327.3382352941176,167.89741679987384,167.113307467925,183.69775552879437,159.44081849424379,0.7841093319488266,-16.584448060869363,143.64047976532325,4a49b08b041c578ec5981dc1472125b2af0a4d59,572a6a79dfaf6247292af8c946e3f621c520377d7eb449bd78e9b309f483fc6a,7e61f4823860ac67fc2cf7b88c0b78031ccbd9e2a1f7bf6285099b2c126d9b06,2026-08-06T11:21:41Z,2026-08-06-p2-finite-linear-memory-skill-decomposition,2.0
Elche,2017-01-01..2024-12-31,daily,ORDER_SPECIFIC_p7,7,7,ridge_direct,1215,317.3275720164609,167.93599112853013,166.8115605229765,168.304778640289,149.3915808879308,1.1244306055536413,-1.4932181173124945,149.02279337617193,4a49b08b041c578ec5981dc1472125b2af0a4d59,572a6a79dfaf6247292af8c946e3f621c520377d7eb449bd78e9b309f483fc6a,7e61f4823860ac67fc2cf7b88c0b78031ccbd9e2a1f7bf6285099b2c126d9b06,2026-08-06T11:21:41Z,2026-08-06-p2-finite-linear-memory-skill-decomposition,2.0
Elche,2017-01-01..2024-12-31,daily,ORDER_SPECIFIC_p7,7,7,hgb_direct,1215,317.3275720164609,167.93599112853013,166.8115605229765,184.32610498099118,149.3915808879308,1.1244306055536413,-17.514544458014683,133.00146703546974,4a49b08b041c578ec5981dc1472125b2af0a4d59,572a6a79dfaf6247292af8c946e3f621c520377d7eb449bd78e9b309f483fc6a,7e61f4823860ac67fc2cf7b88c0b78031ccbd9e2a1f7bf6285099b2c126d9b06,2026-08-06T11:21:41Z,2026-08-06-p2-finite-linear-memory-skill-decomposition,2.0
Elche,2017-01-01..2024-12-31,daily,ORDER_SPECIFIC_p14,1,14,ridge_direct,991,175.40161453077698,132.89545118806592,134.78740701459157,139.52905389271945,42.50616334271106,-1.8919558265256455,-4.741646878127881,35.872560638057536,4a49b08b041c578ec5981dc1472125b2af0a4d59,572a6a79dfaf6247292af8c946e3f621c520377d7eb449bd78e9b309f483fc6a,7e61f4823860ac67fc2cf7b88c0b78031ccbd9e2a1f7bf6285099b2c126d9b06,2026-08-06T11:21:41Z,2026-08-06-p2-finite-linear-memory-skill-decomposition,2.0
Elche,2017-01-01..2024-12-31,daily,ORDER_SPECIFIC_p14,1,14,hgb_direct,991,175.40161453077698,132.89545118806592,134.78740701459157,156.35770570837155,42.50616334271106,-1.8919558265256455,-21.57029869377999,19.043908822405427,4a49b08b041c578ec5981dc1472125b2af0a4d59,572a6a79dfaf6247292af8c946e3f621c520377d7eb449bd78e9b309f483fc6a,7e61f4823860ac67fc2cf7b88c0b78031ccbd9e2a1f7bf6285099b2c126d9b06,2026-08-06T11:21:41Z,2026-08-06-p2-finite-linear-memory-skill-decomposition,2.0
Elche,2017-01-01..2024-12-31,daily,ORDER_SPECIFIC_p14,2,14,ridge_direct,973,306.1572456320658,182.10122181792886,182.15280980196007,184.35578308415185,124.05602381413692,-0.05158798403121523,-2.2029732821917776,121.80146254791393,4a49b08b041c578ec5981dc1472125b2af0a4d59,572a6a79dfaf6247292af8c946e3f621c520377d7eb449bd78e9b309f483fc6a,7e61f4823860ac67fc2cf7b88c0b78031ccbd9e2a1f7bf6285099b2c126d9b06,2026-08-06T11:21:41Z,2026-08-06-p2-finite-linear-memory-skill-decomposition,2.0
Elche,2017-01-01..2024-12-31,daily,ORDER_SPECIFIC_p14,2,14,hgb_direct,973,306.1572456320658,182.10122181792886,182.15280980196007,194.10935917790937,124.05602381413692,-0.05158798403121523,-11.956549375949294,112.04788645415641,4a49b08b041c578ec5981dc1472125b2af0a4d59,572a6a79dfaf6247292af8c946e3f621c520377d7eb449bd78e9b309f483fc6a,7e61f4823860ac67fc2cf7b88c0b78031ccbd9e2a1f7bf6285099b2c126d9b06,2026-08-06T11:21:41Z,2026-08-06-p2-finite-linear-memory-skill-decomposition,2.0
Elche,2017-01-01..2024-12-31,daily,ORDER_SPECIFIC_p14,3,14,ridge_direct,966,340.0734989648033,189.6148340155492,189.39478035935474,191.46185756358196,150.4586649492541,0.22005365619446593,-2.0670772042272176,148.61164140122136,4a49b08b041c578ec5981dc1472125b2af0a4d59,572a6a79dfaf6247292af8c946e3f621c520377d7eb449bd78e9b309f483fc6a,7e61f4823860ac67fc2cf7b88c0b78031ccbd9e2a1f7bf6285099b2c126d9b06,2026-08-06T11:21:41Z,2026-08-06-p2-finite-linear-memory-skill-decomposition,2.0
Elche,2017-01-01..2024-12-31,daily,ORDER_SPECIFIC_p14,3,14,hgb_direct,966,340.0734989648033,189.6148340155492,189.39478035935474,201.76997889529852,150.4586649492541,0.22005365619446593,-12.375198535943781,138.3035200695048,4a49b08b041c578ec5981dc1472125b2af0a4d59,572a6a79dfaf6247292af8c946e3f621c520377d7eb449bd78e9b309f483fc6a,7e61f4823860ac67fc2cf7b88c0b78031ccbd9e2a1f7bf6285099b2c126d9b06,2026-08-06T11:21:41Z,2026-08-06-p2-finite-linear-memory-skill-decomposition,2.0
Elche,2017-01-01..2024-12-31,daily,ORDER_SPECIFIC_p14,4,14,ridge_direct,961,356.13423517169616,192.90076774884852,192.67076116605122,195.00091079404632,163.23346742284764,0.23000658279730146,-2.330149627995098,161.13332437764984,4a49b08b041c578ec5981dc1472125b2af0a4d59,572a6a79dfaf6247292af8c946e3f621c520377d7eb449bd78e9b309f483fc6a,7e61f4823860ac67fc2cf7b88c0b78031ccbd9e2a1f7bf6285099b2c126d9b06,2026-08-06T11:21:41Z,2026-08-06-p2-finite-linear-memory-skill-decomposition,2.0
Elche,2017-01-01..2024-12-31,daily,ORDER_SPECIFIC_p14,4,14,hgb_direct,961,356.13423517169616,192.90076774884852,192.67076116605122,210.13991320878537,163.23346742284764,0.23000658279730146,-17.46915204273415,145.9943219629108,4a49b08b041c578ec5981dc1472125b2af0a4d59,572a6a79dfaf6247292af8c946e3f621c520377d7eb449bd78e9b309f483fc6a,7e61f4823860ac67fc2cf7b88c0b78031ccbd9e2a1f7bf6285099b2c126d9b06,2026-08-06T11:21:41Z,2026-08-06-p2-finite-linear-memory-skill-decomposition,2.0
Elche,2017-01-01..2024-12-31,daily,ORDER_SPECIFIC_p14,5,14,ridge_direct,957,349.04597701149424,184.60932954522974,185.51064393501312,186.7392438895669,164.4366474662645,-0.90131438978338,-1.228599954553772,162.30673312192735,4a49b08b041c578ec5981dc1472125b2af0a4d59,572a6a79dfaf6247292af8c946e3f621c520377d7eb449bd78e9b309f483fc6a,7e61f4823860ac67fc2cf7b88c0b78031ccbd9e2a1f7bf6285099b2c126d9b06,2026-08-06T11:21:41Z,2026-08-06-p2-finite-linear-memory-skill-decomposition,2.0
Elche,2017-01-01..2024-12-31,daily,ORDER_SPECIFIC_p14,5,14,hgb_direct,957,349.04597701149424,184.60932954522974,185.51064393501312,199.56384098688437,164.4366474662645,-0.90131438978338,-14.053197051871251,149.48213602460987,4a49b08b041c578ec5981dc1472125b2af0a4d59,572a6a79dfaf6247292af8c946e3f621c520377d7eb449bd78e9b309f483fc6a,7e61f4823860ac67fc2cf7b88c0b78031ccbd9e2a1f7bf6285099b2c126d9b06,2026-08-06T11:21:41Z,2026-08-06-p2-finite-linear-memory-skill-decomposition,2.0
Elche,2017-01-01..2024-12-31,daily,ORDER_SPECIFIC_p14,6,14,ridge_direct,954,342.39622641509436,182.2649372855233,184.08827326820185,184.07743706414675,160.13128912957106,-1.8233359826785431,0.010836204055095777,158.3187893509476,4a49b08b041c578ec5981dc1472125b2af0a4d59,572a6a79dfaf6247292af8c946e3f621c520377d7eb449bd78e9b309f483fc6a,7e61f4823860ac67fc2cf7b88c0b78031ccbd9e2a1f7bf6285099b2c126d9b06,2026-08-06T11:21:41Z,2026-08-06-p2-finite-linear-memory-skill-decomposition,2.0
Elche,2017-01-01..2024-12-31,daily,ORDER_SPECIFIC_p14,6,14,hgb_direct,954,342.39622641509436,182.2649372855233,184.08827326820185,198.60752142546195,160.13128912957106,-1.8233359826785431,-14.519248157260108,143.7887049896324,4a49b08b041c578ec5981dc1472125b2af0a4d59,572a6a79dfaf6247292af8c946e3f621c520377d7eb449bd78e9b309f483fc6a,7e61f4823860ac67fc2cf7b88c0b78031ccbd9e2a1f7bf6285099b2c126d9b06,2026-08-06T11:21:41Z,2026-08-06-p2-finite-linear-memory-skill-decomposition,2.0
Elche,2017-01-01..2024-12-31,daily,ORDER_SPECIFIC_p14,7,14,ridge_direct,951,346.93375394321765,181.36958776737552,182.957035165887,183.31966795382337,165.56416617584213,-1.5874473985114719,-0.3626327879363771,163.61408598939428,4a49b08b041c578ec5981dc1472125b2af0a4d59,572a6a79dfaf6247292af8c946e3f621c520377d7eb449bd78e9b309f483fc6a,7e61f4823860ac67fc2cf7b88c0b78031ccbd9e2a1f7bf6285099b2c126d9b06,2026-08-06T11:21:41Z,2026-08-06-p2-finite-linear-memory-skill-decomposition,2.0
Elche,2017-01-01..2024-12-31,daily,ORDER_SPECIFIC_p14,7,14,hgb_direct,951,346.93375394321765,181.36958776737552,182.957035165887,198.86649208029675,165.56416617584213,-1.5874473985114719,-15.909456914409759,148.0672618629209,4a49b08b041c578ec5981dc1472125b2af0a4d59,572a6a79dfaf6247292af8c946e3f621c520377d7eb449bd78e9b309f483fc6a,7e61f4823860ac67fc2cf7b88c0b78031ccbd9e2a1f7bf6285099b2c126d9b06,2026-08-06T11:21:41Z,2026-08-06-p2-finite-linear-memory-skill-decomposition,2.0
Elche,2017-01-01..2024-12-31,daily,ORDER_SPECIFIC_p21,1,21,ridge_direct,782,181.7774936061381,140.34178889972108,144.35851151438405,149.21214923783057,41.43570470641703,-4.016722614662967,-4.853637723446525,32.565344368307535,4a49b08b041c578ec5981dc1472125b2af0a4d59,572a6a79dfaf6247292af8c946e3f621c520377d7eb449bd78e9b309f483fc6a,7e61f4823860ac67fc2cf7b88c0b78031ccbd9e2a1f7bf6285099b2c126d9b06,2026-08-06T11:21:41Z,2026-08-06-p2-finite-linear-memory-skill-decomposition,2.0
Elche,2017-01-01..2024-12-31,daily,ORDER_SPECIFIC_p21,1,21,hgb_direct,782,181.7774936061381,140.34178889972108,144.35851151438405,169.94760904010008,41.43570470641703,-4.016722614662967,-25.589097525716028,11.829884566038032,4a49b08b041c578ec5981dc1472125b2af0a4d59,572a6a79dfaf6247292af8c946e3f621c520377d7eb449bd78e9b309f483fc6a,7e61f4823860ac67fc2cf7b88c0b78031ccbd9e2a1f7bf6285099b2c126d9b06,2026-08-06T11:21:41Z,2026-08-06-p2-finite-linear-memory-skill-decomposition,2.0
Elche,2017-01-01..2024-12-31,daily,ORDER_SPECIFIC_p21,2,21,ridge_direct,770,332.2415584415584,196.15779698880064,198.6124144228911,198.52656941588646,136.08376145275778,-2.4546174340904656,0.08584500700465014,133.71498902567197,4a49b08b041c578ec5981dc1472125b2af0a4d59,572a6a79dfaf6247292af8c946e3f621c520377d7eb449bd78e9b309f483fc6a,7e61f4823860ac67fc2cf7b88c0b78031ccbd9e2a1f7bf6285099b2c126d9b06,2026-08-06T11:21:41Z,2026-08-06-p2-finite-linear-memory-skill-decomposition,2.0
Elche,2017-01-01..2024-12-31,daily,ORDER_SPECIFIC_p21,2,21,hgb_direct,770,332.2415584415584,196.15779698880064,198.6124144228911,207.52440012114923,136.08376145275778,-2.4546174340904656,-8.911985698258121,124.7171583204092,4a49b08b041c578ec5981dc1472125b2af0a4d59,572a6a79dfaf6247292af8c946e3f621c520377d7eb449bd78e9b309f483fc6a,7e61f4823860ac67fc2cf7b88c0b78031ccbd9e2a1f7bf6285099b2c126d9b06,2026-08-06T11:21:41Z,2026-08-06-p2-finite-linear-memory-skill-decomposition,2.0
Elche,2017-01-01..2024-12-31,daily,ORDER_SPECIFIC_p21,3,21,ridge_direct,763,363.389252948886,200.72595652295254,202.53972976967793,202.65959734727838,162.66329642593345,-1.8137732467253898,-0.11986757760044497,160.72965560160762,4a49b08b041c578ec5981dc1472125b2af0a4d59,572a6a79dfaf6247292af8c946e3f621c520377d7eb449bd78e9b309f483fc6a,7e61f4823860ac67fc2cf7b88c0b78031ccbd9e2a1f7bf6285099b2c126d9b06,2026-08-06T11:21:41Z,2026-08-06-p2-finite-linear-memory-skill-decomposition,2.0
Elche,2017-01-01..2024-12-31,daily,ORDER_SPECIFIC_p21,3,21,hgb_direct,763,363.389252948886,200.72595652295254,202.53972976967793,213.29366915034964,162.66329642593345,-1.8137732467253898,-10.75393938067171,150.09558379853635,4a49b08b041c578ec5981dc1472125b2af0a4d59,572a6a79dfaf6247292af8c946e3f621c520377d7eb449bd78e9b309f483fc6a,7e61f4823860ac67fc2cf7b88c0b78031ccbd9e2a1f7bf6285099b2c126d9b06,2026-08-06T11:21:41Z,2026-08-06-p2-finite-linear-memory-skill-decomposition,2.0
Elche,2017-01-01..2024-12-31,daily,ORDER_SPECIFIC_p21,4,21,ridge_direct,757,380.7225891677675,202.41699138666954,203.8208284329084,204.757844112055,178.305597781098,-1.4038370462388627,-0.9370156791466115,175.9647450557125,4a49b08b041c578ec5981dc1472125b2af0a4d59,572a6a79dfaf6247292af8c946e3f621c520377d7eb449bd78e9b309f483fc6a,7e61f4823860ac67fc2cf7b88c0b78031ccbd9e2a1f7bf6285099b2c126d9b06,2026-08-06T11:21:41Z,2026-08-06-p2-finite-linear-memory-skill-decomposition,2.0
Elche,2017-01-01..2024-12-31,daily,ORDER_SPECIFIC_p21,4,21,hgb_direct,757,380.7225891677675,202.41699138666954,203.8208284329084,221.36194362875136,178.305597781098,-1.4038370462388627,-17.541115195842963,159.36064553901616,4a49b08b041c578ec5981dc1472125b2af0a4d59,572a6a79dfaf6247292af8c946e3f621c520377d7eb449bd78e9b309f483fc6a,7e61f4823860ac67fc2cf7b88c0b78031ccbd9e2a1f7bf6285099b2c126d9b06,2026-08-06T11:21:41Z,2026-08-06-p2-finite-linear-memory-skill-decomposition,2.0
Elche,2017-01-01..2024-12-31,daily,ORDER_SPECIFIC_p21,5,21,ridge_direct,753,383.1394422310757,202.15857245490608,204.64792666801995,205.11323512406918,180.9808697761696,-2.48935421311387,-0.4653084560492289,178.0262071070065,4a49b08b041c578ec5981dc1472125b2af0a4d59,572a6a79dfaf6247292af8c946e3f621c520377d7eb449bd78e9b309f483fc6a,7e61f4823860ac67fc2cf7b88c0b78031ccbd9e2a1f7bf6285099b2c126d9b06,2026-08-06T11:21:41Z,2026-08-06-p2-finite-linear-memory-skill-decomposition,2.0
Elche,2017-01-01..2024-12-31,daily,ORDER_SPECIFIC_p21,5,21,hgb_direct,753,383.1394422310757,202.15857245490608,204.64792666801995,218.68284418880893,180.9808697761696,-2.48935421311387,-14.03491752078898,164.45659804226676,4a49b08b041c578ec5981dc1472125b2af0a4d59,572a6a79dfaf6247292af8c946e3f621c520377d7eb449bd78e9b309f483fc6a,7e61f4823860ac67fc2cf7b88c0b78031ccbd9e2a1f7bf6285099b2c126d9b06,2026-08-06T11:21:41Z,2026-08-06-p2-finite-linear-memory-skill-decomposition,2.0
Elche,2017-01-01..2024-12-31,daily,ORDER_SPECIFIC_p21,6,21,ridge_direct,750,360.48,181.2709290522641,184.21535684307648,185.20081524209272,179.2090709477359,-2.9444277908123695,-0.9854583990162382,175.2791847579073,4a49b08b041c578ec5981dc1472125b2af0a4d59,572a6a79dfaf6247292af8c946e3f621c520377d7eb449bd78e9b309f483fc6a,7e61f4823860ac67fc2cf7b88c0b78031ccbd9e2a1f7bf6285099b2c126d9b06,2026-08-06T11:21:41Z,2026-08-06-p2-finite-linear-memory-skill-decomposition,2.0
Elche,2017-01-01..2024-12-31,daily,ORDER_SPECIFIC_p21,6,21,hgb_direct,750,360.48,181.2709290522641,184.21535684307648,199.27859539803018,179.2090709477359,-2.9444277908123695,-15.0632385549537,161.20140460196984,4a49b08b041c578ec5981dc1472125b2af0a4d59,572a6a79dfaf6247292af8c946e3f621c520377d7eb449bd78e9b309f483fc6a,7e61f4823860ac67fc2cf7b88c0b78031ccbd9e2a1f7bf6285099b2c126d9b06,2026-08-06T11:21:41Z,2026-08-06-p2-finite-linear-memory-skill-decomposition,2.0
Elche,2017-01-01..2024-12-31,daily,ORDER_SPECIFIC_p21,7,21,ridge_direct,749,365.96395193591457,178.0612371976445,180.77162232880758,182.1260273800045,187.90271473827008,-2.7103851311630933,-1.3544050511969203,183.83792455591006,4a49b08b041c578ec5981dc1472125b2af0a4d59,572a6a79dfaf6247292af8c946e3f621c520377d7eb449bd78e9b309f483fc6a,7e61f4823860ac67fc2cf7b88c0b78031ccbd9e2a1f7bf6285099b2c126d9b06,2026-08-06T11:21:41Z,2026-08-06-p2-finite-linear-memory-skill-decomposition,2.0
Elche,2017-01-01..2024-12-31,daily,ORDER_SPECIFIC_p21,7,21,hgb_direct,749,365.96395193591457,178.0612371976445,180.77162232880758,196.73139957073184,187.90271473827008,-2.7103851311630933,-15.959777241924257,169.23255236518273,4a49b08b041c578ec5981dc1472125b2af0a4d59,572a6a79dfaf6247292af8c946e3f621c520377d7eb449bd78e9b309f483fc6a,7e61f4823860ac67fc2cf7b88c0b78031ccbd9e2a1f7bf6285099b2c126d9b06,2026-08-06T11:21:41Z,2026-08-06-p2-finite-linear-memory-skill-decomposition,2.0
Valencia Vivers,2017-01-01..2024-12-31,daily,GLOBAL_COMMON,1,7,ridge_direct,1180,91.43559322033899,74.48917754288935,74.5706649113212,74.78976761650006,16.946415677449636,-0.08148736843185134,-0.21910270517885522,16.64582560383893,4a49b08b041c578ec5981dc1472125b2af0a4d59,572a6a79dfaf6247292af8c946e3f621c520377d7eb449bd78e9b309f483fc6a,7e61f4823860ac67fc2cf7b88c0b78031ccbd9e2a1f7bf6285099b2c126d9b06,2026-08-06T11:21:41Z,2026-08-06-p2-finite-linear-memory-skill-decomposition,2.0
Valencia Vivers,2017-01-01..2024-12-31,daily,GLOBAL_COMMON,1,7,hgb_direct,1180,91.43559322033899,74.48917754288935,74.5706649113212,77.96124150957408,16.946415677449636,-0.08148736843185134,-3.3905765982528777,13.474351710764907,4a49b08b041c578ec5981dc1472125b2af0a4d59,572a6a79dfaf6247292af8c946e3f621c520377d7eb449bd78e9b309f483fc6a,7e61f4823860ac67fc2cf7b88c0b78031ccbd9e2a1f7bf6285099b2c126d9b06,2026-08-06T11:21:41Z,2026-08-06-p2-finite-linear-memory-skill-decomposition,2.0
Valencia Vivers,2017-01-01..2024-12-31,daily,GLOBAL_COMMON,1,14,ridge_direct,1180,91.43559322033899,74.48917754288935,75.19379955757398,74.78976761650006,16.946415677449636,-0.7046220146846309,0.40403194107392437,16.64582560383893,4a49b08b041c578ec5981dc1472125b2af0a4d59,572a6a79dfaf6247292af8c946e3f621c520377d7eb449bd78e9b309f483fc6a,7e61f4823860ac67fc2cf7b88c0b78031ccbd9e2a1f7bf6285099b2c126d9b06,2026-08-06T11:21:41Z,2026-08-06-p2-finite-linear-memory-skill-decomposition,2.0
Valencia Vivers,2017-01-01..2024-12-31,daily,GLOBAL_COMMON,1,14,hgb_direct,1180,91.43559322033899,74.48917754288935,75.19379955757398,77.96124150957408,16.946415677449636,-0.7046220146846309,-2.767441952000098,13.474351710764907,4a49b08b041c578ec5981dc1472125b2af0a4d59,572a6a79dfaf6247292af8c946e3f621c520377d7eb449bd78e9b309f483fc6a,7e61f4823860ac67fc2cf7b88c0b78031ccbd9e2a1f7bf6285099b2c126d9b06,2026-08-06T11:21:41Z,2026-08-06-p2-finite-linear-memory-skill-decomposition,2.0
Valencia Vivers,2017-01-01..2024-12-31,daily,GLOBAL_COMMON,1,21,ridge_direct,1180,91.43559322033899,74.48917754288935,74.7440672001127,74.78976761650006,16.946415677449636,-0.25488965722334456,-0.045700416387362,16.64582560383893,4a49b08b041c578ec5981dc1472125b2af0a4d59,572a6a79dfaf6247292af8c946e3f621c520377d7eb449bd78e9b309f483fc6a,7e61f4823860ac67fc2cf7b88c0b78031ccbd9e2a1f7bf6285099b2c126d9b06,2026-08-06T11:21:41Z,2026-08-06-p2-finite-linear-memory-skill-decomposition,2.0
Valencia Vivers,2017-01-01..2024-12-31,daily,GLOBAL_COMMON,1,21,hgb_direct,1180,91.43559322033899,74.48917754288935,74.7440672001127,77.96124150957408,16.946415677449636,-0.25488965722334456,-3.2171743094613845,13.474351710764907,4a49b08b041c578ec5981dc1472125b2af0a4d59,572a6a79dfaf6247292af8c946e3f621c520377d7eb449bd78e9b309f483fc6a,7e61f4823860ac67fc2cf7b88c0b78031ccbd9e2a1f7bf6285099b2c126d9b06,2026-08-06T11:21:41Z,2026-08-06-p2-finite-linear-memory-skill-decomposition,2.0
Valencia Vivers,2017-01-01..2024-12-31,daily,GLOBAL_COMMON,2,7,ridge_direct,1171,145.27754056362085,97.14154938928837,96.48713682993511,97.09883085457896,48.135991174332474,0.6544125593532613,-0.6116940246438531,48.17870970904188,4a49b08b041c578ec5981dc1472125b2af0a4d59,572a6a79dfaf6247292af8c946e3f621c520377d7eb449bd78e9b309f483fc6a,7e61f4823860ac67fc2cf7b88c0b78031ccbd9e2a1f7bf6285099b2c126d9b06,2026-08-06T11:21:41Z,2026-08-06-p2-finite-linear-memory-skill-decomposition,2.0
Valencia Vivers,2017-01-01..2024-12-31,daily,GLOBAL_COMMON,2,7,hgb_direct,1171,145.27754056362085,97.14154938928837,96.48713682993511,94.2036514596588,48.135991174332474,0.6544125593532613,2.28348537027631,51.073889103962046,4a49b08b041c578ec5981dc1472125b2af0a4d59,572a6a79dfaf6247292af8c946e3f621c520377d7eb449bd78e9b309f483fc6a,7e61f4823860ac67fc2cf7b88c0b78031ccbd9e2a1f7bf6285099b2c126d9b06,2026-08-06T11:21:41Z,2026-08-06-p2-finite-linear-memory-skill-decomposition,2.0
Valencia Vivers,2017-01-01..2024-12-31,daily,GLOBAL_COMMON,2,14,ridge_direct,1171,145.27754056362085,97.14154938928837,96.66019370643671,97.09883085457896,48.135991174332474,0.48135568285165675,-0.43863714814224863,48.17870970904188,4a49b08b041c578ec5981dc1472125b2af0a4d59,572a6a79dfaf6247292af8c946e3f621c520377d7eb449bd78e9b309f483fc6a,7e61f4823860ac67fc2cf7b88c0b78031ccbd9e2a1f7bf6285099b2c126d9b06,2026-08-06T11:21:41Z,2026-08-06-p2-finite-linear-memory-skill-decomposition,2.0
Valencia Vivers,2017-01-01..2024-12-31,daily,GLOBAL_COMMON,2,14,hgb_direct,1171,145.27754056362085,97.14154938928837,96.66019370643671,94.2036514596588,48.135991174332474,0.48135568285165675,2.4565422467779143,51.073889103962046,4a49b08b041c578ec5981dc1472125b2af0a4d59,572a6a79dfaf6247292af8c946e3f621c520377d7eb449bd78e9b309f483fc6a,7e61f4823860ac67fc2cf7b88c0b78031ccbd9e2a1f7bf6285099b2c126d9b06,2026-08-06T11:21:41Z,2026-08-06-p2-finite-linear-memory-skill-decomposition,2.0
Valencia Vivers,2017-01-01..2024-12-31,daily,GLOBAL_COMMON,2,21,ridge_direct,1171,145.27754056362085,97.14154938928837,96.70036375301362,97.09883085457896,48.135991174332474,0.4411856362747528,-0.3984671015653447,48.17870970904188,4a49b08b041c578ec5981dc1472125b2af0a4d59,572a6a79dfaf6247292af8c946e3f621c520377d7eb449bd78e9b309f483fc6a,7e61f4823860ac67fc2cf7b88c0b78031ccbd9e2a1f7bf6285099b2c126d9b06,2026-08-06T11:21:41Z,2026-08-06-p2-finite-linear-memory-skill-decomposition,2.0
Valencia Vivers,2017-01-01..2024-12-31,daily,GLOBAL_COMMON,2,21,hgb_direct,1171,145.27754056362085,97.14154938928837,96.70036375301362,94.2036514596588,48.135991174332474,0.4411856362747528,2.4967122933548183,51.073889103962046,4a49b08b041c578ec5981dc1472125b2af0a4d59,572a6a79dfaf6247292af8c946e3f621c520377d7eb449bd78e9b309f483fc6a,7e61f4823860ac67fc2cf7b88c0b78031ccbd9e2a1f7bf6285099b2c126d9b06,2026-08-06T11:21:41Z,2026-08-06-p2-finite-linear-memory-skill-decomposition,2.0
Valencia Vivers,2017-01-01..2024-12-31,daily,GLOBAL_COMMON,3,7,ridge_direct,1163,158.60791057609632,99.080481582416,99.44016656308573,99.90061689316269,59.52742899368032,-0.35968498066972643,-0.46045033007696645,58.707293682933624,4a49b08b041c578ec5981dc1472125b2af0a4d59,572a6a79dfaf6247292af8c946e3f621c520377d7eb449bd78e9b309f483fc6a,7e61f4823860ac67fc2cf7b88c0b78031ccbd9e2a1f7bf6285099b2c126d9b06,2026-08-06T11:21:41Z,2026-08-06-p2-finite-linear-memory-skill-decomposition,2.0
Valencia Vivers,2017-01-01..2024-12-31,daily,GLOBAL_COMMON,3,7,hgb_direct,1163,158.60791057609632,99.080481582416,99.44016656308573,100.60799222211068,59.52742899368032,-0.35968498066972643,-1.167825659024956,57.999918353985635,4a49b08b041c578ec5981dc1472125b2af0a4d59,572a6a79dfaf6247292af8c946e3f621c520377d7eb449bd78e9b309f483fc6a,7e61f4823860ac67fc2cf7b88c0b78031ccbd9e2a1f7bf6285099b2c126d9b06,2026-08-06T11:21:41Z,2026-08-06-p2-finite-linear-memory-skill-decomposition,2.0
Valencia Vivers,2017-01-01..2024-12-31,daily,GLOBAL_COMMON,3,14,ridge_direct,1163,158.60791057609632,99.080481582416,99.32723485373562,99.90061689316269,59.52742899368032,-0.24675327131961922,-0.5733820394270737,58.707293682933624,4a49b08b041c578ec5981dc1472125b2af0a4d59,572a6a79dfaf6247292af8c946e3f621c520377d7eb449bd78e9b309f483fc6a,7e61f4823860ac67fc2cf7b88c0b78031ccbd9e2a1f7bf6285099b2c126d9b06,2026-08-06T11:21:41Z,2026-08-06-p2-finite-linear-memory-skill-decomposition,2.0
Valencia Vivers,2017-01-01..2024-12-31,daily,GLOBAL_COMMON,3,14,hgb_direct,1163,158.60791057609632,99.080481582416,99.32723485373562,100.60799222211068,59.52742899368032,-0.24675327131961922,-1.2807573683750633,57.999918353985635,4a49b08b041c578ec5981dc1472125b2af0a4d59,572a6a79dfaf6247292af8c946e3f621c520377d7eb449bd78e9b309f483fc6a,7e61f4823860ac67fc2cf7b88c0b78031ccbd9e2a1f7bf6285099b2c126d9b06,2026-08-06T11:21:41Z,2026-08-06-p2-finite-linear-memory-skill-decomposition,2.0
Valencia Vivers,2017-01-01..2024-12-31,daily,GLOBAL_COMMON,3,21,ridge_direct,1163,158.60791057609632,99.080481582416,99.66716700098178,99.90061689316269,59.52742899368032,-0.5866854185657786,-0.23344989218091428,58.707293682933624,4a49b08b041c578ec5981dc1472125b2af0a4d59,572a6a79dfaf6247292af8c946e3f621c520377d7eb449bd78e9b309f483fc6a,7e61f4823860ac67fc2cf7b88c0b78031ccbd9e2a1f7bf6285099b2c126d9b06,2026-08-06T11:21:41Z,2026-08-06-p2-finite-linear-memory-skill-decomposition,2.0
Valencia Vivers,2017-01-01..2024-12-31,daily,GLOBAL_COMMON,3,21,hgb_direct,1163,158.60791057609632,99.080481582416,99.66716700098178,100.60799222211068,59.52742899368032,-0.5866854185657786,-0.9408252211289039,57.999918353985635,4a49b08b041c578ec5981dc1472125b2af0a4d59,572a6a79dfaf6247292af8c946e3f621c520377d7eb449bd78e9b309f483fc6a,7e61f4823860ac67fc2cf7b88c0b78031ccbd9e2a1f7bf6285099b2c126d9b06,2026-08-06T11:21:41Z,2026-08-06-p2-finite-linear-memory-skill-decomposition,2.0
Valencia Vivers,2017-01-01..2024-12-31,daily,GLOBAL_COMMON,4,7,ridge_direct,1155,167.75670995670995,98.61213964782365,98.80652117629641,98.79106018491436,69.1445703088863,-0.19438152847276058,0.015460991382056477,68.9656497717956,4a49b08b041c578ec5981dc1472125b2af0a4d59,572a6a79dfaf6247292af8c946e3f621c520377d7eb449bd78e9b309f483fc6a,7e61f4823860ac67fc2cf7b88c0b78031ccbd9e2a1f7bf6285099b2c126d9b06,2026-08-06T11:21:41Z,2026-08-06-p2-finite-linear-memory-skill-decomposition,2.0
Valencia Vivers,2017-01-01..2024-12-31,daily,GLOBAL_COMMON,4,7,hgb_direct,1155,167.75670995670995,98.61213964782365,98.80652117629641,100.99368456539462,69.1445703088863,-0.19438152847276058,-2.1871633890982025,66.76302539131534,4a49b08b041c578ec5981dc1472125b2af0a4d59,572a6a79dfaf6247292af8c946e3f621c520377d7eb449bd78e9b309f483fc6a,7e61f4823860ac67fc2cf7b88c0b78031ccbd9e2a1f7bf6285099b2c126d9b06,2026-08-06T11:21:41Z,2026-08-06-p2-finite-linear-memory-skill-decomposition,2.0
Valencia Vivers,2017-01-01..2024-12-31,daily,GLOBAL_COMMON,4,14,ridge_direct,1155,167.75670995670995,98.61213964782365,98.83405045225813,98.79106018491436,69.1445703088863,-0.2219108044344722,0.042990267343768096,68.9656497717956,4a49b08b041c578ec5981dc1472125b2af0a4d59,572a6a79dfaf6247292af8c946e3f621c520377d7eb449bd78e9b309f483fc6a,7e61f4823860ac67fc2cf7b88c0b78031ccbd9e2a1f7bf6285099b2c126d9b06,2026-08-06T11:21:41Z,2026-08-06-p2-finite-linear-memory-skill-decomposition,2.0
Valencia Vivers,2017-01-01..2024-12-31,daily,GLOBAL_COMMON,4,14,hgb_direct,1155,167.75670995670995,98.61213964782365,98.83405045225813,100.99368456539462,69.1445703088863,-0.2219108044344722,-2.159634113136491,66.76302539131534,4a49b08b041c578ec5981dc1472125b2af0a4d59,572a6a79dfaf6247292af8c946e3f621c520377d7eb449bd78e9b309f483fc6a,7e61f4823860ac67fc2cf7b88c0b78031ccbd9e2a1f7bf6285099b2c126d9b06,2026-08-06T11:21:41Z,2026-08-06-p2-finite-linear-memory-skill-decomposition,2.0
Valencia Vivers,2017-01-01..2024-12-31,daily,GLOBAL_COMMON,4,21,ridge_direct,1155,167.75670995670995,98.61213964782365,98.94295906173737,98.79106018491436,69.1445703088863,-0.3308194139137157,0.15189887682301162,68.9656497717956,4a49b08b041c578ec5981dc1472125b2af0a4d59,572a6a79dfaf6247292af8c946e3f621c520377d7eb449bd78e9b309f483fc6a,7e61f4823860ac67fc2cf7b88c0b78031ccbd9e2a1f7bf6285099b2c126d9b06,2026-08-06T11:21:41Z,2026-08-06-p2-finite-linear-memory-skill-decomposition,2.0
Valencia Vivers,2017-01-01..2024-12-31,daily,GLOBAL_COMMON,4,21,hgb_direct,1155,167.75670995670995,98.61213964782365,98.94295906173737,100.99368456539462,69.1445703088863,-0.3308194139137157,-2.0507255036572474,66.76302539131534,4a49b08b041c578ec5981dc1472125b2af0a4d59,572a6a79dfaf6247292af8c946e3f621c520377d7eb449bd78e9b309f483fc6a,7e61f4823860ac67fc2cf7b88c0b78031ccbd9e2a1f7bf6285099b2c126d9b06,2026-08-06T11:21:41Z,2026-08-06-p2-finite-linear-memory-skill-decomposition,2.0
Valencia Vivers,2017-01-01..2024-12-31,daily,GLOBAL_COMMON,5,7,ridge_direct,1147,178.79860505666957,98.2279535625905,97.29941105396247,97.15125984809431,80.57065149407907,0.928542508628027,0.14815120586816022,81.64734520857526,4a49b08b041c578ec5981dc1472125b2af0a4d59,572a6a79dfaf6247292af8c946e3f621c520377d7eb449bd78e9b309f483fc6a,7e61f4823860ac67fc2cf7b88c0b78031ccbd9e2a1f7bf6285099b2c126d9b06,2026-08-06T11:21:41Z,2026-08-06-p2-finite-linear-memory-skill-decomposition,2.0
Valencia Vivers,2017-01-01..2024-12-31,daily,GLOBAL_COMMON,5,7,hgb_direct,1147,178.79860505666957,98.2279535625905,97.29941105396247,99.79049083885927,80.57065149407907,0.928542508628027,-2.4910797848967974,79.0081142178103,4a49b08b041c578ec5981dc1472125b2af0a4d59,572a6a79dfaf6247292af8c946e3f621c520377d7eb449bd78e9b309f483fc6a,7e61f4823860ac67fc2cf7b88c0b78031ccbd9e2a1f7bf6285099b2c126d9b06,2026-08-06T11:21:41Z,2026-08-06-p2-finite-linear-memory-skill-decomposition,2.0
Valencia Vivers,2017-01-01..2024-12-31,daily,GLOBAL_COMMON,5,14,ridge_direct,1147,178.79860505666957,98.2279535625905,97.53280883341935,97.15125984809431,80.57065149407907,0.6951447291711474,0.3815489853250398,81.64734520857526,4a49b08b041c578ec5981dc1472125b2af0a4d59,572a6a79dfaf6247292af8c946e3f621c520377d7eb449bd78e9b309f483fc6a,7e61f4823860ac67fc2cf7b88c0b78031ccbd9e2a1f7bf6285099b2c126d9b06,2026-08-06T11:21:41Z,2026-08-06-p2-finite-linear-memory-skill-decomposition,2.0
Valencia Vivers,2017-01-01..2024-12-31,daily,GLOBAL_COMMON,5,14,hgb_direct,1147,178.79860505666957,98.2279535625905,97.53280883341935,99.79049083885927,80.57065149407907,0.6951447291711474,-2.257682005439918,79.0081142178103,4a49b08b041c578ec5981dc1472125b2af0a4d59,572a6a79dfaf6247292af8c946e3f621c520377d7eb449bd78e9b309f483fc6a,7e61f4823860ac67fc2cf7b88c0b78031ccbd9e2a1f7bf6285099b2c126d9b06,2026-08-06T11:21:41Z,2026-08-06-p2-finite-linear-memory-skill-decomposition,2.0
Valencia Vivers,2017-01-01..2024-12-31,daily,GLOBAL_COMMON,5,21,ridge_direct,1147,178.79860505666957,98.2279535625905,97.66315411113405,97.15125984809431,80.57065149407907,0.5647994514564516,0.5118942630397356,81.64734520857526,4a49b08b041c578ec5981dc1472125b2af0a4d59,572a6a79dfaf6247292af8c946e3f621c520377d7eb449bd78e9b309f483fc6a,7e61f4823860ac67fc2cf7b88c0b78031ccbd9e2a1f7bf6285099b2c126d9b06,2026-08-06T11:21:41Z,2026-08-06-p2-finite-linear-memory-skill-decomposition,2.0
Valencia Vivers,2017-01-01..2024-12-31,daily,GLOBAL_COMMON,5,21,hgb_direct,1147,178.79860505666957,98.2279535625905,97.66315411113405,99.79049083885927,80.57065149407907,0.5647994514564516,-2.127336727725222,79.0081142178103,4a49b08b041c578ec5981dc1472125b2af0a4d59,572a6a79dfaf6247292af8c946e3f621c520377d7eb449bd78e9b309f483fc6a,7e61f4823860ac67fc2cf7b88c0b78031ccbd9e2a1f7bf6285099b2c126d9b06,2026-08-06T11:21:41Z,2026-08-06-p2-finite-linear-memory-skill-decomposition,2.0
Valencia Vivers,2017-01-01..2024-12-31,daily,GLOBAL_COMMON,6,7,ridge_direct,1143,182.3429571303587,98.29500886119433,97.12015071675337,97.02501286082831,84.04794826916438,1.174858144440961,0.09513785592505997,85.3179442695304,4a49b08b041c578ec5981dc1472125b2af0a4d59,572a6a79dfaf6247292af8c946e3f621c520377d7eb449bd78e9b309f483fc6a,7e61f4823860ac67fc2cf7b88c0b78031ccbd9e2a1f7bf6285099b2c126d9b06,2026-08-06T11:21:41Z,2026-08-06-p2-finite-linear-memory-skill-decomposition,2.0
Valencia Vivers,2017-01-01..2024-12-31,daily,GLOBAL_COMMON,6,7,hgb_direct,1143,182.3429571303587,98.29500886119433,97.12015071675337,101.28301284109385,84.04794826916438,1.174858144440961,-4.162862124340478,81.05994428926486,4a49b08b041c578ec5981dc1472125b2af0a4d59,572a6a79dfaf6247292af8c946e3f621c520377d7eb449bd78e9b309f483fc6a,7e61f4823860ac67fc2cf7b88c0b78031ccbd9e2a1f7bf6285099b2c126d9b06,2026-08-06T11:21:41Z,2026-08-06-p2-finite-linear-memory-skill-decomposition,2.0
Valencia Vivers,2017-01-01..2024-12-31,daily,GLOBAL_COMMON,6,14,ridge_direct,1143,182.3429571303587,98.29500886119433,97.04399603420961,97.02501286082831,84.04794826916438,1.25101282698472,0.018983173381300844,85.3179442695304,4a49b08b041c578ec5981dc1472125b2af0a4d59,572a6a79dfaf6247292af8c946e3f621c520377d7eb449bd78e9b309f483fc6a,7e61f4823860ac67fc2cf7b88c0b78031ccbd9e2a1f7bf6285099b2c126d9b06,2026-08-06T11:21:41Z,2026-08-06-p2-finite-linear-memory-skill-decomposition,2.0
Valencia Vivers,2017-01-01..2024-12-31,daily,GLOBAL_COMMON,6,14,hgb_direct,1143,182.3429571303587,98.29500886119433,97.04399603420961,101.28301284109385,84.04794826916438,1.25101282698472,-4.239016806884237,81.05994428926486,4a49b08b041c578ec5981dc1472125b2af0a4d59,572a6a79dfaf6247292af8c946e3f621c520377d7eb449bd78e9b309f483fc6a,7e61f4823860ac67fc2cf7b88c0b78031ccbd9e2a1f7bf6285099b2c126d9b06,2026-08-06T11:21:41Z,2026-08-06-p2-finite-linear-memory-skill-decomposition,2.0
Valencia Vivers,2017-01-01..2024-12-31,daily,GLOBAL_COMMON,6,21,ridge_direct,1143,182.3429571303587,98.29500886119433,97.38196719302422,97.02501286082831,84.04794826916438,0.9130416681701092,0.35695433219591166,85.3179442695304,4a49b08b041c578ec5981dc1472125b2af0a4d59,572a6a79dfaf6247292af8c946e3f621c520377d7eb449bd78e9b309f483fc6a,7e61f4823860ac67fc2cf7b88c0b78031ccbd9e2a1f7bf6285099b2c126d9b06,2026-08-06T11:21:41Z,2026-08-06-p2-finite-linear-memory-skill-decomposition,2.0
Valencia Vivers,2017-01-01..2024-12-31,daily,GLOBAL_COMMON,6,21,hgb_direct,1143,182.3429571303587,98.29500886119433,97.38196719302422,101.28301284109385,84.04794826916438,0.9130416681701092,-3.9010456480696263,81.05994428926486,4a49b08b041c578ec5981dc1472125b2af0a4d59,572a6a79dfaf6247292af8c946e3f621c520377d7eb449bd78e9b309f483fc6a,7e61f4823860ac67fc2cf7b88c0b78031ccbd9e2a1f7bf6285099b2c126d9b06,2026-08-06T11:21:41Z,2026-08-06-p2-finite-linear-memory-skill-decomposition,2.0
Valencia Vivers,2017-01-01..2024-12-31,daily,GLOBAL_COMMON,7,7,ridge_direct,1138,188.07644991212655,98.79606309613361,96.64165094645038,96.45061005154177,89.28038681599294,2.1544121496832247,0.19104089490861043,91.62583986058478,4a49b08b041c578ec5981dc1472125b2af0a4d59,572a6a79dfaf6247292af8c946e3f621c520377d7eb449bd78e9b309f483fc6a,7e61f4823860ac67fc2cf7b88c0b78031ccbd9e2a1f7bf6285099b2c126d9b06,2026-08-06T11:21:41Z,2026-08-06-p2-finite-linear-memory-skill-decomposition,2.0
Valencia Vivers,2017-01-01..2024-12-31,daily,GLOBAL_COMMON,7,7,hgb_direct,1138,188.07644991212655,98.79606309613361,96.64165094645038,101.78925666482176,89.28038681599294,2.1544121496832247,-5.147605718371381,86.28719324730478,4a49b08b041c578ec5981dc1472125b2af0a4d59,572a6a79dfaf6247292af8c946e3f621c520377d7eb449bd78e9b309f483fc6a,7e61f4823860ac67fc2cf7b88c0b78031ccbd9e2a1f7bf6285099b2c126d9b06,2026-08-06T11:21:41Z,2026-08-06-p2-finite-linear-memory-skill-decomposition,2.0
Valencia Vivers,2017-01-01..2024-12-31,daily,GLOBAL_COMMON,7,14,ridge_direct,1138,188.07644991212655,98.79606309613361,96.65994839518704,96.45061005154177,89.28038681599294,2.136114700946564,0.20933834364527115,91.62583986058478,4a49b08b041c578ec5981dc1472125b2af0a4d59,572a6a79dfaf6247292af8c946e3f621c520377d7eb449bd78e9b309f483fc6a,7e61f4823860ac67fc2cf7b88c0b78031ccbd9e2a1f7bf6285099b2c126d9b06,2026-08-06T11:21:41Z,2026-08-06-p2-finite-linear-memory-skill-decomposition,2.0
Valencia Vivers,2017-01-01..2024-12-31,daily,GLOBAL_COMMON,7,14,hgb_direct,1138,188.07644991212655,98.79606309613361,96.65994839518704,101.78925666482176,89.28038681599294,2.136114700946564,-5.12930826963472,86.28719324730478,4a49b08b041c578ec5981dc1472125b2af0a4d59,572a6a79dfaf6247292af8c946e3f621c520377d7eb449bd78e9b309f483fc6a,7e61f4823860ac67fc2cf7b88c0b78031ccbd9e2a1f7bf6285099b2c126d9b06,2026-08-06T11:21:41Z,2026-08-06-p2-finite-linear-memory-skill-decomposition,2.0
Valencia Vivers,2017-01-01..2024-12-31,daily,GLOBAL_COMMON,7,21,ridge_direct,1138,188.07644991212655,98.79606309613361,97.18094651699148,96.45061005154177,89.28038681599294,1.615116579142125,0.7303364654497102,91.62583986058478,4a49b08b041c578ec5981dc1472125b2af0a4d59,572a6a79dfaf6247292af8c946e3f621c520377d7eb449bd78e9b309f483fc6a,7e61f4823860ac67fc2cf7b88c0b78031ccbd9e2a1f7bf6285099b2c126d9b06,2026-08-06T11:21:41Z,2026-08-06-p2-finite-linear-memory-skill-decomposition,2.0
Valencia Vivers,2017-01-01..2024-12-31,daily,GLOBAL_COMMON,7,21,hgb_direct,1138,188.07644991212655,98.79606309613361,97.18094651699148,101.78925666482176,89.28038681599294,1.615116579142125,-4.608310147830281,86.28719324730478,4a49b08b041c578ec5981dc1472125b2af0a4d59,572a6a79dfaf6247292af8c946e3f621c520377d7eb449bd78e9b309f483fc6a,7e61f4823860ac67fc2cf7b88c0b78031ccbd9e2a1f7bf6285099b2c126d9b06,2026-08-06T11:21:41Z,2026-08-06-p2-finite-linear-memory-skill-decomposition,2.0
Valencia Vivers,2017-01-01..2024-12-31,daily,GLOBAL_COMMON_WITH_SARIMA,1,7,ridge_direct,84,107.26190476190476,107.74957159370206,105.73209077427191,107.91418197384739,-0.48766683179729853,2.0174808194301477,-2.1820911995754813,-0.6522772119426321,4a49b08b041c578ec5981dc1472125b2af0a4d59,572a6a79dfaf6247292af8c946e3f621c520377d7eb449bd78e9b309f483fc6a,7e61f4823860ac67fc2cf7b88c0b78031ccbd9e2a1f7bf6285099b2c126d9b06,2026-08-06T11:21:41Z,2026-08-06-p2-finite-linear-memory-skill-decomposition,2.0
Valencia Vivers,2017-01-01..2024-12-31,daily,GLOBAL_COMMON_WITH_SARIMA,1,7,hgb_direct,84,107.26190476190476,107.74957159370206,105.73209077427191,108.56820993163232,-0.48766683179729853,2.0174808194301477,-2.8361191573604145,-1.3063051697275654,4a49b08b041c578ec5981dc1472125b2af0a4d59,572a6a79dfaf6247292af8c946e3f621c520377d7eb449bd78e9b309f483fc6a,7e61f4823860ac67fc2cf7b88c0b78031ccbd9e2a1f7bf6285099b2c126d9b06,2026-08-06T11:21:41Z,2026-08-06-p2-finite-linear-memory-skill-decomposition,2.0
Valencia Vivers,2017-01-01..2024-12-31,daily,GLOBAL_COMMON_WITH_SARIMA,1,7,sarima,84,107.26190476190476,107.74957159370206,105.73209077427191,109.25624438866832,-0.48766683179729853,2.0174808194301477,-3.524153614396411,-1.994339626763562,4a49b08b041c578ec5981dc1472125b2af0a4d59,572a6a79dfaf6247292af8c946e3f621c520377d7eb449bd78e9b309f483fc6a,7e61f4823860ac67fc2cf7b88c0b78031ccbd9e2a1f7bf6285099b2c126d9b06,2026-08-06T11:21:41Z,2026-08-06-p2-finite-linear-memory-skill-decomposition,2.0
Valencia Vivers,2017-01-01..2024-12-31,daily,GLOBAL_COMMON_WITH_SARIMA,1,14,ridge_direct,84,107.26190476190476,107.74957159370206,107.62315315004723,107.91418197384739,-0.48766683179729853,0.12641844365482768,-0.29102882380016126,-0.6522772119426321,4a49b08b041c578ec5981dc1472125b2af0a4d59,572a6a79dfaf6247292af8c946e3f621c520377d7eb449bd78e9b309f483fc6a,7e61f4823860ac67fc2cf7b88c0b78031ccbd9e2a1f7bf6285099b2c126d9b06,2026-08-06T11:21:41Z,2026-08-06-p2-finite-linear-memory-skill-decomposition,2.0
Valencia Vivers,2017-01-01..2024-12-31,daily,GLOBAL_COMMON_WITH_SARIMA,1,14,hgb_direct,84,107.26190476190476,107.74957159370206,107.62315315004723,108.56820993163232,-0.48766683179729853,0.12641844365482768,-0.9450567815850945,-1.3063051697275654,4a49b08b041c578ec5981dc1472125b2af0a4d59,572a6a79dfaf6247292af8c946e3f621c520377d7eb449bd78e9b309f483fc6a,7e61f4823860ac67fc2cf7b88c0b78031ccbd9e2a1f7bf6285099b2c126d9b06,2026-08-06T11:21:41Z,2026-08-06-p2-finite-linear-memory-skill-decomposition,2.0
Valencia Vivers,2017-01-01..2024-12-31,daily,GLOBAL_COMMON_WITH_SARIMA,1,14,sarima,84,107.26190476190476,107.74957159370206,107.62315315004723,109.25624438866832,-0.48766683179729853,0.12641844365482768,-1.6330912386210912,-1.994339626763562,4a49b08b041c578ec5981dc1472125b2af0a4d59,572a6a79dfaf6247292af8c946e3f621c520377d7eb449bd78e9b309f483fc6a,7e61f4823860ac67fc2cf7b88c0b78031ccbd9e2a1f7bf6285099b2c126d9b06,2026-08-06T11:21:41Z,2026-08-06-p2-finite-linear-memory-skill-decomposition,2.0
Valencia Vivers,2017-01-01..2024-12-31,daily,GLOBAL_COMMON_WITH_SARIMA,1,21,ridge_direct,84,107.26190476190476,107.74957159370206,105.66704003921933,107.91418197384739,-0.48766683179729853,2.0825315544827276,-2.247141934628061,-0.6522772119426321,4a49b08b041c578ec5981dc1472125b2af0a4d59,572a6a79dfaf6247292af8c946e3f621c520377d7eb449bd78e9b309f483fc6a,7e61f4823860ac67fc2cf7b88c0b78031ccbd9e2a1f7bf6285099b2c126d9b06,2026-08-06T11:21:41Z,2026-08-06-p2-finite-linear-memory-skill-decomposition,2.0
Valencia Vivers,2017-01-01..2024-12-31,daily,GLOBAL_COMMON_WITH_SARIMA,1,21,hgb_direct,84,107.26190476190476,107.74957159370206,105.66704003921933,108.56820993163232,-0.48766683179729853,2.0825315544827276,-2.9011698924129945,-1.3063051697275654,4a49b08b041c578ec5981dc1472125b2af0a4d59,572a6a79dfaf6247292af8c946e3f621c520377d7eb449bd78e9b309f483fc6a,7e61f4823860ac67fc2cf7b88c0b78031ccbd9e2a1f7bf6285099b2c126d9b06,2026-08-06T11:21:41Z,2026-08-06-p2-finite-linear-memory-skill-decomposition,2.0
Valencia Vivers,2017-01-01..2024-12-31,daily,GLOBAL_COMMON_WITH_SARIMA,1,21,sarima,84,107.26190476190476,107.74957159370206,105.66704003921933,109.25624438866832,-0.48766683179729853,2.0825315544827276,-3.589204349448991,-1.994339626763562,4a49b08b041c578ec5981dc1472125b2af0a4d59,572a6a79dfaf6247292af8c946e3f621c520377d7eb449bd78e9b309f483fc6a,7e61f4823860ac67fc2cf7b88c0b78031ccbd9e2a1f7bf6285099b2c126d9b06,2026-08-06T11:21:41Z,2026-08-06-p2-finite-linear-memory-skill-decomposition,2.0
Valencia Vivers,2017-01-01..2024-12-31,daily,GLOBAL_COMMON_WITH_SARIMA,2,7,ridge_direct,83,93.02409638554217,75.60212240360781,76.98254831466147,79.7222768975469,17.421973981934357,-1.3804259110536634,-2.7397285828854336,13.30181948799526,4a49b08b041c578ec5981dc1472125b2af0a4d59,572a6a79dfaf6247292af8c946e3f621c520377d7eb449bd78e9b309f483fc6a,7e61f4823860ac67fc2cf7b88c0b78031ccbd9e2a1f7bf6285099b2c126d9b06,2026-08-06T11:21:41Z,2026-08-06-p2-finite-linear-memory-skill-decomposition,2.0
Valencia Vivers,2017-01-01..2024-12-31,daily,GLOBAL_COMMON_WITH_SARIMA,2,7,hgb_direct,83,93.02409638554217,75.60212240360781,76.98254831466147,77.12129414413197,17.421973981934357,-1.3804259110536634,-0.1387458294704942,15.9028022414102,4a49b08b041c578ec5981dc1472125b2af0a4d59,572a6a79dfaf6247292af8c946e3f621c520377d7eb449bd78e9b309f483fc6a,7e61f4823860ac67fc2cf7b88c0b78031ccbd9e2a1f7bf6285099b2c126d9b06,2026-08-06T11:21:41Z,2026-08-06-p2-finite-linear-memory-skill-decomposition,2.0
Valencia Vivers,2017-01-01..2024-12-31,daily,GLOBAL_COMMON_WITH_SARIMA,2,7,sarima,83,93.02409638554217,75.60212240360781,76.98254831466147,77.19466781790757,17.421973981934357,-1.3804259110536634,-0.2121195032461003,15.829428567634594,4a49b08b041c578ec5981dc1472125b2af0a4d59,572a6a79dfaf6247292af8c946e3f621c520377d7eb449bd78e9b309f483fc6a,7e61f4823860ac67fc2cf7b88c0b78031ccbd9e2a1f7bf6285099b2c126d9b06,2026-08-06T11:21:41Z,2026-08-06-p2-finite-linear-memory-skill-decomposition,2.0
Valencia Vivers,2017-01-01..2024-12-31,daily,GLOBAL_COMMON_WITH_SARIMA,2,14,ridge_direct,83,93.02409638554217,75.60212240360781,78.77160194766856,79.7222768975469,17.421973981934357,-3.1694795440607493,-0.9506749498783478,13.30181948799526,4a49b08b041c578ec5981dc1472125b2af0a4d59,572a6a79dfaf6247292af8c946e3f621c520377d7eb449bd78e9b309f483fc6a,7e61f4823860ac67fc2cf7b88c0b78031ccbd9e2a1f7bf6285099b2c126d9b06,2026-08-06T11:21:41Z,2026-08-06-p2-finite-linear-memory-skill-decomposition,2.0
Valencia Vivers,2017-01-01..2024-12-31,daily,GLOBAL_COMMON_WITH_SARIMA,2,14,hgb_direct,83,93.02409638554217,75.60212240360781,78.77160194766856,77.12129414413197,17.421973981934357,-3.1694795440607493,1.6503078035365917,15.9028022414102,4a49b08b041c578ec5981dc1472125b2af0a4d59,572a6a79dfaf6247292af8c946e3f621c520377d7eb449bd78e9b309f483fc6a,7e61f4823860ac67fc2cf7b88c0b78031ccbd9e2a1f7bf6285099b2c126d9b06,2026-08-06T11:21:41Z,2026-08-06-p2-finite-linear-memory-skill-decomposition,2.0
Valencia Vivers,2017-01-01..2024-12-31,daily,GLOBAL_COMMON_WITH_SARIMA,2,14,sarima,83,93.02409638554217,75.60212240360781,78.77160194766856,77.19466781790757,17.421973981934357,-3.1694795440607493,1.5769341297609856,15.829428567634594,4a49b08b041c578ec5981dc1472125b2af0a4d59,572a6a79dfaf6247292af8c946e3f621c520377d7eb449bd78e9b309f483fc6a,7e61f4823860ac67fc2cf7b88c0b78031ccbd9e2a1f7bf6285099b2c126d9b06,2026-08-06T11:21:41Z,2026-08-06-p2-finite-linear-memory-skill-decomposition,2.0
Valencia Vivers,2017-01-01..2024-12-31,daily,GLOBAL_COMMON_WITH_SARIMA,2,21,ridge_direct,83,93.02409638554217,75.60212240360781,75.72049931590085,79.7222768975469,17.421973981934357,-0.11837691229304426,-4.001777581646053,13.30181948799526,4a49b08b041c578ec5981dc1472125b2af0a4d59,572a6a79dfaf6247292af8c946e3f621c520377d7eb449bd78e9b309f483fc6a,7e61f4823860ac67fc2cf7b88c0b78031ccbd9e2a1f7bf6285099b2c126d9b06,2026-08-06T11:21:41Z,2026-08-06-p2-finite-linear-memory-skill-decomposition,2.0
Valencia Vivers,2017-01-01..2024-12-31,daily,GLOBAL_COMMON_WITH_SARIMA,2,21,hgb_direct,83,93.02409638554217,75.60212240360781,75.72049931590085,77.12129414413197,17.421973981934357,-0.11837691229304426,-1.4007948282311133,15.9028022414102,4a49b08b041c578ec5981dc1472125b2af0a4d59,572a6a79dfaf6247292af8c946e3f621c520377d7eb449bd78e9b309f483fc6a,7e61f4823860ac67fc2cf7b88c0b78031ccbd9e2a1f7bf6285099b2c126d9b06,2026-08-06T11:21:41Z,2026-08-06-p2-finite-linear-memory-skill-decomposition,2.0
Valencia Vivers,2017-01-01..2024-12-31,daily,GLOBAL_COMMON_WITH_SARIMA,2,21,sarima,83,93.02409638554217,75.60212240360781,75.72049931590085,77.19466781790757,17.421973981934357,-0.11837691229304426,-1.4741685020067195,15.829428567634594,4a49b08b041c578ec5981dc1472125b2af0a4d59,572a6a79dfaf6247292af8c946e3f621c520377d7eb449bd78e9b309f483fc6a,7e61f4823860ac67fc2cf7b88c0b78031ccbd9e2a1f7bf6285099b2c126d9b06,2026-08-06T11:21:41Z,2026-08-06-p2-finite-linear-memory-skill-decomposition,2.0
Valencia Vivers,2017-01-01..2024-12-31,daily,GLOBAL_COMMON_WITH_SARIMA,3,7,ridge_direct,82,156.59756097560975,138.32849945032376,141.47243647069277,143.2954994724368,18.26906152528599,-3.143937020369009,-1.823063001744032,13.30206150317295,4a49b08b041c578ec5981dc1472125b2af0a4d59,572a6a79dfaf6247292af8c946e3f621c520377d7eb449bd78e9b309f483fc6a,7e61f4823860ac67fc2cf7b88c0b78031ccbd9e2a1f7bf6285099b2c126d9b06,2026-08-06T11:21:41Z,2026-08-06-p2-finite-linear-memory-skill-decomposition,2.0
Valencia Vivers,2017-01-01..2024-12-31,daily,GLOBAL_COMMON_WITH_SARIMA,3,7,hgb_direct,82,156.59756097560975,138.32849945032376,141.47243647069277,139.92660188487199,18.26906152528599,-3.143937020369009,1.545834585820785,16.670959090737767,4a49b08b041c578ec5981dc1472125b2af0a4d59,572a6a79dfaf6247292af8c946e3f621c520377d7eb449bd78e9b309f483fc6a,7e61f4823860ac67fc2cf7b88c0b78031ccbd9e2a1f7bf6285099b2c126d9b06,2026-08-06T11:21:41Z,2026-08-06-p2-finite-linear-memory-skill-decomposition,2.0
Valencia Vivers,2017-01-01..2024-12-31,daily,GLOBAL_COMMON_WITH_SARIMA,3,7,sarima,82,156.59756097560975,138.32849945032376,141.47243647069277,143.5112912496312,18.26906152528599,-3.143937020369009,-2.038854778938429,13.086269725978553,4a49b08b041c578ec5981dc1472125b2af0a4d59,572a6a79dfaf6247292af8c946e3f621c520377d7eb449bd78e9b309f483fc6a,7e61f4823860ac67fc2cf7b88c0b78031ccbd9e2a1f7bf6285099b2c126d9b06,2026-08-06T11:21:41Z,2026-08-06-p2-finite-linear-memory-skill-decomposition,2.0
Valencia Vivers,2017-01-01..2024-12-31,daily,GLOBAL_COMMON_WITH_SARIMA,3,14,ridge_direct,82,156.59756097560975,138.32849945032376,144.860339299111,143.2954994724368,18.26906152528599,-6.531839848787229,1.5648398266741879,13.30206150317295,4a49b08b041c578ec5981dc1472125b2af0a4d59,572a6a79dfaf6247292af8c946e3f621c520377d7eb449bd78e9b309f483fc6a,7e61f4823860ac67fc2cf7b88c0b78031ccbd9e2a1f7bf6285099b2c126d9b06,2026-08-06T11:21:41Z,2026-08-06-p2-finite-linear-memory-skill-decomposition,2.0
Valencia Vivers,2017-01-01..2024-12-31,daily,GLOBAL_COMMON_WITH_SARIMA,3,14,hgb_direct,82,156.59756097560975,138.32849945032376,144.860339299111,139.92660188487199,18.26906152528599,-6.531839848787229,4.933737414239005,16.670959090737767,4a49b08b041c578ec5981dc1472125b2af0a4d59,572a6a79dfaf6247292af8c946e3f621c520377d7eb449bd78e9b309f483fc6a,7e61f4823860ac67fc2cf7b88c0b78031ccbd9e2a1f7bf6285099b2c126d9b06,2026-08-06T11:21:41Z,2026-08-06-p2-finite-linear-memory-skill-decomposition,2.0
Valencia Vivers,2017-01-01..2024-12-31,daily,GLOBAL_COMMON_WITH_SARIMA,3,14,sarima,82,156.59756097560975,138.32849945032376,144.860339299111,143.5112912496312,18.26906152528599,-6.531839848787229,1.3490480494797907,13.086269725978553,4a49b08b041c578ec5981dc1472125b2af0a4d59,572a6a79dfaf6247292af8c946e3f621c520377d7eb449bd78e9b309f483fc6a,7e61f4823860ac67fc2cf7b88c0b78031ccbd9e2a1f7bf6285099b2c126d9b06,2026-08-06T11:21:41Z,2026-08-06-p2-finite-linear-memory-skill-decomposition,2.0
Valencia Vivers,2017-01-01..2024-12-31,daily,GLOBAL_COMMON_WITH_SARIMA,3,21,ridge_direct,82,156.59756097560975,138.32849945032376,138.49177486394373,143.2954994724368,18.26906152528599,-0.16327541361997078,-4.80372460849307,13.30206150317295,4a49b08b041c578ec5981dc1472125b2af0a4d59,572a6a79dfaf6247292af8c946e3f621c520377d7eb449bd78e9b309f483fc6a,7e61f4823860ac67fc2cf7b88c0b78031ccbd9e2a1f7bf6285099b2c126d9b06,2026-08-06T11:21:41Z,2026-08-06-p2-finite-linear-memory-skill-decomposition,2.0
Valencia Vivers,2017-01-01..2024-12-31,daily,GLOBAL_COMMON_WITH_SARIMA,3,21,hgb_direct,82,156.59756097560975,138.32849945032376,138.49177486394373,139.92660188487199,18.26906152528599,-0.16327541361997078,-1.4348270209282532,16.670959090737767,4a49b08b041c578ec5981dc1472125b2af0a4d59,572a6a79dfaf6247292af8c946e3f621c520377d7eb449bd78e9b309f483fc6a,7e61f4823860ac67fc2cf7b88c0b78031ccbd9e2a1f7bf6285099b2c126d9b06,2026-08-06T11:21:41Z,2026-08-06-p2-finite-linear-memory-skill-decomposition,2.0
Valencia Vivers,2017-01-01..2024-12-31,daily,GLOBAL_COMMON_WITH_SARIMA,3,21,sarima,82,156.59756097560975,138.32849945032376,138.49177486394373,143.5112912496312,18.26906152528599,-0.16327541361997078,-5.019516385687467,13.086269725978553,4a49b08b041c578ec5981dc1472125b2af0a4d59,572a6a79dfaf6247292af8c946e3f621c520377d7eb449bd78e9b309f483fc6a,7e61f4823860ac67fc2cf7b88c0b78031ccbd9e2a1f7bf6285099b2c126d9b06,2026-08-06T11:21:41Z,2026-08-06-p2-finite-linear-memory-skill-decomposition,2.0
Valencia Vivers,2017-01-01..2024-12-31,daily,GLOBAL_COMMON_WITH_SARIMA,4,7,ridge_direct,81,91.64197530864197,80.92924768803815,80.64877747760747,80.52908405789354,10.712727620603829,0.28047021043067843,0.11969341971392566,11.112891250748433,4a49b08b041c578ec5981dc1472125b2af0a4d59,572a6a79dfaf6247292af8c946e3f621c520377d7eb449bd78e9b309f483fc6a,7e61f4823860ac67fc2cf7b88c0b78031ccbd9e2a1f7bf6285099b2c126d9b06,2026-08-06T11:21:41Z,2026-08-06-p2-finite-linear-memory-skill-decomposition,2.0
Valencia Vivers,2017-01-01..2024-12-31,daily,GLOBAL_COMMON_WITH_SARIMA,4,7,hgb_direct,81,91.64197530864197,80.92924768803815,80.64877747760747,89.6877347121485,10.712727620603829,0.28047021043067843,-9.03895723454103,1.9542405964934773,4a49b08b041c578ec5981dc1472125b2af0a4d59,572a6a79dfaf6247292af8c946e3f621c520377d7eb449bd78e9b309f483fc6a,7e61f4823860ac67fc2cf7b88c0b78031ccbd9e2a1f7bf6285099b2c126d9b06,2026-08-06T11:21:41Z,2026-08-06-p2-finite-linear-memory-skill-decomposition,2.0
Valencia Vivers,2017-01-01..2024-12-31,daily,GLOBAL_COMMON_WITH_SARIMA,4,7,sarima,81,91.64197530864197,80.92924768803815,80.64877747760747,88.54961830008027,10.712727620603829,0.28047021043067843,-7.9008408224728015,3.092357008561706,4a49b08b041c578ec5981dc1472125b2af0a4d59,572a6a79dfaf6247292af8c946e3f621c520377d7eb449bd78e9b309f483fc6a,7e61f4823860ac67fc2cf7b88c0b78031ccbd9e2a1f7bf6285099b2c126d9b06,2026-08-06T11:21:41Z,2026-08-06-p2-finite-linear-memory-skill-decomposition,2.0
Valencia Vivers,2017-01-01..2024-12-31,daily,GLOBAL_COMMON_WITH_SARIMA,4,14,ridge_direct,81,91.64197530864197,80.92924768803815,82.29076352546542,80.52908405789354,10.712727620603829,-1.3615158374272767,1.7616794675718808,11.112891250748433,4a49b08b041c578ec5981dc1472125b2af0a4d59,572a6a79dfaf6247292af8c946e3f621c520377d7eb449bd78e9b309f483fc6a,7e61f4823860ac67fc2cf7b88c0b78031ccbd9e2a1f7bf6285099b2c126d9b06,2026-08-06T11:21:41Z,2026-08-06-p2-finite-linear-memory-skill-decomposition,2.0
Valencia Vivers,2017-01-01..2024-12-31,daily,GLOBAL_COMMON_WITH_SARIMA,4,14,hgb_direct,81,91.64197530864197,80.92924768803815,82.29076352546542,89.6877347121485,10.712727620603829,-1.3615158374272767,-7.396971186683075,1.9542405964934773,4a49b08b041c578ec5981dc1472125b2af0a4d59,572a6a79dfaf6247292af8c946e3f621c520377d7eb449bd78e9b309f483fc6a,7e61f4823860ac67fc2cf7b88c0b78031ccbd9e2a1f7bf6285099b2c126d9b06,2026-08-06T11:21:41Z,2026-08-06-p2-finite-linear-memory-skill-decomposition,2.0
Valencia Vivers,2017-01-01..2024-12-31,daily,GLOBAL_COMMON_WITH_SARIMA,4,14,sarima,81,91.64197530864197,80.92924768803815,82.29076352546542,88.54961830008027,10.712727620603829,-1.3615158374272767,-6.258854774614846,3.092357008561706,4a49b08b041c578ec5981dc1472125b2af0a4d59,572a6a79dfaf6247292af8c946e3f621c520377d7eb449bd78e9b309f483fc6a,7e61f4823860ac67fc2cf7b88c0b78031ccbd9e2a1f7bf6285099b2c126d9b06,2026-08-06T11:21:41Z,2026-08-06-p2-finite-linear-memory-skill-decomposition,2.0
Valencia Vivers,2017-01-01..2024-12-31,daily,GLOBAL_COMMON_WITH_SARIMA,4,21,ridge_direct,81,91.64197530864197,80.92924768803815,78.54178783100069,80.52908405789354,10.712727620603829,2.387459857037456,-1.9872962268928518,11.112891250748433,4a49b08b041c578ec5981dc1472125b2af0a4d59,572a6a79dfaf6247292af8c946e3f621c520377d7eb449bd78e9b309f483fc6a,7e61f4823860ac67fc2cf7b88c0b78031ccbd9e2a1f7bf6285099b2c126d9b06,2026-08-06T11:21:41Z,2026-08-06-p2-finite-linear-memory-skill-decomposition,2.0
Valencia Vivers,2017-01-01..2024-12-31,daily,GLOBAL_COMMON_WITH_SARIMA,4,21,hgb_direct,81,91.64197530864197,80.92924768803815,78.54178783100069,89.6877347121485,10.712727620603829,2.387459857037456,-11.145946881147808,1.9542405964934773,4a49b08b041c578ec5981dc1472125b2af0a4d59,572a6a79dfaf6247292af8c946e3f621c520377d7eb449bd78e9b309f483fc6a,7e61f4823860ac67fc2cf7b88c0b78031ccbd9e2a1f7bf6285099b2c126d9b06,2026-08-06T11:21:41Z,2026-08-06-p2-finite-linear-memory-skill-decomposition,2.0
Valencia Vivers,2017-01-01..2024-12-31,daily,GLOBAL_COMMON_WITH_SARIMA,4,21,sarima,81,91.64197530864197,80.92924768803815,78.54178783100069,88.54961830008027,10.712727620603829,2.387459857037456,-10.007830469079579,3.092357008561706,4a49b08b041c578ec5981dc1472125b2af0a4d59,572a6a79dfaf6247292af8c946e3f621c520377d7eb449bd78e9b309f483fc6a,7e61f4823860ac67fc2cf7b88c0b78031ccbd9e2a1f7bf6285099b2c126d9b06,2026-08-06T11:21:41Z,2026-08-06-p2-finite-linear-memory-skill-decomposition,2.0
Valencia Vivers,2017-01-01..2024-12-31,daily,GLOBAL_COMMON_WITH_SARIMA,5,7,ridge_direct,79,180.84810126582278,137.74330140593133,138.15451271738857,137.224022106241,43.10479985989144,-0.41121131145723666,0.9304906111475759,43.62407915958178,4a49b08b041c578ec5981dc1472125b2af0a4d59,572a6a79dfaf6247292af8c946e3f621c520377d7eb449bd78e9b309f483fc6a,7e61f4823860ac67fc2cf7b88c0b78031ccbd9e2a1f7bf6285099b2c126d9b06,2026-08-06T11:21:41Z,2026-08-06-p2-finite-linear-memory-skill-decomposition,2.0
Valencia Vivers,2017-01-01..2024-12-31,daily,GLOBAL_COMMON_WITH_SARIMA,5,7,hgb_direct,79,180.84810126582278,137.74330140593133,138.15451271738857,146.1753077473036,43.10479985989144,-0.41121131145723666,-8.020795029915035,34.67279351851917,4a49b08b041c578ec5981dc1472125b2af0a4d59,572a6a79dfaf6247292af8c946e3f621c520377d7eb449bd78e9b309f483fc6a,7e61f4823860ac67fc2cf7b88c0b78031ccbd9e2a1f7bf6285099b2c126d9b06,2026-08-06T11:21:41Z,2026-08-06-p2-finite-linear-memory-skill-decomposition,2.0
Valencia Vivers,2017-01-01..2024-12-31,daily,GLOBAL_COMMON_WITH_SARIMA,5,7,sarima,79,180.84810126582278,137.74330140593133,138.15451271738857,143.34556651701453,43.10479985989144,-0.41121131145723666,-5.191053799625962,37.502534748808245,4a49b08b041c578ec5981dc1472125b2af0a4d59,572a6a79dfaf6247292af8c946e3f621c520377d7eb449bd78e9b309f483fc6a,7e61f4823860ac67fc2cf7b88c0b78031ccbd9e2a1f7bf6285099b2c126d9b06,2026-08-06T11:21:41Z,2026-08-06-p2-finite-linear-memory-skill-decomposition,2.0
Valencia Vivers,2017-01-01..2024-12-31,daily,GLOBAL_COMMON_WITH_SARIMA,5,14,ridge_direct,79,180.84810126582278,137.74330140593133,139.74282642873678,137.224022106241,43.10479985989144,-1.999525022805443,2.5188043224957823,43.62407915958178,4a49b08b041c578ec5981dc1472125b2af0a4d59,572a6a79dfaf6247292af8c946e3f621c520377d7eb449bd78e9b309f483fc6a,7e61f4823860ac67fc2cf7b88c0b78031ccbd9e2a1f7bf6285099b2c126d9b06,2026-08-06T11:21:41Z,2026-08-06-p2-finite-linear-memory-skill-decomposition,2.0
Valencia Vivers,2017-01-01..2024-12-31,daily,GLOBAL_COMMON_WITH_SARIMA,5,14,hgb_direct,79,180.84810126582278,137.74330140593133,139.74282642873678,146.1753077473036,43.10479985989144,-1.999525022805443,-6.432481318566829,34.67279351851917,4a49b08b041c578ec5981dc1472125b2af0a4d59,572a6a79dfaf6247292af8c946e3f621c520377d7eb449bd78e9b309f483fc6a,7e61f4823860ac67fc2cf7b88c0b78031ccbd9e2a1f7bf6285099b2c126d9b06,2026-08-06T11:21:41Z,2026-08-06-p2-finite-linear-memory-skill-decomposition,2.0
Valencia Vivers,2017-01-01..2024-12-31,daily,GLOBAL_COMMON_WITH_SARIMA,5,14,sarima,79,180.84810126582278,137.74330140593133,139.74282642873678,143.34556651701453,43.10479985989144,-1.999525022805443,-3.6027400882777556,37.502534748808245,4a49b08b041c578ec5981dc1472125b2af0a4d59,572a6a79dfaf6247292af8c946e3f621c520377d7eb449bd78e9b309f483fc6a,7e61f4823860ac67fc2cf7b88c0b78031ccbd9e2a1f7bf6285099b2c126d9b06,2026-08-06T11:21:41Z,2026-08-06-p2-finite-linear-memory-skill-decomposition,2.0
Valencia Vivers,2017-01-01..2024-12-31,daily,GLOBAL_COMMON_WITH_SARIMA,5,21,ridge_direct,79,180.84810126582278,137.74330140593133,139.01048358060615,137.224022106241,43.10479985989144,-1.267182174674815,1.7864614743651543,43.62407915958178,4a49b08b041c578ec5981dc1472125b2af0a4d59,572a6a79dfaf6247292af8c946e3f621c520377d7eb449bd78e9b309f483fc6a,7e61f4823860ac67fc2cf7b88c0b78031ccbd9e2a1f7bf6285099b2c126d9b06,2026-08-06T11:21:41Z,2026-08-06-p2-finite-linear-memory-skill-decomposition,2.0
Valencia Vivers,2017-01-01..2024-12-31,daily,GLOBAL_COMMON_WITH_SARIMA,5,21,hgb_direct,79,180.84810126582278,137.74330140593133,139.01048358060615,146.1753077473036,43.10479985989144,-1.267182174674815,-7.164824166697457,34.67279351851917,4a49b08b041c578ec5981dc1472125b2af0a4d59,572a6a79dfaf6247292af8c946e3f621c520377d7eb449bd78e9b309f483fc6a,7e61f4823860ac67fc2cf7b88c0b78031ccbd9e2a1f7bf6285099b2c126d9b06,2026-08-06T11:21:41Z,2026-08-06-p2-finite-linear-memory-skill-decomposition,2.0
Valencia Vivers,2017-01-01..2024-12-31,daily,GLOBAL_COMMON_WITH_SARIMA,5,21,sarima,79,180.84810126582278,137.74330140593133,139.01048358060615,143.34556651701453,43.10479985989144,-1.267182174674815,-4.335082936408384,37.502534748808245,4a49b08b041c578ec5981dc1472125b2af0a4d59,572a6a79dfaf6247292af8c946e3f621c520377d7eb449bd78e9b309f483fc6a,7e61f4823860ac67fc2cf7b88c0b78031ccbd9e2a1f7bf6285099b2c126d9b06,2026-08-06T11:21:41Z,2026-08-06-p2-finite-linear-memory-skill-decomposition,2.0
Valencia Vivers,2017-01-01..2024-12-31,daily,GLOBAL_COMMON_WITH_SARIMA,6,7,ridge_direct,81,145.58024691358025,111.67615723607636,110.71926188107794,110.79841707012918,33.90408967750389,0.9568953549984229,-0.0791551890512352,34.78182984345108,4a49b08b041c578ec5981dc1472125b2af0a4d59,572a6a79dfaf6247292af8c946e3f621c520377d7eb449bd78e9b309f483fc6a,7e61f4823860ac67fc2cf7b88c0b78031ccbd9e2a1f7bf6285099b2c126d9b06,2026-08-06T11:21:41Z,2026-08-06-p2-finite-linear-memory-skill-decomposition,2.0
Valencia Vivers,2017-01-01..2024-12-31,daily,GLOBAL_COMMON_WITH_SARIMA,6,7,hgb_direct,81,145.58024691358025,111.67615723607636,110.71926188107794,117.260161188306,33.90408967750389,0.9568953549984229,-6.5408993072280595,28.320085725274254,4a49b08b041c578ec5981dc1472125b2af0a4d59,572a6a79dfaf6247292af8c946e3f621c520377d7eb449bd78e9b309f483fc6a,7e61f4823860ac67fc2cf7b88c0b78031ccbd9e2a1f7bf6285099b2c126d9b06,2026-08-06T11:21:41Z,2026-08-06-p2-finite-linear-memory-skill-decomposition,2.0
Valencia Vivers,2017-01-01..2024-12-31,daily,GLOBAL_COMMON_WITH_SARIMA,6,7,sarima,81,145.58024691358025,111.67615723607636,110.71926188107794,114.01162299709142,33.90408967750389,0.9568953549984229,-3.292361116013481,31.568623916488832,4a49b08b041c578ec5981dc1472125b2af0a4d59,572a6a79dfaf6247292af8c946e3f621c520377d7eb449bd78e9b309f483fc6a,7e61f4823860ac67fc2cf7b88c0b78031ccbd9e2a1f7bf6285099b2c126d9b06,2026-08-06T11:21:41Z,2026-08-06-p2-finite-linear-memory-skill-decomposition,2.0
Valencia Vivers,2017-01-01..2024-12-31,daily,GLOBAL_COMMON_WITH_SARIMA,6,14,ridge_direct,81,145.58024691358025,111.67615723607636,110.19010108988147,110.79841707012918,33.90408967750389,1.4860561461948976,-0.6083159802477098,34.78182984345108,4a49b08b041c578ec5981dc1472125b2af0a4d59,572a6a79dfaf6247292af8c946e3f621c520377d7eb449bd78e9b309f483fc6a,7e61f4823860ac67fc2cf7b88c0b78031ccbd9e2a1f7bf6285099b2c126d9b06,2026-08-06T11:21:41Z,2026-08-06-p2-finite-linear-memory-skill-decomposition,2.0
Valencia Vivers,2017-01-01..2024-12-31,daily,GLOBAL_COMMON_WITH_SARIMA,6,14,hgb_direct,81,145.58024691358025,111.67615723607636,110.19010108988147,117.260161188306,33.90408967750389,1.4860561461948976,-7.070060098424534,28.320085725274254,4a49b08b041c578ec5981dc1472125b2af0a4d59,572a6a79dfaf6247292af8c946e3f621c520377d7eb449bd78e9b309f483fc6a,7e61f4823860ac67fc2cf7b88c0b78031ccbd9e2a1f7bf6285099b2c126d9b06,2026-08-06T11:21:41Z,2026-08-06-p2-finite-linear-memory-skill-decomposition,2.0
Valencia Vivers,2017-01-01..2024-12-31,daily,GLOBAL_COMMON_WITH_SARIMA,6,14,sarima,81,145.58024691358025,111.67615723607636,110.19010108988147,114.01162299709142,33.90408967750389,1.4860561461948976,-3.8215219072099558,31.568623916488832,4a49b08b041c578ec5981dc1472125b2af0a4d59,572a6a79dfaf6247292af8c946e3f621c520377d7eb449bd78e9b309f483fc6a,7e61f4823860ac67fc2cf7b88c0b78031ccbd9e2a1f7bf6285099b2c126d9b06,2026-08-06T11:21:41Z,2026-08-06-p2-finite-linear-memory-skill-decomposition,2.0
Valencia Vivers,2017-01-01..2024-12-31,daily,GLOBAL_COMMON_WITH_SARIMA,6,21,ridge_direct,81,145.58024691358025,111.67615723607636,110.83541322149397,110.79841707012918,33.90408967750389,0.8407440145823983,0.0369961513647894,34.78182984345108,4a49b08b041c578ec5981dc1472125b2af0a4d59,572a6a79dfaf6247292af8c946e3f621c520377d7eb449bd78e9b309f483fc6a,7e61f4823860ac67fc2cf7b88c0b78031ccbd9e2a1f7bf6285099b2c126d9b06,2026-08-06T11:21:41Z,2026-08-06-p2-finite-linear-memory-skill-decomposition,2.0
Valencia Vivers,2017-01-01..2024-12-31,daily,GLOBAL_COMMON_WITH_SARIMA,6,21,hgb_direct,81,145.58024691358025,111.67615723607636,110.83541322149397,117.260161188306,33.90408967750389,0.8407440145823983,-6.424747966812035,28.320085725274254,4a49b08b041c578ec5981dc1472125b2af0a4d59,572a6a79dfaf6247292af8c946e3f621c520377d7eb449bd78e9b309f483fc6a,7e61f4823860ac67fc2cf7b88c0b78031ccbd9e2a1f7bf6285099b2c126d9b06,2026-08-06T11:21:41Z,2026-08-06-p2-finite-linear-memory-skill-decomposition,2.0
Valencia Vivers,2017-01-01..2024-12-31,daily,GLOBAL_COMMON_WITH_SARIMA,6,21,sarima,81,145.58024691358025,111.67615723607636,110.83541322149397,114.01162299709142,33.90408967750389,0.8407440145823983,-3.1762097755974565,31.568623916488832,4a49b08b041c578ec5981dc1472125b2af0a4d59,572a6a79dfaf6247292af8c946e3f621c520377d7eb449bd78e9b309f483fc6a,7e61f4823860ac67fc2cf7b88c0b78031ccbd9e2a1f7bf6285099b2c126d9b06,2026-08-06T11:21:41Z,2026-08-06-p2-finite-linear-memory-skill-decomposition,2.0
Valencia Vivers,2017-01-01..2024-12-31,daily,GLOBAL_COMMON_WITH_SARIMA,7,7,ridge_direct,77,101.85714285714286,62.055158298456206,60.29399317599626,60.42513950758626,39.801984558686655,1.7611651224599427,-0.13114633158999567,41.4320033495566,4a49b08b041c578ec5981dc1472125b2af0a4d59,572a6a79dfaf6247292af8c946e3f621c520377d7eb449bd78e9b309f483fc6a,7e61f4823860ac67fc2cf7b88c0b78031ccbd9e2a1f7bf6285099b2c126d9b06,2026-08-06T11:21:41Z,2026-08-06-p2-finite-linear-memory-skill-decomposition,2.0
Valencia Vivers,2017-01-01..2024-12-31,daily,GLOBAL_COMMON_WITH_SARIMA,7,7,hgb_direct,77,101.85714285714286,62.055158298456206,60.29399317599626,66.97841412275945,39.801984558686655,1.7611651224599427,-6.684420946763183,34.878728734383415,4a49b08b041c578ec5981dc1472125b2af0a4d59,572a6a79dfaf6247292af8c946e3f621c520377d7eb449bd78e9b309f483fc6a,7e61f4823860ac67fc2cf7b88c0b78031ccbd9e2a1f7bf6285099b2c126d9b06,2026-08-06T11:21:41Z,2026-08-06-p2-finite-linear-memory-skill-decomposition,2.0
Valencia Vivers,2017-01-01..2024-12-31,daily,GLOBAL_COMMON_WITH_SARIMA,7,7,sarima,77,101.85714285714286,62.055158298456206,60.29399317599626,64.91494724893136,39.801984558686655,1.7611651224599427,-4.620954072935092,36.942195608211506,4a49b08b041c578ec5981dc1472125b2af0a4d59,572a6a79dfaf6247292af8c946e3f621c520377d7eb449bd78e9b309f483fc6a,7e61f4823860ac67fc2cf7b88c0b78031ccbd9e2a1f7bf6285099b2c126d9b06,2026-08-06T11:21:41Z,2026-08-06-p2-finite-linear-memory-skill-decomposition,2.0
Valencia Vivers,2017-01-01..2024-12-31,daily,GLOBAL_COMMON_WITH_SARIMA,7,14,ridge_direct,77,101.85714285714286,62.055158298456206,63.23250244817338,60.42513950758626,39.801984558686655,-1.1773441497171717,2.8073629405871188,41.4320033495566,4a49b08b041c578ec5981dc1472125b2af0a4d59,572a6a79dfaf6247292af8c946e3f621c520377d7eb449bd78e9b309f483fc6a,7e61f4823860ac67fc2cf7b88c0b78031ccbd9e2a1f7bf6285099b2c126d9b06,2026-08-06T11:21:41Z,2026-08-06-p2-finite-linear-memory-skill-decomposition,2.0
Valencia Vivers,2017-01-01..2024-12-31,daily,GLOBAL_COMMON_WITH_SARIMA,7,14,hgb_direct,77,101.85714285714286,62.055158298456206,63.23250244817338,66.97841412275945,39.801984558686655,-1.1773441497171717,-3.7459116745860683,34.878728734383415,4a49b08b041c578ec5981dc1472125b2af0a4d59,572a6a79dfaf6247292af8c946e3f621c520377d7eb449bd78e9b309f483fc6a,7e61f4823860ac67fc2cf7b88c0b78031ccbd9e2a1f7bf6285099b2c126d9b06,2026-08-06T11:21:41Z,2026-08-06-p2-finite-linear-memory-skill-decomposition,2.0
Valencia Vivers,2017-01-01..2024-12-31,daily,GLOBAL_COMMON_WITH_SARIMA,7,14,sarima,77,101.85714285714286,62.055158298456206,63.23250244817338,64.91494724893136,39.801984558686655,-1.1773441497171717,-1.6824448007579775,36.942195608211506,4a49b08b041c578ec5981dc1472125b2af0a4d59,572a6a79dfaf6247292af8c946e3f621c520377d7eb449bd78e9b309f483fc6a,7e61f4823860ac67fc2cf7b88c0b78031ccbd9e2a1f7bf6285099b2c126d9b06,2026-08-06T11:21:41Z,2026-08-06-p2-finite-linear-memory-skill-decomposition,2.0
Valencia Vivers,2017-01-01..2024-12-31,daily,GLOBAL_COMMON_WITH_SARIMA,7,21,ridge_direct,77,101.85714285714286,62.055158298456206,63.788731629872714,60.42513950758626,39.801984558686655,-1.7335733314165083,3.3635921222864553,41.4320033495566,4a49b08b041c578ec5981dc1472125b2af0a4d59,572a6a79dfaf6247292af8c946e3f621c520377d7eb449bd78e9b309f483fc6a,7e61f4823860ac67fc2cf7b88c0b78031ccbd9e2a1f7bf6285099b2c126d9b06,2026-08-06T11:21:41Z,2026-08-06-p2-finite-linear-memory-skill-decomposition,2.0
Valencia Vivers,2017-01-01..2024-12-31,daily,GLOBAL_COMMON_WITH_SARIMA,7,21,hgb_direct,77,101.85714285714286,62.055158298456206,63.788731629872714,66.97841412275945,39.801984558686655,-1.7335733314165083,-3.189682492886732,34.878728734383415,4a49b08b041c578ec5981dc1472125b2af0a4d59,572a6a79dfaf6247292af8c946e3f621c520377d7eb449bd78e9b309f483fc6a,7e61f4823860ac67fc2cf7b88c0b78031ccbd9e2a1f7bf6285099b2c126d9b06,2026-08-06T11:21:41Z,2026-08-06-p2-finite-linear-memory-skill-decomposition,2.0
Valencia Vivers,2017-01-01..2024-12-31,daily,GLOBAL_COMMON_WITH_SARIMA,7,21,sarima,77,101.85714285714286,62.055158298456206,63.788731629872714,64.91494724893136,39.801984558686655,-1.7335733314165083,-1.126215619058641,36.942195608211506,4a49b08b041c578ec5981dc1472125b2af0a4d59,572a6a79dfaf6247292af8c946e3f621c520377d7eb449bd78e9b309f483fc6a,7e61f4823860ac67fc2cf7b88c0b78031ccbd9e2a1f7bf6285099b2c126d9b06,2026-08-06T11:21:41Z,2026-08-06-p2-finite-linear-memory-skill-decomposition,2.0
Valencia Vivers,2017-01-01..2024-12-31,daily,ORDER_SPECIFIC_p7,1,7,ridge_direct,1479,84.93238674780257,69.21323843834074,69.37255045419805,69.49080841547342,15.71914830946183,-0.15931201585731003,-0.11825796127537558,15.441578332329144,4a49b08b041c578ec5981dc1472125b2af0a4d59,572a6a79dfaf6247292af8c946e3f621c520377d7eb449bd78e9b309f483fc6a,7e61f4823860ac67fc2cf7b88c0b78031ccbd9e2a1f7bf6285099b2c126d9b06,2026-08-06T11:21:41Z,2026-08-06-p2-finite-linear-memory-skill-decomposition,2.0
Valencia Vivers,2017-01-01..2024-12-31,daily,ORDER_SPECIFIC_p7,1,7,hgb_direct,1479,84.93238674780257,69.21323843834074,69.37255045419805,72.87422992395693,15.71914830946183,-0.15931201585731003,-3.5016794697588836,12.058156823845636,4a49b08b041c578ec5981dc1472125b2af0a4d59,572a6a79dfaf6247292af8c946e3f621c520377d7eb449bd78e9b309f483fc6a,7e61f4823860ac67fc2cf7b88c0b78031ccbd9e2a1f7bf6285099b2c126d9b06,2026-08-06T11:21:41Z,2026-08-06-p2-finite-linear-memory-skill-decomposition,2.0
Valencia Vivers,2017-01-01..2024-12-31,daily,ORDER_SPECIFIC_p7,2,7,ridge_direct,1470,139.08503401360545,94.65304225334197,94.1614426468915,94.6207021703295,44.431991760263486,0.49159960645046397,-0.4592595234379928,44.46433184327596,4a49b08b041c578ec5981dc1472125b2af0a4d59,572a6a79dfaf6247292af8c946e3f621c520377d7eb449bd78e9b309f483fc6a,7e61f4823860ac67fc2cf7b88c0b78031ccbd9e2a1f7bf6285099b2c126d9b06,2026-08-06T11:21:41Z,2026-08-06-p2-finite-linear-memory-skill-decomposition,2.0
Valencia Vivers,2017-01-01..2024-12-31,daily,ORDER_SPECIFIC_p7,2,7,hgb_direct,1470,139.08503401360545,94.65304225334197,94.1614426468915,94.10348751024858,44.431991760263486,0.49159960645046397,0.05795513664291718,44.98154650335687,4a49b08b041c578ec5981dc1472125b2af0a4d59,572a6a79dfaf6247292af8c946e3f621c520377d7eb449bd78e9b309f483fc6a,7e61f4823860ac67fc2cf7b88c0b78031ccbd9e2a1f7bf6285099b2c126d9b06,2026-08-06T11:21:41Z,2026-08-06-p2-finite-linear-memory-skill-decomposition,2.0
Valencia Vivers,2017-01-01..2024-12-31,daily,ORDER_SPECIFIC_p7,3,7,ridge_direct,1461,159.02121834360028,100.77810307600717,100.53344500822199,100.85279091680471,58.24311526759311,0.2446580677851813,-0.3193459085827186,58.168427426795574,4a49b08b041c578ec5981dc1472125b2af0a4d59,572a6a79dfaf6247292af8c946e3f621c520377d7eb449bd78e9b309f483fc6a,7e61f4823860ac67fc2cf7b88c0b78031ccbd9e2a1f7bf6285099b2c126d9b06,2026-08-06T11:21:41Z,2026-08-06-p2-finite-linear-memory-skill-decomposition,2.0
Valencia Vivers,2017-01-01..2024-12-31,daily,ORDER_SPECIFIC_p7,3,7,hgb_direct,1461,159.02121834360028,100.77810307600717,100.53344500822199,103.39910163815453,58.24311526759311,0.2446580677851813,-2.8656566299325448,55.62211670544575,4a49b08b041c578ec5981dc1472125b2af0a4d59,572a6a79dfaf6247292af8c946e3f621c520377d7eb449bd78e9b309f483fc6a,7e61f4823860ac67fc2cf7b88c0b78031ccbd9e2a1f7bf6285099b2c126d9b06,2026-08-06T11:21:41Z,2026-08-06-p2-finite-linear-memory-skill-decomposition,2.0
Valencia Vivers,2017-01-01..2024-12-31,daily,ORDER_SPECIFIC_p7,4,7,ridge_direct,1454,171.67469050894084,103.86600111811983,103.36025036849021,103.30351015661799,67.80868939082102,0.5057507496296125,0.05674021187222422,68.37118035232285,4a49b08b041c578ec5981dc1472125b2af0a4d59,572a6a79dfaf6247292af8c946e3f621c520377d7eb449bd78e9b309f483fc6a,7e61f4823860ac67fc2cf7b88c0b78031ccbd9e2a1f7bf6285099b2c126d9b06,2026-08-06T11:21:41Z,2026-08-06-p2-finite-linear-memory-skill-decomposition,2.0
Valencia Vivers,2017-01-01..2024-12-31,daily,ORDER_SPECIFIC_p7,4,7,hgb_direct,1454,171.67469050894084,103.86600111811983,103.36025036849021,107.18565626037149,67.80868939082102,0.5057507496296125,-3.8254058918812746,64.48903424856935,4a49b08b041c578ec5981dc1472125b2af0a4d59,572a6a79dfaf6247292af8c946e3f621c520377d7eb449bd78e9b309f483fc6a,7e61f4823860ac67fc2cf7b88c0b78031ccbd9e2a1f7bf6285099b2c126d9b06,2026-08-06T11:21:41Z,2026-08-06-p2-finite-linear-memory-skill-decomposition,2.0
Valencia Vivers,2017-01-01..2024-12-31,daily,ORDER_SPECIFIC_p7,5,7,ridge_direct,1446,184.28423236514521,107.35592110873978,106.08792832226375,106.01925220366354,76.92831125640544,1.2679927864760288,0.06867611860020872,78.26498016148167,4a49b08b041c578ec5981dc1472125b2af0a4d59,572a6a79dfaf6247292af8c946e3f621c520377d7eb449bd78e9b309f483fc6a,7e61f4823860ac67fc2cf7b88c0b78031ccbd9e2a1f7bf6285099b2c126d9b06,2026-08-06T11:21:41Z,2026-08-06-p2-finite-linear-memory-skill-decomposition,2.0
Valencia Vivers,2017-01-01..2024-12-31,daily,ORDER_SPECIFIC_p7,5,7,hgb_direct,1446,184.28423236514521,107.35592110873978,106.08792832226375,110.0378471193965,76.92831125640544,1.2679927864760288,-3.949918797132753,74.24638524574871,4a49b08b041c578ec5981dc1472125b2af0a4d59,572a6a79dfaf6247292af8c946e3f621c520377d7eb449bd78e9b309f483fc6a,7e61f4823860ac67fc2cf7b88c0b78031ccbd9e2a1f7bf6285099b2c126d9b06,2026-08-06T11:21:41Z,2026-08-06-p2-finite-linear-memory-skill-decomposition,2.0
Valencia Vivers,2017-01-01..2024-12-31,daily,ORDER_SPECIFIC_p7,6,7,ridge_direct,1442,182.39320388349515,105.39684820982092,104.13857156453058,104.29718307626734,76.99635567367423,1.2582766452903371,-0.15861151173676546,78.0960208072278,4a49b08b041c578ec5981dc1472125b2af0a4d59,572a6a79dfaf6247292af8c946e3f621c520377d7eb449bd78e9b309f483fc6a,7e61f4823860ac67fc2cf7b88c0b78031ccbd9e2a1f7bf6285099b2c126d9b06,2026-08-06T11:21:41Z,2026-08-06-p2-finite-linear-memory-skill-decomposition,2.0
Valencia Vivers,2017-01-01..2024-12-31,daily,ORDER_SPECIFIC_p7,6,7,hgb_direct,1442,182.39320388349515,105.39684820982092,104.13857156453058,108.95149838878788,76.99635567367423,1.2582766452903371,-4.812926824257303,73.44170549470726,4a49b08b041c578ec5981dc1472125b2af0a4d59,572a6a79dfaf6247292af8c946e3f621c520377d7eb449bd78e9b309f483fc6a,7e61f4823860ac67fc2cf7b88c0b78031ccbd9e2a1f7bf6285099b2c126d9b06,2026-08-06T11:21:41Z,2026-08-06-p2-finite-linear-memory-skill-decomposition,2.0
Valencia Vivers,2017-01-01..2024-12-31,daily,ORDER_SPECIFIC_p7,7,7,ridge_direct,1434,185.47071129707112,105.40536220368334,103.24873989440098,103.52863882560506,80.06534909338778,2.156622309282355,-0.27989893120407316,81.94207247146606,4a49b08b041c578ec5981dc1472125b2af0a4d59,572a6a79dfaf6247292af8c946e3f621c520377d7eb449bd78e9b309f483fc6a,7e61f4823860ac67fc2cf7b88c0b78031ccbd9e2a1f7bf6285099b2c126d9b06,2026-08-06T11:21:41Z,2026-08-06-p2-finite-linear-memory-skill-decomposition,2.0
Valencia Vivers,2017-01-01..2024-12-31,daily,ORDER_SPECIFIC_p7,7,7,hgb_direct,1434,185.47071129707112,105.40536220368334,103.24873989440098,109.25279935153253,80.06534909338778,2.156622309282355,-6.004059457131547,76.21791194553859,4a49b08b041c578ec5981dc1472125b2af0a4d59,572a6a79dfaf6247292af8c946e3f621c520377d7eb449bd78e9b309f483fc6a,7e61f4823860ac67fc2cf7b88c0b78031ccbd9e2a1f7bf6285099b2c126d9b06,2026-08-06T11:21:41Z,2026-08-06-p2-finite-linear-memory-skill-decomposition,2.0
Valencia Vivers,2017-01-01..2024-12-31,daily,ORDER_SPECIFIC_p14,1,14,ridge_direct,1315,87.49125475285172,71.19164691998874,71.73032242910345,71.38674616220756,16.299607832862975,-0.5386755091147108,0.3435762668958944,16.10450859064416,4a49b08b041c578ec5981dc1472125b2af0a4d59,572a6a79dfaf6247292af8c946e3f621c520377d7eb449bd78e9b309f483fc6a,7e61f4823860ac67fc2cf7b88c0b78031ccbd9e2a1f7bf6285099b2c126d9b06,2026-08-06T11:21:41Z,2026-08-06-p2-finite-linear-memory-skill-decomposition,2.0
Valencia Vivers,2017-01-01..2024-12-31,daily,ORDER_SPECIFIC_p14,1,14,hgb_direct,1315,87.49125475285172,71.19164691998874,71.73032242910345,74.86546019233954,16.299607832862975,-0.5386755091147108,-3.135137763236088,12.625794560512176,4a49b08b041c578ec5981dc1472125b2af0a4d59,572a6a79dfaf6247292af8c946e3f621c520377d7eb449bd78e9b309f483fc6a,7e61f4823860ac67fc2cf7b88c0b78031ccbd9e2a1f7bf6285099b2c126d9b06,2026-08-06T11:21:41Z,2026-08-06-p2-finite-linear-memory-skill-decomposition,2.0
Valencia Vivers,2017-01-01..2024-12-31,daily,ORDER_SPECIFIC_p14,2,14,ridge_direct,1306,143.6937212863706,97.3426134394888,96.45017076669342,97.14248072389468,46.35110784688179,0.8924426727953829,-0.6923099572012603,46.55124056247591,4a49b08b041c578ec5981dc1472125b2af0a4d59,572a6a79dfaf6247292af8c946e3f621c520377d7eb449bd78e9b309f483fc6a,7e61f4823860ac67fc2cf7b88c0b78031ccbd9e2a1f7bf6285099b2c126d9b06,2026-08-06T11:21:41Z,2026-08-06-p2-finite-linear-memory-skill-decomposition,2.0
Valencia Vivers,2017-01-01..2024-12-31,daily,ORDER_SPECIFIC_p14,2,14,hgb_direct,1306,143.6937212863706,97.3426134394888,96.45017076669342,96.44026176337641,46.35110784688179,0.8924426727953829,0.009909003317005727,47.25345952299418,4a49b08b041c578ec5981dc1472125b2af0a4d59,572a6a79dfaf6247292af8c946e3f621c520377d7eb449bd78e9b309f483fc6a,7e61f4823860ac67fc2cf7b88c0b78031ccbd9e2a1f7bf6285099b2c126d9b06,2026-08-06T11:21:41Z,2026-08-06-p2-finite-linear-memory-skill-decomposition,2.0
Valencia Vivers,2017-01-01..2024-12-31,daily,ORDER_SPECIFIC_p14,3,14,ridge_direct,1297,160.8064764841943,102.44493854255252,101.77714263893476,102.83376823568373,58.36153794164177,0.6677959036177583,-1.0566255967489724,57.97270824851056,4a49b08b041c578ec5981dc1472125b2af0a4d59,572a6a79dfaf6247292af8c946e3f621c520377d7eb449bd78e9b309f483fc6a,7e61f4823860ac67fc2cf7b88c0b78031ccbd9e2a1f7bf6285099b2c126d9b06,2026-08-06T11:21:41Z,2026-08-06-p2-finite-linear-memory-skill-decomposition,2.0
Valencia Vivers,2017-01-01..2024-12-31,daily,ORDER_SPECIFIC_p14,3,14,hgb_direct,1297,160.8064764841943,102.44493854255252,101.77714263893476,105.52182180783649,58.36153794164177,0.6677959036177583,-3.744679168901726,55.2846546763578,4a49b08b041c578ec5981dc1472125b2af0a4d59,572a6a79dfaf6247292af8c946e3f621c520377d7eb449bd78e9b309f483fc6a,7e61f4823860ac67fc2cf7b88c0b78031ccbd9e2a1f7bf6285099b2c126d9b06,2026-08-06T11:21:41Z,2026-08-06-p2-finite-linear-memory-skill-decomposition,2.0
Valencia Vivers,2017-01-01..2024-12-31,daily,ORDER_SPECIFIC_p14,4,14,ridge_direct,1289,173.5477114041893,106.31081645237423,105.72268571427288,106.22885998775023,67.23689495181507,0.5881307381013414,-0.5061742734773418,67.31885141643907,4a49b08b041c578ec5981dc1472125b2af0a4d59,572a6a79dfaf6247292af8c946e3f621c520377d7eb449bd78e9b309f483fc6a,7e61f4823860ac67fc2cf7b88c0b78031ccbd9e2a1f7bf6285099b2c126d9b06,2026-08-06T11:21:41Z,2026-08-06-p2-finite-linear-memory-skill-decomposition,2.0
Valencia Vivers,2017-01-01..2024-12-31,daily,ORDER_SPECIFIC_p14,4,14,hgb_direct,1289,173.5477114041893,106.31081645237423,105.72268571427288,110.50353847892139,67.23689495181507,0.5881307381013414,-4.7808527646485,63.044172925267915,4a49b08b041c578ec5981dc1472125b2af0a4d59,572a6a79dfaf6247292af8c946e3f621c520377d7eb449bd78e9b309f483fc6a,7e61f4823860ac67fc2cf7b88c0b78031ccbd9e2a1f7bf6285099b2c126d9b06,2026-08-06T11:21:41Z,2026-08-06-p2-finite-linear-memory-skill-decomposition,2.0
Valencia Vivers,2017-01-01..2024-12-31,daily,ORDER_SPECIFIC_p14,5,14,ridge_direct,1281,188.9047619047619,110.70269431357433,109.19618918652473,109.58215479929532,78.20206759118757,1.5065051270495928,-0.3859656127705904,79.32260710546657,4a49b08b041c578ec5981dc1472125b2af0a4d59,572a6a79dfaf6247292af8c946e3f621c520377d7eb449bd78e9b309f483fc6a,7e61f4823860ac67fc2cf7b88c0b78031ccbd9e2a1f7bf6285099b2c126d9b06,2026-08-06T11:21:41Z,2026-08-06-p2-finite-linear-memory-skill-decomposition,2.0
Valencia Vivers,2017-01-01..2024-12-31,daily,ORDER_SPECIFIC_p14,5,14,hgb_direct,1281,188.9047619047619,110.70269431357433,109.19618918652473,113.25286287619926,78.20206759118757,1.5065051270495928,-4.0566736896745255,75.65189902856264,4a49b08b041c578ec5981dc1472125b2af0a4d59,572a6a79dfaf6247292af8c946e3f621c520377d7eb449bd78e9b309f483fc6a,7e61f4823860ac67fc2cf7b88c0b78031ccbd9e2a1f7bf6285099b2c126d9b06,2026-08-06T11:21:41Z,2026-08-06-p2-finite-linear-memory-skill-decomposition,2.0
Valencia Vivers,2017-01-01..2024-12-31,daily,ORDER_SPECIFIC_p14,6,14,ridge_direct,1277,189.11041503523884,108.7230067883897,106.84961536828861,107.49032108326126,80.38740824684915,1.8733914201010862,-0.640705714972654,81.62009395197758,4a49b08b041c578ec5981dc1472125b2af0a4d59,572a6a79dfaf6247292af8c946e3f621c520377d7eb449bd78e9b309f483fc6a,7e61f4823860ac67fc2cf7b88c0b78031ccbd9e2a1f7bf6285099b2c126d9b06,2026-08-06T11:21:41Z,2026-08-06-p2-finite-linear-memory-skill-decomposition,2.0
Valencia Vivers,2017-01-01..2024-12-31,daily,ORDER_SPECIFIC_p14,6,14,hgb_direct,1277,189.11041503523884,108.7230067883897,106.84961536828861,112.02899196048668,80.38740824684915,1.8733914201010862,-5.179376592198068,77.08142307475217,4a49b08b041c578ec5981dc1472125b2af0a4d59,572a6a79dfaf6247292af8c946e3f621c520377d7eb449bd78e9b309f483fc6a,7e61f4823860ac67fc2cf7b88c0b78031ccbd9e2a1f7bf6285099b2c126d9b06,2026-08-06T11:21:41Z,2026-08-06-p2-finite-linear-memory-skill-decomposition,2.0
Valencia Vivers,2017-01-01..2024-12-31,daily,ORDER_SPECIFIC_p14,7,14,ridge_direct,1272,192.22327044025158,109.45906136892037,107.20105402141192,107.68666746747427,82.76420907133121,2.258007347508453,-0.48561344606234513,84.53660297277732,4a49b08b041c578ec5981dc1472125b2af0a4d59,572a6a79dfaf6247292af8c946e3f621c520377d7eb449bd78e9b309f483fc6a,7e61f4823860ac67fc2cf7b88c0b78031ccbd9e2a1f7bf6285099b2c126d9b06,2026-08-06T11:21:41Z,2026-08-06-p2-finite-linear-memory-skill-decomposition,2.0
Valencia Vivers,2017-01-01..2024-12-31,daily,ORDER_SPECIFIC_p14,7,14,hgb_direct,1272,192.22327044025158,109.45906136892037,107.20105402141192,113.25910370402518,82.76420907133121,2.258007347508453,-6.058049682613259,78.9641667362264,4a49b08b041c578ec5981dc1472125b2af0a4d59,572a6a79dfaf6247292af8c946e3f621c520377d7eb449bd78e9b309f483fc6a,7e61f4823860ac67fc2cf7b88c0b78031ccbd9e2a1f7bf6285099b2c126d9b06,2026-08-06T11:21:41Z,2026-08-06-p2-finite-linear-memory-skill-decomposition,2.0
Valencia Vivers,2017-01-01..2024-12-31,daily,ORDER_SPECIFIC_p21,1,21,ridge_direct,1180,91.43559322033899,74.48917754288935,74.7440672001127,74.78976761650006,16.946415677449636,-0.25488965722334456,-0.045700416387362,16.64582560383893,4a49b08b041c578ec5981dc1472125b2af0a4d59,572a6a79dfaf6247292af8c946e3f621c520377d7eb449bd78e9b309f483fc6a,7e61f4823860ac67fc2cf7b88c0b78031ccbd9e2a1f7bf6285099b2c126d9b06,2026-08-06T11:21:41Z,2026-08-06-p2-finite-linear-memory-skill-decomposition,2.0
Valencia Vivers,2017-01-01..2024-12-31,daily,ORDER_SPECIFIC_p21,1,21,hgb_direct,1180,91.43559322033899,74.48917754288935,74.7440672001127,77.96124150957408,16.946415677449636,-0.25488965722334456,-3.2171743094613845,13.474351710764907,4a49b08b041c578ec5981dc1472125b2af0a4d59,572a6a79dfaf6247292af8c946e3f621c520377d7eb449bd78e9b309f483fc6a,7e61f4823860ac67fc2cf7b88c0b78031ccbd9e2a1f7bf6285099b2c126d9b06,2026-08-06T11:21:41Z,2026-08-06-p2-finite-linear-memory-skill-decomposition,2.0
Valencia Vivers,2017-01-01..2024-12-31,daily,ORDER_SPECIFIC_p21,2,21,ridge_direct,1171,145.27754056362085,97.14154938928837,96.70036375301362,97.09883085457896,48.135991174332474,0.4411856362747528,-0.3984671015653447,48.17870970904188,4a49b08b041c578ec5981dc1472125b2af0a4d59,572a6a79dfaf6247292af8c946e3f621c520377d7eb449bd78e9b309f483fc6a,7e61f4823860ac67fc2cf7b88c0b78031ccbd9e2a1f7bf6285099b2c126d9b06,2026-08-06T11:21:41Z,2026-08-06-p2-finite-linear-memory-skill-decomposition,2.0
Valencia Vivers,2017-01-01..2024-12-31,daily,ORDER_SPECIFIC_p21,2,21,hgb_direct,1171,145.27754056362085,97.14154938928837,96.70036375301362,94.2036514596588,48.135991174332474,0.4411856362747528,2.4967122933548183,51.073889103962046,4a49b08b041c578ec5981dc1472125b2af0a4d59,572a6a79dfaf6247292af8c946e3f621c520377d7eb449bd78e9b309f483fc6a,7e61f4823860ac67fc2cf7b88c0b78031ccbd9e2a1f7bf6285099b2c126d9b06,2026-08-06T11:21:41Z,2026-08-06-p2-finite-linear-memory-skill-decomposition,2.0
Valencia Vivers,2017-01-01..2024-12-31,daily,ORDER_SPECIFIC_p21,3,21,ridge_direct,1163,158.60791057609632,99.080481582416,99.66716700098178,99.90061689316269,59.52742899368032,-0.5866854185657786,-0.23344989218091428,58.707293682933624,4a49b08b041c578ec5981dc1472125b2af0a4d59,572a6a79dfaf6247292af8c946e3f621c520377d7eb449bd78e9b309f483fc6a,7e61f4823860ac67fc2cf7b88c0b78031ccbd9e2a1f7bf6285099b2c126d9b06,2026-08-06T11:21:41Z,2026-08-06-p2-finite-linear-memory-skill-decomposition,2.0
Valencia Vivers,2017-01-01..2024-12-31,daily,ORDER_SPECIFIC_p21,3,21,hgb_direct,1163,158.60791057609632,99.080481582416,99.66716700098178,100.60799222211068,59.52742899368032,-0.5866854185657786,-0.9408252211289039,57.999918353985635,4a49b08b041c578ec5981dc1472125b2af0a4d59,572a6a79dfaf6247292af8c946e3f621c520377d7eb449bd78e9b309f483fc6a,7e61f4823860ac67fc2cf7b88c0b78031ccbd9e2a1f7bf6285099b2c126d9b06,2026-08-06T11:21:41Z,2026-08-06-p2-finite-linear-memory-skill-decomposition,2.0
Valencia Vivers,2017-01-01..2024-12-31,daily,ORDER_SPECIFIC_p21,4,21,ridge_direct,1155,167.75670995670995,98.61213964782365,98.94295906173737,98.79106018491436,69.1445703088863,-0.3308194139137157,0.15189887682301162,68.9656497717956,4a49b08b041c578ec5981dc1472125b2af0a4d59,572a6a79dfaf6247292af8c946e3f621c520377d7eb449bd78e9b309f483fc6a,7e61f4823860ac67fc2cf7b88c0b78031ccbd9e2a1f7bf6285099b2c126d9b06,2026-08-06T11:21:41Z,2026-08-06-p2-finite-linear-memory-skill-decomposition,2.0
Valencia Vivers,2017-01-01..2024-12-31,daily,ORDER_SPECIFIC_p21,4,21,hgb_direct,1155,167.75670995670995,98.61213964782365,98.94295906173737,100.99368456539462,69.1445703088863,-0.3308194139137157,-2.0507255036572474,66.76302539131534,4a49b08b041c578ec5981dc1472125b2af0a4d59,572a6a79dfaf6247292af8c946e3f621c520377d7eb449bd78e9b309f483fc6a,7e61f4823860ac67fc2cf7b88c0b78031ccbd9e2a1f7bf6285099b2c126d9b06,2026-08-06T11:21:41Z,2026-08-06-p2-finite-linear-memory-skill-decomposition,2.0
Valencia Vivers,2017-01-01..2024-12-31,daily,ORDER_SPECIFIC_p21,5,21,ridge_direct,1147,178.79860505666957,98.2279535625905,97.66315411113405,97.15125984809431,80.57065149407907,0.5647994514564516,0.5118942630397356,81.64734520857526,4a49b08b041c578ec5981dc1472125b2af0a4d59,572a6a79dfaf6247292af8c946e3f621c520377d7eb449bd78e9b309f483fc6a,7e61f4823860ac67fc2cf7b88c0b78031ccbd9e2a1f7bf6285099b2c126d9b06,2026-08-06T11:21:41Z,2026-08-06-p2-finite-linear-memory-skill-decomposition,2.0
Valencia Vivers,2017-01-01..2024-12-31,daily,ORDER_SPECIFIC_p21,5,21,hgb_direct,1147,178.79860505666957,98.2279535625905,97.66315411113405,99.79049083885927,80.57065149407907,0.5647994514564516,-2.127336727725222,79.0081142178103,4a49b08b041c578ec5981dc1472125b2af0a4d59,572a6a79dfaf6247292af8c946e3f621c520377d7eb449bd78e9b309f483fc6a,7e61f4823860ac67fc2cf7b88c0b78031ccbd9e2a1f7bf6285099b2c126d9b06,2026-08-06T11:21:41Z,2026-08-06-p2-finite-linear-memory-skill-decomposition,2.0
Valencia Vivers,2017-01-01..2024-12-31,daily,ORDER_SPECIFIC_p21,6,21,ridge_direct,1143,182.3429571303587,98.29500886119433,97.38196719302422,97.02501286082831,84.04794826916438,0.9130416681701092,0.35695433219591166,85.3179442695304,4a49b08b041c578ec5981dc1472125b2af0a4d59,572a6a79dfaf6247292af8c946e3f621c520377d7eb449bd78e9b309f483fc6a,7e61f4823860ac67fc2cf7b88c0b78031ccbd9e2a1f7bf6285099b2c126d9b06,2026-08-06T11:21:41Z,2026-08-06-p2-finite-linear-memory-skill-decomposition,2.0
Valencia Vivers,2017-01-01..2024-12-31,daily,ORDER_SPECIFIC_p21,6,21,hgb_direct,1143,182.3429571303587,98.29500886119433,97.38196719302422,101.28301284109385,84.04794826916438,0.9130416681701092,-3.9010456480696263,81.05994428926486,4a49b08b041c578ec5981dc1472125b2af0a4d59,572a6a79dfaf6247292af8c946e3f621c520377d7eb449bd78e9b309f483fc6a,7e61f4823860ac67fc2cf7b88c0b78031ccbd9e2a1f7bf6285099b2c126d9b06,2026-08-06T11:21:41Z,2026-08-06-p2-finite-linear-memory-skill-decomposition,2.0
Valencia Vivers,2017-01-01..2024-12-31,daily,ORDER_SPECIFIC_p21,7,21,ridge_direct,1138,188.07644991212655,98.79606309613361,97.18094651699148,96.45061005154177,89.28038681599294,1.615116579142125,0.7303364654497102,91.62583986058478,4a49b08b041c578ec5981dc1472125b2af0a4d59,572a6a79dfaf6247292af8c946e3f621c520377d7eb449bd78e9b309f483fc6a,7e61f4823860ac67fc2cf7b88c0b78031ccbd9e2a1f7bf6285099b2c126d9b06,2026-08-06T11:21:41Z,2026-08-06-p2-finite-linear-memory-skill-decomposition,2.0
Valencia Vivers,2017-01-01..2024-12-31,daily,ORDER_SPECIFIC_p21,7,21,hgb_direct,1138,188.07644991212655,98.79606309613361,97.18094651699148,101.78925666482176,89.28038681599294,1.615116579142125,-4.608310147830281,86.28719324730478,4a49b08b041c578ec5981dc1472125b2af0a4d59,572a6a79dfaf6247292af8c946e3f621c520377d7eb449bd78e9b309f483fc6a,7e61f4823860ac67fc2cf7b88c0b78031ccbd9e2a1f7bf6285099b2c126d9b06,2026-08-06T11:21:41Z,2026-08-06-p2-finite-linear-memory-skill-decomposition,2.0
Zarra EMEP,2017-01-01..2024-12-30,daily,GLOBAL_COMMON,1,7,ridge_direct,1019,80.63984298331698,67.21217975575334,66.14323656090376,67.16947432284388,13.427663227563642,1.068943194849581,-1.0262377619401235,13.470368660473099,4a49b08b041c578ec5981dc1472125b2af0a4d59,572a6a79dfaf6247292af8c946e3f621c520377d7eb449bd78e9b309f483fc6a,7e61f4823860ac67fc2cf7b88c0b78031ccbd9e2a1f7bf6285099b2c126d9b06,2026-08-06T11:21:41Z,2026-08-06-p2-finite-linear-memory-skill-decomposition,2.0
Zarra EMEP,2017-01-01..2024-12-30,daily,GLOBAL_COMMON,1,7,hgb_direct,1019,80.63984298331698,67.21217975575334,66.14323656090376,70.91933545272897,13.427663227563642,1.068943194849581,-4.776098891825214,9.720507530588009,4a49b08b041c578ec5981dc1472125b2af0a4d59,572a6a79dfaf6247292af8c946e3f621c520377d7eb449bd78e9b309f483fc6a,7e61f4823860ac67fc2cf7b88c0b78031ccbd9e2a1f7bf6285099b2c126d9b06,2026-08-06T11:21:41Z,2026-08-06-p2-finite-linear-memory-skill-decomposition,2.0
Zarra EMEP,2017-01-01..2024-12-30,daily,GLOBAL_COMMON,1,14,ridge_direct,1019,80.63984298331698,67.21217975575334,66.4595429780782,67.16947432284388,13.427663227563642,0.7526367776751357,-0.7099313447656783,13.470368660473099,4a49b08b041c578ec5981dc1472125b2af0a4d59,572a6a79dfaf6247292af8c946e3f621c520377d7eb449bd78e9b309f483fc6a,7e61f4823860ac67fc2cf7b88c0b78031ccbd9e2a1f7bf6285099b2c126d9b06,2026-08-06T11:21:41Z,2026-08-06-p2-finite-linear-memory-skill-decomposition,2.0
Zarra EMEP,2017-01-01..2024-12-30,daily,GLOBAL_COMMON,1,14,hgb_direct,1019,80.63984298331698,67.21217975575334,66.4595429780782,70.91933545272897,13.427663227563642,0.7526367776751357,-4.459792474650769,9.720507530588009,4a49b08b041c578ec5981dc1472125b2af0a4d59,572a6a79dfaf6247292af8c946e3f621c520377d7eb449bd78e9b309f483fc6a,7e61f4823860ac67fc2cf7b88c0b78031ccbd9e2a1f7bf6285099b2c126d9b06,2026-08-06T11:21:41Z,2026-08-06-p2-finite-linear-memory-skill-decomposition,2.0
Zarra EMEP,2017-01-01..2024-12-30,daily,GLOBAL_COMMON,1,21,ridge_direct,1019,80.63984298331698,67.21217975575334,66.71423319807572,67.16947432284388,13.427663227563642,0.4979465576776221,-0.4552411247681647,13.470368660473099,4a49b08b041c578ec5981dc1472125b2af0a4d59,572a6a79dfaf6247292af8c946e3f621c520377d7eb449bd78e9b309f483fc6a,7e61f4823860ac67fc2cf7b88c0b78031ccbd9e2a1f7bf6285099b2c126d9b06,2026-08-06T11:21:41Z,2026-08-06-p2-finite-linear-memory-skill-decomposition,2.0
Zarra EMEP,2017-01-01..2024-12-30,daily,GLOBAL_COMMON,1,21,hgb_direct,1019,80.63984298331698,67.21217975575334,66.71423319807572,70.91933545272897,13.427663227563642,0.4979465576776221,-4.205102254653255,9.720507530588009,4a49b08b041c578ec5981dc1472125b2af0a4d59,572a6a79dfaf6247292af8c946e3f621c520377d7eb449bd78e9b309f483fc6a,7e61f4823860ac67fc2cf7b88c0b78031ccbd9e2a1f7bf6285099b2c126d9b06,2026-08-06T11:21:41Z,2026-08-06-p2-finite-linear-memory-skill-decomposition,2.0
Zarra EMEP,2017-01-01..2024-12-30,daily,GLOBAL_COMMON,2,7,ridge_direct,1016,153.36614173228347,99.52767975892277,98.54745402545673,101.03842405135826,53.838461973360694,0.9802257334660425,-2.4909700259015324,52.327717680925204,4a49b08b041c578ec5981dc1472125b2af0a4d59,572a6a79dfaf6247292af8c946e3f621c520377d7eb449bd78e9b309f483fc6a,7e61f4823860ac67fc2cf7b88c0b78031ccbd9e2a1f7bf6285099b2c126d9b06,2026-08-06T11:21:41Z,2026-08-06-p2-finite-linear-memory-skill-decomposition,2.0
Zarra EMEP,2017-01-01..2024-12-30,daily,GLOBAL_COMMON,2,7,hgb_direct,1016,153.36614173228347,99.52767975892277,98.54745402545673,96.86372346514074,53.838461973360694,0.9802257334660425,1.6837305603159933,56.50241826714273,4a49b08b041c578ec5981dc1472125b2af0a4d59,572a6a79dfaf6247292af8c946e3f621c520377d7eb449bd78e9b309f483fc6a,7e61f4823860ac67fc2cf7b88c0b78031ccbd9e2a1f7bf6285099b2c126d9b06,2026-08-06T11:21:41Z,2026-08-06-p2-finite-linear-memory-skill-decomposition,2.0
Zarra EMEP,2017-01-01..2024-12-30,daily,GLOBAL_COMMON,2,14,ridge_direct,1016,153.36614173228347,99.52767975892277,97.94330981954418,101.03842405135826,53.838461973360694,1.5843699393785897,-3.0951142318140796,52.327717680925204,4a49b08b041c578ec5981dc1472125b2af0a4d59,572a6a79dfaf6247292af8c946e3f621c520377d7eb449bd78e9b309f483fc6a,7e61f4823860ac67fc2cf7b88c0b78031ccbd9e2a1f7bf6285099b2c126d9b06,2026-08-06T11:21:41Z,2026-08-06-p2-finite-linear-memory-skill-decomposition,2.0
Zarra EMEP,2017-01-01..2024-12-30,daily,GLOBAL_COMMON,2,14,hgb_direct,1016,153.36614173228347,99.52767975892277,97.94330981954418,96.86372346514074,53.838461973360694,1.5843699393785897,1.079586354403446,56.50241826714273,4a49b08b041c578ec5981dc1472125b2af0a4d59,572a6a79dfaf6247292af8c946e3f621c520377d7eb449bd78e9b309f483fc6a,7e61f4823860ac67fc2cf7b88c0b78031ccbd9e2a1f7bf6285099b2c126d9b06,2026-08-06T11:21:41Z,2026-08-06-p2-finite-linear-memory-skill-decomposition,2.0
Zarra EMEP,2017-01-01..2024-12-30,daily,GLOBAL_COMMON,2,21,ridge_direct,1016,153.36614173228347,99.52767975892277,98.49457378385749,101.03842405135826,53.838461973360694,1.0331059750652827,-2.5438502675007726,52.327717680925204,4a49b08b041c578ec5981dc1472125b2af0a4d59,572a6a79dfaf6247292af8c946e3f621c520377d7eb449bd78e9b309f483fc6a,7e61f4823860ac67fc2cf7b88c0b78031ccbd9e2a1f7bf6285099b2c126d9b06,2026-08-06T11:21:41Z,2026-08-06-p2-finite-linear-memory-skill-decomposition,2.0
Zarra EMEP,2017-01-01..2024-12-30,daily,GLOBAL_COMMON,2,21,hgb_direct,1016,153.36614173228347,99.52767975892277,98.49457378385749,96.86372346514074,53.838461973360694,1.0331059750652827,1.6308503187167531,56.50241826714273,4a49b08b041c578ec5981dc1472125b2af0a4d59,572a6a79dfaf6247292af8c946e3f621c520377d7eb449bd78e9b309f483fc6a,7e61f4823860ac67fc2cf7b88c0b78031ccbd9e2a1f7bf6285099b2c126d9b06,2026-08-06T11:21:41Z,2026-08-06-p2-finite-linear-memory-skill-decomposition,2.0
Zarra EMEP,2017-01-01..2024-12-30,daily,GLOBAL_COMMON,3,7,ridge_direct,1014,186.73471400394476,108.53110319472405,107.05243340219101,109.19962611128746,78.2036108092207,1.47866979253304,-2.147192709096444,77.5350878926573,4a49b08b041c578ec5981dc1472125b2af0a4d59,572a6a79dfaf6247292af8c946e3f621c520377d7eb449bd78e9b309f483fc6a,7e61f4823860ac67fc2cf7b88c0b78031ccbd9e2a1f7bf6285099b2c126d9b06,2026-08-06T11:21:41Z,2026-08-06-p2-finite-linear-memory-skill-decomposition,2.0
Zarra EMEP,2017-01-01..2024-12-30,daily,GLOBAL_COMMON,3,7,hgb_direct,1014,186.73471400394476,108.53110319472405,107.05243340219101,105.53389220150923,78.2036108092207,1.47866979253304,1.5185412006817813,81.20082180243553,4a49b08b041c578ec5981dc1472125b2af0a4d59,572a6a79dfaf6247292af8c946e3f621c520377d7eb449bd78e9b309f483fc6a,7e61f4823860ac67fc2cf7b88c0b78031ccbd9e2a1f7bf6285099b2c126d9b06,2026-08-06T11:21:41Z,2026-08-06-p2-finite-linear-memory-skill-decomposition,2.0
Zarra EMEP,2017-01-01..2024-12-30,daily,GLOBAL_COMMON,3,14,ridge_direct,1014,186.73471400394476,108.53110319472405,106.24229740675605,109.19962611128746,78.2036108092207,2.288805787968002,-2.957328704531406,77.5350878926573,4a49b08b041c578ec5981dc1472125b2af0a4d59,572a6a79dfaf6247292af8c946e3f621c520377d7eb449bd78e9b309f483fc6a,7e61f4823860ac67fc2cf7b88c0b78031ccbd9e2a1f7bf6285099b2c126d9b06,2026-08-06T11:21:41Z,2026-08-06-p2-finite-linear-memory-skill-decomposition,2.0
Zarra EMEP,2017-01-01..2024-12-30,daily,GLOBAL_COMMON,3,14,hgb_direct,1014,186.73471400394476,108.53110319472405,106.24229740675605,105.53389220150923,78.2036108092207,2.288805787968002,0.7084052052468195,81.20082180243553,4a49b08b041c578ec5981dc1472125b2af0a4d59,572a6a79dfaf6247292af8c946e3f621c520377d7eb449bd78e9b309f483fc6a,7e61f4823860ac67fc2cf7b88c0b78031ccbd9e2a1f7bf6285099b2c126d9b06,2026-08-06T11:21:41Z,2026-08-06-p2-finite-linear-memory-skill-decomposition,2.0
Zarra EMEP,2017-01-01..2024-12-30,daily,GLOBAL_COMMON,3,21,ridge_direct,1014,186.73471400394476,108.53110319472405,106.98433411617107,109.19962611128746,78.2036108092207,1.546769078552984,-2.215291995116388,77.5350878926573,4a49b08b041c578ec5981dc1472125b2af0a4d59,572a6a79dfaf6247292af8c946e3f621c520377d7eb449bd78e9b309f483fc6a,7e61f4823860ac67fc2cf7b88c0b78031ccbd9e2a1f7bf6285099b2c126d9b06,2026-08-06T11:21:41Z,2026-08-06-p2-finite-linear-memory-skill-decomposition,2.0
Zarra EMEP,2017-01-01..2024-12-30,daily,GLOBAL_COMMON,3,21,hgb_direct,1014,186.73471400394476,108.53110319472405,106.98433411617107,105.53389220150923,78.2036108092207,1.546769078552984,1.4504419146618375,81.20082180243553,4a49b08b041c578ec5981dc1472125b2af0a4d59,572a6a79dfaf6247292af8c946e3f621c520377d7eb449bd78e9b309f483fc6a,7e61f4823860ac67fc2cf7b88c0b78031ccbd9e2a1f7bf6285099b2c126d9b06,2026-08-06T11:21:41Z,2026-08-06-p2-finite-linear-memory-skill-decomposition,2.0
Zarra EMEP,2017-01-01..2024-12-30,daily,GLOBAL_COMMON,4,7,ridge_direct,1014,200.38658777120315,117.01348447688561,115.87914226162218,117.34199563550064,83.37310329431754,1.1343422152634304,-1.4628533738784597,83.04459213570252,4a49b08b041c578ec5981dc1472125b2af0a4d59,572a6a79dfaf6247292af8c946e3f621c520377d7eb449bd78e9b309f483fc6a,7e61f4823860ac67fc2cf7b88c0b78031ccbd9e2a1f7bf6285099b2c126d9b06,2026-08-06T11:21:41Z,2026-08-06-p2-finite-linear-memory-skill-decomposition,2.0
Zarra EMEP,2017-01-01..2024-12-30,daily,GLOBAL_COMMON,4,7,hgb_direct,1014,200.38658777120315,117.01348447688561,115.87914226162218,114.46828198018778,83.37310329431754,1.1343422152634304,1.4108602814343953,85.91830579101537,4a49b08b041c578ec5981dc1472125b2af0a4d59,572a6a79dfaf6247292af8c946e3f621c520377d7eb449bd78e9b309f483fc6a,7e61f4823860ac67fc2cf7b88c0b78031ccbd9e2a1f7bf6285099b2c126d9b06,2026-08-06T11:21:41Z,2026-08-06-p2-finite-linear-memory-skill-decomposition,2.0
Zarra EMEP,2017-01-01..2024-12-30,daily,GLOBAL_COMMON,4,14,ridge_direct,1014,200.38658777120315,117.01348447688561,115.02566311544838,117.34199563550064,83.37310329431754,1.987821361437227,-2.3163325200522564,83.04459213570252,4a49b08b041c578ec5981dc1472125b2af0a4d59,572a6a79dfaf6247292af8c946e3f621c520377d7eb449bd78e9b309f483fc6a,7e61f4823860ac67fc2cf7b88c0b78031ccbd9e2a1f7bf6285099b2c126d9b06,2026-08-06T11:21:41Z,2026-08-06-p2-finite-linear-memory-skill-decomposition,2.0
Zarra EMEP,2017-01-01..2024-12-30,daily,GLOBAL_COMMON,4,14,hgb_direct,1014,200.38658777120315,117.01348447688561,115.02566311544838,114.46828198018778,83.37310329431754,1.987821361437227,0.5573811352605986,85.91830579101537,4a49b08b041c578ec5981dc1472125b2af0a4d59,572a6a79dfaf6247292af8c946e3f621c520377d7eb449bd78e9b309f483fc6a,7e61f4823860ac67fc2cf7b88c0b78031ccbd9e2a1f7bf6285099b2c126d9b06,2026-08-06T11:21:41Z,2026-08-06-p2-finite-linear-memory-skill-decomposition,2.0
Zarra EMEP,2017-01-01..2024-12-30,daily,GLOBAL_COMMON,4,21,ridge_direct,1014,200.38658777120315,117.01348447688561,115.42937084474862,117.34199563550064,83.37310329431754,1.5841136321369902,-1.9126247907520195,83.04459213570252,4a49b08b041c578ec5981dc1472125b2af0a4d59,572a6a79dfaf6247292af8c946e3f621c520377d7eb449bd78e9b309f483fc6a,7e61f4823860ac67fc2cf7b88c0b78031ccbd9e2a1f7bf6285099b2c126d9b06,2026-08-06T11:21:41Z,2026-08-06-p2-finite-linear-memory-skill-decomposition,2.0
Zarra EMEP,2017-01-01..2024-12-30,daily,GLOBAL_COMMON,4,21,hgb_direct,1014,200.38658777120315,117.01348447688561,115.42937084474862,114.46828198018778,83.37310329431754,1.5841136321369902,0.9610888645608355,85.91830579101537,4a49b08b041c578ec5981dc1472125b2af0a4d59,572a6a79dfaf6247292af8c946e3f621c520377d7eb449bd78e9b309f483fc6a,7e61f4823860ac67fc2cf7b88c0b78031ccbd9e2a1f7bf6285099b2c126d9b06,2026-08-06T11:21:41Z,2026-08-06-p2-finite-linear-memory-skill-decomposition,2.0
Zarra EMEP,2017-01-01..2024-12-30,daily,GLOBAL_COMMON,5,7,ridge_direct,1013,214.99407699901283,134.45063246774745,134.28698600203256,135.24125928008073,80.54344453126538,0.1636464657148906,-0.9542732780481629,79.7528177189321,4a49b08b041c578ec5981dc1472125b2af0a4d59,572a6a79dfaf6247292af8c946e3f621c520377d7eb449bd78e9b309f483fc6a,7e61f4823860ac67fc2cf7b88c0b78031ccbd9e2a1f7bf6285099b2c126d9b06,2026-08-06T11:21:41Z,2026-08-06-p2-finite-linear-memory-skill-decomposition,2.0
Zarra EMEP,2017-01-01..2024-12-30,daily,GLOBAL_COMMON,5,7,hgb_direct,1013,214.99407699901283,134.45063246774745,134.28698600203256,132.9993986836312,80.54344453126538,0.1636464657148906,1.2875873184013642,81.99467831538163,4a49b08b041c578ec5981dc1472125b2af0a4d59,572a6a79dfaf6247292af8c946e3f621c520377d7eb449bd78e9b309f483fc6a,7e61f4823860ac67fc2cf7b88c0b78031ccbd9e2a1f7bf6285099b2c126d9b06,2026-08-06T11:21:41Z,2026-08-06-p2-finite-linear-memory-skill-decomposition,2.0
Zarra EMEP,2017-01-01..2024-12-30,daily,GLOBAL_COMMON,5,14,ridge_direct,1013,214.99407699901283,134.45063246774745,132.24283791916778,135.24125928008073,80.54344453126538,2.2077945485796704,-2.9984213609129426,79.7528177189321,4a49b08b041c578ec5981dc1472125b2af0a4d59,572a6a79dfaf6247292af8c946e3f621c520377d7eb449bd78e9b309f483fc6a,7e61f4823860ac67fc2cf7b88c0b78031ccbd9e2a1f7bf6285099b2c126d9b06,2026-08-06T11:21:41Z,2026-08-06-p2-finite-linear-memory-skill-decomposition,2.0
Zarra EMEP,2017-01-01..2024-12-30,daily,GLOBAL_COMMON,5,14,hgb_direct,1013,214.99407699901283,134.45063246774745,132.24283791916778,132.9993986836312,80.54344453126538,2.2077945485796704,-0.7565607644634156,81.99467831538163,4a49b08b041c578ec5981dc1472125b2af0a4d59,572a6a79dfaf6247292af8c946e3f621c520377d7eb449bd78e9b309f483fc6a,7e61f4823860ac67fc2cf7b88c0b78031ccbd9e2a1f7bf6285099b2c126d9b06,2026-08-06T11:21:41Z,2026-08-06-p2-finite-linear-memory-skill-decomposition,2.0
Zarra EMEP,2017-01-01..2024-12-30,daily,GLOBAL_COMMON,5,21,ridge_direct,1013,214.99407699901283,134.45063246774745,132.5328883001966,135.24125928008073,80.54344453126538,1.9177441675508646,-2.708370979884137,79.7528177189321,4a49b08b041c578ec5981dc1472125b2af0a4d59,572a6a79dfaf6247292af8c946e3f621c520377d7eb449bd78e9b309f483fc6a,7e61f4823860ac67fc2cf7b88c0b78031ccbd9e2a1f7bf6285099b2c126d9b06,2026-08-06T11:21:41Z,2026-08-06-p2-finite-linear-memory-skill-decomposition,2.0
Zarra EMEP,2017-01-01..2024-12-30,daily,GLOBAL_COMMON,5,21,hgb_direct,1013,214.99407699901283,134.45063246774745,132.5328883001966,132.9993986836312,80.54344453126538,1.9177441675508646,-0.4665103834346098,81.99467831538163,4a49b08b041c578ec5981dc1472125b2af0a4d59,572a6a79dfaf6247292af8c946e3f621c520377d7eb449bd78e9b309f483fc6a,7e61f4823860ac67fc2cf7b88c0b78031ccbd9e2a1f7bf6285099b2c126d9b06,2026-08-06T11:21:41Z,2026-08-06-p2-finite-linear-memory-skill-decomposition,2.0
Zarra EMEP,2017-01-01..2024-12-30,daily,GLOBAL_COMMON,6,7,ridge_direct,1012,221.29644268774703,140.7986371293056,141.29061889587445,141.9678977009237,80.49780555844143,-0.4919817665688413,-0.6772788050492409,79.32854498682335,4a49b08b041c578ec5981dc1472125b2af0a4d59,572a6a79dfaf6247292af8c946e3f621c520377d7eb449bd78e9b309f483fc6a,7e61f4823860ac67fc2cf7b88c0b78031ccbd9e2a1f7bf6285099b2c126d9b06,2026-08-06T11:21:41Z,2026-08-06-p2-finite-linear-memory-skill-decomposition,2.0
Zarra EMEP,2017-01-01..2024-12-30,daily,GLOBAL_COMMON,6,7,hgb_direct,1012,221.29644268774703,140.7986371293056,141.29061889587445,140.7576260526983,80.49780555844143,-0.4919817665688413,0.5329928431761459,80.53881663504873,4a49b08b041c578ec5981dc1472125b2af0a4d59,572a6a79dfaf6247292af8c946e3f621c520377d7eb449bd78e9b309f483fc6a,7e61f4823860ac67fc2cf7b88c0b78031ccbd9e2a1f7bf6285099b2c126d9b06,2026-08-06T11:21:41Z,2026-08-06-p2-finite-linear-memory-skill-decomposition,2.0
Zarra EMEP,2017-01-01..2024-12-30,daily,GLOBAL_COMMON,6,14,ridge_direct,1012,221.29644268774703,140.7986371293056,138.35355468897404,141.9678977009237,80.49780555844143,2.4450824403315607,-3.614343011949643,79.32854498682335,4a49b08b041c578ec5981dc1472125b2af0a4d59,572a6a79dfaf6247292af8c946e3f621c520377d7eb449bd78e9b309f483fc6a,7e61f4823860ac67fc2cf7b88c0b78031ccbd9e2a1f7bf6285099b2c126d9b06,2026-08-06T11:21:41Z,2026-08-06-p2-finite-linear-memory-skill-decomposition,2.0
Zarra EMEP,2017-01-01..2024-12-30,daily,GLOBAL_COMMON,6,14,hgb_direct,1012,221.29644268774703,140.7986371293056,138.35355468897404,140.7576260526983,80.49780555844143,2.4450824403315607,-2.404071363724256,80.53881663504873,4a49b08b041c578ec5981dc1472125b2af0a4d59,572a6a79dfaf6247292af8c946e3f621c520377d7eb449bd78e9b309f483fc6a,7e61f4823860ac67fc2cf7b88c0b78031ccbd9e2a1f7bf6285099b2c126d9b06,2026-08-06T11:21:41Z,2026-08-06-p2-finite-linear-memory-skill-decomposition,2.0
Zarra EMEP,2017-01-01..2024-12-30,daily,GLOBAL_COMMON,6,21,ridge_direct,1012,221.29644268774703,140.7986371293056,138.85856009730887,141.9678977009237,80.49780555844143,1.9400770319967364,-3.1093376036148186,79.32854498682335,4a49b08b041c578ec5981dc1472125b2af0a4d59,572a6a79dfaf6247292af8c946e3f621c520377d7eb449bd78e9b309f483fc6a,7e61f4823860ac67fc2cf7b88c0b78031ccbd9e2a1f7bf6285099b2c126d9b06,2026-08-06T11:21:41Z,2026-08-06-p2-finite-linear-memory-skill-decomposition,2.0
Zarra EMEP,2017-01-01..2024-12-30,daily,GLOBAL_COMMON,6,21,hgb_direct,1012,221.29644268774703,140.7986371293056,138.85856009730887,140.7576260526983,80.49780555844143,1.9400770319967364,-1.8990659553894318,80.53881663504873,4a49b08b041c578ec5981dc1472125b2af0a4d59,572a6a79dfaf6247292af8c946e3f621c520377d7eb449bd78e9b309f483fc6a,7e61f4823860ac67fc2cf7b88c0b78031ccbd9e2a1f7bf6285099b2c126d9b06,2026-08-06T11:21:41Z,2026-08-06-p2-finite-linear-memory-skill-decomposition,2.0
Zarra EMEP,2017-01-01..2024-12-30,daily,GLOBAL_COMMON,7,7,ridge_direct,1011,240.56973293768547,154.7223256855082,154.6977265374423,155.57910477026755,85.84740725217728,0.02459914806590291,-0.8813782328252557,84.99062816741792,4a49b08b041c578ec5981dc1472125b2af0a4d59,572a6a79dfaf6247292af8c946e3f621c520377d7eb449bd78e9b309f483fc6a,7e61f4823860ac67fc2cf7b88c0b78031ccbd9e2a1f7bf6285099b2c126d9b06,2026-08-06T11:21:41Z,2026-08-06-p2-finite-linear-memory-skill-decomposition,2.0
Zarra EMEP,2017-01-01..2024-12-30,daily,GLOBAL_COMMON,7,7,hgb_direct,1011,240.56973293768547,154.7223256855082,154.6977265374423,157.09646104873238,85.84740725217728,0.02459914806590291,-2.398734511290087,83.4732718889531,4a49b08b041c578ec5981dc1472125b2af0a4d59,572a6a79dfaf6247292af8c946e3f621c520377d7eb449bd78e9b309f483fc6a,7e61f4823860ac67fc2cf7b88c0b78031ccbd9e2a1f7bf6285099b2c126d9b06,2026-08-06T11:21:41Z,2026-08-06-p2-finite-linear-memory-skill-decomposition,2.0
Zarra EMEP,2017-01-01..2024-12-30,daily,GLOBAL_COMMON,7,14,ridge_direct,1011,240.56973293768547,154.7223256855082,151.6484240701082,155.57910477026755,85.84740725217728,3.07390161539999,-3.9306807001593427,84.99062816741792,4a49b08b041c578ec5981dc1472125b2af0a4d59,572a6a79dfaf6247292af8c946e3f621c520377d7eb449bd78e9b309f483fc6a,7e61f4823860ac67fc2cf7b88c0b78031ccbd9e2a1f7bf6285099b2c126d9b06,2026-08-06T11:21:41Z,2026-08-06-p2-finite-linear-memory-skill-decomposition,2.0
Zarra EMEP,2017-01-01..2024-12-30,daily,GLOBAL_COMMON,7,14,hgb_direct,1011,240.56973293768547,154.7223256855082,151.6484240701082,157.09646104873238,85.84740725217728,3.07390161539999,-5.448036978624174,83.4732718889531,4a49b08b041c578ec5981dc1472125b2af0a4d59,572a6a79dfaf6247292af8c946e3f621c520377d7eb449bd78e9b309f483fc6a,7e61f4823860ac67fc2cf7b88c0b78031ccbd9e2a1f7bf6285099b2c126d9b06,2026-08-06T11:21:41Z,2026-08-06-p2-finite-linear-memory-skill-decomposition,2.0
Zarra EMEP,2017-01-01..2024-12-30,daily,GLOBAL_COMMON,7,21,ridge_direct,1011,240.56973293768547,154.7223256855082,151.87287468994532,155.57910477026755,85.84740725217728,2.8494509955628757,-3.7062300803222286,84.99062816741792,4a49b08b041c578ec5981dc1472125b2af0a4d59,572a6a79dfaf6247292af8c946e3f621c520377d7eb449bd78e9b309f483fc6a,7e61f4823860ac67fc2cf7b88c0b78031ccbd9e2a1f7bf6285099b2c126d9b06,2026-08-06T11:21:41Z,2026-08-06-p2-finite-linear-memory-skill-decomposition,2.0
Zarra EMEP,2017-01-01..2024-12-30,daily,GLOBAL_COMMON,7,21,hgb_direct,1011,240.56973293768547,154.7223256855082,151.87287468994532,157.09646104873238,85.84740725217728,2.8494509955628757,-5.22358635878706,83.4732718889531,4a49b08b041c578ec5981dc1472125b2af0a4d59,572a6a79dfaf6247292af8c946e3f621c520377d7eb449bd78e9b309f483fc6a,7e61f4823860ac67fc2cf7b88c0b78031ccbd9e2a1f7bf6285099b2c126d9b06,2026-08-06T11:21:41Z,2026-08-06-p2-finite-linear-memory-skill-decomposition,2.0
Zarra EMEP,2017-01-01..2024-12-30,daily,GLOBAL_COMMON_WITH_SARIMA,1,7,ridge_direct,70,27.714285714285715,37.408709319509015,35.40017460674154,35.663804211817336,-9.6944236052233,2.008534712767478,-0.26362960507579913,-7.949518497531621,4a49b08b041c578ec5981dc1472125b2af0a4d59,572a6a79dfaf6247292af8c946e3f621c520377d7eb449bd78e9b309f483fc6a,7e61f4823860ac67fc2cf7b88c0b78031ccbd9e2a1f7bf6285099b2c126d9b06,2026-08-06T11:21:41Z,2026-08-06-p2-finite-linear-memory-skill-decomposition,2.0
Zarra EMEP,2017-01-01..2024-12-30,daily,GLOBAL_COMMON_WITH_SARIMA,1,7,hgb_direct,70,27.714285714285715,37.408709319509015,35.40017460674154,49.826922283289576,-9.6944236052233,2.008534712767478,-14.42674767654804,-22.11263656900386,4a49b08b041c578ec5981dc1472125b2af0a4d59,572a6a79dfaf6247292af8c946e3f621c520377d7eb449bd78e9b309f483fc6a,7e61f4823860ac67fc2cf7b88c0b78031ccbd9e2a1f7bf6285099b2c126d9b06,2026-08-06T11:21:41Z,2026-08-06-p2-finite-linear-memory-skill-decomposition,2.0
Zarra EMEP,2017-01-01..2024-12-30,daily,GLOBAL_COMMON_WITH_SARIMA,1,7,sarima,70,27.714285714285715,37.408709319509015,35.40017460674154,33.90938102958341,-9.6944236052233,2.008534712767478,1.4907935771581293,-6.195095315297692,4a49b08b041c578ec5981dc1472125b2af0a4d59,572a6a79dfaf6247292af8c946e3f621c520377d7eb449bd78e9b309f483fc6a,7e61f4823860ac67fc2cf7b88c0b78031ccbd9e2a1f7bf6285099b2c126d9b06,2026-08-06T11:21:41Z,2026-08-06-p2-finite-linear-memory-skill-decomposition,2.0
Zarra EMEP,2017-01-01..2024-12-30,daily,GLOBAL_COMMON_WITH_SARIMA,1,14,ridge_direct,70,27.714285714285715,37.408709319509015,36.79730270680732,35.663804211817336,-9.6944236052233,0.6114066127016926,1.1334984949899862,-7.949518497531621,4a49b08b041c578ec5981dc1472125b2af0a4d59,572a6a79dfaf6247292af8c946e3f621c520377d7eb449bd78e9b309f483fc6a,7e61f4823860ac67fc2cf7b88c0b78031ccbd9e2a1f7bf6285099b2c126d9b06,2026-08-06T11:21:41Z,2026-08-06-p2-finite-linear-memory-skill-decomposition,2.0
Zarra EMEP,2017-01-01..2024-12-30,daily,GLOBAL_COMMON_WITH_SARIMA,1,14,hgb_direct,70,27.714285714285715,37.408709319509015,36.79730270680732,49.826922283289576,-9.6944236052233,0.6114066127016926,-13.029619576482254,-22.11263656900386,4a49b08b041c578ec5981dc1472125b2af0a4d59,572a6a79dfaf6247292af8c946e3f621c520377d7eb449bd78e9b309f483fc6a,7e61f4823860ac67fc2cf7b88c0b78031ccbd9e2a1f7bf6285099b2c126d9b06,2026-08-06T11:21:41Z,2026-08-06-p2-finite-linear-memory-skill-decomposition,2.0
Zarra EMEP,2017-01-01..2024-12-30,daily,GLOBAL_COMMON_WITH_SARIMA,1,14,sarima,70,27.714285714285715,37.408709319509015,36.79730270680732,33.90938102958341,-9.6944236052233,0.6114066127016926,2.8879216772239147,-6.195095315297692,4a49b08b041c578ec5981dc1472125b2af0a4d59,572a6a79dfaf6247292af8c946e3f621c520377d7eb449bd78e9b309f483fc6a,7e61f4823860ac67fc2cf7b88c0b78031ccbd9e2a1f7bf6285099b2c126d9b06,2026-08-06T11:21:41Z,2026-08-06-p2-finite-linear-memory-skill-decomposition,2.0
Zarra EMEP,2017-01-01..2024-12-30,daily,GLOBAL_COMMON_WITH_SARIMA,1,21,ridge_direct,70,27.714285714285715,37.408709319509015,37.13292116175218,35.663804211817336,-9.6944236052233,0.2757881577568355,1.4691169499348433,-7.949518497531621,4a49b08b041c578ec5981dc1472125b2af0a4d59,572a6a79dfaf6247292af8c946e3f621c520377d7eb449bd78e9b309f483fc6a,7e61f4823860ac67fc2cf7b88c0b78031ccbd9e2a1f7bf6285099b2c126d9b06,2026-08-06T11:21:41Z,2026-08-06-p2-finite-linear-memory-skill-decomposition,2.0
Zarra EMEP,2017-01-01..2024-12-30,daily,GLOBAL_COMMON_WITH_SARIMA,1,21,hgb_direct,70,27.714285714285715,37.408709319509015,37.13292116175218,49.826922283289576,-9.6944236052233,0.2757881577568355,-12.694001121537397,-22.11263656900386,4a49b08b041c578ec5981dc1472125b2af0a4d59,572a6a79dfaf6247292af8c946e3f621c520377d7eb449bd78e9b309f483fc6a,7e61f4823860ac67fc2cf7b88c0b78031ccbd9e2a1f7bf6285099b2c126d9b06,2026-08-06T11:21:41Z,2026-08-06-p2-finite-linear-memory-skill-decomposition,2.0
Zarra EMEP,2017-01-01..2024-12-30,daily,GLOBAL_COMMON_WITH_SARIMA,1,21,sarima,70,27.714285714285715,37.408709319509015,37.13292116175218,33.90938102958341,-9.6944236052233,0.2757881577568355,3.2235401321687718,-6.195095315297692,4a49b08b041c578ec5981dc1472125b2af0a4d59,572a6a79dfaf6247292af8c946e3f621c520377d7eb449bd78e9b309f483fc6a,7e61f4823860ac67fc2cf7b88c0b78031ccbd9e2a1f7bf6285099b2c126d9b06,2026-08-06T11:21:41Z,2026-08-06-p2-finite-linear-memory-skill-decomposition,2.0
Zarra EMEP,2017-01-01..2024-12-30,daily,GLOBAL_COMMON_WITH_SARIMA,2,7,ridge_direct,70,27.885714285714286,24.14318470194839,26.650413099365878,25.29114651282977,3.742529583765897,-2.5072283974174887,1.3592665865361084,2.594567772884517,4a49b08b041c578ec5981dc1472125b2af0a4d59,572a6a79dfaf6247292af8c946e3f621c520377d7eb449bd78e9b309f483fc6a,7e61f4823860ac67fc2cf7b88c0b78031ccbd9e2a1f7bf6285099b2c126d9b06,2026-08-06T11:21:41Z,2026-08-06-p2-finite-linear-memory-skill-decomposition,2.0
Zarra EMEP,2017-01-01..2024-12-30,daily,GLOBAL_COMMON_WITH_SARIMA,2,7,hgb_direct,70,27.885714285714286,24.14318470194839,26.650413099365878,33.13946399338762,3.742529583765897,-2.5072283974174887,-6.489050894021744,-5.253749707673336,4a49b08b041c578ec5981dc1472125b2af0a4d59,572a6a79dfaf6247292af8c946e3f621c520377d7eb449bd78e9b309f483fc6a,7e61f4823860ac67fc2cf7b88c0b78031ccbd9e2a1f7bf6285099b2c126d9b06,2026-08-06T11:21:41Z,2026-08-06-p2-finite-linear-memory-skill-decomposition,2.0
Zarra EMEP,2017-01-01..2024-12-30,daily,GLOBAL_COMMON_WITH_SARIMA,2,7,sarima,70,27.885714285714286,24.14318470194839,26.650413099365878,24.95424623922083,3.742529583765897,-2.5072283974174887,1.6961668601450484,2.931468046493457,4a49b08b041c578ec5981dc1472125b2af0a4d59,572a6a79dfaf6247292af8c946e3f621c520377d7eb449bd78e9b309f483fc6a,7e61f4823860ac67fc2cf7b88c0b78031ccbd9e2a1f7bf6285099b2c126d9b06,2026-08-06T11:21:41Z,2026-08-06-p2-finite-linear-memory-skill-decomposition,2.0
Zarra EMEP,2017-01-01..2024-12-30,daily,GLOBAL_COMMON_WITH_SARIMA,2,14,ridge_direct,70,27.885714285714286,24.14318470194839,29.31251732675073,25.29114651282977,3.742529583765897,-5.16933262480234,4.02137081392096,2.594567772884517,4a49b08b041c578ec5981dc1472125b2af0a4d59,572a6a79dfaf6247292af8c946e3f621c520377d7eb449bd78e9b309f483fc6a,7e61f4823860ac67fc2cf7b88c0b78031ccbd9e2a1f7bf6285099b2c126d9b06,2026-08-06T11:21:41Z,2026-08-06-p2-finite-linear-memory-skill-decomposition,2.0
Zarra EMEP,2017-01-01..2024-12-30,daily,GLOBAL_COMMON_WITH_SARIMA,2,14,hgb_direct,70,27.885714285714286,24.14318470194839,29.31251732675073,33.13946399338762,3.742529583765897,-5.16933262480234,-3.8269466666368928,-5.253749707673336,4a49b08b041c578ec5981dc1472125b2af0a4d59,572a6a79dfaf6247292af8c946e3f621c520377d7eb449bd78e9b309f483fc6a,7e61f4823860ac67fc2cf7b88c0b78031ccbd9e2a1f7bf6285099b2c126d9b06,2026-08-06T11:21:41Z,2026-08-06-p2-finite-linear-memory-skill-decomposition,2.0
Zarra EMEP,2017-01-01..2024-12-30,daily,GLOBAL_COMMON_WITH_SARIMA,2,14,sarima,70,27.885714285714286,24.14318470194839,29.31251732675073,24.95424623922083,3.742529583765897,-5.16933262480234,4.3582710875299,2.931468046493457,4a49b08b041c578ec5981dc1472125b2af0a4d59,572a6a79dfaf6247292af8c946e3f621c520377d7eb449bd78e9b309f483fc6a,7e61f4823860ac67fc2cf7b88c0b78031ccbd9e2a1f7bf6285099b2c126d9b06,2026-08-06T11:21:41Z,2026-08-06-p2-finite-linear-memory-skill-decomposition,2.0
Zarra EMEP,2017-01-01..2024-12-30,daily,GLOBAL_COMMON_WITH_SARIMA,2,21,ridge_direct,70,27.885714285714286,24.14318470194839,29.739691392224113,25.29114651282977,3.742529583765897,-5.596506690275724,4.448544879394344,2.594567772884517,4a49b08b041c578ec5981dc1472125b2af0a4d59,572a6a79dfaf6247292af8c946e3f621c520377d7eb449bd78e9b309f483fc6a,7e61f4823860ac67fc2cf7b88c0b78031ccbd9e2a1f7bf6285099b2c126d9b06,2026-08-06T11:21:41Z,2026-08-06-p2-finite-linear-memory-skill-decomposition,2.0
Zarra EMEP,2017-01-01..2024-12-30,daily,GLOBAL_COMMON_WITH_SARIMA,2,21,hgb_direct,70,27.885714285714286,24.14318470194839,29.739691392224113,33.13946399338762,3.742529583765897,-5.596506690275724,-3.3997726011635088,-5.253749707673336,4a49b08b041c578ec5981dc1472125b2af0a4d59,572a6a79dfaf6247292af8c946e3f621c520377d7eb449bd78e9b309f483fc6a,7e61f4823860ac67fc2cf7b88c0b78031ccbd9e2a1f7bf6285099b2c126d9b06,2026-08-06T11:21:41Z,2026-08-06-p2-finite-linear-memory-skill-decomposition,2.0
Zarra EMEP,2017-01-01..2024-12-30,daily,GLOBAL_COMMON_WITH_SARIMA,2,21,sarima,70,27.885714285714286,24.14318470194839,29.739691392224113,24.95424623922083,3.742529583765897,-5.596506690275724,4.785445153003284,2.931468046493457,4a49b08b041c578ec5981dc1472125b2af0a4d59,572a6a79dfaf6247292af8c946e3f621c520377d7eb449bd78e9b309f483fc6a,7e61f4823860ac67fc2cf7b88c0b78031ccbd9e2a1f7bf6285099b2c126d9b06,2026-08-06T11:21:41Z,2026-08-06-p2-finite-linear-memory-skill-decomposition,2.0
Zarra EMEP,2017-01-01..2024-12-30,daily,GLOBAL_COMMON_WITH_SARIMA,3,7,ridge_direct,73,99.76712328767124,56.15559121840595,49.071382885663624,48.168997366369545,43.61153206926529,7.084208332742328,0.9023855192940786,51.598125921301694,4a49b08b041c578ec5981dc1472125b2af0a4d59,572a6a79dfaf6247292af8c946e3f621c520377d7eb449bd78e9b309f483fc6a,7e61f4823860ac67fc2cf7b88c0b78031ccbd9e2a1f7bf6285099b2c126d9b06,2026-08-06T11:21:41Z,2026-08-06-p2-finite-linear-memory-skill-decomposition,2.0
Zarra EMEP,2017-01-01..2024-12-30,daily,GLOBAL_COMMON_WITH_SARIMA,3,7,hgb_direct,73,99.76712328767124,56.15559121840595,49.071382885663624,49.50890773966269,43.61153206926529,7.084208332742328,-0.43752485399906504,50.25821554800855,4a49b08b041c578ec5981dc1472125b2af0a4d59,572a6a79dfaf6247292af8c946e3f621c520377d7eb449bd78e9b309f483fc6a,7e61f4823860ac67fc2cf7b88c0b78031ccbd9e2a1f7bf6285099b2c126d9b06,2026-08-06T11:21:41Z,2026-08-06-p2-finite-linear-memory-skill-decomposition,2.0
Zarra EMEP,2017-01-01..2024-12-30,daily,GLOBAL_COMMON_WITH_SARIMA,3,7,sarima,73,99.76712328767124,56.15559121840595,49.071382885663624,59.220281999212204,43.61153206926529,7.084208332742328,-10.14889911354858,40.546841288459035,4a49b08b041c578ec5981dc1472125b2af0a4d59,572a6a79dfaf6247292af8c946e3f621c520377d7eb449bd78e9b309f483fc6a,7e61f4823860ac67fc2cf7b88c0b78031ccbd9e2a1f7bf6285099b2c126d9b06,2026-08-06T11:21:41Z,2026-08-06-p2-finite-linear-memory-skill-decomposition,2.0
Zarra EMEP,2017-01-01..2024-12-30,daily,GLOBAL_COMMON_WITH_SARIMA,3,14,ridge_direct,73,99.76712328767124,56.15559121840595,50.24217185803792,48.168997366369545,43.61153206926529,5.913419360368032,2.073174491668375,51.598125921301694,4a49b08b041c578ec5981dc1472125b2af0a4d59,572a6a79dfaf6247292af8c946e3f621c520377d7eb449bd78e9b309f483fc6a,7e61f4823860ac67fc2cf7b88c0b78031ccbd9e2a1f7bf6285099b2c126d9b06,2026-08-06T11:21:41Z,2026-08-06-p2-finite-linear-memory-skill-decomposition,2.0
Zarra EMEP,2017-01-01..2024-12-30,daily,GLOBAL_COMMON_WITH_SARIMA,3,14,hgb_direct,73,99.76712328767124,56.15559121840595,50.24217185803792,49.50890773966269,43.61153206926529,5.913419360368032,0.7332641183752315,50.25821554800855,4a49b08b041c578ec5981dc1472125b2af0a4d59,572a6a79dfaf6247292af8c946e3f621c520377d7eb449bd78e9b309f483fc6a,7e61f4823860ac67fc2cf7b88c0b78031ccbd9e2a1f7bf6285099b2c126d9b06,2026-08-06T11:21:41Z,2026-08-06-p2-finite-linear-memory-skill-decomposition,2.0
Zarra EMEP,2017-01-01..2024-12-30,daily,GLOBAL_COMMON_WITH_SARIMA,3,14,sarima,73,99.76712328767124,56.15559121840595,50.24217185803792,59.220281999212204,43.61153206926529,5.913419360368032,-8.978110141174284,40.546841288459035,4a49b08b041c578ec5981dc1472125b2af0a4d59,572a6a79dfaf6247292af8c946e3f621c520377d7eb449bd78e9b309f483fc6a,7e61f4823860ac67fc2cf7b88c0b78031ccbd9e2a1f7bf6285099b2c126d9b06,2026-08-06T11:21:41Z,2026-08-06-p2-finite-linear-memory-skill-decomposition,2.0
Zarra EMEP,2017-01-01..2024-12-30,daily,GLOBAL_COMMON_WITH_SARIMA,3,21,ridge_direct,73,99.76712328767124,56.15559121840595,50.08319567342682,48.168997366369545,43.61153206926529,6.0723955449791305,1.9141983070572763,51.598125921301694,4a49b08b041c578ec5981dc1472125b2af0a4d59,572a6a79dfaf6247292af8c946e3f621c520377d7eb449bd78e9b309f483fc6a,7e61f4823860ac67fc2cf7b88c0b78031ccbd9e2a1f7bf6285099b2c126d9b06,2026-08-06T11:21:41Z,2026-08-06-p2-finite-linear-memory-skill-decomposition,2.0
Zarra EMEP,2017-01-01..2024-12-30,daily,GLOBAL_COMMON_WITH_SARIMA,3,21,hgb_direct,73,99.76712328767124,56.15559121840595,50.08319567342682,49.50890773966269,43.61153206926529,6.0723955449791305,0.5742879337641327,50.25821554800855,4a49b08b041c578ec5981dc1472125b2af0a4d59,572a6a79dfaf6247292af8c946e3f621c520377d7eb449bd78e9b309f483fc6a,7e61f4823860ac67fc2cf7b88c0b78031ccbd9e2a1f7bf6285099b2c126d9b06,2026-08-06T11:21:41Z,2026-08-06-p2-finite-linear-memory-skill-decomposition,2.0
Zarra EMEP,2017-01-01..2024-12-30,daily,GLOBAL_COMMON_WITH_SARIMA,3,21,sarima,73,99.76712328767124,56.15559121840595,50.08319567342682,59.220281999212204,43.61153206926529,6.0723955449791305,-9.137086325785383,40.546841288459035,4a49b08b041c578ec5981dc1472125b2af0a4d59,572a6a79dfaf6247292af8c946e3f621c520377d7eb449bd78e9b309f483fc6a,7e61f4823860ac67fc2cf7b88c0b78031ccbd9e2a1f7bf6285099b2c126d9b06,2026-08-06T11:21:41Z,2026-08-06-p2-finite-linear-memory-skill-decomposition,2.0
Zarra EMEP,2017-01-01..2024-12-30,daily,GLOBAL_COMMON_WITH_SARIMA,4,7,ridge_direct,70,122.81428571428572,74.05150679424584,70.31185242702581,69.8756874371266,48.76277892003988,3.7396543672200266,0.43616498989921126,52.938598277159116,4a49b08b041c578ec5981dc1472125b2af0a4d59,572a6a79dfaf6247292af8c946e3f621c520377d7eb449bd78e9b309f483fc6a,7e61f4823860ac67fc2cf7b88c0b78031ccbd9e2a1f7bf6285099b2c126d9b06,2026-08-06T11:21:41Z,2026-08-06-p2-finite-linear-memory-skill-decomposition,2.0
Zarra EMEP,2017-01-01..2024-12-30,daily,GLOBAL_COMMON_WITH_SARIMA,4,7,hgb_direct,70,122.81428571428572,74.05150679424584,70.31185242702581,75.92709770886063,48.76277892003988,3.7396543672200266,-5.615245281834817,46.88718800542509,4a49b08b041c578ec5981dc1472125b2af0a4d59,572a6a79dfaf6247292af8c946e3f621c520377d7eb449bd78e9b309f483fc6a,7e61f4823860ac67fc2cf7b88c0b78031ccbd9e2a1f7bf6285099b2c126d9b06,2026-08-06T11:21:41Z,2026-08-06-p2-finite-linear-memory-skill-decomposition,2.0
Zarra EMEP,2017-01-01..2024-12-30,daily,GLOBAL_COMMON_WITH_SARIMA,4,7,sarima,70,122.81428571428572,74.05150679424584,70.31185242702581,73.15119370923519,48.76277892003988,3.7396543672200266,-2.839341282209375,49.66309200505053,4a49b08b041c578ec5981dc1472125b2af0a4d59,572a6a79dfaf6247292af8c946e3f621c520377d7eb449bd78e9b309f483fc6a,7e61f4823860ac67fc2cf7b88c0b78031ccbd9e2a1f7bf6285099b2c126d9b06,2026-08-06T11:21:41Z,2026-08-06-p2-finite-linear-memory-skill-decomposition,2.0
Zarra EMEP,2017-01-01..2024-12-30,daily,GLOBAL_COMMON_WITH_SARIMA,4,14,ridge_direct,70,122.81428571428572,74.05150679424584,72.30561741999547,69.8756874371266,48.76277892003988,1.7458893742503676,2.4299299828688703,52.938598277159116,4a49b08b041c578ec5981dc1472125b2af0a4d59,572a6a79dfaf6247292af8c946e3f621c520377d7eb449bd78e9b309f483fc6a,7e61f4823860ac67fc2cf7b88c0b78031ccbd9e2a1f7bf6285099b2c126d9b06,2026-08-06T11:21:41Z,2026-08-06-p2-finite-linear-memory-skill-decomposition,2.0
Zarra EMEP,2017-01-01..2024-12-30,daily,GLOBAL_COMMON_WITH_SARIMA,4,14,hgb_direct,70,122.81428571428572,74.05150679424584,72.30561741999547,75.92709770886063,48.76277892003988,1.7458893742503676,-3.6214802888651576,46.88718800542509,4a49b08b041c578ec5981dc1472125b2af0a4d59,572a6a79dfaf6247292af8c946e3f621c520377d7eb449bd78e9b309f483fc6a,7e61f4823860ac67fc2cf7b88c0b78031ccbd9e2a1f7bf6285099b2c126d9b06,2026-08-06T11:21:41Z,2026-08-06-p2-finite-linear-memory-skill-decomposition,2.0
Zarra EMEP,2017-01-01..2024-12-30,daily,GLOBAL_COMMON_WITH_SARIMA,4,14,sarima,70,122.81428571428572,74.05150679424584,72.30561741999547,73.15119370923519,48.76277892003988,1.7458893742503676,-0.8455762892397161,49.66309200505053,4a49b08b041c578ec5981dc1472125b2af0a4d59,572a6a79dfaf6247292af8c946e3f621c520377d7eb449bd78e9b309f483fc6a,7e61f4823860ac67fc2cf7b88c0b78031ccbd9e2a1f7bf6285099b2c126d9b06,2026-08-06T11:21:41Z,2026-08-06-p2-finite-linear-memory-skill-decomposition,2.0
Zarra EMEP,2017-01-01..2024-12-30,daily,GLOBAL_COMMON_WITH_SARIMA,4,21,ridge_direct,70,122.81428571428572,74.05150679424584,72.7844181584526,69.8756874371266,48.76277892003988,1.2670886357932432,2.9087307213259948,52.938598277159116,4a49b08b041c578ec5981dc1472125b2af0a4d59,572a6a79dfaf6247292af8c946e3f621c520377d7eb449bd78e9b309f483fc6a,7e61f4823860ac67fc2cf7b88c0b78031ccbd9e2a1f7bf6285099b2c126d9b06,2026-08-06T11:21:41Z,2026-08-06-p2-finite-linear-memory-skill-decomposition,2.0
Zarra EMEP,2017-01-01..2024-12-30,daily,GLOBAL_COMMON_WITH_SARIMA,4,21,hgb_direct,70,122.81428571428572,74.05150679424584,72.7844181584526,75.92709770886063,48.76277892003988,1.2670886357932432,-3.142679550408033,46.88718800542509,4a49b08b041c578ec5981dc1472125b2af0a4d59,572a6a79dfaf6247292af8c946e3f621c520377d7eb449bd78e9b309f483fc6a,7e61f4823860ac67fc2cf7b88c0b78031ccbd9e2a1f7bf6285099b2c126d9b06,2026-08-06T11:21:41Z,2026-08-06-p2-finite-linear-memory-skill-decomposition,2.0
Zarra EMEP,2017-01-01..2024-12-30,daily,GLOBAL_COMMON_WITH_SARIMA,4,21,sarima,70,122.81428571428572,74.05150679424584,72.7844181584526,73.15119370923519,48.76277892003988,1.2670886357932432,-0.3667755507825916,49.66309200505053,4a49b08b041c578ec5981dc1472125b2af0a4d59,572a6a79dfaf6247292af8c946e3f621c520377d7eb449bd78e9b309f483fc6a,7e61f4823860ac67fc2cf7b88c0b78031ccbd9e2a1f7bf6285099b2c126d9b06,2026-08-06T11:21:41Z,2026-08-06-p2-finite-linear-memory-skill-decomposition,2.0
Zarra EMEP,2017-01-01..2024-12-30,daily,GLOBAL_COMMON_WITH_SARIMA,5,7,ridge_direct,70,121.42857142857143,50.69108989599961,47.26059786477478,47.93644457902259,70.73748153257182,3.43049203122483,-0.6758467142478111,73.49212684954884,4a49b08b041c578ec5981dc1472125b2af0a4d59,572a6a79dfaf6247292af8c946e3f621c520377d7eb449bd78e9b309f483fc6a,7e61f4823860ac67fc2cf7b88c0b78031ccbd9e2a1f7bf6285099b2c126d9b06,2026-08-06T11:21:41Z,2026-08-06-p2-finite-linear-memory-skill-decomposition,2.0
Zarra EMEP,2017-01-01..2024-12-30,daily,GLOBAL_COMMON_WITH_SARIMA,5,7,hgb_direct,70,121.42857142857143,50.69108989599961,47.26059786477478,43.85578930407837,70.73748153257182,3.43049203122483,3.4048085606964094,77.57278212449306,4a49b08b041c578ec5981dc1472125b2af0a4d59,572a6a79dfaf6247292af8c946e3f621c520377d7eb449bd78e9b309f483fc6a,7e61f4823860ac67fc2cf7b88c0b78031ccbd9e2a1f7bf6285099b2c126d9b06,2026-08-06T11:21:41Z,2026-08-06-p2-finite-linear-memory-skill-decomposition,2.0
Zarra EMEP,2017-01-01..2024-12-30,daily,GLOBAL_COMMON_WITH_SARIMA,5,7,sarima,70,121.42857142857143,50.69108989599961,47.26059786477478,50.13109067618246,70.73748153257182,3.43049203122483,-2.8704928114076793,71.29748075238896,4a49b08b041c578ec5981dc1472125b2af0a4d59,572a6a79dfaf6247292af8c946e3f621c520377d7eb449bd78e9b309f483fc6a,7e61f4823860ac67fc2cf7b88c0b78031ccbd9e2a1f7bf6285099b2c126d9b06,2026-08-06T11:21:41Z,2026-08-06-p2-finite-linear-memory-skill-decomposition,2.0
Zarra EMEP,2017-01-01..2024-12-30,daily,GLOBAL_COMMON_WITH_SARIMA,5,14,ridge_direct,70,121.42857142857143,50.69108989599961,44.080851053135916,47.93644457902259,70.73748153257182,6.610238842863694,-3.8555935258866754,73.49212684954884,4a49b08b041c578ec5981dc1472125b2af0a4d59,572a6a79dfaf6247292af8c946e3f621c520377d7eb449bd78e9b309f483fc6a,7e61f4823860ac67fc2cf7b88c0b78031ccbd9e2a1f7bf6285099b2c126d9b06,2026-08-06T11:21:41Z,2026-08-06-p2-finite-linear-memory-skill-decomposition,2.0
Zarra EMEP,2017-01-01..2024-12-30,daily,GLOBAL_COMMON_WITH_SARIMA,5,14,hgb_direct,70,121.42857142857143,50.69108989599961,44.080851053135916,43.85578930407837,70.73748153257182,6.610238842863694,0.22506174905754506,77.57278212449306,4a49b08b041c578ec5981dc1472125b2af0a4d59,572a6a79dfaf6247292af8c946e3f621c520377d7eb449bd78e9b309f483fc6a,7e61f4823860ac67fc2cf7b88c0b78031ccbd9e2a1f7bf6285099b2c126d9b06,2026-08-06T11:21:41Z,2026-08-06-p2-finite-linear-memory-skill-decomposition,2.0
Zarra EMEP,2017-01-01..2024-12-30,daily,GLOBAL_COMMON_WITH_SARIMA,5,14,sarima,70,121.42857142857143,50.69108989599961,44.080851053135916,50.13109067618246,70.73748153257182,6.610238842863694,-6.050239623046544,71.29748075238896,4a49b08b041c578ec5981dc1472125b2af0a4d59,572a6a79dfaf6247292af8c946e3f621c520377d7eb449bd78e9b309f483fc6a,7e61f4823860ac67fc2cf7b88c0b78031ccbd9e2a1f7bf6285099b2c126d9b06,2026-08-06T11:21:41Z,2026-08-06-p2-finite-linear-memory-skill-decomposition,2.0
Zarra EMEP,2017-01-01..2024-12-30,daily,GLOBAL_COMMON_WITH_SARIMA,5,21,ridge_direct,70,121.42857142857143,50.69108989599961,44.59938466493687,47.93644457902259,70.73748153257182,6.09170523106274,-3.337059914085721,73.49212684954884,4a49b08b041c578ec5981dc1472125b2af0a4d59,572a6a79dfaf6247292af8c946e3f621c520377d7eb449bd78e9b309f483fc6a,7e61f4823860ac67fc2cf7b88c0b78031ccbd9e2a1f7bf6285099b2c126d9b06,2026-08-06T11:21:41Z,2026-08-06-p2-finite-linear-memory-skill-decomposition,2.0
Zarra EMEP,2017-01-01..2024-12-30,daily,GLOBAL_COMMON_WITH_SARIMA,5,21,hgb_direct,70,121.42857142857143,50.69108989599961,44.59938466493687,43.85578930407837,70.73748153257182,6.09170523106274,0.7435953608584995,77.57278212449306,4a49b08b041c578ec5981dc1472125b2af0a4d59,572a6a79dfaf6247292af8c946e3f621c520377d7eb449bd78e9b309f483fc6a,7e61f4823860ac67fc2cf7b88c0b78031ccbd9e2a1f7bf6285099b2c126d9b06,2026-08-06T11:21:41Z,2026-08-06-p2-finite-linear-memory-skill-decomposition,2.0
Zarra EMEP,2017-01-01..2024-12-30,daily,GLOBAL_COMMON_WITH_SARIMA,5,21,sarima,70,121.42857142857143,50.69108989599961,44.59938466493687,50.13109067618246,70.73748153257182,6.09170523106274,-5.531706011245589,71.29748075238896,4a49b08b041c578ec5981dc1472125b2af0a4d59,572a6a79dfaf6247292af8c946e3f621c520377d7eb449bd78e9b309f483fc6a,7e61f4823860ac67fc2cf7b88c0b78031ccbd9e2a1f7bf6285099b2c126d9b06,2026-08-06T11:21:41Z,2026-08-06-p2-finite-linear-memory-skill-decomposition,2.0
Zarra EMEP,2017-01-01..2024-12-30,daily,GLOBAL_COMMON_WITH_SARIMA,6,7,ridge_direct,69,116.66666666666667,49.3816427395714,46.788493199794296,45.94212811654376,67.28502392709527,2.5931495397771016,0.8463650832505323,70.7245385501229,4a49b08b041c578ec5981dc1472125b2af0a4d59,572a6a79dfaf6247292af8c946e3f621c520377d7eb449bd78e9b309f483fc6a,7e61f4823860ac67fc2cf7b88c0b78031ccbd9e2a1f7bf6285099b2c126d9b06,2026-08-06T11:21:41Z,2026-08-06-p2-finite-linear-memory-skill-decomposition,2.0
Zarra EMEP,2017-01-01..2024-12-30,daily,GLOBAL_COMMON_WITH_SARIMA,6,7,hgb_direct,69,116.66666666666667,49.3816427395714,46.788493199794296,40.261634173897164,67.28502392709527,2.5931495397771016,6.5268590258971315,76.40503249276951,4a49b08b041c578ec5981dc1472125b2af0a4d59,572a6a79dfaf6247292af8c946e3f621c520377d7eb449bd78e9b309f483fc6a,7e61f4823860ac67fc2cf7b88c0b78031ccbd9e2a1f7bf6285099b2c126d9b06,2026-08-06T11:21:41Z,2026-08-06-p2-finite-linear-memory-skill-decomposition,2.0
Zarra EMEP,2017-01-01..2024-12-30,daily,GLOBAL_COMMON_WITH_SARIMA,6,7,sarima,69,116.66666666666667,49.3816427395714,46.788493199794296,52.249308709839404,67.28502392709527,2.5931495397771016,-5.460815510045109,64.41735795682726,4a49b08b041c578ec5981dc1472125b2af0a4d59,572a6a79dfaf6247292af8c946e3f621c520377d7eb449bd78e9b309f483fc6a,7e61f4823860ac67fc2cf7b88c0b78031ccbd9e2a1f7bf6285099b2c126d9b06,2026-08-06T11:21:41Z,2026-08-06-p2-finite-linear-memory-skill-decomposition,2.0
Zarra EMEP,2017-01-01..2024-12-30,daily,GLOBAL_COMMON_WITH_SARIMA,6,14,ridge_direct,69,116.66666666666667,49.3816427395714,43.60778396786244,45.94212811654376,67.28502392709527,5.773858771708959,-2.334344148681325,70.7245385501229,4a49b08b041c578ec5981dc1472125b2af0a4d59,572a6a79dfaf6247292af8c946e3f621c520377d7eb449bd78e9b309f483fc6a,7e61f4823860ac67fc2cf7b88c0b78031ccbd9e2a1f7bf6285099b2c126d9b06,2026-08-06T11:21:41Z,2026-08-06-p2-finite-linear-memory-skill-decomposition,2.0
Zarra EMEP,2017-01-01..2024-12-30,daily,GLOBAL_COMMON_WITH_SARIMA,6,14,hgb_direct,69,116.66666666666667,49.3816427395714,43.60778396786244,40.261634173897164,67.28502392709527,5.773858771708959,3.3461497939652745,76.40503249276951,4a49b08b041c578ec5981dc1472125b2af0a4d59,572a6a79dfaf6247292af8c946e3f621c520377d7eb449bd78e9b309f483fc6a,7e61f4823860ac67fc2cf7b88c0b78031ccbd9e2a1f7bf6285099b2c126d9b06,2026-08-06T11:21:41Z,2026-08-06-p2-finite-linear-memory-skill-decomposition,2.0
Zarra EMEP,2017-01-01..2024-12-30,daily,GLOBAL_COMMON_WITH_SARIMA,6,14,sarima,69,116.66666666666667,49.3816427395714,43.60778396786244,52.249308709839404,67.28502392709527,5.773858771708959,-8.641524741976966,64.41735795682726,4a49b08b041c578ec5981dc1472125b2af0a4d59,572a6a79dfaf6247292af8c946e3f621c520377d7eb449bd78e9b309f483fc6a,7e61f4823860ac67fc2cf7b88c0b78031ccbd9e2a1f7bf6285099b2c126d9b06,2026-08-06T11:21:41Z,2026-08-06-p2-finite-linear-memory-skill-decomposition,2.0
Zarra EMEP,2017-01-01..2024-12-30,daily,GLOBAL_COMMON_WITH_SARIMA,6,21,ridge_direct,69,116.66666666666667,49.3816427395714,46.000267334222244,45.94212811654376,67.28502392709527,3.3813754053491536,0.05813921767848029,70.7245385501229,4a49b08b041c578ec5981dc1472125b2af0a4d59,572a6a79dfaf6247292af8c946e3f621c520377d7eb449bd78e9b309f483fc6a,7e61f4823860ac67fc2cf7b88c0b78031ccbd9e2a1f7bf6285099b2c126d9b06,2026-08-06T11:21:41Z,2026-08-06-p2-finite-linear-memory-skill-decomposition,2.0
Zarra EMEP,2017-01-01..2024-12-30,daily,GLOBAL_COMMON_WITH_SARIMA,6,21,hgb_direct,69,116.66666666666667,49.3816427395714,46.000267334222244,40.261634173897164,67.28502392709527,3.3813754053491536,5.7386331603250795,76.40503249276951,4a49b08b041c578ec5981dc1472125b2af0a4d59,572a6a79dfaf6247292af8c946e3f621c520377d7eb449bd78e9b309f483fc6a,7e61f4823860ac67fc2cf7b88c0b78031ccbd9e2a1f7bf6285099b2c126d9b06,2026-08-06T11:21:41Z,2026-08-06-p2-finite-linear-memory-skill-decomposition,2.0
Zarra EMEP,2017-01-01..2024-12-30,daily,GLOBAL_COMMON_WITH_SARIMA,6,21,sarima,69,116.66666666666667,49.3816427395714,46.000267334222244,52.249308709839404,67.28502392709527,3.3813754053491536,-6.2490413756171606,64.41735795682726,4a49b08b041c578ec5981dc1472125b2af0a4d59,572a6a79dfaf6247292af8c946e3f621c520377d7eb449bd78e9b309f483fc6a,7e61f4823860ac67fc2cf7b88c0b78031ccbd9e2a1f7bf6285099b2c126d9b06,2026-08-06T11:21:41Z,2026-08-06-p2-finite-linear-memory-skill-decomposition,2.0
Zarra EMEP,2017-01-01..2024-12-30,daily,GLOBAL_COMMON_WITH_SARIMA,7,7,ridge_direct,72,201.16666666666666,142.7695703031356,136.72559050185444,137.2007946779471,58.39709636353106,6.043979801281154,-0.4752041760926602,63.965871988719556,4a49b08b041c578ec5981dc1472125b2af0a4d59,572a6a79dfaf6247292af8c946e3f621c520377d7eb449bd78e9b309f483fc6a,7e61f4823860ac67fc2cf7b88c0b78031ccbd9e2a1f7bf6285099b2c126d9b06,2026-08-06T11:21:41Z,2026-08-06-p2-finite-linear-memory-skill-decomposition,2.0
Zarra EMEP,2017-01-01..2024-12-30,daily,GLOBAL_COMMON_WITH_SARIMA,7,7,hgb_direct,72,201.16666666666666,142.7695703031356,136.72559050185444,135.99677375852156,58.39709636353106,6.043979801281154,0.7288167433328852,65.1698929081451,4a49b08b041c578ec5981dc1472125b2af0a4d59,572a6a79dfaf6247292af8c946e3f621c520377d7eb449bd78e9b309f483fc6a,7e61f4823860ac67fc2cf7b88c0b78031ccbd9e2a1f7bf6285099b2c126d9b06,2026-08-06T11:21:41Z,2026-08-06-p2-finite-linear-memory-skill-decomposition,2.0
Zarra EMEP,2017-01-01..2024-12-30,daily,GLOBAL_COMMON_WITH_SARIMA,7,7,sarima,72,201.16666666666666,142.7695703031356,136.72559050185444,147.67373397346302,58.39709636353106,6.043979801281154,-10.948143471608574,53.49293269320364,4a49b08b041c578ec5981dc1472125b2af0a4d59,572a6a79dfaf6247292af8c946e3f621c520377d7eb449bd78e9b309f483fc6a,7e61f4823860ac67fc2cf7b88c0b78031ccbd9e2a1f7bf6285099b2c126d9b06,2026-08-06T11:21:41Z,2026-08-06-p2-finite-linear-memory-skill-decomposition,2.0
Zarra EMEP,2017-01-01..2024-12-30,daily,GLOBAL_COMMON_WITH_SARIMA,7,14,ridge_direct,72,201.16666666666666,142.7695703031356,134.91548621466998,137.2007946779471,58.39709636353106,7.854084088465612,-2.2853084632771186,63.965871988719556,4a49b08b041c578ec5981dc1472125b2af0a4d59,572a6a79dfaf6247292af8c946e3f621c520377d7eb449bd78e9b309f483fc6a,7e61f4823860ac67fc2cf7b88c0b78031ccbd9e2a1f7bf6285099b2c126d9b06,2026-08-06T11:21:41Z,2026-08-06-p2-finite-linear-memory-skill-decomposition,2.0
Zarra EMEP,2017-01-01..2024-12-30,daily,GLOBAL_COMMON_WITH_SARIMA,7,14,hgb_direct,72,201.16666666666666,142.7695703031356,134.91548621466998,135.99677375852156,58.39709636353106,7.854084088465612,-1.0812875438515732,65.1698929081451,4a49b08b041c578ec5981dc1472125b2af0a4d59,572a6a79dfaf6247292af8c946e3f621c520377d7eb449bd78e9b309f483fc6a,7e61f4823860ac67fc2cf7b88c0b78031ccbd9e2a1f7bf6285099b2c126d9b06,2026-08-06T11:21:41Z,2026-08-06-p2-finite-linear-memory-skill-decomposition,2.0
Zarra EMEP,2017-01-01..2024-12-30,daily,GLOBAL_COMMON_WITH_SARIMA,7,14,sarima,72,201.16666666666666,142.7695703031356,134.91548621466998,147.67373397346302,58.39709636353106,7.854084088465612,-12.758247758793033,53.49293269320364,4a49b08b041c578ec5981dc1472125b2af0a4d59,572a6a79dfaf6247292af8c946e3f621c520377d7eb449bd78e9b309f483fc6a,7e61f4823860ac67fc2cf7b88c0b78031ccbd9e2a1f7bf6285099b2c126d9b06,2026-08-06T11:21:41Z,2026-08-06-p2-finite-linear-memory-skill-decomposition,2.0
Zarra EMEP,2017-01-01..2024-12-30,daily,GLOBAL_COMMON_WITH_SARIMA,7,21,ridge_direct,72,201.16666666666666,142.7695703031356,139.73480022204023,137.2007946779471,58.39709636353106,3.0347700810953597,2.5340055440931337,63.965871988719556,4a49b08b041c578ec5981dc1472125b2af0a4d59,572a6a79dfaf6247292af8c946e3f621c520377d7eb449bd78e9b309f483fc6a,7e61f4823860ac67fc2cf7b88c0b78031ccbd9e2a1f7bf6285099b2c126d9b06,2026-08-06T11:21:41Z,2026-08-06-p2-finite-linear-memory-skill-decomposition,2.0
Zarra EMEP,2017-01-01..2024-12-30,daily,GLOBAL_COMMON_WITH_SARIMA,7,21,hgb_direct,72,201.16666666666666,142.7695703031356,139.73480022204023,135.99677375852156,58.39709636353106,3.0347700810953597,3.738026463518679,65.1698929081451,4a49b08b041c578ec5981dc1472125b2af0a4d59,572a6a79dfaf6247292af8c946e3f621c520377d7eb449bd78e9b309f483fc6a,7e61f4823860ac67fc2cf7b88c0b78031ccbd9e2a1f7bf6285099b2c126d9b06,2026-08-06T11:21:41Z,2026-08-06-p2-finite-linear-memory-skill-decomposition,2.0
Zarra EMEP,2017-01-01..2024-12-30,daily,GLOBAL_COMMON_WITH_SARIMA,7,21,sarima,72,201.16666666666666,142.7695703031356,139.73480022204023,147.67373397346302,58.39709636353106,3.0347700810953597,-7.9389337514227805,53.49293269320364,4a49b08b041c578ec5981dc1472125b2af0a4d59,572a6a79dfaf6247292af8c946e3f621c520377d7eb449bd78e9b309f483fc6a,7e61f4823860ac67fc2cf7b88c0b78031ccbd9e2a1f7bf6285099b2c126d9b06,2026-08-06T11:21:41Z,2026-08-06-p2-finite-linear-memory-skill-decomposition,2.0
Zarra EMEP,2017-01-01..2024-12-30,daily,ORDER_SPECIFIC_p7,1,7,ridge_direct,1463,71.21326042378674,59.39680537896029,58.784997820642815,59.593466183443255,11.816455044826448,0.6118075583174729,-0.8084683628004399,11.61979424034348,4a49b08b041c578ec5981dc1472125b2af0a4d59,572a6a79dfaf6247292af8c946e3f621c520377d7eb449bd78e9b309f483fc6a,7e61f4823860ac67fc2cf7b88c0b78031ccbd9e2a1f7bf6285099b2c126d9b06,2026-08-06T11:21:41Z,2026-08-06-p2-finite-linear-memory-skill-decomposition,2.0
Zarra EMEP,2017-01-01..2024-12-30,daily,ORDER_SPECIFIC_p7,1,7,hgb_direct,1463,71.21326042378674,59.39680537896029,58.784997820642815,63.23575734358224,11.816455044826448,0.6118075583174729,-4.450759522939428,7.977503080204492,4a49b08b041c578ec5981dc1472125b2af0a4d59,572a6a79dfaf6247292af8c946e3f621c520377d7eb449bd78e9b309f483fc6a,7e61f4823860ac67fc2cf7b88c0b78031ccbd9e2a1f7bf6285099b2c126d9b06,2026-08-06T11:21:41Z,2026-08-06-p2-finite-linear-memory-skill-decomposition,2.0
Zarra EMEP,2017-01-01..2024-12-30,daily,ORDER_SPECIFIC_p7,2,7,ridge_direct,1459,133.9451679232351,88.79390204164298,88.23618555577075,90.05849016005322,45.15126588159211,0.5577164858722341,-1.822304604282479,43.886677763181865,4a49b08b041c578ec5981dc1472125b2af0a4d59,572a6a79dfaf6247292af8c946e3f621c520377d7eb449bd78e9b309f483fc6a,7e61f4823860ac67fc2cf7b88c0b78031ccbd9e2a1f7bf6285099b2c126d9b06,2026-08-06T11:21:41Z,2026-08-06-p2-finite-linear-memory-skill-decomposition,2.0
Zarra EMEP,2017-01-01..2024-12-30,daily,ORDER_SPECIFIC_p7,2,7,hgb_direct,1459,133.9451679232351,88.79390204164298,88.23618555577075,86.92903660620583,45.15126588159211,0.5577164858722341,1.307148949564919,47.01613131702926,4a49b08b041c578ec5981dc1472125b2af0a4d59,572a6a79dfaf6247292af8c946e3f621c520377d7eb449bd78e9b309f483fc6a,7e61f4823860ac67fc2cf7b88c0b78031ccbd9e2a1f7bf6285099b2c126d9b06,2026-08-06T11:21:41Z,2026-08-06-p2-finite-linear-memory-skill-decomposition,2.0
Zarra EMEP,2017-01-01..2024-12-30,daily,ORDER_SPECIFIC_p7,3,7,ridge_direct,1456,165.49519230769232,100.5070286633169,99.50498962130523,100.94899495914684,64.98816364437542,1.002039042011674,-1.4440053378416167,64.54619734854548,4a49b08b041c578ec5981dc1472125b2af0a4d59,572a6a79dfaf6247292af8c946e3f621c520377d7eb449bd78e9b309f483fc6a,7e61f4823860ac67fc2cf7b88c0b78031ccbd9e2a1f7bf6285099b2c126d9b06,2026-08-06T11:21:41Z,2026-08-06-p2-finite-linear-memory-skill-decomposition,2.0
Zarra EMEP,2017-01-01..2024-12-30,daily,ORDER_SPECIFIC_p7,3,7,hgb_direct,1456,165.49519230769232,100.5070286633169,99.50498962130523,97.78728079925703,64.98816364437542,1.002039042011674,1.7177088220481949,67.70791150843529,4a49b08b041c578ec5981dc1472125b2af0a4d59,572a6a79dfaf6247292af8c946e3f621c520377d7eb449bd78e9b309f483fc6a,7e61f4823860ac67fc2cf7b88c0b78031ccbd9e2a1f7bf6285099b2c126d9b06,2026-08-06T11:21:41Z,2026-08-06-p2-finite-linear-memory-skill-decomposition,2.0
Zarra EMEP,2017-01-01..2024-12-30,daily,ORDER_SPECIFIC_p7,4,7,ridge_direct,1456,177.87156593406593,106.6407918404555,105.76129386009363,106.9316532736171,71.23077409361042,0.8794979803618759,-1.170359413523471,70.93991266044883,4a49b08b041c578ec5981dc1472125b2af0a4d59,572a6a79dfaf6247292af8c946e3f621c520377d7eb449bd78e9b309f483fc6a,7e61f4823860ac67fc2cf7b88c0b78031ccbd9e2a1f7bf6285099b2c126d9b06,2026-08-06T11:21:41Z,2026-08-06-p2-finite-linear-memory-skill-decomposition,2.0
Zarra EMEP,2017-01-01..2024-12-30,daily,ORDER_SPECIFIC_p7,4,7,hgb_direct,1456,177.87156593406593,106.6407918404555,105.76129386009363,104.08061784968109,71.23077409361042,0.8794979803618759,1.6806760104125402,73.79094808438484,4a49b08b041c578ec5981dc1472125b2af0a4d59,572a6a79dfaf6247292af8c946e3f621c520377d7eb449bd78e9b309f483fc6a,7e61f4823860ac67fc2cf7b88c0b78031ccbd9e2a1f7bf6285099b2c126d9b06,2026-08-06T11:21:41Z,2026-08-06-p2-finite-linear-memory-skill-decomposition,2.0
Zarra EMEP,2017-01-01..2024-12-30,daily,ORDER_SPECIFIC_p7,5,7,ridge_direct,1454,191.67056396148556,119.77391704313877,119.20838125983728,120.29560651166564,71.89664691834679,0.5655357833014847,-1.0872252518283574,71.37495744981992,4a49b08b041c578ec5981dc1472125b2af0a4d59,572a6a79dfaf6247292af8c946e3f621c520377d7eb449bd78e9b309f483fc6a,7e61f4823860ac67fc2cf7b88c0b78031ccbd9e2a1f7bf6285099b2c126d9b06,2026-08-06T11:21:41Z,2026-08-06-p2-finite-linear-memory-skill-decomposition,2.0
Zarra EMEP,2017-01-01..2024-12-30,daily,ORDER_SPECIFIC_p7,5,7,hgb_direct,1454,191.67056396148556,119.77391704313877,119.20838125983728,117.86014572790677,71.89664691834679,0.5655357833014847,1.3482355319305128,73.81041823357879,4a49b08b041c578ec5981dc1472125b2af0a4d59,572a6a79dfaf6247292af8c946e3f621c520377d7eb449bd78e9b309f483fc6a,7e61f4823860ac67fc2cf7b88c0b78031ccbd9e2a1f7bf6285099b2c126d9b06,2026-08-06T11:21:41Z,2026-08-06-p2-finite-linear-memory-skill-decomposition,2.0
Zarra EMEP,2017-01-01..2024-12-30,daily,ORDER_SPECIFIC_p7,6,7,ridge_direct,1451,197.1536871123363,123.6658732353862,122.63068330038675,123.617401486111,73.48781387695011,1.0351899349994511,-0.9867181857242571,73.53628562622531,4a49b08b041c578ec5981dc1472125b2af0a4d59,572a6a79dfaf6247292af8c946e3f621c520377d7eb449bd78e9b309f483fc6a,7e61f4823860ac67fc2cf7b88c0b78031ccbd9e2a1f7bf6285099b2c126d9b06,2026-08-06T11:21:41Z,2026-08-06-p2-finite-linear-memory-skill-decomposition,2.0
Zarra EMEP,2017-01-01..2024-12-30,daily,ORDER_SPECIFIC_p7,6,7,hgb_direct,1451,197.1536871123363,123.6658732353862,122.63068330038675,122.32860599330603,73.48781387695011,1.0351899349994511,0.30207730708072233,74.82508111903029,4a49b08b041c578ec5981dc1472125b2af0a4d59,572a6a79dfaf6247292af8c946e3f621c520377d7eb449bd78e9b309f483fc6a,7e61f4823860ac67fc2cf7b88c0b78031ccbd9e2a1f7bf6285099b2c126d9b06,2026-08-06T11:21:41Z,2026-08-06-p2-finite-linear-memory-skill-decomposition,2.0
Zarra EMEP,2017-01-01..2024-12-30,daily,ORDER_SPECIFIC_p7,7,7,ridge_direct,1449,208.9385783298827,132.07693466839254,130.6017204665004,131.56936618383915,76.86164366149015,1.475214201892129,-0.9676457173387405,77.36921214604354,4a49b08b041c578ec5981dc1472125b2af0a4d59,572a6a79dfaf6247292af8c946e3f621c520377d7eb449bd78e9b309f483fc6a,7e61f4823860ac67fc2cf7b88c0b78031ccbd9e2a1f7bf6285099b2c126d9b06,2026-08-06T11:21:41Z,2026-08-06-p2-finite-linear-memory-skill-decomposition,2.0
Zarra EMEP,2017-01-01..2024-12-30,daily,ORDER_SPECIFIC_p7,7,7,hgb_direct,1449,208.9385783298827,132.07693466839254,130.6017204665004,132.12597166342056,76.86164366149015,1.475214201892129,-1.5242511969201473,76.81260666646213,4a49b08b041c578ec5981dc1472125b2af0a4d59,572a6a79dfaf6247292af8c946e3f621c520377d7eb449bd78e9b309f483fc6a,7e61f4823860ac67fc2cf7b88c0b78031ccbd9e2a1f7bf6285099b2c126d9b06,2026-08-06T11:21:41Z,2026-08-06-p2-finite-linear-memory-skill-decomposition,2.0
Zarra EMEP,2017-01-01..2024-12-30,daily,ORDER_SPECIFIC_p14,1,14,ridge_direct,1227,77.5884270578647,64.08630352382187,63.25598762694466,64.08848469188318,13.502123534042838,0.8303158968772095,-0.8324970649385222,13.499942365981525,4a49b08b041c578ec5981dc1472125b2af0a4d59,572a6a79dfaf6247292af8c946e3f621c520377d7eb449bd78e9b309f483fc6a,7e61f4823860ac67fc2cf7b88c0b78031ccbd9e2a1f7bf6285099b2c126d9b06,2026-08-06T11:21:41Z,2026-08-06-p2-finite-linear-memory-skill-decomposition,2.0
Zarra EMEP,2017-01-01..2024-12-30,daily,ORDER_SPECIFIC_p14,1,14,hgb_direct,1227,77.5884270578647,64.08630352382187,63.25598762694466,66.46621020667688,13.502123534042838,0.8303158968772095,-3.2102225797322177,11.12221685118783,4a49b08b041c578ec5981dc1472125b2af0a4d59,572a6a79dfaf6247292af8c946e3f621c520377d7eb449bd78e9b309f483fc6a,7e61f4823860ac67fc2cf7b88c0b78031ccbd9e2a1f7bf6285099b2c126d9b06,2026-08-06T11:21:41Z,2026-08-06-p2-finite-linear-memory-skill-decomposition,2.0
Zarra EMEP,2017-01-01..2024-12-30,daily,ORDER_SPECIFIC_p14,2,14,ridge_direct,1224,145.85702614379085,94.4848467468073,92.40379293303526,95.67170378124274,51.37217939698354,2.0810538137720442,-3.267910848207478,50.185322362548106,4a49b08b041c578ec5981dc1472125b2af0a4d59,572a6a79dfaf6247292af8c946e3f621c520377d7eb449bd78e9b309f483fc6a,7e61f4823860ac67fc2cf7b88c0b78031ccbd9e2a1f7bf6285099b2c126d9b06,2026-08-06T11:21:41Z,2026-08-06-p2-finite-linear-memory-skill-decomposition,2.0
Zarra EMEP,2017-01-01..2024-12-30,daily,ORDER_SPECIFIC_p14,2,14,hgb_direct,1224,145.85702614379085,94.4848467468073,92.40379293303526,91.76502881268087,51.37217939698354,2.0810538137720442,0.638764120354395,54.09199733110998,4a49b08b041c578ec5981dc1472125b2af0a4d59,572a6a79dfaf6247292af8c946e3f621c520377d7eb449bd78e9b309f483fc6a,7e61f4823860ac67fc2cf7b88c0b78031ccbd9e2a1f7bf6285099b2c126d9b06,2026-08-06T11:21:41Z,2026-08-06-p2-finite-linear-memory-skill-decomposition,2.0
Zarra EMEP,2017-01-01..2024-12-30,daily,ORDER_SPECIFIC_p14,3,14,ridge_direct,1221,179.97952497952497,107.22522187625,104.5222780380204,107.52434709146318,72.75430310327496,2.7029438382296007,-3.0020690534427814,72.45517788806178,4a49b08b041c578ec5981dc1472125b2af0a4d59,572a6a79dfaf6247292af8c946e3f621c520377d7eb449bd78e9b309f483fc6a,7e61f4823860ac67fc2cf7b88c0b78031ccbd9e2a1f7bf6285099b2c126d9b06,2026-08-06T11:21:41Z,2026-08-06-p2-finite-linear-memory-skill-decomposition,2.0
Zarra EMEP,2017-01-01..2024-12-30,daily,ORDER_SPECIFIC_p14,3,14,hgb_direct,1221,179.97952497952497,107.22522187625,104.5222780380204,104.78887501583456,72.75430310327496,2.7029438382296007,-0.26659697781416014,75.1906499636904,4a49b08b041c578ec5981dc1472125b2af0a4d59,572a6a79dfaf6247292af8c946e3f621c520377d7eb449bd78e9b309f483fc6a,7e61f4823860ac67fc2cf7b88c0b78031ccbd9e2a1f7bf6285099b2c126d9b06,2026-08-06T11:21:41Z,2026-08-06-p2-finite-linear-memory-skill-decomposition,2.0
Zarra EMEP,2017-01-01..2024-12-30,daily,ORDER_SPECIFIC_p14,4,14,ridge_direct,1220,191.11065573770492,112.23003920181917,109.81597024349585,112.32349188091545,78.88061653588575,2.4140689583233126,-2.5075216374196003,78.78716385678946,4a49b08b041c578ec5981dc1472125b2af0a4d59,572a6a79dfaf6247292af8c946e3f621c520377d7eb449bd78e9b309f483fc6a,7e61f4823860ac67fc2cf7b88c0b78031ccbd9e2a1f7bf6285099b2c126d9b06,2026-08-06T11:21:41Z,2026-08-06-p2-finite-linear-memory-skill-decomposition,2.0
Zarra EMEP,2017-01-01..2024-12-30,daily,ORDER_SPECIFIC_p14,4,14,hgb_direct,1220,191.11065573770492,112.23003920181917,109.81597024349585,109.64198862238993,78.88061653588575,2.4140689583233126,0.17398162110592352,81.46866711531499,4a49b08b041c578ec5981dc1472125b2af0a4d59,572a6a79dfaf6247292af8c946e3f621c520377d7eb449bd78e9b309f483fc6a,7e61f4823860ac67fc2cf7b88c0b78031ccbd9e2a1f7bf6285099b2c126d9b06,2026-08-06T11:21:41Z,2026-08-06-p2-finite-linear-memory-skill-decomposition,2.0
Zarra EMEP,2017-01-01..2024-12-30,daily,ORDER_SPECIFIC_p14,5,14,ridge_direct,1217,202.21857025472474,125.47608782161646,123.011786343011,125.78293101839871,76.74248243310828,2.4643014786054636,-2.771144675387717,76.43563923632603,4a49b08b041c578ec5981dc1472125b2af0a4d59,572a6a79dfaf6247292af8c946e3f621c520377d7eb449bd78e9b309f483fc6a,7e61f4823860ac67fc2cf7b88c0b78031ccbd9e2a1f7bf6285099b2c126d9b06,2026-08-06T11:21:41Z,2026-08-06-p2-finite-linear-memory-skill-decomposition,2.0
Zarra EMEP,2017-01-01..2024-12-30,daily,ORDER_SPECIFIC_p14,5,14,hgb_direct,1217,202.21857025472474,125.47608782161646,123.011786343011,123.58393240214181,76.74248243310828,2.4643014786054636,-0.5721460591308158,78.63463785258293,4a49b08b041c578ec5981dc1472125b2af0a4d59,572a6a79dfaf6247292af8c946e3f621c520377d7eb449bd78e9b309f483fc6a,7e61f4823860ac67fc2cf7b88c0b78031ccbd9e2a1f7bf6285099b2c126d9b06,2026-08-06T11:21:41Z,2026-08-06-p2-finite-linear-memory-skill-decomposition,2.0
Zarra EMEP,2017-01-01..2024-12-30,daily,ORDER_SPECIFIC_p14,6,14,ridge_direct,1214,206.94481054365733,130.97927843465243,128.388176782943,131.28188065563958,75.9655321090049,2.5911016517094367,-2.893703872696591,75.66292988801774,4a49b08b041c578ec5981dc1472125b2af0a4d59,572a6a79dfaf6247292af8c946e3f621c520377d7eb449bd78e9b309f483fc6a,7e61f4823860ac67fc2cf7b88c0b78031ccbd9e2a1f7bf6285099b2c126d9b06,2026-08-06T11:21:41Z,2026-08-06-p2-finite-linear-memory-skill-decomposition,2.0
Zarra EMEP,2017-01-01..2024-12-30,daily,ORDER_SPECIFIC_p14,6,14,hgb_direct,1214,206.94481054365733,130.97927843465243,128.388176782943,130.1603886713315,75.9655321090049,2.5911016517094367,-1.7722118883885116,76.78442187232582,4a49b08b041c578ec5981dc1472125b2af0a4d59,572a6a79dfaf6247292af8c946e3f621c520377d7eb449bd78e9b309f483fc6a,7e61f4823860ac67fc2cf7b88c0b78031ccbd9e2a1f7bf6285099b2c126d9b06,2026-08-06T11:21:41Z,2026-08-06-p2-finite-linear-memory-skill-decomposition,2.0
Zarra EMEP,2017-01-01..2024-12-30,daily,ORDER_SPECIFIC_p14,7,14,ridge_direct,1212,223.0082508250825,142.57978285783807,139.21007389691454,142.401701827952,80.42846796724444,3.369708960923532,-3.191627931037459,80.60654899713052,4a49b08b041c578ec5981dc1472125b2af0a4d59,572a6a79dfaf6247292af8c946e3f621c520377d7eb449bd78e9b309f483fc6a,7e61f4823860ac67fc2cf7b88c0b78031ccbd9e2a1f7bf6285099b2c126d9b06,2026-08-06T11:21:41Z,2026-08-06-p2-finite-linear-memory-skill-decomposition,2.0
Zarra EMEP,2017-01-01..2024-12-30,daily,ORDER_SPECIFIC_p14,7,14,hgb_direct,1212,223.0082508250825,142.57978285783807,139.21007389691454,143.90326157402276,80.42846796724444,3.369708960923532,-4.693187677108227,79.10498925105975,4a49b08b041c578ec5981dc1472125b2af0a4d59,572a6a79dfaf6247292af8c946e3f621c520377d7eb449bd78e9b309f483fc6a,7e61f4823860ac67fc2cf7b88c0b78031ccbd9e2a1f7bf6285099b2c126d9b06,2026-08-06T11:21:41Z,2026-08-06-p2-finite-linear-memory-skill-decomposition,2.0
Zarra EMEP,2017-01-01..2024-12-30,daily,ORDER_SPECIFIC_p21,1,21,ridge_direct,1019,80.63984298331698,67.21217975575334,66.71423319807572,67.16947432284388,13.427663227563642,0.4979465576776221,-0.4552411247681647,13.470368660473099,4a49b08b041c578ec5981dc1472125b2af0a4d59,572a6a79dfaf6247292af8c946e3f621c520377d7eb449bd78e9b309f483fc6a,7e61f4823860ac67fc2cf7b88c0b78031ccbd9e2a1f7bf6285099b2c126d9b06,2026-08-06T11:21:41Z,2026-08-06-p2-finite-linear-memory-skill-decomposition,2.0
Zarra EMEP,2017-01-01..2024-12-30,daily,ORDER_SPECIFIC_p21,1,21,hgb_direct,1019,80.63984298331698,67.21217975575334,66.71423319807572,70.91933545272897,13.427663227563642,0.4979465576776221,-4.205102254653255,9.720507530588009,4a49b08b041c578ec5981dc1472125b2af0a4d59,572a6a79dfaf6247292af8c946e3f621c520377d7eb449bd78e9b309f483fc6a,7e61f4823860ac67fc2cf7b88c0b78031ccbd9e2a1f7bf6285099b2c126d9b06,2026-08-06T11:21:41Z,2026-08-06-p2-finite-linear-memory-skill-decomposition,2.0
Zarra EMEP,2017-01-01..2024-12-30,daily,ORDER_SPECIFIC_p21,2,21,ridge_direct,1016,153.36614173228347,99.52767975892277,98.49457378385749,101.03842405135826,53.838461973360694,1.0331059750652827,-2.5438502675007726,52.327717680925204,4a49b08b041c578ec5981dc1472125b2af0a4d59,572a6a79dfaf6247292af8c946e3f621c520377d7eb449bd78e9b309f483fc6a,7e61f4823860ac67fc2cf7b88c0b78031ccbd9e2a1f7bf6285099b2c126d9b06,2026-08-06T11:21:41Z,2026-08-06-p2-finite-linear-memory-skill-decomposition,2.0
Zarra EMEP,2017-01-01..2024-12-30,daily,ORDER_SPECIFIC_p21,2,21,hgb_direct,1016,153.36614173228347,99.52767975892277,98.49457378385749,96.86372346514074,53.838461973360694,1.0331059750652827,1.6308503187167531,56.50241826714273,4a49b08b041c578ec5981dc1472125b2af0a4d59,572a6a79dfaf6247292af8c946e3f621c520377d7eb449bd78e9b309f483fc6a,7e61f4823860ac67fc2cf7b88c0b78031ccbd9e2a1f7bf6285099b2c126d9b06,2026-08-06T11:21:41Z,2026-08-06-p2-finite-linear-memory-skill-decomposition,2.0
Zarra EMEP,2017-01-01..2024-12-30,daily,ORDER_SPECIFIC_p21,3,21,ridge_direct,1014,186.73471400394476,108.53110319472405,106.98433411617107,109.19962611128746,78.2036108092207,1.546769078552984,-2.215291995116388,77.5350878926573,4a49b08b041c578ec5981dc1472125b2af0a4d59,572a6a79dfaf6247292af8c946e3f621c520377d7eb449bd78e9b309f483fc6a,7e61f4823860ac67fc2cf7b88c0b78031ccbd9e2a1f7bf6285099b2c126d9b06,2026-08-06T11:21:41Z,2026-08-06-p2-finite-linear-memory-skill-decomposition,2.0
Zarra EMEP,2017-01-01..2024-12-30,daily,ORDER_SPECIFIC_p21,3,21,hgb_direct,1014,186.73471400394476,108.53110319472405,106.98433411617107,105.53389220150923,78.2036108092207,1.546769078552984,1.4504419146618375,81.20082180243553,4a49b08b041c578ec5981dc1472125b2af0a4d59,572a6a79dfaf6247292af8c946e3f621c520377d7eb449bd78e9b309f483fc6a,7e61f4823860ac67fc2cf7b88c0b78031ccbd9e2a1f7bf6285099b2c126d9b06,2026-08-06T11:21:41Z,2026-08-06-p2-finite-linear-memory-skill-decomposition,2.0
Zarra EMEP,2017-01-01..2024-12-30,daily,ORDER_SPECIFIC_p21,4,21,ridge_direct,1014,200.38658777120315,117.01348447688561,115.42937084474862,117.34199563550064,83.37310329431754,1.5841136321369902,-1.9126247907520195,83.04459213570252,4a49b08b041c578ec5981dc1472125b2af0a4d59,572a6a79dfaf6247292af8c946e3f621c520377d7eb449bd78e9b309f483fc6a,7e61f4823860ac67fc2cf7b88c0b78031ccbd9e2a1f7bf6285099b2c126d9b06,2026-08-06T11:21:41Z,2026-08-06-p2-finite-linear-memory-skill-decomposition,2.0
Zarra EMEP,2017-01-01..2024-12-30,daily,ORDER_SPECIFIC_p21,4,21,hgb_direct,1014,200.38658777120315,117.01348447688561,115.42937084474862,114.46828198018778,83.37310329431754,1.5841136321369902,0.9610888645608355,85.91830579101537,4a49b08b041c578ec5981dc1472125b2af0a4d59,572a6a79dfaf6247292af8c946e3f621c520377d7eb449bd78e9b309f483fc6a,7e61f4823860ac67fc2cf7b88c0b78031ccbd9e2a1f7bf6285099b2c126d9b06,2026-08-06T11:21:41Z,2026-08-06-p2-finite-linear-memory-skill-decomposition,2.0
Zarra EMEP,2017-01-01..2024-12-30,daily,ORDER_SPECIFIC_p21,5,21,ridge_direct,1013,214.99407699901283,134.45063246774745,132.5328883001966,135.24125928008073,80.54344453126538,1.9177441675508646,-2.708370979884137,79.7528177189321,4a49b08b041c578ec5981dc1472125b2af0a4d59,572a6a79dfaf6247292af8c946e3f621c520377d7eb449bd78e9b309f483fc6a,7e61f4823860ac67fc2cf7b88c0b78031ccbd9e2a1f7bf6285099b2c126d9b06,2026-08-06T11:21:41Z,2026-08-06-p2-finite-linear-memory-skill-decomposition,2.0
Zarra EMEP,2017-01-01..2024-12-30,daily,ORDER_SPECIFIC_p21,5,21,hgb_direct,1013,214.99407699901283,134.45063246774745,132.5328883001966,132.9993986836312,80.54344453126538,1.9177441675508646,-0.4665103834346098,81.99467831538163,4a49b08b041c578ec5981dc1472125b2af0a4d59,572a6a79dfaf6247292af8c946e3f621c520377d7eb449bd78e9b309f483fc6a,7e61f4823860ac67fc2cf7b88c0b78031ccbd9e2a1f7bf6285099b2c126d9b06,2026-08-06T11:21:41Z,2026-08-06-p2-finite-linear-memory-skill-decomposition,2.0
Zarra EMEP,2017-01-01..2024-12-30,daily,ORDER_SPECIFIC_p21,6,21,ridge_direct,1012,221.29644268774703,140.7986371293056,138.85856009730887,141.9678977009237,80.49780555844143,1.9400770319967364,-3.1093376036148186,79.32854498682335,4a49b08b041c578ec5981dc1472125b2af0a4d59,572a6a79dfaf6247292af8c946e3f621c520377d7eb449bd78e9b309f483fc6a,7e61f4823860ac67fc2cf7b88c0b78031ccbd9e2a1f7bf6285099b2c126d9b06,2026-08-06T11:21:41Z,2026-08-06-p2-finite-linear-memory-skill-decomposition,2.0
Zarra EMEP,2017-01-01..2024-12-30,daily,ORDER_SPECIFIC_p21,6,21,hgb_direct,1012,221.29644268774703,140.7986371293056,138.85856009730887,140.7576260526983,80.49780555844143,1.9400770319967364,-1.8990659553894318,80.53881663504873,4a49b08b041c578ec5981dc1472125b2af0a4d59,572a6a79dfaf6247292af8c946e3f621c520377d7eb449bd78e9b309f483fc6a,7e61f4823860ac67fc2cf7b88c0b78031ccbd9e2a1f7bf6285099b2c126d9b06,2026-08-06T11:21:41Z,2026-08-06-p2-finite-linear-memory-skill-decomposition,2.0
Zarra EMEP,2017-01-01..2024-12-30,daily,ORDER_SPECIFIC_p21,7,21,ridge_direct,1011,240.56973293768547,154.7223256855082,151.87287468994532,155.57910477026755,85.84740725217728,2.8494509955628757,-3.7062300803222286,84.99062816741792,4a49b08b041c578ec5981dc1472125b2af0a4d59,572a6a79dfaf6247292af8c946e3f621c520377d7eb449bd78e9b309f483fc6a,7e61f4823860ac67fc2cf7b88c0b78031ccbd9e2a1f7bf6285099b2c126d9b06,2026-08-06T11:21:41Z,2026-08-06-p2-finite-linear-memory-skill-decomposition,2.0
Zarra EMEP,2017-01-01..2024-12-30,daily,ORDER_SPECIFIC_p21,7,21,hgb_direct,1011,240.56973293768547,154.7223256855082,151.87287468994532,157.09646104873238,85.84740725217728,2.8494509955628757,-5.22358635878706,83.4732718889531,4a49b08b041c578ec5981dc1472125b2af0a4d59,572a6a79dfaf6247292af8c946e3f621c520377d7eb449bd78e9b309f483fc6a,7e61f4823860ac67fc2cf7b88c0b78031ccbd9e2a1f7bf6285099b2c126d9b06,2026-08-06T11:21:41Z,2026-08-06-p2-finite-linear-memory-skill-decomposition,2.0
