station,support_type,horizon,p,model,n_cases,delta_total,sum_of_components,residual,tolerance,atol,rtol,passed,code_commit,config_sha256,input_manifest_sha256,generated_at_utc,decision_id,canon_version
Elche,GLOBAL_COMMON,1,7,ridge_direct,782,32.565344368307535,32.565344368307535,0.0,3.2575344368307534e-09,1e-12,1e-10,True,4a49b08b041c578ec5981dc1472125b2af0a4d59,572a6a79dfaf6247292af8c946e3f621c520377d7eb449bd78e9b309f483fc6a,7e61f4823860ac67fc2cf7b88c0b78031ccbd9e2a1f7bf6285099b2c126d9b06,2026-08-06T11:21:41Z,2026-08-06-p2-finite-linear-memory-skill-decomposition,2.0
Elche,GLOBAL_COMMON,1,7,hgb_direct,782,11.829884566038032,11.829884566038032,0.0,1.1839884566038033e-09,1e-12,1e-10,True,4a49b08b041c578ec5981dc1472125b2af0a4d59,572a6a79dfaf6247292af8c946e3f621c520377d7eb449bd78e9b309f483fc6a,7e61f4823860ac67fc2cf7b88c0b78031ccbd9e2a1f7bf6285099b2c126d9b06,2026-08-06T11:21:41Z,2026-08-06-p2-finite-linear-memory-skill-decomposition,2.0
Elche,GLOBAL_COMMON,1,14,ridge_direct,782,32.565344368307535,32.565344368307535,0.0,3.2575344368307534e-09,1e-12,1e-10,True,4a49b08b041c578ec5981dc1472125b2af0a4d59,572a6a79dfaf6247292af8c946e3f621c520377d7eb449bd78e9b309f483fc6a,7e61f4823860ac67fc2cf7b88c0b78031ccbd9e2a1f7bf6285099b2c126d9b06,2026-08-06T11:21:41Z,2026-08-06-p2-finite-linear-memory-skill-decomposition,2.0
Elche,GLOBAL_COMMON,1,14,hgb_direct,782,11.829884566038032,11.829884566038032,0.0,1.1839884566038033e-09,1e-12,1e-10,True,4a49b08b041c578ec5981dc1472125b2af0a4d59,572a6a79dfaf6247292af8c946e3f621c520377d7eb449bd78e9b309f483fc6a,7e61f4823860ac67fc2cf7b88c0b78031ccbd9e2a1f7bf6285099b2c126d9b06,2026-08-06T11:21:41Z,2026-08-06-p2-finite-linear-memory-skill-decomposition,2.0
Elche,GLOBAL_COMMON,1,21,ridge_direct,782,32.565344368307535,32.565344368307535,0.0,3.2575344368307534e-09,1e-12,1e-10,True,4a49b08b041c578ec5981dc1472125b2af0a4d59,572a6a79dfaf6247292af8c946e3f621c520377d7eb449bd78e9b309f483fc6a,7e61f4823860ac67fc2cf7b88c0b78031ccbd9e2a1f7bf6285099b2c126d9b06,2026-08-06T11:21:41Z,2026-08-06-p2-finite-linear-memory-skill-decomposition,2.0
Elche,GLOBAL_COMMON,1,21,hgb_direct,782,11.829884566038032,11.829884566038032,0.0,1.1839884566038033e-09,1e-12,1e-10,True,4a49b08b041c578ec5981dc1472125b2af0a4d59,572a6a79dfaf6247292af8c946e3f621c520377d7eb449bd78e9b309f483fc6a,7e61f4823860ac67fc2cf7b88c0b78031ccbd9e2a1f7bf6285099b2c126d9b06,2026-08-06T11:21:41Z,2026-08-06-p2-finite-linear-memory-skill-decomposition,2.0
Elche,GLOBAL_COMMON,2,7,ridge_direct,770,133.71498902567197,133.71498902567197,0.0,1.3372498902567197e-08,1e-12,1e-10,True,4a49b08b041c578ec5981dc1472125b2af0a4d59,572a6a79dfaf6247292af8c946e3f621c520377d7eb449bd78e9b309f483fc6a,7e61f4823860ac67fc2cf7b88c0b78031ccbd9e2a1f7bf6285099b2c126d9b06,2026-08-06T11:21:41Z,2026-08-06-p2-finite-linear-memory-skill-decomposition,2.0
Elche,GLOBAL_COMMON,2,7,hgb_direct,770,124.7171583204092,124.7171583204092,0.0,1.247271583204092e-08,1e-12,1e-10,True,4a49b08b041c578ec5981dc1472125b2af0a4d59,572a6a79dfaf6247292af8c946e3f621c520377d7eb449bd78e9b309f483fc6a,7e61f4823860ac67fc2cf7b88c0b78031ccbd9e2a1f7bf6285099b2c126d9b06,2026-08-06T11:21:41Z,2026-08-06-p2-finite-linear-memory-skill-decomposition,2.0
Elche,GLOBAL_COMMON,2,14,ridge_direct,770,133.71498902567197,133.71498902567197,0.0,1.3372498902567197e-08,1e-12,1e-10,True,4a49b08b041c578ec5981dc1472125b2af0a4d59,572a6a79dfaf6247292af8c946e3f621c520377d7eb449bd78e9b309f483fc6a,7e61f4823860ac67fc2cf7b88c0b78031ccbd9e2a1f7bf6285099b2c126d9b06,2026-08-06T11:21:41Z,2026-08-06-p2-finite-linear-memory-skill-decomposition,2.0
Elche,GLOBAL_COMMON,2,14,hgb_direct,770,124.7171583204092,124.7171583204092,0.0,1.247271583204092e-08,1e-12,1e-10,True,4a49b08b041c578ec5981dc1472125b2af0a4d59,572a6a79dfaf6247292af8c946e3f621c520377d7eb449bd78e9b309f483fc6a,7e61f4823860ac67fc2cf7b88c0b78031ccbd9e2a1f7bf6285099b2c126d9b06,2026-08-06T11:21:41Z,2026-08-06-p2-finite-linear-memory-skill-decomposition,2.0
Elche,GLOBAL_COMMON,2,21,ridge_direct,770,133.71498902567197,133.71498902567197,0.0,1.3372498902567197e-08,1e-12,1e-10,True,4a49b08b041c578ec5981dc1472125b2af0a4d59,572a6a79dfaf6247292af8c946e3f621c520377d7eb449bd78e9b309f483fc6a,7e61f4823860ac67fc2cf7b88c0b78031ccbd9e2a1f7bf6285099b2c126d9b06,2026-08-06T11:21:41Z,2026-08-06-p2-finite-linear-memory-skill-decomposition,2.0
Elche,GLOBAL_COMMON,2,21,hgb_direct,770,124.7171583204092,124.7171583204092,0.0,1.247271583204092e-08,1e-12,1e-10,True,4a49b08b041c578ec5981dc1472125b2af0a4d59,572a6a79dfaf6247292af8c946e3f621c520377d7eb449bd78e9b309f483fc6a,7e61f4823860ac67fc2cf7b88c0b78031ccbd9e2a1f7bf6285099b2c126d9b06,2026-08-06T11:21:41Z,2026-08-06-p2-finite-linear-memory-skill-decomposition,2.0
Elche,GLOBAL_COMMON,3,7,ridge_direct,763,160.72965560160762,160.72965560160762,0.0,1.6073965560160763e-08,1e-12,1e-10,True,4a49b08b041c578ec5981dc1472125b2af0a4d59,572a6a79dfaf6247292af8c946e3f621c520377d7eb449bd78e9b309f483fc6a,7e61f4823860ac67fc2cf7b88c0b78031ccbd9e2a1f7bf6285099b2c126d9b06,2026-08-06T11:21:41Z,2026-08-06-p2-finite-linear-memory-skill-decomposition,2.0
Elche,GLOBAL_COMMON,3,7,hgb_direct,763,150.09558379853635,150.09558379853635,0.0,1.501055837985364e-08,1e-12,1e-10,True,4a49b08b041c578ec5981dc1472125b2af0a4d59,572a6a79dfaf6247292af8c946e3f621c520377d7eb449bd78e9b309f483fc6a,7e61f4823860ac67fc2cf7b88c0b78031ccbd9e2a1f7bf6285099b2c126d9b06,2026-08-06T11:21:41Z,2026-08-06-p2-finite-linear-memory-skill-decomposition,2.0
Elche,GLOBAL_COMMON,3,14,ridge_direct,763,160.72965560160762,160.72965560160762,0.0,1.6073965560160763e-08,1e-12,1e-10,True,4a49b08b041c578ec5981dc1472125b2af0a4d59,572a6a79dfaf6247292af8c946e3f621c520377d7eb449bd78e9b309f483fc6a,7e61f4823860ac67fc2cf7b88c0b78031ccbd9e2a1f7bf6285099b2c126d9b06,2026-08-06T11:21:41Z,2026-08-06-p2-finite-linear-memory-skill-decomposition,2.0
Elche,GLOBAL_COMMON,3,14,hgb_direct,763,150.09558379853635,150.09558379853635,0.0,1.501055837985364e-08,1e-12,1e-10,True,4a49b08b041c578ec5981dc1472125b2af0a4d59,572a6a79dfaf6247292af8c946e3f621c520377d7eb449bd78e9b309f483fc6a,7e61f4823860ac67fc2cf7b88c0b78031ccbd9e2a1f7bf6285099b2c126d9b06,2026-08-06T11:21:41Z,2026-08-06-p2-finite-linear-memory-skill-decomposition,2.0
Elche,GLOBAL_COMMON,3,21,ridge_direct,763,160.72965560160762,160.72965560160762,0.0,1.6073965560160763e-08,1e-12,1e-10,True,4a49b08b041c578ec5981dc1472125b2af0a4d59,572a6a79dfaf6247292af8c946e3f621c520377d7eb449bd78e9b309f483fc6a,7e61f4823860ac67fc2cf7b88c0b78031ccbd9e2a1f7bf6285099b2c126d9b06,2026-08-06T11:21:41Z,2026-08-06-p2-finite-linear-memory-skill-decomposition,2.0
Elche,GLOBAL_COMMON,3,21,hgb_direct,763,150.09558379853635,150.09558379853635,0.0,1.501055837985364e-08,1e-12,1e-10,True,4a49b08b041c578ec5981dc1472125b2af0a4d59,572a6a79dfaf6247292af8c946e3f621c520377d7eb449bd78e9b309f483fc6a,7e61f4823860ac67fc2cf7b88c0b78031ccbd9e2a1f7bf6285099b2c126d9b06,2026-08-06T11:21:41Z,2026-08-06-p2-finite-linear-memory-skill-decomposition,2.0
Elche,GLOBAL_COMMON,4,7,ridge_direct,757,175.9647450557125,175.9647450557125,0.0,1.7597474505571253e-08,1e-12,1e-10,True,4a49b08b041c578ec5981dc1472125b2af0a4d59,572a6a79dfaf6247292af8c946e3f621c520377d7eb449bd78e9b309f483fc6a,7e61f4823860ac67fc2cf7b88c0b78031ccbd9e2a1f7bf6285099b2c126d9b06,2026-08-06T11:21:41Z,2026-08-06-p2-finite-linear-memory-skill-decomposition,2.0
Elche,GLOBAL_COMMON,4,7,hgb_direct,757,159.36064553901616,159.36064553901616,0.0,1.5937064553901618e-08,1e-12,1e-10,True,4a49b08b041c578ec5981dc1472125b2af0a4d59,572a6a79dfaf6247292af8c946e3f621c520377d7eb449bd78e9b309f483fc6a,7e61f4823860ac67fc2cf7b88c0b78031ccbd9e2a1f7bf6285099b2c126d9b06,2026-08-06T11:21:41Z,2026-08-06-p2-finite-linear-memory-skill-decomposition,2.0
Elche,GLOBAL_COMMON,4,14,ridge_direct,757,175.9647450557125,175.9647450557125,0.0,1.7597474505571253e-08,1e-12,1e-10,True,4a49b08b041c578ec5981dc1472125b2af0a4d59,572a6a79dfaf6247292af8c946e3f621c520377d7eb449bd78e9b309f483fc6a,7e61f4823860ac67fc2cf7b88c0b78031ccbd9e2a1f7bf6285099b2c126d9b06,2026-08-06T11:21:41Z,2026-08-06-p2-finite-linear-memory-skill-decomposition,2.0
Elche,GLOBAL_COMMON,4,14,hgb_direct,757,159.36064553901616,159.36064553901616,0.0,1.5937064553901618e-08,1e-12,1e-10,True,4a49b08b041c578ec5981dc1472125b2af0a4d59,572a6a79dfaf6247292af8c946e3f621c520377d7eb449bd78e9b309f483fc6a,7e61f4823860ac67fc2cf7b88c0b78031ccbd9e2a1f7bf6285099b2c126d9b06,2026-08-06T11:21:41Z,2026-08-06-p2-finite-linear-memory-skill-decomposition,2.0
Elche,GLOBAL_COMMON,4,21,ridge_direct,757,175.9647450557125,175.9647450557125,0.0,1.7597474505571253e-08,1e-12,1e-10,True,4a49b08b041c578ec5981dc1472125b2af0a4d59,572a6a79dfaf6247292af8c946e3f621c520377d7eb449bd78e9b309f483fc6a,7e61f4823860ac67fc2cf7b88c0b78031ccbd9e2a1f7bf6285099b2c126d9b06,2026-08-06T11:21:41Z,2026-08-06-p2-finite-linear-memory-skill-decomposition,2.0
Elche,GLOBAL_COMMON,4,21,hgb_direct,757,159.36064553901616,159.36064553901616,0.0,1.5937064553901618e-08,1e-12,1e-10,True,4a49b08b041c578ec5981dc1472125b2af0a4d59,572a6a79dfaf6247292af8c946e3f621c520377d7eb449bd78e9b309f483fc6a,7e61f4823860ac67fc2cf7b88c0b78031ccbd9e2a1f7bf6285099b2c126d9b06,2026-08-06T11:21:41Z,2026-08-06-p2-finite-linear-memory-skill-decomposition,2.0
Elche,GLOBAL_COMMON,5,7,ridge_direct,753,178.0262071070065,178.0262071070065,0.0,1.780362071070065e-08,1e-12,1e-10,True,4a49b08b041c578ec5981dc1472125b2af0a4d59,572a6a79dfaf6247292af8c946e3f621c520377d7eb449bd78e9b309f483fc6a,7e61f4823860ac67fc2cf7b88c0b78031ccbd9e2a1f7bf6285099b2c126d9b06,2026-08-06T11:21:41Z,2026-08-06-p2-finite-linear-memory-skill-decomposition,2.0
Elche,GLOBAL_COMMON,5,7,hgb_direct,753,164.45659804226676,164.45659804226676,0.0,1.6446659804226677e-08,1e-12,1e-10,True,4a49b08b041c578ec5981dc1472125b2af0a4d59,572a6a79dfaf6247292af8c946e3f621c520377d7eb449bd78e9b309f483fc6a,7e61f4823860ac67fc2cf7b88c0b78031ccbd9e2a1f7bf6285099b2c126d9b06,2026-08-06T11:21:41Z,2026-08-06-p2-finite-linear-memory-skill-decomposition,2.0
Elche,GLOBAL_COMMON,5,14,ridge_direct,753,178.0262071070065,178.0262071070065,0.0,1.780362071070065e-08,1e-12,1e-10,True,4a49b08b041c578ec5981dc1472125b2af0a4d59,572a6a79dfaf6247292af8c946e3f621c520377d7eb449bd78e9b309f483fc6a,7e61f4823860ac67fc2cf7b88c0b78031ccbd9e2a1f7bf6285099b2c126d9b06,2026-08-06T11:21:41Z,2026-08-06-p2-finite-linear-memory-skill-decomposition,2.0
Elche,GLOBAL_COMMON,5,14,hgb_direct,753,164.45659804226676,164.45659804226676,0.0,1.6446659804226677e-08,1e-12,1e-10,True,4a49b08b041c578ec5981dc1472125b2af0a4d59,572a6a79dfaf6247292af8c946e3f621c520377d7eb449bd78e9b309f483fc6a,7e61f4823860ac67fc2cf7b88c0b78031ccbd9e2a1f7bf6285099b2c126d9b06,2026-08-06T11:21:41Z,2026-08-06-p2-finite-linear-memory-skill-decomposition,2.0
Elche,GLOBAL_COMMON,5,21,ridge_direct,753,178.0262071070065,178.0262071070065,0.0,1.780362071070065e-08,1e-12,1e-10,True,4a49b08b041c578ec5981dc1472125b2af0a4d59,572a6a79dfaf6247292af8c946e3f621c520377d7eb449bd78e9b309f483fc6a,7e61f4823860ac67fc2cf7b88c0b78031ccbd9e2a1f7bf6285099b2c126d9b06,2026-08-06T11:21:41Z,2026-08-06-p2-finite-linear-memory-skill-decomposition,2.0
Elche,GLOBAL_COMMON,5,21,hgb_direct,753,164.45659804226676,164.45659804226676,0.0,1.6446659804226677e-08,1e-12,1e-10,True,4a49b08b041c578ec5981dc1472125b2af0a4d59,572a6a79dfaf6247292af8c946e3f621c520377d7eb449bd78e9b309f483fc6a,7e61f4823860ac67fc2cf7b88c0b78031ccbd9e2a1f7bf6285099b2c126d9b06,2026-08-06T11:21:41Z,2026-08-06-p2-finite-linear-memory-skill-decomposition,2.0
Elche,GLOBAL_COMMON,6,7,ridge_direct,750,175.2791847579073,175.2791847579073,0.0,1.7528918475790733e-08,1e-12,1e-10,True,4a49b08b041c578ec5981dc1472125b2af0a4d59,572a6a79dfaf6247292af8c946e3f621c520377d7eb449bd78e9b309f483fc6a,7e61f4823860ac67fc2cf7b88c0b78031ccbd9e2a1f7bf6285099b2c126d9b06,2026-08-06T11:21:41Z,2026-08-06-p2-finite-linear-memory-skill-decomposition,2.0
Elche,GLOBAL_COMMON,6,7,hgb_direct,750,161.20140460196984,161.20140460196984,0.0,1.6121140460196985e-08,1e-12,1e-10,True,4a49b08b041c578ec5981dc1472125b2af0a4d59,572a6a79dfaf6247292af8c946e3f621c520377d7eb449bd78e9b309f483fc6a,7e61f4823860ac67fc2cf7b88c0b78031ccbd9e2a1f7bf6285099b2c126d9b06,2026-08-06T11:21:41Z,2026-08-06-p2-finite-linear-memory-skill-decomposition,2.0
Elche,GLOBAL_COMMON,6,14,ridge_direct,750,175.2791847579073,175.2791847579073,0.0,1.7528918475790733e-08,1e-12,1e-10,True,4a49b08b041c578ec5981dc1472125b2af0a4d59,572a6a79dfaf6247292af8c946e3f621c520377d7eb449bd78e9b309f483fc6a,7e61f4823860ac67fc2cf7b88c0b78031ccbd9e2a1f7bf6285099b2c126d9b06,2026-08-06T11:21:41Z,2026-08-06-p2-finite-linear-memory-skill-decomposition,2.0
Elche,GLOBAL_COMMON,6,14,hgb_direct,750,161.20140460196984,161.20140460196984,0.0,1.6121140460196985e-08,1e-12,1e-10,True,4a49b08b041c578ec5981dc1472125b2af0a4d59,572a6a79dfaf6247292af8c946e3f621c520377d7eb449bd78e9b309f483fc6a,7e61f4823860ac67fc2cf7b88c0b78031ccbd9e2a1f7bf6285099b2c126d9b06,2026-08-06T11:21:41Z,2026-08-06-p2-finite-linear-memory-skill-decomposition,2.0
Elche,GLOBAL_COMMON,6,21,ridge_direct,750,175.2791847579073,175.2791847579073,0.0,1.7528918475790733e-08,1e-12,1e-10,True,4a49b08b041c578ec5981dc1472125b2af0a4d59,572a6a79dfaf6247292af8c946e3f621c520377d7eb449bd78e9b309f483fc6a,7e61f4823860ac67fc2cf7b88c0b78031ccbd9e2a1f7bf6285099b2c126d9b06,2026-08-06T11:21:41Z,2026-08-06-p2-finite-linear-memory-skill-decomposition,2.0
Elche,GLOBAL_COMMON,6,21,hgb_direct,750,161.20140460196984,161.20140460196984,0.0,1.6121140460196985e-08,1e-12,1e-10,True,4a49b08b041c578ec5981dc1472125b2af0a4d59,572a6a79dfaf6247292af8c946e3f621c520377d7eb449bd78e9b309f483fc6a,7e61f4823860ac67fc2cf7b88c0b78031ccbd9e2a1f7bf6285099b2c126d9b06,2026-08-06T11:21:41Z,2026-08-06-p2-finite-linear-memory-skill-decomposition,2.0
Elche,GLOBAL_COMMON,7,7,ridge_direct,749,183.83792455591006,183.83792455591006,0.0,1.838479245559101e-08,1e-12,1e-10,True,4a49b08b041c578ec5981dc1472125b2af0a4d59,572a6a79dfaf6247292af8c946e3f621c520377d7eb449bd78e9b309f483fc6a,7e61f4823860ac67fc2cf7b88c0b78031ccbd9e2a1f7bf6285099b2c126d9b06,2026-08-06T11:21:41Z,2026-08-06-p2-finite-linear-memory-skill-decomposition,2.0
Elche,GLOBAL_COMMON,7,7,hgb_direct,749,169.23255236518273,169.23255236518273,0.0,1.6924255236518276e-08,1e-12,1e-10,True,4a49b08b041c578ec5981dc1472125b2af0a4d59,572a6a79dfaf6247292af8c946e3f621c520377d7eb449bd78e9b309f483fc6a,7e61f4823860ac67fc2cf7b88c0b78031ccbd9e2a1f7bf6285099b2c126d9b06,2026-08-06T11:21:41Z,2026-08-06-p2-finite-linear-memory-skill-decomposition,2.0
Elche,GLOBAL_COMMON,7,14,ridge_direct,749,183.83792455591006,183.83792455591006,0.0,1.838479245559101e-08,1e-12,1e-10,True,4a49b08b041c578ec5981dc1472125b2af0a4d59,572a6a79dfaf6247292af8c946e3f621c520377d7eb449bd78e9b309f483fc6a,7e61f4823860ac67fc2cf7b88c0b78031ccbd9e2a1f7bf6285099b2c126d9b06,2026-08-06T11:21:41Z,2026-08-06-p2-finite-linear-memory-skill-decomposition,2.0
Elche,GLOBAL_COMMON,7,14,hgb_direct,749,169.23255236518273,169.23255236518273,0.0,1.6924255236518276e-08,1e-12,1e-10,True,4a49b08b041c578ec5981dc1472125b2af0a4d59,572a6a79dfaf6247292af8c946e3f621c520377d7eb449bd78e9b309f483fc6a,7e61f4823860ac67fc2cf7b88c0b78031ccbd9e2a1f7bf6285099b2c126d9b06,2026-08-06T11:21:41Z,2026-08-06-p2-finite-linear-memory-skill-decomposition,2.0
Elche,GLOBAL_COMMON,7,21,ridge_direct,749,183.83792455591006,183.83792455591006,0.0,1.838479245559101e-08,1e-12,1e-10,True,4a49b08b041c578ec5981dc1472125b2af0a4d59,572a6a79dfaf6247292af8c946e3f621c520377d7eb449bd78e9b309f483fc6a,7e61f4823860ac67fc2cf7b88c0b78031ccbd9e2a1f7bf6285099b2c126d9b06,2026-08-06T11:21:41Z,2026-08-06-p2-finite-linear-memory-skill-decomposition,2.0
Elche,GLOBAL_COMMON,7,21,hgb_direct,749,169.23255236518273,169.23255236518273,0.0,1.6924255236518276e-08,1e-12,1e-10,True,4a49b08b041c578ec5981dc1472125b2af0a4d59,572a6a79dfaf6247292af8c946e3f621c520377d7eb449bd78e9b309f483fc6a,7e61f4823860ac67fc2cf7b88c0b78031ccbd9e2a1f7bf6285099b2c126d9b06,2026-08-06T11:21:41Z,2026-08-06-p2-finite-linear-memory-skill-decomposition,2.0
Elche,ORDER_SPECIFIC_p7,1,7,ridge_direct,1274,30.27477860105752,30.27477860105752,0.0,3.028477860105752e-09,1e-12,1e-10,True,4a49b08b041c578ec5981dc1472125b2af0a4d59,572a6a79dfaf6247292af8c946e3f621c520377d7eb449bd78e9b309f483fc6a,7e61f4823860ac67fc2cf7b88c0b78031ccbd9e2a1f7bf6285099b2c126d9b06,2026-08-06T11:21:41Z,2026-08-06-p2-finite-linear-memory-skill-decomposition,2.0
Elche,ORDER_SPECIFIC_p7,1,7,hgb_direct,1274,15.88481719034283,15.88481719034283,0.0,1.5894817190342832e-09,1e-12,1e-10,True,4a49b08b041c578ec5981dc1472125b2af0a4d59,572a6a79dfaf6247292af8c946e3f621c520377d7eb449bd78e9b309f483fc6a,7e61f4823860ac67fc2cf7b88c0b78031ccbd9e2a1f7bf6285099b2c126d9b06,2026-08-06T11:21:41Z,2026-08-06-p2-finite-linear-memory-skill-decomposition,2.0
Elche,ORDER_SPECIFIC_p7,2,7,ridge_direct,1251,105.90837348051488,105.90837348051488,0.0,1.0591837348051488e-08,1e-12,1e-10,True,4a49b08b041c578ec5981dc1472125b2af0a4d59,572a6a79dfaf6247292af8c946e3f621c520377d7eb449bd78e9b309f483fc6a,7e61f4823860ac67fc2cf7b88c0b78031ccbd9e2a1f7bf6285099b2c126d9b06,2026-08-06T11:21:41Z,2026-08-06-p2-finite-linear-memory-skill-decomposition,2.0
Elche,ORDER_SPECIFIC_p7,2,7,hgb_direct,1251,98.06166539966142,98.06166539966142,0.0,9.807166539966143e-09,1e-12,1e-10,True,4a49b08b041c578ec5981dc1472125b2af0a4d59,572a6a79dfaf6247292af8c946e3f621c520377d7eb449bd78e9b309f483fc6a,7e61f4823860ac67fc2cf7b88c0b78031ccbd9e2a1f7bf6285099b2c126d9b06,2026-08-06T11:21:41Z,2026-08-06-p2-finite-linear-memory-skill-decomposition,2.0
Elche,ORDER_SPECIFIC_p7,3,7,ridge_direct,1241,134.78458785107904,134.78458785107904,0.0,1.3479458785107904e-08,1e-12,1e-10,True,4a49b08b041c578ec5981dc1472125b2af0a4d59,572a6a79dfaf6247292af8c946e3f621c520377d7eb449bd78e9b309f483fc6a,7e61f4823860ac67fc2cf7b88c0b78031ccbd9e2a1f7bf6285099b2c126d9b06,2026-08-06T11:21:41Z,2026-08-06-p2-finite-linear-memory-skill-decomposition,2.0
Elche,ORDER_SPECIFIC_p7,3,7,hgb_direct,1241,124.84504408344333,124.84504408344333,0.0,1.2485504408344333e-08,1e-12,1e-10,True,4a49b08b041c578ec5981dc1472125b2af0a4d59,572a6a79dfaf6247292af8c946e3f621c520377d7eb449bd78e9b309f483fc6a,7e61f4823860ac67fc2cf7b88c0b78031ccbd9e2a1f7bf6285099b2c126d9b06,2026-08-06T11:21:41Z,2026-08-06-p2-finite-linear-memory-skill-decomposition,2.0
Elche,ORDER_SPECIFIC_p7,4,7,ridge_direct,1234,150.19253413070157,150.19253413070157,0.0,1.5020253413070158e-08,1e-12,1e-10,True,4a49b08b041c578ec5981dc1472125b2af0a4d59,572a6a79dfaf6247292af8c946e3f621c520377d7eb449bd78e9b309f483fc6a,7e61f4823860ac67fc2cf7b88c0b78031ccbd9e2a1f7bf6285099b2c126d9b06,2026-08-06T11:21:41Z,2026-08-06-p2-finite-linear-memory-skill-decomposition,2.0
Elche,ORDER_SPECIFIC_p7,4,7,hgb_direct,1234,136.22640075120586,136.22640075120586,0.0,1.3623640075120585e-08,1e-12,1e-10,True,4a49b08b041c578ec5981dc1472125b2af0a4d59,572a6a79dfaf6247292af8c946e3f621c520377d7eb449bd78e9b309f483fc6a,7e61f4823860ac67fc2cf7b88c0b78031ccbd9e2a1f7bf6285099b2c126d9b06,2026-08-06T11:21:41Z,2026-08-06-p2-finite-linear-memory-skill-decomposition,2.0
Elche,ORDER_SPECIFIC_p7,5,7,ridge_direct,1228,157.06461585935406,157.06461585935406,0.0,1.570746158593541e-08,1e-12,1e-10,True,4a49b08b041c578ec5981dc1472125b2af0a4d59,572a6a79dfaf6247292af8c946e3f621c520377d7eb449bd78e9b309f483fc6a,7e61f4823860ac67fc2cf7b88c0b78031ccbd9e2a1f7bf6285099b2c126d9b06,2026-08-06T11:21:41Z,2026-08-06-p2-finite-linear-memory-skill-decomposition,2.0
Elche,ORDER_SPECIFIC_p7,5,7,hgb_direct,1228,145.22807505433266,145.22807505433266,0.0,1.4523807505433266e-08,1e-12,1e-10,True,4a49b08b041c578ec5981dc1472125b2af0a4d59,572a6a79dfaf6247292af8c946e3f621c520377d7eb449bd78e9b309f483fc6a,7e61f4823860ac67fc2cf7b88c0b78031ccbd9e2a1f7bf6285099b2c126d9b06,2026-08-06T11:21:41Z,2026-08-06-p2-finite-linear-memory-skill-decomposition,2.0
Elche,ORDER_SPECIFIC_p7,6,7,ridge_direct,1224,157.6639712103901,157.6639712103901,0.0,1.5767397121039012e-08,1e-12,1e-10,True,4a49b08b041c578ec5981dc1472125b2af0a4d59,572a6a79dfaf6247292af8c946e3f621c520377d7eb449bd78e9b309f483fc6a,7e61f4823860ac67fc2cf7b88c0b78031ccbd9e2a1f7bf6285099b2c126d9b06,2026-08-06T11:21:41Z,2026-08-06-p2-finite-linear-memory-skill-decomposition,2.0
Elche,ORDER_SPECIFIC_p7,6,7,hgb_direct,1224,143.64047976532325,143.64047976532325,0.0,1.4365047976532326e-08,1e-12,1e-10,True,4a49b08b041c578ec5981dc1472125b2af0a4d59,572a6a79dfaf6247292af8c946e3f621c520377d7eb449bd78e9b309f483fc6a,7e61f4823860ac67fc2cf7b88c0b78031ccbd9e2a1f7bf6285099b2c126d9b06,2026-08-06T11:21:41Z,2026-08-06-p2-finite-linear-memory-skill-decomposition,2.0
Elche,ORDER_SPECIFIC_p7,7,7,ridge_direct,1215,149.02279337617193,149.02279337617193,0.0,1.4903279337617196e-08,1e-12,1e-10,True,4a49b08b041c578ec5981dc1472125b2af0a4d59,572a6a79dfaf6247292af8c946e3f621c520377d7eb449bd78e9b309f483fc6a,7e61f4823860ac67fc2cf7b88c0b78031ccbd9e2a1f7bf6285099b2c126d9b06,2026-08-06T11:21:41Z,2026-08-06-p2-finite-linear-memory-skill-decomposition,2.0
Elche,ORDER_SPECIFIC_p7,7,7,hgb_direct,1215,133.00146703546974,133.00146703546974,0.0,1.3301146703546975e-08,1e-12,1e-10,True,4a49b08b041c578ec5981dc1472125b2af0a4d59,572a6a79dfaf6247292af8c946e3f621c520377d7eb449bd78e9b309f483fc6a,7e61f4823860ac67fc2cf7b88c0b78031ccbd9e2a1f7bf6285099b2c126d9b06,2026-08-06T11:21:41Z,2026-08-06-p2-finite-linear-memory-skill-decomposition,2.0
Elche,ORDER_SPECIFIC_p14,1,14,ridge_direct,991,35.872560638057536,35.872560638057536,0.0,3.5882560638057538e-09,1e-12,1e-10,True,4a49b08b041c578ec5981dc1472125b2af0a4d59,572a6a79dfaf6247292af8c946e3f621c520377d7eb449bd78e9b309f483fc6a,7e61f4823860ac67fc2cf7b88c0b78031ccbd9e2a1f7bf6285099b2c126d9b06,2026-08-06T11:21:41Z,2026-08-06-p2-finite-linear-memory-skill-decomposition,2.0
Elche,ORDER_SPECIFIC_p14,1,14,hgb_direct,991,19.043908822405427,19.043908822405427,0.0,1.9053908822405427e-09,1e-12,1e-10,True,4a49b08b041c578ec5981dc1472125b2af0a4d59,572a6a79dfaf6247292af8c946e3f621c520377d7eb449bd78e9b309f483fc6a,7e61f4823860ac67fc2cf7b88c0b78031ccbd9e2a1f7bf6285099b2c126d9b06,2026-08-06T11:21:41Z,2026-08-06-p2-finite-linear-memory-skill-decomposition,2.0
Elche,ORDER_SPECIFIC_p14,2,14,ridge_direct,973,121.80146254791393,121.80146254791393,0.0,1.2181146254791394e-08,1e-12,1e-10,True,4a49b08b041c578ec5981dc1472125b2af0a4d59,572a6a79dfaf6247292af8c946e3f621c520377d7eb449bd78e9b309f483fc6a,7e61f4823860ac67fc2cf7b88c0b78031ccbd9e2a1f7bf6285099b2c126d9b06,2026-08-06T11:21:41Z,2026-08-06-p2-finite-linear-memory-skill-decomposition,2.0
Elche,ORDER_SPECIFIC_p14,2,14,hgb_direct,973,112.04788645415641,112.04788645415641,0.0,1.1205788645415642e-08,1e-12,1e-10,True,4a49b08b041c578ec5981dc1472125b2af0a4d59,572a6a79dfaf6247292af8c946e3f621c520377d7eb449bd78e9b309f483fc6a,7e61f4823860ac67fc2cf7b88c0b78031ccbd9e2a1f7bf6285099b2c126d9b06,2026-08-06T11:21:41Z,2026-08-06-p2-finite-linear-memory-skill-decomposition,2.0
Elche,ORDER_SPECIFIC_p14,3,14,ridge_direct,966,148.61164140122136,148.61164140122136,0.0,1.4862164140122136e-08,1e-12,1e-10,True,4a49b08b041c578ec5981dc1472125b2af0a4d59,572a6a79dfaf6247292af8c946e3f621c520377d7eb449bd78e9b309f483fc6a,7e61f4823860ac67fc2cf7b88c0b78031ccbd9e2a1f7bf6285099b2c126d9b06,2026-08-06T11:21:41Z,2026-08-06-p2-finite-linear-memory-skill-decomposition,2.0
Elche,ORDER_SPECIFIC_p14,3,14,hgb_direct,966,138.3035200695048,138.3035200695048,0.0,1.383135200695048e-08,1e-12,1e-10,True,4a49b08b041c578ec5981dc1472125b2af0a4d59,572a6a79dfaf6247292af8c946e3f621c520377d7eb449bd78e9b309f483fc6a,7e61f4823860ac67fc2cf7b88c0b78031ccbd9e2a1f7bf6285099b2c126d9b06,2026-08-06T11:21:41Z,2026-08-06-p2-finite-linear-memory-skill-decomposition,2.0
Elche,ORDER_SPECIFIC_p14,4,14,ridge_direct,961,161.13332437764984,161.13332437764984,0.0,1.6114332437764985e-08,1e-12,1e-10,True,4a49b08b041c578ec5981dc1472125b2af0a4d59,572a6a79dfaf6247292af8c946e3f621c520377d7eb449bd78e9b309f483fc6a,7e61f4823860ac67fc2cf7b88c0b78031ccbd9e2a1f7bf6285099b2c126d9b06,2026-08-06T11:21:41Z,2026-08-06-p2-finite-linear-memory-skill-decomposition,2.0
Elche,ORDER_SPECIFIC_p14,4,14,hgb_direct,961,145.9943219629108,145.9943219629108,0.0,1.4600432196291078e-08,1e-12,1e-10,True,4a49b08b041c578ec5981dc1472125b2af0a4d59,572a6a79dfaf6247292af8c946e3f621c520377d7eb449bd78e9b309f483fc6a,7e61f4823860ac67fc2cf7b88c0b78031ccbd9e2a1f7bf6285099b2c126d9b06,2026-08-06T11:21:41Z,2026-08-06-p2-finite-linear-memory-skill-decomposition,2.0
Elche,ORDER_SPECIFIC_p14,5,14,ridge_direct,957,162.30673312192735,162.30673312192735,0.0,1.6231673312192738e-08,1e-12,1e-10,True,4a49b08b041c578ec5981dc1472125b2af0a4d59,572a6a79dfaf6247292af8c946e3f621c520377d7eb449bd78e9b309f483fc6a,7e61f4823860ac67fc2cf7b88c0b78031ccbd9e2a1f7bf6285099b2c126d9b06,2026-08-06T11:21:41Z,2026-08-06-p2-finite-linear-memory-skill-decomposition,2.0
Elche,ORDER_SPECIFIC_p14,5,14,hgb_direct,957,149.48213602460987,149.48213602460987,0.0,1.494921360246099e-08,1e-12,1e-10,True,4a49b08b041c578ec5981dc1472125b2af0a4d59,572a6a79dfaf6247292af8c946e3f621c520377d7eb449bd78e9b309f483fc6a,7e61f4823860ac67fc2cf7b88c0b78031ccbd9e2a1f7bf6285099b2c126d9b06,2026-08-06T11:21:41Z,2026-08-06-p2-finite-linear-memory-skill-decomposition,2.0
Elche,ORDER_SPECIFIC_p14,6,14,ridge_direct,954,158.3187893509476,158.3187893509476,0.0,1.5832878935094762e-08,1e-12,1e-10,True,4a49b08b041c578ec5981dc1472125b2af0a4d59,572a6a79dfaf6247292af8c946e3f621c520377d7eb449bd78e9b309f483fc6a,7e61f4823860ac67fc2cf7b88c0b78031ccbd9e2a1f7bf6285099b2c126d9b06,2026-08-06T11:21:41Z,2026-08-06-p2-finite-linear-memory-skill-decomposition,2.0
Elche,ORDER_SPECIFIC_p14,6,14,hgb_direct,954,143.7887049896324,143.7887049896324,0.0,1.437987049896324e-08,1e-12,1e-10,True,4a49b08b041c578ec5981dc1472125b2af0a4d59,572a6a79dfaf6247292af8c946e3f621c520377d7eb449bd78e9b309f483fc6a,7e61f4823860ac67fc2cf7b88c0b78031ccbd9e2a1f7bf6285099b2c126d9b06,2026-08-06T11:21:41Z,2026-08-06-p2-finite-linear-memory-skill-decomposition,2.0
Elche,ORDER_SPECIFIC_p14,7,14,ridge_direct,951,163.61408598939428,163.61408598939428,0.0,1.636240859893943e-08,1e-12,1e-10,True,4a49b08b041c578ec5981dc1472125b2af0a4d59,572a6a79dfaf6247292af8c946e3f621c520377d7eb449bd78e9b309f483fc6a,7e61f4823860ac67fc2cf7b88c0b78031ccbd9e2a1f7bf6285099b2c126d9b06,2026-08-06T11:21:41Z,2026-08-06-p2-finite-linear-memory-skill-decomposition,2.0
Elche,ORDER_SPECIFIC_p14,7,14,hgb_direct,951,148.0672618629209,148.0672618629209,0.0,1.480772618629209e-08,1e-12,1e-10,True,4a49b08b041c578ec5981dc1472125b2af0a4d59,572a6a79dfaf6247292af8c946e3f621c520377d7eb449bd78e9b309f483fc6a,7e61f4823860ac67fc2cf7b88c0b78031ccbd9e2a1f7bf6285099b2c126d9b06,2026-08-06T11:21:41Z,2026-08-06-p2-finite-linear-memory-skill-decomposition,2.0
Elche,ORDER_SPECIFIC_p21,1,21,ridge_direct,782,32.565344368307535,32.565344368307535,0.0,3.2575344368307534e-09,1e-12,1e-10,True,4a49b08b041c578ec5981dc1472125b2af0a4d59,572a6a79dfaf6247292af8c946e3f621c520377d7eb449bd78e9b309f483fc6a,7e61f4823860ac67fc2cf7b88c0b78031ccbd9e2a1f7bf6285099b2c126d9b06,2026-08-06T11:21:41Z,2026-08-06-p2-finite-linear-memory-skill-decomposition,2.0
Elche,ORDER_SPECIFIC_p21,1,21,hgb_direct,782,11.829884566038032,11.829884566038032,0.0,1.1839884566038033e-09,1e-12,1e-10,True,4a49b08b041c578ec5981dc1472125b2af0a4d59,572a6a79dfaf6247292af8c946e3f621c520377d7eb449bd78e9b309f483fc6a,7e61f4823860ac67fc2cf7b88c0b78031ccbd9e2a1f7bf6285099b2c126d9b06,2026-08-06T11:21:41Z,2026-08-06-p2-finite-linear-memory-skill-decomposition,2.0
Elche,ORDER_SPECIFIC_p21,2,21,ridge_direct,770,133.71498902567197,133.71498902567197,0.0,1.3372498902567197e-08,1e-12,1e-10,True,4a49b08b041c578ec5981dc1472125b2af0a4d59,572a6a79dfaf6247292af8c946e3f621c520377d7eb449bd78e9b309f483fc6a,7e61f4823860ac67fc2cf7b88c0b78031ccbd9e2a1f7bf6285099b2c126d9b06,2026-08-06T11:21:41Z,2026-08-06-p2-finite-linear-memory-skill-decomposition,2.0
Elche,ORDER_SPECIFIC_p21,2,21,hgb_direct,770,124.7171583204092,124.7171583204092,0.0,1.247271583204092e-08,1e-12,1e-10,True,4a49b08b041c578ec5981dc1472125b2af0a4d59,572a6a79dfaf6247292af8c946e3f621c520377d7eb449bd78e9b309f483fc6a,7e61f4823860ac67fc2cf7b88c0b78031ccbd9e2a1f7bf6285099b2c126d9b06,2026-08-06T11:21:41Z,2026-08-06-p2-finite-linear-memory-skill-decomposition,2.0
Elche,ORDER_SPECIFIC_p21,3,21,ridge_direct,763,160.72965560160762,160.72965560160762,0.0,1.6073965560160763e-08,1e-12,1e-10,True,4a49b08b041c578ec5981dc1472125b2af0a4d59,572a6a79dfaf6247292af8c946e3f621c520377d7eb449bd78e9b309f483fc6a,7e61f4823860ac67fc2cf7b88c0b78031ccbd9e2a1f7bf6285099b2c126d9b06,2026-08-06T11:21:41Z,2026-08-06-p2-finite-linear-memory-skill-decomposition,2.0
Elche,ORDER_SPECIFIC_p21,3,21,hgb_direct,763,150.09558379853635,150.09558379853635,0.0,1.501055837985364e-08,1e-12,1e-10,True,4a49b08b041c578ec5981dc1472125b2af0a4d59,572a6a79dfaf6247292af8c946e3f621c520377d7eb449bd78e9b309f483fc6a,7e61f4823860ac67fc2cf7b88c0b78031ccbd9e2a1f7bf6285099b2c126d9b06,2026-08-06T11:21:41Z,2026-08-06-p2-finite-linear-memory-skill-decomposition,2.0
Elche,ORDER_SPECIFIC_p21,4,21,ridge_direct,757,175.9647450557125,175.9647450557125,0.0,1.7597474505571253e-08,1e-12,1e-10,True,4a49b08b041c578ec5981dc1472125b2af0a4d59,572a6a79dfaf6247292af8c946e3f621c520377d7eb449bd78e9b309f483fc6a,7e61f4823860ac67fc2cf7b88c0b78031ccbd9e2a1f7bf6285099b2c126d9b06,2026-08-06T11:21:41Z,2026-08-06-p2-finite-linear-memory-skill-decomposition,2.0
Elche,ORDER_SPECIFIC_p21,4,21,hgb_direct,757,159.36064553901616,159.36064553901616,0.0,1.5937064553901618e-08,1e-12,1e-10,True,4a49b08b041c578ec5981dc1472125b2af0a4d59,572a6a79dfaf6247292af8c946e3f621c520377d7eb449bd78e9b309f483fc6a,7e61f4823860ac67fc2cf7b88c0b78031ccbd9e2a1f7bf6285099b2c126d9b06,2026-08-06T11:21:41Z,2026-08-06-p2-finite-linear-memory-skill-decomposition,2.0
Elche,ORDER_SPECIFIC_p21,5,21,ridge_direct,753,178.0262071070065,178.0262071070065,0.0,1.780362071070065e-08,1e-12,1e-10,True,4a49b08b041c578ec5981dc1472125b2af0a4d59,572a6a79dfaf6247292af8c946e3f621c520377d7eb449bd78e9b309f483fc6a,7e61f4823860ac67fc2cf7b88c0b78031ccbd9e2a1f7bf6285099b2c126d9b06,2026-08-06T11:21:41Z,2026-08-06-p2-finite-linear-memory-skill-decomposition,2.0
Elche,ORDER_SPECIFIC_p21,5,21,hgb_direct,753,164.45659804226676,164.45659804226676,0.0,1.6446659804226677e-08,1e-12,1e-10,True,4a49b08b041c578ec5981dc1472125b2af0a4d59,572a6a79dfaf6247292af8c946e3f621c520377d7eb449bd78e9b309f483fc6a,7e61f4823860ac67fc2cf7b88c0b78031ccbd9e2a1f7bf6285099b2c126d9b06,2026-08-06T11:21:41Z,2026-08-06-p2-finite-linear-memory-skill-decomposition,2.0
Elche,ORDER_SPECIFIC_p21,6,21,ridge_direct,750,175.2791847579073,175.2791847579073,0.0,1.7528918475790733e-08,1e-12,1e-10,True,4a49b08b041c578ec5981dc1472125b2af0a4d59,572a6a79dfaf6247292af8c946e3f621c520377d7eb449bd78e9b309f483fc6a,7e61f4823860ac67fc2cf7b88c0b78031ccbd9e2a1f7bf6285099b2c126d9b06,2026-08-06T11:21:41Z,2026-08-06-p2-finite-linear-memory-skill-decomposition,2.0
Elche,ORDER_SPECIFIC_p21,6,21,hgb_direct,750,161.20140460196984,161.20140460196984,0.0,1.6121140460196985e-08,1e-12,1e-10,True,4a49b08b041c578ec5981dc1472125b2af0a4d59,572a6a79dfaf6247292af8c946e3f621c520377d7eb449bd78e9b309f483fc6a,7e61f4823860ac67fc2cf7b88c0b78031ccbd9e2a1f7bf6285099b2c126d9b06,2026-08-06T11:21:41Z,2026-08-06-p2-finite-linear-memory-skill-decomposition,2.0
Elche,ORDER_SPECIFIC_p21,7,21,ridge_direct,749,183.83792455591006,183.83792455591006,0.0,1.838479245559101e-08,1e-12,1e-10,True,4a49b08b041c578ec5981dc1472125b2af0a4d59,572a6a79dfaf6247292af8c946e3f621c520377d7eb449bd78e9b309f483fc6a,7e61f4823860ac67fc2cf7b88c0b78031ccbd9e2a1f7bf6285099b2c126d9b06,2026-08-06T11:21:41Z,2026-08-06-p2-finite-linear-memory-skill-decomposition,2.0
Elche,ORDER_SPECIFIC_p21,7,21,hgb_direct,749,169.23255236518273,169.23255236518273,0.0,1.6924255236518276e-08,1e-12,1e-10,True,4a49b08b041c578ec5981dc1472125b2af0a4d59,572a6a79dfaf6247292af8c946e3f621c520377d7eb449bd78e9b309f483fc6a,7e61f4823860ac67fc2cf7b88c0b78031ccbd9e2a1f7bf6285099b2c126d9b06,2026-08-06T11:21:41Z,2026-08-06-p2-finite-linear-memory-skill-decomposition,2.0
Valencia Vivers,GLOBAL_COMMON,1,7,ridge_direct,1180,16.64582560383893,16.64582560383893,0.0,1.665582560383893e-09,1e-12,1e-10,True,4a49b08b041c578ec5981dc1472125b2af0a4d59,572a6a79dfaf6247292af8c946e3f621c520377d7eb449bd78e9b309f483fc6a,7e61f4823860ac67fc2cf7b88c0b78031ccbd9e2a1f7bf6285099b2c126d9b06,2026-08-06T11:21:41Z,2026-08-06-p2-finite-linear-memory-skill-decomposition,2.0
Valencia Vivers,GLOBAL_COMMON,1,7,hgb_direct,1180,13.474351710764907,13.474351710764907,0.0,1.348435171076491e-09,1e-12,1e-10,True,4a49b08b041c578ec5981dc1472125b2af0a4d59,572a6a79dfaf6247292af8c946e3f621c520377d7eb449bd78e9b309f483fc6a,7e61f4823860ac67fc2cf7b88c0b78031ccbd9e2a1f7bf6285099b2c126d9b06,2026-08-06T11:21:41Z,2026-08-06-p2-finite-linear-memory-skill-decomposition,2.0
Valencia Vivers,GLOBAL_COMMON,1,14,ridge_direct,1180,16.64582560383893,16.64582560383893,0.0,1.665582560383893e-09,1e-12,1e-10,True,4a49b08b041c578ec5981dc1472125b2af0a4d59,572a6a79dfaf6247292af8c946e3f621c520377d7eb449bd78e9b309f483fc6a,7e61f4823860ac67fc2cf7b88c0b78031ccbd9e2a1f7bf6285099b2c126d9b06,2026-08-06T11:21:41Z,2026-08-06-p2-finite-linear-memory-skill-decomposition,2.0
Valencia Vivers,GLOBAL_COMMON,1,14,hgb_direct,1180,13.474351710764907,13.474351710764907,0.0,1.348435171076491e-09,1e-12,1e-10,True,4a49b08b041c578ec5981dc1472125b2af0a4d59,572a6a79dfaf6247292af8c946e3f621c520377d7eb449bd78e9b309f483fc6a,7e61f4823860ac67fc2cf7b88c0b78031ccbd9e2a1f7bf6285099b2c126d9b06,2026-08-06T11:21:41Z,2026-08-06-p2-finite-linear-memory-skill-decomposition,2.0
Valencia Vivers,GLOBAL_COMMON,1,21,ridge_direct,1180,16.64582560383893,16.64582560383893,0.0,1.665582560383893e-09,1e-12,1e-10,True,4a49b08b041c578ec5981dc1472125b2af0a4d59,572a6a79dfaf6247292af8c946e3f621c520377d7eb449bd78e9b309f483fc6a,7e61f4823860ac67fc2cf7b88c0b78031ccbd9e2a1f7bf6285099b2c126d9b06,2026-08-06T11:21:41Z,2026-08-06-p2-finite-linear-memory-skill-decomposition,2.0
Valencia Vivers,GLOBAL_COMMON,1,21,hgb_direct,1180,13.474351710764907,13.474351710764907,0.0,1.348435171076491e-09,1e-12,1e-10,True,4a49b08b041c578ec5981dc1472125b2af0a4d59,572a6a79dfaf6247292af8c946e3f621c520377d7eb449bd78e9b309f483fc6a,7e61f4823860ac67fc2cf7b88c0b78031ccbd9e2a1f7bf6285099b2c126d9b06,2026-08-06T11:21:41Z,2026-08-06-p2-finite-linear-memory-skill-decomposition,2.0
Valencia Vivers,GLOBAL_COMMON,2,7,ridge_direct,1171,48.17870970904188,48.17870970904188,0.0,4.8188709709041885e-09,1e-12,1e-10,True,4a49b08b041c578ec5981dc1472125b2af0a4d59,572a6a79dfaf6247292af8c946e3f621c520377d7eb449bd78e9b309f483fc6a,7e61f4823860ac67fc2cf7b88c0b78031ccbd9e2a1f7bf6285099b2c126d9b06,2026-08-06T11:21:41Z,2026-08-06-p2-finite-linear-memory-skill-decomposition,2.0
Valencia Vivers,GLOBAL_COMMON,2,7,hgb_direct,1171,51.073889103962046,51.073889103962046,0.0,5.108388910396205e-09,1e-12,1e-10,True,4a49b08b041c578ec5981dc1472125b2af0a4d59,572a6a79dfaf6247292af8c946e3f621c520377d7eb449bd78e9b309f483fc6a,7e61f4823860ac67fc2cf7b88c0b78031ccbd9e2a1f7bf6285099b2c126d9b06,2026-08-06T11:21:41Z,2026-08-06-p2-finite-linear-memory-skill-decomposition,2.0
Valencia Vivers,GLOBAL_COMMON,2,14,ridge_direct,1171,48.17870970904188,48.17870970904188,0.0,4.8188709709041885e-09,1e-12,1e-10,True,4a49b08b041c578ec5981dc1472125b2af0a4d59,572a6a79dfaf6247292af8c946e3f621c520377d7eb449bd78e9b309f483fc6a,7e61f4823860ac67fc2cf7b88c0b78031ccbd9e2a1f7bf6285099b2c126d9b06,2026-08-06T11:21:41Z,2026-08-06-p2-finite-linear-memory-skill-decomposition,2.0
Valencia Vivers,GLOBAL_COMMON,2,14,hgb_direct,1171,51.073889103962046,51.073889103962046,0.0,5.108388910396205e-09,1e-12,1e-10,True,4a49b08b041c578ec5981dc1472125b2af0a4d59,572a6a79dfaf6247292af8c946e3f621c520377d7eb449bd78e9b309f483fc6a,7e61f4823860ac67fc2cf7b88c0b78031ccbd9e2a1f7bf6285099b2c126d9b06,2026-08-06T11:21:41Z,2026-08-06-p2-finite-linear-memory-skill-decomposition,2.0
Valencia Vivers,GLOBAL_COMMON,2,21,ridge_direct,1171,48.17870970904188,48.17870970904188,0.0,4.8188709709041885e-09,1e-12,1e-10,True,4a49b08b041c578ec5981dc1472125b2af0a4d59,572a6a79dfaf6247292af8c946e3f621c520377d7eb449bd78e9b309f483fc6a,7e61f4823860ac67fc2cf7b88c0b78031ccbd9e2a1f7bf6285099b2c126d9b06,2026-08-06T11:21:41Z,2026-08-06-p2-finite-linear-memory-skill-decomposition,2.0
Valencia Vivers,GLOBAL_COMMON,2,21,hgb_direct,1171,51.073889103962046,51.073889103962046,0.0,5.108388910396205e-09,1e-12,1e-10,True,4a49b08b041c578ec5981dc1472125b2af0a4d59,572a6a79dfaf6247292af8c946e3f621c520377d7eb449bd78e9b309f483fc6a,7e61f4823860ac67fc2cf7b88c0b78031ccbd9e2a1f7bf6285099b2c126d9b06,2026-08-06T11:21:41Z,2026-08-06-p2-finite-linear-memory-skill-decomposition,2.0
Valencia Vivers,GLOBAL_COMMON,3,7,ridge_direct,1163,58.707293682933624,58.707293682933624,0.0,5.871729368293363e-09,1e-12,1e-10,True,4a49b08b041c578ec5981dc1472125b2af0a4d59,572a6a79dfaf6247292af8c946e3f621c520377d7eb449bd78e9b309f483fc6a,7e61f4823860ac67fc2cf7b88c0b78031ccbd9e2a1f7bf6285099b2c126d9b06,2026-08-06T11:21:41Z,2026-08-06-p2-finite-linear-memory-skill-decomposition,2.0
Valencia Vivers,GLOBAL_COMMON,3,7,hgb_direct,1163,57.999918353985635,57.999918353985635,0.0,5.800991835398564e-09,1e-12,1e-10,True,4a49b08b041c578ec5981dc1472125b2af0a4d59,572a6a79dfaf6247292af8c946e3f621c520377d7eb449bd78e9b309f483fc6a,7e61f4823860ac67fc2cf7b88c0b78031ccbd9e2a1f7bf6285099b2c126d9b06,2026-08-06T11:21:41Z,2026-08-06-p2-finite-linear-memory-skill-decomposition,2.0
Valencia Vivers,GLOBAL_COMMON,3,14,ridge_direct,1163,58.707293682933624,58.707293682933624,0.0,5.871729368293363e-09,1e-12,1e-10,True,4a49b08b041c578ec5981dc1472125b2af0a4d59,572a6a79dfaf6247292af8c946e3f621c520377d7eb449bd78e9b309f483fc6a,7e61f4823860ac67fc2cf7b88c0b78031ccbd9e2a1f7bf6285099b2c126d9b06,2026-08-06T11:21:41Z,2026-08-06-p2-finite-linear-memory-skill-decomposition,2.0
Valencia Vivers,GLOBAL_COMMON,3,14,hgb_direct,1163,57.999918353985635,57.999918353985635,0.0,5.800991835398564e-09,1e-12,1e-10,True,4a49b08b041c578ec5981dc1472125b2af0a4d59,572a6a79dfaf6247292af8c946e3f621c520377d7eb449bd78e9b309f483fc6a,7e61f4823860ac67fc2cf7b88c0b78031ccbd9e2a1f7bf6285099b2c126d9b06,2026-08-06T11:21:41Z,2026-08-06-p2-finite-linear-memory-skill-decomposition,2.0
Valencia Vivers,GLOBAL_COMMON,3,21,ridge_direct,1163,58.707293682933624,58.707293682933624,0.0,5.871729368293363e-09,1e-12,1e-10,True,4a49b08b041c578ec5981dc1472125b2af0a4d59,572a6a79dfaf6247292af8c946e3f621c520377d7eb449bd78e9b309f483fc6a,7e61f4823860ac67fc2cf7b88c0b78031ccbd9e2a1f7bf6285099b2c126d9b06,2026-08-06T11:21:41Z,2026-08-06-p2-finite-linear-memory-skill-decomposition,2.0
Valencia Vivers,GLOBAL_COMMON,3,21,hgb_direct,1163,57.999918353985635,57.999918353985635,0.0,5.800991835398564e-09,1e-12,1e-10,True,4a49b08b041c578ec5981dc1472125b2af0a4d59,572a6a79dfaf6247292af8c946e3f621c520377d7eb449bd78e9b309f483fc6a,7e61f4823860ac67fc2cf7b88c0b78031ccbd9e2a1f7bf6285099b2c126d9b06,2026-08-06T11:21:41Z,2026-08-06-p2-finite-linear-memory-skill-decomposition,2.0
Valencia Vivers,GLOBAL_COMMON,4,7,ridge_direct,1155,68.9656497717956,68.9656497717956,0.0,6.89756497717956e-09,1e-12,1e-10,True,4a49b08b041c578ec5981dc1472125b2af0a4d59,572a6a79dfaf6247292af8c946e3f621c520377d7eb449bd78e9b309f483fc6a,7e61f4823860ac67fc2cf7b88c0b78031ccbd9e2a1f7bf6285099b2c126d9b06,2026-08-06T11:21:41Z,2026-08-06-p2-finite-linear-memory-skill-decomposition,2.0
Valencia Vivers,GLOBAL_COMMON,4,7,hgb_direct,1155,66.76302539131534,66.76302539131534,0.0,6.677302539131535e-09,1e-12,1e-10,True,4a49b08b041c578ec5981dc1472125b2af0a4d59,572a6a79dfaf6247292af8c946e3f621c520377d7eb449bd78e9b309f483fc6a,7e61f4823860ac67fc2cf7b88c0b78031ccbd9e2a1f7bf6285099b2c126d9b06,2026-08-06T11:21:41Z,2026-08-06-p2-finite-linear-memory-skill-decomposition,2.0
Valencia Vivers,GLOBAL_COMMON,4,14,ridge_direct,1155,68.9656497717956,68.9656497717956,0.0,6.89756497717956e-09,1e-12,1e-10,True,4a49b08b041c578ec5981dc1472125b2af0a4d59,572a6a79dfaf6247292af8c946e3f621c520377d7eb449bd78e9b309f483fc6a,7e61f4823860ac67fc2cf7b88c0b78031ccbd9e2a1f7bf6285099b2c126d9b06,2026-08-06T11:21:41Z,2026-08-06-p2-finite-linear-memory-skill-decomposition,2.0
Valencia Vivers,GLOBAL_COMMON,4,14,hgb_direct,1155,66.76302539131534,66.76302539131534,0.0,6.677302539131535e-09,1e-12,1e-10,True,4a49b08b041c578ec5981dc1472125b2af0a4d59,572a6a79dfaf6247292af8c946e3f621c520377d7eb449bd78e9b309f483fc6a,7e61f4823860ac67fc2cf7b88c0b78031ccbd9e2a1f7bf6285099b2c126d9b06,2026-08-06T11:21:41Z,2026-08-06-p2-finite-linear-memory-skill-decomposition,2.0
Valencia Vivers,GLOBAL_COMMON,4,21,ridge_direct,1155,68.9656497717956,68.9656497717956,0.0,6.89756497717956e-09,1e-12,1e-10,True,4a49b08b041c578ec5981dc1472125b2af0a4d59,572a6a79dfaf6247292af8c946e3f621c520377d7eb449bd78e9b309f483fc6a,7e61f4823860ac67fc2cf7b88c0b78031ccbd9e2a1f7bf6285099b2c126d9b06,2026-08-06T11:21:41Z,2026-08-06-p2-finite-linear-memory-skill-decomposition,2.0
Valencia Vivers,GLOBAL_COMMON,4,21,hgb_direct,1155,66.76302539131534,66.76302539131534,0.0,6.677302539131535e-09,1e-12,1e-10,True,4a49b08b041c578ec5981dc1472125b2af0a4d59,572a6a79dfaf6247292af8c946e3f621c520377d7eb449bd78e9b309f483fc6a,7e61f4823860ac67fc2cf7b88c0b78031ccbd9e2a1f7bf6285099b2c126d9b06,2026-08-06T11:21:41Z,2026-08-06-p2-finite-linear-memory-skill-decomposition,2.0
Valencia Vivers,GLOBAL_COMMON,5,7,ridge_direct,1147,81.64734520857526,81.64734520857526,0.0,8.165734520857526e-09,1e-12,1e-10,True,4a49b08b041c578ec5981dc1472125b2af0a4d59,572a6a79dfaf6247292af8c946e3f621c520377d7eb449bd78e9b309f483fc6a,7e61f4823860ac67fc2cf7b88c0b78031ccbd9e2a1f7bf6285099b2c126d9b06,2026-08-06T11:21:41Z,2026-08-06-p2-finite-linear-memory-skill-decomposition,2.0
Valencia Vivers,GLOBAL_COMMON,5,7,hgb_direct,1147,79.0081142178103,79.0081142178103,0.0,7.90181142178103e-09,1e-12,1e-10,True,4a49b08b041c578ec5981dc1472125b2af0a4d59,572a6a79dfaf6247292af8c946e3f621c520377d7eb449bd78e9b309f483fc6a,7e61f4823860ac67fc2cf7b88c0b78031ccbd9e2a1f7bf6285099b2c126d9b06,2026-08-06T11:21:41Z,2026-08-06-p2-finite-linear-memory-skill-decomposition,2.0
Valencia Vivers,GLOBAL_COMMON,5,14,ridge_direct,1147,81.64734520857526,81.64734520857526,0.0,8.165734520857526e-09,1e-12,1e-10,True,4a49b08b041c578ec5981dc1472125b2af0a4d59,572a6a79dfaf6247292af8c946e3f621c520377d7eb449bd78e9b309f483fc6a,7e61f4823860ac67fc2cf7b88c0b78031ccbd9e2a1f7bf6285099b2c126d9b06,2026-08-06T11:21:41Z,2026-08-06-p2-finite-linear-memory-skill-decomposition,2.0
Valencia Vivers,GLOBAL_COMMON,5,14,hgb_direct,1147,79.0081142178103,79.0081142178103,0.0,7.90181142178103e-09,1e-12,1e-10,True,4a49b08b041c578ec5981dc1472125b2af0a4d59,572a6a79dfaf6247292af8c946e3f621c520377d7eb449bd78e9b309f483fc6a,7e61f4823860ac67fc2cf7b88c0b78031ccbd9e2a1f7bf6285099b2c126d9b06,2026-08-06T11:21:41Z,2026-08-06-p2-finite-linear-memory-skill-decomposition,2.0
Valencia Vivers,GLOBAL_COMMON,5,21,ridge_direct,1147,81.64734520857526,81.64734520857526,0.0,8.165734520857526e-09,1e-12,1e-10,True,4a49b08b041c578ec5981dc1472125b2af0a4d59,572a6a79dfaf6247292af8c946e3f621c520377d7eb449bd78e9b309f483fc6a,7e61f4823860ac67fc2cf7b88c0b78031ccbd9e2a1f7bf6285099b2c126d9b06,2026-08-06T11:21:41Z,2026-08-06-p2-finite-linear-memory-skill-decomposition,2.0
Valencia Vivers,GLOBAL_COMMON,5,21,hgb_direct,1147,79.0081142178103,79.0081142178103,0.0,7.90181142178103e-09,1e-12,1e-10,True,4a49b08b041c578ec5981dc1472125b2af0a4d59,572a6a79dfaf6247292af8c946e3f621c520377d7eb449bd78e9b309f483fc6a,7e61f4823860ac67fc2cf7b88c0b78031ccbd9e2a1f7bf6285099b2c126d9b06,2026-08-06T11:21:41Z,2026-08-06-p2-finite-linear-memory-skill-decomposition,2.0
Valencia Vivers,GLOBAL_COMMON,6,7,ridge_direct,1143,85.3179442695304,85.3179442695304,0.0,8.53279442695304e-09,1e-12,1e-10,True,4a49b08b041c578ec5981dc1472125b2af0a4d59,572a6a79dfaf6247292af8c946e3f621c520377d7eb449bd78e9b309f483fc6a,7e61f4823860ac67fc2cf7b88c0b78031ccbd9e2a1f7bf6285099b2c126d9b06,2026-08-06T11:21:41Z,2026-08-06-p2-finite-linear-memory-skill-decomposition,2.0
Valencia Vivers,GLOBAL_COMMON,6,7,hgb_direct,1143,81.05994428926486,81.05994428926486,0.0,8.106994428926485e-09,1e-12,1e-10,True,4a49b08b041c578ec5981dc1472125b2af0a4d59,572a6a79dfaf6247292af8c946e3f621c520377d7eb449bd78e9b309f483fc6a,7e61f4823860ac67fc2cf7b88c0b78031ccbd9e2a1f7bf6285099b2c126d9b06,2026-08-06T11:21:41Z,2026-08-06-p2-finite-linear-memory-skill-decomposition,2.0
Valencia Vivers,GLOBAL_COMMON,6,14,ridge_direct,1143,85.3179442695304,85.3179442695304,0.0,8.53279442695304e-09,1e-12,1e-10,True,4a49b08b041c578ec5981dc1472125b2af0a4d59,572a6a79dfaf6247292af8c946e3f621c520377d7eb449bd78e9b309f483fc6a,7e61f4823860ac67fc2cf7b88c0b78031ccbd9e2a1f7bf6285099b2c126d9b06,2026-08-06T11:21:41Z,2026-08-06-p2-finite-linear-memory-skill-decomposition,2.0
Valencia Vivers,GLOBAL_COMMON,6,14,hgb_direct,1143,81.05994428926486,81.05994428926486,0.0,8.106994428926485e-09,1e-12,1e-10,True,4a49b08b041c578ec5981dc1472125b2af0a4d59,572a6a79dfaf6247292af8c946e3f621c520377d7eb449bd78e9b309f483fc6a,7e61f4823860ac67fc2cf7b88c0b78031ccbd9e2a1f7bf6285099b2c126d9b06,2026-08-06T11:21:41Z,2026-08-06-p2-finite-linear-memory-skill-decomposition,2.0
Valencia Vivers,GLOBAL_COMMON,6,21,ridge_direct,1143,85.3179442695304,85.3179442695304,0.0,8.53279442695304e-09,1e-12,1e-10,True,4a49b08b041c578ec5981dc1472125b2af0a4d59,572a6a79dfaf6247292af8c946e3f621c520377d7eb449bd78e9b309f483fc6a,7e61f4823860ac67fc2cf7b88c0b78031ccbd9e2a1f7bf6285099b2c126d9b06,2026-08-06T11:21:41Z,2026-08-06-p2-finite-linear-memory-skill-decomposition,2.0
Valencia Vivers,GLOBAL_COMMON,6,21,hgb_direct,1143,81.05994428926486,81.05994428926486,0.0,8.106994428926485e-09,1e-12,1e-10,True,4a49b08b041c578ec5981dc1472125b2af0a4d59,572a6a79dfaf6247292af8c946e3f621c520377d7eb449bd78e9b309f483fc6a,7e61f4823860ac67fc2cf7b88c0b78031ccbd9e2a1f7bf6285099b2c126d9b06,2026-08-06T11:21:41Z,2026-08-06-p2-finite-linear-memory-skill-decomposition,2.0
Valencia Vivers,GLOBAL_COMMON,7,7,ridge_direct,1138,91.62583986058478,91.62583986058478,0.0,9.163583986058478e-09,1e-12,1e-10,True,4a49b08b041c578ec5981dc1472125b2af0a4d59,572a6a79dfaf6247292af8c946e3f621c520377d7eb449bd78e9b309f483fc6a,7e61f4823860ac67fc2cf7b88c0b78031ccbd9e2a1f7bf6285099b2c126d9b06,2026-08-06T11:21:41Z,2026-08-06-p2-finite-linear-memory-skill-decomposition,2.0
Valencia Vivers,GLOBAL_COMMON,7,7,hgb_direct,1138,86.28719324730478,86.28719324730478,0.0,8.629719324730479e-09,1e-12,1e-10,True,4a49b08b041c578ec5981dc1472125b2af0a4d59,572a6a79dfaf6247292af8c946e3f621c520377d7eb449bd78e9b309f483fc6a,7e61f4823860ac67fc2cf7b88c0b78031ccbd9e2a1f7bf6285099b2c126d9b06,2026-08-06T11:21:41Z,2026-08-06-p2-finite-linear-memory-skill-decomposition,2.0
Valencia Vivers,GLOBAL_COMMON,7,14,ridge_direct,1138,91.62583986058478,91.62583986058478,0.0,9.163583986058478e-09,1e-12,1e-10,True,4a49b08b041c578ec5981dc1472125b2af0a4d59,572a6a79dfaf6247292af8c946e3f621c520377d7eb449bd78e9b309f483fc6a,7e61f4823860ac67fc2cf7b88c0b78031ccbd9e2a1f7bf6285099b2c126d9b06,2026-08-06T11:21:41Z,2026-08-06-p2-finite-linear-memory-skill-decomposition,2.0
Valencia Vivers,GLOBAL_COMMON,7,14,hgb_direct,1138,86.28719324730478,86.28719324730478,0.0,8.629719324730479e-09,1e-12,1e-10,True,4a49b08b041c578ec5981dc1472125b2af0a4d59,572a6a79dfaf6247292af8c946e3f621c520377d7eb449bd78e9b309f483fc6a,7e61f4823860ac67fc2cf7b88c0b78031ccbd9e2a1f7bf6285099b2c126d9b06,2026-08-06T11:21:41Z,2026-08-06-p2-finite-linear-memory-skill-decomposition,2.0
Valencia Vivers,GLOBAL_COMMON,7,21,ridge_direct,1138,91.62583986058478,91.62583986058478,0.0,9.163583986058478e-09,1e-12,1e-10,True,4a49b08b041c578ec5981dc1472125b2af0a4d59,572a6a79dfaf6247292af8c946e3f621c520377d7eb449bd78e9b309f483fc6a,7e61f4823860ac67fc2cf7b88c0b78031ccbd9e2a1f7bf6285099b2c126d9b06,2026-08-06T11:21:41Z,2026-08-06-p2-finite-linear-memory-skill-decomposition,2.0
Valencia Vivers,GLOBAL_COMMON,7,21,hgb_direct,1138,86.28719324730478,86.28719324730478,0.0,8.629719324730479e-09,1e-12,1e-10,True,4a49b08b041c578ec5981dc1472125b2af0a4d59,572a6a79dfaf6247292af8c946e3f621c520377d7eb449bd78e9b309f483fc6a,7e61f4823860ac67fc2cf7b88c0b78031ccbd9e2a1f7bf6285099b2c126d9b06,2026-08-06T11:21:41Z,2026-08-06-p2-finite-linear-memory-skill-decomposition,2.0
Valencia Vivers,GLOBAL_COMMON_WITH_SARIMA,1,7,ridge_direct,84,-0.6522772119426321,-0.6522772119426321,0.0,6.622772119426321e-11,1e-12,1e-10,True,4a49b08b041c578ec5981dc1472125b2af0a4d59,572a6a79dfaf6247292af8c946e3f621c520377d7eb449bd78e9b309f483fc6a,7e61f4823860ac67fc2cf7b88c0b78031ccbd9e2a1f7bf6285099b2c126d9b06,2026-08-06T11:21:41Z,2026-08-06-p2-finite-linear-memory-skill-decomposition,2.0
Valencia Vivers,GLOBAL_COMMON_WITH_SARIMA,1,7,hgb_direct,84,-1.3063051697275654,-1.3063051697275654,0.0,1.3163051697275654e-10,1e-12,1e-10,True,4a49b08b041c578ec5981dc1472125b2af0a4d59,572a6a79dfaf6247292af8c946e3f621c520377d7eb449bd78e9b309f483fc6a,7e61f4823860ac67fc2cf7b88c0b78031ccbd9e2a1f7bf6285099b2c126d9b06,2026-08-06T11:21:41Z,2026-08-06-p2-finite-linear-memory-skill-decomposition,2.0
Valencia Vivers,GLOBAL_COMMON_WITH_SARIMA,1,7,sarima,84,-1.994339626763562,-1.994339626763562,0.0,2.004339626763562e-10,1e-12,1e-10,True,4a49b08b041c578ec5981dc1472125b2af0a4d59,572a6a79dfaf6247292af8c946e3f621c520377d7eb449bd78e9b309f483fc6a,7e61f4823860ac67fc2cf7b88c0b78031ccbd9e2a1f7bf6285099b2c126d9b06,2026-08-06T11:21:41Z,2026-08-06-p2-finite-linear-memory-skill-decomposition,2.0
Valencia Vivers,GLOBAL_COMMON_WITH_SARIMA,1,14,ridge_direct,84,-0.6522772119426321,-0.6522772119426321,0.0,6.622772119426321e-11,1e-12,1e-10,True,4a49b08b041c578ec5981dc1472125b2af0a4d59,572a6a79dfaf6247292af8c946e3f621c520377d7eb449bd78e9b309f483fc6a,7e61f4823860ac67fc2cf7b88c0b78031ccbd9e2a1f7bf6285099b2c126d9b06,2026-08-06T11:21:41Z,2026-08-06-p2-finite-linear-memory-skill-decomposition,2.0
Valencia Vivers,GLOBAL_COMMON_WITH_SARIMA,1,14,hgb_direct,84,-1.3063051697275654,-1.3063051697275654,0.0,1.3163051697275654e-10,1e-12,1e-10,True,4a49b08b041c578ec5981dc1472125b2af0a4d59,572a6a79dfaf6247292af8c946e3f621c520377d7eb449bd78e9b309f483fc6a,7e61f4823860ac67fc2cf7b88c0b78031ccbd9e2a1f7bf6285099b2c126d9b06,2026-08-06T11:21:41Z,2026-08-06-p2-finite-linear-memory-skill-decomposition,2.0
Valencia Vivers,GLOBAL_COMMON_WITH_SARIMA,1,14,sarima,84,-1.994339626763562,-1.994339626763562,0.0,2.004339626763562e-10,1e-12,1e-10,True,4a49b08b041c578ec5981dc1472125b2af0a4d59,572a6a79dfaf6247292af8c946e3f621c520377d7eb449bd78e9b309f483fc6a,7e61f4823860ac67fc2cf7b88c0b78031ccbd9e2a1f7bf6285099b2c126d9b06,2026-08-06T11:21:41Z,2026-08-06-p2-finite-linear-memory-skill-decomposition,2.0
Valencia Vivers,GLOBAL_COMMON_WITH_SARIMA,1,21,ridge_direct,84,-0.6522772119426321,-0.6522772119426321,0.0,6.622772119426321e-11,1e-12,1e-10,True,4a49b08b041c578ec5981dc1472125b2af0a4d59,572a6a79dfaf6247292af8c946e3f621c520377d7eb449bd78e9b309f483fc6a,7e61f4823860ac67fc2cf7b88c0b78031ccbd9e2a1f7bf6285099b2c126d9b06,2026-08-06T11:21:41Z,2026-08-06-p2-finite-linear-memory-skill-decomposition,2.0
Valencia Vivers,GLOBAL_COMMON_WITH_SARIMA,1,21,hgb_direct,84,-1.3063051697275654,-1.3063051697275654,0.0,1.3163051697275654e-10,1e-12,1e-10,True,4a49b08b041c578ec5981dc1472125b2af0a4d59,572a6a79dfaf6247292af8c946e3f621c520377d7eb449bd78e9b309f483fc6a,7e61f4823860ac67fc2cf7b88c0b78031ccbd9e2a1f7bf6285099b2c126d9b06,2026-08-06T11:21:41Z,2026-08-06-p2-finite-linear-memory-skill-decomposition,2.0
Valencia Vivers,GLOBAL_COMMON_WITH_SARIMA,1,21,sarima,84,-1.994339626763562,-1.994339626763562,0.0,2.004339626763562e-10,1e-12,1e-10,True,4a49b08b041c578ec5981dc1472125b2af0a4d59,572a6a79dfaf6247292af8c946e3f621c520377d7eb449bd78e9b309f483fc6a,7e61f4823860ac67fc2cf7b88c0b78031ccbd9e2a1f7bf6285099b2c126d9b06,2026-08-06T11:21:41Z,2026-08-06-p2-finite-linear-memory-skill-decomposition,2.0
Valencia Vivers,GLOBAL_COMMON_WITH_SARIMA,2,7,ridge_direct,83,13.30181948799526,13.30181948799526,0.0,1.3311819487995262e-09,1e-12,1e-10,True,4a49b08b041c578ec5981dc1472125b2af0a4d59,572a6a79dfaf6247292af8c946e3f621c520377d7eb449bd78e9b309f483fc6a,7e61f4823860ac67fc2cf7b88c0b78031ccbd9e2a1f7bf6285099b2c126d9b06,2026-08-06T11:21:41Z,2026-08-06-p2-finite-linear-memory-skill-decomposition,2.0
Valencia Vivers,GLOBAL_COMMON_WITH_SARIMA,2,7,hgb_direct,83,15.9028022414102,15.9028022414102,0.0,1.59128022414102e-09,1e-12,1e-10,True,4a49b08b041c578ec5981dc1472125b2af0a4d59,572a6a79dfaf6247292af8c946e3f621c520377d7eb449bd78e9b309f483fc6a,7e61f4823860ac67fc2cf7b88c0b78031ccbd9e2a1f7bf6285099b2c126d9b06,2026-08-06T11:21:41Z,2026-08-06-p2-finite-linear-memory-skill-decomposition,2.0
Valencia Vivers,GLOBAL_COMMON_WITH_SARIMA,2,7,sarima,83,15.829428567634594,15.829428567634594,0.0,1.5839428567634595e-09,1e-12,1e-10,True,4a49b08b041c578ec5981dc1472125b2af0a4d59,572a6a79dfaf6247292af8c946e3f621c520377d7eb449bd78e9b309f483fc6a,7e61f4823860ac67fc2cf7b88c0b78031ccbd9e2a1f7bf6285099b2c126d9b06,2026-08-06T11:21:41Z,2026-08-06-p2-finite-linear-memory-skill-decomposition,2.0
Valencia Vivers,GLOBAL_COMMON_WITH_SARIMA,2,14,ridge_direct,83,13.30181948799526,13.30181948799526,0.0,1.3311819487995262e-09,1e-12,1e-10,True,4a49b08b041c578ec5981dc1472125b2af0a4d59,572a6a79dfaf6247292af8c946e3f621c520377d7eb449bd78e9b309f483fc6a,7e61f4823860ac67fc2cf7b88c0b78031ccbd9e2a1f7bf6285099b2c126d9b06,2026-08-06T11:21:41Z,2026-08-06-p2-finite-linear-memory-skill-decomposition,2.0
Valencia Vivers,GLOBAL_COMMON_WITH_SARIMA,2,14,hgb_direct,83,15.9028022414102,15.9028022414102,0.0,1.59128022414102e-09,1e-12,1e-10,True,4a49b08b041c578ec5981dc1472125b2af0a4d59,572a6a79dfaf6247292af8c946e3f621c520377d7eb449bd78e9b309f483fc6a,7e61f4823860ac67fc2cf7b88c0b78031ccbd9e2a1f7bf6285099b2c126d9b06,2026-08-06T11:21:41Z,2026-08-06-p2-finite-linear-memory-skill-decomposition,2.0
Valencia Vivers,GLOBAL_COMMON_WITH_SARIMA,2,14,sarima,83,15.829428567634594,15.829428567634594,0.0,1.5839428567634595e-09,1e-12,1e-10,True,4a49b08b041c578ec5981dc1472125b2af0a4d59,572a6a79dfaf6247292af8c946e3f621c520377d7eb449bd78e9b309f483fc6a,7e61f4823860ac67fc2cf7b88c0b78031ccbd9e2a1f7bf6285099b2c126d9b06,2026-08-06T11:21:41Z,2026-08-06-p2-finite-linear-memory-skill-decomposition,2.0
Valencia Vivers,GLOBAL_COMMON_WITH_SARIMA,2,21,ridge_direct,83,13.30181948799526,13.30181948799526,0.0,1.3311819487995262e-09,1e-12,1e-10,True,4a49b08b041c578ec5981dc1472125b2af0a4d59,572a6a79dfaf6247292af8c946e3f621c520377d7eb449bd78e9b309f483fc6a,7e61f4823860ac67fc2cf7b88c0b78031ccbd9e2a1f7bf6285099b2c126d9b06,2026-08-06T11:21:41Z,2026-08-06-p2-finite-linear-memory-skill-decomposition,2.0
Valencia Vivers,GLOBAL_COMMON_WITH_SARIMA,2,21,hgb_direct,83,15.9028022414102,15.9028022414102,0.0,1.59128022414102e-09,1e-12,1e-10,True,4a49b08b041c578ec5981dc1472125b2af0a4d59,572a6a79dfaf6247292af8c946e3f621c520377d7eb449bd78e9b309f483fc6a,7e61f4823860ac67fc2cf7b88c0b78031ccbd9e2a1f7bf6285099b2c126d9b06,2026-08-06T11:21:41Z,2026-08-06-p2-finite-linear-memory-skill-decomposition,2.0
Valencia Vivers,GLOBAL_COMMON_WITH_SARIMA,2,21,sarima,83,15.829428567634594,15.829428567634594,0.0,1.5839428567634595e-09,1e-12,1e-10,True,4a49b08b041c578ec5981dc1472125b2af0a4d59,572a6a79dfaf6247292af8c946e3f621c520377d7eb449bd78e9b309f483fc6a,7e61f4823860ac67fc2cf7b88c0b78031ccbd9e2a1f7bf6285099b2c126d9b06,2026-08-06T11:21:41Z,2026-08-06-p2-finite-linear-memory-skill-decomposition,2.0
Valencia Vivers,GLOBAL_COMMON_WITH_SARIMA,3,7,ridge_direct,82,13.30206150317295,13.30206150317295,0.0,1.3312061503172951e-09,1e-12,1e-10,True,4a49b08b041c578ec5981dc1472125b2af0a4d59,572a6a79dfaf6247292af8c946e3f621c520377d7eb449bd78e9b309f483fc6a,7e61f4823860ac67fc2cf7b88c0b78031ccbd9e2a1f7bf6285099b2c126d9b06,2026-08-06T11:21:41Z,2026-08-06-p2-finite-linear-memory-skill-decomposition,2.0
Valencia Vivers,GLOBAL_COMMON_WITH_SARIMA,3,7,hgb_direct,82,16.670959090737767,16.670959090737767,0.0,1.668095909073777e-09,1e-12,1e-10,True,4a49b08b041c578ec5981dc1472125b2af0a4d59,572a6a79dfaf6247292af8c946e3f621c520377d7eb449bd78e9b309f483fc6a,7e61f4823860ac67fc2cf7b88c0b78031ccbd9e2a1f7bf6285099b2c126d9b06,2026-08-06T11:21:41Z,2026-08-06-p2-finite-linear-memory-skill-decomposition,2.0
Valencia Vivers,GLOBAL_COMMON_WITH_SARIMA,3,7,sarima,82,13.086269725978553,13.086269725978553,0.0,1.3096269725978555e-09,1e-12,1e-10,True,4a49b08b041c578ec5981dc1472125b2af0a4d59,572a6a79dfaf6247292af8c946e3f621c520377d7eb449bd78e9b309f483fc6a,7e61f4823860ac67fc2cf7b88c0b78031ccbd9e2a1f7bf6285099b2c126d9b06,2026-08-06T11:21:41Z,2026-08-06-p2-finite-linear-memory-skill-decomposition,2.0
Valencia Vivers,GLOBAL_COMMON_WITH_SARIMA,3,14,ridge_direct,82,13.30206150317295,13.30206150317295,0.0,1.3312061503172951e-09,1e-12,1e-10,True,4a49b08b041c578ec5981dc1472125b2af0a4d59,572a6a79dfaf6247292af8c946e3f621c520377d7eb449bd78e9b309f483fc6a,7e61f4823860ac67fc2cf7b88c0b78031ccbd9e2a1f7bf6285099b2c126d9b06,2026-08-06T11:21:41Z,2026-08-06-p2-finite-linear-memory-skill-decomposition,2.0
Valencia Vivers,GLOBAL_COMMON_WITH_SARIMA,3,14,hgb_direct,82,16.670959090737767,16.670959090737767,0.0,1.668095909073777e-09,1e-12,1e-10,True,4a49b08b041c578ec5981dc1472125b2af0a4d59,572a6a79dfaf6247292af8c946e3f621c520377d7eb449bd78e9b309f483fc6a,7e61f4823860ac67fc2cf7b88c0b78031ccbd9e2a1f7bf6285099b2c126d9b06,2026-08-06T11:21:41Z,2026-08-06-p2-finite-linear-memory-skill-decomposition,2.0
Valencia Vivers,GLOBAL_COMMON_WITH_SARIMA,3,14,sarima,82,13.086269725978553,13.086269725978553,0.0,1.3096269725978555e-09,1e-12,1e-10,True,4a49b08b041c578ec5981dc1472125b2af0a4d59,572a6a79dfaf6247292af8c946e3f621c520377d7eb449bd78e9b309f483fc6a,7e61f4823860ac67fc2cf7b88c0b78031ccbd9e2a1f7bf6285099b2c126d9b06,2026-08-06T11:21:41Z,2026-08-06-p2-finite-linear-memory-skill-decomposition,2.0
Valencia Vivers,GLOBAL_COMMON_WITH_SARIMA,3,21,ridge_direct,82,13.30206150317295,13.30206150317295,0.0,1.3312061503172951e-09,1e-12,1e-10,True,4a49b08b041c578ec5981dc1472125b2af0a4d59,572a6a79dfaf6247292af8c946e3f621c520377d7eb449bd78e9b309f483fc6a,7e61f4823860ac67fc2cf7b88c0b78031ccbd9e2a1f7bf6285099b2c126d9b06,2026-08-06T11:21:41Z,2026-08-06-p2-finite-linear-memory-skill-decomposition,2.0
Valencia Vivers,GLOBAL_COMMON_WITH_SARIMA,3,21,hgb_direct,82,16.670959090737767,16.670959090737767,0.0,1.668095909073777e-09,1e-12,1e-10,True,4a49b08b041c578ec5981dc1472125b2af0a4d59,572a6a79dfaf6247292af8c946e3f621c520377d7eb449bd78e9b309f483fc6a,7e61f4823860ac67fc2cf7b88c0b78031ccbd9e2a1f7bf6285099b2c126d9b06,2026-08-06T11:21:41Z,2026-08-06-p2-finite-linear-memory-skill-decomposition,2.0
Valencia Vivers,GLOBAL_COMMON_WITH_SARIMA,3,21,sarima,82,13.086269725978553,13.086269725978553,0.0,1.3096269725978555e-09,1e-12,1e-10,True,4a49b08b041c578ec5981dc1472125b2af0a4d59,572a6a79dfaf6247292af8c946e3f621c520377d7eb449bd78e9b309f483fc6a,7e61f4823860ac67fc2cf7b88c0b78031ccbd9e2a1f7bf6285099b2c126d9b06,2026-08-06T11:21:41Z,2026-08-06-p2-finite-linear-memory-skill-decomposition,2.0
Valencia Vivers,GLOBAL_COMMON_WITH_SARIMA,4,7,ridge_direct,81,11.112891250748433,11.112891250748433,0.0,1.1122891250748435e-09,1e-12,1e-10,True,4a49b08b041c578ec5981dc1472125b2af0a4d59,572a6a79dfaf6247292af8c946e3f621c520377d7eb449bd78e9b309f483fc6a,7e61f4823860ac67fc2cf7b88c0b78031ccbd9e2a1f7bf6285099b2c126d9b06,2026-08-06T11:21:41Z,2026-08-06-p2-finite-linear-memory-skill-decomposition,2.0
Valencia Vivers,GLOBAL_COMMON_WITH_SARIMA,4,7,hgb_direct,81,1.9542405964934773,1.9542405964934773,0.0,1.9642405964934772e-10,1e-12,1e-10,True,4a49b08b041c578ec5981dc1472125b2af0a4d59,572a6a79dfaf6247292af8c946e3f621c520377d7eb449bd78e9b309f483fc6a,7e61f4823860ac67fc2cf7b88c0b78031ccbd9e2a1f7bf6285099b2c126d9b06,2026-08-06T11:21:41Z,2026-08-06-p2-finite-linear-memory-skill-decomposition,2.0
Valencia Vivers,GLOBAL_COMMON_WITH_SARIMA,4,7,sarima,81,3.092357008561706,3.092357008561706,0.0,3.102357008561706e-10,1e-12,1e-10,True,4a49b08b041c578ec5981dc1472125b2af0a4d59,572a6a79dfaf6247292af8c946e3f621c520377d7eb449bd78e9b309f483fc6a,7e61f4823860ac67fc2cf7b88c0b78031ccbd9e2a1f7bf6285099b2c126d9b06,2026-08-06T11:21:41Z,2026-08-06-p2-finite-linear-memory-skill-decomposition,2.0
Valencia Vivers,GLOBAL_COMMON_WITH_SARIMA,4,14,ridge_direct,81,11.112891250748433,11.112891250748433,0.0,1.1122891250748435e-09,1e-12,1e-10,True,4a49b08b041c578ec5981dc1472125b2af0a4d59,572a6a79dfaf6247292af8c946e3f621c520377d7eb449bd78e9b309f483fc6a,7e61f4823860ac67fc2cf7b88c0b78031ccbd9e2a1f7bf6285099b2c126d9b06,2026-08-06T11:21:41Z,2026-08-06-p2-finite-linear-memory-skill-decomposition,2.0
Valencia Vivers,GLOBAL_COMMON_WITH_SARIMA,4,14,hgb_direct,81,1.9542405964934773,1.9542405964934773,0.0,1.9642405964934772e-10,1e-12,1e-10,True,4a49b08b041c578ec5981dc1472125b2af0a4d59,572a6a79dfaf6247292af8c946e3f621c520377d7eb449bd78e9b309f483fc6a,7e61f4823860ac67fc2cf7b88c0b78031ccbd9e2a1f7bf6285099b2c126d9b06,2026-08-06T11:21:41Z,2026-08-06-p2-finite-linear-memory-skill-decomposition,2.0
Valencia Vivers,GLOBAL_COMMON_WITH_SARIMA,4,14,sarima,81,3.092357008561706,3.092357008561706,0.0,3.102357008561706e-10,1e-12,1e-10,True,4a49b08b041c578ec5981dc1472125b2af0a4d59,572a6a79dfaf6247292af8c946e3f621c520377d7eb449bd78e9b309f483fc6a,7e61f4823860ac67fc2cf7b88c0b78031ccbd9e2a1f7bf6285099b2c126d9b06,2026-08-06T11:21:41Z,2026-08-06-p2-finite-linear-memory-skill-decomposition,2.0
Valencia Vivers,GLOBAL_COMMON_WITH_SARIMA,4,21,ridge_direct,81,11.112891250748433,11.112891250748433,0.0,1.1122891250748435e-09,1e-12,1e-10,True,4a49b08b041c578ec5981dc1472125b2af0a4d59,572a6a79dfaf6247292af8c946e3f621c520377d7eb449bd78e9b309f483fc6a,7e61f4823860ac67fc2cf7b88c0b78031ccbd9e2a1f7bf6285099b2c126d9b06,2026-08-06T11:21:41Z,2026-08-06-p2-finite-linear-memory-skill-decomposition,2.0
Valencia Vivers,GLOBAL_COMMON_WITH_SARIMA,4,21,hgb_direct,81,1.9542405964934773,1.9542405964934773,0.0,1.9642405964934772e-10,1e-12,1e-10,True,4a49b08b041c578ec5981dc1472125b2af0a4d59,572a6a79dfaf6247292af8c946e3f621c520377d7eb449bd78e9b309f483fc6a,7e61f4823860ac67fc2cf7b88c0b78031ccbd9e2a1f7bf6285099b2c126d9b06,2026-08-06T11:21:41Z,2026-08-06-p2-finite-linear-memory-skill-decomposition,2.0
Valencia Vivers,GLOBAL_COMMON_WITH_SARIMA,4,21,sarima,81,3.092357008561706,3.092357008561706,0.0,3.102357008561706e-10,1e-12,1e-10,True,4a49b08b041c578ec5981dc1472125b2af0a4d59,572a6a79dfaf6247292af8c946e3f621c520377d7eb449bd78e9b309f483fc6a,7e61f4823860ac67fc2cf7b88c0b78031ccbd9e2a1f7bf6285099b2c126d9b06,2026-08-06T11:21:41Z,2026-08-06-p2-finite-linear-memory-skill-decomposition,2.0
Valencia Vivers,GLOBAL_COMMON_WITH_SARIMA,5,7,ridge_direct,79,43.62407915958178,43.62407915958178,0.0,4.3634079159581786e-09,1e-12,1e-10,True,4a49b08b041c578ec5981dc1472125b2af0a4d59,572a6a79dfaf6247292af8c946e3f621c520377d7eb449bd78e9b309f483fc6a,7e61f4823860ac67fc2cf7b88c0b78031ccbd9e2a1f7bf6285099b2c126d9b06,2026-08-06T11:21:41Z,2026-08-06-p2-finite-linear-memory-skill-decomposition,2.0
Valencia Vivers,GLOBAL_COMMON_WITH_SARIMA,5,7,hgb_direct,79,34.67279351851917,34.67279351851917,0.0,3.4682793518519173e-09,1e-12,1e-10,True,4a49b08b041c578ec5981dc1472125b2af0a4d59,572a6a79dfaf6247292af8c946e3f621c520377d7eb449bd78e9b309f483fc6a,7e61f4823860ac67fc2cf7b88c0b78031ccbd9e2a1f7bf6285099b2c126d9b06,2026-08-06T11:21:41Z,2026-08-06-p2-finite-linear-memory-skill-decomposition,2.0
Valencia Vivers,GLOBAL_COMMON_WITH_SARIMA,5,7,sarima,79,37.502534748808245,37.502534748808245,0.0,3.751253474880825e-09,1e-12,1e-10,True,4a49b08b041c578ec5981dc1472125b2af0a4d59,572a6a79dfaf6247292af8c946e3f621c520377d7eb449bd78e9b309f483fc6a,7e61f4823860ac67fc2cf7b88c0b78031ccbd9e2a1f7bf6285099b2c126d9b06,2026-08-06T11:21:41Z,2026-08-06-p2-finite-linear-memory-skill-decomposition,2.0
Valencia Vivers,GLOBAL_COMMON_WITH_SARIMA,5,14,ridge_direct,79,43.62407915958178,43.62407915958178,0.0,4.3634079159581786e-09,1e-12,1e-10,True,4a49b08b041c578ec5981dc1472125b2af0a4d59,572a6a79dfaf6247292af8c946e3f621c520377d7eb449bd78e9b309f483fc6a,7e61f4823860ac67fc2cf7b88c0b78031ccbd9e2a1f7bf6285099b2c126d9b06,2026-08-06T11:21:41Z,2026-08-06-p2-finite-linear-memory-skill-decomposition,2.0
Valencia Vivers,GLOBAL_COMMON_WITH_SARIMA,5,14,hgb_direct,79,34.67279351851917,34.67279351851917,0.0,3.4682793518519173e-09,1e-12,1e-10,True,4a49b08b041c578ec5981dc1472125b2af0a4d59,572a6a79dfaf6247292af8c946e3f621c520377d7eb449bd78e9b309f483fc6a,7e61f4823860ac67fc2cf7b88c0b78031ccbd9e2a1f7bf6285099b2c126d9b06,2026-08-06T11:21:41Z,2026-08-06-p2-finite-linear-memory-skill-decomposition,2.0
Valencia Vivers,GLOBAL_COMMON_WITH_SARIMA,5,14,sarima,79,37.502534748808245,37.502534748808245,0.0,3.751253474880825e-09,1e-12,1e-10,True,4a49b08b041c578ec5981dc1472125b2af0a4d59,572a6a79dfaf6247292af8c946e3f621c520377d7eb449bd78e9b309f483fc6a,7e61f4823860ac67fc2cf7b88c0b78031ccbd9e2a1f7bf6285099b2c126d9b06,2026-08-06T11:21:41Z,2026-08-06-p2-finite-linear-memory-skill-decomposition,2.0
Valencia Vivers,GLOBAL_COMMON_WITH_SARIMA,5,21,ridge_direct,79,43.62407915958178,43.62407915958178,0.0,4.3634079159581786e-09,1e-12,1e-10,True,4a49b08b041c578ec5981dc1472125b2af0a4d59,572a6a79dfaf6247292af8c946e3f621c520377d7eb449bd78e9b309f483fc6a,7e61f4823860ac67fc2cf7b88c0b78031ccbd9e2a1f7bf6285099b2c126d9b06,2026-08-06T11:21:41Z,2026-08-06-p2-finite-linear-memory-skill-decomposition,2.0
Valencia Vivers,GLOBAL_COMMON_WITH_SARIMA,5,21,hgb_direct,79,34.67279351851917,34.67279351851917,0.0,3.4682793518519173e-09,1e-12,1e-10,True,4a49b08b041c578ec5981dc1472125b2af0a4d59,572a6a79dfaf6247292af8c946e3f621c520377d7eb449bd78e9b309f483fc6a,7e61f4823860ac67fc2cf7b88c0b78031ccbd9e2a1f7bf6285099b2c126d9b06,2026-08-06T11:21:41Z,2026-08-06-p2-finite-linear-memory-skill-decomposition,2.0
Valencia Vivers,GLOBAL_COMMON_WITH_SARIMA,5,21,sarima,79,37.502534748808245,37.502534748808245,0.0,3.751253474880825e-09,1e-12,1e-10,True,4a49b08b041c578ec5981dc1472125b2af0a4d59,572a6a79dfaf6247292af8c946e3f621c520377d7eb449bd78e9b309f483fc6a,7e61f4823860ac67fc2cf7b88c0b78031ccbd9e2a1f7bf6285099b2c126d9b06,2026-08-06T11:21:41Z,2026-08-06-p2-finite-linear-memory-skill-decomposition,2.0
Valencia Vivers,GLOBAL_COMMON_WITH_SARIMA,6,7,ridge_direct,81,34.78182984345108,34.78182984345108,0.0,3.479182984345108e-09,1e-12,1e-10,True,4a49b08b041c578ec5981dc1472125b2af0a4d59,572a6a79dfaf6247292af8c946e3f621c520377d7eb449bd78e9b309f483fc6a,7e61f4823860ac67fc2cf7b88c0b78031ccbd9e2a1f7bf6285099b2c126d9b06,2026-08-06T11:21:41Z,2026-08-06-p2-finite-linear-memory-skill-decomposition,2.0
Valencia Vivers,GLOBAL_COMMON_WITH_SARIMA,6,7,hgb_direct,81,28.320085725274254,28.320085725274254,0.0,2.8330085725274255e-09,1e-12,1e-10,True,4a49b08b041c578ec5981dc1472125b2af0a4d59,572a6a79dfaf6247292af8c946e3f621c520377d7eb449bd78e9b309f483fc6a,7e61f4823860ac67fc2cf7b88c0b78031ccbd9e2a1f7bf6285099b2c126d9b06,2026-08-06T11:21:41Z,2026-08-06-p2-finite-linear-memory-skill-decomposition,2.0
Valencia Vivers,GLOBAL_COMMON_WITH_SARIMA,6,7,sarima,81,31.568623916488832,31.568623916488832,0.0,3.1578623916488834e-09,1e-12,1e-10,True,4a49b08b041c578ec5981dc1472125b2af0a4d59,572a6a79dfaf6247292af8c946e3f621c520377d7eb449bd78e9b309f483fc6a,7e61f4823860ac67fc2cf7b88c0b78031ccbd9e2a1f7bf6285099b2c126d9b06,2026-08-06T11:21:41Z,2026-08-06-p2-finite-linear-memory-skill-decomposition,2.0
Valencia Vivers,GLOBAL_COMMON_WITH_SARIMA,6,14,ridge_direct,81,34.78182984345108,34.78182984345108,0.0,3.479182984345108e-09,1e-12,1e-10,True,4a49b08b041c578ec5981dc1472125b2af0a4d59,572a6a79dfaf6247292af8c946e3f621c520377d7eb449bd78e9b309f483fc6a,7e61f4823860ac67fc2cf7b88c0b78031ccbd9e2a1f7bf6285099b2c126d9b06,2026-08-06T11:21:41Z,2026-08-06-p2-finite-linear-memory-skill-decomposition,2.0
Valencia Vivers,GLOBAL_COMMON_WITH_SARIMA,6,14,hgb_direct,81,28.320085725274254,28.320085725274254,0.0,2.8330085725274255e-09,1e-12,1e-10,True,4a49b08b041c578ec5981dc1472125b2af0a4d59,572a6a79dfaf6247292af8c946e3f621c520377d7eb449bd78e9b309f483fc6a,7e61f4823860ac67fc2cf7b88c0b78031ccbd9e2a1f7bf6285099b2c126d9b06,2026-08-06T11:21:41Z,2026-08-06-p2-finite-linear-memory-skill-decomposition,2.0
Valencia Vivers,GLOBAL_COMMON_WITH_SARIMA,6,14,sarima,81,31.568623916488832,31.568623916488832,0.0,3.1578623916488834e-09,1e-12,1e-10,True,4a49b08b041c578ec5981dc1472125b2af0a4d59,572a6a79dfaf6247292af8c946e3f621c520377d7eb449bd78e9b309f483fc6a,7e61f4823860ac67fc2cf7b88c0b78031ccbd9e2a1f7bf6285099b2c126d9b06,2026-08-06T11:21:41Z,2026-08-06-p2-finite-linear-memory-skill-decomposition,2.0
Valencia Vivers,GLOBAL_COMMON_WITH_SARIMA,6,21,ridge_direct,81,34.78182984345108,34.78182984345108,0.0,3.479182984345108e-09,1e-12,1e-10,True,4a49b08b041c578ec5981dc1472125b2af0a4d59,572a6a79dfaf6247292af8c946e3f621c520377d7eb449bd78e9b309f483fc6a,7e61f4823860ac67fc2cf7b88c0b78031ccbd9e2a1f7bf6285099b2c126d9b06,2026-08-06T11:21:41Z,2026-08-06-p2-finite-linear-memory-skill-decomposition,2.0
Valencia Vivers,GLOBAL_COMMON_WITH_SARIMA,6,21,hgb_direct,81,28.320085725274254,28.320085725274254,0.0,2.8330085725274255e-09,1e-12,1e-10,True,4a49b08b041c578ec5981dc1472125b2af0a4d59,572a6a79dfaf6247292af8c946e3f621c520377d7eb449bd78e9b309f483fc6a,7e61f4823860ac67fc2cf7b88c0b78031ccbd9e2a1f7bf6285099b2c126d9b06,2026-08-06T11:21:41Z,2026-08-06-p2-finite-linear-memory-skill-decomposition,2.0
Valencia Vivers,GLOBAL_COMMON_WITH_SARIMA,6,21,sarima,81,31.568623916488832,31.568623916488832,0.0,3.1578623916488834e-09,1e-12,1e-10,True,4a49b08b041c578ec5981dc1472125b2af0a4d59,572a6a79dfaf6247292af8c946e3f621c520377d7eb449bd78e9b309f483fc6a,7e61f4823860ac67fc2cf7b88c0b78031ccbd9e2a1f7bf6285099b2c126d9b06,2026-08-06T11:21:41Z,2026-08-06-p2-finite-linear-memory-skill-decomposition,2.0
Valencia Vivers,GLOBAL_COMMON_WITH_SARIMA,7,7,ridge_direct,77,41.4320033495566,41.4320033495566,0.0,4.144200334955661e-09,1e-12,1e-10,True,4a49b08b041c578ec5981dc1472125b2af0a4d59,572a6a79dfaf6247292af8c946e3f621c520377d7eb449bd78e9b309f483fc6a,7e61f4823860ac67fc2cf7b88c0b78031ccbd9e2a1f7bf6285099b2c126d9b06,2026-08-06T11:21:41Z,2026-08-06-p2-finite-linear-memory-skill-decomposition,2.0
Valencia Vivers,GLOBAL_COMMON_WITH_SARIMA,7,7,hgb_direct,77,34.878728734383415,34.878728734383415,0.0,3.4888728734383416e-09,1e-12,1e-10,True,4a49b08b041c578ec5981dc1472125b2af0a4d59,572a6a79dfaf6247292af8c946e3f621c520377d7eb449bd78e9b309f483fc6a,7e61f4823860ac67fc2cf7b88c0b78031ccbd9e2a1f7bf6285099b2c126d9b06,2026-08-06T11:21:41Z,2026-08-06-p2-finite-linear-memory-skill-decomposition,2.0
Valencia Vivers,GLOBAL_COMMON_WITH_SARIMA,7,7,sarima,77,36.942195608211506,36.942195608211506,0.0,3.6952195608211506e-09,1e-12,1e-10,True,4a49b08b041c578ec5981dc1472125b2af0a4d59,572a6a79dfaf6247292af8c946e3f621c520377d7eb449bd78e9b309f483fc6a,7e61f4823860ac67fc2cf7b88c0b78031ccbd9e2a1f7bf6285099b2c126d9b06,2026-08-06T11:21:41Z,2026-08-06-p2-finite-linear-memory-skill-decomposition,2.0
Valencia Vivers,GLOBAL_COMMON_WITH_SARIMA,7,14,ridge_direct,77,41.4320033495566,41.4320033495566,0.0,4.144200334955661e-09,1e-12,1e-10,True,4a49b08b041c578ec5981dc1472125b2af0a4d59,572a6a79dfaf6247292af8c946e3f621c520377d7eb449bd78e9b309f483fc6a,7e61f4823860ac67fc2cf7b88c0b78031ccbd9e2a1f7bf6285099b2c126d9b06,2026-08-06T11:21:41Z,2026-08-06-p2-finite-linear-memory-skill-decomposition,2.0
Valencia Vivers,GLOBAL_COMMON_WITH_SARIMA,7,14,hgb_direct,77,34.878728734383415,34.878728734383415,0.0,3.4888728734383416e-09,1e-12,1e-10,True,4a49b08b041c578ec5981dc1472125b2af0a4d59,572a6a79dfaf6247292af8c946e3f621c520377d7eb449bd78e9b309f483fc6a,7e61f4823860ac67fc2cf7b88c0b78031ccbd9e2a1f7bf6285099b2c126d9b06,2026-08-06T11:21:41Z,2026-08-06-p2-finite-linear-memory-skill-decomposition,2.0
Valencia Vivers,GLOBAL_COMMON_WITH_SARIMA,7,14,sarima,77,36.942195608211506,36.942195608211506,0.0,3.6952195608211506e-09,1e-12,1e-10,True,4a49b08b041c578ec5981dc1472125b2af0a4d59,572a6a79dfaf6247292af8c946e3f621c520377d7eb449bd78e9b309f483fc6a,7e61f4823860ac67fc2cf7b88c0b78031ccbd9e2a1f7bf6285099b2c126d9b06,2026-08-06T11:21:41Z,2026-08-06-p2-finite-linear-memory-skill-decomposition,2.0
Valencia Vivers,GLOBAL_COMMON_WITH_SARIMA,7,21,ridge_direct,77,41.4320033495566,41.4320033495566,0.0,4.144200334955661e-09,1e-12,1e-10,True,4a49b08b041c578ec5981dc1472125b2af0a4d59,572a6a79dfaf6247292af8c946e3f621c520377d7eb449bd78e9b309f483fc6a,7e61f4823860ac67fc2cf7b88c0b78031ccbd9e2a1f7bf6285099b2c126d9b06,2026-08-06T11:21:41Z,2026-08-06-p2-finite-linear-memory-skill-decomposition,2.0
Valencia Vivers,GLOBAL_COMMON_WITH_SARIMA,7,21,hgb_direct,77,34.878728734383415,34.878728734383415,0.0,3.4888728734383416e-09,1e-12,1e-10,True,4a49b08b041c578ec5981dc1472125b2af0a4d59,572a6a79dfaf6247292af8c946e3f621c520377d7eb449bd78e9b309f483fc6a,7e61f4823860ac67fc2cf7b88c0b78031ccbd9e2a1f7bf6285099b2c126d9b06,2026-08-06T11:21:41Z,2026-08-06-p2-finite-linear-memory-skill-decomposition,2.0
Valencia Vivers,GLOBAL_COMMON_WITH_SARIMA,7,21,sarima,77,36.942195608211506,36.942195608211506,0.0,3.6952195608211506e-09,1e-12,1e-10,True,4a49b08b041c578ec5981dc1472125b2af0a4d59,572a6a79dfaf6247292af8c946e3f621c520377d7eb449bd78e9b309f483fc6a,7e61f4823860ac67fc2cf7b88c0b78031ccbd9e2a1f7bf6285099b2c126d9b06,2026-08-06T11:21:41Z,2026-08-06-p2-finite-linear-memory-skill-decomposition,2.0
Valencia Vivers,ORDER_SPECIFIC_p7,1,7,ridge_direct,1479,15.441578332329144,15.441578332329144,0.0,1.5451578332329146e-09,1e-12,1e-10,True,4a49b08b041c578ec5981dc1472125b2af0a4d59,572a6a79dfaf6247292af8c946e3f621c520377d7eb449bd78e9b309f483fc6a,7e61f4823860ac67fc2cf7b88c0b78031ccbd9e2a1f7bf6285099b2c126d9b06,2026-08-06T11:21:41Z,2026-08-06-p2-finite-linear-memory-skill-decomposition,2.0
Valencia Vivers,ORDER_SPECIFIC_p7,1,7,hgb_direct,1479,12.058156823845636,12.058156823845636,0.0,1.2068156823845638e-09,1e-12,1e-10,True,4a49b08b041c578ec5981dc1472125b2af0a4d59,572a6a79dfaf6247292af8c946e3f621c520377d7eb449bd78e9b309f483fc6a,7e61f4823860ac67fc2cf7b88c0b78031ccbd9e2a1f7bf6285099b2c126d9b06,2026-08-06T11:21:41Z,2026-08-06-p2-finite-linear-memory-skill-decomposition,2.0
Valencia Vivers,ORDER_SPECIFIC_p7,2,7,ridge_direct,1470,44.46433184327596,44.46433184327596,0.0,4.447433184327596e-09,1e-12,1e-10,True,4a49b08b041c578ec5981dc1472125b2af0a4d59,572a6a79dfaf6247292af8c946e3f621c520377d7eb449bd78e9b309f483fc6a,7e61f4823860ac67fc2cf7b88c0b78031ccbd9e2a1f7bf6285099b2c126d9b06,2026-08-06T11:21:41Z,2026-08-06-p2-finite-linear-memory-skill-decomposition,2.0
Valencia Vivers,ORDER_SPECIFIC_p7,2,7,hgb_direct,1470,44.98154650335687,44.98154650335687,0.0,4.499154650335687e-09,1e-12,1e-10,True,4a49b08b041c578ec5981dc1472125b2af0a4d59,572a6a79dfaf6247292af8c946e3f621c520377d7eb449bd78e9b309f483fc6a,7e61f4823860ac67fc2cf7b88c0b78031ccbd9e2a1f7bf6285099b2c126d9b06,2026-08-06T11:21:41Z,2026-08-06-p2-finite-linear-memory-skill-decomposition,2.0
Valencia Vivers,ORDER_SPECIFIC_p7,3,7,ridge_direct,1461,58.168427426795574,58.168427426795574,0.0,5.817842742679558e-09,1e-12,1e-10,True,4a49b08b041c578ec5981dc1472125b2af0a4d59,572a6a79dfaf6247292af8c946e3f621c520377d7eb449bd78e9b309f483fc6a,7e61f4823860ac67fc2cf7b88c0b78031ccbd9e2a1f7bf6285099b2c126d9b06,2026-08-06T11:21:41Z,2026-08-06-p2-finite-linear-memory-skill-decomposition,2.0
Valencia Vivers,ORDER_SPECIFIC_p7,3,7,hgb_direct,1461,55.62211670544575,55.62211670544575,0.0,5.563211670544575e-09,1e-12,1e-10,True,4a49b08b041c578ec5981dc1472125b2af0a4d59,572a6a79dfaf6247292af8c946e3f621c520377d7eb449bd78e9b309f483fc6a,7e61f4823860ac67fc2cf7b88c0b78031ccbd9e2a1f7bf6285099b2c126d9b06,2026-08-06T11:21:41Z,2026-08-06-p2-finite-linear-memory-skill-decomposition,2.0
Valencia Vivers,ORDER_SPECIFIC_p7,4,7,ridge_direct,1454,68.37118035232285,68.37118035232285,0.0,6.838118035232286e-09,1e-12,1e-10,True,4a49b08b041c578ec5981dc1472125b2af0a4d59,572a6a79dfaf6247292af8c946e3f621c520377d7eb449bd78e9b309f483fc6a,7e61f4823860ac67fc2cf7b88c0b78031ccbd9e2a1f7bf6285099b2c126d9b06,2026-08-06T11:21:41Z,2026-08-06-p2-finite-linear-memory-skill-decomposition,2.0
Valencia Vivers,ORDER_SPECIFIC_p7,4,7,hgb_direct,1454,64.48903424856935,64.48903424856935,0.0,6.449903424856936e-09,1e-12,1e-10,True,4a49b08b041c578ec5981dc1472125b2af0a4d59,572a6a79dfaf6247292af8c946e3f621c520377d7eb449bd78e9b309f483fc6a,7e61f4823860ac67fc2cf7b88c0b78031ccbd9e2a1f7bf6285099b2c126d9b06,2026-08-06T11:21:41Z,2026-08-06-p2-finite-linear-memory-skill-decomposition,2.0
Valencia Vivers,ORDER_SPECIFIC_p7,5,7,ridge_direct,1446,78.26498016148167,78.26498016148167,0.0,7.827498016148166e-09,1e-12,1e-10,True,4a49b08b041c578ec5981dc1472125b2af0a4d59,572a6a79dfaf6247292af8c946e3f621c520377d7eb449bd78e9b309f483fc6a,7e61f4823860ac67fc2cf7b88c0b78031ccbd9e2a1f7bf6285099b2c126d9b06,2026-08-06T11:21:41Z,2026-08-06-p2-finite-linear-memory-skill-decomposition,2.0
Valencia Vivers,ORDER_SPECIFIC_p7,5,7,hgb_direct,1446,74.24638524574871,74.24638524574871,0.0,7.425638524574872e-09,1e-12,1e-10,True,4a49b08b041c578ec5981dc1472125b2af0a4d59,572a6a79dfaf6247292af8c946e3f621c520377d7eb449bd78e9b309f483fc6a,7e61f4823860ac67fc2cf7b88c0b78031ccbd9e2a1f7bf6285099b2c126d9b06,2026-08-06T11:21:41Z,2026-08-06-p2-finite-linear-memory-skill-decomposition,2.0
Valencia Vivers,ORDER_SPECIFIC_p7,6,7,ridge_direct,1442,78.0960208072278,78.0960208072278,0.0,7.81060208072278e-09,1e-12,1e-10,True,4a49b08b041c578ec5981dc1472125b2af0a4d59,572a6a79dfaf6247292af8c946e3f621c520377d7eb449bd78e9b309f483fc6a,7e61f4823860ac67fc2cf7b88c0b78031ccbd9e2a1f7bf6285099b2c126d9b06,2026-08-06T11:21:41Z,2026-08-06-p2-finite-linear-memory-skill-decomposition,2.0
Valencia Vivers,ORDER_SPECIFIC_p7,6,7,hgb_direct,1442,73.44170549470726,73.44170549470726,0.0,7.345170549470727e-09,1e-12,1e-10,True,4a49b08b041c578ec5981dc1472125b2af0a4d59,572a6a79dfaf6247292af8c946e3f621c520377d7eb449bd78e9b309f483fc6a,7e61f4823860ac67fc2cf7b88c0b78031ccbd9e2a1f7bf6285099b2c126d9b06,2026-08-06T11:21:41Z,2026-08-06-p2-finite-linear-memory-skill-decomposition,2.0
Valencia Vivers,ORDER_SPECIFIC_p7,7,7,ridge_direct,1434,81.94207247146606,81.94207247146606,0.0,8.195207247146606e-09,1e-12,1e-10,True,4a49b08b041c578ec5981dc1472125b2af0a4d59,572a6a79dfaf6247292af8c946e3f621c520377d7eb449bd78e9b309f483fc6a,7e61f4823860ac67fc2cf7b88c0b78031ccbd9e2a1f7bf6285099b2c126d9b06,2026-08-06T11:21:41Z,2026-08-06-p2-finite-linear-memory-skill-decomposition,2.0
Valencia Vivers,ORDER_SPECIFIC_p7,7,7,hgb_direct,1434,76.21791194553859,76.21791194553859,0.0,7.622791194553859e-09,1e-12,1e-10,True,4a49b08b041c578ec5981dc1472125b2af0a4d59,572a6a79dfaf6247292af8c946e3f621c520377d7eb449bd78e9b309f483fc6a,7e61f4823860ac67fc2cf7b88c0b78031ccbd9e2a1f7bf6285099b2c126d9b06,2026-08-06T11:21:41Z,2026-08-06-p2-finite-linear-memory-skill-decomposition,2.0
Valencia Vivers,ORDER_SPECIFIC_p14,1,14,ridge_direct,1315,16.10450859064416,16.10450859064416,0.0,1.611450859064416e-09,1e-12,1e-10,True,4a49b08b041c578ec5981dc1472125b2af0a4d59,572a6a79dfaf6247292af8c946e3f621c520377d7eb449bd78e9b309f483fc6a,7e61f4823860ac67fc2cf7b88c0b78031ccbd9e2a1f7bf6285099b2c126d9b06,2026-08-06T11:21:41Z,2026-08-06-p2-finite-linear-memory-skill-decomposition,2.0
Valencia Vivers,ORDER_SPECIFIC_p14,1,14,hgb_direct,1315,12.625794560512176,12.625794560512176,0.0,1.2635794560512178e-09,1e-12,1e-10,True,4a49b08b041c578ec5981dc1472125b2af0a4d59,572a6a79dfaf6247292af8c946e3f621c520377d7eb449bd78e9b309f483fc6a,7e61f4823860ac67fc2cf7b88c0b78031ccbd9e2a1f7bf6285099b2c126d9b06,2026-08-06T11:21:41Z,2026-08-06-p2-finite-linear-memory-skill-decomposition,2.0
Valencia Vivers,ORDER_SPECIFIC_p14,2,14,ridge_direct,1306,46.55124056247591,46.55124056247591,0.0,4.656124056247591e-09,1e-12,1e-10,True,4a49b08b041c578ec5981dc1472125b2af0a4d59,572a6a79dfaf6247292af8c946e3f621c520377d7eb449bd78e9b309f483fc6a,7e61f4823860ac67fc2cf7b88c0b78031ccbd9e2a1f7bf6285099b2c126d9b06,2026-08-06T11:21:41Z,2026-08-06-p2-finite-linear-memory-skill-decomposition,2.0
Valencia Vivers,ORDER_SPECIFIC_p14,2,14,hgb_direct,1306,47.25345952299418,47.25345952299418,0.0,4.726345952299418e-09,1e-12,1e-10,True,4a49b08b041c578ec5981dc1472125b2af0a4d59,572a6a79dfaf6247292af8c946e3f621c520377d7eb449bd78e9b309f483fc6a,7e61f4823860ac67fc2cf7b88c0b78031ccbd9e2a1f7bf6285099b2c126d9b06,2026-08-06T11:21:41Z,2026-08-06-p2-finite-linear-memory-skill-decomposition,2.0
Valencia Vivers,ORDER_SPECIFIC_p14,3,14,ridge_direct,1297,57.97270824851056,57.97270824851056,0.0,5.798270824851056e-09,1e-12,1e-10,True,4a49b08b041c578ec5981dc1472125b2af0a4d59,572a6a79dfaf6247292af8c946e3f621c520377d7eb449bd78e9b309f483fc6a,7e61f4823860ac67fc2cf7b88c0b78031ccbd9e2a1f7bf6285099b2c126d9b06,2026-08-06T11:21:41Z,2026-08-06-p2-finite-linear-memory-skill-decomposition,2.0
Valencia Vivers,ORDER_SPECIFIC_p14,3,14,hgb_direct,1297,55.2846546763578,55.2846546763578,0.0,5.529465467635781e-09,1e-12,1e-10,True,4a49b08b041c578ec5981dc1472125b2af0a4d59,572a6a79dfaf6247292af8c946e3f621c520377d7eb449bd78e9b309f483fc6a,7e61f4823860ac67fc2cf7b88c0b78031ccbd9e2a1f7bf6285099b2c126d9b06,2026-08-06T11:21:41Z,2026-08-06-p2-finite-linear-memory-skill-decomposition,2.0
Valencia Vivers,ORDER_SPECIFIC_p14,4,14,ridge_direct,1289,67.31885141643907,67.31885141643907,0.0,6.732885141643908e-09,1e-12,1e-10,True,4a49b08b041c578ec5981dc1472125b2af0a4d59,572a6a79dfaf6247292af8c946e3f621c520377d7eb449bd78e9b309f483fc6a,7e61f4823860ac67fc2cf7b88c0b78031ccbd9e2a1f7bf6285099b2c126d9b06,2026-08-06T11:21:41Z,2026-08-06-p2-finite-linear-memory-skill-decomposition,2.0
Valencia Vivers,ORDER_SPECIFIC_p14,4,14,hgb_direct,1289,63.044172925267915,63.044172925267915,0.0,6.305417292526792e-09,1e-12,1e-10,True,4a49b08b041c578ec5981dc1472125b2af0a4d59,572a6a79dfaf6247292af8c946e3f621c520377d7eb449bd78e9b309f483fc6a,7e61f4823860ac67fc2cf7b88c0b78031ccbd9e2a1f7bf6285099b2c126d9b06,2026-08-06T11:21:41Z,2026-08-06-p2-finite-linear-memory-skill-decomposition,2.0
Valencia Vivers,ORDER_SPECIFIC_p14,5,14,ridge_direct,1281,79.32260710546657,79.32260710546657,0.0,7.933260710546656e-09,1e-12,1e-10,True,4a49b08b041c578ec5981dc1472125b2af0a4d59,572a6a79dfaf6247292af8c946e3f621c520377d7eb449bd78e9b309f483fc6a,7e61f4823860ac67fc2cf7b88c0b78031ccbd9e2a1f7bf6285099b2c126d9b06,2026-08-06T11:21:41Z,2026-08-06-p2-finite-linear-memory-skill-decomposition,2.0
Valencia Vivers,ORDER_SPECIFIC_p14,5,14,hgb_direct,1281,75.65189902856264,75.65189902856264,0.0,7.566189902856264e-09,1e-12,1e-10,True,4a49b08b041c578ec5981dc1472125b2af0a4d59,572a6a79dfaf6247292af8c946e3f621c520377d7eb449bd78e9b309f483fc6a,7e61f4823860ac67fc2cf7b88c0b78031ccbd9e2a1f7bf6285099b2c126d9b06,2026-08-06T11:21:41Z,2026-08-06-p2-finite-linear-memory-skill-decomposition,2.0
Valencia Vivers,ORDER_SPECIFIC_p14,6,14,ridge_direct,1277,81.62009395197758,81.62009395197758,0.0,8.163009395197758e-09,1e-12,1e-10,True,4a49b08b041c578ec5981dc1472125b2af0a4d59,572a6a79dfaf6247292af8c946e3f621c520377d7eb449bd78e9b309f483fc6a,7e61f4823860ac67fc2cf7b88c0b78031ccbd9e2a1f7bf6285099b2c126d9b06,2026-08-06T11:21:41Z,2026-08-06-p2-finite-linear-memory-skill-decomposition,2.0
Valencia Vivers,ORDER_SPECIFIC_p14,6,14,hgb_direct,1277,77.08142307475217,77.08142307475217,0.0,7.709142307475217e-09,1e-12,1e-10,True,4a49b08b041c578ec5981dc1472125b2af0a4d59,572a6a79dfaf6247292af8c946e3f621c520377d7eb449bd78e9b309f483fc6a,7e61f4823860ac67fc2cf7b88c0b78031ccbd9e2a1f7bf6285099b2c126d9b06,2026-08-06T11:21:41Z,2026-08-06-p2-finite-linear-memory-skill-decomposition,2.0
Valencia Vivers,ORDER_SPECIFIC_p14,7,14,ridge_direct,1272,84.53660297277732,84.53660297277732,0.0,8.454660297277732e-09,1e-12,1e-10,True,4a49b08b041c578ec5981dc1472125b2af0a4d59,572a6a79dfaf6247292af8c946e3f621c520377d7eb449bd78e9b309f483fc6a,7e61f4823860ac67fc2cf7b88c0b78031ccbd9e2a1f7bf6285099b2c126d9b06,2026-08-06T11:21:41Z,2026-08-06-p2-finite-linear-memory-skill-decomposition,2.0
Valencia Vivers,ORDER_SPECIFIC_p14,7,14,hgb_direct,1272,78.9641667362264,78.9641667362264,0.0,7.89741667362264e-09,1e-12,1e-10,True,4a49b08b041c578ec5981dc1472125b2af0a4d59,572a6a79dfaf6247292af8c946e3f621c520377d7eb449bd78e9b309f483fc6a,7e61f4823860ac67fc2cf7b88c0b78031ccbd9e2a1f7bf6285099b2c126d9b06,2026-08-06T11:21:41Z,2026-08-06-p2-finite-linear-memory-skill-decomposition,2.0
Valencia Vivers,ORDER_SPECIFIC_p21,1,21,ridge_direct,1180,16.64582560383893,16.64582560383893,0.0,1.665582560383893e-09,1e-12,1e-10,True,4a49b08b041c578ec5981dc1472125b2af0a4d59,572a6a79dfaf6247292af8c946e3f621c520377d7eb449bd78e9b309f483fc6a,7e61f4823860ac67fc2cf7b88c0b78031ccbd9e2a1f7bf6285099b2c126d9b06,2026-08-06T11:21:41Z,2026-08-06-p2-finite-linear-memory-skill-decomposition,2.0
Valencia Vivers,ORDER_SPECIFIC_p21,1,21,hgb_direct,1180,13.474351710764907,13.474351710764907,0.0,1.348435171076491e-09,1e-12,1e-10,True,4a49b08b041c578ec5981dc1472125b2af0a4d59,572a6a79dfaf6247292af8c946e3f621c520377d7eb449bd78e9b309f483fc6a,7e61f4823860ac67fc2cf7b88c0b78031ccbd9e2a1f7bf6285099b2c126d9b06,2026-08-06T11:21:41Z,2026-08-06-p2-finite-linear-memory-skill-decomposition,2.0
Valencia Vivers,ORDER_SPECIFIC_p21,2,21,ridge_direct,1171,48.17870970904188,48.17870970904188,0.0,4.8188709709041885e-09,1e-12,1e-10,True,4a49b08b041c578ec5981dc1472125b2af0a4d59,572a6a79dfaf6247292af8c946e3f621c520377d7eb449bd78e9b309f483fc6a,7e61f4823860ac67fc2cf7b88c0b78031ccbd9e2a1f7bf6285099b2c126d9b06,2026-08-06T11:21:41Z,2026-08-06-p2-finite-linear-memory-skill-decomposition,2.0
Valencia Vivers,ORDER_SPECIFIC_p21,2,21,hgb_direct,1171,51.073889103962046,51.073889103962046,0.0,5.108388910396205e-09,1e-12,1e-10,True,4a49b08b041c578ec5981dc1472125b2af0a4d59,572a6a79dfaf6247292af8c946e3f621c520377d7eb449bd78e9b309f483fc6a,7e61f4823860ac67fc2cf7b88c0b78031ccbd9e2a1f7bf6285099b2c126d9b06,2026-08-06T11:21:41Z,2026-08-06-p2-finite-linear-memory-skill-decomposition,2.0
Valencia Vivers,ORDER_SPECIFIC_p21,3,21,ridge_direct,1163,58.707293682933624,58.707293682933624,0.0,5.871729368293363e-09,1e-12,1e-10,True,4a49b08b041c578ec5981dc1472125b2af0a4d59,572a6a79dfaf6247292af8c946e3f621c520377d7eb449bd78e9b309f483fc6a,7e61f4823860ac67fc2cf7b88c0b78031ccbd9e2a1f7bf6285099b2c126d9b06,2026-08-06T11:21:41Z,2026-08-06-p2-finite-linear-memory-skill-decomposition,2.0
Valencia Vivers,ORDER_SPECIFIC_p21,3,21,hgb_direct,1163,57.999918353985635,57.999918353985635,0.0,5.800991835398564e-09,1e-12,1e-10,True,4a49b08b041c578ec5981dc1472125b2af0a4d59,572a6a79dfaf6247292af8c946e3f621c520377d7eb449bd78e9b309f483fc6a,7e61f4823860ac67fc2cf7b88c0b78031ccbd9e2a1f7bf6285099b2c126d9b06,2026-08-06T11:21:41Z,2026-08-06-p2-finite-linear-memory-skill-decomposition,2.0
Valencia Vivers,ORDER_SPECIFIC_p21,4,21,ridge_direct,1155,68.9656497717956,68.9656497717956,0.0,6.89756497717956e-09,1e-12,1e-10,True,4a49b08b041c578ec5981dc1472125b2af0a4d59,572a6a79dfaf6247292af8c946e3f621c520377d7eb449bd78e9b309f483fc6a,7e61f4823860ac67fc2cf7b88c0b78031ccbd9e2a1f7bf6285099b2c126d9b06,2026-08-06T11:21:41Z,2026-08-06-p2-finite-linear-memory-skill-decomposition,2.0
Valencia Vivers,ORDER_SPECIFIC_p21,4,21,hgb_direct,1155,66.76302539131534,66.76302539131534,0.0,6.677302539131535e-09,1e-12,1e-10,True,4a49b08b041c578ec5981dc1472125b2af0a4d59,572a6a79dfaf6247292af8c946e3f621c520377d7eb449bd78e9b309f483fc6a,7e61f4823860ac67fc2cf7b88c0b78031ccbd9e2a1f7bf6285099b2c126d9b06,2026-08-06T11:21:41Z,2026-08-06-p2-finite-linear-memory-skill-decomposition,2.0
Valencia Vivers,ORDER_SPECIFIC_p21,5,21,ridge_direct,1147,81.64734520857526,81.64734520857526,0.0,8.165734520857526e-09,1e-12,1e-10,True,4a49b08b041c578ec5981dc1472125b2af0a4d59,572a6a79dfaf6247292af8c946e3f621c520377d7eb449bd78e9b309f483fc6a,7e61f4823860ac67fc2cf7b88c0b78031ccbd9e2a1f7bf6285099b2c126d9b06,2026-08-06T11:21:41Z,2026-08-06-p2-finite-linear-memory-skill-decomposition,2.0
Valencia Vivers,ORDER_SPECIFIC_p21,5,21,hgb_direct,1147,79.0081142178103,79.0081142178103,0.0,7.90181142178103e-09,1e-12,1e-10,True,4a49b08b041c578ec5981dc1472125b2af0a4d59,572a6a79dfaf6247292af8c946e3f621c520377d7eb449bd78e9b309f483fc6a,7e61f4823860ac67fc2cf7b88c0b78031ccbd9e2a1f7bf6285099b2c126d9b06,2026-08-06T11:21:41Z,2026-08-06-p2-finite-linear-memory-skill-decomposition,2.0
Valencia Vivers,ORDER_SPECIFIC_p21,6,21,ridge_direct,1143,85.3179442695304,85.3179442695304,0.0,8.53279442695304e-09,1e-12,1e-10,True,4a49b08b041c578ec5981dc1472125b2af0a4d59,572a6a79dfaf6247292af8c946e3f621c520377d7eb449bd78e9b309f483fc6a,7e61f4823860ac67fc2cf7b88c0b78031ccbd9e2a1f7bf6285099b2c126d9b06,2026-08-06T11:21:41Z,2026-08-06-p2-finite-linear-memory-skill-decomposition,2.0
Valencia Vivers,ORDER_SPECIFIC_p21,6,21,hgb_direct,1143,81.05994428926486,81.05994428926486,0.0,8.106994428926485e-09,1e-12,1e-10,True,4a49b08b041c578ec5981dc1472125b2af0a4d59,572a6a79dfaf6247292af8c946e3f621c520377d7eb449bd78e9b309f483fc6a,7e61f4823860ac67fc2cf7b88c0b78031ccbd9e2a1f7bf6285099b2c126d9b06,2026-08-06T11:21:41Z,2026-08-06-p2-finite-linear-memory-skill-decomposition,2.0
Valencia Vivers,ORDER_SPECIFIC_p21,7,21,ridge_direct,1138,91.62583986058478,91.62583986058478,0.0,9.163583986058478e-09,1e-12,1e-10,True,4a49b08b041c578ec5981dc1472125b2af0a4d59,572a6a79dfaf6247292af8c946e3f621c520377d7eb449bd78e9b309f483fc6a,7e61f4823860ac67fc2cf7b88c0b78031ccbd9e2a1f7bf6285099b2c126d9b06,2026-08-06T11:21:41Z,2026-08-06-p2-finite-linear-memory-skill-decomposition,2.0
Valencia Vivers,ORDER_SPECIFIC_p21,7,21,hgb_direct,1138,86.28719324730478,86.28719324730478,0.0,8.629719324730479e-09,1e-12,1e-10,True,4a49b08b041c578ec5981dc1472125b2af0a4d59,572a6a79dfaf6247292af8c946e3f621c520377d7eb449bd78e9b309f483fc6a,7e61f4823860ac67fc2cf7b88c0b78031ccbd9e2a1f7bf6285099b2c126d9b06,2026-08-06T11:21:41Z,2026-08-06-p2-finite-linear-memory-skill-decomposition,2.0
Zarra EMEP,GLOBAL_COMMON,1,7,ridge_direct,1019,13.470368660473099,13.470368660473099,0.0,1.3480368660473101e-09,1e-12,1e-10,True,4a49b08b041c578ec5981dc1472125b2af0a4d59,572a6a79dfaf6247292af8c946e3f621c520377d7eb449bd78e9b309f483fc6a,7e61f4823860ac67fc2cf7b88c0b78031ccbd9e2a1f7bf6285099b2c126d9b06,2026-08-06T11:21:41Z,2026-08-06-p2-finite-linear-memory-skill-decomposition,2.0
Zarra EMEP,GLOBAL_COMMON,1,7,hgb_direct,1019,9.720507530588009,9.720507530588009,0.0,9.73050753058801e-10,1e-12,1e-10,True,4a49b08b041c578ec5981dc1472125b2af0a4d59,572a6a79dfaf6247292af8c946e3f621c520377d7eb449bd78e9b309f483fc6a,7e61f4823860ac67fc2cf7b88c0b78031ccbd9e2a1f7bf6285099b2c126d9b06,2026-08-06T11:21:41Z,2026-08-06-p2-finite-linear-memory-skill-decomposition,2.0
Zarra EMEP,GLOBAL_COMMON,1,14,ridge_direct,1019,13.470368660473099,13.470368660473099,0.0,1.3480368660473101e-09,1e-12,1e-10,True,4a49b08b041c578ec5981dc1472125b2af0a4d59,572a6a79dfaf6247292af8c946e3f621c520377d7eb449bd78e9b309f483fc6a,7e61f4823860ac67fc2cf7b88c0b78031ccbd9e2a1f7bf6285099b2c126d9b06,2026-08-06T11:21:41Z,2026-08-06-p2-finite-linear-memory-skill-decomposition,2.0
Zarra EMEP,GLOBAL_COMMON,1,14,hgb_direct,1019,9.720507530588009,9.720507530588009,0.0,9.73050753058801e-10,1e-12,1e-10,True,4a49b08b041c578ec5981dc1472125b2af0a4d59,572a6a79dfaf6247292af8c946e3f621c520377d7eb449bd78e9b309f483fc6a,7e61f4823860ac67fc2cf7b88c0b78031ccbd9e2a1f7bf6285099b2c126d9b06,2026-08-06T11:21:41Z,2026-08-06-p2-finite-linear-memory-skill-decomposition,2.0
Zarra EMEP,GLOBAL_COMMON,1,21,ridge_direct,1019,13.470368660473099,13.470368660473099,0.0,1.3480368660473101e-09,1e-12,1e-10,True,4a49b08b041c578ec5981dc1472125b2af0a4d59,572a6a79dfaf6247292af8c946e3f621c520377d7eb449bd78e9b309f483fc6a,7e61f4823860ac67fc2cf7b88c0b78031ccbd9e2a1f7bf6285099b2c126d9b06,2026-08-06T11:21:41Z,2026-08-06-p2-finite-linear-memory-skill-decomposition,2.0
Zarra EMEP,GLOBAL_COMMON,1,21,hgb_direct,1019,9.720507530588009,9.720507530588009,0.0,9.73050753058801e-10,1e-12,1e-10,True,4a49b08b041c578ec5981dc1472125b2af0a4d59,572a6a79dfaf6247292af8c946e3f621c520377d7eb449bd78e9b309f483fc6a,7e61f4823860ac67fc2cf7b88c0b78031ccbd9e2a1f7bf6285099b2c126d9b06,2026-08-06T11:21:41Z,2026-08-06-p2-finite-linear-memory-skill-decomposition,2.0
Zarra EMEP,GLOBAL_COMMON,2,7,ridge_direct,1016,52.327717680925204,52.327717680925204,0.0,5.233771768092521e-09,1e-12,1e-10,True,4a49b08b041c578ec5981dc1472125b2af0a4d59,572a6a79dfaf6247292af8c946e3f621c520377d7eb449bd78e9b309f483fc6a,7e61f4823860ac67fc2cf7b88c0b78031ccbd9e2a1f7bf6285099b2c126d9b06,2026-08-06T11:21:41Z,2026-08-06-p2-finite-linear-memory-skill-decomposition,2.0
Zarra EMEP,GLOBAL_COMMON,2,7,hgb_direct,1016,56.50241826714273,56.50241826714273,0.0,5.651241826714273e-09,1e-12,1e-10,True,4a49b08b041c578ec5981dc1472125b2af0a4d59,572a6a79dfaf6247292af8c946e3f621c520377d7eb449bd78e9b309f483fc6a,7e61f4823860ac67fc2cf7b88c0b78031ccbd9e2a1f7bf6285099b2c126d9b06,2026-08-06T11:21:41Z,2026-08-06-p2-finite-linear-memory-skill-decomposition,2.0
Zarra EMEP,GLOBAL_COMMON,2,14,ridge_direct,1016,52.327717680925204,52.327717680925204,0.0,5.233771768092521e-09,1e-12,1e-10,True,4a49b08b041c578ec5981dc1472125b2af0a4d59,572a6a79dfaf6247292af8c946e3f621c520377d7eb449bd78e9b309f483fc6a,7e61f4823860ac67fc2cf7b88c0b78031ccbd9e2a1f7bf6285099b2c126d9b06,2026-08-06T11:21:41Z,2026-08-06-p2-finite-linear-memory-skill-decomposition,2.0
Zarra EMEP,GLOBAL_COMMON,2,14,hgb_direct,1016,56.50241826714273,56.50241826714273,0.0,5.651241826714273e-09,1e-12,1e-10,True,4a49b08b041c578ec5981dc1472125b2af0a4d59,572a6a79dfaf6247292af8c946e3f621c520377d7eb449bd78e9b309f483fc6a,7e61f4823860ac67fc2cf7b88c0b78031ccbd9e2a1f7bf6285099b2c126d9b06,2026-08-06T11:21:41Z,2026-08-06-p2-finite-linear-memory-skill-decomposition,2.0
Zarra EMEP,GLOBAL_COMMON,2,21,ridge_direct,1016,52.327717680925204,52.327717680925204,0.0,5.233771768092521e-09,1e-12,1e-10,True,4a49b08b041c578ec5981dc1472125b2af0a4d59,572a6a79dfaf6247292af8c946e3f621c520377d7eb449bd78e9b309f483fc6a,7e61f4823860ac67fc2cf7b88c0b78031ccbd9e2a1f7bf6285099b2c126d9b06,2026-08-06T11:21:41Z,2026-08-06-p2-finite-linear-memory-skill-decomposition,2.0
Zarra EMEP,GLOBAL_COMMON,2,21,hgb_direct,1016,56.50241826714273,56.50241826714273,0.0,5.651241826714273e-09,1e-12,1e-10,True,4a49b08b041c578ec5981dc1472125b2af0a4d59,572a6a79dfaf6247292af8c946e3f621c520377d7eb449bd78e9b309f483fc6a,7e61f4823860ac67fc2cf7b88c0b78031ccbd9e2a1f7bf6285099b2c126d9b06,2026-08-06T11:21:41Z,2026-08-06-p2-finite-linear-memory-skill-decomposition,2.0
Zarra EMEP,GLOBAL_COMMON,3,7,ridge_direct,1014,77.5350878926573,77.5350878926573,0.0,7.75450878926573e-09,1e-12,1e-10,True,4a49b08b041c578ec5981dc1472125b2af0a4d59,572a6a79dfaf6247292af8c946e3f621c520377d7eb449bd78e9b309f483fc6a,7e61f4823860ac67fc2cf7b88c0b78031ccbd9e2a1f7bf6285099b2c126d9b06,2026-08-06T11:21:41Z,2026-08-06-p2-finite-linear-memory-skill-decomposition,2.0
Zarra EMEP,GLOBAL_COMMON,3,7,hgb_direct,1014,81.20082180243553,81.20082180243553,0.0,8.121082180243552e-09,1e-12,1e-10,True,4a49b08b041c578ec5981dc1472125b2af0a4d59,572a6a79dfaf6247292af8c946e3f621c520377d7eb449bd78e9b309f483fc6a,7e61f4823860ac67fc2cf7b88c0b78031ccbd9e2a1f7bf6285099b2c126d9b06,2026-08-06T11:21:41Z,2026-08-06-p2-finite-linear-memory-skill-decomposition,2.0
Zarra EMEP,GLOBAL_COMMON,3,14,ridge_direct,1014,77.5350878926573,77.5350878926573,0.0,7.75450878926573e-09,1e-12,1e-10,True,4a49b08b041c578ec5981dc1472125b2af0a4d59,572a6a79dfaf6247292af8c946e3f621c520377d7eb449bd78e9b309f483fc6a,7e61f4823860ac67fc2cf7b88c0b78031ccbd9e2a1f7bf6285099b2c126d9b06,2026-08-06T11:21:41Z,2026-08-06-p2-finite-linear-memory-skill-decomposition,2.0
Zarra EMEP,GLOBAL_COMMON,3,14,hgb_direct,1014,81.20082180243553,81.20082180243553,0.0,8.121082180243552e-09,1e-12,1e-10,True,4a49b08b041c578ec5981dc1472125b2af0a4d59,572a6a79dfaf6247292af8c946e3f621c520377d7eb449bd78e9b309f483fc6a,7e61f4823860ac67fc2cf7b88c0b78031ccbd9e2a1f7bf6285099b2c126d9b06,2026-08-06T11:21:41Z,2026-08-06-p2-finite-linear-memory-skill-decomposition,2.0
Zarra EMEP,GLOBAL_COMMON,3,21,ridge_direct,1014,77.5350878926573,77.5350878926573,0.0,7.75450878926573e-09,1e-12,1e-10,True,4a49b08b041c578ec5981dc1472125b2af0a4d59,572a6a79dfaf6247292af8c946e3f621c520377d7eb449bd78e9b309f483fc6a,7e61f4823860ac67fc2cf7b88c0b78031ccbd9e2a1f7bf6285099b2c126d9b06,2026-08-06T11:21:41Z,2026-08-06-p2-finite-linear-memory-skill-decomposition,2.0
Zarra EMEP,GLOBAL_COMMON,3,21,hgb_direct,1014,81.20082180243553,81.20082180243553,0.0,8.121082180243552e-09,1e-12,1e-10,True,4a49b08b041c578ec5981dc1472125b2af0a4d59,572a6a79dfaf6247292af8c946e3f621c520377d7eb449bd78e9b309f483fc6a,7e61f4823860ac67fc2cf7b88c0b78031ccbd9e2a1f7bf6285099b2c126d9b06,2026-08-06T11:21:41Z,2026-08-06-p2-finite-linear-memory-skill-decomposition,2.0
Zarra EMEP,GLOBAL_COMMON,4,7,ridge_direct,1014,83.04459213570252,83.04459213570252,0.0,8.305459213570252e-09,1e-12,1e-10,True,4a49b08b041c578ec5981dc1472125b2af0a4d59,572a6a79dfaf6247292af8c946e3f621c520377d7eb449bd78e9b309f483fc6a,7e61f4823860ac67fc2cf7b88c0b78031ccbd9e2a1f7bf6285099b2c126d9b06,2026-08-06T11:21:41Z,2026-08-06-p2-finite-linear-memory-skill-decomposition,2.0
Zarra EMEP,GLOBAL_COMMON,4,7,hgb_direct,1014,85.91830579101537,85.91830579101537,0.0,8.592830579101537e-09,1e-12,1e-10,True,4a49b08b041c578ec5981dc1472125b2af0a4d59,572a6a79dfaf6247292af8c946e3f621c520377d7eb449bd78e9b309f483fc6a,7e61f4823860ac67fc2cf7b88c0b78031ccbd9e2a1f7bf6285099b2c126d9b06,2026-08-06T11:21:41Z,2026-08-06-p2-finite-linear-memory-skill-decomposition,2.0
Zarra EMEP,GLOBAL_COMMON,4,14,ridge_direct,1014,83.04459213570252,83.04459213570252,0.0,8.305459213570252e-09,1e-12,1e-10,True,4a49b08b041c578ec5981dc1472125b2af0a4d59,572a6a79dfaf6247292af8c946e3f621c520377d7eb449bd78e9b309f483fc6a,7e61f4823860ac67fc2cf7b88c0b78031ccbd9e2a1f7bf6285099b2c126d9b06,2026-08-06T11:21:41Z,2026-08-06-p2-finite-linear-memory-skill-decomposition,2.0
Zarra EMEP,GLOBAL_COMMON,4,14,hgb_direct,1014,85.91830579101537,85.91830579101537,0.0,8.592830579101537e-09,1e-12,1e-10,True,4a49b08b041c578ec5981dc1472125b2af0a4d59,572a6a79dfaf6247292af8c946e3f621c520377d7eb449bd78e9b309f483fc6a,7e61f4823860ac67fc2cf7b88c0b78031ccbd9e2a1f7bf6285099b2c126d9b06,2026-08-06T11:21:41Z,2026-08-06-p2-finite-linear-memory-skill-decomposition,2.0
Zarra EMEP,GLOBAL_COMMON,4,21,ridge_direct,1014,83.04459213570252,83.04459213570252,0.0,8.305459213570252e-09,1e-12,1e-10,True,4a49b08b041c578ec5981dc1472125b2af0a4d59,572a6a79dfaf6247292af8c946e3f621c520377d7eb449bd78e9b309f483fc6a,7e61f4823860ac67fc2cf7b88c0b78031ccbd9e2a1f7bf6285099b2c126d9b06,2026-08-06T11:21:41Z,2026-08-06-p2-finite-linear-memory-skill-decomposition,2.0
Zarra EMEP,GLOBAL_COMMON,4,21,hgb_direct,1014,85.91830579101537,85.91830579101537,0.0,8.592830579101537e-09,1e-12,1e-10,True,4a49b08b041c578ec5981dc1472125b2af0a4d59,572a6a79dfaf6247292af8c946e3f621c520377d7eb449bd78e9b309f483fc6a,7e61f4823860ac67fc2cf7b88c0b78031ccbd9e2a1f7bf6285099b2c126d9b06,2026-08-06T11:21:41Z,2026-08-06-p2-finite-linear-memory-skill-decomposition,2.0
Zarra EMEP,GLOBAL_COMMON,5,7,ridge_direct,1013,79.7528177189321,79.7528177189321,0.0,7.97628177189321e-09,1e-12,1e-10,True,4a49b08b041c578ec5981dc1472125b2af0a4d59,572a6a79dfaf6247292af8c946e3f621c520377d7eb449bd78e9b309f483fc6a,7e61f4823860ac67fc2cf7b88c0b78031ccbd9e2a1f7bf6285099b2c126d9b06,2026-08-06T11:21:41Z,2026-08-06-p2-finite-linear-memory-skill-decomposition,2.0
Zarra EMEP,GLOBAL_COMMON,5,7,hgb_direct,1013,81.99467831538163,81.99467831538163,0.0,8.200467831538163e-09,1e-12,1e-10,True,4a49b08b041c578ec5981dc1472125b2af0a4d59,572a6a79dfaf6247292af8c946e3f621c520377d7eb449bd78e9b309f483fc6a,7e61f4823860ac67fc2cf7b88c0b78031ccbd9e2a1f7bf6285099b2c126d9b06,2026-08-06T11:21:41Z,2026-08-06-p2-finite-linear-memory-skill-decomposition,2.0
Zarra EMEP,GLOBAL_COMMON,5,14,ridge_direct,1013,79.7528177189321,79.7528177189321,0.0,7.97628177189321e-09,1e-12,1e-10,True,4a49b08b041c578ec5981dc1472125b2af0a4d59,572a6a79dfaf6247292af8c946e3f621c520377d7eb449bd78e9b309f483fc6a,7e61f4823860ac67fc2cf7b88c0b78031ccbd9e2a1f7bf6285099b2c126d9b06,2026-08-06T11:21:41Z,2026-08-06-p2-finite-linear-memory-skill-decomposition,2.0
Zarra EMEP,GLOBAL_COMMON,5,14,hgb_direct,1013,81.99467831538163,81.99467831538163,0.0,8.200467831538163e-09,1e-12,1e-10,True,4a49b08b041c578ec5981dc1472125b2af0a4d59,572a6a79dfaf6247292af8c946e3f621c520377d7eb449bd78e9b309f483fc6a,7e61f4823860ac67fc2cf7b88c0b78031ccbd9e2a1f7bf6285099b2c126d9b06,2026-08-06T11:21:41Z,2026-08-06-p2-finite-linear-memory-skill-decomposition,2.0
Zarra EMEP,GLOBAL_COMMON,5,21,ridge_direct,1013,79.7528177189321,79.7528177189321,0.0,7.97628177189321e-09,1e-12,1e-10,True,4a49b08b041c578ec5981dc1472125b2af0a4d59,572a6a79dfaf6247292af8c946e3f621c520377d7eb449bd78e9b309f483fc6a,7e61f4823860ac67fc2cf7b88c0b78031ccbd9e2a1f7bf6285099b2c126d9b06,2026-08-06T11:21:41Z,2026-08-06-p2-finite-linear-memory-skill-decomposition,2.0
Zarra EMEP,GLOBAL_COMMON,5,21,hgb_direct,1013,81.99467831538163,81.99467831538163,0.0,8.200467831538163e-09,1e-12,1e-10,True,4a49b08b041c578ec5981dc1472125b2af0a4d59,572a6a79dfaf6247292af8c946e3f621c520377d7eb449bd78e9b309f483fc6a,7e61f4823860ac67fc2cf7b88c0b78031ccbd9e2a1f7bf6285099b2c126d9b06,2026-08-06T11:21:41Z,2026-08-06-p2-finite-linear-memory-skill-decomposition,2.0
Zarra EMEP,GLOBAL_COMMON,6,7,ridge_direct,1012,79.32854498682335,79.32854498682335,0.0,7.933854498682334e-09,1e-12,1e-10,True,4a49b08b041c578ec5981dc1472125b2af0a4d59,572a6a79dfaf6247292af8c946e3f621c520377d7eb449bd78e9b309f483fc6a,7e61f4823860ac67fc2cf7b88c0b78031ccbd9e2a1f7bf6285099b2c126d9b06,2026-08-06T11:21:41Z,2026-08-06-p2-finite-linear-memory-skill-decomposition,2.0
Zarra EMEP,GLOBAL_COMMON,6,7,hgb_direct,1012,80.53881663504873,80.53881663504873,0.0,8.054881663504873e-09,1e-12,1e-10,True,4a49b08b041c578ec5981dc1472125b2af0a4d59,572a6a79dfaf6247292af8c946e3f621c520377d7eb449bd78e9b309f483fc6a,7e61f4823860ac67fc2cf7b88c0b78031ccbd9e2a1f7bf6285099b2c126d9b06,2026-08-06T11:21:41Z,2026-08-06-p2-finite-linear-memory-skill-decomposition,2.0
Zarra EMEP,GLOBAL_COMMON,6,14,ridge_direct,1012,79.32854498682335,79.32854498682335,0.0,7.933854498682334e-09,1e-12,1e-10,True,4a49b08b041c578ec5981dc1472125b2af0a4d59,572a6a79dfaf6247292af8c946e3f621c520377d7eb449bd78e9b309f483fc6a,7e61f4823860ac67fc2cf7b88c0b78031ccbd9e2a1f7bf6285099b2c126d9b06,2026-08-06T11:21:41Z,2026-08-06-p2-finite-linear-memory-skill-decomposition,2.0
Zarra EMEP,GLOBAL_COMMON,6,14,hgb_direct,1012,80.53881663504873,80.53881663504873,0.0,8.054881663504873e-09,1e-12,1e-10,True,4a49b08b041c578ec5981dc1472125b2af0a4d59,572a6a79dfaf6247292af8c946e3f621c520377d7eb449bd78e9b309f483fc6a,7e61f4823860ac67fc2cf7b88c0b78031ccbd9e2a1f7bf6285099b2c126d9b06,2026-08-06T11:21:41Z,2026-08-06-p2-finite-linear-memory-skill-decomposition,2.0
Zarra EMEP,GLOBAL_COMMON,6,21,ridge_direct,1012,79.32854498682335,79.32854498682335,0.0,7.933854498682334e-09,1e-12,1e-10,True,4a49b08b041c578ec5981dc1472125b2af0a4d59,572a6a79dfaf6247292af8c946e3f621c520377d7eb449bd78e9b309f483fc6a,7e61f4823860ac67fc2cf7b88c0b78031ccbd9e2a1f7bf6285099b2c126d9b06,2026-08-06T11:21:41Z,2026-08-06-p2-finite-linear-memory-skill-decomposition,2.0
Zarra EMEP,GLOBAL_COMMON,6,21,hgb_direct,1012,80.53881663504873,80.53881663504873,0.0,8.054881663504873e-09,1e-12,1e-10,True,4a49b08b041c578ec5981dc1472125b2af0a4d59,572a6a79dfaf6247292af8c946e3f621c520377d7eb449bd78e9b309f483fc6a,7e61f4823860ac67fc2cf7b88c0b78031ccbd9e2a1f7bf6285099b2c126d9b06,2026-08-06T11:21:41Z,2026-08-06-p2-finite-linear-memory-skill-decomposition,2.0
Zarra EMEP,GLOBAL_COMMON,7,7,ridge_direct,1011,84.99062816741792,84.99062816741792,0.0,8.500062816741792e-09,1e-12,1e-10,True,4a49b08b041c578ec5981dc1472125b2af0a4d59,572a6a79dfaf6247292af8c946e3f621c520377d7eb449bd78e9b309f483fc6a,7e61f4823860ac67fc2cf7b88c0b78031ccbd9e2a1f7bf6285099b2c126d9b06,2026-08-06T11:21:41Z,2026-08-06-p2-finite-linear-memory-skill-decomposition,2.0
Zarra EMEP,GLOBAL_COMMON,7,7,hgb_direct,1011,83.4732718889531,83.4732718889531,0.0,8.348327188895309e-09,1e-12,1e-10,True,4a49b08b041c578ec5981dc1472125b2af0a4d59,572a6a79dfaf6247292af8c946e3f621c520377d7eb449bd78e9b309f483fc6a,7e61f4823860ac67fc2cf7b88c0b78031ccbd9e2a1f7bf6285099b2c126d9b06,2026-08-06T11:21:41Z,2026-08-06-p2-finite-linear-memory-skill-decomposition,2.0
Zarra EMEP,GLOBAL_COMMON,7,14,ridge_direct,1011,84.99062816741792,84.99062816741792,0.0,8.500062816741792e-09,1e-12,1e-10,True,4a49b08b041c578ec5981dc1472125b2af0a4d59,572a6a79dfaf6247292af8c946e3f621c520377d7eb449bd78e9b309f483fc6a,7e61f4823860ac67fc2cf7b88c0b78031ccbd9e2a1f7bf6285099b2c126d9b06,2026-08-06T11:21:41Z,2026-08-06-p2-finite-linear-memory-skill-decomposition,2.0
Zarra EMEP,GLOBAL_COMMON,7,14,hgb_direct,1011,83.4732718889531,83.4732718889531,0.0,8.348327188895309e-09,1e-12,1e-10,True,4a49b08b041c578ec5981dc1472125b2af0a4d59,572a6a79dfaf6247292af8c946e3f621c520377d7eb449bd78e9b309f483fc6a,7e61f4823860ac67fc2cf7b88c0b78031ccbd9e2a1f7bf6285099b2c126d9b06,2026-08-06T11:21:41Z,2026-08-06-p2-finite-linear-memory-skill-decomposition,2.0
Zarra EMEP,GLOBAL_COMMON,7,21,ridge_direct,1011,84.99062816741792,84.99062816741792,0.0,8.500062816741792e-09,1e-12,1e-10,True,4a49b08b041c578ec5981dc1472125b2af0a4d59,572a6a79dfaf6247292af8c946e3f621c520377d7eb449bd78e9b309f483fc6a,7e61f4823860ac67fc2cf7b88c0b78031ccbd9e2a1f7bf6285099b2c126d9b06,2026-08-06T11:21:41Z,2026-08-06-p2-finite-linear-memory-skill-decomposition,2.0
Zarra EMEP,GLOBAL_COMMON,7,21,hgb_direct,1011,83.4732718889531,83.4732718889531,0.0,8.348327188895309e-09,1e-12,1e-10,True,4a49b08b041c578ec5981dc1472125b2af0a4d59,572a6a79dfaf6247292af8c946e3f621c520377d7eb449bd78e9b309f483fc6a,7e61f4823860ac67fc2cf7b88c0b78031ccbd9e2a1f7bf6285099b2c126d9b06,2026-08-06T11:21:41Z,2026-08-06-p2-finite-linear-memory-skill-decomposition,2.0
Zarra EMEP,GLOBAL_COMMON_WITH_SARIMA,1,7,ridge_direct,70,-7.949518497531621,-7.949518497531621,0.0,7.959518497531621e-10,1e-12,1e-10,True,4a49b08b041c578ec5981dc1472125b2af0a4d59,572a6a79dfaf6247292af8c946e3f621c520377d7eb449bd78e9b309f483fc6a,7e61f4823860ac67fc2cf7b88c0b78031ccbd9e2a1f7bf6285099b2c126d9b06,2026-08-06T11:21:41Z,2026-08-06-p2-finite-linear-memory-skill-decomposition,2.0
Zarra EMEP,GLOBAL_COMMON_WITH_SARIMA,1,7,hgb_direct,70,-22.11263656900386,-22.11263656900386,0.0,2.212263656900386e-09,1e-12,1e-10,True,4a49b08b041c578ec5981dc1472125b2af0a4d59,572a6a79dfaf6247292af8c946e3f621c520377d7eb449bd78e9b309f483fc6a,7e61f4823860ac67fc2cf7b88c0b78031ccbd9e2a1f7bf6285099b2c126d9b06,2026-08-06T11:21:41Z,2026-08-06-p2-finite-linear-memory-skill-decomposition,2.0
Zarra EMEP,GLOBAL_COMMON_WITH_SARIMA,1,7,sarima,70,-6.195095315297692,-6.195095315297692,0.0,6.205095315297693e-10,1e-12,1e-10,True,4a49b08b041c578ec5981dc1472125b2af0a4d59,572a6a79dfaf6247292af8c946e3f621c520377d7eb449bd78e9b309f483fc6a,7e61f4823860ac67fc2cf7b88c0b78031ccbd9e2a1f7bf6285099b2c126d9b06,2026-08-06T11:21:41Z,2026-08-06-p2-finite-linear-memory-skill-decomposition,2.0
Zarra EMEP,GLOBAL_COMMON_WITH_SARIMA,1,14,ridge_direct,70,-7.949518497531621,-7.949518497531621,0.0,7.959518497531621e-10,1e-12,1e-10,True,4a49b08b041c578ec5981dc1472125b2af0a4d59,572a6a79dfaf6247292af8c946e3f621c520377d7eb449bd78e9b309f483fc6a,7e61f4823860ac67fc2cf7b88c0b78031ccbd9e2a1f7bf6285099b2c126d9b06,2026-08-06T11:21:41Z,2026-08-06-p2-finite-linear-memory-skill-decomposition,2.0
Zarra EMEP,GLOBAL_COMMON_WITH_SARIMA,1,14,hgb_direct,70,-22.11263656900386,-22.11263656900386,0.0,2.212263656900386e-09,1e-12,1e-10,True,4a49b08b041c578ec5981dc1472125b2af0a4d59,572a6a79dfaf6247292af8c946e3f621c520377d7eb449bd78e9b309f483fc6a,7e61f4823860ac67fc2cf7b88c0b78031ccbd9e2a1f7bf6285099b2c126d9b06,2026-08-06T11:21:41Z,2026-08-06-p2-finite-linear-memory-skill-decomposition,2.0
Zarra EMEP,GLOBAL_COMMON_WITH_SARIMA,1,14,sarima,70,-6.195095315297692,-6.195095315297692,0.0,6.205095315297693e-10,1e-12,1e-10,True,4a49b08b041c578ec5981dc1472125b2af0a4d59,572a6a79dfaf6247292af8c946e3f621c520377d7eb449bd78e9b309f483fc6a,7e61f4823860ac67fc2cf7b88c0b78031ccbd9e2a1f7bf6285099b2c126d9b06,2026-08-06T11:21:41Z,2026-08-06-p2-finite-linear-memory-skill-decomposition,2.0
Zarra EMEP,GLOBAL_COMMON_WITH_SARIMA,1,21,ridge_direct,70,-7.949518497531621,-7.949518497531621,0.0,7.959518497531621e-10,1e-12,1e-10,True,4a49b08b041c578ec5981dc1472125b2af0a4d59,572a6a79dfaf6247292af8c946e3f621c520377d7eb449bd78e9b309f483fc6a,7e61f4823860ac67fc2cf7b88c0b78031ccbd9e2a1f7bf6285099b2c126d9b06,2026-08-06T11:21:41Z,2026-08-06-p2-finite-linear-memory-skill-decomposition,2.0
Zarra EMEP,GLOBAL_COMMON_WITH_SARIMA,1,21,hgb_direct,70,-22.11263656900386,-22.11263656900386,0.0,2.212263656900386e-09,1e-12,1e-10,True,4a49b08b041c578ec5981dc1472125b2af0a4d59,572a6a79dfaf6247292af8c946e3f621c520377d7eb449bd78e9b309f483fc6a,7e61f4823860ac67fc2cf7b88c0b78031ccbd9e2a1f7bf6285099b2c126d9b06,2026-08-06T11:21:41Z,2026-08-06-p2-finite-linear-memory-skill-decomposition,2.0
Zarra EMEP,GLOBAL_COMMON_WITH_SARIMA,1,21,sarima,70,-6.195095315297692,-6.195095315297692,0.0,6.205095315297693e-10,1e-12,1e-10,True,4a49b08b041c578ec5981dc1472125b2af0a4d59,572a6a79dfaf6247292af8c946e3f621c520377d7eb449bd78e9b309f483fc6a,7e61f4823860ac67fc2cf7b88c0b78031ccbd9e2a1f7bf6285099b2c126d9b06,2026-08-06T11:21:41Z,2026-08-06-p2-finite-linear-memory-skill-decomposition,2.0
Zarra EMEP,GLOBAL_COMMON_WITH_SARIMA,2,7,ridge_direct,70,2.594567772884517,2.594567772884517,0.0,2.604567772884517e-10,1e-12,1e-10,True,4a49b08b041c578ec5981dc1472125b2af0a4d59,572a6a79dfaf6247292af8c946e3f621c520377d7eb449bd78e9b309f483fc6a,7e61f4823860ac67fc2cf7b88c0b78031ccbd9e2a1f7bf6285099b2c126d9b06,2026-08-06T11:21:41Z,2026-08-06-p2-finite-linear-memory-skill-decomposition,2.0
Zarra EMEP,GLOBAL_COMMON_WITH_SARIMA,2,7,hgb_direct,70,-5.253749707673336,-5.253749707673336,0.0,5.263749707673336e-10,1e-12,1e-10,True,4a49b08b041c578ec5981dc1472125b2af0a4d59,572a6a79dfaf6247292af8c946e3f621c520377d7eb449bd78e9b309f483fc6a,7e61f4823860ac67fc2cf7b88c0b78031ccbd9e2a1f7bf6285099b2c126d9b06,2026-08-06T11:21:41Z,2026-08-06-p2-finite-linear-memory-skill-decomposition,2.0
Zarra EMEP,GLOBAL_COMMON_WITH_SARIMA,2,7,sarima,70,2.931468046493457,2.931468046493457,0.0,2.941468046493457e-10,1e-12,1e-10,True,4a49b08b041c578ec5981dc1472125b2af0a4d59,572a6a79dfaf6247292af8c946e3f621c520377d7eb449bd78e9b309f483fc6a,7e61f4823860ac67fc2cf7b88c0b78031ccbd9e2a1f7bf6285099b2c126d9b06,2026-08-06T11:21:41Z,2026-08-06-p2-finite-linear-memory-skill-decomposition,2.0
Zarra EMEP,GLOBAL_COMMON_WITH_SARIMA,2,14,ridge_direct,70,2.594567772884517,2.594567772884517,0.0,2.604567772884517e-10,1e-12,1e-10,True,4a49b08b041c578ec5981dc1472125b2af0a4d59,572a6a79dfaf6247292af8c946e3f621c520377d7eb449bd78e9b309f483fc6a,7e61f4823860ac67fc2cf7b88c0b78031ccbd9e2a1f7bf6285099b2c126d9b06,2026-08-06T11:21:41Z,2026-08-06-p2-finite-linear-memory-skill-decomposition,2.0
Zarra EMEP,GLOBAL_COMMON_WITH_SARIMA,2,14,hgb_direct,70,-5.253749707673336,-5.253749707673336,0.0,5.263749707673336e-10,1e-12,1e-10,True,4a49b08b041c578ec5981dc1472125b2af0a4d59,572a6a79dfaf6247292af8c946e3f621c520377d7eb449bd78e9b309f483fc6a,7e61f4823860ac67fc2cf7b88c0b78031ccbd9e2a1f7bf6285099b2c126d9b06,2026-08-06T11:21:41Z,2026-08-06-p2-finite-linear-memory-skill-decomposition,2.0
Zarra EMEP,GLOBAL_COMMON_WITH_SARIMA,2,14,sarima,70,2.931468046493457,2.931468046493457,0.0,2.941468046493457e-10,1e-12,1e-10,True,4a49b08b041c578ec5981dc1472125b2af0a4d59,572a6a79dfaf6247292af8c946e3f621c520377d7eb449bd78e9b309f483fc6a,7e61f4823860ac67fc2cf7b88c0b78031ccbd9e2a1f7bf6285099b2c126d9b06,2026-08-06T11:21:41Z,2026-08-06-p2-finite-linear-memory-skill-decomposition,2.0
Zarra EMEP,GLOBAL_COMMON_WITH_SARIMA,2,21,ridge_direct,70,2.594567772884517,2.594567772884517,0.0,2.604567772884517e-10,1e-12,1e-10,True,4a49b08b041c578ec5981dc1472125b2af0a4d59,572a6a79dfaf6247292af8c946e3f621c520377d7eb449bd78e9b309f483fc6a,7e61f4823860ac67fc2cf7b88c0b78031ccbd9e2a1f7bf6285099b2c126d9b06,2026-08-06T11:21:41Z,2026-08-06-p2-finite-linear-memory-skill-decomposition,2.0
Zarra EMEP,GLOBAL_COMMON_WITH_SARIMA,2,21,hgb_direct,70,-5.253749707673336,-5.253749707673336,0.0,5.263749707673336e-10,1e-12,1e-10,True,4a49b08b041c578ec5981dc1472125b2af0a4d59,572a6a79dfaf6247292af8c946e3f621c520377d7eb449bd78e9b309f483fc6a,7e61f4823860ac67fc2cf7b88c0b78031ccbd9e2a1f7bf6285099b2c126d9b06,2026-08-06T11:21:41Z,2026-08-06-p2-finite-linear-memory-skill-decomposition,2.0
Zarra EMEP,GLOBAL_COMMON_WITH_SARIMA,2,21,sarima,70,2.931468046493457,2.931468046493457,0.0,2.941468046493457e-10,1e-12,1e-10,True,4a49b08b041c578ec5981dc1472125b2af0a4d59,572a6a79dfaf6247292af8c946e3f621c520377d7eb449bd78e9b309f483fc6a,7e61f4823860ac67fc2cf7b88c0b78031ccbd9e2a1f7bf6285099b2c126d9b06,2026-08-06T11:21:41Z,2026-08-06-p2-finite-linear-memory-skill-decomposition,2.0
Zarra EMEP,GLOBAL_COMMON_WITH_SARIMA,3,7,ridge_direct,73,51.598125921301694,51.598125921301694,0.0,5.16081259213017e-09,1e-12,1e-10,True,4a49b08b041c578ec5981dc1472125b2af0a4d59,572a6a79dfaf6247292af8c946e3f621c520377d7eb449bd78e9b309f483fc6a,7e61f4823860ac67fc2cf7b88c0b78031ccbd9e2a1f7bf6285099b2c126d9b06,2026-08-06T11:21:41Z,2026-08-06-p2-finite-linear-memory-skill-decomposition,2.0
Zarra EMEP,GLOBAL_COMMON_WITH_SARIMA,3,7,hgb_direct,73,50.25821554800855,50.25821554800855,0.0,5.026821554800856e-09,1e-12,1e-10,True,4a49b08b041c578ec5981dc1472125b2af0a4d59,572a6a79dfaf6247292af8c946e3f621c520377d7eb449bd78e9b309f483fc6a,7e61f4823860ac67fc2cf7b88c0b78031ccbd9e2a1f7bf6285099b2c126d9b06,2026-08-06T11:21:41Z,2026-08-06-p2-finite-linear-memory-skill-decomposition,2.0
Zarra EMEP,GLOBAL_COMMON_WITH_SARIMA,3,7,sarima,73,40.546841288459035,40.546841288459035,0.0,4.055684128845904e-09,1e-12,1e-10,True,4a49b08b041c578ec5981dc1472125b2af0a4d59,572a6a79dfaf6247292af8c946e3f621c520377d7eb449bd78e9b309f483fc6a,7e61f4823860ac67fc2cf7b88c0b78031ccbd9e2a1f7bf6285099b2c126d9b06,2026-08-06T11:21:41Z,2026-08-06-p2-finite-linear-memory-skill-decomposition,2.0
Zarra EMEP,GLOBAL_COMMON_WITH_SARIMA,3,14,ridge_direct,73,51.598125921301694,51.598125921301694,0.0,5.16081259213017e-09,1e-12,1e-10,True,4a49b08b041c578ec5981dc1472125b2af0a4d59,572a6a79dfaf6247292af8c946e3f621c520377d7eb449bd78e9b309f483fc6a,7e61f4823860ac67fc2cf7b88c0b78031ccbd9e2a1f7bf6285099b2c126d9b06,2026-08-06T11:21:41Z,2026-08-06-p2-finite-linear-memory-skill-decomposition,2.0
Zarra EMEP,GLOBAL_COMMON_WITH_SARIMA,3,14,hgb_direct,73,50.25821554800855,50.25821554800855,0.0,5.026821554800856e-09,1e-12,1e-10,True,4a49b08b041c578ec5981dc1472125b2af0a4d59,572a6a79dfaf6247292af8c946e3f621c520377d7eb449bd78e9b309f483fc6a,7e61f4823860ac67fc2cf7b88c0b78031ccbd9e2a1f7bf6285099b2c126d9b06,2026-08-06T11:21:41Z,2026-08-06-p2-finite-linear-memory-skill-decomposition,2.0
Zarra EMEP,GLOBAL_COMMON_WITH_SARIMA,3,14,sarima,73,40.546841288459035,40.546841288459035,0.0,4.055684128845904e-09,1e-12,1e-10,True,4a49b08b041c578ec5981dc1472125b2af0a4d59,572a6a79dfaf6247292af8c946e3f621c520377d7eb449bd78e9b309f483fc6a,7e61f4823860ac67fc2cf7b88c0b78031ccbd9e2a1f7bf6285099b2c126d9b06,2026-08-06T11:21:41Z,2026-08-06-p2-finite-linear-memory-skill-decomposition,2.0
Zarra EMEP,GLOBAL_COMMON_WITH_SARIMA,3,21,ridge_direct,73,51.598125921301694,51.598125921301694,0.0,5.16081259213017e-09,1e-12,1e-10,True,4a49b08b041c578ec5981dc1472125b2af0a4d59,572a6a79dfaf6247292af8c946e3f621c520377d7eb449bd78e9b309f483fc6a,7e61f4823860ac67fc2cf7b88c0b78031ccbd9e2a1f7bf6285099b2c126d9b06,2026-08-06T11:21:41Z,2026-08-06-p2-finite-linear-memory-skill-decomposition,2.0
Zarra EMEP,GLOBAL_COMMON_WITH_SARIMA,3,21,hgb_direct,73,50.25821554800855,50.25821554800855,0.0,5.026821554800856e-09,1e-12,1e-10,True,4a49b08b041c578ec5981dc1472125b2af0a4d59,572a6a79dfaf6247292af8c946e3f621c520377d7eb449bd78e9b309f483fc6a,7e61f4823860ac67fc2cf7b88c0b78031ccbd9e2a1f7bf6285099b2c126d9b06,2026-08-06T11:21:41Z,2026-08-06-p2-finite-linear-memory-skill-decomposition,2.0
Zarra EMEP,GLOBAL_COMMON_WITH_SARIMA,3,21,sarima,73,40.546841288459035,40.546841288459035,0.0,4.055684128845904e-09,1e-12,1e-10,True,4a49b08b041c578ec5981dc1472125b2af0a4d59,572a6a79dfaf6247292af8c946e3f621c520377d7eb449bd78e9b309f483fc6a,7e61f4823860ac67fc2cf7b88c0b78031ccbd9e2a1f7bf6285099b2c126d9b06,2026-08-06T11:21:41Z,2026-08-06-p2-finite-linear-memory-skill-decomposition,2.0
Zarra EMEP,GLOBAL_COMMON_WITH_SARIMA,4,7,ridge_direct,70,52.938598277159116,52.938598277159116,0.0,5.294859827715912e-09,1e-12,1e-10,True,4a49b08b041c578ec5981dc1472125b2af0a4d59,572a6a79dfaf6247292af8c946e3f621c520377d7eb449bd78e9b309f483fc6a,7e61f4823860ac67fc2cf7b88c0b78031ccbd9e2a1f7bf6285099b2c126d9b06,2026-08-06T11:21:41Z,2026-08-06-p2-finite-linear-memory-skill-decomposition,2.0
Zarra EMEP,GLOBAL_COMMON_WITH_SARIMA,4,7,hgb_direct,70,46.88718800542509,46.88718800542509,0.0,4.6897188005425096e-09,1e-12,1e-10,True,4a49b08b041c578ec5981dc1472125b2af0a4d59,572a6a79dfaf6247292af8c946e3f621c520377d7eb449bd78e9b309f483fc6a,7e61f4823860ac67fc2cf7b88c0b78031ccbd9e2a1f7bf6285099b2c126d9b06,2026-08-06T11:21:41Z,2026-08-06-p2-finite-linear-memory-skill-decomposition,2.0
Zarra EMEP,GLOBAL_COMMON_WITH_SARIMA,4,7,sarima,70,49.66309200505053,49.66309200505053,0.0,4.967309200505053e-09,1e-12,1e-10,True,4a49b08b041c578ec5981dc1472125b2af0a4d59,572a6a79dfaf6247292af8c946e3f621c520377d7eb449bd78e9b309f483fc6a,7e61f4823860ac67fc2cf7b88c0b78031ccbd9e2a1f7bf6285099b2c126d9b06,2026-08-06T11:21:41Z,2026-08-06-p2-finite-linear-memory-skill-decomposition,2.0
Zarra EMEP,GLOBAL_COMMON_WITH_SARIMA,4,14,ridge_direct,70,52.938598277159116,52.938598277159116,0.0,5.294859827715912e-09,1e-12,1e-10,True,4a49b08b041c578ec5981dc1472125b2af0a4d59,572a6a79dfaf6247292af8c946e3f621c520377d7eb449bd78e9b309f483fc6a,7e61f4823860ac67fc2cf7b88c0b78031ccbd9e2a1f7bf6285099b2c126d9b06,2026-08-06T11:21:41Z,2026-08-06-p2-finite-linear-memory-skill-decomposition,2.0
Zarra EMEP,GLOBAL_COMMON_WITH_SARIMA,4,14,hgb_direct,70,46.88718800542509,46.88718800542509,0.0,4.6897188005425096e-09,1e-12,1e-10,True,4a49b08b041c578ec5981dc1472125b2af0a4d59,572a6a79dfaf6247292af8c946e3f621c520377d7eb449bd78e9b309f483fc6a,7e61f4823860ac67fc2cf7b88c0b78031ccbd9e2a1f7bf6285099b2c126d9b06,2026-08-06T11:21:41Z,2026-08-06-p2-finite-linear-memory-skill-decomposition,2.0
Zarra EMEP,GLOBAL_COMMON_WITH_SARIMA,4,14,sarima,70,49.66309200505053,49.66309200505053,0.0,4.967309200505053e-09,1e-12,1e-10,True,4a49b08b041c578ec5981dc1472125b2af0a4d59,572a6a79dfaf6247292af8c946e3f621c520377d7eb449bd78e9b309f483fc6a,7e61f4823860ac67fc2cf7b88c0b78031ccbd9e2a1f7bf6285099b2c126d9b06,2026-08-06T11:21:41Z,2026-08-06-p2-finite-linear-memory-skill-decomposition,2.0
Zarra EMEP,GLOBAL_COMMON_WITH_SARIMA,4,21,ridge_direct,70,52.938598277159116,52.938598277159116,0.0,5.294859827715912e-09,1e-12,1e-10,True,4a49b08b041c578ec5981dc1472125b2af0a4d59,572a6a79dfaf6247292af8c946e3f621c520377d7eb449bd78e9b309f483fc6a,7e61f4823860ac67fc2cf7b88c0b78031ccbd9e2a1f7bf6285099b2c126d9b06,2026-08-06T11:21:41Z,2026-08-06-p2-finite-linear-memory-skill-decomposition,2.0
Zarra EMEP,GLOBAL_COMMON_WITH_SARIMA,4,21,hgb_direct,70,46.88718800542509,46.88718800542509,0.0,4.6897188005425096e-09,1e-12,1e-10,True,4a49b08b041c578ec5981dc1472125b2af0a4d59,572a6a79dfaf6247292af8c946e3f621c520377d7eb449bd78e9b309f483fc6a,7e61f4823860ac67fc2cf7b88c0b78031ccbd9e2a1f7bf6285099b2c126d9b06,2026-08-06T11:21:41Z,2026-08-06-p2-finite-linear-memory-skill-decomposition,2.0
Zarra EMEP,GLOBAL_COMMON_WITH_SARIMA,4,21,sarima,70,49.66309200505053,49.66309200505053,0.0,4.967309200505053e-09,1e-12,1e-10,True,4a49b08b041c578ec5981dc1472125b2af0a4d59,572a6a79dfaf6247292af8c946e3f621c520377d7eb449bd78e9b309f483fc6a,7e61f4823860ac67fc2cf7b88c0b78031ccbd9e2a1f7bf6285099b2c126d9b06,2026-08-06T11:21:41Z,2026-08-06-p2-finite-linear-memory-skill-decomposition,2.0
Zarra EMEP,GLOBAL_COMMON_WITH_SARIMA,5,7,ridge_direct,70,73.49212684954884,73.49212684954884,0.0,7.350212684954885e-09,1e-12,1e-10,True,4a49b08b041c578ec5981dc1472125b2af0a4d59,572a6a79dfaf6247292af8c946e3f621c520377d7eb449bd78e9b309f483fc6a,7e61f4823860ac67fc2cf7b88c0b78031ccbd9e2a1f7bf6285099b2c126d9b06,2026-08-06T11:21:41Z,2026-08-06-p2-finite-linear-memory-skill-decomposition,2.0
Zarra EMEP,GLOBAL_COMMON_WITH_SARIMA,5,7,hgb_direct,70,77.57278212449306,77.57278212449306,0.0,7.758278212449307e-09,1e-12,1e-10,True,4a49b08b041c578ec5981dc1472125b2af0a4d59,572a6a79dfaf6247292af8c946e3f621c520377d7eb449bd78e9b309f483fc6a,7e61f4823860ac67fc2cf7b88c0b78031ccbd9e2a1f7bf6285099b2c126d9b06,2026-08-06T11:21:41Z,2026-08-06-p2-finite-linear-memory-skill-decomposition,2.0
Zarra EMEP,GLOBAL_COMMON_WITH_SARIMA,5,7,sarima,70,71.29748075238896,71.29748075238896,0.0,7.130748075238897e-09,1e-12,1e-10,True,4a49b08b041c578ec5981dc1472125b2af0a4d59,572a6a79dfaf6247292af8c946e3f621c520377d7eb449bd78e9b309f483fc6a,7e61f4823860ac67fc2cf7b88c0b78031ccbd9e2a1f7bf6285099b2c126d9b06,2026-08-06T11:21:41Z,2026-08-06-p2-finite-linear-memory-skill-decomposition,2.0
Zarra EMEP,GLOBAL_COMMON_WITH_SARIMA,5,14,ridge_direct,70,73.49212684954884,73.49212684954884,0.0,7.350212684954885e-09,1e-12,1e-10,True,4a49b08b041c578ec5981dc1472125b2af0a4d59,572a6a79dfaf6247292af8c946e3f621c520377d7eb449bd78e9b309f483fc6a,7e61f4823860ac67fc2cf7b88c0b78031ccbd9e2a1f7bf6285099b2c126d9b06,2026-08-06T11:21:41Z,2026-08-06-p2-finite-linear-memory-skill-decomposition,2.0
Zarra EMEP,GLOBAL_COMMON_WITH_SARIMA,5,14,hgb_direct,70,77.57278212449306,77.57278212449306,0.0,7.758278212449307e-09,1e-12,1e-10,True,4a49b08b041c578ec5981dc1472125b2af0a4d59,572a6a79dfaf6247292af8c946e3f621c520377d7eb449bd78e9b309f483fc6a,7e61f4823860ac67fc2cf7b88c0b78031ccbd9e2a1f7bf6285099b2c126d9b06,2026-08-06T11:21:41Z,2026-08-06-p2-finite-linear-memory-skill-decomposition,2.0
Zarra EMEP,GLOBAL_COMMON_WITH_SARIMA,5,14,sarima,70,71.29748075238896,71.29748075238896,0.0,7.130748075238897e-09,1e-12,1e-10,True,4a49b08b041c578ec5981dc1472125b2af0a4d59,572a6a79dfaf6247292af8c946e3f621c520377d7eb449bd78e9b309f483fc6a,7e61f4823860ac67fc2cf7b88c0b78031ccbd9e2a1f7bf6285099b2c126d9b06,2026-08-06T11:21:41Z,2026-08-06-p2-finite-linear-memory-skill-decomposition,2.0
Zarra EMEP,GLOBAL_COMMON_WITH_SARIMA,5,21,ridge_direct,70,73.49212684954884,73.49212684954884,0.0,7.350212684954885e-09,1e-12,1e-10,True,4a49b08b041c578ec5981dc1472125b2af0a4d59,572a6a79dfaf6247292af8c946e3f621c520377d7eb449bd78e9b309f483fc6a,7e61f4823860ac67fc2cf7b88c0b78031ccbd9e2a1f7bf6285099b2c126d9b06,2026-08-06T11:21:41Z,2026-08-06-p2-finite-linear-memory-skill-decomposition,2.0
Zarra EMEP,GLOBAL_COMMON_WITH_SARIMA,5,21,hgb_direct,70,77.57278212449306,77.57278212449307,-1.4210854715202004e-14,7.758278212449307e-09,1e-12,1e-10,True,4a49b08b041c578ec5981dc1472125b2af0a4d59,572a6a79dfaf6247292af8c946e3f621c520377d7eb449bd78e9b309f483fc6a,7e61f4823860ac67fc2cf7b88c0b78031ccbd9e2a1f7bf6285099b2c126d9b06,2026-08-06T11:21:41Z,2026-08-06-p2-finite-linear-memory-skill-decomposition,2.0
Zarra EMEP,GLOBAL_COMMON_WITH_SARIMA,5,21,sarima,70,71.29748075238896,71.29748075238898,-1.4210854715202004e-14,7.130748075238897e-09,1e-12,1e-10,True,4a49b08b041c578ec5981dc1472125b2af0a4d59,572a6a79dfaf6247292af8c946e3f621c520377d7eb449bd78e9b309f483fc6a,7e61f4823860ac67fc2cf7b88c0b78031ccbd9e2a1f7bf6285099b2c126d9b06,2026-08-06T11:21:41Z,2026-08-06-p2-finite-linear-memory-skill-decomposition,2.0
Zarra EMEP,GLOBAL_COMMON_WITH_SARIMA,6,7,ridge_direct,69,70.7245385501229,70.7245385501229,0.0,7.073453855012291e-09,1e-12,1e-10,True,4a49b08b041c578ec5981dc1472125b2af0a4d59,572a6a79dfaf6247292af8c946e3f621c520377d7eb449bd78e9b309f483fc6a,7e61f4823860ac67fc2cf7b88c0b78031ccbd9e2a1f7bf6285099b2c126d9b06,2026-08-06T11:21:41Z,2026-08-06-p2-finite-linear-memory-skill-decomposition,2.0
Zarra EMEP,GLOBAL_COMMON_WITH_SARIMA,6,7,hgb_direct,69,76.40503249276951,76.4050324927695,1.4210854715202004e-14,7.641503249276951e-09,1e-12,1e-10,True,4a49b08b041c578ec5981dc1472125b2af0a4d59,572a6a79dfaf6247292af8c946e3f621c520377d7eb449bd78e9b309f483fc6a,7e61f4823860ac67fc2cf7b88c0b78031ccbd9e2a1f7bf6285099b2c126d9b06,2026-08-06T11:21:41Z,2026-08-06-p2-finite-linear-memory-skill-decomposition,2.0
Zarra EMEP,GLOBAL_COMMON_WITH_SARIMA,6,7,sarima,69,64.41735795682726,64.41735795682726,0.0,6.442735795682726e-09,1e-12,1e-10,True,4a49b08b041c578ec5981dc1472125b2af0a4d59,572a6a79dfaf6247292af8c946e3f621c520377d7eb449bd78e9b309f483fc6a,7e61f4823860ac67fc2cf7b88c0b78031ccbd9e2a1f7bf6285099b2c126d9b06,2026-08-06T11:21:41Z,2026-08-06-p2-finite-linear-memory-skill-decomposition,2.0
Zarra EMEP,GLOBAL_COMMON_WITH_SARIMA,6,14,ridge_direct,69,70.7245385501229,70.7245385501229,0.0,7.073453855012291e-09,1e-12,1e-10,True,4a49b08b041c578ec5981dc1472125b2af0a4d59,572a6a79dfaf6247292af8c946e3f621c520377d7eb449bd78e9b309f483fc6a,7e61f4823860ac67fc2cf7b88c0b78031ccbd9e2a1f7bf6285099b2c126d9b06,2026-08-06T11:21:41Z,2026-08-06-p2-finite-linear-memory-skill-decomposition,2.0
Zarra EMEP,GLOBAL_COMMON_WITH_SARIMA,6,14,hgb_direct,69,76.40503249276951,76.4050324927695,1.4210854715202004e-14,7.641503249276951e-09,1e-12,1e-10,True,4a49b08b041c578ec5981dc1472125b2af0a4d59,572a6a79dfaf6247292af8c946e3f621c520377d7eb449bd78e9b309f483fc6a,7e61f4823860ac67fc2cf7b88c0b78031ccbd9e2a1f7bf6285099b2c126d9b06,2026-08-06T11:21:41Z,2026-08-06-p2-finite-linear-memory-skill-decomposition,2.0
Zarra EMEP,GLOBAL_COMMON_WITH_SARIMA,6,14,sarima,69,64.41735795682726,64.41735795682726,0.0,6.442735795682726e-09,1e-12,1e-10,True,4a49b08b041c578ec5981dc1472125b2af0a4d59,572a6a79dfaf6247292af8c946e3f621c520377d7eb449bd78e9b309f483fc6a,7e61f4823860ac67fc2cf7b88c0b78031ccbd9e2a1f7bf6285099b2c126d9b06,2026-08-06T11:21:41Z,2026-08-06-p2-finite-linear-memory-skill-decomposition,2.0
Zarra EMEP,GLOBAL_COMMON_WITH_SARIMA,6,21,ridge_direct,69,70.7245385501229,70.7245385501229,0.0,7.073453855012291e-09,1e-12,1e-10,True,4a49b08b041c578ec5981dc1472125b2af0a4d59,572a6a79dfaf6247292af8c946e3f621c520377d7eb449bd78e9b309f483fc6a,7e61f4823860ac67fc2cf7b88c0b78031ccbd9e2a1f7bf6285099b2c126d9b06,2026-08-06T11:21:41Z,2026-08-06-p2-finite-linear-memory-skill-decomposition,2.0
Zarra EMEP,GLOBAL_COMMON_WITH_SARIMA,6,21,hgb_direct,69,76.40503249276951,76.40503249276951,0.0,7.641503249276951e-09,1e-12,1e-10,True,4a49b08b041c578ec5981dc1472125b2af0a4d59,572a6a79dfaf6247292af8c946e3f621c520377d7eb449bd78e9b309f483fc6a,7e61f4823860ac67fc2cf7b88c0b78031ccbd9e2a1f7bf6285099b2c126d9b06,2026-08-06T11:21:41Z,2026-08-06-p2-finite-linear-memory-skill-decomposition,2.0
Zarra EMEP,GLOBAL_COMMON_WITH_SARIMA,6,21,sarima,69,64.41735795682726,64.41735795682726,0.0,6.442735795682726e-09,1e-12,1e-10,True,4a49b08b041c578ec5981dc1472125b2af0a4d59,572a6a79dfaf6247292af8c946e3f621c520377d7eb449bd78e9b309f483fc6a,7e61f4823860ac67fc2cf7b88c0b78031ccbd9e2a1f7bf6285099b2c126d9b06,2026-08-06T11:21:41Z,2026-08-06-p2-finite-linear-memory-skill-decomposition,2.0
Zarra EMEP,GLOBAL_COMMON_WITH_SARIMA,7,7,ridge_direct,72,63.965871988719556,63.965871988719556,0.0,6.397587198871956e-09,1e-12,1e-10,True,4a49b08b041c578ec5981dc1472125b2af0a4d59,572a6a79dfaf6247292af8c946e3f621c520377d7eb449bd78e9b309f483fc6a,7e61f4823860ac67fc2cf7b88c0b78031ccbd9e2a1f7bf6285099b2c126d9b06,2026-08-06T11:21:41Z,2026-08-06-p2-finite-linear-memory-skill-decomposition,2.0
Zarra EMEP,GLOBAL_COMMON_WITH_SARIMA,7,7,hgb_direct,72,65.1698929081451,65.1698929081451,0.0,6.517989290814511e-09,1e-12,1e-10,True,4a49b08b041c578ec5981dc1472125b2af0a4d59,572a6a79dfaf6247292af8c946e3f621c520377d7eb449bd78e9b309f483fc6a,7e61f4823860ac67fc2cf7b88c0b78031ccbd9e2a1f7bf6285099b2c126d9b06,2026-08-06T11:21:41Z,2026-08-06-p2-finite-linear-memory-skill-decomposition,2.0
Zarra EMEP,GLOBAL_COMMON_WITH_SARIMA,7,7,sarima,72,53.49293269320364,53.49293269320364,0.0,5.350293269320365e-09,1e-12,1e-10,True,4a49b08b041c578ec5981dc1472125b2af0a4d59,572a6a79dfaf6247292af8c946e3f621c520377d7eb449bd78e9b309f483fc6a,7e61f4823860ac67fc2cf7b88c0b78031ccbd9e2a1f7bf6285099b2c126d9b06,2026-08-06T11:21:41Z,2026-08-06-p2-finite-linear-memory-skill-decomposition,2.0
Zarra EMEP,GLOBAL_COMMON_WITH_SARIMA,7,14,ridge_direct,72,63.965871988719556,63.965871988719556,0.0,6.397587198871956e-09,1e-12,1e-10,True,4a49b08b041c578ec5981dc1472125b2af0a4d59,572a6a79dfaf6247292af8c946e3f621c520377d7eb449bd78e9b309f483fc6a,7e61f4823860ac67fc2cf7b88c0b78031ccbd9e2a1f7bf6285099b2c126d9b06,2026-08-06T11:21:41Z,2026-08-06-p2-finite-linear-memory-skill-decomposition,2.0
Zarra EMEP,GLOBAL_COMMON_WITH_SARIMA,7,14,hgb_direct,72,65.1698929081451,65.1698929081451,0.0,6.517989290814511e-09,1e-12,1e-10,True,4a49b08b041c578ec5981dc1472125b2af0a4d59,572a6a79dfaf6247292af8c946e3f621c520377d7eb449bd78e9b309f483fc6a,7e61f4823860ac67fc2cf7b88c0b78031ccbd9e2a1f7bf6285099b2c126d9b06,2026-08-06T11:21:41Z,2026-08-06-p2-finite-linear-memory-skill-decomposition,2.0
Zarra EMEP,GLOBAL_COMMON_WITH_SARIMA,7,14,sarima,72,53.49293269320364,53.49293269320364,0.0,5.350293269320365e-09,1e-12,1e-10,True,4a49b08b041c578ec5981dc1472125b2af0a4d59,572a6a79dfaf6247292af8c946e3f621c520377d7eb449bd78e9b309f483fc6a,7e61f4823860ac67fc2cf7b88c0b78031ccbd9e2a1f7bf6285099b2c126d9b06,2026-08-06T11:21:41Z,2026-08-06-p2-finite-linear-memory-skill-decomposition,2.0
Zarra EMEP,GLOBAL_COMMON_WITH_SARIMA,7,21,ridge_direct,72,63.965871988719556,63.965871988719556,0.0,6.397587198871956e-09,1e-12,1e-10,True,4a49b08b041c578ec5981dc1472125b2af0a4d59,572a6a79dfaf6247292af8c946e3f621c520377d7eb449bd78e9b309f483fc6a,7e61f4823860ac67fc2cf7b88c0b78031ccbd9e2a1f7bf6285099b2c126d9b06,2026-08-06T11:21:41Z,2026-08-06-p2-finite-linear-memory-skill-decomposition,2.0
Zarra EMEP,GLOBAL_COMMON_WITH_SARIMA,7,21,hgb_direct,72,65.1698929081451,65.1698929081451,0.0,6.517989290814511e-09,1e-12,1e-10,True,4a49b08b041c578ec5981dc1472125b2af0a4d59,572a6a79dfaf6247292af8c946e3f621c520377d7eb449bd78e9b309f483fc6a,7e61f4823860ac67fc2cf7b88c0b78031ccbd9e2a1f7bf6285099b2c126d9b06,2026-08-06T11:21:41Z,2026-08-06-p2-finite-linear-memory-skill-decomposition,2.0
Zarra EMEP,GLOBAL_COMMON_WITH_SARIMA,7,21,sarima,72,53.49293269320364,53.49293269320364,0.0,5.350293269320365e-09,1e-12,1e-10,True,4a49b08b041c578ec5981dc1472125b2af0a4d59,572a6a79dfaf6247292af8c946e3f621c520377d7eb449bd78e9b309f483fc6a,7e61f4823860ac67fc2cf7b88c0b78031ccbd9e2a1f7bf6285099b2c126d9b06,2026-08-06T11:21:41Z,2026-08-06-p2-finite-linear-memory-skill-decomposition,2.0
Zarra EMEP,ORDER_SPECIFIC_p7,1,7,ridge_direct,1463,11.61979424034348,11.61979424034348,0.0,1.1629794240343482e-09,1e-12,1e-10,True,4a49b08b041c578ec5981dc1472125b2af0a4d59,572a6a79dfaf6247292af8c946e3f621c520377d7eb449bd78e9b309f483fc6a,7e61f4823860ac67fc2cf7b88c0b78031ccbd9e2a1f7bf6285099b2c126d9b06,2026-08-06T11:21:41Z,2026-08-06-p2-finite-linear-memory-skill-decomposition,2.0
Zarra EMEP,ORDER_SPECIFIC_p7,1,7,hgb_direct,1463,7.977503080204492,7.977503080204492,0.0,7.987503080204493e-10,1e-12,1e-10,True,4a49b08b041c578ec5981dc1472125b2af0a4d59,572a6a79dfaf6247292af8c946e3f621c520377d7eb449bd78e9b309f483fc6a,7e61f4823860ac67fc2cf7b88c0b78031ccbd9e2a1f7bf6285099b2c126d9b06,2026-08-06T11:21:41Z,2026-08-06-p2-finite-linear-memory-skill-decomposition,2.0
Zarra EMEP,ORDER_SPECIFIC_p7,2,7,ridge_direct,1459,43.886677763181865,43.886677763181865,0.0,4.389667776318187e-09,1e-12,1e-10,True,4a49b08b041c578ec5981dc1472125b2af0a4d59,572a6a79dfaf6247292af8c946e3f621c520377d7eb449bd78e9b309f483fc6a,7e61f4823860ac67fc2cf7b88c0b78031ccbd9e2a1f7bf6285099b2c126d9b06,2026-08-06T11:21:41Z,2026-08-06-p2-finite-linear-memory-skill-decomposition,2.0
Zarra EMEP,ORDER_SPECIFIC_p7,2,7,hgb_direct,1459,47.01613131702926,47.01613131702926,0.0,4.702613131702927e-09,1e-12,1e-10,True,4a49b08b041c578ec5981dc1472125b2af0a4d59,572a6a79dfaf6247292af8c946e3f621c520377d7eb449bd78e9b309f483fc6a,7e61f4823860ac67fc2cf7b88c0b78031ccbd9e2a1f7bf6285099b2c126d9b06,2026-08-06T11:21:41Z,2026-08-06-p2-finite-linear-memory-skill-decomposition,2.0
Zarra EMEP,ORDER_SPECIFIC_p7,3,7,ridge_direct,1456,64.54619734854548,64.54619734854548,0.0,6.455619734854548e-09,1e-12,1e-10,True,4a49b08b041c578ec5981dc1472125b2af0a4d59,572a6a79dfaf6247292af8c946e3f621c520377d7eb449bd78e9b309f483fc6a,7e61f4823860ac67fc2cf7b88c0b78031ccbd9e2a1f7bf6285099b2c126d9b06,2026-08-06T11:21:41Z,2026-08-06-p2-finite-linear-memory-skill-decomposition,2.0
Zarra EMEP,ORDER_SPECIFIC_p7,3,7,hgb_direct,1456,67.70791150843529,67.70791150843529,0.0,6.77179115084353e-09,1e-12,1e-10,True,4a49b08b041c578ec5981dc1472125b2af0a4d59,572a6a79dfaf6247292af8c946e3f621c520377d7eb449bd78e9b309f483fc6a,7e61f4823860ac67fc2cf7b88c0b78031ccbd9e2a1f7bf6285099b2c126d9b06,2026-08-06T11:21:41Z,2026-08-06-p2-finite-linear-memory-skill-decomposition,2.0
Zarra EMEP,ORDER_SPECIFIC_p7,4,7,ridge_direct,1456,70.93991266044883,70.93991266044883,0.0,7.094991266044883e-09,1e-12,1e-10,True,4a49b08b041c578ec5981dc1472125b2af0a4d59,572a6a79dfaf6247292af8c946e3f621c520377d7eb449bd78e9b309f483fc6a,7e61f4823860ac67fc2cf7b88c0b78031ccbd9e2a1f7bf6285099b2c126d9b06,2026-08-06T11:21:41Z,2026-08-06-p2-finite-linear-memory-skill-decomposition,2.0
Zarra EMEP,ORDER_SPECIFIC_p7,4,7,hgb_direct,1456,73.79094808438484,73.79094808438484,0.0,7.380094808438484e-09,1e-12,1e-10,True,4a49b08b041c578ec5981dc1472125b2af0a4d59,572a6a79dfaf6247292af8c946e3f621c520377d7eb449bd78e9b309f483fc6a,7e61f4823860ac67fc2cf7b88c0b78031ccbd9e2a1f7bf6285099b2c126d9b06,2026-08-06T11:21:41Z,2026-08-06-p2-finite-linear-memory-skill-decomposition,2.0
Zarra EMEP,ORDER_SPECIFIC_p7,5,7,ridge_direct,1454,71.37495744981992,71.37495744981992,0.0,7.138495744981992e-09,1e-12,1e-10,True,4a49b08b041c578ec5981dc1472125b2af0a4d59,572a6a79dfaf6247292af8c946e3f621c520377d7eb449bd78e9b309f483fc6a,7e61f4823860ac67fc2cf7b88c0b78031ccbd9e2a1f7bf6285099b2c126d9b06,2026-08-06T11:21:41Z,2026-08-06-p2-finite-linear-memory-skill-decomposition,2.0
Zarra EMEP,ORDER_SPECIFIC_p7,5,7,hgb_direct,1454,73.81041823357879,73.81041823357879,0.0,7.3820418233578794e-09,1e-12,1e-10,True,4a49b08b041c578ec5981dc1472125b2af0a4d59,572a6a79dfaf6247292af8c946e3f621c520377d7eb449bd78e9b309f483fc6a,7e61f4823860ac67fc2cf7b88c0b78031ccbd9e2a1f7bf6285099b2c126d9b06,2026-08-06T11:21:41Z,2026-08-06-p2-finite-linear-memory-skill-decomposition,2.0
Zarra EMEP,ORDER_SPECIFIC_p7,6,7,ridge_direct,1451,73.53628562622531,73.53628562622531,0.0,7.3546285626225315e-09,1e-12,1e-10,True,4a49b08b041c578ec5981dc1472125b2af0a4d59,572a6a79dfaf6247292af8c946e3f621c520377d7eb449bd78e9b309f483fc6a,7e61f4823860ac67fc2cf7b88c0b78031ccbd9e2a1f7bf6285099b2c126d9b06,2026-08-06T11:21:41Z,2026-08-06-p2-finite-linear-memory-skill-decomposition,2.0
Zarra EMEP,ORDER_SPECIFIC_p7,6,7,hgb_direct,1451,74.82508111903029,74.82508111903029,0.0,7.483508111903028e-09,1e-12,1e-10,True,4a49b08b041c578ec5981dc1472125b2af0a4d59,572a6a79dfaf6247292af8c946e3f621c520377d7eb449bd78e9b309f483fc6a,7e61f4823860ac67fc2cf7b88c0b78031ccbd9e2a1f7bf6285099b2c126d9b06,2026-08-06T11:21:41Z,2026-08-06-p2-finite-linear-memory-skill-decomposition,2.0
Zarra EMEP,ORDER_SPECIFIC_p7,7,7,ridge_direct,1449,77.36921214604354,77.36921214604354,0.0,7.737921214604353e-09,1e-12,1e-10,True,4a49b08b041c578ec5981dc1472125b2af0a4d59,572a6a79dfaf6247292af8c946e3f621c520377d7eb449bd78e9b309f483fc6a,7e61f4823860ac67fc2cf7b88c0b78031ccbd9e2a1f7bf6285099b2c126d9b06,2026-08-06T11:21:41Z,2026-08-06-p2-finite-linear-memory-skill-decomposition,2.0
Zarra EMEP,ORDER_SPECIFIC_p7,7,7,hgb_direct,1449,76.81260666646213,76.81260666646213,0.0,7.682260666646213e-09,1e-12,1e-10,True,4a49b08b041c578ec5981dc1472125b2af0a4d59,572a6a79dfaf6247292af8c946e3f621c520377d7eb449bd78e9b309f483fc6a,7e61f4823860ac67fc2cf7b88c0b78031ccbd9e2a1f7bf6285099b2c126d9b06,2026-08-06T11:21:41Z,2026-08-06-p2-finite-linear-memory-skill-decomposition,2.0
Zarra EMEP,ORDER_SPECIFIC_p14,1,14,ridge_direct,1227,13.499942365981525,13.499942365981525,0.0,1.3509942365981527e-09,1e-12,1e-10,True,4a49b08b041c578ec5981dc1472125b2af0a4d59,572a6a79dfaf6247292af8c946e3f621c520377d7eb449bd78e9b309f483fc6a,7e61f4823860ac67fc2cf7b88c0b78031ccbd9e2a1f7bf6285099b2c126d9b06,2026-08-06T11:21:41Z,2026-08-06-p2-finite-linear-memory-skill-decomposition,2.0
Zarra EMEP,ORDER_SPECIFIC_p14,1,14,hgb_direct,1227,11.12221685118783,11.12221685118783,0.0,1.113221685118783e-09,1e-12,1e-10,True,4a49b08b041c578ec5981dc1472125b2af0a4d59,572a6a79dfaf6247292af8c946e3f621c520377d7eb449bd78e9b309f483fc6a,7e61f4823860ac67fc2cf7b88c0b78031ccbd9e2a1f7bf6285099b2c126d9b06,2026-08-06T11:21:41Z,2026-08-06-p2-finite-linear-memory-skill-decomposition,2.0
Zarra EMEP,ORDER_SPECIFIC_p14,2,14,ridge_direct,1224,50.185322362548106,50.185322362548106,0.0,5.019532236254811e-09,1e-12,1e-10,True,4a49b08b041c578ec5981dc1472125b2af0a4d59,572a6a79dfaf6247292af8c946e3f621c520377d7eb449bd78e9b309f483fc6a,7e61f4823860ac67fc2cf7b88c0b78031ccbd9e2a1f7bf6285099b2c126d9b06,2026-08-06T11:21:41Z,2026-08-06-p2-finite-linear-memory-skill-decomposition,2.0
Zarra EMEP,ORDER_SPECIFIC_p14,2,14,hgb_direct,1224,54.09199733110998,54.09199733110998,0.0,5.410199733110999e-09,1e-12,1e-10,True,4a49b08b041c578ec5981dc1472125b2af0a4d59,572a6a79dfaf6247292af8c946e3f621c520377d7eb449bd78e9b309f483fc6a,7e61f4823860ac67fc2cf7b88c0b78031ccbd9e2a1f7bf6285099b2c126d9b06,2026-08-06T11:21:41Z,2026-08-06-p2-finite-linear-memory-skill-decomposition,2.0
Zarra EMEP,ORDER_SPECIFIC_p14,3,14,ridge_direct,1221,72.45517788806178,72.45517788806178,0.0,7.246517788806179e-09,1e-12,1e-10,True,4a49b08b041c578ec5981dc1472125b2af0a4d59,572a6a79dfaf6247292af8c946e3f621c520377d7eb449bd78e9b309f483fc6a,7e61f4823860ac67fc2cf7b88c0b78031ccbd9e2a1f7bf6285099b2c126d9b06,2026-08-06T11:21:41Z,2026-08-06-p2-finite-linear-memory-skill-decomposition,2.0
Zarra EMEP,ORDER_SPECIFIC_p14,3,14,hgb_direct,1221,75.1906499636904,75.1906499636904,0.0,7.52006499636904e-09,1e-12,1e-10,True,4a49b08b041c578ec5981dc1472125b2af0a4d59,572a6a79dfaf6247292af8c946e3f621c520377d7eb449bd78e9b309f483fc6a,7e61f4823860ac67fc2cf7b88c0b78031ccbd9e2a1f7bf6285099b2c126d9b06,2026-08-06T11:21:41Z,2026-08-06-p2-finite-linear-memory-skill-decomposition,2.0
Zarra EMEP,ORDER_SPECIFIC_p14,4,14,ridge_direct,1220,78.78716385678946,78.78716385678946,0.0,7.879716385678947e-09,1e-12,1e-10,True,4a49b08b041c578ec5981dc1472125b2af0a4d59,572a6a79dfaf6247292af8c946e3f621c520377d7eb449bd78e9b309f483fc6a,7e61f4823860ac67fc2cf7b88c0b78031ccbd9e2a1f7bf6285099b2c126d9b06,2026-08-06T11:21:41Z,2026-08-06-p2-finite-linear-memory-skill-decomposition,2.0
Zarra EMEP,ORDER_SPECIFIC_p14,4,14,hgb_direct,1220,81.46866711531499,81.46866711531499,0.0,8.147866711531498e-09,1e-12,1e-10,True,4a49b08b041c578ec5981dc1472125b2af0a4d59,572a6a79dfaf6247292af8c946e3f621c520377d7eb449bd78e9b309f483fc6a,7e61f4823860ac67fc2cf7b88c0b78031ccbd9e2a1f7bf6285099b2c126d9b06,2026-08-06T11:21:41Z,2026-08-06-p2-finite-linear-memory-skill-decomposition,2.0
Zarra EMEP,ORDER_SPECIFIC_p14,5,14,ridge_direct,1217,76.43563923632603,76.43563923632603,0.0,7.644563923632603e-09,1e-12,1e-10,True,4a49b08b041c578ec5981dc1472125b2af0a4d59,572a6a79dfaf6247292af8c946e3f621c520377d7eb449bd78e9b309f483fc6a,7e61f4823860ac67fc2cf7b88c0b78031ccbd9e2a1f7bf6285099b2c126d9b06,2026-08-06T11:21:41Z,2026-08-06-p2-finite-linear-memory-skill-decomposition,2.0
Zarra EMEP,ORDER_SPECIFIC_p14,5,14,hgb_direct,1217,78.63463785258293,78.63463785258293,0.0,7.864463785258292e-09,1e-12,1e-10,True,4a49b08b041c578ec5981dc1472125b2af0a4d59,572a6a79dfaf6247292af8c946e3f621c520377d7eb449bd78e9b309f483fc6a,7e61f4823860ac67fc2cf7b88c0b78031ccbd9e2a1f7bf6285099b2c126d9b06,2026-08-06T11:21:41Z,2026-08-06-p2-finite-linear-memory-skill-decomposition,2.0
Zarra EMEP,ORDER_SPECIFIC_p14,6,14,ridge_direct,1214,75.66292988801774,75.66292988801774,0.0,7.567292988801774e-09,1e-12,1e-10,True,4a49b08b041c578ec5981dc1472125b2af0a4d59,572a6a79dfaf6247292af8c946e3f621c520377d7eb449bd78e9b309f483fc6a,7e61f4823860ac67fc2cf7b88c0b78031ccbd9e2a1f7bf6285099b2c126d9b06,2026-08-06T11:21:41Z,2026-08-06-p2-finite-linear-memory-skill-decomposition,2.0
Zarra EMEP,ORDER_SPECIFIC_p14,6,14,hgb_direct,1214,76.78442187232582,76.78442187232582,0.0,7.679442187232582e-09,1e-12,1e-10,True,4a49b08b041c578ec5981dc1472125b2af0a4d59,572a6a79dfaf6247292af8c946e3f621c520377d7eb449bd78e9b309f483fc6a,7e61f4823860ac67fc2cf7b88c0b78031ccbd9e2a1f7bf6285099b2c126d9b06,2026-08-06T11:21:41Z,2026-08-06-p2-finite-linear-memory-skill-decomposition,2.0
Zarra EMEP,ORDER_SPECIFIC_p14,7,14,ridge_direct,1212,80.60654899713052,80.60654899713052,0.0,8.061654899713052e-09,1e-12,1e-10,True,4a49b08b041c578ec5981dc1472125b2af0a4d59,572a6a79dfaf6247292af8c946e3f621c520377d7eb449bd78e9b309f483fc6a,7e61f4823860ac67fc2cf7b88c0b78031ccbd9e2a1f7bf6285099b2c126d9b06,2026-08-06T11:21:41Z,2026-08-06-p2-finite-linear-memory-skill-decomposition,2.0
Zarra EMEP,ORDER_SPECIFIC_p14,7,14,hgb_direct,1212,79.10498925105975,79.10498925105975,0.0,7.911498925105975e-09,1e-12,1e-10,True,4a49b08b041c578ec5981dc1472125b2af0a4d59,572a6a79dfaf6247292af8c946e3f621c520377d7eb449bd78e9b309f483fc6a,7e61f4823860ac67fc2cf7b88c0b78031ccbd9e2a1f7bf6285099b2c126d9b06,2026-08-06T11:21:41Z,2026-08-06-p2-finite-linear-memory-skill-decomposition,2.0
Zarra EMEP,ORDER_SPECIFIC_p21,1,21,ridge_direct,1019,13.470368660473099,13.470368660473099,0.0,1.3480368660473101e-09,1e-12,1e-10,True,4a49b08b041c578ec5981dc1472125b2af0a4d59,572a6a79dfaf6247292af8c946e3f621c520377d7eb449bd78e9b309f483fc6a,7e61f4823860ac67fc2cf7b88c0b78031ccbd9e2a1f7bf6285099b2c126d9b06,2026-08-06T11:21:41Z,2026-08-06-p2-finite-linear-memory-skill-decomposition,2.0
Zarra EMEP,ORDER_SPECIFIC_p21,1,21,hgb_direct,1019,9.720507530588009,9.720507530588009,0.0,9.73050753058801e-10,1e-12,1e-10,True,4a49b08b041c578ec5981dc1472125b2af0a4d59,572a6a79dfaf6247292af8c946e3f621c520377d7eb449bd78e9b309f483fc6a,7e61f4823860ac67fc2cf7b88c0b78031ccbd9e2a1f7bf6285099b2c126d9b06,2026-08-06T11:21:41Z,2026-08-06-p2-finite-linear-memory-skill-decomposition,2.0
Zarra EMEP,ORDER_SPECIFIC_p21,2,21,ridge_direct,1016,52.327717680925204,52.327717680925204,0.0,5.233771768092521e-09,1e-12,1e-10,True,4a49b08b041c578ec5981dc1472125b2af0a4d59,572a6a79dfaf6247292af8c946e3f621c520377d7eb449bd78e9b309f483fc6a,7e61f4823860ac67fc2cf7b88c0b78031ccbd9e2a1f7bf6285099b2c126d9b06,2026-08-06T11:21:41Z,2026-08-06-p2-finite-linear-memory-skill-decomposition,2.0
Zarra EMEP,ORDER_SPECIFIC_p21,2,21,hgb_direct,1016,56.50241826714273,56.50241826714273,0.0,5.651241826714273e-09,1e-12,1e-10,True,4a49b08b041c578ec5981dc1472125b2af0a4d59,572a6a79dfaf6247292af8c946e3f621c520377d7eb449bd78e9b309f483fc6a,7e61f4823860ac67fc2cf7b88c0b78031ccbd9e2a1f7bf6285099b2c126d9b06,2026-08-06T11:21:41Z,2026-08-06-p2-finite-linear-memory-skill-decomposition,2.0
Zarra EMEP,ORDER_SPECIFIC_p21,3,21,ridge_direct,1014,77.5350878926573,77.5350878926573,0.0,7.75450878926573e-09,1e-12,1e-10,True,4a49b08b041c578ec5981dc1472125b2af0a4d59,572a6a79dfaf6247292af8c946e3f621c520377d7eb449bd78e9b309f483fc6a,7e61f4823860ac67fc2cf7b88c0b78031ccbd9e2a1f7bf6285099b2c126d9b06,2026-08-06T11:21:41Z,2026-08-06-p2-finite-linear-memory-skill-decomposition,2.0
Zarra EMEP,ORDER_SPECIFIC_p21,3,21,hgb_direct,1014,81.20082180243553,81.20082180243553,0.0,8.121082180243552e-09,1e-12,1e-10,True,4a49b08b041c578ec5981dc1472125b2af0a4d59,572a6a79dfaf6247292af8c946e3f621c520377d7eb449bd78e9b309f483fc6a,7e61f4823860ac67fc2cf7b88c0b78031ccbd9e2a1f7bf6285099b2c126d9b06,2026-08-06T11:21:41Z,2026-08-06-p2-finite-linear-memory-skill-decomposition,2.0
Zarra EMEP,ORDER_SPECIFIC_p21,4,21,ridge_direct,1014,83.04459213570252,83.04459213570252,0.0,8.305459213570252e-09,1e-12,1e-10,True,4a49b08b041c578ec5981dc1472125b2af0a4d59,572a6a79dfaf6247292af8c946e3f621c520377d7eb449bd78e9b309f483fc6a,7e61f4823860ac67fc2cf7b88c0b78031ccbd9e2a1f7bf6285099b2c126d9b06,2026-08-06T11:21:41Z,2026-08-06-p2-finite-linear-memory-skill-decomposition,2.0
Zarra EMEP,ORDER_SPECIFIC_p21,4,21,hgb_direct,1014,85.91830579101537,85.91830579101537,0.0,8.592830579101537e-09,1e-12,1e-10,True,4a49b08b041c578ec5981dc1472125b2af0a4d59,572a6a79dfaf6247292af8c946e3f621c520377d7eb449bd78e9b309f483fc6a,7e61f4823860ac67fc2cf7b88c0b78031ccbd9e2a1f7bf6285099b2c126d9b06,2026-08-06T11:21:41Z,2026-08-06-p2-finite-linear-memory-skill-decomposition,2.0
Zarra EMEP,ORDER_SPECIFIC_p21,5,21,ridge_direct,1013,79.7528177189321,79.7528177189321,0.0,7.97628177189321e-09,1e-12,1e-10,True,4a49b08b041c578ec5981dc1472125b2af0a4d59,572a6a79dfaf6247292af8c946e3f621c520377d7eb449bd78e9b309f483fc6a,7e61f4823860ac67fc2cf7b88c0b78031ccbd9e2a1f7bf6285099b2c126d9b06,2026-08-06T11:21:41Z,2026-08-06-p2-finite-linear-memory-skill-decomposition,2.0
Zarra EMEP,ORDER_SPECIFIC_p21,5,21,hgb_direct,1013,81.99467831538163,81.99467831538163,0.0,8.200467831538163e-09,1e-12,1e-10,True,4a49b08b041c578ec5981dc1472125b2af0a4d59,572a6a79dfaf6247292af8c946e3f621c520377d7eb449bd78e9b309f483fc6a,7e61f4823860ac67fc2cf7b88c0b78031ccbd9e2a1f7bf6285099b2c126d9b06,2026-08-06T11:21:41Z,2026-08-06-p2-finite-linear-memory-skill-decomposition,2.0
Zarra EMEP,ORDER_SPECIFIC_p21,6,21,ridge_direct,1012,79.32854498682335,79.32854498682335,0.0,7.933854498682334e-09,1e-12,1e-10,True,4a49b08b041c578ec5981dc1472125b2af0a4d59,572a6a79dfaf6247292af8c946e3f621c520377d7eb449bd78e9b309f483fc6a,7e61f4823860ac67fc2cf7b88c0b78031ccbd9e2a1f7bf6285099b2c126d9b06,2026-08-06T11:21:41Z,2026-08-06-p2-finite-linear-memory-skill-decomposition,2.0
Zarra EMEP,ORDER_SPECIFIC_p21,6,21,hgb_direct,1012,80.53881663504873,80.53881663504873,0.0,8.054881663504873e-09,1e-12,1e-10,True,4a49b08b041c578ec5981dc1472125b2af0a4d59,572a6a79dfaf6247292af8c946e3f621c520377d7eb449bd78e9b309f483fc6a,7e61f4823860ac67fc2cf7b88c0b78031ccbd9e2a1f7bf6285099b2c126d9b06,2026-08-06T11:21:41Z,2026-08-06-p2-finite-linear-memory-skill-decomposition,2.0
Zarra EMEP,ORDER_SPECIFIC_p21,7,21,ridge_direct,1011,84.99062816741792,84.99062816741792,0.0,8.500062816741792e-09,1e-12,1e-10,True,4a49b08b041c578ec5981dc1472125b2af0a4d59,572a6a79dfaf6247292af8c946e3f621c520377d7eb449bd78e9b309f483fc6a,7e61f4823860ac67fc2cf7b88c0b78031ccbd9e2a1f7bf6285099b2c126d9b06,2026-08-06T11:21:41Z,2026-08-06-p2-finite-linear-memory-skill-decomposition,2.0
Zarra EMEP,ORDER_SPECIFIC_p21,7,21,hgb_direct,1011,83.4732718889531,83.4732718889531,0.0,8.348327188895309e-09,1e-12,1e-10,True,4a49b08b041c578ec5981dc1472125b2af0a4d59,572a6a79dfaf6247292af8c946e3f621c520377d7eb449bd78e9b309f483fc6a,7e61f4823860ac67fc2cf7b88c0b78031ccbd9e2a1f7bf6285099b2c126d9b06,2026-08-06T11:21:41Z,2026-08-06-p2-finite-linear-memory-skill-decomposition,2.0
