station,support_type,horizon,p,model,n_cases,pi_linear,status,denominator,denominator_threshold,rel_threshold,code_commit,config_sha256,input_manifest_sha256,generated_at_utc,decision_id,canon_version
Elche,GLOBAL_COMMON,1,7,ridge_direct,782,1.2099113076422636,DEFINED_STABLE,32.565344368307535,1.817774936061381,0.01,4a49b08b041c578ec5981dc1472125b2af0a4d59,572a6a79dfaf6247292af8c946e3f621c520377d7eb449bd78e9b309f483fc6a,7e61f4823860ac67fc2cf7b88c0b78031ccbd9e2a1f7bf6285099b2c126d9b06,2026-08-06T11:21:41Z,2026-08-06-p2-finite-linear-memory-skill-decomposition,2.0
Elche,GLOBAL_COMMON,1,7,hgb_direct,782,3.330647747958162,DEFINED_STABLE,11.829884566038032,1.817774936061381,0.01,4a49b08b041c578ec5981dc1472125b2af0a4d59,572a6a79dfaf6247292af8c946e3f621c520377d7eb449bd78e9b309f483fc6a,7e61f4823860ac67fc2cf7b88c0b78031ccbd9e2a1f7bf6285099b2c126d9b06,2026-08-06T11:21:41Z,2026-08-06-p2-finite-linear-memory-skill-decomposition,2.0
Elche,GLOBAL_COMMON,1,14,ridge_direct,782,1.185092194091717,DEFINED_STABLE,32.565344368307535,1.817774936061381,0.01,4a49b08b041c578ec5981dc1472125b2af0a4d59,572a6a79dfaf6247292af8c946e3f621c520377d7eb449bd78e9b309f483fc6a,7e61f4823860ac67fc2cf7b88c0b78031ccbd9e2a1f7bf6285099b2c126d9b06,2026-08-06T11:21:41Z,2026-08-06-p2-finite-linear-memory-skill-decomposition,2.0
Elche,GLOBAL_COMMON,1,14,hgb_direct,782,3.2623256121691084,DEFINED_STABLE,11.829884566038032,1.817774936061381,0.01,4a49b08b041c578ec5981dc1472125b2af0a4d59,572a6a79dfaf6247292af8c946e3f621c520377d7eb449bd78e9b309f483fc6a,7e61f4823860ac67fc2cf7b88c0b78031ccbd9e2a1f7bf6285099b2c126d9b06,2026-08-06T11:21:41Z,2026-08-06-p2-finite-linear-memory-skill-decomposition,2.0
Elche,GLOBAL_COMMON,1,21,ridge_direct,782,1.1490430338630186,DEFINED_STABLE,32.565344368307535,1.817774936061381,0.01,4a49b08b041c578ec5981dc1472125b2af0a4d59,572a6a79dfaf6247292af8c946e3f621c520377d7eb449bd78e9b309f483fc6a,7e61f4823860ac67fc2cf7b88c0b78031ccbd9e2a1f7bf6285099b2c126d9b06,2026-08-06T11:21:41Z,2026-08-06-p2-finite-linear-memory-skill-decomposition,2.0
Elche,GLOBAL_COMMON,1,21,hgb_direct,782,3.163089367683164,DEFINED_STABLE,11.829884566038032,1.817774936061381,0.01,4a49b08b041c578ec5981dc1472125b2af0a4d59,572a6a79dfaf6247292af8c946e3f621c520377d7eb449bd78e9b309f483fc6a,7e61f4823860ac67fc2cf7b88c0b78031ccbd9e2a1f7bf6285099b2c126d9b06,2026-08-06T11:21:41Z,2026-08-06-p2-finite-linear-memory-skill-decomposition,2.0
Elche,GLOBAL_COMMON,2,7,ridge_direct,770,1.0119487439868602,DEFINED_STABLE,133.71498902567197,3.3224155844155843,0.01,4a49b08b041c578ec5981dc1472125b2af0a4d59,572a6a79dfaf6247292af8c946e3f621c520377d7eb449bd78e9b309f483fc6a,7e61f4823860ac67fc2cf7b88c0b78031ccbd9e2a1f7bf6285099b2c126d9b06,2026-08-06T11:21:41Z,2026-08-06-p2-finite-linear-memory-skill-decomposition,2.0
Elche,GLOBAL_COMMON,2,7,hgb_direct,770,1.0849566893523621,DEFINED_STABLE,124.7171583204092,3.3224155844155843,0.01,4a49b08b041c578ec5981dc1472125b2af0a4d59,572a6a79dfaf6247292af8c946e3f621c520377d7eb449bd78e9b309f483fc6a,7e61f4823860ac67fc2cf7b88c0b78031ccbd9e2a1f7bf6285099b2c126d9b06,2026-08-06T11:21:41Z,2026-08-06-p2-finite-linear-memory-skill-decomposition,2.0
Elche,GLOBAL_COMMON,2,14,ridge_direct,770,1.0038059651020899,DEFINED_STABLE,133.71498902567197,3.3224155844155843,0.01,4a49b08b041c578ec5981dc1472125b2af0a4d59,572a6a79dfaf6247292af8c946e3f621c520377d7eb449bd78e9b309f483fc6a,7e61f4823860ac67fc2cf7b88c0b78031ccbd9e2a1f7bf6285099b2c126d9b06,2026-08-06T11:21:41Z,2026-08-06-p2-finite-linear-memory-skill-decomposition,2.0
Elche,GLOBAL_COMMON,2,14,hgb_direct,770,1.0762264424169863,DEFINED_STABLE,124.7171583204092,3.3224155844155843,0.01,4a49b08b041c578ec5981dc1472125b2af0a4d59,572a6a79dfaf6247292af8c946e3f621c520377d7eb449bd78e9b309f483fc6a,7e61f4823860ac67fc2cf7b88c0b78031ccbd9e2a1f7bf6285099b2c126d9b06,2026-08-06T11:21:41Z,2026-08-06-p2-finite-linear-memory-skill-decomposition,2.0
Elche,GLOBAL_COMMON,2,21,ridge_direct,770,0.9993580001192823,DEFINED_STABLE,133.71498902567197,3.3224155844155843,0.01,4a49b08b041c578ec5981dc1472125b2af0a4d59,572a6a79dfaf6247292af8c946e3f621c520377d7eb449bd78e9b309f483fc6a,7e61f4823860ac67fc2cf7b88c0b78031ccbd9e2a1f7bf6285099b2c126d9b06,2026-08-06T11:21:41Z,2026-08-06-p2-finite-linear-memory-skill-decomposition,2.0
Elche,GLOBAL_COMMON,2,21,hgb_direct,770,1.0714575750303936,DEFINED_STABLE,124.7171583204092,3.3224155844155843,0.01,4a49b08b041c578ec5981dc1472125b2af0a4d59,572a6a79dfaf6247292af8c946e3f621c520377d7eb449bd78e9b309f483fc6a,7e61f4823860ac67fc2cf7b88c0b78031ccbd9e2a1f7bf6285099b2c126d9b06,2026-08-06T11:21:41Z,2026-08-06-p2-finite-linear-memory-skill-decomposition,2.0
Elche,GLOBAL_COMMON,3,7,ridge_direct,763,1.009707173793584,DEFINED_STABLE,160.72965560160762,3.63389252948886,0.01,4a49b08b041c578ec5981dc1472125b2af0a4d59,572a6a79dfaf6247292af8c946e3f621c520377d7eb449bd78e9b309f483fc6a,7e61f4823860ac67fc2cf7b88c0b78031ccbd9e2a1f7bf6285099b2c126d9b06,2026-08-06T11:21:41Z,2026-08-06-p2-finite-linear-memory-skill-decomposition,2.0
Elche,GLOBAL_COMMON,3,7,hgb_direct,763,1.0812435795589204,DEFINED_STABLE,150.09558379853635,3.63389252948886,0.01,4a49b08b041c578ec5981dc1472125b2af0a4d59,572a6a79dfaf6247292af8c946e3f621c520377d7eb449bd78e9b309f483fc6a,7e61f4823860ac67fc2cf7b88c0b78031ccbd9e2a1f7bf6285099b2c126d9b06,2026-08-06T11:21:41Z,2026-08-06-p2-finite-linear-memory-skill-decomposition,2.0
Elche,GLOBAL_COMMON,3,14,ridge_direct,763,1.0025796665506201,DEFINED_STABLE,160.72965560160762,3.63389252948886,0.01,4a49b08b041c578ec5981dc1472125b2af0a4d59,572a6a79dfaf6247292af8c946e3f621c520377d7eb449bd78e9b309f483fc6a,7e61f4823860ac67fc2cf7b88c0b78031ccbd9e2a1f7bf6285099b2c126d9b06,2026-08-06T11:21:41Z,2026-08-06-p2-finite-linear-memory-skill-decomposition,2.0
Elche,GLOBAL_COMMON,3,14,hgb_direct,763,1.0736110979397595,DEFINED_STABLE,150.09558379853635,3.63389252948886,0.01,4a49b08b041c578ec5981dc1472125b2af0a4d59,572a6a79dfaf6247292af8c946e3f621c520377d7eb449bd78e9b309f483fc6a,7e61f4823860ac67fc2cf7b88c0b78031ccbd9e2a1f7bf6285099b2c126d9b06,2026-08-06T11:21:41Z,2026-08-06-p2-finite-linear-memory-skill-decomposition,2.0
Elche,GLOBAL_COMMON,3,21,ridge_direct,763,1.0007457713833317,DEFINED_STABLE,160.72965560160762,3.63389252948886,0.01,4a49b08b041c578ec5981dc1472125b2af0a4d59,572a6a79dfaf6247292af8c946e3f621c520377d7eb449bd78e9b309f483fc6a,7e61f4823860ac67fc2cf7b88c0b78031ccbd9e2a1f7bf6285099b2c126d9b06,2026-08-06T11:21:41Z,2026-08-06-p2-finite-linear-memory-skill-decomposition,2.0
Elche,GLOBAL_COMMON,3,21,hgb_direct,763,1.071647273747281,DEFINED_STABLE,150.09558379853635,3.63389252948886,0.01,4a49b08b041c578ec5981dc1472125b2af0a4d59,572a6a79dfaf6247292af8c946e3f621c520377d7eb449bd78e9b309f483fc6a,7e61f4823860ac67fc2cf7b88c0b78031ccbd9e2a1f7bf6285099b2c126d9b06,2026-08-06T11:21:41Z,2026-08-06-p2-finite-linear-memory-skill-decomposition,2.0
Elche,GLOBAL_COMMON,4,7,ridge_direct,757,1.011043544472994,DEFINED_STABLE,175.9647450557125,3.807225891677675,0.01,4a49b08b041c578ec5981dc1472125b2af0a4d59,572a6a79dfaf6247292af8c946e3f621c520377d7eb449bd78e9b309f483fc6a,7e61f4823860ac67fc2cf7b88c0b78031ccbd9e2a1f7bf6285099b2c126d9b06,2026-08-06T11:21:41Z,2026-08-06-p2-finite-linear-memory-skill-decomposition,2.0
Elche,GLOBAL_COMMON,4,7,hgb_direct,757,1.1163861626040992,DEFINED_STABLE,159.36064553901616,3.807225891677675,0.01,4a49b08b041c578ec5981dc1472125b2af0a4d59,572a6a79dfaf6247292af8c946e3f621c520377d7eb449bd78e9b309f483fc6a,7e61f4823860ac67fc2cf7b88c0b78031ccbd9e2a1f7bf6285099b2c126d9b06,2026-08-06T11:21:41Z,2026-08-06-p2-finite-linear-memory-skill-decomposition,2.0
Elche,GLOBAL_COMMON,4,14,ridge_direct,757,1.0047315477911865,DEFINED_STABLE,175.9647450557125,3.807225891677675,0.01,4a49b08b041c578ec5981dc1472125b2af0a4d59,572a6a79dfaf6247292af8c946e3f621c520377d7eb449bd78e9b309f483fc6a,7e61f4823860ac67fc2cf7b88c0b78031ccbd9e2a1f7bf6285099b2c126d9b06,2026-08-06T11:21:41Z,2026-08-06-p2-finite-linear-memory-skill-decomposition,2.0
Elche,GLOBAL_COMMON,4,14,hgb_direct,757,1.1094165065566477,DEFINED_STABLE,159.36064553901616,3.807225891677675,0.01,4a49b08b041c578ec5981dc1472125b2af0a4d59,572a6a79dfaf6247292af8c946e3f621c520377d7eb449bd78e9b309f483fc6a,7e61f4823860ac67fc2cf7b88c0b78031ccbd9e2a1f7bf6285099b2c126d9b06,2026-08-06T11:21:41Z,2026-08-06-p2-finite-linear-memory-skill-decomposition,2.0
Elche,GLOBAL_COMMON,4,21,ridge_direct,757,1.0053250193886847,DEFINED_STABLE,175.9647450557125,3.807225891677675,0.01,4a49b08b041c578ec5981dc1472125b2af0a4d59,572a6a79dfaf6247292af8c946e3f621c520377d7eb449bd78e9b309f483fc6a,7e61f4823860ac67fc2cf7b88c0b78031ccbd9e2a1f7bf6285099b2c126d9b06,2026-08-06T11:21:41Z,2026-08-06-p2-finite-linear-memory-skill-decomposition,2.0
Elche,GLOBAL_COMMON,4,21,hgb_direct,757,1.1100718131287213,DEFINED_STABLE,159.36064553901616,3.807225891677675,0.01,4a49b08b041c578ec5981dc1472125b2af0a4d59,572a6a79dfaf6247292af8c946e3f621c520377d7eb449bd78e9b309f483fc6a,7e61f4823860ac67fc2cf7b88c0b78031ccbd9e2a1f7bf6285099b2c126d9b06,2026-08-06T11:21:41Z,2026-08-06-p2-finite-linear-memory-skill-decomposition,2.0
Elche,GLOBAL_COMMON,5,7,ridge_direct,753,1.0131929537377824,DEFINED_STABLE,178.0262071070065,3.831394422310757,0.01,4a49b08b041c578ec5981dc1472125b2af0a4d59,572a6a79dfaf6247292af8c946e3f621c520377d7eb449bd78e9b309f483fc6a,7e61f4823860ac67fc2cf7b88c0b78031ccbd9e2a1f7bf6285099b2c126d9b06,2026-08-06T11:21:41Z,2026-08-06-p2-finite-linear-memory-skill-decomposition,2.0
Elche,GLOBAL_COMMON,5,7,hgb_direct,753,1.0967933227897868,DEFINED_STABLE,164.45659804226676,3.831394422310757,0.01,4a49b08b041c578ec5981dc1472125b2af0a4d59,572a6a79dfaf6247292af8c946e3f621c520377d7eb449bd78e9b309f483fc6a,7e61f4823860ac67fc2cf7b88c0b78031ccbd9e2a1f7bf6285099b2c126d9b06,2026-08-06T11:21:41Z,2026-08-06-p2-finite-linear-memory-skill-decomposition,2.0
Elche,GLOBAL_COMMON,5,14,ridge_direct,753,1.0041945598726838,DEFINED_STABLE,178.0262071070065,3.831394422310757,0.01,4a49b08b041c578ec5981dc1472125b2af0a4d59,572a6a79dfaf6247292af8c946e3f621c520377d7eb449bd78e9b309f483fc6a,7e61f4823860ac67fc2cf7b88c0b78031ccbd9e2a1f7bf6285099b2c126d9b06,2026-08-06T11:21:41Z,2026-08-06-p2-finite-linear-memory-skill-decomposition,2.0
Elche,GLOBAL_COMMON,5,14,hgb_direct,753,1.0870524552969136,DEFINED_STABLE,164.45659804226676,3.831394422310757,0.01,4a49b08b041c578ec5981dc1472125b2af0a4d59,572a6a79dfaf6247292af8c946e3f621c520377d7eb449bd78e9b309f483fc6a,7e61f4823860ac67fc2cf7b88c0b78031ccbd9e2a1f7bf6285099b2c126d9b06,2026-08-06T11:21:41Z,2026-08-06-p2-finite-linear-memory-skill-decomposition,2.0
Elche,GLOBAL_COMMON,5,21,ridge_direct,753,1.002613707631088,DEFINED_STABLE,178.0262071070065,3.831394422310757,0.01,4a49b08b041c578ec5981dc1472125b2af0a4d59,572a6a79dfaf6247292af8c946e3f621c520377d7eb449bd78e9b309f483fc6a,7e61f4823860ac67fc2cf7b88c0b78031ccbd9e2a1f7bf6285099b2c126d9b06,2026-08-06T11:21:41Z,2026-08-06-p2-finite-linear-memory-skill-decomposition,2.0
Elche,GLOBAL_COMMON,5,21,hgb_direct,753,1.0853411640996118,DEFINED_STABLE,164.45659804226676,3.831394422310757,0.01,4a49b08b041c578ec5981dc1472125b2af0a4d59,572a6a79dfaf6247292af8c946e3f621c520377d7eb449bd78e9b309f483fc6a,7e61f4823860ac67fc2cf7b88c0b78031ccbd9e2a1f7bf6285099b2c126d9b06,2026-08-06T11:21:41Z,2026-08-06-p2-finite-linear-memory-skill-decomposition,2.0
Elche,GLOBAL_COMMON,6,7,ridge_direct,750,1.0156627477126194,DEFINED_STABLE,175.2791847579073,3.6048000000000004,0.01,4a49b08b041c578ec5981dc1472125b2af0a4d59,572a6a79dfaf6247292af8c946e3f621c520377d7eb449bd78e9b309f483fc6a,7e61f4823860ac67fc2cf7b88c0b78031ccbd9e2a1f7bf6285099b2c126d9b06,2026-08-06T11:21:41Z,2026-08-06-p2-finite-linear-memory-skill-decomposition,2.0
Elche,GLOBAL_COMMON,6,7,hgb_direct,750,1.10436096290608,DEFINED_STABLE,161.20140460196984,3.6048000000000004,0.01,4a49b08b041c578ec5981dc1472125b2af0a4d59,572a6a79dfaf6247292af8c946e3f621c520377d7eb449bd78e9b309f483fc6a,7e61f4823860ac67fc2cf7b88c0b78031ccbd9e2a1f7bf6285099b2c126d9b06,2026-08-06T11:21:41Z,2026-08-06-p2-finite-linear-memory-skill-decomposition,2.0
Elche,GLOBAL_COMMON,6,14,ridge_direct,750,1.0046926135475303,DEFINED_STABLE,175.2791847579073,3.6048000000000004,0.01,4a49b08b041c578ec5981dc1472125b2af0a4d59,572a6a79dfaf6247292af8c946e3f621c520377d7eb449bd78e9b309f483fc6a,7e61f4823860ac67fc2cf7b88c0b78031ccbd9e2a1f7bf6285099b2c126d9b06,2026-08-06T11:21:41Z,2026-08-06-p2-finite-linear-memory-skill-decomposition,2.0
Elche,GLOBAL_COMMON,6,14,hgb_direct,750,1.0924328027396755,DEFINED_STABLE,161.20140460196984,3.6048000000000004,0.01,4a49b08b041c578ec5981dc1472125b2af0a4d59,572a6a79dfaf6247292af8c946e3f621c520377d7eb449bd78e9b309f483fc6a,7e61f4823860ac67fc2cf7b88c0b78031ccbd9e2a1f7bf6285099b2c126d9b06,2026-08-06T11:21:41Z,2026-08-06-p2-finite-linear-memory-skill-decomposition,2.0
Elche,GLOBAL_COMMON,6,21,ridge_direct,750,1.0056222214884063,DEFINED_STABLE,175.2791847579073,3.6048000000000004,0.01,4a49b08b041c578ec5981dc1472125b2af0a4d59,572a6a79dfaf6247292af8c946e3f621c520377d7eb449bd78e9b309f483fc6a,7e61f4823860ac67fc2cf7b88c0b78031ccbd9e2a1f7bf6285099b2c126d9b06,2026-08-06T11:21:41Z,2026-08-06-p2-finite-linear-memory-skill-decomposition,2.0
Elche,GLOBAL_COMMON,6,21,hgb_direct,750,1.0934435936966374,DEFINED_STABLE,161.20140460196984,3.6048000000000004,0.01,4a49b08b041c578ec5981dc1472125b2af0a4d59,572a6a79dfaf6247292af8c946e3f621c520377d7eb449bd78e9b309f483fc6a,7e61f4823860ac67fc2cf7b88c0b78031ccbd9e2a1f7bf6285099b2c126d9b06,2026-08-06T11:21:41Z,2026-08-06-p2-finite-linear-memory-skill-decomposition,2.0
Elche,GLOBAL_COMMON,7,7,ridge_direct,749,1.0151892791256898,DEFINED_STABLE,183.83792455591006,3.6596395193591458,0.01,4a49b08b041c578ec5981dc1472125b2af0a4d59,572a6a79dfaf6247292af8c946e3f621c520377d7eb449bd78e9b309f483fc6a,7e61f4823860ac67fc2cf7b88c0b78031ccbd9e2a1f7bf6285099b2c126d9b06,2026-08-06T11:21:41Z,2026-08-06-p2-finite-linear-memory-skill-decomposition,2.0
Elche,GLOBAL_COMMON,7,7,hgb_direct,749,1.1028037307098721,DEFINED_STABLE,169.23255236518273,3.6596395193591458,0.01,4a49b08b041c578ec5981dc1472125b2af0a4d59,572a6a79dfaf6247292af8c946e3f621c520377d7eb449bd78e9b309f483fc6a,7e61f4823860ac67fc2cf7b88c0b78031ccbd9e2a1f7bf6285099b2c126d9b06,2026-08-06T11:21:41Z,2026-08-06-p2-finite-linear-memory-skill-decomposition,2.0
Elche,GLOBAL_COMMON,7,14,ridge_direct,749,1.0066849045663588,DEFINED_STABLE,183.83792455591006,3.6596395193591458,0.01,4a49b08b041c578ec5981dc1472125b2af0a4d59,572a6a79dfaf6247292af8c946e3f621c520377d7eb449bd78e9b309f483fc6a,7e61f4823860ac67fc2cf7b88c0b78031ccbd9e2a1f7bf6285099b2c126d9b06,2026-08-06T11:21:41Z,2026-08-06-p2-finite-linear-memory-skill-decomposition,2.0
Elche,GLOBAL_COMMON,7,14,hgb_direct,749,1.0935653983276965,DEFINED_STABLE,169.23255236518273,3.6596395193591458,0.01,4a49b08b041c578ec5981dc1472125b2af0a4d59,572a6a79dfaf6247292af8c946e3f621c520377d7eb449bd78e9b309f483fc6a,7e61f4823860ac67fc2cf7b88c0b78031ccbd9e2a1f7bf6285099b2c126d9b06,2026-08-06T11:21:41Z,2026-08-06-p2-finite-linear-memory-skill-decomposition,2.0
Elche,GLOBAL_COMMON,7,21,ridge_direct,749,1.007367386541535,DEFINED_STABLE,183.83792455591006,3.6596395193591458,0.01,4a49b08b041c578ec5981dc1472125b2af0a4d59,572a6a79dfaf6247292af8c946e3f621c520377d7eb449bd78e9b309f483fc6a,7e61f4823860ac67fc2cf7b88c0b78031ccbd9e2a1f7bf6285099b2c126d9b06,2026-08-06T11:21:41Z,2026-08-06-p2-finite-linear-memory-skill-decomposition,2.0
Elche,GLOBAL_COMMON,7,21,hgb_direct,749,1.0943067809287959,DEFINED_STABLE,169.23255236518273,3.6596395193591458,0.01,4a49b08b041c578ec5981dc1472125b2af0a4d59,572a6a79dfaf6247292af8c946e3f621c520377d7eb449bd78e9b309f483fc6a,7e61f4823860ac67fc2cf7b88c0b78031ccbd9e2a1f7bf6285099b2c126d9b06,2026-08-06T11:21:41Z,2026-08-06-p2-finite-linear-memory-skill-decomposition,2.0
Elche,ORDER_SPECIFIC_p7,1,7,ridge_direct,1274,1.1523078845617742,DEFINED_STABLE,30.27477860105752,1.4969937205651491,0.01,4a49b08b041c578ec5981dc1472125b2af0a4d59,572a6a79dfaf6247292af8c946e3f621c520377d7eb449bd78e9b309f483fc6a,7e61f4823860ac67fc2cf7b88c0b78031ccbd9e2a1f7bf6285099b2c126d9b06,2026-08-06T11:21:41Z,2026-08-06-p2-finite-linear-memory-skill-decomposition,2.0
Elche,ORDER_SPECIFIC_p7,1,7,hgb_direct,1274,2.1961767433225177,DEFINED_STABLE,15.88481719034283,1.4969937205651491,0.01,4a49b08b041c578ec5981dc1472125b2af0a4d59,572a6a79dfaf6247292af8c946e3f621c520377d7eb449bd78e9b309f483fc6a,7e61f4823860ac67fc2cf7b88c0b78031ccbd9e2a1f7bf6285099b2c126d9b06,2026-08-06T11:21:41Z,2026-08-06-p2-finite-linear-memory-skill-decomposition,2.0
Elche,ORDER_SPECIFIC_p7,2,7,ridge_direct,1251,1.0160708524437894,DEFINED_STABLE,105.90837348051488,2.637386091127098,0.01,4a49b08b041c578ec5981dc1472125b2af0a4d59,572a6a79dfaf6247292af8c946e3f621c520377d7eb449bd78e9b309f483fc6a,7e61f4823860ac67fc2cf7b88c0b78031ccbd9e2a1f7bf6285099b2c126d9b06,2026-08-06T11:21:41Z,2026-08-06-p2-finite-linear-memory-skill-decomposition,2.0
Elche,ORDER_SPECIFIC_p7,2,7,hgb_direct,1251,1.0973749108247708,DEFINED_STABLE,98.06166539966142,2.637386091127098,0.01,4a49b08b041c578ec5981dc1472125b2af0a4d59,572a6a79dfaf6247292af8c946e3f621c520377d7eb449bd78e9b309f483fc6a,7e61f4823860ac67fc2cf7b88c0b78031ccbd9e2a1f7bf6285099b2c126d9b06,2026-08-06T11:21:41Z,2026-08-06-p2-finite-linear-memory-skill-decomposition,2.0
Elche,ORDER_SPECIFIC_p7,3,7,ridge_direct,1241,1.012784896409531,DEFINED_STABLE,134.78458785107904,3.0001128122481866,0.01,4a49b08b041c578ec5981dc1472125b2af0a4d59,572a6a79dfaf6247292af8c946e3f621c520377d7eb449bd78e9b309f483fc6a,7e61f4823860ac67fc2cf7b88c0b78031ccbd9e2a1f7bf6285099b2c126d9b06,2026-08-06T11:21:41Z,2026-08-06-p2-finite-linear-memory-skill-decomposition,2.0
Elche,ORDER_SPECIFIC_p7,3,7,hgb_direct,1241,1.0934178112277968,DEFINED_STABLE,124.84504408344333,3.0001128122481866,0.01,4a49b08b041c578ec5981dc1472125b2af0a4d59,572a6a79dfaf6247292af8c946e3f621c520377d7eb449bd78e9b309f483fc6a,7e61f4823860ac67fc2cf7b88c0b78031ccbd9e2a1f7bf6285099b2c126d9b06,2026-08-06T11:21:41Z,2026-08-06-p2-finite-linear-memory-skill-decomposition,2.0
Elche,ORDER_SPECIFIC_p7,4,7,ridge_direct,1234,1.0124663092260746,DEFINED_STABLE,150.19253413070157,3.2003727714748784,0.01,4a49b08b041c578ec5981dc1472125b2af0a4d59,572a6a79dfaf6247292af8c946e3f621c520377d7eb449bd78e9b309f483fc6a,7e61f4823860ac67fc2cf7b88c0b78031ccbd9e2a1f7bf6285099b2c126d9b06,2026-08-06T11:21:41Z,2026-08-06-p2-finite-linear-memory-skill-decomposition,2.0
Elche,ORDER_SPECIFIC_p7,4,7,hgb_direct,1234,1.1162658623150667,DEFINED_STABLE,136.22640075120586,3.2003727714748784,0.01,4a49b08b041c578ec5981dc1472125b2af0a4d59,572a6a79dfaf6247292af8c946e3f621c520377d7eb449bd78e9b309f483fc6a,7e61f4823860ac67fc2cf7b88c0b78031ccbd9e2a1f7bf6285099b2c126d9b06,2026-08-06T11:21:41Z,2026-08-06-p2-finite-linear-memory-skill-decomposition,2.0
Elche,ORDER_SPECIFIC_p7,5,7,ridge_direct,1228,1.0158963938469807,DEFINED_STABLE,157.06461585935406,3.278990228013029,0.01,4a49b08b041c578ec5981dc1472125b2af0a4d59,572a6a79dfaf6247292af8c946e3f621c520377d7eb449bd78e9b309f483fc6a,7e61f4823860ac67fc2cf7b88c0b78031ccbd9e2a1f7bf6285099b2c126d9b06,2026-08-06T11:21:41Z,2026-08-06-p2-finite-linear-memory-skill-decomposition,2.0
Elche,ORDER_SPECIFIC_p7,5,7,hgb_direct,1228,1.098695116579794,DEFINED_STABLE,145.22807505433266,3.278990228013029,0.01,4a49b08b041c578ec5981dc1472125b2af0a4d59,572a6a79dfaf6247292af8c946e3f621c520377d7eb449bd78e9b309f483fc6a,7e61f4823860ac67fc2cf7b88c0b78031ccbd9e2a1f7bf6285099b2c126d9b06,2026-08-06T11:21:41Z,2026-08-06-p2-finite-linear-memory-skill-decomposition,2.0
Elche,ORDER_SPECIFIC_p7,6,7,ridge_direct,1224,1.0162431314912468,DEFINED_STABLE,157.6639712103901,3.2733823529411765,0.01,4a49b08b041c578ec5981dc1472125b2af0a4d59,572a6a79dfaf6247292af8c946e3f621c520377d7eb449bd78e9b309f483fc6a,7e61f4823860ac67fc2cf7b88c0b78031ccbd9e2a1f7bf6285099b2c126d9b06,2026-08-06T11:21:41Z,2026-08-06-p2-finite-linear-memory-skill-decomposition,2.0
Elche,ORDER_SPECIFIC_p7,6,7,hgb_direct,1224,1.1154580386250776,DEFINED_STABLE,143.64047976532325,3.2733823529411765,0.01,4a49b08b041c578ec5981dc1472125b2af0a4d59,572a6a79dfaf6247292af8c946e3f621c520377d7eb449bd78e9b309f483fc6a,7e61f4823860ac67fc2cf7b88c0b78031ccbd9e2a1f7bf6285099b2c126d9b06,2026-08-06T11:21:41Z,2026-08-06-p2-finite-linear-memory-skill-decomposition,2.0
Elche,ORDER_SPECIFIC_p7,7,7,ridge_direct,1215,1.010020065276479,DEFINED_STABLE,149.02279337617193,3.173275720164609,0.01,4a49b08b041c578ec5981dc1472125b2af0a4d59,572a6a79dfaf6247292af8c946e3f621c520377d7eb449bd78e9b309f483fc6a,7e61f4823860ac67fc2cf7b88c0b78031ccbd9e2a1f7bf6285099b2c126d9b06,2026-08-06T11:21:41Z,2026-08-06-p2-finite-linear-memory-skill-decomposition,2.0
Elche,ORDER_SPECIFIC_p7,7,7,hgb_direct,1215,1.1316868516446046,DEFINED_STABLE,133.00146703546974,3.173275720164609,0.01,4a49b08b041c578ec5981dc1472125b2af0a4d59,572a6a79dfaf6247292af8c946e3f621c520377d7eb449bd78e9b309f483fc6a,7e61f4823860ac67fc2cf7b88c0b78031ccbd9e2a1f7bf6285099b2c126d9b06,2026-08-06T11:21:41Z,2026-08-06-p2-finite-linear-memory-skill-decomposition,2.0
Elche,ORDER_SPECIFIC_p14,1,14,ridge_direct,991,1.1321803293043269,DEFINED_STABLE,35.872560638057536,1.7540161453077698,0.01,4a49b08b041c578ec5981dc1472125b2af0a4d59,572a6a79dfaf6247292af8c946e3f621c520377d7eb449bd78e9b309f483fc6a,7e61f4823860ac67fc2cf7b88c0b78031ccbd9e2a1f7bf6285099b2c126d9b06,2026-08-06T11:21:41Z,2026-08-06-p2-finite-linear-memory-skill-decomposition,2.0
Elche,ORDER_SPECIFIC_p14,1,14,hgb_direct,991,2.132661308922159,DEFINED_STABLE,19.043908822405427,1.7540161453077698,0.01,4a49b08b041c578ec5981dc1472125b2af0a4d59,572a6a79dfaf6247292af8c946e3f621c520377d7eb449bd78e9b309f483fc6a,7e61f4823860ac67fc2cf7b88c0b78031ccbd9e2a1f7bf6285099b2c126d9b06,2026-08-06T11:21:41Z,2026-08-06-p2-finite-linear-memory-skill-decomposition,2.0
Elche,ORDER_SPECIFIC_p14,2,14,ridge_direct,973,1.0180865913767265,DEFINED_STABLE,121.80146254791393,3.0615724563206577,0.01,4a49b08b041c578ec5981dc1472125b2af0a4d59,572a6a79dfaf6247292af8c946e3f621c520377d7eb449bd78e9b309f483fc6a,7e61f4823860ac67fc2cf7b88c0b78031ccbd9e2a1f7bf6285099b2c126d9b06,2026-08-06T11:21:41Z,2026-08-06-p2-finite-linear-memory-skill-decomposition,2.0
Elche,ORDER_SPECIFIC_p14,2,14,hgb_direct,973,1.1067092807756016,DEFINED_STABLE,112.04788645415641,3.0615724563206577,0.01,4a49b08b041c578ec5981dc1472125b2af0a4d59,572a6a79dfaf6247292af8c946e3f621c520377d7eb449bd78e9b309f483fc6a,7e61f4823860ac67fc2cf7b88c0b78031ccbd9e2a1f7bf6285099b2c126d9b06,2026-08-06T11:21:41Z,2026-08-06-p2-finite-linear-memory-skill-decomposition,2.0
Elche,ORDER_SPECIFIC_p14,3,14,ridge_direct,966,1.0139092549193136,DEFINED_STABLE,148.61164140122136,3.4007349896480332,0.01,4a49b08b041c578ec5981dc1472125b2af0a4d59,572a6a79dfaf6247292af8c946e3f621c520377d7eb449bd78e9b309f483fc6a,7e61f4823860ac67fc2cf7b88c0b78031ccbd9e2a1f7bf6285099b2c126d9b06,2026-08-06T11:21:41Z,2026-08-06-p2-finite-linear-memory-skill-decomposition,2.0
Elche,ORDER_SPECIFIC_p14,3,14,hgb_direct,966,1.0894785507247002,DEFINED_STABLE,138.3035200695048,3.4007349896480332,0.01,4a49b08b041c578ec5981dc1472125b2af0a4d59,572a6a79dfaf6247292af8c946e3f621c520377d7eb449bd78e9b309f483fc6a,7e61f4823860ac67fc2cf7b88c0b78031ccbd9e2a1f7bf6285099b2c126d9b06,2026-08-06T11:21:41Z,2026-08-06-p2-finite-linear-memory-skill-decomposition,2.0
Elche,ORDER_SPECIFIC_p14,4,14,ridge_direct,961,1.014461003873624,DEFINED_STABLE,161.13332437764984,3.5613423517169616,0.01,4a49b08b041c578ec5981dc1472125b2af0a4d59,572a6a79dfaf6247292af8c946e3f621c520377d7eb449bd78e9b309f483fc6a,7e61f4823860ac67fc2cf7b88c0b78031ccbd9e2a1f7bf6285099b2c126d9b06,2026-08-06T11:21:41Z,2026-08-06-p2-finite-linear-memory-skill-decomposition,2.0
Elche,ORDER_SPECIFIC_p14,4,14,hgb_direct,961,1.1196563798362795,DEFINED_STABLE,145.9943219629108,3.5613423517169616,0.01,4a49b08b041c578ec5981dc1472125b2af0a4d59,572a6a79dfaf6247292af8c946e3f621c520377d7eb449bd78e9b309f483fc6a,7e61f4823860ac67fc2cf7b88c0b78031ccbd9e2a1f7bf6285099b2c126d9b06,2026-08-06T11:21:41Z,2026-08-06-p2-finite-linear-memory-skill-decomposition,2.0
Elche,ORDER_SPECIFIC_p14,5,14,ridge_direct,957,1.0075696179136995,DEFINED_STABLE,162.30673312192735,3.4904597701149425,0.01,4a49b08b041c578ec5981dc1472125b2af0a4d59,572a6a79dfaf6247292af8c946e3f621c520377d7eb449bd78e9b309f483fc6a,7e61f4823860ac67fc2cf7b88c0b78031ccbd9e2a1f7bf6285099b2c126d9b06,2026-08-06T11:21:41Z,2026-08-06-p2-finite-linear-memory-skill-decomposition,2.0
Elche,ORDER_SPECIFIC_p14,5,14,hgb_direct,957,1.0940125517711201,DEFINED_STABLE,149.48213602460987,3.4904597701149425,0.01,4a49b08b041c578ec5981dc1472125b2af0a4d59,572a6a79dfaf6247292af8c946e3f621c520377d7eb449bd78e9b309f483fc6a,7e61f4823860ac67fc2cf7b88c0b78031ccbd9e2a1f7bf6285099b2c126d9b06,2026-08-06T11:21:41Z,2026-08-06-p2-finite-linear-memory-skill-decomposition,2.0
Elche,ORDER_SPECIFIC_p14,6,14,ridge_direct,954,0.9999315545293169,DEFINED_STABLE,158.3187893509476,3.4239622641509437,0.01,4a49b08b041c578ec5981dc1472125b2af0a4d59,572a6a79dfaf6247292af8c946e3f621c520377d7eb449bd78e9b309f483fc6a,7e61f4823860ac67fc2cf7b88c0b78031ccbd9e2a1f7bf6285099b2c126d9b06,2026-08-06T11:21:41Z,2026-08-06-p2-finite-linear-memory-skill-decomposition,2.0
Elche,ORDER_SPECIFIC_p14,6,14,hgb_direct,954,1.1009762773668974,DEFINED_STABLE,143.7887049896324,3.4239622641509437,0.01,4a49b08b041c578ec5981dc1472125b2af0a4d59,572a6a79dfaf6247292af8c946e3f621c520377d7eb449bd78e9b309f483fc6a,7e61f4823860ac67fc2cf7b88c0b78031ccbd9e2a1f7bf6285099b2c126d9b06,2026-08-06T11:21:41Z,2026-08-06-p2-finite-linear-memory-skill-decomposition,2.0
Elche,ORDER_SPECIFIC_p14,7,14,ridge_direct,951,1.0022163910016886,DEFINED_STABLE,163.61408598939428,3.4693375394321766,0.01,4a49b08b041c578ec5981dc1472125b2af0a4d59,572a6a79dfaf6247292af8c946e3f621c520377d7eb449bd78e9b309f483fc6a,7e61f4823860ac67fc2cf7b88c0b78031ccbd9e2a1f7bf6285099b2c126d9b06,2026-08-06T11:21:41Z,2026-08-06-p2-finite-linear-memory-skill-decomposition,2.0
Elche,ORDER_SPECIFIC_p14,7,14,hgb_direct,951,1.1074474986181522,DEFINED_STABLE,148.0672618629209,3.4693375394321766,0.01,4a49b08b041c578ec5981dc1472125b2af0a4d59,572a6a79dfaf6247292af8c946e3f621c520377d7eb449bd78e9b309f483fc6a,7e61f4823860ac67fc2cf7b88c0b78031ccbd9e2a1f7bf6285099b2c126d9b06,2026-08-06T11:21:41Z,2026-08-06-p2-finite-linear-memory-skill-decomposition,2.0
Elche,ORDER_SPECIFIC_p21,1,21,ridge_direct,782,1.1490430338630186,DEFINED_STABLE,32.565344368307535,1.817774936061381,0.01,4a49b08b041c578ec5981dc1472125b2af0a4d59,572a6a79dfaf6247292af8c946e3f621c520377d7eb449bd78e9b309f483fc6a,7e61f4823860ac67fc2cf7b88c0b78031ccbd9e2a1f7bf6285099b2c126d9b06,2026-08-06T11:21:41Z,2026-08-06-p2-finite-linear-memory-skill-decomposition,2.0
Elche,ORDER_SPECIFIC_p21,1,21,hgb_direct,782,3.163089367683164,DEFINED_STABLE,11.829884566038032,1.817774936061381,0.01,4a49b08b041c578ec5981dc1472125b2af0a4d59,572a6a79dfaf6247292af8c946e3f621c520377d7eb449bd78e9b309f483fc6a,7e61f4823860ac67fc2cf7b88c0b78031ccbd9e2a1f7bf6285099b2c126d9b06,2026-08-06T11:21:41Z,2026-08-06-p2-finite-linear-memory-skill-decomposition,2.0
Elche,ORDER_SPECIFIC_p21,2,21,ridge_direct,770,0.9993580001192823,DEFINED_STABLE,133.71498902567197,3.3224155844155843,0.01,4a49b08b041c578ec5981dc1472125b2af0a4d59,572a6a79dfaf6247292af8c946e3f621c520377d7eb449bd78e9b309f483fc6a,7e61f4823860ac67fc2cf7b88c0b78031ccbd9e2a1f7bf6285099b2c126d9b06,2026-08-06T11:21:41Z,2026-08-06-p2-finite-linear-memory-skill-decomposition,2.0
Elche,ORDER_SPECIFIC_p21,2,21,hgb_direct,770,1.0714575750303936,DEFINED_STABLE,124.7171583204092,3.3224155844155843,0.01,4a49b08b041c578ec5981dc1472125b2af0a4d59,572a6a79dfaf6247292af8c946e3f621c520377d7eb449bd78e9b309f483fc6a,7e61f4823860ac67fc2cf7b88c0b78031ccbd9e2a1f7bf6285099b2c126d9b06,2026-08-06T11:21:41Z,2026-08-06-p2-finite-linear-memory-skill-decomposition,2.0
Elche,ORDER_SPECIFIC_p21,3,21,ridge_direct,763,1.0007457713833317,DEFINED_STABLE,160.72965560160762,3.63389252948886,0.01,4a49b08b041c578ec5981dc1472125b2af0a4d59,572a6a79dfaf6247292af8c946e3f621c520377d7eb449bd78e9b309f483fc6a,7e61f4823860ac67fc2cf7b88c0b78031ccbd9e2a1f7bf6285099b2c126d9b06,2026-08-06T11:21:41Z,2026-08-06-p2-finite-linear-memory-skill-decomposition,2.0
Elche,ORDER_SPECIFIC_p21,3,21,hgb_direct,763,1.071647273747281,DEFINED_STABLE,150.09558379853635,3.63389252948886,0.01,4a49b08b041c578ec5981dc1472125b2af0a4d59,572a6a79dfaf6247292af8c946e3f621c520377d7eb449bd78e9b309f483fc6a,7e61f4823860ac67fc2cf7b88c0b78031ccbd9e2a1f7bf6285099b2c126d9b06,2026-08-06T11:21:41Z,2026-08-06-p2-finite-linear-memory-skill-decomposition,2.0
Elche,ORDER_SPECIFIC_p21,4,21,ridge_direct,757,1.0053250193886847,DEFINED_STABLE,175.9647450557125,3.807225891677675,0.01,4a49b08b041c578ec5981dc1472125b2af0a4d59,572a6a79dfaf6247292af8c946e3f621c520377d7eb449bd78e9b309f483fc6a,7e61f4823860ac67fc2cf7b88c0b78031ccbd9e2a1f7bf6285099b2c126d9b06,2026-08-06T11:21:41Z,2026-08-06-p2-finite-linear-memory-skill-decomposition,2.0
Elche,ORDER_SPECIFIC_p21,4,21,hgb_direct,757,1.1100718131287213,DEFINED_STABLE,159.36064553901616,3.807225891677675,0.01,4a49b08b041c578ec5981dc1472125b2af0a4d59,572a6a79dfaf6247292af8c946e3f621c520377d7eb449bd78e9b309f483fc6a,7e61f4823860ac67fc2cf7b88c0b78031ccbd9e2a1f7bf6285099b2c126d9b06,2026-08-06T11:21:41Z,2026-08-06-p2-finite-linear-memory-skill-decomposition,2.0
Elche,ORDER_SPECIFIC_p21,5,21,ridge_direct,753,1.002613707631088,DEFINED_STABLE,178.0262071070065,3.831394422310757,0.01,4a49b08b041c578ec5981dc1472125b2af0a4d59,572a6a79dfaf6247292af8c946e3f621c520377d7eb449bd78e9b309f483fc6a,7e61f4823860ac67fc2cf7b88c0b78031ccbd9e2a1f7bf6285099b2c126d9b06,2026-08-06T11:21:41Z,2026-08-06-p2-finite-linear-memory-skill-decomposition,2.0
Elche,ORDER_SPECIFIC_p21,5,21,hgb_direct,753,1.0853411640996118,DEFINED_STABLE,164.45659804226676,3.831394422310757,0.01,4a49b08b041c578ec5981dc1472125b2af0a4d59,572a6a79dfaf6247292af8c946e3f621c520377d7eb449bd78e9b309f483fc6a,7e61f4823860ac67fc2cf7b88c0b78031ccbd9e2a1f7bf6285099b2c126d9b06,2026-08-06T11:21:41Z,2026-08-06-p2-finite-linear-memory-skill-decomposition,2.0
Elche,ORDER_SPECIFIC_p21,6,21,ridge_direct,750,1.0056222214884063,DEFINED_STABLE,175.2791847579073,3.6048000000000004,0.01,4a49b08b041c578ec5981dc1472125b2af0a4d59,572a6a79dfaf6247292af8c946e3f621c520377d7eb449bd78e9b309f483fc6a,7e61f4823860ac67fc2cf7b88c0b78031ccbd9e2a1f7bf6285099b2c126d9b06,2026-08-06T11:21:41Z,2026-08-06-p2-finite-linear-memory-skill-decomposition,2.0
Elche,ORDER_SPECIFIC_p21,6,21,hgb_direct,750,1.0934435936966374,DEFINED_STABLE,161.20140460196984,3.6048000000000004,0.01,4a49b08b041c578ec5981dc1472125b2af0a4d59,572a6a79dfaf6247292af8c946e3f621c520377d7eb449bd78e9b309f483fc6a,7e61f4823860ac67fc2cf7b88c0b78031ccbd9e2a1f7bf6285099b2c126d9b06,2026-08-06T11:21:41Z,2026-08-06-p2-finite-linear-memory-skill-decomposition,2.0
Elche,ORDER_SPECIFIC_p21,7,21,ridge_direct,749,1.007367386541535,DEFINED_STABLE,183.83792455591006,3.6596395193591458,0.01,4a49b08b041c578ec5981dc1472125b2af0a4d59,572a6a79dfaf6247292af8c946e3f621c520377d7eb449bd78e9b309f483fc6a,7e61f4823860ac67fc2cf7b88c0b78031ccbd9e2a1f7bf6285099b2c126d9b06,2026-08-06T11:21:41Z,2026-08-06-p2-finite-linear-memory-skill-decomposition,2.0
Elche,ORDER_SPECIFIC_p21,7,21,hgb_direct,749,1.0943067809287959,DEFINED_STABLE,169.23255236518273,3.6596395193591458,0.01,4a49b08b041c578ec5981dc1472125b2af0a4d59,572a6a79dfaf6247292af8c946e3f621c520377d7eb449bd78e9b309f483fc6a,7e61f4823860ac67fc2cf7b88c0b78031ccbd9e2a1f7bf6285099b2c126d9b06,2026-08-06T11:21:41Z,2026-08-06-p2-finite-linear-memory-skill-decomposition,2.0
Elche,GLOBAL_COMMON_THRESHOLD_SENSITIVITY,1,7,ridge_direct,782,1.2099113076422636,DEFINED_STABLE,32.565344368307535,0.9088874680306905,0.005,4a49b08b041c578ec5981dc1472125b2af0a4d59,572a6a79dfaf6247292af8c946e3f621c520377d7eb449bd78e9b309f483fc6a,7e61f4823860ac67fc2cf7b88c0b78031ccbd9e2a1f7bf6285099b2c126d9b06,2026-08-06T11:21:41Z,2026-08-06-p2-finite-linear-memory-skill-decomposition,2.0
Elche,GLOBAL_COMMON_THRESHOLD_SENSITIVITY,1,7,hgb_direct,782,3.330647747958162,DEFINED_STABLE,11.829884566038032,0.9088874680306905,0.005,4a49b08b041c578ec5981dc1472125b2af0a4d59,572a6a79dfaf6247292af8c946e3f621c520377d7eb449bd78e9b309f483fc6a,7e61f4823860ac67fc2cf7b88c0b78031ccbd9e2a1f7bf6285099b2c126d9b06,2026-08-06T11:21:41Z,2026-08-06-p2-finite-linear-memory-skill-decomposition,2.0
Elche,GLOBAL_COMMON_THRESHOLD_SENSITIVITY,1,14,ridge_direct,782,1.185092194091717,DEFINED_STABLE,32.565344368307535,0.9088874680306905,0.005,4a49b08b041c578ec5981dc1472125b2af0a4d59,572a6a79dfaf6247292af8c946e3f621c520377d7eb449bd78e9b309f483fc6a,7e61f4823860ac67fc2cf7b88c0b78031ccbd9e2a1f7bf6285099b2c126d9b06,2026-08-06T11:21:41Z,2026-08-06-p2-finite-linear-memory-skill-decomposition,2.0
Elche,GLOBAL_COMMON_THRESHOLD_SENSITIVITY,1,14,hgb_direct,782,3.2623256121691084,DEFINED_STABLE,11.829884566038032,0.9088874680306905,0.005,4a49b08b041c578ec5981dc1472125b2af0a4d59,572a6a79dfaf6247292af8c946e3f621c520377d7eb449bd78e9b309f483fc6a,7e61f4823860ac67fc2cf7b88c0b78031ccbd9e2a1f7bf6285099b2c126d9b06,2026-08-06T11:21:41Z,2026-08-06-p2-finite-linear-memory-skill-decomposition,2.0
Elche,GLOBAL_COMMON_THRESHOLD_SENSITIVITY,1,21,ridge_direct,782,1.1490430338630186,DEFINED_STABLE,32.565344368307535,0.9088874680306905,0.005,4a49b08b041c578ec5981dc1472125b2af0a4d59,572a6a79dfaf6247292af8c946e3f621c520377d7eb449bd78e9b309f483fc6a,7e61f4823860ac67fc2cf7b88c0b78031ccbd9e2a1f7bf6285099b2c126d9b06,2026-08-06T11:21:41Z,2026-08-06-p2-finite-linear-memory-skill-decomposition,2.0
Elche,GLOBAL_COMMON_THRESHOLD_SENSITIVITY,1,21,hgb_direct,782,3.163089367683164,DEFINED_STABLE,11.829884566038032,0.9088874680306905,0.005,4a49b08b041c578ec5981dc1472125b2af0a4d59,572a6a79dfaf6247292af8c946e3f621c520377d7eb449bd78e9b309f483fc6a,7e61f4823860ac67fc2cf7b88c0b78031ccbd9e2a1f7bf6285099b2c126d9b06,2026-08-06T11:21:41Z,2026-08-06-p2-finite-linear-memory-skill-decomposition,2.0
Elche,GLOBAL_COMMON_THRESHOLD_SENSITIVITY,2,7,ridge_direct,770,1.0119487439868602,DEFINED_STABLE,133.71498902567197,1.6612077922077921,0.005,4a49b08b041c578ec5981dc1472125b2af0a4d59,572a6a79dfaf6247292af8c946e3f621c520377d7eb449bd78e9b309f483fc6a,7e61f4823860ac67fc2cf7b88c0b78031ccbd9e2a1f7bf6285099b2c126d9b06,2026-08-06T11:21:41Z,2026-08-06-p2-finite-linear-memory-skill-decomposition,2.0
Elche,GLOBAL_COMMON_THRESHOLD_SENSITIVITY,2,7,hgb_direct,770,1.0849566893523621,DEFINED_STABLE,124.7171583204092,1.6612077922077921,0.005,4a49b08b041c578ec5981dc1472125b2af0a4d59,572a6a79dfaf6247292af8c946e3f621c520377d7eb449bd78e9b309f483fc6a,7e61f4823860ac67fc2cf7b88c0b78031ccbd9e2a1f7bf6285099b2c126d9b06,2026-08-06T11:21:41Z,2026-08-06-p2-finite-linear-memory-skill-decomposition,2.0
Elche,GLOBAL_COMMON_THRESHOLD_SENSITIVITY,2,14,ridge_direct,770,1.0038059651020899,DEFINED_STABLE,133.71498902567197,1.6612077922077921,0.005,4a49b08b041c578ec5981dc1472125b2af0a4d59,572a6a79dfaf6247292af8c946e3f621c520377d7eb449bd78e9b309f483fc6a,7e61f4823860ac67fc2cf7b88c0b78031ccbd9e2a1f7bf6285099b2c126d9b06,2026-08-06T11:21:41Z,2026-08-06-p2-finite-linear-memory-skill-decomposition,2.0
Elche,GLOBAL_COMMON_THRESHOLD_SENSITIVITY,2,14,hgb_direct,770,1.0762264424169863,DEFINED_STABLE,124.7171583204092,1.6612077922077921,0.005,4a49b08b041c578ec5981dc1472125b2af0a4d59,572a6a79dfaf6247292af8c946e3f621c520377d7eb449bd78e9b309f483fc6a,7e61f4823860ac67fc2cf7b88c0b78031ccbd9e2a1f7bf6285099b2c126d9b06,2026-08-06T11:21:41Z,2026-08-06-p2-finite-linear-memory-skill-decomposition,2.0
Elche,GLOBAL_COMMON_THRESHOLD_SENSITIVITY,2,21,ridge_direct,770,0.9993580001192823,DEFINED_STABLE,133.71498902567197,1.6612077922077921,0.005,4a49b08b041c578ec5981dc1472125b2af0a4d59,572a6a79dfaf6247292af8c946e3f621c520377d7eb449bd78e9b309f483fc6a,7e61f4823860ac67fc2cf7b88c0b78031ccbd9e2a1f7bf6285099b2c126d9b06,2026-08-06T11:21:41Z,2026-08-06-p2-finite-linear-memory-skill-decomposition,2.0
Elche,GLOBAL_COMMON_THRESHOLD_SENSITIVITY,2,21,hgb_direct,770,1.0714575750303936,DEFINED_STABLE,124.7171583204092,1.6612077922077921,0.005,4a49b08b041c578ec5981dc1472125b2af0a4d59,572a6a79dfaf6247292af8c946e3f621c520377d7eb449bd78e9b309f483fc6a,7e61f4823860ac67fc2cf7b88c0b78031ccbd9e2a1f7bf6285099b2c126d9b06,2026-08-06T11:21:41Z,2026-08-06-p2-finite-linear-memory-skill-decomposition,2.0
Elche,GLOBAL_COMMON_THRESHOLD_SENSITIVITY,3,7,ridge_direct,763,1.009707173793584,DEFINED_STABLE,160.72965560160762,1.81694626474443,0.005,4a49b08b041c578ec5981dc1472125b2af0a4d59,572a6a79dfaf6247292af8c946e3f621c520377d7eb449bd78e9b309f483fc6a,7e61f4823860ac67fc2cf7b88c0b78031ccbd9e2a1f7bf6285099b2c126d9b06,2026-08-06T11:21:41Z,2026-08-06-p2-finite-linear-memory-skill-decomposition,2.0
Elche,GLOBAL_COMMON_THRESHOLD_SENSITIVITY,3,7,hgb_direct,763,1.0812435795589204,DEFINED_STABLE,150.09558379853635,1.81694626474443,0.005,4a49b08b041c578ec5981dc1472125b2af0a4d59,572a6a79dfaf6247292af8c946e3f621c520377d7eb449bd78e9b309f483fc6a,7e61f4823860ac67fc2cf7b88c0b78031ccbd9e2a1f7bf6285099b2c126d9b06,2026-08-06T11:21:41Z,2026-08-06-p2-finite-linear-memory-skill-decomposition,2.0
Elche,GLOBAL_COMMON_THRESHOLD_SENSITIVITY,3,14,ridge_direct,763,1.0025796665506201,DEFINED_STABLE,160.72965560160762,1.81694626474443,0.005,4a49b08b041c578ec5981dc1472125b2af0a4d59,572a6a79dfaf6247292af8c946e3f621c520377d7eb449bd78e9b309f483fc6a,7e61f4823860ac67fc2cf7b88c0b78031ccbd9e2a1f7bf6285099b2c126d9b06,2026-08-06T11:21:41Z,2026-08-06-p2-finite-linear-memory-skill-decomposition,2.0
Elche,GLOBAL_COMMON_THRESHOLD_SENSITIVITY,3,14,hgb_direct,763,1.0736110979397595,DEFINED_STABLE,150.09558379853635,1.81694626474443,0.005,4a49b08b041c578ec5981dc1472125b2af0a4d59,572a6a79dfaf6247292af8c946e3f621c520377d7eb449bd78e9b309f483fc6a,7e61f4823860ac67fc2cf7b88c0b78031ccbd9e2a1f7bf6285099b2c126d9b06,2026-08-06T11:21:41Z,2026-08-06-p2-finite-linear-memory-skill-decomposition,2.0
Elche,GLOBAL_COMMON_THRESHOLD_SENSITIVITY,3,21,ridge_direct,763,1.0007457713833317,DEFINED_STABLE,160.72965560160762,1.81694626474443,0.005,4a49b08b041c578ec5981dc1472125b2af0a4d59,572a6a79dfaf6247292af8c946e3f621c520377d7eb449bd78e9b309f483fc6a,7e61f4823860ac67fc2cf7b88c0b78031ccbd9e2a1f7bf6285099b2c126d9b06,2026-08-06T11:21:41Z,2026-08-06-p2-finite-linear-memory-skill-decomposition,2.0
Elche,GLOBAL_COMMON_THRESHOLD_SENSITIVITY,3,21,hgb_direct,763,1.071647273747281,DEFINED_STABLE,150.09558379853635,1.81694626474443,0.005,4a49b08b041c578ec5981dc1472125b2af0a4d59,572a6a79dfaf6247292af8c946e3f621c520377d7eb449bd78e9b309f483fc6a,7e61f4823860ac67fc2cf7b88c0b78031ccbd9e2a1f7bf6285099b2c126d9b06,2026-08-06T11:21:41Z,2026-08-06-p2-finite-linear-memory-skill-decomposition,2.0
Elche,GLOBAL_COMMON_THRESHOLD_SENSITIVITY,4,7,ridge_direct,757,1.011043544472994,DEFINED_STABLE,175.9647450557125,1.9036129458388376,0.005,4a49b08b041c578ec5981dc1472125b2af0a4d59,572a6a79dfaf6247292af8c946e3f621c520377d7eb449bd78e9b309f483fc6a,7e61f4823860ac67fc2cf7b88c0b78031ccbd9e2a1f7bf6285099b2c126d9b06,2026-08-06T11:21:41Z,2026-08-06-p2-finite-linear-memory-skill-decomposition,2.0
Elche,GLOBAL_COMMON_THRESHOLD_SENSITIVITY,4,7,hgb_direct,757,1.1163861626040992,DEFINED_STABLE,159.36064553901616,1.9036129458388376,0.005,4a49b08b041c578ec5981dc1472125b2af0a4d59,572a6a79dfaf6247292af8c946e3f621c520377d7eb449bd78e9b309f483fc6a,7e61f4823860ac67fc2cf7b88c0b78031ccbd9e2a1f7bf6285099b2c126d9b06,2026-08-06T11:21:41Z,2026-08-06-p2-finite-linear-memory-skill-decomposition,2.0
Elche,GLOBAL_COMMON_THRESHOLD_SENSITIVITY,4,14,ridge_direct,757,1.0047315477911865,DEFINED_STABLE,175.9647450557125,1.9036129458388376,0.005,4a49b08b041c578ec5981dc1472125b2af0a4d59,572a6a79dfaf6247292af8c946e3f621c520377d7eb449bd78e9b309f483fc6a,7e61f4823860ac67fc2cf7b88c0b78031ccbd9e2a1f7bf6285099b2c126d9b06,2026-08-06T11:21:41Z,2026-08-06-p2-finite-linear-memory-skill-decomposition,2.0
Elche,GLOBAL_COMMON_THRESHOLD_SENSITIVITY,4,14,hgb_direct,757,1.1094165065566477,DEFINED_STABLE,159.36064553901616,1.9036129458388376,0.005,4a49b08b041c578ec5981dc1472125b2af0a4d59,572a6a79dfaf6247292af8c946e3f621c520377d7eb449bd78e9b309f483fc6a,7e61f4823860ac67fc2cf7b88c0b78031ccbd9e2a1f7bf6285099b2c126d9b06,2026-08-06T11:21:41Z,2026-08-06-p2-finite-linear-memory-skill-decomposition,2.0
Elche,GLOBAL_COMMON_THRESHOLD_SENSITIVITY,4,21,ridge_direct,757,1.0053250193886847,DEFINED_STABLE,175.9647450557125,1.9036129458388376,0.005,4a49b08b041c578ec5981dc1472125b2af0a4d59,572a6a79dfaf6247292af8c946e3f621c520377d7eb449bd78e9b309f483fc6a,7e61f4823860ac67fc2cf7b88c0b78031ccbd9e2a1f7bf6285099b2c126d9b06,2026-08-06T11:21:41Z,2026-08-06-p2-finite-linear-memory-skill-decomposition,2.0
Elche,GLOBAL_COMMON_THRESHOLD_SENSITIVITY,4,21,hgb_direct,757,1.1100718131287213,DEFINED_STABLE,159.36064553901616,1.9036129458388376,0.005,4a49b08b041c578ec5981dc1472125b2af0a4d59,572a6a79dfaf6247292af8c946e3f621c520377d7eb449bd78e9b309f483fc6a,7e61f4823860ac67fc2cf7b88c0b78031ccbd9e2a1f7bf6285099b2c126d9b06,2026-08-06T11:21:41Z,2026-08-06-p2-finite-linear-memory-skill-decomposition,2.0
Elche,GLOBAL_COMMON_THRESHOLD_SENSITIVITY,5,7,ridge_direct,753,1.0131929537377824,DEFINED_STABLE,178.0262071070065,1.9156972111553785,0.005,4a49b08b041c578ec5981dc1472125b2af0a4d59,572a6a79dfaf6247292af8c946e3f621c520377d7eb449bd78e9b309f483fc6a,7e61f4823860ac67fc2cf7b88c0b78031ccbd9e2a1f7bf6285099b2c126d9b06,2026-08-06T11:21:41Z,2026-08-06-p2-finite-linear-memory-skill-decomposition,2.0
Elche,GLOBAL_COMMON_THRESHOLD_SENSITIVITY,5,7,hgb_direct,753,1.0967933227897868,DEFINED_STABLE,164.45659804226676,1.9156972111553785,0.005,4a49b08b041c578ec5981dc1472125b2af0a4d59,572a6a79dfaf6247292af8c946e3f621c520377d7eb449bd78e9b309f483fc6a,7e61f4823860ac67fc2cf7b88c0b78031ccbd9e2a1f7bf6285099b2c126d9b06,2026-08-06T11:21:41Z,2026-08-06-p2-finite-linear-memory-skill-decomposition,2.0
Elche,GLOBAL_COMMON_THRESHOLD_SENSITIVITY,5,14,ridge_direct,753,1.0041945598726838,DEFINED_STABLE,178.0262071070065,1.9156972111553785,0.005,4a49b08b041c578ec5981dc1472125b2af0a4d59,572a6a79dfaf6247292af8c946e3f621c520377d7eb449bd78e9b309f483fc6a,7e61f4823860ac67fc2cf7b88c0b78031ccbd9e2a1f7bf6285099b2c126d9b06,2026-08-06T11:21:41Z,2026-08-06-p2-finite-linear-memory-skill-decomposition,2.0
Elche,GLOBAL_COMMON_THRESHOLD_SENSITIVITY,5,14,hgb_direct,753,1.0870524552969136,DEFINED_STABLE,164.45659804226676,1.9156972111553785,0.005,4a49b08b041c578ec5981dc1472125b2af0a4d59,572a6a79dfaf6247292af8c946e3f621c520377d7eb449bd78e9b309f483fc6a,7e61f4823860ac67fc2cf7b88c0b78031ccbd9e2a1f7bf6285099b2c126d9b06,2026-08-06T11:21:41Z,2026-08-06-p2-finite-linear-memory-skill-decomposition,2.0
Elche,GLOBAL_COMMON_THRESHOLD_SENSITIVITY,5,21,ridge_direct,753,1.002613707631088,DEFINED_STABLE,178.0262071070065,1.9156972111553785,0.005,4a49b08b041c578ec5981dc1472125b2af0a4d59,572a6a79dfaf6247292af8c946e3f621c520377d7eb449bd78e9b309f483fc6a,7e61f4823860ac67fc2cf7b88c0b78031ccbd9e2a1f7bf6285099b2c126d9b06,2026-08-06T11:21:41Z,2026-08-06-p2-finite-linear-memory-skill-decomposition,2.0
Elche,GLOBAL_COMMON_THRESHOLD_SENSITIVITY,5,21,hgb_direct,753,1.0853411640996118,DEFINED_STABLE,164.45659804226676,1.9156972111553785,0.005,4a49b08b041c578ec5981dc1472125b2af0a4d59,572a6a79dfaf6247292af8c946e3f621c520377d7eb449bd78e9b309f483fc6a,7e61f4823860ac67fc2cf7b88c0b78031ccbd9e2a1f7bf6285099b2c126d9b06,2026-08-06T11:21:41Z,2026-08-06-p2-finite-linear-memory-skill-decomposition,2.0
Elche,GLOBAL_COMMON_THRESHOLD_SENSITIVITY,6,7,ridge_direct,750,1.0156627477126194,DEFINED_STABLE,175.2791847579073,1.8024000000000002,0.005,4a49b08b041c578ec5981dc1472125b2af0a4d59,572a6a79dfaf6247292af8c946e3f621c520377d7eb449bd78e9b309f483fc6a,7e61f4823860ac67fc2cf7b88c0b78031ccbd9e2a1f7bf6285099b2c126d9b06,2026-08-06T11:21:41Z,2026-08-06-p2-finite-linear-memory-skill-decomposition,2.0
Elche,GLOBAL_COMMON_THRESHOLD_SENSITIVITY,6,7,hgb_direct,750,1.10436096290608,DEFINED_STABLE,161.20140460196984,1.8024000000000002,0.005,4a49b08b041c578ec5981dc1472125b2af0a4d59,572a6a79dfaf6247292af8c946e3f621c520377d7eb449bd78e9b309f483fc6a,7e61f4823860ac67fc2cf7b88c0b78031ccbd9e2a1f7bf6285099b2c126d9b06,2026-08-06T11:21:41Z,2026-08-06-p2-finite-linear-memory-skill-decomposition,2.0
Elche,GLOBAL_COMMON_THRESHOLD_SENSITIVITY,6,14,ridge_direct,750,1.0046926135475303,DEFINED_STABLE,175.2791847579073,1.8024000000000002,0.005,4a49b08b041c578ec5981dc1472125b2af0a4d59,572a6a79dfaf6247292af8c946e3f621c520377d7eb449bd78e9b309f483fc6a,7e61f4823860ac67fc2cf7b88c0b78031ccbd9e2a1f7bf6285099b2c126d9b06,2026-08-06T11:21:41Z,2026-08-06-p2-finite-linear-memory-skill-decomposition,2.0
Elche,GLOBAL_COMMON_THRESHOLD_SENSITIVITY,6,14,hgb_direct,750,1.0924328027396755,DEFINED_STABLE,161.20140460196984,1.8024000000000002,0.005,4a49b08b041c578ec5981dc1472125b2af0a4d59,572a6a79dfaf6247292af8c946e3f621c520377d7eb449bd78e9b309f483fc6a,7e61f4823860ac67fc2cf7b88c0b78031ccbd9e2a1f7bf6285099b2c126d9b06,2026-08-06T11:21:41Z,2026-08-06-p2-finite-linear-memory-skill-decomposition,2.0
Elche,GLOBAL_COMMON_THRESHOLD_SENSITIVITY,6,21,ridge_direct,750,1.0056222214884063,DEFINED_STABLE,175.2791847579073,1.8024000000000002,0.005,4a49b08b041c578ec5981dc1472125b2af0a4d59,572a6a79dfaf6247292af8c946e3f621c520377d7eb449bd78e9b309f483fc6a,7e61f4823860ac67fc2cf7b88c0b78031ccbd9e2a1f7bf6285099b2c126d9b06,2026-08-06T11:21:41Z,2026-08-06-p2-finite-linear-memory-skill-decomposition,2.0
Elche,GLOBAL_COMMON_THRESHOLD_SENSITIVITY,6,21,hgb_direct,750,1.0934435936966374,DEFINED_STABLE,161.20140460196984,1.8024000000000002,0.005,4a49b08b041c578ec5981dc1472125b2af0a4d59,572a6a79dfaf6247292af8c946e3f621c520377d7eb449bd78e9b309f483fc6a,7e61f4823860ac67fc2cf7b88c0b78031ccbd9e2a1f7bf6285099b2c126d9b06,2026-08-06T11:21:41Z,2026-08-06-p2-finite-linear-memory-skill-decomposition,2.0
Elche,GLOBAL_COMMON_THRESHOLD_SENSITIVITY,7,7,ridge_direct,749,1.0151892791256898,DEFINED_STABLE,183.83792455591006,1.8298197596795729,0.005,4a49b08b041c578ec5981dc1472125b2af0a4d59,572a6a79dfaf6247292af8c946e3f621c520377d7eb449bd78e9b309f483fc6a,7e61f4823860ac67fc2cf7b88c0b78031ccbd9e2a1f7bf6285099b2c126d9b06,2026-08-06T11:21:41Z,2026-08-06-p2-finite-linear-memory-skill-decomposition,2.0
Elche,GLOBAL_COMMON_THRESHOLD_SENSITIVITY,7,7,hgb_direct,749,1.1028037307098721,DEFINED_STABLE,169.23255236518273,1.8298197596795729,0.005,4a49b08b041c578ec5981dc1472125b2af0a4d59,572a6a79dfaf6247292af8c946e3f621c520377d7eb449bd78e9b309f483fc6a,7e61f4823860ac67fc2cf7b88c0b78031ccbd9e2a1f7bf6285099b2c126d9b06,2026-08-06T11:21:41Z,2026-08-06-p2-finite-linear-memory-skill-decomposition,2.0
Elche,GLOBAL_COMMON_THRESHOLD_SENSITIVITY,7,14,ridge_direct,749,1.0066849045663588,DEFINED_STABLE,183.83792455591006,1.8298197596795729,0.005,4a49b08b041c578ec5981dc1472125b2af0a4d59,572a6a79dfaf6247292af8c946e3f621c520377d7eb449bd78e9b309f483fc6a,7e61f4823860ac67fc2cf7b88c0b78031ccbd9e2a1f7bf6285099b2c126d9b06,2026-08-06T11:21:41Z,2026-08-06-p2-finite-linear-memory-skill-decomposition,2.0
Elche,GLOBAL_COMMON_THRESHOLD_SENSITIVITY,7,14,hgb_direct,749,1.0935653983276965,DEFINED_STABLE,169.23255236518273,1.8298197596795729,0.005,4a49b08b041c578ec5981dc1472125b2af0a4d59,572a6a79dfaf6247292af8c946e3f621c520377d7eb449bd78e9b309f483fc6a,7e61f4823860ac67fc2cf7b88c0b78031ccbd9e2a1f7bf6285099b2c126d9b06,2026-08-06T11:21:41Z,2026-08-06-p2-finite-linear-memory-skill-decomposition,2.0
Elche,GLOBAL_COMMON_THRESHOLD_SENSITIVITY,7,21,ridge_direct,749,1.007367386541535,DEFINED_STABLE,183.83792455591006,1.8298197596795729,0.005,4a49b08b041c578ec5981dc1472125b2af0a4d59,572a6a79dfaf6247292af8c946e3f621c520377d7eb449bd78e9b309f483fc6a,7e61f4823860ac67fc2cf7b88c0b78031ccbd9e2a1f7bf6285099b2c126d9b06,2026-08-06T11:21:41Z,2026-08-06-p2-finite-linear-memory-skill-decomposition,2.0
Elche,GLOBAL_COMMON_THRESHOLD_SENSITIVITY,7,21,hgb_direct,749,1.0943067809287959,DEFINED_STABLE,169.23255236518273,1.8298197596795729,0.005,4a49b08b041c578ec5981dc1472125b2af0a4d59,572a6a79dfaf6247292af8c946e3f621c520377d7eb449bd78e9b309f483fc6a,7e61f4823860ac67fc2cf7b88c0b78031ccbd9e2a1f7bf6285099b2c126d9b06,2026-08-06T11:21:41Z,2026-08-06-p2-finite-linear-memory-skill-decomposition,2.0
Elche,GLOBAL_COMMON_THRESHOLD_SENSITIVITY,1,7,ridge_direct,782,1.2099113076422636,DEFINED_STABLE,32.565344368307535,1.817774936061381,0.01,4a49b08b041c578ec5981dc1472125b2af0a4d59,572a6a79dfaf6247292af8c946e3f621c520377d7eb449bd78e9b309f483fc6a,7e61f4823860ac67fc2cf7b88c0b78031ccbd9e2a1f7bf6285099b2c126d9b06,2026-08-06T11:21:41Z,2026-08-06-p2-finite-linear-memory-skill-decomposition,2.0
Elche,GLOBAL_COMMON_THRESHOLD_SENSITIVITY,1,7,hgb_direct,782,3.330647747958162,DEFINED_STABLE,11.829884566038032,1.817774936061381,0.01,4a49b08b041c578ec5981dc1472125b2af0a4d59,572a6a79dfaf6247292af8c946e3f621c520377d7eb449bd78e9b309f483fc6a,7e61f4823860ac67fc2cf7b88c0b78031ccbd9e2a1f7bf6285099b2c126d9b06,2026-08-06T11:21:41Z,2026-08-06-p2-finite-linear-memory-skill-decomposition,2.0
Elche,GLOBAL_COMMON_THRESHOLD_SENSITIVITY,1,14,ridge_direct,782,1.185092194091717,DEFINED_STABLE,32.565344368307535,1.817774936061381,0.01,4a49b08b041c578ec5981dc1472125b2af0a4d59,572a6a79dfaf6247292af8c946e3f621c520377d7eb449bd78e9b309f483fc6a,7e61f4823860ac67fc2cf7b88c0b78031ccbd9e2a1f7bf6285099b2c126d9b06,2026-08-06T11:21:41Z,2026-08-06-p2-finite-linear-memory-skill-decomposition,2.0
Elche,GLOBAL_COMMON_THRESHOLD_SENSITIVITY,1,14,hgb_direct,782,3.2623256121691084,DEFINED_STABLE,11.829884566038032,1.817774936061381,0.01,4a49b08b041c578ec5981dc1472125b2af0a4d59,572a6a79dfaf6247292af8c946e3f621c520377d7eb449bd78e9b309f483fc6a,7e61f4823860ac67fc2cf7b88c0b78031ccbd9e2a1f7bf6285099b2c126d9b06,2026-08-06T11:21:41Z,2026-08-06-p2-finite-linear-memory-skill-decomposition,2.0
Elche,GLOBAL_COMMON_THRESHOLD_SENSITIVITY,1,21,ridge_direct,782,1.1490430338630186,DEFINED_STABLE,32.565344368307535,1.817774936061381,0.01,4a49b08b041c578ec5981dc1472125b2af0a4d59,572a6a79dfaf6247292af8c946e3f621c520377d7eb449bd78e9b309f483fc6a,7e61f4823860ac67fc2cf7b88c0b78031ccbd9e2a1f7bf6285099b2c126d9b06,2026-08-06T11:21:41Z,2026-08-06-p2-finite-linear-memory-skill-decomposition,2.0
Elche,GLOBAL_COMMON_THRESHOLD_SENSITIVITY,1,21,hgb_direct,782,3.163089367683164,DEFINED_STABLE,11.829884566038032,1.817774936061381,0.01,4a49b08b041c578ec5981dc1472125b2af0a4d59,572a6a79dfaf6247292af8c946e3f621c520377d7eb449bd78e9b309f483fc6a,7e61f4823860ac67fc2cf7b88c0b78031ccbd9e2a1f7bf6285099b2c126d9b06,2026-08-06T11:21:41Z,2026-08-06-p2-finite-linear-memory-skill-decomposition,2.0
Elche,GLOBAL_COMMON_THRESHOLD_SENSITIVITY,2,7,ridge_direct,770,1.0119487439868602,DEFINED_STABLE,133.71498902567197,3.3224155844155843,0.01,4a49b08b041c578ec5981dc1472125b2af0a4d59,572a6a79dfaf6247292af8c946e3f621c520377d7eb449bd78e9b309f483fc6a,7e61f4823860ac67fc2cf7b88c0b78031ccbd9e2a1f7bf6285099b2c126d9b06,2026-08-06T11:21:41Z,2026-08-06-p2-finite-linear-memory-skill-decomposition,2.0
Elche,GLOBAL_COMMON_THRESHOLD_SENSITIVITY,2,7,hgb_direct,770,1.0849566893523621,DEFINED_STABLE,124.7171583204092,3.3224155844155843,0.01,4a49b08b041c578ec5981dc1472125b2af0a4d59,572a6a79dfaf6247292af8c946e3f621c520377d7eb449bd78e9b309f483fc6a,7e61f4823860ac67fc2cf7b88c0b78031ccbd9e2a1f7bf6285099b2c126d9b06,2026-08-06T11:21:41Z,2026-08-06-p2-finite-linear-memory-skill-decomposition,2.0
Elche,GLOBAL_COMMON_THRESHOLD_SENSITIVITY,2,14,ridge_direct,770,1.0038059651020899,DEFINED_STABLE,133.71498902567197,3.3224155844155843,0.01,4a49b08b041c578ec5981dc1472125b2af0a4d59,572a6a79dfaf6247292af8c946e3f621c520377d7eb449bd78e9b309f483fc6a,7e61f4823860ac67fc2cf7b88c0b78031ccbd9e2a1f7bf6285099b2c126d9b06,2026-08-06T11:21:41Z,2026-08-06-p2-finite-linear-memory-skill-decomposition,2.0
Elche,GLOBAL_COMMON_THRESHOLD_SENSITIVITY,2,14,hgb_direct,770,1.0762264424169863,DEFINED_STABLE,124.7171583204092,3.3224155844155843,0.01,4a49b08b041c578ec5981dc1472125b2af0a4d59,572a6a79dfaf6247292af8c946e3f621c520377d7eb449bd78e9b309f483fc6a,7e61f4823860ac67fc2cf7b88c0b78031ccbd9e2a1f7bf6285099b2c126d9b06,2026-08-06T11:21:41Z,2026-08-06-p2-finite-linear-memory-skill-decomposition,2.0
Elche,GLOBAL_COMMON_THRESHOLD_SENSITIVITY,2,21,ridge_direct,770,0.9993580001192823,DEFINED_STABLE,133.71498902567197,3.3224155844155843,0.01,4a49b08b041c578ec5981dc1472125b2af0a4d59,572a6a79dfaf6247292af8c946e3f621c520377d7eb449bd78e9b309f483fc6a,7e61f4823860ac67fc2cf7b88c0b78031ccbd9e2a1f7bf6285099b2c126d9b06,2026-08-06T11:21:41Z,2026-08-06-p2-finite-linear-memory-skill-decomposition,2.0
Elche,GLOBAL_COMMON_THRESHOLD_SENSITIVITY,2,21,hgb_direct,770,1.0714575750303936,DEFINED_STABLE,124.7171583204092,3.3224155844155843,0.01,4a49b08b041c578ec5981dc1472125b2af0a4d59,572a6a79dfaf6247292af8c946e3f621c520377d7eb449bd78e9b309f483fc6a,7e61f4823860ac67fc2cf7b88c0b78031ccbd9e2a1f7bf6285099b2c126d9b06,2026-08-06T11:21:41Z,2026-08-06-p2-finite-linear-memory-skill-decomposition,2.0
Elche,GLOBAL_COMMON_THRESHOLD_SENSITIVITY,3,7,ridge_direct,763,1.009707173793584,DEFINED_STABLE,160.72965560160762,3.63389252948886,0.01,4a49b08b041c578ec5981dc1472125b2af0a4d59,572a6a79dfaf6247292af8c946e3f621c520377d7eb449bd78e9b309f483fc6a,7e61f4823860ac67fc2cf7b88c0b78031ccbd9e2a1f7bf6285099b2c126d9b06,2026-08-06T11:21:41Z,2026-08-06-p2-finite-linear-memory-skill-decomposition,2.0
Elche,GLOBAL_COMMON_THRESHOLD_SENSITIVITY,3,7,hgb_direct,763,1.0812435795589204,DEFINED_STABLE,150.09558379853635,3.63389252948886,0.01,4a49b08b041c578ec5981dc1472125b2af0a4d59,572a6a79dfaf6247292af8c946e3f621c520377d7eb449bd78e9b309f483fc6a,7e61f4823860ac67fc2cf7b88c0b78031ccbd9e2a1f7bf6285099b2c126d9b06,2026-08-06T11:21:41Z,2026-08-06-p2-finite-linear-memory-skill-decomposition,2.0
Elche,GLOBAL_COMMON_THRESHOLD_SENSITIVITY,3,14,ridge_direct,763,1.0025796665506201,DEFINED_STABLE,160.72965560160762,3.63389252948886,0.01,4a49b08b041c578ec5981dc1472125b2af0a4d59,572a6a79dfaf6247292af8c946e3f621c520377d7eb449bd78e9b309f483fc6a,7e61f4823860ac67fc2cf7b88c0b78031ccbd9e2a1f7bf6285099b2c126d9b06,2026-08-06T11:21:41Z,2026-08-06-p2-finite-linear-memory-skill-decomposition,2.0
Elche,GLOBAL_COMMON_THRESHOLD_SENSITIVITY,3,14,hgb_direct,763,1.0736110979397595,DEFINED_STABLE,150.09558379853635,3.63389252948886,0.01,4a49b08b041c578ec5981dc1472125b2af0a4d59,572a6a79dfaf6247292af8c946e3f621c520377d7eb449bd78e9b309f483fc6a,7e61f4823860ac67fc2cf7b88c0b78031ccbd9e2a1f7bf6285099b2c126d9b06,2026-08-06T11:21:41Z,2026-08-06-p2-finite-linear-memory-skill-decomposition,2.0
Elche,GLOBAL_COMMON_THRESHOLD_SENSITIVITY,3,21,ridge_direct,763,1.0007457713833317,DEFINED_STABLE,160.72965560160762,3.63389252948886,0.01,4a49b08b041c578ec5981dc1472125b2af0a4d59,572a6a79dfaf6247292af8c946e3f621c520377d7eb449bd78e9b309f483fc6a,7e61f4823860ac67fc2cf7b88c0b78031ccbd9e2a1f7bf6285099b2c126d9b06,2026-08-06T11:21:41Z,2026-08-06-p2-finite-linear-memory-skill-decomposition,2.0
Elche,GLOBAL_COMMON_THRESHOLD_SENSITIVITY,3,21,hgb_direct,763,1.071647273747281,DEFINED_STABLE,150.09558379853635,3.63389252948886,0.01,4a49b08b041c578ec5981dc1472125b2af0a4d59,572a6a79dfaf6247292af8c946e3f621c520377d7eb449bd78e9b309f483fc6a,7e61f4823860ac67fc2cf7b88c0b78031ccbd9e2a1f7bf6285099b2c126d9b06,2026-08-06T11:21:41Z,2026-08-06-p2-finite-linear-memory-skill-decomposition,2.0
Elche,GLOBAL_COMMON_THRESHOLD_SENSITIVITY,4,7,ridge_direct,757,1.011043544472994,DEFINED_STABLE,175.9647450557125,3.807225891677675,0.01,4a49b08b041c578ec5981dc1472125b2af0a4d59,572a6a79dfaf6247292af8c946e3f621c520377d7eb449bd78e9b309f483fc6a,7e61f4823860ac67fc2cf7b88c0b78031ccbd9e2a1f7bf6285099b2c126d9b06,2026-08-06T11:21:41Z,2026-08-06-p2-finite-linear-memory-skill-decomposition,2.0
Elche,GLOBAL_COMMON_THRESHOLD_SENSITIVITY,4,7,hgb_direct,757,1.1163861626040992,DEFINED_STABLE,159.36064553901616,3.807225891677675,0.01,4a49b08b041c578ec5981dc1472125b2af0a4d59,572a6a79dfaf6247292af8c946e3f621c520377d7eb449bd78e9b309f483fc6a,7e61f4823860ac67fc2cf7b88c0b78031ccbd9e2a1f7bf6285099b2c126d9b06,2026-08-06T11:21:41Z,2026-08-06-p2-finite-linear-memory-skill-decomposition,2.0
Elche,GLOBAL_COMMON_THRESHOLD_SENSITIVITY,4,14,ridge_direct,757,1.0047315477911865,DEFINED_STABLE,175.9647450557125,3.807225891677675,0.01,4a49b08b041c578ec5981dc1472125b2af0a4d59,572a6a79dfaf6247292af8c946e3f621c520377d7eb449bd78e9b309f483fc6a,7e61f4823860ac67fc2cf7b88c0b78031ccbd9e2a1f7bf6285099b2c126d9b06,2026-08-06T11:21:41Z,2026-08-06-p2-finite-linear-memory-skill-decomposition,2.0
Elche,GLOBAL_COMMON_THRESHOLD_SENSITIVITY,4,14,hgb_direct,757,1.1094165065566477,DEFINED_STABLE,159.36064553901616,3.807225891677675,0.01,4a49b08b041c578ec5981dc1472125b2af0a4d59,572a6a79dfaf6247292af8c946e3f621c520377d7eb449bd78e9b309f483fc6a,7e61f4823860ac67fc2cf7b88c0b78031ccbd9e2a1f7bf6285099b2c126d9b06,2026-08-06T11:21:41Z,2026-08-06-p2-finite-linear-memory-skill-decomposition,2.0
Elche,GLOBAL_COMMON_THRESHOLD_SENSITIVITY,4,21,ridge_direct,757,1.0053250193886847,DEFINED_STABLE,175.9647450557125,3.807225891677675,0.01,4a49b08b041c578ec5981dc1472125b2af0a4d59,572a6a79dfaf6247292af8c946e3f621c520377d7eb449bd78e9b309f483fc6a,7e61f4823860ac67fc2cf7b88c0b78031ccbd9e2a1f7bf6285099b2c126d9b06,2026-08-06T11:21:41Z,2026-08-06-p2-finite-linear-memory-skill-decomposition,2.0
Elche,GLOBAL_COMMON_THRESHOLD_SENSITIVITY,4,21,hgb_direct,757,1.1100718131287213,DEFINED_STABLE,159.36064553901616,3.807225891677675,0.01,4a49b08b041c578ec5981dc1472125b2af0a4d59,572a6a79dfaf6247292af8c946e3f621c520377d7eb449bd78e9b309f483fc6a,7e61f4823860ac67fc2cf7b88c0b78031ccbd9e2a1f7bf6285099b2c126d9b06,2026-08-06T11:21:41Z,2026-08-06-p2-finite-linear-memory-skill-decomposition,2.0
Elche,GLOBAL_COMMON_THRESHOLD_SENSITIVITY,5,7,ridge_direct,753,1.0131929537377824,DEFINED_STABLE,178.0262071070065,3.831394422310757,0.01,4a49b08b041c578ec5981dc1472125b2af0a4d59,572a6a79dfaf6247292af8c946e3f621c520377d7eb449bd78e9b309f483fc6a,7e61f4823860ac67fc2cf7b88c0b78031ccbd9e2a1f7bf6285099b2c126d9b06,2026-08-06T11:21:41Z,2026-08-06-p2-finite-linear-memory-skill-decomposition,2.0
Elche,GLOBAL_COMMON_THRESHOLD_SENSITIVITY,5,7,hgb_direct,753,1.0967933227897868,DEFINED_STABLE,164.45659804226676,3.831394422310757,0.01,4a49b08b041c578ec5981dc1472125b2af0a4d59,572a6a79dfaf6247292af8c946e3f621c520377d7eb449bd78e9b309f483fc6a,7e61f4823860ac67fc2cf7b88c0b78031ccbd9e2a1f7bf6285099b2c126d9b06,2026-08-06T11:21:41Z,2026-08-06-p2-finite-linear-memory-skill-decomposition,2.0
Elche,GLOBAL_COMMON_THRESHOLD_SENSITIVITY,5,14,ridge_direct,753,1.0041945598726838,DEFINED_STABLE,178.0262071070065,3.831394422310757,0.01,4a49b08b041c578ec5981dc1472125b2af0a4d59,572a6a79dfaf6247292af8c946e3f621c520377d7eb449bd78e9b309f483fc6a,7e61f4823860ac67fc2cf7b88c0b78031ccbd9e2a1f7bf6285099b2c126d9b06,2026-08-06T11:21:41Z,2026-08-06-p2-finite-linear-memory-skill-decomposition,2.0
Elche,GLOBAL_COMMON_THRESHOLD_SENSITIVITY,5,14,hgb_direct,753,1.0870524552969136,DEFINED_STABLE,164.45659804226676,3.831394422310757,0.01,4a49b08b041c578ec5981dc1472125b2af0a4d59,572a6a79dfaf6247292af8c946e3f621c520377d7eb449bd78e9b309f483fc6a,7e61f4823860ac67fc2cf7b88c0b78031ccbd9e2a1f7bf6285099b2c126d9b06,2026-08-06T11:21:41Z,2026-08-06-p2-finite-linear-memory-skill-decomposition,2.0
Elche,GLOBAL_COMMON_THRESHOLD_SENSITIVITY,5,21,ridge_direct,753,1.002613707631088,DEFINED_STABLE,178.0262071070065,3.831394422310757,0.01,4a49b08b041c578ec5981dc1472125b2af0a4d59,572a6a79dfaf6247292af8c946e3f621c520377d7eb449bd78e9b309f483fc6a,7e61f4823860ac67fc2cf7b88c0b78031ccbd9e2a1f7bf6285099b2c126d9b06,2026-08-06T11:21:41Z,2026-08-06-p2-finite-linear-memory-skill-decomposition,2.0
Elche,GLOBAL_COMMON_THRESHOLD_SENSITIVITY,5,21,hgb_direct,753,1.0853411640996118,DEFINED_STABLE,164.45659804226676,3.831394422310757,0.01,4a49b08b041c578ec5981dc1472125b2af0a4d59,572a6a79dfaf6247292af8c946e3f621c520377d7eb449bd78e9b309f483fc6a,7e61f4823860ac67fc2cf7b88c0b78031ccbd9e2a1f7bf6285099b2c126d9b06,2026-08-06T11:21:41Z,2026-08-06-p2-finite-linear-memory-skill-decomposition,2.0
Elche,GLOBAL_COMMON_THRESHOLD_SENSITIVITY,6,7,ridge_direct,750,1.0156627477126194,DEFINED_STABLE,175.2791847579073,3.6048000000000004,0.01,4a49b08b041c578ec5981dc1472125b2af0a4d59,572a6a79dfaf6247292af8c946e3f621c520377d7eb449bd78e9b309f483fc6a,7e61f4823860ac67fc2cf7b88c0b78031ccbd9e2a1f7bf6285099b2c126d9b06,2026-08-06T11:21:41Z,2026-08-06-p2-finite-linear-memory-skill-decomposition,2.0
Elche,GLOBAL_COMMON_THRESHOLD_SENSITIVITY,6,7,hgb_direct,750,1.10436096290608,DEFINED_STABLE,161.20140460196984,3.6048000000000004,0.01,4a49b08b041c578ec5981dc1472125b2af0a4d59,572a6a79dfaf6247292af8c946e3f621c520377d7eb449bd78e9b309f483fc6a,7e61f4823860ac67fc2cf7b88c0b78031ccbd9e2a1f7bf6285099b2c126d9b06,2026-08-06T11:21:41Z,2026-08-06-p2-finite-linear-memory-skill-decomposition,2.0
Elche,GLOBAL_COMMON_THRESHOLD_SENSITIVITY,6,14,ridge_direct,750,1.0046926135475303,DEFINED_STABLE,175.2791847579073,3.6048000000000004,0.01,4a49b08b041c578ec5981dc1472125b2af0a4d59,572a6a79dfaf6247292af8c946e3f621c520377d7eb449bd78e9b309f483fc6a,7e61f4823860ac67fc2cf7b88c0b78031ccbd9e2a1f7bf6285099b2c126d9b06,2026-08-06T11:21:41Z,2026-08-06-p2-finite-linear-memory-skill-decomposition,2.0
Elche,GLOBAL_COMMON_THRESHOLD_SENSITIVITY,6,14,hgb_direct,750,1.0924328027396755,DEFINED_STABLE,161.20140460196984,3.6048000000000004,0.01,4a49b08b041c578ec5981dc1472125b2af0a4d59,572a6a79dfaf6247292af8c946e3f621c520377d7eb449bd78e9b309f483fc6a,7e61f4823860ac67fc2cf7b88c0b78031ccbd9e2a1f7bf6285099b2c126d9b06,2026-08-06T11:21:41Z,2026-08-06-p2-finite-linear-memory-skill-decomposition,2.0
Elche,GLOBAL_COMMON_THRESHOLD_SENSITIVITY,6,21,ridge_direct,750,1.0056222214884063,DEFINED_STABLE,175.2791847579073,3.6048000000000004,0.01,4a49b08b041c578ec5981dc1472125b2af0a4d59,572a6a79dfaf6247292af8c946e3f621c520377d7eb449bd78e9b309f483fc6a,7e61f4823860ac67fc2cf7b88c0b78031ccbd9e2a1f7bf6285099b2c126d9b06,2026-08-06T11:21:41Z,2026-08-06-p2-finite-linear-memory-skill-decomposition,2.0
Elche,GLOBAL_COMMON_THRESHOLD_SENSITIVITY,6,21,hgb_direct,750,1.0934435936966374,DEFINED_STABLE,161.20140460196984,3.6048000000000004,0.01,4a49b08b041c578ec5981dc1472125b2af0a4d59,572a6a79dfaf6247292af8c946e3f621c520377d7eb449bd78e9b309f483fc6a,7e61f4823860ac67fc2cf7b88c0b78031ccbd9e2a1f7bf6285099b2c126d9b06,2026-08-06T11:21:41Z,2026-08-06-p2-finite-linear-memory-skill-decomposition,2.0
Elche,GLOBAL_COMMON_THRESHOLD_SENSITIVITY,7,7,ridge_direct,749,1.0151892791256898,DEFINED_STABLE,183.83792455591006,3.6596395193591458,0.01,4a49b08b041c578ec5981dc1472125b2af0a4d59,572a6a79dfaf6247292af8c946e3f621c520377d7eb449bd78e9b309f483fc6a,7e61f4823860ac67fc2cf7b88c0b78031ccbd9e2a1f7bf6285099b2c126d9b06,2026-08-06T11:21:41Z,2026-08-06-p2-finite-linear-memory-skill-decomposition,2.0
Elche,GLOBAL_COMMON_THRESHOLD_SENSITIVITY,7,7,hgb_direct,749,1.1028037307098721,DEFINED_STABLE,169.23255236518273,3.6596395193591458,0.01,4a49b08b041c578ec5981dc1472125b2af0a4d59,572a6a79dfaf6247292af8c946e3f621c520377d7eb449bd78e9b309f483fc6a,7e61f4823860ac67fc2cf7b88c0b78031ccbd9e2a1f7bf6285099b2c126d9b06,2026-08-06T11:21:41Z,2026-08-06-p2-finite-linear-memory-skill-decomposition,2.0
Elche,GLOBAL_COMMON_THRESHOLD_SENSITIVITY,7,14,ridge_direct,749,1.0066849045663588,DEFINED_STABLE,183.83792455591006,3.6596395193591458,0.01,4a49b08b041c578ec5981dc1472125b2af0a4d59,572a6a79dfaf6247292af8c946e3f621c520377d7eb449bd78e9b309f483fc6a,7e61f4823860ac67fc2cf7b88c0b78031ccbd9e2a1f7bf6285099b2c126d9b06,2026-08-06T11:21:41Z,2026-08-06-p2-finite-linear-memory-skill-decomposition,2.0
Elche,GLOBAL_COMMON_THRESHOLD_SENSITIVITY,7,14,hgb_direct,749,1.0935653983276965,DEFINED_STABLE,169.23255236518273,3.6596395193591458,0.01,4a49b08b041c578ec5981dc1472125b2af0a4d59,572a6a79dfaf6247292af8c946e3f621c520377d7eb449bd78e9b309f483fc6a,7e61f4823860ac67fc2cf7b88c0b78031ccbd9e2a1f7bf6285099b2c126d9b06,2026-08-06T11:21:41Z,2026-08-06-p2-finite-linear-memory-skill-decomposition,2.0
Elche,GLOBAL_COMMON_THRESHOLD_SENSITIVITY,7,21,ridge_direct,749,1.007367386541535,DEFINED_STABLE,183.83792455591006,3.6596395193591458,0.01,4a49b08b041c578ec5981dc1472125b2af0a4d59,572a6a79dfaf6247292af8c946e3f621c520377d7eb449bd78e9b309f483fc6a,7e61f4823860ac67fc2cf7b88c0b78031ccbd9e2a1f7bf6285099b2c126d9b06,2026-08-06T11:21:41Z,2026-08-06-p2-finite-linear-memory-skill-decomposition,2.0
Elche,GLOBAL_COMMON_THRESHOLD_SENSITIVITY,7,21,hgb_direct,749,1.0943067809287959,DEFINED_STABLE,169.23255236518273,3.6596395193591458,0.01,4a49b08b041c578ec5981dc1472125b2af0a4d59,572a6a79dfaf6247292af8c946e3f621c520377d7eb449bd78e9b309f483fc6a,7e61f4823860ac67fc2cf7b88c0b78031ccbd9e2a1f7bf6285099b2c126d9b06,2026-08-06T11:21:41Z,2026-08-06-p2-finite-linear-memory-skill-decomposition,2.0
Elche,GLOBAL_COMMON_THRESHOLD_SENSITIVITY,1,7,ridge_direct,782,1.2099113076422636,DEFINED_STABLE,32.565344368307535,3.635549872122762,0.02,4a49b08b041c578ec5981dc1472125b2af0a4d59,572a6a79dfaf6247292af8c946e3f621c520377d7eb449bd78e9b309f483fc6a,7e61f4823860ac67fc2cf7b88c0b78031ccbd9e2a1f7bf6285099b2c126d9b06,2026-08-06T11:21:41Z,2026-08-06-p2-finite-linear-memory-skill-decomposition,2.0
Elche,GLOBAL_COMMON_THRESHOLD_SENSITIVITY,1,7,hgb_direct,782,3.330647747958162,DEFINED_STABLE,11.829884566038032,3.635549872122762,0.02,4a49b08b041c578ec5981dc1472125b2af0a4d59,572a6a79dfaf6247292af8c946e3f621c520377d7eb449bd78e9b309f483fc6a,7e61f4823860ac67fc2cf7b88c0b78031ccbd9e2a1f7bf6285099b2c126d9b06,2026-08-06T11:21:41Z,2026-08-06-p2-finite-linear-memory-skill-decomposition,2.0
Elche,GLOBAL_COMMON_THRESHOLD_SENSITIVITY,1,14,ridge_direct,782,1.185092194091717,DEFINED_STABLE,32.565344368307535,3.635549872122762,0.02,4a49b08b041c578ec5981dc1472125b2af0a4d59,572a6a79dfaf6247292af8c946e3f621c520377d7eb449bd78e9b309f483fc6a,7e61f4823860ac67fc2cf7b88c0b78031ccbd9e2a1f7bf6285099b2c126d9b06,2026-08-06T11:21:41Z,2026-08-06-p2-finite-linear-memory-skill-decomposition,2.0
Elche,GLOBAL_COMMON_THRESHOLD_SENSITIVITY,1,14,hgb_direct,782,3.2623256121691084,DEFINED_STABLE,11.829884566038032,3.635549872122762,0.02,4a49b08b041c578ec5981dc1472125b2af0a4d59,572a6a79dfaf6247292af8c946e3f621c520377d7eb449bd78e9b309f483fc6a,7e61f4823860ac67fc2cf7b88c0b78031ccbd9e2a1f7bf6285099b2c126d9b06,2026-08-06T11:21:41Z,2026-08-06-p2-finite-linear-memory-skill-decomposition,2.0
Elche,GLOBAL_COMMON_THRESHOLD_SENSITIVITY,1,21,ridge_direct,782,1.1490430338630186,DEFINED_STABLE,32.565344368307535,3.635549872122762,0.02,4a49b08b041c578ec5981dc1472125b2af0a4d59,572a6a79dfaf6247292af8c946e3f621c520377d7eb449bd78e9b309f483fc6a,7e61f4823860ac67fc2cf7b88c0b78031ccbd9e2a1f7bf6285099b2c126d9b06,2026-08-06T11:21:41Z,2026-08-06-p2-finite-linear-memory-skill-decomposition,2.0
Elche,GLOBAL_COMMON_THRESHOLD_SENSITIVITY,1,21,hgb_direct,782,3.163089367683164,DEFINED_STABLE,11.829884566038032,3.635549872122762,0.02,4a49b08b041c578ec5981dc1472125b2af0a4d59,572a6a79dfaf6247292af8c946e3f621c520377d7eb449bd78e9b309f483fc6a,7e61f4823860ac67fc2cf7b88c0b78031ccbd9e2a1f7bf6285099b2c126d9b06,2026-08-06T11:21:41Z,2026-08-06-p2-finite-linear-memory-skill-decomposition,2.0
Elche,GLOBAL_COMMON_THRESHOLD_SENSITIVITY,2,7,ridge_direct,770,1.0119487439868602,DEFINED_STABLE,133.71498902567197,6.6448311688311685,0.02,4a49b08b041c578ec5981dc1472125b2af0a4d59,572a6a79dfaf6247292af8c946e3f621c520377d7eb449bd78e9b309f483fc6a,7e61f4823860ac67fc2cf7b88c0b78031ccbd9e2a1f7bf6285099b2c126d9b06,2026-08-06T11:21:41Z,2026-08-06-p2-finite-linear-memory-skill-decomposition,2.0
Elche,GLOBAL_COMMON_THRESHOLD_SENSITIVITY,2,7,hgb_direct,770,1.0849566893523621,DEFINED_STABLE,124.7171583204092,6.6448311688311685,0.02,4a49b08b041c578ec5981dc1472125b2af0a4d59,572a6a79dfaf6247292af8c946e3f621c520377d7eb449bd78e9b309f483fc6a,7e61f4823860ac67fc2cf7b88c0b78031ccbd9e2a1f7bf6285099b2c126d9b06,2026-08-06T11:21:41Z,2026-08-06-p2-finite-linear-memory-skill-decomposition,2.0
Elche,GLOBAL_COMMON_THRESHOLD_SENSITIVITY,2,14,ridge_direct,770,1.0038059651020899,DEFINED_STABLE,133.71498902567197,6.6448311688311685,0.02,4a49b08b041c578ec5981dc1472125b2af0a4d59,572a6a79dfaf6247292af8c946e3f621c520377d7eb449bd78e9b309f483fc6a,7e61f4823860ac67fc2cf7b88c0b78031ccbd9e2a1f7bf6285099b2c126d9b06,2026-08-06T11:21:41Z,2026-08-06-p2-finite-linear-memory-skill-decomposition,2.0
Elche,GLOBAL_COMMON_THRESHOLD_SENSITIVITY,2,14,hgb_direct,770,1.0762264424169863,DEFINED_STABLE,124.7171583204092,6.6448311688311685,0.02,4a49b08b041c578ec5981dc1472125b2af0a4d59,572a6a79dfaf6247292af8c946e3f621c520377d7eb449bd78e9b309f483fc6a,7e61f4823860ac67fc2cf7b88c0b78031ccbd9e2a1f7bf6285099b2c126d9b06,2026-08-06T11:21:41Z,2026-08-06-p2-finite-linear-memory-skill-decomposition,2.0
Elche,GLOBAL_COMMON_THRESHOLD_SENSITIVITY,2,21,ridge_direct,770,0.9993580001192823,DEFINED_STABLE,133.71498902567197,6.6448311688311685,0.02,4a49b08b041c578ec5981dc1472125b2af0a4d59,572a6a79dfaf6247292af8c946e3f621c520377d7eb449bd78e9b309f483fc6a,7e61f4823860ac67fc2cf7b88c0b78031ccbd9e2a1f7bf6285099b2c126d9b06,2026-08-06T11:21:41Z,2026-08-06-p2-finite-linear-memory-skill-decomposition,2.0
Elche,GLOBAL_COMMON_THRESHOLD_SENSITIVITY,2,21,hgb_direct,770,1.0714575750303936,DEFINED_STABLE,124.7171583204092,6.6448311688311685,0.02,4a49b08b041c578ec5981dc1472125b2af0a4d59,572a6a79dfaf6247292af8c946e3f621c520377d7eb449bd78e9b309f483fc6a,7e61f4823860ac67fc2cf7b88c0b78031ccbd9e2a1f7bf6285099b2c126d9b06,2026-08-06T11:21:41Z,2026-08-06-p2-finite-linear-memory-skill-decomposition,2.0
Elche,GLOBAL_COMMON_THRESHOLD_SENSITIVITY,3,7,ridge_direct,763,1.009707173793584,DEFINED_STABLE,160.72965560160762,7.26778505897772,0.02,4a49b08b041c578ec5981dc1472125b2af0a4d59,572a6a79dfaf6247292af8c946e3f621c520377d7eb449bd78e9b309f483fc6a,7e61f4823860ac67fc2cf7b88c0b78031ccbd9e2a1f7bf6285099b2c126d9b06,2026-08-06T11:21:41Z,2026-08-06-p2-finite-linear-memory-skill-decomposition,2.0
Elche,GLOBAL_COMMON_THRESHOLD_SENSITIVITY,3,7,hgb_direct,763,1.0812435795589204,DEFINED_STABLE,150.09558379853635,7.26778505897772,0.02,4a49b08b041c578ec5981dc1472125b2af0a4d59,572a6a79dfaf6247292af8c946e3f621c520377d7eb449bd78e9b309f483fc6a,7e61f4823860ac67fc2cf7b88c0b78031ccbd9e2a1f7bf6285099b2c126d9b06,2026-08-06T11:21:41Z,2026-08-06-p2-finite-linear-memory-skill-decomposition,2.0
Elche,GLOBAL_COMMON_THRESHOLD_SENSITIVITY,3,14,ridge_direct,763,1.0025796665506201,DEFINED_STABLE,160.72965560160762,7.26778505897772,0.02,4a49b08b041c578ec5981dc1472125b2af0a4d59,572a6a79dfaf6247292af8c946e3f621c520377d7eb449bd78e9b309f483fc6a,7e61f4823860ac67fc2cf7b88c0b78031ccbd9e2a1f7bf6285099b2c126d9b06,2026-08-06T11:21:41Z,2026-08-06-p2-finite-linear-memory-skill-decomposition,2.0
Elche,GLOBAL_COMMON_THRESHOLD_SENSITIVITY,3,14,hgb_direct,763,1.0736110979397595,DEFINED_STABLE,150.09558379853635,7.26778505897772,0.02,4a49b08b041c578ec5981dc1472125b2af0a4d59,572a6a79dfaf6247292af8c946e3f621c520377d7eb449bd78e9b309f483fc6a,7e61f4823860ac67fc2cf7b88c0b78031ccbd9e2a1f7bf6285099b2c126d9b06,2026-08-06T11:21:41Z,2026-08-06-p2-finite-linear-memory-skill-decomposition,2.0
Elche,GLOBAL_COMMON_THRESHOLD_SENSITIVITY,3,21,ridge_direct,763,1.0007457713833317,DEFINED_STABLE,160.72965560160762,7.26778505897772,0.02,4a49b08b041c578ec5981dc1472125b2af0a4d59,572a6a79dfaf6247292af8c946e3f621c520377d7eb449bd78e9b309f483fc6a,7e61f4823860ac67fc2cf7b88c0b78031ccbd9e2a1f7bf6285099b2c126d9b06,2026-08-06T11:21:41Z,2026-08-06-p2-finite-linear-memory-skill-decomposition,2.0
Elche,GLOBAL_COMMON_THRESHOLD_SENSITIVITY,3,21,hgb_direct,763,1.071647273747281,DEFINED_STABLE,150.09558379853635,7.26778505897772,0.02,4a49b08b041c578ec5981dc1472125b2af0a4d59,572a6a79dfaf6247292af8c946e3f621c520377d7eb449bd78e9b309f483fc6a,7e61f4823860ac67fc2cf7b88c0b78031ccbd9e2a1f7bf6285099b2c126d9b06,2026-08-06T11:21:41Z,2026-08-06-p2-finite-linear-memory-skill-decomposition,2.0
Elche,GLOBAL_COMMON_THRESHOLD_SENSITIVITY,4,7,ridge_direct,757,1.011043544472994,DEFINED_STABLE,175.9647450557125,7.61445178335535,0.02,4a49b08b041c578ec5981dc1472125b2af0a4d59,572a6a79dfaf6247292af8c946e3f621c520377d7eb449bd78e9b309f483fc6a,7e61f4823860ac67fc2cf7b88c0b78031ccbd9e2a1f7bf6285099b2c126d9b06,2026-08-06T11:21:41Z,2026-08-06-p2-finite-linear-memory-skill-decomposition,2.0
Elche,GLOBAL_COMMON_THRESHOLD_SENSITIVITY,4,7,hgb_direct,757,1.1163861626040992,DEFINED_STABLE,159.36064553901616,7.61445178335535,0.02,4a49b08b041c578ec5981dc1472125b2af0a4d59,572a6a79dfaf6247292af8c946e3f621c520377d7eb449bd78e9b309f483fc6a,7e61f4823860ac67fc2cf7b88c0b78031ccbd9e2a1f7bf6285099b2c126d9b06,2026-08-06T11:21:41Z,2026-08-06-p2-finite-linear-memory-skill-decomposition,2.0
Elche,GLOBAL_COMMON_THRESHOLD_SENSITIVITY,4,14,ridge_direct,757,1.0047315477911865,DEFINED_STABLE,175.9647450557125,7.61445178335535,0.02,4a49b08b041c578ec5981dc1472125b2af0a4d59,572a6a79dfaf6247292af8c946e3f621c520377d7eb449bd78e9b309f483fc6a,7e61f4823860ac67fc2cf7b88c0b78031ccbd9e2a1f7bf6285099b2c126d9b06,2026-08-06T11:21:41Z,2026-08-06-p2-finite-linear-memory-skill-decomposition,2.0
Elche,GLOBAL_COMMON_THRESHOLD_SENSITIVITY,4,14,hgb_direct,757,1.1094165065566477,DEFINED_STABLE,159.36064553901616,7.61445178335535,0.02,4a49b08b041c578ec5981dc1472125b2af0a4d59,572a6a79dfaf6247292af8c946e3f621c520377d7eb449bd78e9b309f483fc6a,7e61f4823860ac67fc2cf7b88c0b78031ccbd9e2a1f7bf6285099b2c126d9b06,2026-08-06T11:21:41Z,2026-08-06-p2-finite-linear-memory-skill-decomposition,2.0
Elche,GLOBAL_COMMON_THRESHOLD_SENSITIVITY,4,21,ridge_direct,757,1.0053250193886847,DEFINED_STABLE,175.9647450557125,7.61445178335535,0.02,4a49b08b041c578ec5981dc1472125b2af0a4d59,572a6a79dfaf6247292af8c946e3f621c520377d7eb449bd78e9b309f483fc6a,7e61f4823860ac67fc2cf7b88c0b78031ccbd9e2a1f7bf6285099b2c126d9b06,2026-08-06T11:21:41Z,2026-08-06-p2-finite-linear-memory-skill-decomposition,2.0
Elche,GLOBAL_COMMON_THRESHOLD_SENSITIVITY,4,21,hgb_direct,757,1.1100718131287213,DEFINED_STABLE,159.36064553901616,7.61445178335535,0.02,4a49b08b041c578ec5981dc1472125b2af0a4d59,572a6a79dfaf6247292af8c946e3f621c520377d7eb449bd78e9b309f483fc6a,7e61f4823860ac67fc2cf7b88c0b78031ccbd9e2a1f7bf6285099b2c126d9b06,2026-08-06T11:21:41Z,2026-08-06-p2-finite-linear-memory-skill-decomposition,2.0
Elche,GLOBAL_COMMON_THRESHOLD_SENSITIVITY,5,7,ridge_direct,753,1.0131929537377824,DEFINED_STABLE,178.0262071070065,7.662788844621514,0.02,4a49b08b041c578ec5981dc1472125b2af0a4d59,572a6a79dfaf6247292af8c946e3f621c520377d7eb449bd78e9b309f483fc6a,7e61f4823860ac67fc2cf7b88c0b78031ccbd9e2a1f7bf6285099b2c126d9b06,2026-08-06T11:21:41Z,2026-08-06-p2-finite-linear-memory-skill-decomposition,2.0
Elche,GLOBAL_COMMON_THRESHOLD_SENSITIVITY,5,7,hgb_direct,753,1.0967933227897868,DEFINED_STABLE,164.45659804226676,7.662788844621514,0.02,4a49b08b041c578ec5981dc1472125b2af0a4d59,572a6a79dfaf6247292af8c946e3f621c520377d7eb449bd78e9b309f483fc6a,7e61f4823860ac67fc2cf7b88c0b78031ccbd9e2a1f7bf6285099b2c126d9b06,2026-08-06T11:21:41Z,2026-08-06-p2-finite-linear-memory-skill-decomposition,2.0
Elche,GLOBAL_COMMON_THRESHOLD_SENSITIVITY,5,14,ridge_direct,753,1.0041945598726838,DEFINED_STABLE,178.0262071070065,7.662788844621514,0.02,4a49b08b041c578ec5981dc1472125b2af0a4d59,572a6a79dfaf6247292af8c946e3f621c520377d7eb449bd78e9b309f483fc6a,7e61f4823860ac67fc2cf7b88c0b78031ccbd9e2a1f7bf6285099b2c126d9b06,2026-08-06T11:21:41Z,2026-08-06-p2-finite-linear-memory-skill-decomposition,2.0
Elche,GLOBAL_COMMON_THRESHOLD_SENSITIVITY,5,14,hgb_direct,753,1.0870524552969136,DEFINED_STABLE,164.45659804226676,7.662788844621514,0.02,4a49b08b041c578ec5981dc1472125b2af0a4d59,572a6a79dfaf6247292af8c946e3f621c520377d7eb449bd78e9b309f483fc6a,7e61f4823860ac67fc2cf7b88c0b78031ccbd9e2a1f7bf6285099b2c126d9b06,2026-08-06T11:21:41Z,2026-08-06-p2-finite-linear-memory-skill-decomposition,2.0
Elche,GLOBAL_COMMON_THRESHOLD_SENSITIVITY,5,21,ridge_direct,753,1.002613707631088,DEFINED_STABLE,178.0262071070065,7.662788844621514,0.02,4a49b08b041c578ec5981dc1472125b2af0a4d59,572a6a79dfaf6247292af8c946e3f621c520377d7eb449bd78e9b309f483fc6a,7e61f4823860ac67fc2cf7b88c0b78031ccbd9e2a1f7bf6285099b2c126d9b06,2026-08-06T11:21:41Z,2026-08-06-p2-finite-linear-memory-skill-decomposition,2.0
Elche,GLOBAL_COMMON_THRESHOLD_SENSITIVITY,5,21,hgb_direct,753,1.0853411640996118,DEFINED_STABLE,164.45659804226676,7.662788844621514,0.02,4a49b08b041c578ec5981dc1472125b2af0a4d59,572a6a79dfaf6247292af8c946e3f621c520377d7eb449bd78e9b309f483fc6a,7e61f4823860ac67fc2cf7b88c0b78031ccbd9e2a1f7bf6285099b2c126d9b06,2026-08-06T11:21:41Z,2026-08-06-p2-finite-linear-memory-skill-decomposition,2.0
Elche,GLOBAL_COMMON_THRESHOLD_SENSITIVITY,6,7,ridge_direct,750,1.0156627477126194,DEFINED_STABLE,175.2791847579073,7.209600000000001,0.02,4a49b08b041c578ec5981dc1472125b2af0a4d59,572a6a79dfaf6247292af8c946e3f621c520377d7eb449bd78e9b309f483fc6a,7e61f4823860ac67fc2cf7b88c0b78031ccbd9e2a1f7bf6285099b2c126d9b06,2026-08-06T11:21:41Z,2026-08-06-p2-finite-linear-memory-skill-decomposition,2.0
Elche,GLOBAL_COMMON_THRESHOLD_SENSITIVITY,6,7,hgb_direct,750,1.10436096290608,DEFINED_STABLE,161.20140460196984,7.209600000000001,0.02,4a49b08b041c578ec5981dc1472125b2af0a4d59,572a6a79dfaf6247292af8c946e3f621c520377d7eb449bd78e9b309f483fc6a,7e61f4823860ac67fc2cf7b88c0b78031ccbd9e2a1f7bf6285099b2c126d9b06,2026-08-06T11:21:41Z,2026-08-06-p2-finite-linear-memory-skill-decomposition,2.0
Elche,GLOBAL_COMMON_THRESHOLD_SENSITIVITY,6,14,ridge_direct,750,1.0046926135475303,DEFINED_STABLE,175.2791847579073,7.209600000000001,0.02,4a49b08b041c578ec5981dc1472125b2af0a4d59,572a6a79dfaf6247292af8c946e3f621c520377d7eb449bd78e9b309f483fc6a,7e61f4823860ac67fc2cf7b88c0b78031ccbd9e2a1f7bf6285099b2c126d9b06,2026-08-06T11:21:41Z,2026-08-06-p2-finite-linear-memory-skill-decomposition,2.0
Elche,GLOBAL_COMMON_THRESHOLD_SENSITIVITY,6,14,hgb_direct,750,1.0924328027396755,DEFINED_STABLE,161.20140460196984,7.209600000000001,0.02,4a49b08b041c578ec5981dc1472125b2af0a4d59,572a6a79dfaf6247292af8c946e3f621c520377d7eb449bd78e9b309f483fc6a,7e61f4823860ac67fc2cf7b88c0b78031ccbd9e2a1f7bf6285099b2c126d9b06,2026-08-06T11:21:41Z,2026-08-06-p2-finite-linear-memory-skill-decomposition,2.0
Elche,GLOBAL_COMMON_THRESHOLD_SENSITIVITY,6,21,ridge_direct,750,1.0056222214884063,DEFINED_STABLE,175.2791847579073,7.209600000000001,0.02,4a49b08b041c578ec5981dc1472125b2af0a4d59,572a6a79dfaf6247292af8c946e3f621c520377d7eb449bd78e9b309f483fc6a,7e61f4823860ac67fc2cf7b88c0b78031ccbd9e2a1f7bf6285099b2c126d9b06,2026-08-06T11:21:41Z,2026-08-06-p2-finite-linear-memory-skill-decomposition,2.0
Elche,GLOBAL_COMMON_THRESHOLD_SENSITIVITY,6,21,hgb_direct,750,1.0934435936966374,DEFINED_STABLE,161.20140460196984,7.209600000000001,0.02,4a49b08b041c578ec5981dc1472125b2af0a4d59,572a6a79dfaf6247292af8c946e3f621c520377d7eb449bd78e9b309f483fc6a,7e61f4823860ac67fc2cf7b88c0b78031ccbd9e2a1f7bf6285099b2c126d9b06,2026-08-06T11:21:41Z,2026-08-06-p2-finite-linear-memory-skill-decomposition,2.0
Elche,GLOBAL_COMMON_THRESHOLD_SENSITIVITY,7,7,ridge_direct,749,1.0151892791256898,DEFINED_STABLE,183.83792455591006,7.3192790387182916,0.02,4a49b08b041c578ec5981dc1472125b2af0a4d59,572a6a79dfaf6247292af8c946e3f621c520377d7eb449bd78e9b309f483fc6a,7e61f4823860ac67fc2cf7b88c0b78031ccbd9e2a1f7bf6285099b2c126d9b06,2026-08-06T11:21:41Z,2026-08-06-p2-finite-linear-memory-skill-decomposition,2.0
Elche,GLOBAL_COMMON_THRESHOLD_SENSITIVITY,7,7,hgb_direct,749,1.1028037307098721,DEFINED_STABLE,169.23255236518273,7.3192790387182916,0.02,4a49b08b041c578ec5981dc1472125b2af0a4d59,572a6a79dfaf6247292af8c946e3f621c520377d7eb449bd78e9b309f483fc6a,7e61f4823860ac67fc2cf7b88c0b78031ccbd9e2a1f7bf6285099b2c126d9b06,2026-08-06T11:21:41Z,2026-08-06-p2-finite-linear-memory-skill-decomposition,2.0
Elche,GLOBAL_COMMON_THRESHOLD_SENSITIVITY,7,14,ridge_direct,749,1.0066849045663588,DEFINED_STABLE,183.83792455591006,7.3192790387182916,0.02,4a49b08b041c578ec5981dc1472125b2af0a4d59,572a6a79dfaf6247292af8c946e3f621c520377d7eb449bd78e9b309f483fc6a,7e61f4823860ac67fc2cf7b88c0b78031ccbd9e2a1f7bf6285099b2c126d9b06,2026-08-06T11:21:41Z,2026-08-06-p2-finite-linear-memory-skill-decomposition,2.0
Elche,GLOBAL_COMMON_THRESHOLD_SENSITIVITY,7,14,hgb_direct,749,1.0935653983276965,DEFINED_STABLE,169.23255236518273,7.3192790387182916,0.02,4a49b08b041c578ec5981dc1472125b2af0a4d59,572a6a79dfaf6247292af8c946e3f621c520377d7eb449bd78e9b309f483fc6a,7e61f4823860ac67fc2cf7b88c0b78031ccbd9e2a1f7bf6285099b2c126d9b06,2026-08-06T11:21:41Z,2026-08-06-p2-finite-linear-memory-skill-decomposition,2.0
Elche,GLOBAL_COMMON_THRESHOLD_SENSITIVITY,7,21,ridge_direct,749,1.007367386541535,DEFINED_STABLE,183.83792455591006,7.3192790387182916,0.02,4a49b08b041c578ec5981dc1472125b2af0a4d59,572a6a79dfaf6247292af8c946e3f621c520377d7eb449bd78e9b309f483fc6a,7e61f4823860ac67fc2cf7b88c0b78031ccbd9e2a1f7bf6285099b2c126d9b06,2026-08-06T11:21:41Z,2026-08-06-p2-finite-linear-memory-skill-decomposition,2.0
Elche,GLOBAL_COMMON_THRESHOLD_SENSITIVITY,7,21,hgb_direct,749,1.0943067809287959,DEFINED_STABLE,169.23255236518273,7.3192790387182916,0.02,4a49b08b041c578ec5981dc1472125b2af0a4d59,572a6a79dfaf6247292af8c946e3f621c520377d7eb449bd78e9b309f483fc6a,7e61f4823860ac67fc2cf7b88c0b78031ccbd9e2a1f7bf6285099b2c126d9b06,2026-08-06T11:21:41Z,2026-08-06-p2-finite-linear-memory-skill-decomposition,2.0
Elche,GLOBAL_COMMON_THRESHOLD_SENSITIVITY,1,7,ridge_direct,782,1.2099113076422636,DEFINED_STABLE,32.565344368307535,9.088874680306906,0.05,4a49b08b041c578ec5981dc1472125b2af0a4d59,572a6a79dfaf6247292af8c946e3f621c520377d7eb449bd78e9b309f483fc6a,7e61f4823860ac67fc2cf7b88c0b78031ccbd9e2a1f7bf6285099b2c126d9b06,2026-08-06T11:21:41Z,2026-08-06-p2-finite-linear-memory-skill-decomposition,2.0
Elche,GLOBAL_COMMON_THRESHOLD_SENSITIVITY,1,7,hgb_direct,782,3.330647747958162,DEFINED_STABLE,11.829884566038032,9.088874680306906,0.05,4a49b08b041c578ec5981dc1472125b2af0a4d59,572a6a79dfaf6247292af8c946e3f621c520377d7eb449bd78e9b309f483fc6a,7e61f4823860ac67fc2cf7b88c0b78031ccbd9e2a1f7bf6285099b2c126d9b06,2026-08-06T11:21:41Z,2026-08-06-p2-finite-linear-memory-skill-decomposition,2.0
Elche,GLOBAL_COMMON_THRESHOLD_SENSITIVITY,1,14,ridge_direct,782,1.185092194091717,DEFINED_STABLE,32.565344368307535,9.088874680306906,0.05,4a49b08b041c578ec5981dc1472125b2af0a4d59,572a6a79dfaf6247292af8c946e3f621c520377d7eb449bd78e9b309f483fc6a,7e61f4823860ac67fc2cf7b88c0b78031ccbd9e2a1f7bf6285099b2c126d9b06,2026-08-06T11:21:41Z,2026-08-06-p2-finite-linear-memory-skill-decomposition,2.0
Elche,GLOBAL_COMMON_THRESHOLD_SENSITIVITY,1,14,hgb_direct,782,3.2623256121691084,DEFINED_STABLE,11.829884566038032,9.088874680306906,0.05,4a49b08b041c578ec5981dc1472125b2af0a4d59,572a6a79dfaf6247292af8c946e3f621c520377d7eb449bd78e9b309f483fc6a,7e61f4823860ac67fc2cf7b88c0b78031ccbd9e2a1f7bf6285099b2c126d9b06,2026-08-06T11:21:41Z,2026-08-06-p2-finite-linear-memory-skill-decomposition,2.0
Elche,GLOBAL_COMMON_THRESHOLD_SENSITIVITY,1,21,ridge_direct,782,1.1490430338630186,DEFINED_STABLE,32.565344368307535,9.088874680306906,0.05,4a49b08b041c578ec5981dc1472125b2af0a4d59,572a6a79dfaf6247292af8c946e3f621c520377d7eb449bd78e9b309f483fc6a,7e61f4823860ac67fc2cf7b88c0b78031ccbd9e2a1f7bf6285099b2c126d9b06,2026-08-06T11:21:41Z,2026-08-06-p2-finite-linear-memory-skill-decomposition,2.0
Elche,GLOBAL_COMMON_THRESHOLD_SENSITIVITY,1,21,hgb_direct,782,3.163089367683164,DEFINED_STABLE,11.829884566038032,9.088874680306906,0.05,4a49b08b041c578ec5981dc1472125b2af0a4d59,572a6a79dfaf6247292af8c946e3f621c520377d7eb449bd78e9b309f483fc6a,7e61f4823860ac67fc2cf7b88c0b78031ccbd9e2a1f7bf6285099b2c126d9b06,2026-08-06T11:21:41Z,2026-08-06-p2-finite-linear-memory-skill-decomposition,2.0
Elche,GLOBAL_COMMON_THRESHOLD_SENSITIVITY,2,7,ridge_direct,770,1.0119487439868602,DEFINED_STABLE,133.71498902567197,16.612077922077923,0.05,4a49b08b041c578ec5981dc1472125b2af0a4d59,572a6a79dfaf6247292af8c946e3f621c520377d7eb449bd78e9b309f483fc6a,7e61f4823860ac67fc2cf7b88c0b78031ccbd9e2a1f7bf6285099b2c126d9b06,2026-08-06T11:21:41Z,2026-08-06-p2-finite-linear-memory-skill-decomposition,2.0
Elche,GLOBAL_COMMON_THRESHOLD_SENSITIVITY,2,7,hgb_direct,770,1.0849566893523621,DEFINED_STABLE,124.7171583204092,16.612077922077923,0.05,4a49b08b041c578ec5981dc1472125b2af0a4d59,572a6a79dfaf6247292af8c946e3f621c520377d7eb449bd78e9b309f483fc6a,7e61f4823860ac67fc2cf7b88c0b78031ccbd9e2a1f7bf6285099b2c126d9b06,2026-08-06T11:21:41Z,2026-08-06-p2-finite-linear-memory-skill-decomposition,2.0
Elche,GLOBAL_COMMON_THRESHOLD_SENSITIVITY,2,14,ridge_direct,770,1.0038059651020899,DEFINED_STABLE,133.71498902567197,16.612077922077923,0.05,4a49b08b041c578ec5981dc1472125b2af0a4d59,572a6a79dfaf6247292af8c946e3f621c520377d7eb449bd78e9b309f483fc6a,7e61f4823860ac67fc2cf7b88c0b78031ccbd9e2a1f7bf6285099b2c126d9b06,2026-08-06T11:21:41Z,2026-08-06-p2-finite-linear-memory-skill-decomposition,2.0
Elche,GLOBAL_COMMON_THRESHOLD_SENSITIVITY,2,14,hgb_direct,770,1.0762264424169863,DEFINED_STABLE,124.7171583204092,16.612077922077923,0.05,4a49b08b041c578ec5981dc1472125b2af0a4d59,572a6a79dfaf6247292af8c946e3f621c520377d7eb449bd78e9b309f483fc6a,7e61f4823860ac67fc2cf7b88c0b78031ccbd9e2a1f7bf6285099b2c126d9b06,2026-08-06T11:21:41Z,2026-08-06-p2-finite-linear-memory-skill-decomposition,2.0
Elche,GLOBAL_COMMON_THRESHOLD_SENSITIVITY,2,21,ridge_direct,770,0.9993580001192823,DEFINED_STABLE,133.71498902567197,16.612077922077923,0.05,4a49b08b041c578ec5981dc1472125b2af0a4d59,572a6a79dfaf6247292af8c946e3f621c520377d7eb449bd78e9b309f483fc6a,7e61f4823860ac67fc2cf7b88c0b78031ccbd9e2a1f7bf6285099b2c126d9b06,2026-08-06T11:21:41Z,2026-08-06-p2-finite-linear-memory-skill-decomposition,2.0
Elche,GLOBAL_COMMON_THRESHOLD_SENSITIVITY,2,21,hgb_direct,770,1.0714575750303936,DEFINED_STABLE,124.7171583204092,16.612077922077923,0.05,4a49b08b041c578ec5981dc1472125b2af0a4d59,572a6a79dfaf6247292af8c946e3f621c520377d7eb449bd78e9b309f483fc6a,7e61f4823860ac67fc2cf7b88c0b78031ccbd9e2a1f7bf6285099b2c126d9b06,2026-08-06T11:21:41Z,2026-08-06-p2-finite-linear-memory-skill-decomposition,2.0
Elche,GLOBAL_COMMON_THRESHOLD_SENSITIVITY,3,7,ridge_direct,763,1.009707173793584,DEFINED_STABLE,160.72965560160762,18.169462647444302,0.05,4a49b08b041c578ec5981dc1472125b2af0a4d59,572a6a79dfaf6247292af8c946e3f621c520377d7eb449bd78e9b309f483fc6a,7e61f4823860ac67fc2cf7b88c0b78031ccbd9e2a1f7bf6285099b2c126d9b06,2026-08-06T11:21:41Z,2026-08-06-p2-finite-linear-memory-skill-decomposition,2.0
Elche,GLOBAL_COMMON_THRESHOLD_SENSITIVITY,3,7,hgb_direct,763,1.0812435795589204,DEFINED_STABLE,150.09558379853635,18.169462647444302,0.05,4a49b08b041c578ec5981dc1472125b2af0a4d59,572a6a79dfaf6247292af8c946e3f621c520377d7eb449bd78e9b309f483fc6a,7e61f4823860ac67fc2cf7b88c0b78031ccbd9e2a1f7bf6285099b2c126d9b06,2026-08-06T11:21:41Z,2026-08-06-p2-finite-linear-memory-skill-decomposition,2.0
Elche,GLOBAL_COMMON_THRESHOLD_SENSITIVITY,3,14,ridge_direct,763,1.0025796665506201,DEFINED_STABLE,160.72965560160762,18.169462647444302,0.05,4a49b08b041c578ec5981dc1472125b2af0a4d59,572a6a79dfaf6247292af8c946e3f621c520377d7eb449bd78e9b309f483fc6a,7e61f4823860ac67fc2cf7b88c0b78031ccbd9e2a1f7bf6285099b2c126d9b06,2026-08-06T11:21:41Z,2026-08-06-p2-finite-linear-memory-skill-decomposition,2.0
Elche,GLOBAL_COMMON_THRESHOLD_SENSITIVITY,3,14,hgb_direct,763,1.0736110979397595,DEFINED_STABLE,150.09558379853635,18.169462647444302,0.05,4a49b08b041c578ec5981dc1472125b2af0a4d59,572a6a79dfaf6247292af8c946e3f621c520377d7eb449bd78e9b309f483fc6a,7e61f4823860ac67fc2cf7b88c0b78031ccbd9e2a1f7bf6285099b2c126d9b06,2026-08-06T11:21:41Z,2026-08-06-p2-finite-linear-memory-skill-decomposition,2.0
Elche,GLOBAL_COMMON_THRESHOLD_SENSITIVITY,3,21,ridge_direct,763,1.0007457713833317,DEFINED_STABLE,160.72965560160762,18.169462647444302,0.05,4a49b08b041c578ec5981dc1472125b2af0a4d59,572a6a79dfaf6247292af8c946e3f621c520377d7eb449bd78e9b309f483fc6a,7e61f4823860ac67fc2cf7b88c0b78031ccbd9e2a1f7bf6285099b2c126d9b06,2026-08-06T11:21:41Z,2026-08-06-p2-finite-linear-memory-skill-decomposition,2.0
Elche,GLOBAL_COMMON_THRESHOLD_SENSITIVITY,3,21,hgb_direct,763,1.071647273747281,DEFINED_STABLE,150.09558379853635,18.169462647444302,0.05,4a49b08b041c578ec5981dc1472125b2af0a4d59,572a6a79dfaf6247292af8c946e3f621c520377d7eb449bd78e9b309f483fc6a,7e61f4823860ac67fc2cf7b88c0b78031ccbd9e2a1f7bf6285099b2c126d9b06,2026-08-06T11:21:41Z,2026-08-06-p2-finite-linear-memory-skill-decomposition,2.0
Elche,GLOBAL_COMMON_THRESHOLD_SENSITIVITY,4,7,ridge_direct,757,1.011043544472994,DEFINED_STABLE,175.9647450557125,19.036129458388377,0.05,4a49b08b041c578ec5981dc1472125b2af0a4d59,572a6a79dfaf6247292af8c946e3f621c520377d7eb449bd78e9b309f483fc6a,7e61f4823860ac67fc2cf7b88c0b78031ccbd9e2a1f7bf6285099b2c126d9b06,2026-08-06T11:21:41Z,2026-08-06-p2-finite-linear-memory-skill-decomposition,2.0
Elche,GLOBAL_COMMON_THRESHOLD_SENSITIVITY,4,7,hgb_direct,757,1.1163861626040992,DEFINED_STABLE,159.36064553901616,19.036129458388377,0.05,4a49b08b041c578ec5981dc1472125b2af0a4d59,572a6a79dfaf6247292af8c946e3f621c520377d7eb449bd78e9b309f483fc6a,7e61f4823860ac67fc2cf7b88c0b78031ccbd9e2a1f7bf6285099b2c126d9b06,2026-08-06T11:21:41Z,2026-08-06-p2-finite-linear-memory-skill-decomposition,2.0
Elche,GLOBAL_COMMON_THRESHOLD_SENSITIVITY,4,14,ridge_direct,757,1.0047315477911865,DEFINED_STABLE,175.9647450557125,19.036129458388377,0.05,4a49b08b041c578ec5981dc1472125b2af0a4d59,572a6a79dfaf6247292af8c946e3f621c520377d7eb449bd78e9b309f483fc6a,7e61f4823860ac67fc2cf7b88c0b78031ccbd9e2a1f7bf6285099b2c126d9b06,2026-08-06T11:21:41Z,2026-08-06-p2-finite-linear-memory-skill-decomposition,2.0
Elche,GLOBAL_COMMON_THRESHOLD_SENSITIVITY,4,14,hgb_direct,757,1.1094165065566477,DEFINED_STABLE,159.36064553901616,19.036129458388377,0.05,4a49b08b041c578ec5981dc1472125b2af0a4d59,572a6a79dfaf6247292af8c946e3f621c520377d7eb449bd78e9b309f483fc6a,7e61f4823860ac67fc2cf7b88c0b78031ccbd9e2a1f7bf6285099b2c126d9b06,2026-08-06T11:21:41Z,2026-08-06-p2-finite-linear-memory-skill-decomposition,2.0
Elche,GLOBAL_COMMON_THRESHOLD_SENSITIVITY,4,21,ridge_direct,757,1.0053250193886847,DEFINED_STABLE,175.9647450557125,19.036129458388377,0.05,4a49b08b041c578ec5981dc1472125b2af0a4d59,572a6a79dfaf6247292af8c946e3f621c520377d7eb449bd78e9b309f483fc6a,7e61f4823860ac67fc2cf7b88c0b78031ccbd9e2a1f7bf6285099b2c126d9b06,2026-08-06T11:21:41Z,2026-08-06-p2-finite-linear-memory-skill-decomposition,2.0
Elche,GLOBAL_COMMON_THRESHOLD_SENSITIVITY,4,21,hgb_direct,757,1.1100718131287213,DEFINED_STABLE,159.36064553901616,19.036129458388377,0.05,4a49b08b041c578ec5981dc1472125b2af0a4d59,572a6a79dfaf6247292af8c946e3f621c520377d7eb449bd78e9b309f483fc6a,7e61f4823860ac67fc2cf7b88c0b78031ccbd9e2a1f7bf6285099b2c126d9b06,2026-08-06T11:21:41Z,2026-08-06-p2-finite-linear-memory-skill-decomposition,2.0
Elche,GLOBAL_COMMON_THRESHOLD_SENSITIVITY,5,7,ridge_direct,753,1.0131929537377824,DEFINED_STABLE,178.0262071070065,19.156972111553785,0.05,4a49b08b041c578ec5981dc1472125b2af0a4d59,572a6a79dfaf6247292af8c946e3f621c520377d7eb449bd78e9b309f483fc6a,7e61f4823860ac67fc2cf7b88c0b78031ccbd9e2a1f7bf6285099b2c126d9b06,2026-08-06T11:21:41Z,2026-08-06-p2-finite-linear-memory-skill-decomposition,2.0
Elche,GLOBAL_COMMON_THRESHOLD_SENSITIVITY,5,7,hgb_direct,753,1.0967933227897868,DEFINED_STABLE,164.45659804226676,19.156972111553785,0.05,4a49b08b041c578ec5981dc1472125b2af0a4d59,572a6a79dfaf6247292af8c946e3f621c520377d7eb449bd78e9b309f483fc6a,7e61f4823860ac67fc2cf7b88c0b78031ccbd9e2a1f7bf6285099b2c126d9b06,2026-08-06T11:21:41Z,2026-08-06-p2-finite-linear-memory-skill-decomposition,2.0
Elche,GLOBAL_COMMON_THRESHOLD_SENSITIVITY,5,14,ridge_direct,753,1.0041945598726838,DEFINED_STABLE,178.0262071070065,19.156972111553785,0.05,4a49b08b041c578ec5981dc1472125b2af0a4d59,572a6a79dfaf6247292af8c946e3f621c520377d7eb449bd78e9b309f483fc6a,7e61f4823860ac67fc2cf7b88c0b78031ccbd9e2a1f7bf6285099b2c126d9b06,2026-08-06T11:21:41Z,2026-08-06-p2-finite-linear-memory-skill-decomposition,2.0
Elche,GLOBAL_COMMON_THRESHOLD_SENSITIVITY,5,14,hgb_direct,753,1.0870524552969136,DEFINED_STABLE,164.45659804226676,19.156972111553785,0.05,4a49b08b041c578ec5981dc1472125b2af0a4d59,572a6a79dfaf6247292af8c946e3f621c520377d7eb449bd78e9b309f483fc6a,7e61f4823860ac67fc2cf7b88c0b78031ccbd9e2a1f7bf6285099b2c126d9b06,2026-08-06T11:21:41Z,2026-08-06-p2-finite-linear-memory-skill-decomposition,2.0
Elche,GLOBAL_COMMON_THRESHOLD_SENSITIVITY,5,21,ridge_direct,753,1.002613707631088,DEFINED_STABLE,178.0262071070065,19.156972111553785,0.05,4a49b08b041c578ec5981dc1472125b2af0a4d59,572a6a79dfaf6247292af8c946e3f621c520377d7eb449bd78e9b309f483fc6a,7e61f4823860ac67fc2cf7b88c0b78031ccbd9e2a1f7bf6285099b2c126d9b06,2026-08-06T11:21:41Z,2026-08-06-p2-finite-linear-memory-skill-decomposition,2.0
Elche,GLOBAL_COMMON_THRESHOLD_SENSITIVITY,5,21,hgb_direct,753,1.0853411640996118,DEFINED_STABLE,164.45659804226676,19.156972111553785,0.05,4a49b08b041c578ec5981dc1472125b2af0a4d59,572a6a79dfaf6247292af8c946e3f621c520377d7eb449bd78e9b309f483fc6a,7e61f4823860ac67fc2cf7b88c0b78031ccbd9e2a1f7bf6285099b2c126d9b06,2026-08-06T11:21:41Z,2026-08-06-p2-finite-linear-memory-skill-decomposition,2.0
Elche,GLOBAL_COMMON_THRESHOLD_SENSITIVITY,6,7,ridge_direct,750,1.0156627477126194,DEFINED_STABLE,175.2791847579073,18.024,0.05,4a49b08b041c578ec5981dc1472125b2af0a4d59,572a6a79dfaf6247292af8c946e3f621c520377d7eb449bd78e9b309f483fc6a,7e61f4823860ac67fc2cf7b88c0b78031ccbd9e2a1f7bf6285099b2c126d9b06,2026-08-06T11:21:41Z,2026-08-06-p2-finite-linear-memory-skill-decomposition,2.0
Elche,GLOBAL_COMMON_THRESHOLD_SENSITIVITY,6,7,hgb_direct,750,1.10436096290608,DEFINED_STABLE,161.20140460196984,18.024,0.05,4a49b08b041c578ec5981dc1472125b2af0a4d59,572a6a79dfaf6247292af8c946e3f621c520377d7eb449bd78e9b309f483fc6a,7e61f4823860ac67fc2cf7b88c0b78031ccbd9e2a1f7bf6285099b2c126d9b06,2026-08-06T11:21:41Z,2026-08-06-p2-finite-linear-memory-skill-decomposition,2.0
Elche,GLOBAL_COMMON_THRESHOLD_SENSITIVITY,6,14,ridge_direct,750,1.0046926135475303,DEFINED_STABLE,175.2791847579073,18.024,0.05,4a49b08b041c578ec5981dc1472125b2af0a4d59,572a6a79dfaf6247292af8c946e3f621c520377d7eb449bd78e9b309f483fc6a,7e61f4823860ac67fc2cf7b88c0b78031ccbd9e2a1f7bf6285099b2c126d9b06,2026-08-06T11:21:41Z,2026-08-06-p2-finite-linear-memory-skill-decomposition,2.0
Elche,GLOBAL_COMMON_THRESHOLD_SENSITIVITY,6,14,hgb_direct,750,1.0924328027396755,DEFINED_STABLE,161.20140460196984,18.024,0.05,4a49b08b041c578ec5981dc1472125b2af0a4d59,572a6a79dfaf6247292af8c946e3f621c520377d7eb449bd78e9b309f483fc6a,7e61f4823860ac67fc2cf7b88c0b78031ccbd9e2a1f7bf6285099b2c126d9b06,2026-08-06T11:21:41Z,2026-08-06-p2-finite-linear-memory-skill-decomposition,2.0
Elche,GLOBAL_COMMON_THRESHOLD_SENSITIVITY,6,21,ridge_direct,750,1.0056222214884063,DEFINED_STABLE,175.2791847579073,18.024,0.05,4a49b08b041c578ec5981dc1472125b2af0a4d59,572a6a79dfaf6247292af8c946e3f621c520377d7eb449bd78e9b309f483fc6a,7e61f4823860ac67fc2cf7b88c0b78031ccbd9e2a1f7bf6285099b2c126d9b06,2026-08-06T11:21:41Z,2026-08-06-p2-finite-linear-memory-skill-decomposition,2.0
Elche,GLOBAL_COMMON_THRESHOLD_SENSITIVITY,6,21,hgb_direct,750,1.0934435936966374,DEFINED_STABLE,161.20140460196984,18.024,0.05,4a49b08b041c578ec5981dc1472125b2af0a4d59,572a6a79dfaf6247292af8c946e3f621c520377d7eb449bd78e9b309f483fc6a,7e61f4823860ac67fc2cf7b88c0b78031ccbd9e2a1f7bf6285099b2c126d9b06,2026-08-06T11:21:41Z,2026-08-06-p2-finite-linear-memory-skill-decomposition,2.0
Elche,GLOBAL_COMMON_THRESHOLD_SENSITIVITY,7,7,ridge_direct,749,1.0151892791256898,DEFINED_STABLE,183.83792455591006,18.298197596795728,0.05,4a49b08b041c578ec5981dc1472125b2af0a4d59,572a6a79dfaf6247292af8c946e3f621c520377d7eb449bd78e9b309f483fc6a,7e61f4823860ac67fc2cf7b88c0b78031ccbd9e2a1f7bf6285099b2c126d9b06,2026-08-06T11:21:41Z,2026-08-06-p2-finite-linear-memory-skill-decomposition,2.0
Elche,GLOBAL_COMMON_THRESHOLD_SENSITIVITY,7,7,hgb_direct,749,1.1028037307098721,DEFINED_STABLE,169.23255236518273,18.298197596795728,0.05,4a49b08b041c578ec5981dc1472125b2af0a4d59,572a6a79dfaf6247292af8c946e3f621c520377d7eb449bd78e9b309f483fc6a,7e61f4823860ac67fc2cf7b88c0b78031ccbd9e2a1f7bf6285099b2c126d9b06,2026-08-06T11:21:41Z,2026-08-06-p2-finite-linear-memory-skill-decomposition,2.0
Elche,GLOBAL_COMMON_THRESHOLD_SENSITIVITY,7,14,ridge_direct,749,1.0066849045663588,DEFINED_STABLE,183.83792455591006,18.298197596795728,0.05,4a49b08b041c578ec5981dc1472125b2af0a4d59,572a6a79dfaf6247292af8c946e3f621c520377d7eb449bd78e9b309f483fc6a,7e61f4823860ac67fc2cf7b88c0b78031ccbd9e2a1f7bf6285099b2c126d9b06,2026-08-06T11:21:41Z,2026-08-06-p2-finite-linear-memory-skill-decomposition,2.0
Elche,GLOBAL_COMMON_THRESHOLD_SENSITIVITY,7,14,hgb_direct,749,1.0935653983276965,DEFINED_STABLE,169.23255236518273,18.298197596795728,0.05,4a49b08b041c578ec5981dc1472125b2af0a4d59,572a6a79dfaf6247292af8c946e3f621c520377d7eb449bd78e9b309f483fc6a,7e61f4823860ac67fc2cf7b88c0b78031ccbd9e2a1f7bf6285099b2c126d9b06,2026-08-06T11:21:41Z,2026-08-06-p2-finite-linear-memory-skill-decomposition,2.0
Elche,GLOBAL_COMMON_THRESHOLD_SENSITIVITY,7,21,ridge_direct,749,1.007367386541535,DEFINED_STABLE,183.83792455591006,18.298197596795728,0.05,4a49b08b041c578ec5981dc1472125b2af0a4d59,572a6a79dfaf6247292af8c946e3f621c520377d7eb449bd78e9b309f483fc6a,7e61f4823860ac67fc2cf7b88c0b78031ccbd9e2a1f7bf6285099b2c126d9b06,2026-08-06T11:21:41Z,2026-08-06-p2-finite-linear-memory-skill-decomposition,2.0
Elche,GLOBAL_COMMON_THRESHOLD_SENSITIVITY,7,21,hgb_direct,749,1.0943067809287959,DEFINED_STABLE,169.23255236518273,18.298197596795728,0.05,4a49b08b041c578ec5981dc1472125b2af0a4d59,572a6a79dfaf6247292af8c946e3f621c520377d7eb449bd78e9b309f483fc6a,7e61f4823860ac67fc2cf7b88c0b78031ccbd9e2a1f7bf6285099b2c126d9b06,2026-08-06T11:21:41Z,2026-08-06-p2-finite-linear-memory-skill-decomposition,2.0
Valencia Vivers,GLOBAL_COMMON,1,7,ridge_direct,1180,1.0131626216922713,DEFINED_STABLE,16.64582560383893,0.9143559322033898,0.01,4a49b08b041c578ec5981dc1472125b2af0a4d59,572a6a79dfaf6247292af8c946e3f621c520377d7eb449bd78e9b309f483fc6a,7e61f4823860ac67fc2cf7b88c0b78031ccbd9e2a1f7bf6285099b2c126d9b06,2026-08-06T11:21:41Z,2026-08-06-p2-finite-linear-memory-skill-decomposition,2.0
Valencia Vivers,GLOBAL_COMMON,1,7,hgb_direct,1180,1.251631890797691,DEFINED_STABLE,13.474351710764907,0.9143559322033898,0.01,4a49b08b041c578ec5981dc1472125b2af0a4d59,572a6a79dfaf6247292af8c946e3f621c520377d7eb449bd78e9b309f483fc6a,7e61f4823860ac67fc2cf7b88c0b78031ccbd9e2a1f7bf6285099b2c126d9b06,2026-08-06T11:21:41Z,2026-08-06-p2-finite-linear-memory-skill-decomposition,2.0
Valencia Vivers,GLOBAL_COMMON,1,14,ridge_direct,1180,0.9757277319437526,DEFINED_STABLE,16.64582560383893,0.9143559322033898,0.01,4a49b08b041c578ec5981dc1472125b2af0a4d59,572a6a79dfaf6247292af8c946e3f621c520377d7eb449bd78e9b309f483fc6a,7e61f4823860ac67fc2cf7b88c0b78031ccbd9e2a1f7bf6285099b2c126d9b06,2026-08-06T11:21:41Z,2026-08-06-p2-finite-linear-memory-skill-decomposition,2.0
Valencia Vivers,GLOBAL_COMMON,1,14,hgb_direct,1180,1.2053859073449253,DEFINED_STABLE,13.474351710764907,0.9143559322033898,0.01,4a49b08b041c578ec5981dc1472125b2af0a4d59,572a6a79dfaf6247292af8c946e3f621c520377d7eb449bd78e9b309f483fc6a,7e61f4823860ac67fc2cf7b88c0b78031ccbd9e2a1f7bf6285099b2c126d9b06,2026-08-06T11:21:41Z,2026-08-06-p2-finite-linear-memory-skill-decomposition,2.0
Valencia Vivers,GLOBAL_COMMON,1,21,ridge_direct,1180,1.0027454580791009,DEFINED_STABLE,16.64582560383893,0.9143559322033898,0.01,4a49b08b041c578ec5981dc1472125b2af0a4d59,572a6a79dfaf6247292af8c946e3f621c520377d7eb449bd78e9b309f483fc6a,7e61f4823860ac67fc2cf7b88c0b78031ccbd9e2a1f7bf6285099b2c126d9b06,2026-08-06T11:21:41Z,2026-08-06-p2-finite-linear-memory-skill-decomposition,2.0
Valencia Vivers,GLOBAL_COMMON,1,21,hgb_direct,1180,1.238762827223155,DEFINED_STABLE,13.474351710764907,0.9143559322033898,0.01,4a49b08b041c578ec5981dc1472125b2af0a4d59,572a6a79dfaf6247292af8c946e3f621c520377d7eb449bd78e9b309f483fc6a,7e61f4823860ac67fc2cf7b88c0b78031ccbd9e2a1f7bf6285099b2c126d9b06,2026-08-06T11:21:41Z,2026-08-06-p2-finite-linear-memory-skill-decomposition,2.0
Valencia Vivers,GLOBAL_COMMON,2,7,ridge_direct,1171,1.0126963554719077,DEFINED_STABLE,48.17870970904188,1.4527754056362085,0.01,4a49b08b041c578ec5981dc1472125b2af0a4d59,572a6a79dfaf6247292af8c946e3f621c520377d7eb449bd78e9b309f483fc6a,7e61f4823860ac67fc2cf7b88c0b78031ccbd9e2a1f7bf6285099b2c126d9b06,2026-08-06T11:21:41Z,2026-08-06-p2-finite-linear-memory-skill-decomposition,2.0
Valencia Vivers,GLOBAL_COMMON,2,7,hgb_direct,1171,0.9552905523676056,DEFINED_STABLE,51.073889103962046,1.4527754056362085,0.01,4a49b08b041c578ec5981dc1472125b2af0a4d59,572a6a79dfaf6247292af8c946e3f621c520377d7eb449bd78e9b309f483fc6a,7e61f4823860ac67fc2cf7b88c0b78031ccbd9e2a1f7bf6285099b2c126d9b06,2026-08-06T11:21:41Z,2026-08-06-p2-finite-linear-memory-skill-decomposition,2.0
Valencia Vivers,GLOBAL_COMMON,2,14,ridge_direct,1171,1.0091043772403048,DEFINED_STABLE,48.17870970904188,1.4527754056362085,0.01,4a49b08b041c578ec5981dc1472125b2af0a4d59,572a6a79dfaf6247292af8c946e3f621c520377d7eb449bd78e9b309f483fc6a,7e61f4823860ac67fc2cf7b88c0b78031ccbd9e2a1f7bf6285099b2c126d9b06,2026-08-06T11:21:41Z,2026-08-06-p2-finite-linear-memory-skill-decomposition,2.0
Valencia Vivers,GLOBAL_COMMON,2,14,hgb_direct,1171,0.9519021893598593,DEFINED_STABLE,51.073889103962046,1.4527754056362085,0.01,4a49b08b041c578ec5981dc1472125b2af0a4d59,572a6a79dfaf6247292af8c946e3f621c520377d7eb449bd78e9b309f483fc6a,7e61f4823860ac67fc2cf7b88c0b78031ccbd9e2a1f7bf6285099b2c126d9b06,2026-08-06T11:21:41Z,2026-08-06-p2-finite-linear-memory-skill-decomposition,2.0
Valencia Vivers,GLOBAL_COMMON,2,21,ridge_direct,1171,1.0082706055013042,DEFINED_STABLE,48.17870970904188,1.4527754056362085,0.01,4a49b08b041c578ec5981dc1472125b2af0a4d59,572a6a79dfaf6247292af8c946e3f621c520377d7eb449bd78e9b309f483fc6a,7e61f4823860ac67fc2cf7b88c0b78031ccbd9e2a1f7bf6285099b2c126d9b06,2026-08-06T11:21:41Z,2026-08-06-p2-finite-linear-memory-skill-decomposition,2.0
Valencia Vivers,GLOBAL_COMMON,2,21,hgb_direct,1171,0.9511156808859278,DEFINED_STABLE,51.073889103962046,1.4527754056362085,0.01,4a49b08b041c578ec5981dc1472125b2af0a4d59,572a6a79dfaf6247292af8c946e3f621c520377d7eb449bd78e9b309f483fc6a,7e61f4823860ac67fc2cf7b88c0b78031ccbd9e2a1f7bf6285099b2c126d9b06,2026-08-06T11:21:41Z,2026-08-06-p2-finite-linear-memory-skill-decomposition,2.0
Valencia Vivers,GLOBAL_COMMON,3,7,ridge_direct,1163,1.0078431537410626,DEFINED_STABLE,58.707293682933624,1.5860791057609631,0.01,4a49b08b041c578ec5981dc1472125b2af0a4d59,572a6a79dfaf6247292af8c946e3f621c520377d7eb449bd78e9b309f483fc6a,7e61f4823860ac67fc2cf7b88c0b78031ccbd9e2a1f7bf6285099b2c126d9b06,2026-08-06T11:21:41Z,2026-08-06-p2-finite-linear-memory-skill-decomposition,2.0
Valencia Vivers,GLOBAL_COMMON,3,7,hgb_direct,1163,1.0201349534993733,DEFINED_STABLE,57.999918353985635,1.5860791057609631,0.01,4a49b08b041c578ec5981dc1472125b2af0a4d59,572a6a79dfaf6247292af8c946e3f621c520377d7eb449bd78e9b309f483fc6a,7e61f4823860ac67fc2cf7b88c0b78031ccbd9e2a1f7bf6285099b2c126d9b06,2026-08-06T11:21:41Z,2026-08-06-p2-finite-linear-memory-skill-decomposition,2.0
Valencia Vivers,GLOBAL_COMMON,3,14,ridge_direct,1163,1.0097667939272383,DEFINED_STABLE,58.707293682933624,1.5860791057609631,0.01,4a49b08b041c578ec5981dc1472125b2af0a4d59,572a6a79dfaf6247292af8c946e3f621c520377d7eb449bd78e9b309f483fc6a,7e61f4823860ac67fc2cf7b88c0b78031ccbd9e2a1f7bf6285099b2c126d9b06,2026-08-06T11:21:41Z,2026-08-06-p2-finite-linear-memory-skill-decomposition,2.0
Valencia Vivers,GLOBAL_COMMON,3,14,hgb_direct,1163,1.0220820546773588,DEFINED_STABLE,57.999918353985635,1.5860791057609631,0.01,4a49b08b041c578ec5981dc1472125b2af0a4d59,572a6a79dfaf6247292af8c946e3f621c520377d7eb449bd78e9b309f483fc6a,7e61f4823860ac67fc2cf7b88c0b78031ccbd9e2a1f7bf6285099b2c126d9b06,2026-08-06T11:21:41Z,2026-08-06-p2-finite-linear-memory-skill-decomposition,2.0
Valencia Vivers,GLOBAL_COMMON,3,21,ridge_direct,1163,1.0039765057718677,DEFINED_STABLE,58.707293682933624,1.5860791057609631,0.01,4a49b08b041c578ec5981dc1472125b2af0a4d59,572a6a79dfaf6247292af8c946e3f621c520377d7eb449bd78e9b309f483fc6a,7e61f4823860ac67fc2cf7b88c0b78031ccbd9e2a1f7bf6285099b2c126d9b06,2026-08-06T11:21:41Z,2026-08-06-p2-finite-linear-memory-skill-decomposition,2.0
Valencia Vivers,GLOBAL_COMMON,3,21,hgb_direct,1163,1.0162211473365679,DEFINED_STABLE,57.999918353985635,1.5860791057609631,0.01,4a49b08b041c578ec5981dc1472125b2af0a4d59,572a6a79dfaf6247292af8c946e3f621c520377d7eb449bd78e9b309f483fc6a,7e61f4823860ac67fc2cf7b88c0b78031ccbd9e2a1f7bf6285099b2c126d9b06,2026-08-06T11:21:41Z,2026-08-06-p2-finite-linear-memory-skill-decomposition,2.0
Valencia Vivers,GLOBAL_COMMON,4,7,ridge_direct,1155,0.9997758160557725,DEFINED_STABLE,68.9656497717956,1.6775670995670995,0.01,4a49b08b041c578ec5981dc1472125b2af0a4d59,572a6a79dfaf6247292af8c946e3f621c520377d7eb449bd78e9b309f483fc6a,7e61f4823860ac67fc2cf7b88c0b78031ccbd9e2a1f7bf6285099b2c126d9b06,2026-08-06T11:21:41Z,2026-08-06-p2-finite-linear-memory-skill-decomposition,2.0
Valencia Vivers,GLOBAL_COMMON,4,7,hgb_direct,1155,1.0327601000146214,DEFINED_STABLE,66.76302539131534,1.6775670995670995,0.01,4a49b08b041c578ec5981dc1472125b2af0a4d59,572a6a79dfaf6247292af8c946e3f621c520377d7eb449bd78e9b309f483fc6a,7e61f4823860ac67fc2cf7b88c0b78031ccbd9e2a1f7bf6285099b2c126d9b06,2026-08-06T11:21:41Z,2026-08-06-p2-finite-linear-memory-skill-decomposition,2.0
Valencia Vivers,GLOBAL_COMMON,4,14,ridge_direct,1155,0.9993766423214162,DEFINED_STABLE,68.9656497717956,1.6775670995670995,0.01,4a49b08b041c578ec5981dc1472125b2af0a4d59,572a6a79dfaf6247292af8c946e3f621c520377d7eb449bd78e9b309f483fc6a,7e61f4823860ac67fc2cf7b88c0b78031ccbd9e2a1f7bf6285099b2c126d9b06,2026-08-06T11:21:41Z,2026-08-06-p2-finite-linear-memory-skill-decomposition,2.0
Valencia Vivers,GLOBAL_COMMON,4,14,hgb_direct,1155,1.0323477568680914,DEFINED_STABLE,66.76302539131534,1.6775670995670995,0.01,4a49b08b041c578ec5981dc1472125b2af0a4d59,572a6a79dfaf6247292af8c946e3f621c520377d7eb449bd78e9b309f483fc6a,7e61f4823860ac67fc2cf7b88c0b78031ccbd9e2a1f7bf6285099b2c126d9b06,2026-08-06T11:21:41Z,2026-08-06-p2-finite-linear-memory-skill-decomposition,2.0
Valencia Vivers,GLOBAL_COMMON,4,21,ridge_direct,1155,0.9977974705186475,DEFINED_STABLE,68.9656497717956,1.6775670995670995,0.01,4a49b08b041c578ec5981dc1472125b2af0a4d59,572a6a79dfaf6247292af8c946e3f621c520377d7eb449bd78e9b309f483fc6a,7e61f4823860ac67fc2cf7b88c0b78031ccbd9e2a1f7bf6285099b2c126d9b06,2026-08-06T11:21:41Z,2026-08-06-p2-finite-linear-memory-skill-decomposition,2.0
Valencia Vivers,GLOBAL_COMMON,4,21,hgb_direct,1155,1.030716485534282,DEFINED_STABLE,66.76302539131534,1.6775670995670995,0.01,4a49b08b041c578ec5981dc1472125b2af0a4d59,572a6a79dfaf6247292af8c946e3f621c520377d7eb449bd78e9b309f483fc6a,7e61f4823860ac67fc2cf7b88c0b78031ccbd9e2a1f7bf6285099b2c126d9b06,2026-08-06T11:21:41Z,2026-08-06-p2-finite-linear-memory-skill-decomposition,2.0
Valencia Vivers,GLOBAL_COMMON,5,7,ridge_direct,1147,0.9981854743042815,DEFINED_STABLE,81.64734520857526,1.7879860505666958,0.01,4a49b08b041c578ec5981dc1472125b2af0a4d59,572a6a79dfaf6247292af8c946e3f621c520377d7eb449bd78e9b309f483fc6a,7e61f4823860ac67fc2cf7b88c0b78031ccbd9e2a1f7bf6285099b2c126d9b06,2026-08-06T11:21:41Z,2026-08-06-p2-finite-linear-memory-skill-decomposition,2.0
Valencia Vivers,GLOBAL_COMMON,5,7,hgb_direct,1147,1.0315294170675857,DEFINED_STABLE,79.0081142178103,1.7879860505666958,0.01,4a49b08b041c578ec5981dc1472125b2af0a4d59,572a6a79dfaf6247292af8c946e3f621c520377d7eb449bd78e9b309f483fc6a,7e61f4823860ac67fc2cf7b88c0b78031ccbd9e2a1f7bf6285099b2c126d9b06,2026-08-06T11:21:41Z,2026-08-06-p2-finite-linear-memory-skill-decomposition,2.0
Valencia Vivers,GLOBAL_COMMON,5,14,ridge_direct,1147,0.9953268659948423,DEFINED_STABLE,81.64734520857526,1.7879860505666958,0.01,4a49b08b041c578ec5981dc1472125b2af0a4d59,572a6a79dfaf6247292af8c946e3f621c520377d7eb449bd78e9b309f483fc6a,7e61f4823860ac67fc2cf7b88c0b78031ccbd9e2a1f7bf6285099b2c126d9b06,2026-08-06T11:21:41Z,2026-08-06-p2-finite-linear-memory-skill-decomposition,2.0
Valencia Vivers,GLOBAL_COMMON,5,14,hgb_direct,1147,1.028575318216252,DEFINED_STABLE,79.0081142178103,1.7879860505666958,0.01,4a49b08b041c578ec5981dc1472125b2af0a4d59,572a6a79dfaf6247292af8c946e3f621c520377d7eb449bd78e9b309f483fc6a,7e61f4823860ac67fc2cf7b88c0b78031ccbd9e2a1f7bf6285099b2c126d9b06,2026-08-06T11:21:41Z,2026-08-06-p2-finite-linear-memory-skill-decomposition,2.0
Valencia Vivers,GLOBAL_COMMON,5,21,ridge_direct,1147,0.9937304236686195,DEFINED_STABLE,81.64734520857526,1.7879860505666958,0.01,4a49b08b041c578ec5981dc1472125b2af0a4d59,572a6a79dfaf6247292af8c946e3f621c520377d7eb449bd78e9b309f483fc6a,7e61f4823860ac67fc2cf7b88c0b78031ccbd9e2a1f7bf6285099b2c126d9b06,2026-08-06T11:21:41Z,2026-08-06-p2-finite-linear-memory-skill-decomposition,2.0
Valencia Vivers,GLOBAL_COMMON,5,21,hgb_direct,1147,1.0269255474426406,DEFINED_STABLE,79.0081142178103,1.7879860505666958,0.01,4a49b08b041c578ec5981dc1472125b2af0a4d59,572a6a79dfaf6247292af8c946e3f621c520377d7eb449bd78e9b309f483fc6a,7e61f4823860ac67fc2cf7b88c0b78031ccbd9e2a1f7bf6285099b2c126d9b06,2026-08-06T11:21:41Z,2026-08-06-p2-finite-linear-memory-skill-decomposition,2.0
Valencia Vivers,GLOBAL_COMMON,6,7,ridge_direct,1143,0.998884902153473,DEFINED_STABLE,85.3179442695304,1.823429571303587,0.01,4a49b08b041c578ec5981dc1472125b2af0a4d59,572a6a79dfaf6247292af8c946e3f621c520377d7eb449bd78e9b309f483fc6a,7e61f4823860ac67fc2cf7b88c0b78031ccbd9e2a1f7bf6285099b2c126d9b06,2026-08-06T11:21:41Z,2026-08-06-p2-finite-linear-memory-skill-decomposition,2.0
Valencia Vivers,GLOBAL_COMMON,6,7,hgb_direct,1143,1.0513553538784233,DEFINED_STABLE,81.05994428926486,1.823429571303587,0.01,4a49b08b041c578ec5981dc1472125b2af0a4d59,572a6a79dfaf6247292af8c946e3f621c520377d7eb449bd78e9b309f483fc6a,7e61f4823860ac67fc2cf7b88c0b78031ccbd9e2a1f7bf6285099b2c126d9b06,2026-08-06T11:21:41Z,2026-08-06-p2-finite-linear-memory-skill-decomposition,2.0
Valencia Vivers,GLOBAL_COMMON,6,14,ridge_direct,1143,0.9997775008113026,DEFINED_STABLE,85.3179442695304,1.823429571303587,0.01,4a49b08b041c578ec5981dc1472125b2af0a4d59,572a6a79dfaf6247292af8c946e3f621c520377d7eb449bd78e9b309f483fc6a,7e61f4823860ac67fc2cf7b88c0b78031ccbd9e2a1f7bf6285099b2c126d9b06,2026-08-06T11:21:41Z,2026-08-06-p2-finite-linear-memory-skill-decomposition,2.0
Valencia Vivers,GLOBAL_COMMON,6,14,hgb_direct,1143,1.0522948398750087,DEFINED_STABLE,81.05994428926486,1.823429571303587,0.01,4a49b08b041c578ec5981dc1472125b2af0a4d59,572a6a79dfaf6247292af8c946e3f621c520377d7eb449bd78e9b309f483fc6a,7e61f4823860ac67fc2cf7b88c0b78031ccbd9e2a1f7bf6285099b2c126d9b06,2026-08-06T11:21:41Z,2026-08-06-p2-finite-linear-memory-skill-decomposition,2.0
Valencia Vivers,GLOBAL_COMMON,6,21,ridge_direct,1143,0.9958161869082517,DEFINED_STABLE,85.3179442695304,1.823429571303587,0.01,4a49b08b041c578ec5981dc1472125b2af0a4d59,572a6a79dfaf6247292af8c946e3f621c520377d7eb449bd78e9b309f483fc6a,7e61f4823860ac67fc2cf7b88c0b78031ccbd9e2a1f7bf6285099b2c126d9b06,2026-08-06T11:21:41Z,2026-08-06-p2-finite-linear-memory-skill-decomposition,2.0
Valencia Vivers,GLOBAL_COMMON,6,21,hgb_direct,1143,1.0481254420080603,DEFINED_STABLE,81.05994428926486,1.823429571303587,0.01,4a49b08b041c578ec5981dc1472125b2af0a4d59,572a6a79dfaf6247292af8c946e3f621c520377d7eb449bd78e9b309f483fc6a,7e61f4823860ac67fc2cf7b88c0b78031ccbd9e2a1f7bf6285099b2c126d9b06,2026-08-06T11:21:41Z,2026-08-06-p2-finite-linear-memory-skill-decomposition,2.0
Valencia Vivers,GLOBAL_COMMON,7,7,ridge_direct,1138,0.9979149888808736,DEFINED_STABLE,91.62583986058478,1.8807644991212655,0.01,4a49b08b041c578ec5981dc1472125b2af0a4d59,572a6a79dfaf6247292af8c946e3f621c520377d7eb449bd78e9b309f483fc6a,7e61f4823860ac67fc2cf7b88c0b78031ccbd9e2a1f7bf6285099b2c126d9b06,2026-08-06T11:21:41Z,2026-08-06-p2-finite-linear-memory-skill-decomposition,2.0
Valencia Vivers,GLOBAL_COMMON,7,7,hgb_direct,1138,1.059656659634507,DEFINED_STABLE,86.28719324730478,1.8807644991212655,0.01,4a49b08b041c578ec5981dc1472125b2af0a4d59,572a6a79dfaf6247292af8c946e3f621c520377d7eb449bd78e9b309f483fc6a,7e61f4823860ac67fc2cf7b88c0b78031ccbd9e2a1f7bf6285099b2c126d9b06,2026-08-06T11:21:41Z,2026-08-06-p2-finite-linear-memory-skill-decomposition,2.0
Valencia Vivers,GLOBAL_COMMON,7,14,ridge_direct,1138,0.9977152914072733,DEFINED_STABLE,91.62583986058478,1.8807644991212655,0.01,4a49b08b041c578ec5981dc1472125b2af0a4d59,572a6a79dfaf6247292af8c946e3f621c520377d7eb449bd78e9b309f483fc6a,7e61f4823860ac67fc2cf7b88c0b78031ccbd9e2a1f7bf6285099b2c126d9b06,2026-08-06T11:21:41Z,2026-08-06-p2-finite-linear-memory-skill-decomposition,2.0
Valencia Vivers,GLOBAL_COMMON,7,14,hgb_direct,1138,1.0594446067440597,DEFINED_STABLE,86.28719324730478,1.8807644991212655,0.01,4a49b08b041c578ec5981dc1472125b2af0a4d59,572a6a79dfaf6247292af8c946e3f621c520377d7eb449bd78e9b309f483fc6a,7e61f4823860ac67fc2cf7b88c0b78031ccbd9e2a1f7bf6285099b2c126d9b06,2026-08-06T11:21:41Z,2026-08-06-p2-finite-linear-memory-skill-decomposition,2.0
Valencia Vivers,GLOBAL_COMMON,7,21,ridge_direct,1138,0.9920291430172867,DEFINED_STABLE,91.62583986058478,1.8807644991212655,0.01,4a49b08b041c578ec5981dc1472125b2af0a4d59,572a6a79dfaf6247292af8c946e3f621c520377d7eb449bd78e9b309f483fc6a,7e61f4823860ac67fc2cf7b88c0b78031ccbd9e2a1f7bf6285099b2c126d9b06,2026-08-06T11:21:41Z,2026-08-06-p2-finite-linear-memory-skill-decomposition,2.0
Valencia Vivers,GLOBAL_COMMON,7,21,hgb_direct,1138,1.0534066525332741,DEFINED_STABLE,86.28719324730478,1.8807644991212655,0.01,4a49b08b041c578ec5981dc1472125b2af0a4d59,572a6a79dfaf6247292af8c946e3f621c520377d7eb449bd78e9b309f483fc6a,7e61f4823860ac67fc2cf7b88c0b78031ccbd9e2a1f7bf6285099b2c126d9b06,2026-08-06T11:21:41Z,2026-08-06-p2-finite-linear-memory-skill-decomposition,2.0
Valencia Vivers,GLOBAL_COMMON_WITH_SARIMA,1,7,ridge_direct,84,,SUPPRESSED_DENOMINATOR_NEAR_ZERO,-0.6522772119426321,1.0726190476190476,0.01,4a49b08b041c578ec5981dc1472125b2af0a4d59,572a6a79dfaf6247292af8c946e3f621c520377d7eb449bd78e9b309f483fc6a,7e61f4823860ac67fc2cf7b88c0b78031ccbd9e2a1f7bf6285099b2c126d9b06,2026-08-06T11:21:41Z,2026-08-06-p2-finite-linear-memory-skill-decomposition,2.0
Valencia Vivers,GLOBAL_COMMON_WITH_SARIMA,1,7,hgb_direct,84,,SUPPRESSED_TOTAL_NONPOSITIVE,-1.3063051697275654,1.0726190476190476,0.01,4a49b08b041c578ec5981dc1472125b2af0a4d59,572a6a79dfaf6247292af8c946e3f621c520377d7eb449bd78e9b309f483fc6a,7e61f4823860ac67fc2cf7b88c0b78031ccbd9e2a1f7bf6285099b2c126d9b06,2026-08-06T11:21:41Z,2026-08-06-p2-finite-linear-memory-skill-decomposition,2.0
Valencia Vivers,GLOBAL_COMMON_WITH_SARIMA,1,7,sarima,84,,SUPPRESSED_TOTAL_NONPOSITIVE,-1.994339626763562,1.0726190476190476,0.01,4a49b08b041c578ec5981dc1472125b2af0a4d59,572a6a79dfaf6247292af8c946e3f621c520377d7eb449bd78e9b309f483fc6a,7e61f4823860ac67fc2cf7b88c0b78031ccbd9e2a1f7bf6285099b2c126d9b06,2026-08-06T11:21:41Z,2026-08-06-p2-finite-linear-memory-skill-decomposition,2.0
Valencia Vivers,GLOBAL_COMMON_WITH_SARIMA,1,14,ridge_direct,84,,SUPPRESSED_DENOMINATOR_NEAR_ZERO,-0.6522772119426321,1.0726190476190476,0.01,4a49b08b041c578ec5981dc1472125b2af0a4d59,572a6a79dfaf6247292af8c946e3f621c520377d7eb449bd78e9b309f483fc6a,7e61f4823860ac67fc2cf7b88c0b78031ccbd9e2a1f7bf6285099b2c126d9b06,2026-08-06T11:21:41Z,2026-08-06-p2-finite-linear-memory-skill-decomposition,2.0
Valencia Vivers,GLOBAL_COMMON_WITH_SARIMA,1,14,hgb_direct,84,,SUPPRESSED_TOTAL_NONPOSITIVE,-1.3063051697275654,1.0726190476190476,0.01,4a49b08b041c578ec5981dc1472125b2af0a4d59,572a6a79dfaf6247292af8c946e3f621c520377d7eb449bd78e9b309f483fc6a,7e61f4823860ac67fc2cf7b88c0b78031ccbd9e2a1f7bf6285099b2c126d9b06,2026-08-06T11:21:41Z,2026-08-06-p2-finite-linear-memory-skill-decomposition,2.0
Valencia Vivers,GLOBAL_COMMON_WITH_SARIMA,1,14,sarima,84,,SUPPRESSED_TOTAL_NONPOSITIVE,-1.994339626763562,1.0726190476190476,0.01,4a49b08b041c578ec5981dc1472125b2af0a4d59,572a6a79dfaf6247292af8c946e3f621c520377d7eb449bd78e9b309f483fc6a,7e61f4823860ac67fc2cf7b88c0b78031ccbd9e2a1f7bf6285099b2c126d9b06,2026-08-06T11:21:41Z,2026-08-06-p2-finite-linear-memory-skill-decomposition,2.0
Valencia Vivers,GLOBAL_COMMON_WITH_SARIMA,1,21,ridge_direct,84,,SUPPRESSED_DENOMINATOR_NEAR_ZERO,-0.6522772119426321,1.0726190476190476,0.01,4a49b08b041c578ec5981dc1472125b2af0a4d59,572a6a79dfaf6247292af8c946e3f621c520377d7eb449bd78e9b309f483fc6a,7e61f4823860ac67fc2cf7b88c0b78031ccbd9e2a1f7bf6285099b2c126d9b06,2026-08-06T11:21:41Z,2026-08-06-p2-finite-linear-memory-skill-decomposition,2.0
Valencia Vivers,GLOBAL_COMMON_WITH_SARIMA,1,21,hgb_direct,84,,SUPPRESSED_TOTAL_NONPOSITIVE,-1.3063051697275654,1.0726190476190476,0.01,4a49b08b041c578ec5981dc1472125b2af0a4d59,572a6a79dfaf6247292af8c946e3f621c520377d7eb449bd78e9b309f483fc6a,7e61f4823860ac67fc2cf7b88c0b78031ccbd9e2a1f7bf6285099b2c126d9b06,2026-08-06T11:21:41Z,2026-08-06-p2-finite-linear-memory-skill-decomposition,2.0
Valencia Vivers,GLOBAL_COMMON_WITH_SARIMA,1,21,sarima,84,,SUPPRESSED_TOTAL_NONPOSITIVE,-1.994339626763562,1.0726190476190476,0.01,4a49b08b041c578ec5981dc1472125b2af0a4d59,572a6a79dfaf6247292af8c946e3f621c520377d7eb449bd78e9b309f483fc6a,7e61f4823860ac67fc2cf7b88c0b78031ccbd9e2a1f7bf6285099b2c126d9b06,2026-08-06T11:21:41Z,2026-08-06-p2-finite-linear-memory-skill-decomposition,2.0
Valencia Vivers,GLOBAL_COMMON_WITH_SARIMA,2,7,ridge_direct,83,1.205966453338057,DEFINED_STABLE,13.30181948799526,0.9302409638554217,0.01,4a49b08b041c578ec5981dc1472125b2af0a4d59,572a6a79dfaf6247292af8c946e3f621c520377d7eb449bd78e9b309f483fc6a,7e61f4823860ac67fc2cf7b88c0b78031ccbd9e2a1f7bf6285099b2c126d9b06,2026-08-06T11:21:41Z,2026-08-06-p2-finite-linear-memory-skill-decomposition,2.0
Valencia Vivers,GLOBAL_COMMON_WITH_SARIMA,2,7,hgb_direct,83,1.0087246151567681,DEFINED_STABLE,15.9028022414102,0.9302409638554217,0.01,4a49b08b041c578ec5981dc1472125b2af0a4d59,572a6a79dfaf6247292af8c946e3f621c520377d7eb449bd78e9b309f483fc6a,7e61f4823860ac67fc2cf7b88c0b78031ccbd9e2a1f7bf6285099b2c126d9b06,2026-08-06T11:21:41Z,2026-08-06-p2-finite-linear-memory-skill-decomposition,2.0
Valencia Vivers,GLOBAL_COMMON_WITH_SARIMA,2,7,sarima,83,1.0134003260029112,DEFINED_STABLE,15.829428567634594,0.9302409638554217,0.01,4a49b08b041c578ec5981dc1472125b2af0a4d59,572a6a79dfaf6247292af8c946e3f621c520377d7eb449bd78e9b309f483fc6a,7e61f4823860ac67fc2cf7b88c0b78031ccbd9e2a1f7bf6285099b2c126d9b06,2026-08-06T11:21:41Z,2026-08-06-p2-finite-linear-memory-skill-decomposition,2.0
Valencia Vivers,GLOBAL_COMMON_WITH_SARIMA,2,14,ridge_direct,83,1.0714695422484362,DEFINED_STABLE,13.30181948799526,0.9302409638554217,0.01,4a49b08b041c578ec5981dc1472125b2af0a4d59,572a6a79dfaf6247292af8c946e3f621c520377d7eb449bd78e9b309f483fc6a,7e61f4823860ac67fc2cf7b88c0b78031ccbd9e2a1f7bf6285099b2c126d9b06,2026-08-06T11:21:41Z,2026-08-06-p2-finite-linear-memory-skill-decomposition,2.0
Valencia Vivers,GLOBAL_COMMON_WITH_SARIMA,2,14,hgb_direct,83,0.896225345792249,DEFINED_STABLE,15.9028022414102,0.9302409638554217,0.01,4a49b08b041c578ec5981dc1472125b2af0a4d59,572a6a79dfaf6247292af8c946e3f621c520377d7eb449bd78e9b309f483fc6a,7e61f4823860ac67fc2cf7b88c0b78031ccbd9e2a1f7bf6285099b2c126d9b06,2026-08-06T11:21:41Z,2026-08-06-p2-finite-linear-memory-skill-decomposition,2.0
Valencia Vivers,GLOBAL_COMMON_WITH_SARIMA,2,14,sarima,83,0.9003795921613216,DEFINED_STABLE,15.829428567634594,0.9302409638554217,0.01,4a49b08b041c578ec5981dc1472125b2af0a4d59,572a6a79dfaf6247292af8c946e3f621c520377d7eb449bd78e9b309f483fc6a,7e61f4823860ac67fc2cf7b88c0b78031ccbd9e2a1f7bf6285099b2c126d9b06,2026-08-06T11:21:41Z,2026-08-06-p2-finite-linear-memory-skill-decomposition,2.0
Valencia Vivers,GLOBAL_COMMON_WITH_SARIMA,2,21,ridge_direct,83,1.3008443758583261,DEFINED_STABLE,13.30181948799526,0.9302409638554217,0.01,4a49b08b041c578ec5981dc1472125b2af0a4d59,572a6a79dfaf6247292af8c946e3f621c520377d7eb449bd78e9b309f483fc6a,7e61f4823860ac67fc2cf7b88c0b78031ccbd9e2a1f7bf6285099b2c126d9b06,2026-08-06T11:21:41Z,2026-08-06-p2-finite-linear-memory-skill-decomposition,2.0
Valencia Vivers,GLOBAL_COMMON_WITH_SARIMA,2,21,hgb_direct,83,1.0880847794600317,DEFINED_STABLE,15.9028022414102,0.9302409638554217,0.01,4a49b08b041c578ec5981dc1472125b2af0a4d59,572a6a79dfaf6247292af8c946e3f621c520377d7eb449bd78e9b309f483fc6a,7e61f4823860ac67fc2cf7b88c0b78031ccbd9e2a1f7bf6285099b2c126d9b06,2026-08-06T11:21:41Z,2026-08-06-p2-finite-linear-memory-skill-decomposition,2.0
Valencia Vivers,GLOBAL_COMMON_WITH_SARIMA,2,21,sarima,83,1.093128346087038,DEFINED_STABLE,15.829428567634594,0.9302409638554217,0.01,4a49b08b041c578ec5981dc1472125b2af0a4d59,572a6a79dfaf6247292af8c946e3f621c520377d7eb449bd78e9b309f483fc6a,7e61f4823860ac67fc2cf7b88c0b78031ccbd9e2a1f7bf6285099b2c126d9b06,2026-08-06T11:21:41Z,2026-08-06-p2-finite-linear-memory-skill-decomposition,2.0
Valencia Vivers,GLOBAL_COMMON_WITH_SARIMA,3,7,ridge_direct,82,1.1370511631831783,DEFINED_STABLE,13.30206150317295,1.5659756097560975,0.01,4a49b08b041c578ec5981dc1472125b2af0a4d59,572a6a79dfaf6247292af8c946e3f621c520377d7eb449bd78e9b309f483fc6a,7e61f4823860ac67fc2cf7b88c0b78031ccbd9e2a1f7bf6285099b2c126d9b06,2026-08-06T11:21:41Z,2026-08-06-p2-finite-linear-memory-skill-decomposition,2.0
Valencia Vivers,GLOBAL_COMMON_WITH_SARIMA,3,7,hgb_direct,82,0.9072738060595664,DEFINED_STABLE,16.670959090737767,1.5659756097560975,0.01,4a49b08b041c578ec5981dc1472125b2af0a4d59,572a6a79dfaf6247292af8c946e3f621c520377d7eb449bd78e9b309f483fc6a,7e61f4823860ac67fc2cf7b88c0b78031ccbd9e2a1f7bf6285099b2c126d9b06,2026-08-06T11:21:41Z,2026-08-06-p2-finite-linear-memory-skill-decomposition,2.0
Valencia Vivers,GLOBAL_COMMON_WITH_SARIMA,3,7,sarima,82,1.1558010664330831,DEFINED_STABLE,13.086269725978553,1.5659756097560975,0.01,4a49b08b041c578ec5981dc1472125b2af0a4d59,572a6a79dfaf6247292af8c946e3f621c520377d7eb449bd78e9b309f483fc6a,7e61f4823860ac67fc2cf7b88c0b78031ccbd9e2a1f7bf6285099b2c126d9b06,2026-08-06T11:21:41Z,2026-08-06-p2-finite-linear-memory-skill-decomposition,2.0
Valencia Vivers,GLOBAL_COMMON_WITH_SARIMA,3,14,ridge_direct,82,0.882361104231782,DEFINED_STABLE,13.30206150317295,1.5659756097560975,0.01,4a49b08b041c578ec5981dc1472125b2af0a4d59,572a6a79dfaf6247292af8c946e3f621c520377d7eb449bd78e9b309f483fc6a,7e61f4823860ac67fc2cf7b88c0b78031ccbd9e2a1f7bf6285099b2c126d9b06,2026-08-06T11:21:41Z,2026-08-06-p2-finite-linear-memory-skill-decomposition,2.0
Valencia Vivers,GLOBAL_COMMON_WITH_SARIMA,3,14,hgb_direct,82,0.7040519752111836,DEFINED_STABLE,16.670959090737767,1.5659756097560975,0.01,4a49b08b041c578ec5981dc1472125b2af0a4d59,572a6a79dfaf6247292af8c946e3f621c520377d7eb449bd78e9b309f483fc6a,7e61f4823860ac67fc2cf7b88c0b78031ccbd9e2a1f7bf6285099b2c126d9b06,2026-08-06T11:21:41Z,2026-08-06-p2-finite-linear-memory-skill-decomposition,2.0
Valencia Vivers,GLOBAL_COMMON_WITH_SARIMA,3,14,sarima,82,0.8969111841855366,DEFINED_STABLE,13.086269725978553,1.5659756097560975,0.01,4a49b08b041c578ec5981dc1472125b2af0a4d59,572a6a79dfaf6247292af8c946e3f621c520377d7eb449bd78e9b309f483fc6a,7e61f4823860ac67fc2cf7b88c0b78031ccbd9e2a1f7bf6285099b2c126d9b06,2026-08-06T11:21:41Z,2026-08-06-p2-finite-linear-memory-skill-decomposition,2.0
Valencia Vivers,GLOBAL_COMMON_WITH_SARIMA,3,21,ridge_direct,82,1.361126326723661,DEFINED_STABLE,13.30206150317295,1.5659756097560975,0.01,4a49b08b041c578ec5981dc1472125b2af0a4d59,572a6a79dfaf6247292af8c946e3f621c520377d7eb449bd78e9b309f483fc6a,7e61f4823860ac67fc2cf7b88c0b78031ccbd9e2a1f7bf6285099b2c126d9b06,2026-08-06T11:21:41Z,2026-08-06-p2-finite-linear-memory-skill-decomposition,2.0
Valencia Vivers,GLOBAL_COMMON_WITH_SARIMA,3,21,hgb_direct,82,1.0860674549747669,DEFINED_STABLE,16.670959090737767,1.5659756097560975,0.01,4a49b08b041c578ec5981dc1472125b2af0a4d59,572a6a79dfaf6247292af8c946e3f621c520377d7eb449bd78e9b309f483fc6a,7e61f4823860ac67fc2cf7b88c0b78031ccbd9e2a1f7bf6285099b2c126d9b06,2026-08-06T11:21:41Z,2026-08-06-p2-finite-linear-memory-skill-decomposition,2.0
Valencia Vivers,GLOBAL_COMMON_WITH_SARIMA,3,21,sarima,82,1.3835712155407314,DEFINED_STABLE,13.086269725978553,1.5659756097560975,0.01,4a49b08b041c578ec5981dc1472125b2af0a4d59,572a6a79dfaf6247292af8c946e3f621c520377d7eb449bd78e9b309f483fc6a,7e61f4823860ac67fc2cf7b88c0b78031ccbd9e2a1f7bf6285099b2c126d9b06,2026-08-06T11:21:41Z,2026-08-06-p2-finite-linear-memory-skill-decomposition,2.0
Valencia Vivers,GLOBAL_COMMON_WITH_SARIMA,4,7,ridge_direct,81,0.9892293178243903,DEFINED_STABLE,11.112891250748433,0.9164197530864198,0.01,4a49b08b041c578ec5981dc1472125b2af0a4d59,572a6a79dfaf6247292af8c946e3f621c520377d7eb449bd78e9b309f483fc6a,7e61f4823860ac67fc2cf7b88c0b78031ccbd9e2a1f7bf6285099b2c126d9b06,2026-08-06T11:21:41Z,2026-08-06-p2-finite-linear-memory-skill-decomposition,2.0
Valencia Vivers,GLOBAL_COMMON_WITH_SARIMA,4,7,hgb_direct,81,5.6253041978350895,DEFINED_STABLE,1.9542405964934773,0.9164197530864198,0.01,4a49b08b041c578ec5981dc1472125b2af0a4d59,572a6a79dfaf6247292af8c946e3f621c520377d7eb449bd78e9b309f483fc6a,7e61f4823860ac67fc2cf7b88c0b78031ccbd9e2a1f7bf6285099b2c126d9b06,2026-08-06T11:21:41Z,2026-08-06-p2-finite-linear-memory-skill-decomposition,2.0
Valencia Vivers,GLOBAL_COMMON_WITH_SARIMA,4,7,sarima,81,3.5549575293531785,DEFINED_STABLE,3.092357008561706,0.9164197530864198,0.01,4a49b08b041c578ec5981dc1472125b2af0a4d59,572a6a79dfaf6247292af8c946e3f621c520377d7eb449bd78e9b309f483fc6a,7e61f4823860ac67fc2cf7b88c0b78031ccbd9e2a1f7bf6285099b2c126d9b06,2026-08-06T11:21:41Z,2026-08-06-p2-finite-linear-memory-skill-decomposition,2.0
Valencia Vivers,GLOBAL_COMMON_WITH_SARIMA,4,14,ridge_direct,81,0.8414742457366138,DEFINED_STABLE,11.112891250748433,0.9164197530864198,0.01,4a49b08b041c578ec5981dc1472125b2af0a4d59,572a6a79dfaf6247292af8c946e3f621c520377d7eb449bd78e9b309f483fc6a,7e61f4823860ac67fc2cf7b88c0b78031ccbd9e2a1f7bf6285099b2c126d9b06,2026-08-06T11:21:41Z,2026-08-06-p2-finite-linear-memory-skill-decomposition,2.0
Valencia Vivers,GLOBAL_COMMON_WITH_SARIMA,4,14,hgb_direct,81,4.785087260982895,DEFINED_STABLE,1.9542405964934773,0.9164197530864198,0.01,4a49b08b041c578ec5981dc1472125b2af0a4d59,572a6a79dfaf6247292af8c946e3f621c520377d7eb449bd78e9b309f483fc6a,7e61f4823860ac67fc2cf7b88c0b78031ccbd9e2a1f7bf6285099b2c126d9b06,2026-08-06T11:21:41Z,2026-08-06-p2-finite-linear-memory-skill-decomposition,2.0
Valencia Vivers,GLOBAL_COMMON_WITH_SARIMA,4,14,sarima,81,3.0239754844884223,DEFINED_STABLE,3.092357008561706,0.9164197530864198,0.01,4a49b08b041c578ec5981dc1472125b2af0a4d59,572a6a79dfaf6247292af8c946e3f621c520377d7eb449bd78e9b309f483fc6a,7e61f4823860ac67fc2cf7b88c0b78031ccbd9e2a1f7bf6285099b2c126d9b06,2026-08-06T11:21:41Z,2026-08-06-p2-finite-linear-memory-skill-decomposition,2.0
Valencia Vivers,GLOBAL_COMMON_WITH_SARIMA,4,21,ridge_direct,81,1.1788280099257709,DEFINED_STABLE,11.112891250748433,0.9164197530864198,0.01,4a49b08b041c578ec5981dc1472125b2af0a4d59,572a6a79dfaf6247292af8c946e3f621c520377d7eb449bd78e9b309f483fc6a,7e61f4823860ac67fc2cf7b88c0b78031ccbd9e2a1f7bf6285099b2c126d9b06,2026-08-06T11:21:41Z,2026-08-06-p2-finite-linear-memory-skill-decomposition,2.0
Valencia Vivers,GLOBAL_COMMON_WITH_SARIMA,4,21,hgb_direct,81,6.703467066003615,DEFINED_STABLE,1.9542405964934773,0.9164197530864198,0.01,4a49b08b041c578ec5981dc1472125b2af0a4d59,572a6a79dfaf6247292af8c946e3f621c520377d7eb449bd78e9b309f483fc6a,7e61f4823860ac67fc2cf7b88c0b78031ccbd9e2a1f7bf6285099b2c126d9b06,2026-08-06T11:21:41Z,2026-08-06-p2-finite-linear-memory-skill-decomposition,2.0
Valencia Vivers,GLOBAL_COMMON_WITH_SARIMA,4,21,sarima,81,4.23631147418336,DEFINED_STABLE,3.092357008561706,0.9164197530864198,0.01,4a49b08b041c578ec5981dc1472125b2af0a4d59,572a6a79dfaf6247292af8c946e3f621c520377d7eb449bd78e9b309f483fc6a,7e61f4823860ac67fc2cf7b88c0b78031ccbd9e2a1f7bf6285099b2c126d9b06,2026-08-06T11:21:41Z,2026-08-06-p2-finite-linear-memory-skill-decomposition,2.0
Valencia Vivers,GLOBAL_COMMON_WITH_SARIMA,5,7,ridge_direct,79,0.9786702520930302,DEFINED_STABLE,43.62407915958178,1.8084810126582278,0.01,4a49b08b041c578ec5981dc1472125b2af0a4d59,572a6a79dfaf6247292af8c946e3f621c520377d7eb449bd78e9b309f483fc6a,7e61f4823860ac67fc2cf7b88c0b78031ccbd9e2a1f7bf6285099b2c126d9b06,2026-08-06T11:21:41Z,2026-08-06-p2-finite-linear-memory-skill-decomposition,2.0
Valencia Vivers,GLOBAL_COMMON_WITH_SARIMA,5,7,hgb_direct,79,1.2313282033543398,DEFINED_STABLE,34.67279351851917,1.8084810126582278,0.01,4a49b08b041c578ec5981dc1472125b2af0a4d59,572a6a79dfaf6247292af8c946e3f621c520377d7eb449bd78e9b309f483fc6a,7e61f4823860ac67fc2cf7b88c0b78031ccbd9e2a1f7bf6285099b2c126d9b06,2026-08-06T11:21:41Z,2026-08-06-p2-finite-linear-memory-skill-decomposition,2.0
Valencia Vivers,GLOBAL_COMMON_WITH_SARIMA,5,7,sarima,79,1.1384187451433778,DEFINED_STABLE,37.502534748808245,1.8084810126582278,0.01,4a49b08b041c578ec5981dc1472125b2af0a4d59,572a6a79dfaf6247292af8c946e3f621c520377d7eb449bd78e9b309f483fc6a,7e61f4823860ac67fc2cf7b88c0b78031ccbd9e2a1f7bf6285099b2c126d9b06,2026-08-06T11:21:41Z,2026-08-06-p2-finite-linear-memory-skill-decomposition,2.0
Valencia Vivers,GLOBAL_COMMON_WITH_SARIMA,5,14,ridge_direct,79,0.9422611463434744,DEFINED_STABLE,43.62407915958178,1.8084810126582278,0.01,4a49b08b041c578ec5981dc1472125b2af0a4d59,572a6a79dfaf6247292af8c946e3f621c520377d7eb449bd78e9b309f483fc6a,7e61f4823860ac67fc2cf7b88c0b78031ccbd9e2a1f7bf6285099b2c126d9b06,2026-08-06T11:21:41Z,2026-08-06-p2-finite-linear-memory-skill-decomposition,2.0
Valencia Vivers,GLOBAL_COMMON_WITH_SARIMA,5,14,hgb_direct,79,1.1855195577227189,DEFINED_STABLE,34.67279351851917,1.8084810126582278,0.01,4a49b08b041c578ec5981dc1472125b2af0a4d59,572a6a79dfaf6247292af8c946e3f621c520377d7eb449bd78e9b309f483fc6a,7e61f4823860ac67fc2cf7b88c0b78031ccbd9e2a1f7bf6285099b2c126d9b06,2026-08-06T11:21:41Z,2026-08-06-p2-finite-linear-memory-skill-decomposition,2.0
Valencia Vivers,GLOBAL_COMMON_WITH_SARIMA,5,14,sarima,79,1.0960665755637289,DEFINED_STABLE,37.502534748808245,1.8084810126582278,0.01,4a49b08b041c578ec5981dc1472125b2af0a4d59,572a6a79dfaf6247292af8c946e3f621c520377d7eb449bd78e9b309f483fc6a,7e61f4823860ac67fc2cf7b88c0b78031ccbd9e2a1f7bf6285099b2c126d9b06,2026-08-06T11:21:41Z,2026-08-06-p2-finite-linear-memory-skill-decomposition,2.0
Valencia Vivers,GLOBAL_COMMON_WITH_SARIMA,5,21,ridge_direct,79,0.9590487293077276,DEFINED_STABLE,43.62407915958178,1.8084810126582278,0.01,4a49b08b041c578ec5981dc1472125b2af0a4d59,572a6a79dfaf6247292af8c946e3f621c520377d7eb449bd78e9b309f483fc6a,7e61f4823860ac67fc2cf7b88c0b78031ccbd9e2a1f7bf6285099b2c126d9b06,2026-08-06T11:21:41Z,2026-08-06-p2-finite-linear-memory-skill-decomposition,2.0
Valencia Vivers,GLOBAL_COMMON_WITH_SARIMA,5,21,hgb_direct,79,1.206641099248915,DEFINED_STABLE,34.67279351851917,1.8084810126582278,0.01,4a49b08b041c578ec5981dc1472125b2af0a4d59,572a6a79dfaf6247292af8c946e3f621c520377d7eb449bd78e9b309f483fc6a,7e61f4823860ac67fc2cf7b88c0b78031ccbd9e2a1f7bf6285099b2c126d9b06,2026-08-06T11:21:41Z,2026-08-06-p2-finite-linear-memory-skill-decomposition,2.0
Valencia Vivers,GLOBAL_COMMON_WITH_SARIMA,5,21,sarima,79,1.1155943982305394,DEFINED_STABLE,37.502534748808245,1.8084810126582278,0.01,4a49b08b041c578ec5981dc1472125b2af0a4d59,572a6a79dfaf6247292af8c946e3f621c520377d7eb449bd78e9b309f483fc6a,7e61f4823860ac67fc2cf7b88c0b78031ccbd9e2a1f7bf6285099b2c126d9b06,2026-08-06T11:21:41Z,2026-08-06-p2-finite-linear-memory-skill-decomposition,2.0
Valencia Vivers,GLOBAL_COMMON_WITH_SARIMA,6,7,ridge_direct,81,1.002275762644102,DEFINED_STABLE,34.78182984345108,1.4558024691358025,0.01,4a49b08b041c578ec5981dc1472125b2af0a4d59,572a6a79dfaf6247292af8c946e3f621c520377d7eb449bd78e9b309f483fc6a,7e61f4823860ac67fc2cf7b88c0b78031ccbd9e2a1f7bf6285099b2c126d9b06,2026-08-06T11:21:41Z,2026-08-06-p2-finite-linear-memory-skill-decomposition,2.0
Valencia Vivers,GLOBAL_COMMON_WITH_SARIMA,6,7,hgb_direct,81,1.2309632594576023,DEFINED_STABLE,28.320085725274254,1.4558024691358025,0.01,4a49b08b041c578ec5981dc1472125b2af0a4d59,572a6a79dfaf6247292af8c946e3f621c520377d7eb449bd78e9b309f483fc6a,7e61f4823860ac67fc2cf7b88c0b78031ccbd9e2a1f7bf6285099b2c126d9b06,2026-08-06T11:21:41Z,2026-08-06-p2-finite-linear-memory-skill-decomposition,2.0
Valencia Vivers,GLOBAL_COMMON_WITH_SARIMA,6,7,sarima,81,1.1042921960970817,DEFINED_STABLE,31.568623916488832,1.4558024691358025,0.01,4a49b08b041c578ec5981dc1472125b2af0a4d59,572a6a79dfaf6247292af8c946e3f621c520377d7eb449bd78e9b309f483fc6a,7e61f4823860ac67fc2cf7b88c0b78031ccbd9e2a1f7bf6285099b2c126d9b06,2026-08-06T11:21:41Z,2026-08-06-p2-finite-linear-memory-skill-decomposition,2.0
Valencia Vivers,GLOBAL_COMMON_WITH_SARIMA,6,14,ridge_direct,81,1.0174894760564832,DEFINED_STABLE,34.78182984345108,1.4558024691358025,0.01,4a49b08b041c578ec5981dc1472125b2af0a4d59,572a6a79dfaf6247292af8c946e3f621c520377d7eb449bd78e9b309f483fc6a,7e61f4823860ac67fc2cf7b88c0b78031ccbd9e2a1f7bf6285099b2c126d9b06,2026-08-06T11:21:41Z,2026-08-06-p2-finite-linear-memory-skill-decomposition,2.0
Valencia Vivers,GLOBAL_COMMON_WITH_SARIMA,6,14,hgb_direct,81,1.2496482590840063,DEFINED_STABLE,28.320085725274254,1.4558024691358025,0.01,4a49b08b041c578ec5981dc1472125b2af0a4d59,572a6a79dfaf6247292af8c946e3f621c520377d7eb449bd78e9b309f483fc6a,7e61f4823860ac67fc2cf7b88c0b78031ccbd9e2a1f7bf6285099b2c126d9b06,2026-08-06T11:21:41Z,2026-08-06-p2-finite-linear-memory-skill-decomposition,2.0
Valencia Vivers,GLOBAL_COMMON_WITH_SARIMA,6,14,sarima,81,1.121054434216688,DEFINED_STABLE,31.568623916488832,1.4558024691358025,0.01,4a49b08b041c578ec5981dc1472125b2af0a4d59,572a6a79dfaf6247292af8c946e3f621c520377d7eb449bd78e9b309f483fc6a,7e61f4823860ac67fc2cf7b88c0b78031ccbd9e2a1f7bf6285099b2c126d9b06,2026-08-06T11:21:41Z,2026-08-06-p2-finite-linear-memory-skill-decomposition,2.0
Valencia Vivers,GLOBAL_COMMON_WITH_SARIMA,6,21,ridge_direct,81,0.9989363368307158,DEFINED_STABLE,34.78182984345108,1.4558024691358025,0.01,4a49b08b041c578ec5981dc1472125b2af0a4d59,572a6a79dfaf6247292af8c946e3f621c520377d7eb449bd78e9b309f483fc6a,7e61f4823860ac67fc2cf7b88c0b78031ccbd9e2a1f7bf6285099b2c126d9b06,2026-08-06T11:21:41Z,2026-08-06-p2-finite-linear-memory-skill-decomposition,2.0
Valencia Vivers,GLOBAL_COMMON_WITH_SARIMA,6,21,hgb_direct,81,1.2268618827335778,DEFINED_STABLE,28.320085725274254,1.4558024691358025,0.01,4a49b08b041c578ec5981dc1472125b2af0a4d59,572a6a79dfaf6247292af8c946e3f621c520377d7eb449bd78e9b309f483fc6a,7e61f4823860ac67fc2cf7b88c0b78031ccbd9e2a1f7bf6285099b2c126d9b06,2026-08-06T11:21:41Z,2026-08-06-p2-finite-linear-memory-skill-decomposition,2.0
Valencia Vivers,GLOBAL_COMMON_WITH_SARIMA,6,21,sarima,81,1.1006128675104672,DEFINED_STABLE,31.568623916488832,1.4558024691358025,0.01,4a49b08b041c578ec5981dc1472125b2af0a4d59,572a6a79dfaf6247292af8c946e3f621c520377d7eb449bd78e9b309f483fc6a,7e61f4823860ac67fc2cf7b88c0b78031ccbd9e2a1f7bf6285099b2c126d9b06,2026-08-06T11:21:41Z,2026-08-06-p2-finite-linear-memory-skill-decomposition,2.0
Valencia Vivers,GLOBAL_COMMON_WITH_SARIMA,7,7,ridge_direct,77,1.003165338892342,DEFINED_STABLE,41.4320033495566,1.0185714285714287,0.01,4a49b08b041c578ec5981dc1472125b2af0a4d59,572a6a79dfaf6247292af8c946e3f621c520377d7eb449bd78e9b309f483fc6a,7e61f4823860ac67fc2cf7b88c0b78031ccbd9e2a1f7bf6285099b2c126d9b06,2026-08-06T11:21:41Z,2026-08-06-p2-finite-linear-memory-skill-decomposition,2.0
Valencia Vivers,GLOBAL_COMMON_WITH_SARIMA,7,7,hgb_direct,77,1.1916474937394632,DEFINED_STABLE,34.878728734383415,1.0185714285714287,0.01,4a49b08b041c578ec5981dc1472125b2af0a4d59,572a6a79dfaf6247292af8c946e3f621c520377d7eb449bd78e9b309f483fc6a,7e61f4823860ac67fc2cf7b88c0b78031ccbd9e2a1f7bf6285099b2c126d9b06,2026-08-06T11:21:41Z,2026-08-06-p2-finite-linear-memory-skill-decomposition,2.0
Valencia Vivers,GLOBAL_COMMON_WITH_SARIMA,7,7,sarima,77,1.125086070193076,DEFINED_STABLE,36.942195608211506,1.0185714285714287,0.01,4a49b08b041c578ec5981dc1472125b2af0a4d59,572a6a79dfaf6247292af8c946e3f621c520377d7eb449bd78e9b309f483fc6a,7e61f4823860ac67fc2cf7b88c0b78031ccbd9e2a1f7bf6285099b2c126d9b06,2026-08-06T11:21:41Z,2026-08-06-p2-finite-linear-memory-skill-decomposition,2.0
Valencia Vivers,GLOBAL_COMMON_WITH_SARIMA,7,14,ridge_direct,77,0.9322416800148003,DEFINED_STABLE,41.4320033495566,1.0185714285714287,0.01,4a49b08b041c578ec5981dc1472125b2af0a4d59,572a6a79dfaf6247292af8c946e3f621c520377d7eb449bd78e9b309f483fc6a,7e61f4823860ac67fc2cf7b88c0b78031ccbd9e2a1f7bf6285099b2c126d9b06,2026-08-06T11:21:41Z,2026-08-06-p2-finite-linear-memory-skill-decomposition,2.0
Valencia Vivers,GLOBAL_COMMON_WITH_SARIMA,7,14,hgb_direct,77,1.1073981710489738,DEFINED_STABLE,34.878728734383415,1.0185714285714287,0.01,4a49b08b041c578ec5981dc1472125b2af0a4d59,572a6a79dfaf6247292af8c946e3f621c520377d7eb449bd78e9b309f483fc6a,7e61f4823860ac67fc2cf7b88c0b78031ccbd9e2a1f7bf6285099b2c126d9b06,2026-08-06T11:21:41Z,2026-08-06-p2-finite-linear-memory-skill-decomposition,2.0
Valencia Vivers,GLOBAL_COMMON_WITH_SARIMA,7,14,sarima,77,1.045542631483008,DEFINED_STABLE,36.942195608211506,1.0185714285714287,0.01,4a49b08b041c578ec5981dc1472125b2af0a4d59,572a6a79dfaf6247292af8c946e3f621c520377d7eb449bd78e9b309f483fc6a,7e61f4823860ac67fc2cf7b88c0b78031ccbd9e2a1f7bf6285099b2c126d9b06,2026-08-06T11:21:41Z,2026-08-06-p2-finite-linear-memory-skill-decomposition,2.0
Valencia Vivers,GLOBAL_COMMON_WITH_SARIMA,7,21,ridge_direct,77,0.9188165705165582,DEFINED_STABLE,41.4320033495566,1.0185714285714287,0.01,4a49b08b041c578ec5981dc1472125b2af0a4d59,572a6a79dfaf6247292af8c946e3f621c520377d7eb449bd78e9b309f483fc6a,7e61f4823860ac67fc2cf7b88c0b78031ccbd9e2a1f7bf6285099b2c126d9b06,2026-08-06T11:21:41Z,2026-08-06-p2-finite-linear-memory-skill-decomposition,2.0
Valencia Vivers,GLOBAL_COMMON_WITH_SARIMA,7,21,hgb_direct,77,1.0914506522636631,DEFINED_STABLE,34.878728734383415,1.0185714285714287,0.01,4a49b08b041c578ec5981dc1472125b2af0a4d59,572a6a79dfaf6247292af8c946e3f621c520377d7eb449bd78e9b309f483fc6a,7e61f4823860ac67fc2cf7b88c0b78031ccbd9e2a1f7bf6285099b2c126d9b06,2026-08-06T11:21:41Z,2026-08-06-p2-finite-linear-memory-skill-decomposition,2.0
Valencia Vivers,GLOBAL_COMMON_WITH_SARIMA,7,21,sarima,77,1.0304858874930625,DEFINED_STABLE,36.942195608211506,1.0185714285714287,0.01,4a49b08b041c578ec5981dc1472125b2af0a4d59,572a6a79dfaf6247292af8c946e3f621c520377d7eb449bd78e9b309f483fc6a,7e61f4823860ac67fc2cf7b88c0b78031ccbd9e2a1f7bf6285099b2c126d9b06,2026-08-06T11:21:41Z,2026-08-06-p2-finite-linear-memory-skill-decomposition,2.0
Valencia Vivers,ORDER_SPECIFIC_p7,1,7,ridge_direct,1479,1.0076584115127523,DEFINED_STABLE,15.441578332329144,0.8493238674780257,0.01,4a49b08b041c578ec5981dc1472125b2af0a4d59,572a6a79dfaf6247292af8c946e3f621c520377d7eb449bd78e9b309f483fc6a,7e61f4823860ac67fc2cf7b88c0b78031ccbd9e2a1f7bf6285099b2c126d9b06,2026-08-06T11:21:41Z,2026-08-06-p2-finite-linear-memory-skill-decomposition,2.0
Valencia Vivers,ORDER_SPECIFIC_p7,1,7,hgb_direct,1479,1.2903992310693895,DEFINED_STABLE,12.058156823845636,0.8493238674780257,0.01,4a49b08b041c578ec5981dc1472125b2af0a4d59,572a6a79dfaf6247292af8c946e3f621c520377d7eb449bd78e9b309f483fc6a,7e61f4823860ac67fc2cf7b88c0b78031ccbd9e2a1f7bf6285099b2c126d9b06,2026-08-06T11:21:41Z,2026-08-06-p2-finite-linear-memory-skill-decomposition,2.0
Valencia Vivers,ORDER_SPECIFIC_p7,2,7,ridge_direct,1470,1.010328717522547,DEFINED_STABLE,44.46433184327596,1.3908503401360546,0.01,4a49b08b041c578ec5981dc1472125b2af0a4d59,572a6a79dfaf6247292af8c946e3f621c520377d7eb449bd78e9b309f483fc6a,7e61f4823860ac67fc2cf7b88c0b78031ccbd9e2a1f7bf6285099b2c126d9b06,2026-08-06T11:21:41Z,2026-08-06-p2-finite-linear-memory-skill-decomposition,2.0
Valencia Vivers,ORDER_SPECIFIC_p7,2,7,hgb_direct,1470,0.9987115797221736,DEFINED_STABLE,44.98154650335687,1.3908503401360546,0.01,4a49b08b041c578ec5981dc1472125b2af0a4d59,572a6a79dfaf6247292af8c946e3f621c520377d7eb449bd78e9b309f483fc6a,7e61f4823860ac67fc2cf7b88c0b78031ccbd9e2a1f7bf6285099b2c126d9b06,2026-08-06T11:21:41Z,2026-08-06-p2-finite-linear-memory-skill-decomposition,2.0
Valencia Vivers,ORDER_SPECIFIC_p7,3,7,ridge_direct,1461,1.0054900213519544,DEFINED_STABLE,58.168427426795574,1.5902121834360028,0.01,4a49b08b041c578ec5981dc1472125b2af0a4d59,572a6a79dfaf6247292af8c946e3f621c520377d7eb449bd78e9b309f483fc6a,7e61f4823860ac67fc2cf7b88c0b78031ccbd9e2a1f7bf6285099b2c126d9b06,2026-08-06T11:21:41Z,2026-08-06-p2-finite-linear-memory-skill-decomposition,2.0
Valencia Vivers,ORDER_SPECIFIC_p7,3,7,hgb_direct,1461,1.0515200930793052,DEFINED_STABLE,55.62211670544575,1.5902121834360028,0.01,4a49b08b041c578ec5981dc1472125b2af0a4d59,572a6a79dfaf6247292af8c946e3f621c520377d7eb449bd78e9b309f483fc6a,7e61f4823860ac67fc2cf7b88c0b78031ccbd9e2a1f7bf6285099b2c126d9b06,2026-08-06T11:21:41Z,2026-08-06-p2-finite-linear-memory-skill-decomposition,2.0
Valencia Vivers,ORDER_SPECIFIC_p7,4,7,ridge_direct,1454,0.9991701150750969,DEFINED_STABLE,68.37118035232285,1.7167469050894084,0.01,4a49b08b041c578ec5981dc1472125b2af0a4d59,572a6a79dfaf6247292af8c946e3f621c520377d7eb449bd78e9b309f483fc6a,7e61f4823860ac67fc2cf7b88c0b78031ccbd9e2a1f7bf6285099b2c126d9b06,2026-08-06T11:21:41Z,2026-08-06-p2-finite-linear-memory-skill-decomposition,2.0
Valencia Vivers,ORDER_SPECIFIC_p7,4,7,hgb_direct,1454,1.059318703349417,DEFINED_STABLE,64.48903424856935,1.7167469050894084,0.01,4a49b08b041c578ec5981dc1472125b2af0a4d59,572a6a79dfaf6247292af8c946e3f621c520377d7eb449bd78e9b309f483fc6a,7e61f4823860ac67fc2cf7b88c0b78031ccbd9e2a1f7bf6285099b2c126d9b06,2026-08-06T11:21:41Z,2026-08-06-p2-finite-linear-memory-skill-decomposition,2.0
Valencia Vivers,ORDER_SPECIFIC_p7,5,7,ridge_direct,1446,0.9991225179070062,DEFINED_STABLE,78.26498016148167,1.8428423236514522,0.01,4a49b08b041c578ec5981dc1472125b2af0a4d59,572a6a79dfaf6247292af8c946e3f621c520377d7eb449bd78e9b309f483fc6a,7e61f4823860ac67fc2cf7b88c0b78031ccbd9e2a1f7bf6285099b2c126d9b06,2026-08-06T11:21:41Z,2026-08-06-p2-finite-linear-memory-skill-decomposition,2.0
Valencia Vivers,ORDER_SPECIFIC_p7,5,7,hgb_direct,1446,1.0532001495299588,DEFINED_STABLE,74.24638524574871,1.8428423236514522,0.01,4a49b08b041c578ec5981dc1472125b2af0a4d59,572a6a79dfaf6247292af8c946e3f621c520377d7eb449bd78e9b309f483fc6a,7e61f4823860ac67fc2cf7b88c0b78031ccbd9e2a1f7bf6285099b2c126d9b06,2026-08-06T11:21:41Z,2026-08-06-p2-finite-linear-memory-skill-decomposition,2.0
Valencia Vivers,ORDER_SPECIFIC_p7,6,7,ridge_direct,1442,1.0020309807093537,DEFINED_STABLE,78.0960208072278,1.8239320388349516,0.01,4a49b08b041c578ec5981dc1472125b2af0a4d59,572a6a79dfaf6247292af8c946e3f621c520377d7eb449bd78e9b309f483fc6a,7e61f4823860ac67fc2cf7b88c0b78031ccbd9e2a1f7bf6285099b2c126d9b06,2026-08-06T11:21:41Z,2026-08-06-p2-finite-linear-memory-skill-decomposition,2.0
Valencia Vivers,ORDER_SPECIFIC_p7,6,7,hgb_direct,1442,1.0655339740796754,DEFINED_STABLE,73.44170549470726,1.8239320388349516,0.01,4a49b08b041c578ec5981dc1472125b2af0a4d59,572a6a79dfaf6247292af8c946e3f621c520377d7eb449bd78e9b309f483fc6a,7e61f4823860ac67fc2cf7b88c0b78031ccbd9e2a1f7bf6285099b2c126d9b06,2026-08-06T11:21:41Z,2026-08-06-p2-finite-linear-memory-skill-decomposition,2.0
Valencia Vivers,ORDER_SPECIFIC_p7,7,7,ridge_direct,1434,1.0034158146451755,DEFINED_STABLE,81.94207247146606,1.8547071129707113,0.01,4a49b08b041c578ec5981dc1472125b2af0a4d59,572a6a79dfaf6247292af8c946e3f621c520377d7eb449bd78e9b309f483fc6a,7e61f4823860ac67fc2cf7b88c0b78031ccbd9e2a1f7bf6285099b2c126d9b06,2026-08-06T11:21:41Z,2026-08-06-p2-finite-linear-memory-skill-decomposition,2.0
Valencia Vivers,ORDER_SPECIFIC_p7,7,7,hgb_direct,1434,1.0787749139785112,DEFINED_STABLE,76.21791194553859,1.8547071129707113,0.01,4a49b08b041c578ec5981dc1472125b2af0a4d59,572a6a79dfaf6247292af8c946e3f621c520377d7eb449bd78e9b309f483fc6a,7e61f4823860ac67fc2cf7b88c0b78031ccbd9e2a1f7bf6285099b2c126d9b06,2026-08-06T11:21:41Z,2026-08-06-p2-finite-linear-memory-skill-decomposition,2.0
Valencia Vivers,ORDER_SPECIFIC_p14,1,14,ridge_direct,1315,0.9786658335482838,DEFINED_STABLE,16.10450859064416,0.8749125475285172,0.01,4a49b08b041c578ec5981dc1472125b2af0a4d59,572a6a79dfaf6247292af8c946e3f621c520377d7eb449bd78e9b309f483fc6a,7e61f4823860ac67fc2cf7b88c0b78031ccbd9e2a1f7bf6285099b2c126d9b06,2026-08-06T11:21:41Z,2026-08-06-p2-finite-linear-memory-skill-decomposition,2.0
Valencia Vivers,ORDER_SPECIFIC_p14,1,14,hgb_direct,1315,1.2483121159789337,DEFINED_STABLE,12.625794560512176,0.8749125475285172,0.01,4a49b08b041c578ec5981dc1472125b2af0a4d59,572a6a79dfaf6247292af8c946e3f621c520377d7eb449bd78e9b309f483fc6a,7e61f4823860ac67fc2cf7b88c0b78031ccbd9e2a1f7bf6285099b2c126d9b06,2026-08-06T11:21:41Z,2026-08-06-p2-finite-linear-memory-skill-decomposition,2.0
Valencia Vivers,ORDER_SPECIFIC_p14,2,14,ridge_direct,1306,1.0148719980141478,DEFINED_STABLE,46.55124056247591,1.436937212863706,0.01,4a49b08b041c578ec5981dc1472125b2af0a4d59,572a6a79dfaf6247292af8c946e3f621c520377d7eb449bd78e9b309f483fc6a,7e61f4823860ac67fc2cf7b88c0b78031ccbd9e2a1f7bf6285099b2c126d9b06,2026-08-06T11:21:41Z,2026-08-06-p2-finite-linear-memory-skill-decomposition,2.0
Valencia Vivers,ORDER_SPECIFIC_p14,2,14,hgb_direct,1306,0.999790300997704,DEFINED_STABLE,47.25345952299418,1.436937212863706,0.01,4a49b08b041c578ec5981dc1472125b2af0a4d59,572a6a79dfaf6247292af8c946e3f621c520377d7eb449bd78e9b309f483fc6a,7e61f4823860ac67fc2cf7b88c0b78031ccbd9e2a1f7bf6285099b2c126d9b06,2026-08-06T11:21:41Z,2026-08-06-p2-finite-linear-memory-skill-decomposition,2.0
Valencia Vivers,ORDER_SPECIFIC_p14,3,14,ridge_direct,1297,1.0182262590220825,DEFINED_STABLE,57.97270824851056,1.608064764841943,0.01,4a49b08b041c578ec5981dc1472125b2af0a4d59,572a6a79dfaf6247292af8c946e3f621c520377d7eb449bd78e9b309f483fc6a,7e61f4823860ac67fc2cf7b88c0b78031ccbd9e2a1f7bf6285099b2c126d9b06,2026-08-06T11:21:41Z,2026-08-06-p2-finite-linear-memory-skill-decomposition,2.0
Valencia Vivers,ORDER_SPECIFIC_p14,3,14,hgb_direct,1297,1.067734513145166,DEFINED_STABLE,55.2846546763578,1.608064764841943,0.01,4a49b08b041c578ec5981dc1472125b2af0a4d59,572a6a79dfaf6247292af8c946e3f621c520377d7eb449bd78e9b309f483fc6a,7e61f4823860ac67fc2cf7b88c0b78031ccbd9e2a1f7bf6285099b2c126d9b06,2026-08-06T11:21:41Z,2026-08-06-p2-finite-linear-memory-skill-decomposition,2.0
Valencia Vivers,ORDER_SPECIFIC_p14,4,14,ridge_direct,1289,1.0075190568886285,DEFINED_STABLE,67.31885141643907,1.735477114041893,0.01,4a49b08b041c578ec5981dc1472125b2af0a4d59,572a6a79dfaf6247292af8c946e3f621c520377d7eb449bd78e9b309f483fc6a,7e61f4823860ac67fc2cf7b88c0b78031ccbd9e2a1f7bf6285099b2c126d9b06,2026-08-06T11:21:41Z,2026-08-06-p2-finite-linear-memory-skill-decomposition,2.0
Valencia Vivers,ORDER_SPECIFIC_p14,4,14,hgb_direct,1289,1.0758333806728766,DEFINED_STABLE,63.044172925267915,1.735477114041893,0.01,4a49b08b041c578ec5981dc1472125b2af0a4d59,572a6a79dfaf6247292af8c946e3f621c520377d7eb449bd78e9b309f483fc6a,7e61f4823860ac67fc2cf7b88c0b78031ccbd9e2a1f7bf6285099b2c126d9b06,2026-08-06T11:21:41Z,2026-08-06-p2-finite-linear-memory-skill-decomposition,2.0
Valencia Vivers,ORDER_SPECIFIC_p14,5,14,ridge_direct,1281,1.00486577064036,DEFINED_STABLE,79.32260710546657,1.889047619047619,0.01,4a49b08b041c578ec5981dc1472125b2af0a4d59,572a6a79dfaf6247292af8c946e3f621c520377d7eb449bd78e9b309f483fc6a,7e61f4823860ac67fc2cf7b88c0b78031ccbd9e2a1f7bf6285099b2c126d9b06,2026-08-06T11:21:41Z,2026-08-06-p2-finite-linear-memory-skill-decomposition,2.0
Valencia Vivers,ORDER_SPECIFIC_p14,5,14,hgb_direct,1281,1.0536228930372642,DEFINED_STABLE,75.65189902856264,1.889047619047619,0.01,4a49b08b041c578ec5981dc1472125b2af0a4d59,572a6a79dfaf6247292af8c946e3f621c520377d7eb449bd78e9b309f483fc6a,7e61f4823860ac67fc2cf7b88c0b78031ccbd9e2a1f7bf6285099b2c126d9b06,2026-08-06T11:21:41Z,2026-08-06-p2-finite-linear-memory-skill-decomposition,2.0
Valencia Vivers,ORDER_SPECIFIC_p14,6,14,ridge_direct,1277,1.0078498527010962,DEFINED_STABLE,81.62009395197758,1.8911041503523884,0.01,4a49b08b041c578ec5981dc1472125b2af0a4d59,572a6a79dfaf6247292af8c946e3f621c520377d7eb449bd78e9b309f483fc6a,7e61f4823860ac67fc2cf7b88c0b78031ccbd9e2a1f7bf6285099b2c126d9b06,2026-08-06T11:21:41Z,2026-08-06-p2-finite-linear-memory-skill-decomposition,2.0
Valencia Vivers,ORDER_SPECIFIC_p14,6,14,hgb_direct,1277,1.067193577720733,DEFINED_STABLE,77.08142307475217,1.8911041503523884,0.01,4a49b08b041c578ec5981dc1472125b2af0a4d59,572a6a79dfaf6247292af8c946e3f621c520377d7eb449bd78e9b309f483fc6a,7e61f4823860ac67fc2cf7b88c0b78031ccbd9e2a1f7bf6285099b2c126d9b06,2026-08-06T11:21:41Z,2026-08-06-p2-finite-linear-memory-skill-decomposition,2.0
Valencia Vivers,ORDER_SPECIFIC_p14,7,14,ridge_direct,1272,1.0057444163709621,DEFINED_STABLE,84.53660297277732,1.9222327044025158,0.01,4a49b08b041c578ec5981dc1472125b2af0a4d59,572a6a79dfaf6247292af8c946e3f621c520377d7eb449bd78e9b309f483fc6a,7e61f4823860ac67fc2cf7b88c0b78031ccbd9e2a1f7bf6285099b2c126d9b06,2026-08-06T11:21:41Z,2026-08-06-p2-finite-linear-memory-skill-decomposition,2.0
Valencia Vivers,ORDER_SPECIFIC_p14,7,14,hgb_direct,1272,1.0767189718198344,DEFINED_STABLE,78.9641667362264,1.9222327044025158,0.01,4a49b08b041c578ec5981dc1472125b2af0a4d59,572a6a79dfaf6247292af8c946e3f621c520377d7eb449bd78e9b309f483fc6a,7e61f4823860ac67fc2cf7b88c0b78031ccbd9e2a1f7bf6285099b2c126d9b06,2026-08-06T11:21:41Z,2026-08-06-p2-finite-linear-memory-skill-decomposition,2.0
Valencia Vivers,ORDER_SPECIFIC_p21,1,21,ridge_direct,1180,1.0027454580791009,DEFINED_STABLE,16.64582560383893,0.9143559322033898,0.01,4a49b08b041c578ec5981dc1472125b2af0a4d59,572a6a79dfaf6247292af8c946e3f621c520377d7eb449bd78e9b309f483fc6a,7e61f4823860ac67fc2cf7b88c0b78031ccbd9e2a1f7bf6285099b2c126d9b06,2026-08-06T11:21:41Z,2026-08-06-p2-finite-linear-memory-skill-decomposition,2.0
Valencia Vivers,ORDER_SPECIFIC_p21,1,21,hgb_direct,1180,1.238762827223155,DEFINED_STABLE,13.474351710764907,0.9143559322033898,0.01,4a49b08b041c578ec5981dc1472125b2af0a4d59,572a6a79dfaf6247292af8c946e3f621c520377d7eb449bd78e9b309f483fc6a,7e61f4823860ac67fc2cf7b88c0b78031ccbd9e2a1f7bf6285099b2c126d9b06,2026-08-06T11:21:41Z,2026-08-06-p2-finite-linear-memory-skill-decomposition,2.0
Valencia Vivers,ORDER_SPECIFIC_p21,2,21,ridge_direct,1171,1.0082706055013042,DEFINED_STABLE,48.17870970904188,1.4527754056362085,0.01,4a49b08b041c578ec5981dc1472125b2af0a4d59,572a6a79dfaf6247292af8c946e3f621c520377d7eb449bd78e9b309f483fc6a,7e61f4823860ac67fc2cf7b88c0b78031ccbd9e2a1f7bf6285099b2c126d9b06,2026-08-06T11:21:41Z,2026-08-06-p2-finite-linear-memory-skill-decomposition,2.0
Valencia Vivers,ORDER_SPECIFIC_p21,2,21,hgb_direct,1171,0.9511156808859278,DEFINED_STABLE,51.073889103962046,1.4527754056362085,0.01,4a49b08b041c578ec5981dc1472125b2af0a4d59,572a6a79dfaf6247292af8c946e3f621c520377d7eb449bd78e9b309f483fc6a,7e61f4823860ac67fc2cf7b88c0b78031ccbd9e2a1f7bf6285099b2c126d9b06,2026-08-06T11:21:41Z,2026-08-06-p2-finite-linear-memory-skill-decomposition,2.0
Valencia Vivers,ORDER_SPECIFIC_p21,3,21,ridge_direct,1163,1.0039765057718677,DEFINED_STABLE,58.707293682933624,1.5860791057609631,0.01,4a49b08b041c578ec5981dc1472125b2af0a4d59,572a6a79dfaf6247292af8c946e3f621c520377d7eb449bd78e9b309f483fc6a,7e61f4823860ac67fc2cf7b88c0b78031ccbd9e2a1f7bf6285099b2c126d9b06,2026-08-06T11:21:41Z,2026-08-06-p2-finite-linear-memory-skill-decomposition,2.0
Valencia Vivers,ORDER_SPECIFIC_p21,3,21,hgb_direct,1163,1.0162211473365679,DEFINED_STABLE,57.999918353985635,1.5860791057609631,0.01,4a49b08b041c578ec5981dc1472125b2af0a4d59,572a6a79dfaf6247292af8c946e3f621c520377d7eb449bd78e9b309f483fc6a,7e61f4823860ac67fc2cf7b88c0b78031ccbd9e2a1f7bf6285099b2c126d9b06,2026-08-06T11:21:41Z,2026-08-06-p2-finite-linear-memory-skill-decomposition,2.0
Valencia Vivers,ORDER_SPECIFIC_p21,4,21,ridge_direct,1155,0.9977974705186475,DEFINED_STABLE,68.9656497717956,1.6775670995670995,0.01,4a49b08b041c578ec5981dc1472125b2af0a4d59,572a6a79dfaf6247292af8c946e3f621c520377d7eb449bd78e9b309f483fc6a,7e61f4823860ac67fc2cf7b88c0b78031ccbd9e2a1f7bf6285099b2c126d9b06,2026-08-06T11:21:41Z,2026-08-06-p2-finite-linear-memory-skill-decomposition,2.0
Valencia Vivers,ORDER_SPECIFIC_p21,4,21,hgb_direct,1155,1.030716485534282,DEFINED_STABLE,66.76302539131534,1.6775670995670995,0.01,4a49b08b041c578ec5981dc1472125b2af0a4d59,572a6a79dfaf6247292af8c946e3f621c520377d7eb449bd78e9b309f483fc6a,7e61f4823860ac67fc2cf7b88c0b78031ccbd9e2a1f7bf6285099b2c126d9b06,2026-08-06T11:21:41Z,2026-08-06-p2-finite-linear-memory-skill-decomposition,2.0
Valencia Vivers,ORDER_SPECIFIC_p21,5,21,ridge_direct,1147,0.9937304236686195,DEFINED_STABLE,81.64734520857526,1.7879860505666958,0.01,4a49b08b041c578ec5981dc1472125b2af0a4d59,572a6a79dfaf6247292af8c946e3f621c520377d7eb449bd78e9b309f483fc6a,7e61f4823860ac67fc2cf7b88c0b78031ccbd9e2a1f7bf6285099b2c126d9b06,2026-08-06T11:21:41Z,2026-08-06-p2-finite-linear-memory-skill-decomposition,2.0
Valencia Vivers,ORDER_SPECIFIC_p21,5,21,hgb_direct,1147,1.0269255474426406,DEFINED_STABLE,79.0081142178103,1.7879860505666958,0.01,4a49b08b041c578ec5981dc1472125b2af0a4d59,572a6a79dfaf6247292af8c946e3f621c520377d7eb449bd78e9b309f483fc6a,7e61f4823860ac67fc2cf7b88c0b78031ccbd9e2a1f7bf6285099b2c126d9b06,2026-08-06T11:21:41Z,2026-08-06-p2-finite-linear-memory-skill-decomposition,2.0
Valencia Vivers,ORDER_SPECIFIC_p21,6,21,ridge_direct,1143,0.9958161869082517,DEFINED_STABLE,85.3179442695304,1.823429571303587,0.01,4a49b08b041c578ec5981dc1472125b2af0a4d59,572a6a79dfaf6247292af8c946e3f621c520377d7eb449bd78e9b309f483fc6a,7e61f4823860ac67fc2cf7b88c0b78031ccbd9e2a1f7bf6285099b2c126d9b06,2026-08-06T11:21:41Z,2026-08-06-p2-finite-linear-memory-skill-decomposition,2.0
Valencia Vivers,ORDER_SPECIFIC_p21,6,21,hgb_direct,1143,1.0481254420080603,DEFINED_STABLE,81.05994428926486,1.823429571303587,0.01,4a49b08b041c578ec5981dc1472125b2af0a4d59,572a6a79dfaf6247292af8c946e3f621c520377d7eb449bd78e9b309f483fc6a,7e61f4823860ac67fc2cf7b88c0b78031ccbd9e2a1f7bf6285099b2c126d9b06,2026-08-06T11:21:41Z,2026-08-06-p2-finite-linear-memory-skill-decomposition,2.0
Valencia Vivers,ORDER_SPECIFIC_p21,7,21,ridge_direct,1138,0.9920291430172867,DEFINED_STABLE,91.62583986058478,1.8807644991212655,0.01,4a49b08b041c578ec5981dc1472125b2af0a4d59,572a6a79dfaf6247292af8c946e3f621c520377d7eb449bd78e9b309f483fc6a,7e61f4823860ac67fc2cf7b88c0b78031ccbd9e2a1f7bf6285099b2c126d9b06,2026-08-06T11:21:41Z,2026-08-06-p2-finite-linear-memory-skill-decomposition,2.0
Valencia Vivers,ORDER_SPECIFIC_p21,7,21,hgb_direct,1138,1.0534066525332741,DEFINED_STABLE,86.28719324730478,1.8807644991212655,0.01,4a49b08b041c578ec5981dc1472125b2af0a4d59,572a6a79dfaf6247292af8c946e3f621c520377d7eb449bd78e9b309f483fc6a,7e61f4823860ac67fc2cf7b88c0b78031ccbd9e2a1f7bf6285099b2c126d9b06,2026-08-06T11:21:41Z,2026-08-06-p2-finite-linear-memory-skill-decomposition,2.0
Valencia Vivers,GLOBAL_COMMON_THRESHOLD_SENSITIVITY,1,7,ridge_direct,1180,1.0131626216922713,DEFINED_STABLE,16.64582560383893,0.4571779661016949,0.005,4a49b08b041c578ec5981dc1472125b2af0a4d59,572a6a79dfaf6247292af8c946e3f621c520377d7eb449bd78e9b309f483fc6a,7e61f4823860ac67fc2cf7b88c0b78031ccbd9e2a1f7bf6285099b2c126d9b06,2026-08-06T11:21:41Z,2026-08-06-p2-finite-linear-memory-skill-decomposition,2.0
Valencia Vivers,GLOBAL_COMMON_THRESHOLD_SENSITIVITY,1,7,hgb_direct,1180,1.251631890797691,DEFINED_STABLE,13.474351710764907,0.4571779661016949,0.005,4a49b08b041c578ec5981dc1472125b2af0a4d59,572a6a79dfaf6247292af8c946e3f621c520377d7eb449bd78e9b309f483fc6a,7e61f4823860ac67fc2cf7b88c0b78031ccbd9e2a1f7bf6285099b2c126d9b06,2026-08-06T11:21:41Z,2026-08-06-p2-finite-linear-memory-skill-decomposition,2.0
Valencia Vivers,GLOBAL_COMMON_THRESHOLD_SENSITIVITY,1,14,ridge_direct,1180,0.9757277319437526,DEFINED_STABLE,16.64582560383893,0.4571779661016949,0.005,4a49b08b041c578ec5981dc1472125b2af0a4d59,572a6a79dfaf6247292af8c946e3f621c520377d7eb449bd78e9b309f483fc6a,7e61f4823860ac67fc2cf7b88c0b78031ccbd9e2a1f7bf6285099b2c126d9b06,2026-08-06T11:21:41Z,2026-08-06-p2-finite-linear-memory-skill-decomposition,2.0
Valencia Vivers,GLOBAL_COMMON_THRESHOLD_SENSITIVITY,1,14,hgb_direct,1180,1.2053859073449253,DEFINED_STABLE,13.474351710764907,0.4571779661016949,0.005,4a49b08b041c578ec5981dc1472125b2af0a4d59,572a6a79dfaf6247292af8c946e3f621c520377d7eb449bd78e9b309f483fc6a,7e61f4823860ac67fc2cf7b88c0b78031ccbd9e2a1f7bf6285099b2c126d9b06,2026-08-06T11:21:41Z,2026-08-06-p2-finite-linear-memory-skill-decomposition,2.0
Valencia Vivers,GLOBAL_COMMON_THRESHOLD_SENSITIVITY,1,21,ridge_direct,1180,1.0027454580791009,DEFINED_STABLE,16.64582560383893,0.4571779661016949,0.005,4a49b08b041c578ec5981dc1472125b2af0a4d59,572a6a79dfaf6247292af8c946e3f621c520377d7eb449bd78e9b309f483fc6a,7e61f4823860ac67fc2cf7b88c0b78031ccbd9e2a1f7bf6285099b2c126d9b06,2026-08-06T11:21:41Z,2026-08-06-p2-finite-linear-memory-skill-decomposition,2.0
Valencia Vivers,GLOBAL_COMMON_THRESHOLD_SENSITIVITY,1,21,hgb_direct,1180,1.238762827223155,DEFINED_STABLE,13.474351710764907,0.4571779661016949,0.005,4a49b08b041c578ec5981dc1472125b2af0a4d59,572a6a79dfaf6247292af8c946e3f621c520377d7eb449bd78e9b309f483fc6a,7e61f4823860ac67fc2cf7b88c0b78031ccbd9e2a1f7bf6285099b2c126d9b06,2026-08-06T11:21:41Z,2026-08-06-p2-finite-linear-memory-skill-decomposition,2.0
Valencia Vivers,GLOBAL_COMMON_THRESHOLD_SENSITIVITY,2,7,ridge_direct,1171,1.0126963554719077,DEFINED_STABLE,48.17870970904188,0.7263877028181043,0.005,4a49b08b041c578ec5981dc1472125b2af0a4d59,572a6a79dfaf6247292af8c946e3f621c520377d7eb449bd78e9b309f483fc6a,7e61f4823860ac67fc2cf7b88c0b78031ccbd9e2a1f7bf6285099b2c126d9b06,2026-08-06T11:21:41Z,2026-08-06-p2-finite-linear-memory-skill-decomposition,2.0
Valencia Vivers,GLOBAL_COMMON_THRESHOLD_SENSITIVITY,2,7,hgb_direct,1171,0.9552905523676056,DEFINED_STABLE,51.073889103962046,0.7263877028181043,0.005,4a49b08b041c578ec5981dc1472125b2af0a4d59,572a6a79dfaf6247292af8c946e3f621c520377d7eb449bd78e9b309f483fc6a,7e61f4823860ac67fc2cf7b88c0b78031ccbd9e2a1f7bf6285099b2c126d9b06,2026-08-06T11:21:41Z,2026-08-06-p2-finite-linear-memory-skill-decomposition,2.0
Valencia Vivers,GLOBAL_COMMON_THRESHOLD_SENSITIVITY,2,14,ridge_direct,1171,1.0091043772403048,DEFINED_STABLE,48.17870970904188,0.7263877028181043,0.005,4a49b08b041c578ec5981dc1472125b2af0a4d59,572a6a79dfaf6247292af8c946e3f621c520377d7eb449bd78e9b309f483fc6a,7e61f4823860ac67fc2cf7b88c0b78031ccbd9e2a1f7bf6285099b2c126d9b06,2026-08-06T11:21:41Z,2026-08-06-p2-finite-linear-memory-skill-decomposition,2.0
Valencia Vivers,GLOBAL_COMMON_THRESHOLD_SENSITIVITY,2,14,hgb_direct,1171,0.9519021893598593,DEFINED_STABLE,51.073889103962046,0.7263877028181043,0.005,4a49b08b041c578ec5981dc1472125b2af0a4d59,572a6a79dfaf6247292af8c946e3f621c520377d7eb449bd78e9b309f483fc6a,7e61f4823860ac67fc2cf7b88c0b78031ccbd9e2a1f7bf6285099b2c126d9b06,2026-08-06T11:21:41Z,2026-08-06-p2-finite-linear-memory-skill-decomposition,2.0
Valencia Vivers,GLOBAL_COMMON_THRESHOLD_SENSITIVITY,2,21,ridge_direct,1171,1.0082706055013042,DEFINED_STABLE,48.17870970904188,0.7263877028181043,0.005,4a49b08b041c578ec5981dc1472125b2af0a4d59,572a6a79dfaf6247292af8c946e3f621c520377d7eb449bd78e9b309f483fc6a,7e61f4823860ac67fc2cf7b88c0b78031ccbd9e2a1f7bf6285099b2c126d9b06,2026-08-06T11:21:41Z,2026-08-06-p2-finite-linear-memory-skill-decomposition,2.0
Valencia Vivers,GLOBAL_COMMON_THRESHOLD_SENSITIVITY,2,21,hgb_direct,1171,0.9511156808859278,DEFINED_STABLE,51.073889103962046,0.7263877028181043,0.005,4a49b08b041c578ec5981dc1472125b2af0a4d59,572a6a79dfaf6247292af8c946e3f621c520377d7eb449bd78e9b309f483fc6a,7e61f4823860ac67fc2cf7b88c0b78031ccbd9e2a1f7bf6285099b2c126d9b06,2026-08-06T11:21:41Z,2026-08-06-p2-finite-linear-memory-skill-decomposition,2.0
Valencia Vivers,GLOBAL_COMMON_THRESHOLD_SENSITIVITY,3,7,ridge_direct,1163,1.0078431537410626,DEFINED_STABLE,58.707293682933624,0.7930395528804816,0.005,4a49b08b041c578ec5981dc1472125b2af0a4d59,572a6a79dfaf6247292af8c946e3f621c520377d7eb449bd78e9b309f483fc6a,7e61f4823860ac67fc2cf7b88c0b78031ccbd9e2a1f7bf6285099b2c126d9b06,2026-08-06T11:21:41Z,2026-08-06-p2-finite-linear-memory-skill-decomposition,2.0
Valencia Vivers,GLOBAL_COMMON_THRESHOLD_SENSITIVITY,3,7,hgb_direct,1163,1.0201349534993733,DEFINED_STABLE,57.999918353985635,0.7930395528804816,0.005,4a49b08b041c578ec5981dc1472125b2af0a4d59,572a6a79dfaf6247292af8c946e3f621c520377d7eb449bd78e9b309f483fc6a,7e61f4823860ac67fc2cf7b88c0b78031ccbd9e2a1f7bf6285099b2c126d9b06,2026-08-06T11:21:41Z,2026-08-06-p2-finite-linear-memory-skill-decomposition,2.0
Valencia Vivers,GLOBAL_COMMON_THRESHOLD_SENSITIVITY,3,14,ridge_direct,1163,1.0097667939272383,DEFINED_STABLE,58.707293682933624,0.7930395528804816,0.005,4a49b08b041c578ec5981dc1472125b2af0a4d59,572a6a79dfaf6247292af8c946e3f621c520377d7eb449bd78e9b309f483fc6a,7e61f4823860ac67fc2cf7b88c0b78031ccbd9e2a1f7bf6285099b2c126d9b06,2026-08-06T11:21:41Z,2026-08-06-p2-finite-linear-memory-skill-decomposition,2.0
Valencia Vivers,GLOBAL_COMMON_THRESHOLD_SENSITIVITY,3,14,hgb_direct,1163,1.0220820546773588,DEFINED_STABLE,57.999918353985635,0.7930395528804816,0.005,4a49b08b041c578ec5981dc1472125b2af0a4d59,572a6a79dfaf6247292af8c946e3f621c520377d7eb449bd78e9b309f483fc6a,7e61f4823860ac67fc2cf7b88c0b78031ccbd9e2a1f7bf6285099b2c126d9b06,2026-08-06T11:21:41Z,2026-08-06-p2-finite-linear-memory-skill-decomposition,2.0
Valencia Vivers,GLOBAL_COMMON_THRESHOLD_SENSITIVITY,3,21,ridge_direct,1163,1.0039765057718677,DEFINED_STABLE,58.707293682933624,0.7930395528804816,0.005,4a49b08b041c578ec5981dc1472125b2af0a4d59,572a6a79dfaf6247292af8c946e3f621c520377d7eb449bd78e9b309f483fc6a,7e61f4823860ac67fc2cf7b88c0b78031ccbd9e2a1f7bf6285099b2c126d9b06,2026-08-06T11:21:41Z,2026-08-06-p2-finite-linear-memory-skill-decomposition,2.0
Valencia Vivers,GLOBAL_COMMON_THRESHOLD_SENSITIVITY,3,21,hgb_direct,1163,1.0162211473365679,DEFINED_STABLE,57.999918353985635,0.7930395528804816,0.005,4a49b08b041c578ec5981dc1472125b2af0a4d59,572a6a79dfaf6247292af8c946e3f621c520377d7eb449bd78e9b309f483fc6a,7e61f4823860ac67fc2cf7b88c0b78031ccbd9e2a1f7bf6285099b2c126d9b06,2026-08-06T11:21:41Z,2026-08-06-p2-finite-linear-memory-skill-decomposition,2.0
Valencia Vivers,GLOBAL_COMMON_THRESHOLD_SENSITIVITY,4,7,ridge_direct,1155,0.9997758160557725,DEFINED_STABLE,68.9656497717956,0.8387835497835497,0.005,4a49b08b041c578ec5981dc1472125b2af0a4d59,572a6a79dfaf6247292af8c946e3f621c520377d7eb449bd78e9b309f483fc6a,7e61f4823860ac67fc2cf7b88c0b78031ccbd9e2a1f7bf6285099b2c126d9b06,2026-08-06T11:21:41Z,2026-08-06-p2-finite-linear-memory-skill-decomposition,2.0
Valencia Vivers,GLOBAL_COMMON_THRESHOLD_SENSITIVITY,4,7,hgb_direct,1155,1.0327601000146214,DEFINED_STABLE,66.76302539131534,0.8387835497835497,0.005,4a49b08b041c578ec5981dc1472125b2af0a4d59,572a6a79dfaf6247292af8c946e3f621c520377d7eb449bd78e9b309f483fc6a,7e61f4823860ac67fc2cf7b88c0b78031ccbd9e2a1f7bf6285099b2c126d9b06,2026-08-06T11:21:41Z,2026-08-06-p2-finite-linear-memory-skill-decomposition,2.0
Valencia Vivers,GLOBAL_COMMON_THRESHOLD_SENSITIVITY,4,14,ridge_direct,1155,0.9993766423214162,DEFINED_STABLE,68.9656497717956,0.8387835497835497,0.005,4a49b08b041c578ec5981dc1472125b2af0a4d59,572a6a79dfaf6247292af8c946e3f621c520377d7eb449bd78e9b309f483fc6a,7e61f4823860ac67fc2cf7b88c0b78031ccbd9e2a1f7bf6285099b2c126d9b06,2026-08-06T11:21:41Z,2026-08-06-p2-finite-linear-memory-skill-decomposition,2.0
Valencia Vivers,GLOBAL_COMMON_THRESHOLD_SENSITIVITY,4,14,hgb_direct,1155,1.0323477568680914,DEFINED_STABLE,66.76302539131534,0.8387835497835497,0.005,4a49b08b041c578ec5981dc1472125b2af0a4d59,572a6a79dfaf6247292af8c946e3f621c520377d7eb449bd78e9b309f483fc6a,7e61f4823860ac67fc2cf7b88c0b78031ccbd9e2a1f7bf6285099b2c126d9b06,2026-08-06T11:21:41Z,2026-08-06-p2-finite-linear-memory-skill-decomposition,2.0
Valencia Vivers,GLOBAL_COMMON_THRESHOLD_SENSITIVITY,4,21,ridge_direct,1155,0.9977974705186475,DEFINED_STABLE,68.9656497717956,0.8387835497835497,0.005,4a49b08b041c578ec5981dc1472125b2af0a4d59,572a6a79dfaf6247292af8c946e3f621c520377d7eb449bd78e9b309f483fc6a,7e61f4823860ac67fc2cf7b88c0b78031ccbd9e2a1f7bf6285099b2c126d9b06,2026-08-06T11:21:41Z,2026-08-06-p2-finite-linear-memory-skill-decomposition,2.0
Valencia Vivers,GLOBAL_COMMON_THRESHOLD_SENSITIVITY,4,21,hgb_direct,1155,1.030716485534282,DEFINED_STABLE,66.76302539131534,0.8387835497835497,0.005,4a49b08b041c578ec5981dc1472125b2af0a4d59,572a6a79dfaf6247292af8c946e3f621c520377d7eb449bd78e9b309f483fc6a,7e61f4823860ac67fc2cf7b88c0b78031ccbd9e2a1f7bf6285099b2c126d9b06,2026-08-06T11:21:41Z,2026-08-06-p2-finite-linear-memory-skill-decomposition,2.0
Valencia Vivers,GLOBAL_COMMON_THRESHOLD_SENSITIVITY,5,7,ridge_direct,1147,0.9981854743042815,DEFINED_STABLE,81.64734520857526,0.8939930252833479,0.005,4a49b08b041c578ec5981dc1472125b2af0a4d59,572a6a79dfaf6247292af8c946e3f621c520377d7eb449bd78e9b309f483fc6a,7e61f4823860ac67fc2cf7b88c0b78031ccbd9e2a1f7bf6285099b2c126d9b06,2026-08-06T11:21:41Z,2026-08-06-p2-finite-linear-memory-skill-decomposition,2.0
Valencia Vivers,GLOBAL_COMMON_THRESHOLD_SENSITIVITY,5,7,hgb_direct,1147,1.0315294170675857,DEFINED_STABLE,79.0081142178103,0.8939930252833479,0.005,4a49b08b041c578ec5981dc1472125b2af0a4d59,572a6a79dfaf6247292af8c946e3f621c520377d7eb449bd78e9b309f483fc6a,7e61f4823860ac67fc2cf7b88c0b78031ccbd9e2a1f7bf6285099b2c126d9b06,2026-08-06T11:21:41Z,2026-08-06-p2-finite-linear-memory-skill-decomposition,2.0
Valencia Vivers,GLOBAL_COMMON_THRESHOLD_SENSITIVITY,5,14,ridge_direct,1147,0.9953268659948423,DEFINED_STABLE,81.64734520857526,0.8939930252833479,0.005,4a49b08b041c578ec5981dc1472125b2af0a4d59,572a6a79dfaf6247292af8c946e3f621c520377d7eb449bd78e9b309f483fc6a,7e61f4823860ac67fc2cf7b88c0b78031ccbd9e2a1f7bf6285099b2c126d9b06,2026-08-06T11:21:41Z,2026-08-06-p2-finite-linear-memory-skill-decomposition,2.0
Valencia Vivers,GLOBAL_COMMON_THRESHOLD_SENSITIVITY,5,14,hgb_direct,1147,1.028575318216252,DEFINED_STABLE,79.0081142178103,0.8939930252833479,0.005,4a49b08b041c578ec5981dc1472125b2af0a4d59,572a6a79dfaf6247292af8c946e3f621c520377d7eb449bd78e9b309f483fc6a,7e61f4823860ac67fc2cf7b88c0b78031ccbd9e2a1f7bf6285099b2c126d9b06,2026-08-06T11:21:41Z,2026-08-06-p2-finite-linear-memory-skill-decomposition,2.0
Valencia Vivers,GLOBAL_COMMON_THRESHOLD_SENSITIVITY,5,21,ridge_direct,1147,0.9937304236686195,DEFINED_STABLE,81.64734520857526,0.8939930252833479,0.005,4a49b08b041c578ec5981dc1472125b2af0a4d59,572a6a79dfaf6247292af8c946e3f621c520377d7eb449bd78e9b309f483fc6a,7e61f4823860ac67fc2cf7b88c0b78031ccbd9e2a1f7bf6285099b2c126d9b06,2026-08-06T11:21:41Z,2026-08-06-p2-finite-linear-memory-skill-decomposition,2.0
Valencia Vivers,GLOBAL_COMMON_THRESHOLD_SENSITIVITY,5,21,hgb_direct,1147,1.0269255474426406,DEFINED_STABLE,79.0081142178103,0.8939930252833479,0.005,4a49b08b041c578ec5981dc1472125b2af0a4d59,572a6a79dfaf6247292af8c946e3f621c520377d7eb449bd78e9b309f483fc6a,7e61f4823860ac67fc2cf7b88c0b78031ccbd9e2a1f7bf6285099b2c126d9b06,2026-08-06T11:21:41Z,2026-08-06-p2-finite-linear-memory-skill-decomposition,2.0
Valencia Vivers,GLOBAL_COMMON_THRESHOLD_SENSITIVITY,6,7,ridge_direct,1143,0.998884902153473,DEFINED_STABLE,85.3179442695304,0.9117147856517935,0.005,4a49b08b041c578ec5981dc1472125b2af0a4d59,572a6a79dfaf6247292af8c946e3f621c520377d7eb449bd78e9b309f483fc6a,7e61f4823860ac67fc2cf7b88c0b78031ccbd9e2a1f7bf6285099b2c126d9b06,2026-08-06T11:21:41Z,2026-08-06-p2-finite-linear-memory-skill-decomposition,2.0
Valencia Vivers,GLOBAL_COMMON_THRESHOLD_SENSITIVITY,6,7,hgb_direct,1143,1.0513553538784233,DEFINED_STABLE,81.05994428926486,0.9117147856517935,0.005,4a49b08b041c578ec5981dc1472125b2af0a4d59,572a6a79dfaf6247292af8c946e3f621c520377d7eb449bd78e9b309f483fc6a,7e61f4823860ac67fc2cf7b88c0b78031ccbd9e2a1f7bf6285099b2c126d9b06,2026-08-06T11:21:41Z,2026-08-06-p2-finite-linear-memory-skill-decomposition,2.0
Valencia Vivers,GLOBAL_COMMON_THRESHOLD_SENSITIVITY,6,14,ridge_direct,1143,0.9997775008113026,DEFINED_STABLE,85.3179442695304,0.9117147856517935,0.005,4a49b08b041c578ec5981dc1472125b2af0a4d59,572a6a79dfaf6247292af8c946e3f621c520377d7eb449bd78e9b309f483fc6a,7e61f4823860ac67fc2cf7b88c0b78031ccbd9e2a1f7bf6285099b2c126d9b06,2026-08-06T11:21:41Z,2026-08-06-p2-finite-linear-memory-skill-decomposition,2.0
Valencia Vivers,GLOBAL_COMMON_THRESHOLD_SENSITIVITY,6,14,hgb_direct,1143,1.0522948398750087,DEFINED_STABLE,81.05994428926486,0.9117147856517935,0.005,4a49b08b041c578ec5981dc1472125b2af0a4d59,572a6a79dfaf6247292af8c946e3f621c520377d7eb449bd78e9b309f483fc6a,7e61f4823860ac67fc2cf7b88c0b78031ccbd9e2a1f7bf6285099b2c126d9b06,2026-08-06T11:21:41Z,2026-08-06-p2-finite-linear-memory-skill-decomposition,2.0
Valencia Vivers,GLOBAL_COMMON_THRESHOLD_SENSITIVITY,6,21,ridge_direct,1143,0.9958161869082517,DEFINED_STABLE,85.3179442695304,0.9117147856517935,0.005,4a49b08b041c578ec5981dc1472125b2af0a4d59,572a6a79dfaf6247292af8c946e3f621c520377d7eb449bd78e9b309f483fc6a,7e61f4823860ac67fc2cf7b88c0b78031ccbd9e2a1f7bf6285099b2c126d9b06,2026-08-06T11:21:41Z,2026-08-06-p2-finite-linear-memory-skill-decomposition,2.0
Valencia Vivers,GLOBAL_COMMON_THRESHOLD_SENSITIVITY,6,21,hgb_direct,1143,1.0481254420080603,DEFINED_STABLE,81.05994428926486,0.9117147856517935,0.005,4a49b08b041c578ec5981dc1472125b2af0a4d59,572a6a79dfaf6247292af8c946e3f621c520377d7eb449bd78e9b309f483fc6a,7e61f4823860ac67fc2cf7b88c0b78031ccbd9e2a1f7bf6285099b2c126d9b06,2026-08-06T11:21:41Z,2026-08-06-p2-finite-linear-memory-skill-decomposition,2.0
Valencia Vivers,GLOBAL_COMMON_THRESHOLD_SENSITIVITY,7,7,ridge_direct,1138,0.9979149888808736,DEFINED_STABLE,91.62583986058478,0.9403822495606328,0.005,4a49b08b041c578ec5981dc1472125b2af0a4d59,572a6a79dfaf6247292af8c946e3f621c520377d7eb449bd78e9b309f483fc6a,7e61f4823860ac67fc2cf7b88c0b78031ccbd9e2a1f7bf6285099b2c126d9b06,2026-08-06T11:21:41Z,2026-08-06-p2-finite-linear-memory-skill-decomposition,2.0
Valencia Vivers,GLOBAL_COMMON_THRESHOLD_SENSITIVITY,7,7,hgb_direct,1138,1.059656659634507,DEFINED_STABLE,86.28719324730478,0.9403822495606328,0.005,4a49b08b041c578ec5981dc1472125b2af0a4d59,572a6a79dfaf6247292af8c946e3f621c520377d7eb449bd78e9b309f483fc6a,7e61f4823860ac67fc2cf7b88c0b78031ccbd9e2a1f7bf6285099b2c126d9b06,2026-08-06T11:21:41Z,2026-08-06-p2-finite-linear-memory-skill-decomposition,2.0
Valencia Vivers,GLOBAL_COMMON_THRESHOLD_SENSITIVITY,7,14,ridge_direct,1138,0.9977152914072733,DEFINED_STABLE,91.62583986058478,0.9403822495606328,0.005,4a49b08b041c578ec5981dc1472125b2af0a4d59,572a6a79dfaf6247292af8c946e3f621c520377d7eb449bd78e9b309f483fc6a,7e61f4823860ac67fc2cf7b88c0b78031ccbd9e2a1f7bf6285099b2c126d9b06,2026-08-06T11:21:41Z,2026-08-06-p2-finite-linear-memory-skill-decomposition,2.0
Valencia Vivers,GLOBAL_COMMON_THRESHOLD_SENSITIVITY,7,14,hgb_direct,1138,1.0594446067440597,DEFINED_STABLE,86.28719324730478,0.9403822495606328,0.005,4a49b08b041c578ec5981dc1472125b2af0a4d59,572a6a79dfaf6247292af8c946e3f621c520377d7eb449bd78e9b309f483fc6a,7e61f4823860ac67fc2cf7b88c0b78031ccbd9e2a1f7bf6285099b2c126d9b06,2026-08-06T11:21:41Z,2026-08-06-p2-finite-linear-memory-skill-decomposition,2.0
Valencia Vivers,GLOBAL_COMMON_THRESHOLD_SENSITIVITY,7,21,ridge_direct,1138,0.9920291430172867,DEFINED_STABLE,91.62583986058478,0.9403822495606328,0.005,4a49b08b041c578ec5981dc1472125b2af0a4d59,572a6a79dfaf6247292af8c946e3f621c520377d7eb449bd78e9b309f483fc6a,7e61f4823860ac67fc2cf7b88c0b78031ccbd9e2a1f7bf6285099b2c126d9b06,2026-08-06T11:21:41Z,2026-08-06-p2-finite-linear-memory-skill-decomposition,2.0
Valencia Vivers,GLOBAL_COMMON_THRESHOLD_SENSITIVITY,7,21,hgb_direct,1138,1.0534066525332741,DEFINED_STABLE,86.28719324730478,0.9403822495606328,0.005,4a49b08b041c578ec5981dc1472125b2af0a4d59,572a6a79dfaf6247292af8c946e3f621c520377d7eb449bd78e9b309f483fc6a,7e61f4823860ac67fc2cf7b88c0b78031ccbd9e2a1f7bf6285099b2c126d9b06,2026-08-06T11:21:41Z,2026-08-06-p2-finite-linear-memory-skill-decomposition,2.0
Valencia Vivers,GLOBAL_COMMON_THRESHOLD_SENSITIVITY,1,7,ridge_direct,1180,1.0131626216922713,DEFINED_STABLE,16.64582560383893,0.9143559322033898,0.01,4a49b08b041c578ec5981dc1472125b2af0a4d59,572a6a79dfaf6247292af8c946e3f621c520377d7eb449bd78e9b309f483fc6a,7e61f4823860ac67fc2cf7b88c0b78031ccbd9e2a1f7bf6285099b2c126d9b06,2026-08-06T11:21:41Z,2026-08-06-p2-finite-linear-memory-skill-decomposition,2.0
Valencia Vivers,GLOBAL_COMMON_THRESHOLD_SENSITIVITY,1,7,hgb_direct,1180,1.251631890797691,DEFINED_STABLE,13.474351710764907,0.9143559322033898,0.01,4a49b08b041c578ec5981dc1472125b2af0a4d59,572a6a79dfaf6247292af8c946e3f621c520377d7eb449bd78e9b309f483fc6a,7e61f4823860ac67fc2cf7b88c0b78031ccbd9e2a1f7bf6285099b2c126d9b06,2026-08-06T11:21:41Z,2026-08-06-p2-finite-linear-memory-skill-decomposition,2.0
Valencia Vivers,GLOBAL_COMMON_THRESHOLD_SENSITIVITY,1,14,ridge_direct,1180,0.9757277319437526,DEFINED_STABLE,16.64582560383893,0.9143559322033898,0.01,4a49b08b041c578ec5981dc1472125b2af0a4d59,572a6a79dfaf6247292af8c946e3f621c520377d7eb449bd78e9b309f483fc6a,7e61f4823860ac67fc2cf7b88c0b78031ccbd9e2a1f7bf6285099b2c126d9b06,2026-08-06T11:21:41Z,2026-08-06-p2-finite-linear-memory-skill-decomposition,2.0
Valencia Vivers,GLOBAL_COMMON_THRESHOLD_SENSITIVITY,1,14,hgb_direct,1180,1.2053859073449253,DEFINED_STABLE,13.474351710764907,0.9143559322033898,0.01,4a49b08b041c578ec5981dc1472125b2af0a4d59,572a6a79dfaf6247292af8c946e3f621c520377d7eb449bd78e9b309f483fc6a,7e61f4823860ac67fc2cf7b88c0b78031ccbd9e2a1f7bf6285099b2c126d9b06,2026-08-06T11:21:41Z,2026-08-06-p2-finite-linear-memory-skill-decomposition,2.0
Valencia Vivers,GLOBAL_COMMON_THRESHOLD_SENSITIVITY,1,21,ridge_direct,1180,1.0027454580791009,DEFINED_STABLE,16.64582560383893,0.9143559322033898,0.01,4a49b08b041c578ec5981dc1472125b2af0a4d59,572a6a79dfaf6247292af8c946e3f621c520377d7eb449bd78e9b309f483fc6a,7e61f4823860ac67fc2cf7b88c0b78031ccbd9e2a1f7bf6285099b2c126d9b06,2026-08-06T11:21:41Z,2026-08-06-p2-finite-linear-memory-skill-decomposition,2.0
Valencia Vivers,GLOBAL_COMMON_THRESHOLD_SENSITIVITY,1,21,hgb_direct,1180,1.238762827223155,DEFINED_STABLE,13.474351710764907,0.9143559322033898,0.01,4a49b08b041c578ec5981dc1472125b2af0a4d59,572a6a79dfaf6247292af8c946e3f621c520377d7eb449bd78e9b309f483fc6a,7e61f4823860ac67fc2cf7b88c0b78031ccbd9e2a1f7bf6285099b2c126d9b06,2026-08-06T11:21:41Z,2026-08-06-p2-finite-linear-memory-skill-decomposition,2.0
Valencia Vivers,GLOBAL_COMMON_THRESHOLD_SENSITIVITY,2,7,ridge_direct,1171,1.0126963554719077,DEFINED_STABLE,48.17870970904188,1.4527754056362085,0.01,4a49b08b041c578ec5981dc1472125b2af0a4d59,572a6a79dfaf6247292af8c946e3f621c520377d7eb449bd78e9b309f483fc6a,7e61f4823860ac67fc2cf7b88c0b78031ccbd9e2a1f7bf6285099b2c126d9b06,2026-08-06T11:21:41Z,2026-08-06-p2-finite-linear-memory-skill-decomposition,2.0
Valencia Vivers,GLOBAL_COMMON_THRESHOLD_SENSITIVITY,2,7,hgb_direct,1171,0.9552905523676056,DEFINED_STABLE,51.073889103962046,1.4527754056362085,0.01,4a49b08b041c578ec5981dc1472125b2af0a4d59,572a6a79dfaf6247292af8c946e3f621c520377d7eb449bd78e9b309f483fc6a,7e61f4823860ac67fc2cf7b88c0b78031ccbd9e2a1f7bf6285099b2c126d9b06,2026-08-06T11:21:41Z,2026-08-06-p2-finite-linear-memory-skill-decomposition,2.0
Valencia Vivers,GLOBAL_COMMON_THRESHOLD_SENSITIVITY,2,14,ridge_direct,1171,1.0091043772403048,DEFINED_STABLE,48.17870970904188,1.4527754056362085,0.01,4a49b08b041c578ec5981dc1472125b2af0a4d59,572a6a79dfaf6247292af8c946e3f621c520377d7eb449bd78e9b309f483fc6a,7e61f4823860ac67fc2cf7b88c0b78031ccbd9e2a1f7bf6285099b2c126d9b06,2026-08-06T11:21:41Z,2026-08-06-p2-finite-linear-memory-skill-decomposition,2.0
Valencia Vivers,GLOBAL_COMMON_THRESHOLD_SENSITIVITY,2,14,hgb_direct,1171,0.9519021893598593,DEFINED_STABLE,51.073889103962046,1.4527754056362085,0.01,4a49b08b041c578ec5981dc1472125b2af0a4d59,572a6a79dfaf6247292af8c946e3f621c520377d7eb449bd78e9b309f483fc6a,7e61f4823860ac67fc2cf7b88c0b78031ccbd9e2a1f7bf6285099b2c126d9b06,2026-08-06T11:21:41Z,2026-08-06-p2-finite-linear-memory-skill-decomposition,2.0
Valencia Vivers,GLOBAL_COMMON_THRESHOLD_SENSITIVITY,2,21,ridge_direct,1171,1.0082706055013042,DEFINED_STABLE,48.17870970904188,1.4527754056362085,0.01,4a49b08b041c578ec5981dc1472125b2af0a4d59,572a6a79dfaf6247292af8c946e3f621c520377d7eb449bd78e9b309f483fc6a,7e61f4823860ac67fc2cf7b88c0b78031ccbd9e2a1f7bf6285099b2c126d9b06,2026-08-06T11:21:41Z,2026-08-06-p2-finite-linear-memory-skill-decomposition,2.0
Valencia Vivers,GLOBAL_COMMON_THRESHOLD_SENSITIVITY,2,21,hgb_direct,1171,0.9511156808859278,DEFINED_STABLE,51.073889103962046,1.4527754056362085,0.01,4a49b08b041c578ec5981dc1472125b2af0a4d59,572a6a79dfaf6247292af8c946e3f621c520377d7eb449bd78e9b309f483fc6a,7e61f4823860ac67fc2cf7b88c0b78031ccbd9e2a1f7bf6285099b2c126d9b06,2026-08-06T11:21:41Z,2026-08-06-p2-finite-linear-memory-skill-decomposition,2.0
Valencia Vivers,GLOBAL_COMMON_THRESHOLD_SENSITIVITY,3,7,ridge_direct,1163,1.0078431537410626,DEFINED_STABLE,58.707293682933624,1.5860791057609631,0.01,4a49b08b041c578ec5981dc1472125b2af0a4d59,572a6a79dfaf6247292af8c946e3f621c520377d7eb449bd78e9b309f483fc6a,7e61f4823860ac67fc2cf7b88c0b78031ccbd9e2a1f7bf6285099b2c126d9b06,2026-08-06T11:21:41Z,2026-08-06-p2-finite-linear-memory-skill-decomposition,2.0
Valencia Vivers,GLOBAL_COMMON_THRESHOLD_SENSITIVITY,3,7,hgb_direct,1163,1.0201349534993733,DEFINED_STABLE,57.999918353985635,1.5860791057609631,0.01,4a49b08b041c578ec5981dc1472125b2af0a4d59,572a6a79dfaf6247292af8c946e3f621c520377d7eb449bd78e9b309f483fc6a,7e61f4823860ac67fc2cf7b88c0b78031ccbd9e2a1f7bf6285099b2c126d9b06,2026-08-06T11:21:41Z,2026-08-06-p2-finite-linear-memory-skill-decomposition,2.0
Valencia Vivers,GLOBAL_COMMON_THRESHOLD_SENSITIVITY,3,14,ridge_direct,1163,1.0097667939272383,DEFINED_STABLE,58.707293682933624,1.5860791057609631,0.01,4a49b08b041c578ec5981dc1472125b2af0a4d59,572a6a79dfaf6247292af8c946e3f621c520377d7eb449bd78e9b309f483fc6a,7e61f4823860ac67fc2cf7b88c0b78031ccbd9e2a1f7bf6285099b2c126d9b06,2026-08-06T11:21:41Z,2026-08-06-p2-finite-linear-memory-skill-decomposition,2.0
Valencia Vivers,GLOBAL_COMMON_THRESHOLD_SENSITIVITY,3,14,hgb_direct,1163,1.0220820546773588,DEFINED_STABLE,57.999918353985635,1.5860791057609631,0.01,4a49b08b041c578ec5981dc1472125b2af0a4d59,572a6a79dfaf6247292af8c946e3f621c520377d7eb449bd78e9b309f483fc6a,7e61f4823860ac67fc2cf7b88c0b78031ccbd9e2a1f7bf6285099b2c126d9b06,2026-08-06T11:21:41Z,2026-08-06-p2-finite-linear-memory-skill-decomposition,2.0
Valencia Vivers,GLOBAL_COMMON_THRESHOLD_SENSITIVITY,3,21,ridge_direct,1163,1.0039765057718677,DEFINED_STABLE,58.707293682933624,1.5860791057609631,0.01,4a49b08b041c578ec5981dc1472125b2af0a4d59,572a6a79dfaf6247292af8c946e3f621c520377d7eb449bd78e9b309f483fc6a,7e61f4823860ac67fc2cf7b88c0b78031ccbd9e2a1f7bf6285099b2c126d9b06,2026-08-06T11:21:41Z,2026-08-06-p2-finite-linear-memory-skill-decomposition,2.0
Valencia Vivers,GLOBAL_COMMON_THRESHOLD_SENSITIVITY,3,21,hgb_direct,1163,1.0162211473365679,DEFINED_STABLE,57.999918353985635,1.5860791057609631,0.01,4a49b08b041c578ec5981dc1472125b2af0a4d59,572a6a79dfaf6247292af8c946e3f621c520377d7eb449bd78e9b309f483fc6a,7e61f4823860ac67fc2cf7b88c0b78031ccbd9e2a1f7bf6285099b2c126d9b06,2026-08-06T11:21:41Z,2026-08-06-p2-finite-linear-memory-skill-decomposition,2.0
Valencia Vivers,GLOBAL_COMMON_THRESHOLD_SENSITIVITY,4,7,ridge_direct,1155,0.9997758160557725,DEFINED_STABLE,68.9656497717956,1.6775670995670995,0.01,4a49b08b041c578ec5981dc1472125b2af0a4d59,572a6a79dfaf6247292af8c946e3f621c520377d7eb449bd78e9b309f483fc6a,7e61f4823860ac67fc2cf7b88c0b78031ccbd9e2a1f7bf6285099b2c126d9b06,2026-08-06T11:21:41Z,2026-08-06-p2-finite-linear-memory-skill-decomposition,2.0
Valencia Vivers,GLOBAL_COMMON_THRESHOLD_SENSITIVITY,4,7,hgb_direct,1155,1.0327601000146214,DEFINED_STABLE,66.76302539131534,1.6775670995670995,0.01,4a49b08b041c578ec5981dc1472125b2af0a4d59,572a6a79dfaf6247292af8c946e3f621c520377d7eb449bd78e9b309f483fc6a,7e61f4823860ac67fc2cf7b88c0b78031ccbd9e2a1f7bf6285099b2c126d9b06,2026-08-06T11:21:41Z,2026-08-06-p2-finite-linear-memory-skill-decomposition,2.0
Valencia Vivers,GLOBAL_COMMON_THRESHOLD_SENSITIVITY,4,14,ridge_direct,1155,0.9993766423214162,DEFINED_STABLE,68.9656497717956,1.6775670995670995,0.01,4a49b08b041c578ec5981dc1472125b2af0a4d59,572a6a79dfaf6247292af8c946e3f621c520377d7eb449bd78e9b309f483fc6a,7e61f4823860ac67fc2cf7b88c0b78031ccbd9e2a1f7bf6285099b2c126d9b06,2026-08-06T11:21:41Z,2026-08-06-p2-finite-linear-memory-skill-decomposition,2.0
Valencia Vivers,GLOBAL_COMMON_THRESHOLD_SENSITIVITY,4,14,hgb_direct,1155,1.0323477568680914,DEFINED_STABLE,66.76302539131534,1.6775670995670995,0.01,4a49b08b041c578ec5981dc1472125b2af0a4d59,572a6a79dfaf6247292af8c946e3f621c520377d7eb449bd78e9b309f483fc6a,7e61f4823860ac67fc2cf7b88c0b78031ccbd9e2a1f7bf6285099b2c126d9b06,2026-08-06T11:21:41Z,2026-08-06-p2-finite-linear-memory-skill-decomposition,2.0
Valencia Vivers,GLOBAL_COMMON_THRESHOLD_SENSITIVITY,4,21,ridge_direct,1155,0.9977974705186475,DEFINED_STABLE,68.9656497717956,1.6775670995670995,0.01,4a49b08b041c578ec5981dc1472125b2af0a4d59,572a6a79dfaf6247292af8c946e3f621c520377d7eb449bd78e9b309f483fc6a,7e61f4823860ac67fc2cf7b88c0b78031ccbd9e2a1f7bf6285099b2c126d9b06,2026-08-06T11:21:41Z,2026-08-06-p2-finite-linear-memory-skill-decomposition,2.0
Valencia Vivers,GLOBAL_COMMON_THRESHOLD_SENSITIVITY,4,21,hgb_direct,1155,1.030716485534282,DEFINED_STABLE,66.76302539131534,1.6775670995670995,0.01,4a49b08b041c578ec5981dc1472125b2af0a4d59,572a6a79dfaf6247292af8c946e3f621c520377d7eb449bd78e9b309f483fc6a,7e61f4823860ac67fc2cf7b88c0b78031ccbd9e2a1f7bf6285099b2c126d9b06,2026-08-06T11:21:41Z,2026-08-06-p2-finite-linear-memory-skill-decomposition,2.0
Valencia Vivers,GLOBAL_COMMON_THRESHOLD_SENSITIVITY,5,7,ridge_direct,1147,0.9981854743042815,DEFINED_STABLE,81.64734520857526,1.7879860505666958,0.01,4a49b08b041c578ec5981dc1472125b2af0a4d59,572a6a79dfaf6247292af8c946e3f621c520377d7eb449bd78e9b309f483fc6a,7e61f4823860ac67fc2cf7b88c0b78031ccbd9e2a1f7bf6285099b2c126d9b06,2026-08-06T11:21:41Z,2026-08-06-p2-finite-linear-memory-skill-decomposition,2.0
Valencia Vivers,GLOBAL_COMMON_THRESHOLD_SENSITIVITY,5,7,hgb_direct,1147,1.0315294170675857,DEFINED_STABLE,79.0081142178103,1.7879860505666958,0.01,4a49b08b041c578ec5981dc1472125b2af0a4d59,572a6a79dfaf6247292af8c946e3f621c520377d7eb449bd78e9b309f483fc6a,7e61f4823860ac67fc2cf7b88c0b78031ccbd9e2a1f7bf6285099b2c126d9b06,2026-08-06T11:21:41Z,2026-08-06-p2-finite-linear-memory-skill-decomposition,2.0
Valencia Vivers,GLOBAL_COMMON_THRESHOLD_SENSITIVITY,5,14,ridge_direct,1147,0.9953268659948423,DEFINED_STABLE,81.64734520857526,1.7879860505666958,0.01,4a49b08b041c578ec5981dc1472125b2af0a4d59,572a6a79dfaf6247292af8c946e3f621c520377d7eb449bd78e9b309f483fc6a,7e61f4823860ac67fc2cf7b88c0b78031ccbd9e2a1f7bf6285099b2c126d9b06,2026-08-06T11:21:41Z,2026-08-06-p2-finite-linear-memory-skill-decomposition,2.0
Valencia Vivers,GLOBAL_COMMON_THRESHOLD_SENSITIVITY,5,14,hgb_direct,1147,1.028575318216252,DEFINED_STABLE,79.0081142178103,1.7879860505666958,0.01,4a49b08b041c578ec5981dc1472125b2af0a4d59,572a6a79dfaf6247292af8c946e3f621c520377d7eb449bd78e9b309f483fc6a,7e61f4823860ac67fc2cf7b88c0b78031ccbd9e2a1f7bf6285099b2c126d9b06,2026-08-06T11:21:41Z,2026-08-06-p2-finite-linear-memory-skill-decomposition,2.0
Valencia Vivers,GLOBAL_COMMON_THRESHOLD_SENSITIVITY,5,21,ridge_direct,1147,0.9937304236686195,DEFINED_STABLE,81.64734520857526,1.7879860505666958,0.01,4a49b08b041c578ec5981dc1472125b2af0a4d59,572a6a79dfaf6247292af8c946e3f621c520377d7eb449bd78e9b309f483fc6a,7e61f4823860ac67fc2cf7b88c0b78031ccbd9e2a1f7bf6285099b2c126d9b06,2026-08-06T11:21:41Z,2026-08-06-p2-finite-linear-memory-skill-decomposition,2.0
Valencia Vivers,GLOBAL_COMMON_THRESHOLD_SENSITIVITY,5,21,hgb_direct,1147,1.0269255474426406,DEFINED_STABLE,79.0081142178103,1.7879860505666958,0.01,4a49b08b041c578ec5981dc1472125b2af0a4d59,572a6a79dfaf6247292af8c946e3f621c520377d7eb449bd78e9b309f483fc6a,7e61f4823860ac67fc2cf7b88c0b78031ccbd9e2a1f7bf6285099b2c126d9b06,2026-08-06T11:21:41Z,2026-08-06-p2-finite-linear-memory-skill-decomposition,2.0
Valencia Vivers,GLOBAL_COMMON_THRESHOLD_SENSITIVITY,6,7,ridge_direct,1143,0.998884902153473,DEFINED_STABLE,85.3179442695304,1.823429571303587,0.01,4a49b08b041c578ec5981dc1472125b2af0a4d59,572a6a79dfaf6247292af8c946e3f621c520377d7eb449bd78e9b309f483fc6a,7e61f4823860ac67fc2cf7b88c0b78031ccbd9e2a1f7bf6285099b2c126d9b06,2026-08-06T11:21:41Z,2026-08-06-p2-finite-linear-memory-skill-decomposition,2.0
Valencia Vivers,GLOBAL_COMMON_THRESHOLD_SENSITIVITY,6,7,hgb_direct,1143,1.0513553538784233,DEFINED_STABLE,81.05994428926486,1.823429571303587,0.01,4a49b08b041c578ec5981dc1472125b2af0a4d59,572a6a79dfaf6247292af8c946e3f621c520377d7eb449bd78e9b309f483fc6a,7e61f4823860ac67fc2cf7b88c0b78031ccbd9e2a1f7bf6285099b2c126d9b06,2026-08-06T11:21:41Z,2026-08-06-p2-finite-linear-memory-skill-decomposition,2.0
Valencia Vivers,GLOBAL_COMMON_THRESHOLD_SENSITIVITY,6,14,ridge_direct,1143,0.9997775008113026,DEFINED_STABLE,85.3179442695304,1.823429571303587,0.01,4a49b08b041c578ec5981dc1472125b2af0a4d59,572a6a79dfaf6247292af8c946e3f621c520377d7eb449bd78e9b309f483fc6a,7e61f4823860ac67fc2cf7b88c0b78031ccbd9e2a1f7bf6285099b2c126d9b06,2026-08-06T11:21:41Z,2026-08-06-p2-finite-linear-memory-skill-decomposition,2.0
Valencia Vivers,GLOBAL_COMMON_THRESHOLD_SENSITIVITY,6,14,hgb_direct,1143,1.0522948398750087,DEFINED_STABLE,81.05994428926486,1.823429571303587,0.01,4a49b08b041c578ec5981dc1472125b2af0a4d59,572a6a79dfaf6247292af8c946e3f621c520377d7eb449bd78e9b309f483fc6a,7e61f4823860ac67fc2cf7b88c0b78031ccbd9e2a1f7bf6285099b2c126d9b06,2026-08-06T11:21:41Z,2026-08-06-p2-finite-linear-memory-skill-decomposition,2.0
Valencia Vivers,GLOBAL_COMMON_THRESHOLD_SENSITIVITY,6,21,ridge_direct,1143,0.9958161869082517,DEFINED_STABLE,85.3179442695304,1.823429571303587,0.01,4a49b08b041c578ec5981dc1472125b2af0a4d59,572a6a79dfaf6247292af8c946e3f621c520377d7eb449bd78e9b309f483fc6a,7e61f4823860ac67fc2cf7b88c0b78031ccbd9e2a1f7bf6285099b2c126d9b06,2026-08-06T11:21:41Z,2026-08-06-p2-finite-linear-memory-skill-decomposition,2.0
Valencia Vivers,GLOBAL_COMMON_THRESHOLD_SENSITIVITY,6,21,hgb_direct,1143,1.0481254420080603,DEFINED_STABLE,81.05994428926486,1.823429571303587,0.01,4a49b08b041c578ec5981dc1472125b2af0a4d59,572a6a79dfaf6247292af8c946e3f621c520377d7eb449bd78e9b309f483fc6a,7e61f4823860ac67fc2cf7b88c0b78031ccbd9e2a1f7bf6285099b2c126d9b06,2026-08-06T11:21:41Z,2026-08-06-p2-finite-linear-memory-skill-decomposition,2.0
Valencia Vivers,GLOBAL_COMMON_THRESHOLD_SENSITIVITY,7,7,ridge_direct,1138,0.9979149888808736,DEFINED_STABLE,91.62583986058478,1.8807644991212655,0.01,4a49b08b041c578ec5981dc1472125b2af0a4d59,572a6a79dfaf6247292af8c946e3f621c520377d7eb449bd78e9b309f483fc6a,7e61f4823860ac67fc2cf7b88c0b78031ccbd9e2a1f7bf6285099b2c126d9b06,2026-08-06T11:21:41Z,2026-08-06-p2-finite-linear-memory-skill-decomposition,2.0
Valencia Vivers,GLOBAL_COMMON_THRESHOLD_SENSITIVITY,7,7,hgb_direct,1138,1.059656659634507,DEFINED_STABLE,86.28719324730478,1.8807644991212655,0.01,4a49b08b041c578ec5981dc1472125b2af0a4d59,572a6a79dfaf6247292af8c946e3f621c520377d7eb449bd78e9b309f483fc6a,7e61f4823860ac67fc2cf7b88c0b78031ccbd9e2a1f7bf6285099b2c126d9b06,2026-08-06T11:21:41Z,2026-08-06-p2-finite-linear-memory-skill-decomposition,2.0
Valencia Vivers,GLOBAL_COMMON_THRESHOLD_SENSITIVITY,7,14,ridge_direct,1138,0.9977152914072733,DEFINED_STABLE,91.62583986058478,1.8807644991212655,0.01,4a49b08b041c578ec5981dc1472125b2af0a4d59,572a6a79dfaf6247292af8c946e3f621c520377d7eb449bd78e9b309f483fc6a,7e61f4823860ac67fc2cf7b88c0b78031ccbd9e2a1f7bf6285099b2c126d9b06,2026-08-06T11:21:41Z,2026-08-06-p2-finite-linear-memory-skill-decomposition,2.0
Valencia Vivers,GLOBAL_COMMON_THRESHOLD_SENSITIVITY,7,14,hgb_direct,1138,1.0594446067440597,DEFINED_STABLE,86.28719324730478,1.8807644991212655,0.01,4a49b08b041c578ec5981dc1472125b2af0a4d59,572a6a79dfaf6247292af8c946e3f621c520377d7eb449bd78e9b309f483fc6a,7e61f4823860ac67fc2cf7b88c0b78031ccbd9e2a1f7bf6285099b2c126d9b06,2026-08-06T11:21:41Z,2026-08-06-p2-finite-linear-memory-skill-decomposition,2.0
Valencia Vivers,GLOBAL_COMMON_THRESHOLD_SENSITIVITY,7,21,ridge_direct,1138,0.9920291430172867,DEFINED_STABLE,91.62583986058478,1.8807644991212655,0.01,4a49b08b041c578ec5981dc1472125b2af0a4d59,572a6a79dfaf6247292af8c946e3f621c520377d7eb449bd78e9b309f483fc6a,7e61f4823860ac67fc2cf7b88c0b78031ccbd9e2a1f7bf6285099b2c126d9b06,2026-08-06T11:21:41Z,2026-08-06-p2-finite-linear-memory-skill-decomposition,2.0
Valencia Vivers,GLOBAL_COMMON_THRESHOLD_SENSITIVITY,7,21,hgb_direct,1138,1.0534066525332741,DEFINED_STABLE,86.28719324730478,1.8807644991212655,0.01,4a49b08b041c578ec5981dc1472125b2af0a4d59,572a6a79dfaf6247292af8c946e3f621c520377d7eb449bd78e9b309f483fc6a,7e61f4823860ac67fc2cf7b88c0b78031ccbd9e2a1f7bf6285099b2c126d9b06,2026-08-06T11:21:41Z,2026-08-06-p2-finite-linear-memory-skill-decomposition,2.0
Valencia Vivers,GLOBAL_COMMON_THRESHOLD_SENSITIVITY,1,7,ridge_direct,1180,1.0131626216922713,DEFINED_STABLE,16.64582560383893,1.8287118644067797,0.02,4a49b08b041c578ec5981dc1472125b2af0a4d59,572a6a79dfaf6247292af8c946e3f621c520377d7eb449bd78e9b309f483fc6a,7e61f4823860ac67fc2cf7b88c0b78031ccbd9e2a1f7bf6285099b2c126d9b06,2026-08-06T11:21:41Z,2026-08-06-p2-finite-linear-memory-skill-decomposition,2.0
Valencia Vivers,GLOBAL_COMMON_THRESHOLD_SENSITIVITY,1,7,hgb_direct,1180,1.251631890797691,DEFINED_STABLE,13.474351710764907,1.8287118644067797,0.02,4a49b08b041c578ec5981dc1472125b2af0a4d59,572a6a79dfaf6247292af8c946e3f621c520377d7eb449bd78e9b309f483fc6a,7e61f4823860ac67fc2cf7b88c0b78031ccbd9e2a1f7bf6285099b2c126d9b06,2026-08-06T11:21:41Z,2026-08-06-p2-finite-linear-memory-skill-decomposition,2.0
Valencia Vivers,GLOBAL_COMMON_THRESHOLD_SENSITIVITY,1,14,ridge_direct,1180,0.9757277319437526,DEFINED_STABLE,16.64582560383893,1.8287118644067797,0.02,4a49b08b041c578ec5981dc1472125b2af0a4d59,572a6a79dfaf6247292af8c946e3f621c520377d7eb449bd78e9b309f483fc6a,7e61f4823860ac67fc2cf7b88c0b78031ccbd9e2a1f7bf6285099b2c126d9b06,2026-08-06T11:21:41Z,2026-08-06-p2-finite-linear-memory-skill-decomposition,2.0
Valencia Vivers,GLOBAL_COMMON_THRESHOLD_SENSITIVITY,1,14,hgb_direct,1180,1.2053859073449253,DEFINED_STABLE,13.474351710764907,1.8287118644067797,0.02,4a49b08b041c578ec5981dc1472125b2af0a4d59,572a6a79dfaf6247292af8c946e3f621c520377d7eb449bd78e9b309f483fc6a,7e61f4823860ac67fc2cf7b88c0b78031ccbd9e2a1f7bf6285099b2c126d9b06,2026-08-06T11:21:41Z,2026-08-06-p2-finite-linear-memory-skill-decomposition,2.0
Valencia Vivers,GLOBAL_COMMON_THRESHOLD_SENSITIVITY,1,21,ridge_direct,1180,1.0027454580791009,DEFINED_STABLE,16.64582560383893,1.8287118644067797,0.02,4a49b08b041c578ec5981dc1472125b2af0a4d59,572a6a79dfaf6247292af8c946e3f621c520377d7eb449bd78e9b309f483fc6a,7e61f4823860ac67fc2cf7b88c0b78031ccbd9e2a1f7bf6285099b2c126d9b06,2026-08-06T11:21:41Z,2026-08-06-p2-finite-linear-memory-skill-decomposition,2.0
Valencia Vivers,GLOBAL_COMMON_THRESHOLD_SENSITIVITY,1,21,hgb_direct,1180,1.238762827223155,DEFINED_STABLE,13.474351710764907,1.8287118644067797,0.02,4a49b08b041c578ec5981dc1472125b2af0a4d59,572a6a79dfaf6247292af8c946e3f621c520377d7eb449bd78e9b309f483fc6a,7e61f4823860ac67fc2cf7b88c0b78031ccbd9e2a1f7bf6285099b2c126d9b06,2026-08-06T11:21:41Z,2026-08-06-p2-finite-linear-memory-skill-decomposition,2.0
Valencia Vivers,GLOBAL_COMMON_THRESHOLD_SENSITIVITY,2,7,ridge_direct,1171,1.0126963554719077,DEFINED_STABLE,48.17870970904188,2.905550811272417,0.02,4a49b08b041c578ec5981dc1472125b2af0a4d59,572a6a79dfaf6247292af8c946e3f621c520377d7eb449bd78e9b309f483fc6a,7e61f4823860ac67fc2cf7b88c0b78031ccbd9e2a1f7bf6285099b2c126d9b06,2026-08-06T11:21:41Z,2026-08-06-p2-finite-linear-memory-skill-decomposition,2.0
Valencia Vivers,GLOBAL_COMMON_THRESHOLD_SENSITIVITY,2,7,hgb_direct,1171,0.9552905523676056,DEFINED_STABLE,51.073889103962046,2.905550811272417,0.02,4a49b08b041c578ec5981dc1472125b2af0a4d59,572a6a79dfaf6247292af8c946e3f621c520377d7eb449bd78e9b309f483fc6a,7e61f4823860ac67fc2cf7b88c0b78031ccbd9e2a1f7bf6285099b2c126d9b06,2026-08-06T11:21:41Z,2026-08-06-p2-finite-linear-memory-skill-decomposition,2.0
Valencia Vivers,GLOBAL_COMMON_THRESHOLD_SENSITIVITY,2,14,ridge_direct,1171,1.0091043772403048,DEFINED_STABLE,48.17870970904188,2.905550811272417,0.02,4a49b08b041c578ec5981dc1472125b2af0a4d59,572a6a79dfaf6247292af8c946e3f621c520377d7eb449bd78e9b309f483fc6a,7e61f4823860ac67fc2cf7b88c0b78031ccbd9e2a1f7bf6285099b2c126d9b06,2026-08-06T11:21:41Z,2026-08-06-p2-finite-linear-memory-skill-decomposition,2.0
Valencia Vivers,GLOBAL_COMMON_THRESHOLD_SENSITIVITY,2,14,hgb_direct,1171,0.9519021893598593,DEFINED_STABLE,51.073889103962046,2.905550811272417,0.02,4a49b08b041c578ec5981dc1472125b2af0a4d59,572a6a79dfaf6247292af8c946e3f621c520377d7eb449bd78e9b309f483fc6a,7e61f4823860ac67fc2cf7b88c0b78031ccbd9e2a1f7bf6285099b2c126d9b06,2026-08-06T11:21:41Z,2026-08-06-p2-finite-linear-memory-skill-decomposition,2.0
Valencia Vivers,GLOBAL_COMMON_THRESHOLD_SENSITIVITY,2,21,ridge_direct,1171,1.0082706055013042,DEFINED_STABLE,48.17870970904188,2.905550811272417,0.02,4a49b08b041c578ec5981dc1472125b2af0a4d59,572a6a79dfaf6247292af8c946e3f621c520377d7eb449bd78e9b309f483fc6a,7e61f4823860ac67fc2cf7b88c0b78031ccbd9e2a1f7bf6285099b2c126d9b06,2026-08-06T11:21:41Z,2026-08-06-p2-finite-linear-memory-skill-decomposition,2.0
Valencia Vivers,GLOBAL_COMMON_THRESHOLD_SENSITIVITY,2,21,hgb_direct,1171,0.9511156808859278,DEFINED_STABLE,51.073889103962046,2.905550811272417,0.02,4a49b08b041c578ec5981dc1472125b2af0a4d59,572a6a79dfaf6247292af8c946e3f621c520377d7eb449bd78e9b309f483fc6a,7e61f4823860ac67fc2cf7b88c0b78031ccbd9e2a1f7bf6285099b2c126d9b06,2026-08-06T11:21:41Z,2026-08-06-p2-finite-linear-memory-skill-decomposition,2.0
Valencia Vivers,GLOBAL_COMMON_THRESHOLD_SENSITIVITY,3,7,ridge_direct,1163,1.0078431537410626,DEFINED_STABLE,58.707293682933624,3.1721582115219262,0.02,4a49b08b041c578ec5981dc1472125b2af0a4d59,572a6a79dfaf6247292af8c946e3f621c520377d7eb449bd78e9b309f483fc6a,7e61f4823860ac67fc2cf7b88c0b78031ccbd9e2a1f7bf6285099b2c126d9b06,2026-08-06T11:21:41Z,2026-08-06-p2-finite-linear-memory-skill-decomposition,2.0
Valencia Vivers,GLOBAL_COMMON_THRESHOLD_SENSITIVITY,3,7,hgb_direct,1163,1.0201349534993733,DEFINED_STABLE,57.999918353985635,3.1721582115219262,0.02,4a49b08b041c578ec5981dc1472125b2af0a4d59,572a6a79dfaf6247292af8c946e3f621c520377d7eb449bd78e9b309f483fc6a,7e61f4823860ac67fc2cf7b88c0b78031ccbd9e2a1f7bf6285099b2c126d9b06,2026-08-06T11:21:41Z,2026-08-06-p2-finite-linear-memory-skill-decomposition,2.0
Valencia Vivers,GLOBAL_COMMON_THRESHOLD_SENSITIVITY,3,14,ridge_direct,1163,1.0097667939272383,DEFINED_STABLE,58.707293682933624,3.1721582115219262,0.02,4a49b08b041c578ec5981dc1472125b2af0a4d59,572a6a79dfaf6247292af8c946e3f621c520377d7eb449bd78e9b309f483fc6a,7e61f4823860ac67fc2cf7b88c0b78031ccbd9e2a1f7bf6285099b2c126d9b06,2026-08-06T11:21:41Z,2026-08-06-p2-finite-linear-memory-skill-decomposition,2.0
Valencia Vivers,GLOBAL_COMMON_THRESHOLD_SENSITIVITY,3,14,hgb_direct,1163,1.0220820546773588,DEFINED_STABLE,57.999918353985635,3.1721582115219262,0.02,4a49b08b041c578ec5981dc1472125b2af0a4d59,572a6a79dfaf6247292af8c946e3f621c520377d7eb449bd78e9b309f483fc6a,7e61f4823860ac67fc2cf7b88c0b78031ccbd9e2a1f7bf6285099b2c126d9b06,2026-08-06T11:21:41Z,2026-08-06-p2-finite-linear-memory-skill-decomposition,2.0
Valencia Vivers,GLOBAL_COMMON_THRESHOLD_SENSITIVITY,3,21,ridge_direct,1163,1.0039765057718677,DEFINED_STABLE,58.707293682933624,3.1721582115219262,0.02,4a49b08b041c578ec5981dc1472125b2af0a4d59,572a6a79dfaf6247292af8c946e3f621c520377d7eb449bd78e9b309f483fc6a,7e61f4823860ac67fc2cf7b88c0b78031ccbd9e2a1f7bf6285099b2c126d9b06,2026-08-06T11:21:41Z,2026-08-06-p2-finite-linear-memory-skill-decomposition,2.0
Valencia Vivers,GLOBAL_COMMON_THRESHOLD_SENSITIVITY,3,21,hgb_direct,1163,1.0162211473365679,DEFINED_STABLE,57.999918353985635,3.1721582115219262,0.02,4a49b08b041c578ec5981dc1472125b2af0a4d59,572a6a79dfaf6247292af8c946e3f621c520377d7eb449bd78e9b309f483fc6a,7e61f4823860ac67fc2cf7b88c0b78031ccbd9e2a1f7bf6285099b2c126d9b06,2026-08-06T11:21:41Z,2026-08-06-p2-finite-linear-memory-skill-decomposition,2.0
Valencia Vivers,GLOBAL_COMMON_THRESHOLD_SENSITIVITY,4,7,ridge_direct,1155,0.9997758160557725,DEFINED_STABLE,68.9656497717956,3.355134199134199,0.02,4a49b08b041c578ec5981dc1472125b2af0a4d59,572a6a79dfaf6247292af8c946e3f621c520377d7eb449bd78e9b309f483fc6a,7e61f4823860ac67fc2cf7b88c0b78031ccbd9e2a1f7bf6285099b2c126d9b06,2026-08-06T11:21:41Z,2026-08-06-p2-finite-linear-memory-skill-decomposition,2.0
Valencia Vivers,GLOBAL_COMMON_THRESHOLD_SENSITIVITY,4,7,hgb_direct,1155,1.0327601000146214,DEFINED_STABLE,66.76302539131534,3.355134199134199,0.02,4a49b08b041c578ec5981dc1472125b2af0a4d59,572a6a79dfaf6247292af8c946e3f621c520377d7eb449bd78e9b309f483fc6a,7e61f4823860ac67fc2cf7b88c0b78031ccbd9e2a1f7bf6285099b2c126d9b06,2026-08-06T11:21:41Z,2026-08-06-p2-finite-linear-memory-skill-decomposition,2.0
Valencia Vivers,GLOBAL_COMMON_THRESHOLD_SENSITIVITY,4,14,ridge_direct,1155,0.9993766423214162,DEFINED_STABLE,68.9656497717956,3.355134199134199,0.02,4a49b08b041c578ec5981dc1472125b2af0a4d59,572a6a79dfaf6247292af8c946e3f621c520377d7eb449bd78e9b309f483fc6a,7e61f4823860ac67fc2cf7b88c0b78031ccbd9e2a1f7bf6285099b2c126d9b06,2026-08-06T11:21:41Z,2026-08-06-p2-finite-linear-memory-skill-decomposition,2.0
Valencia Vivers,GLOBAL_COMMON_THRESHOLD_SENSITIVITY,4,14,hgb_direct,1155,1.0323477568680914,DEFINED_STABLE,66.76302539131534,3.355134199134199,0.02,4a49b08b041c578ec5981dc1472125b2af0a4d59,572a6a79dfaf6247292af8c946e3f621c520377d7eb449bd78e9b309f483fc6a,7e61f4823860ac67fc2cf7b88c0b78031ccbd9e2a1f7bf6285099b2c126d9b06,2026-08-06T11:21:41Z,2026-08-06-p2-finite-linear-memory-skill-decomposition,2.0
Valencia Vivers,GLOBAL_COMMON_THRESHOLD_SENSITIVITY,4,21,ridge_direct,1155,0.9977974705186475,DEFINED_STABLE,68.9656497717956,3.355134199134199,0.02,4a49b08b041c578ec5981dc1472125b2af0a4d59,572a6a79dfaf6247292af8c946e3f621c520377d7eb449bd78e9b309f483fc6a,7e61f4823860ac67fc2cf7b88c0b78031ccbd9e2a1f7bf6285099b2c126d9b06,2026-08-06T11:21:41Z,2026-08-06-p2-finite-linear-memory-skill-decomposition,2.0
Valencia Vivers,GLOBAL_COMMON_THRESHOLD_SENSITIVITY,4,21,hgb_direct,1155,1.030716485534282,DEFINED_STABLE,66.76302539131534,3.355134199134199,0.02,4a49b08b041c578ec5981dc1472125b2af0a4d59,572a6a79dfaf6247292af8c946e3f621c520377d7eb449bd78e9b309f483fc6a,7e61f4823860ac67fc2cf7b88c0b78031ccbd9e2a1f7bf6285099b2c126d9b06,2026-08-06T11:21:41Z,2026-08-06-p2-finite-linear-memory-skill-decomposition,2.0
Valencia Vivers,GLOBAL_COMMON_THRESHOLD_SENSITIVITY,5,7,ridge_direct,1147,0.9981854743042815,DEFINED_STABLE,81.64734520857526,3.5759721011333916,0.02,4a49b08b041c578ec5981dc1472125b2af0a4d59,572a6a79dfaf6247292af8c946e3f621c520377d7eb449bd78e9b309f483fc6a,7e61f4823860ac67fc2cf7b88c0b78031ccbd9e2a1f7bf6285099b2c126d9b06,2026-08-06T11:21:41Z,2026-08-06-p2-finite-linear-memory-skill-decomposition,2.0
Valencia Vivers,GLOBAL_COMMON_THRESHOLD_SENSITIVITY,5,7,hgb_direct,1147,1.0315294170675857,DEFINED_STABLE,79.0081142178103,3.5759721011333916,0.02,4a49b08b041c578ec5981dc1472125b2af0a4d59,572a6a79dfaf6247292af8c946e3f621c520377d7eb449bd78e9b309f483fc6a,7e61f4823860ac67fc2cf7b88c0b78031ccbd9e2a1f7bf6285099b2c126d9b06,2026-08-06T11:21:41Z,2026-08-06-p2-finite-linear-memory-skill-decomposition,2.0
Valencia Vivers,GLOBAL_COMMON_THRESHOLD_SENSITIVITY,5,14,ridge_direct,1147,0.9953268659948423,DEFINED_STABLE,81.64734520857526,3.5759721011333916,0.02,4a49b08b041c578ec5981dc1472125b2af0a4d59,572a6a79dfaf6247292af8c946e3f621c520377d7eb449bd78e9b309f483fc6a,7e61f4823860ac67fc2cf7b88c0b78031ccbd9e2a1f7bf6285099b2c126d9b06,2026-08-06T11:21:41Z,2026-08-06-p2-finite-linear-memory-skill-decomposition,2.0
Valencia Vivers,GLOBAL_COMMON_THRESHOLD_SENSITIVITY,5,14,hgb_direct,1147,1.028575318216252,DEFINED_STABLE,79.0081142178103,3.5759721011333916,0.02,4a49b08b041c578ec5981dc1472125b2af0a4d59,572a6a79dfaf6247292af8c946e3f621c520377d7eb449bd78e9b309f483fc6a,7e61f4823860ac67fc2cf7b88c0b78031ccbd9e2a1f7bf6285099b2c126d9b06,2026-08-06T11:21:41Z,2026-08-06-p2-finite-linear-memory-skill-decomposition,2.0
Valencia Vivers,GLOBAL_COMMON_THRESHOLD_SENSITIVITY,5,21,ridge_direct,1147,0.9937304236686195,DEFINED_STABLE,81.64734520857526,3.5759721011333916,0.02,4a49b08b041c578ec5981dc1472125b2af0a4d59,572a6a79dfaf6247292af8c946e3f621c520377d7eb449bd78e9b309f483fc6a,7e61f4823860ac67fc2cf7b88c0b78031ccbd9e2a1f7bf6285099b2c126d9b06,2026-08-06T11:21:41Z,2026-08-06-p2-finite-linear-memory-skill-decomposition,2.0
Valencia Vivers,GLOBAL_COMMON_THRESHOLD_SENSITIVITY,5,21,hgb_direct,1147,1.0269255474426406,DEFINED_STABLE,79.0081142178103,3.5759721011333916,0.02,4a49b08b041c578ec5981dc1472125b2af0a4d59,572a6a79dfaf6247292af8c946e3f621c520377d7eb449bd78e9b309f483fc6a,7e61f4823860ac67fc2cf7b88c0b78031ccbd9e2a1f7bf6285099b2c126d9b06,2026-08-06T11:21:41Z,2026-08-06-p2-finite-linear-memory-skill-decomposition,2.0
Valencia Vivers,GLOBAL_COMMON_THRESHOLD_SENSITIVITY,6,7,ridge_direct,1143,0.998884902153473,DEFINED_STABLE,85.3179442695304,3.646859142607174,0.02,4a49b08b041c578ec5981dc1472125b2af0a4d59,572a6a79dfaf6247292af8c946e3f621c520377d7eb449bd78e9b309f483fc6a,7e61f4823860ac67fc2cf7b88c0b78031ccbd9e2a1f7bf6285099b2c126d9b06,2026-08-06T11:21:41Z,2026-08-06-p2-finite-linear-memory-skill-decomposition,2.0
Valencia Vivers,GLOBAL_COMMON_THRESHOLD_SENSITIVITY,6,7,hgb_direct,1143,1.0513553538784233,DEFINED_STABLE,81.05994428926486,3.646859142607174,0.02,4a49b08b041c578ec5981dc1472125b2af0a4d59,572a6a79dfaf6247292af8c946e3f621c520377d7eb449bd78e9b309f483fc6a,7e61f4823860ac67fc2cf7b88c0b78031ccbd9e2a1f7bf6285099b2c126d9b06,2026-08-06T11:21:41Z,2026-08-06-p2-finite-linear-memory-skill-decomposition,2.0
Valencia Vivers,GLOBAL_COMMON_THRESHOLD_SENSITIVITY,6,14,ridge_direct,1143,0.9997775008113026,DEFINED_STABLE,85.3179442695304,3.646859142607174,0.02,4a49b08b041c578ec5981dc1472125b2af0a4d59,572a6a79dfaf6247292af8c946e3f621c520377d7eb449bd78e9b309f483fc6a,7e61f4823860ac67fc2cf7b88c0b78031ccbd9e2a1f7bf6285099b2c126d9b06,2026-08-06T11:21:41Z,2026-08-06-p2-finite-linear-memory-skill-decomposition,2.0
Valencia Vivers,GLOBAL_COMMON_THRESHOLD_SENSITIVITY,6,14,hgb_direct,1143,1.0522948398750087,DEFINED_STABLE,81.05994428926486,3.646859142607174,0.02,4a49b08b041c578ec5981dc1472125b2af0a4d59,572a6a79dfaf6247292af8c946e3f621c520377d7eb449bd78e9b309f483fc6a,7e61f4823860ac67fc2cf7b88c0b78031ccbd9e2a1f7bf6285099b2c126d9b06,2026-08-06T11:21:41Z,2026-08-06-p2-finite-linear-memory-skill-decomposition,2.0
Valencia Vivers,GLOBAL_COMMON_THRESHOLD_SENSITIVITY,6,21,ridge_direct,1143,0.9958161869082517,DEFINED_STABLE,85.3179442695304,3.646859142607174,0.02,4a49b08b041c578ec5981dc1472125b2af0a4d59,572a6a79dfaf6247292af8c946e3f621c520377d7eb449bd78e9b309f483fc6a,7e61f4823860ac67fc2cf7b88c0b78031ccbd9e2a1f7bf6285099b2c126d9b06,2026-08-06T11:21:41Z,2026-08-06-p2-finite-linear-memory-skill-decomposition,2.0
Valencia Vivers,GLOBAL_COMMON_THRESHOLD_SENSITIVITY,6,21,hgb_direct,1143,1.0481254420080603,DEFINED_STABLE,81.05994428926486,3.646859142607174,0.02,4a49b08b041c578ec5981dc1472125b2af0a4d59,572a6a79dfaf6247292af8c946e3f621c520377d7eb449bd78e9b309f483fc6a,7e61f4823860ac67fc2cf7b88c0b78031ccbd9e2a1f7bf6285099b2c126d9b06,2026-08-06T11:21:41Z,2026-08-06-p2-finite-linear-memory-skill-decomposition,2.0
Valencia Vivers,GLOBAL_COMMON_THRESHOLD_SENSITIVITY,7,7,ridge_direct,1138,0.9979149888808736,DEFINED_STABLE,91.62583986058478,3.761528998242531,0.02,4a49b08b041c578ec5981dc1472125b2af0a4d59,572a6a79dfaf6247292af8c946e3f621c520377d7eb449bd78e9b309f483fc6a,7e61f4823860ac67fc2cf7b88c0b78031ccbd9e2a1f7bf6285099b2c126d9b06,2026-08-06T11:21:41Z,2026-08-06-p2-finite-linear-memory-skill-decomposition,2.0
Valencia Vivers,GLOBAL_COMMON_THRESHOLD_SENSITIVITY,7,7,hgb_direct,1138,1.059656659634507,DEFINED_STABLE,86.28719324730478,3.761528998242531,0.02,4a49b08b041c578ec5981dc1472125b2af0a4d59,572a6a79dfaf6247292af8c946e3f621c520377d7eb449bd78e9b309f483fc6a,7e61f4823860ac67fc2cf7b88c0b78031ccbd9e2a1f7bf6285099b2c126d9b06,2026-08-06T11:21:41Z,2026-08-06-p2-finite-linear-memory-skill-decomposition,2.0
Valencia Vivers,GLOBAL_COMMON_THRESHOLD_SENSITIVITY,7,14,ridge_direct,1138,0.9977152914072733,DEFINED_STABLE,91.62583986058478,3.761528998242531,0.02,4a49b08b041c578ec5981dc1472125b2af0a4d59,572a6a79dfaf6247292af8c946e3f621c520377d7eb449bd78e9b309f483fc6a,7e61f4823860ac67fc2cf7b88c0b78031ccbd9e2a1f7bf6285099b2c126d9b06,2026-08-06T11:21:41Z,2026-08-06-p2-finite-linear-memory-skill-decomposition,2.0
Valencia Vivers,GLOBAL_COMMON_THRESHOLD_SENSITIVITY,7,14,hgb_direct,1138,1.0594446067440597,DEFINED_STABLE,86.28719324730478,3.761528998242531,0.02,4a49b08b041c578ec5981dc1472125b2af0a4d59,572a6a79dfaf6247292af8c946e3f621c520377d7eb449bd78e9b309f483fc6a,7e61f4823860ac67fc2cf7b88c0b78031ccbd9e2a1f7bf6285099b2c126d9b06,2026-08-06T11:21:41Z,2026-08-06-p2-finite-linear-memory-skill-decomposition,2.0
Valencia Vivers,GLOBAL_COMMON_THRESHOLD_SENSITIVITY,7,21,ridge_direct,1138,0.9920291430172867,DEFINED_STABLE,91.62583986058478,3.761528998242531,0.02,4a49b08b041c578ec5981dc1472125b2af0a4d59,572a6a79dfaf6247292af8c946e3f621c520377d7eb449bd78e9b309f483fc6a,7e61f4823860ac67fc2cf7b88c0b78031ccbd9e2a1f7bf6285099b2c126d9b06,2026-08-06T11:21:41Z,2026-08-06-p2-finite-linear-memory-skill-decomposition,2.0
Valencia Vivers,GLOBAL_COMMON_THRESHOLD_SENSITIVITY,7,21,hgb_direct,1138,1.0534066525332741,DEFINED_STABLE,86.28719324730478,3.761528998242531,0.02,4a49b08b041c578ec5981dc1472125b2af0a4d59,572a6a79dfaf6247292af8c946e3f621c520377d7eb449bd78e9b309f483fc6a,7e61f4823860ac67fc2cf7b88c0b78031ccbd9e2a1f7bf6285099b2c126d9b06,2026-08-06T11:21:41Z,2026-08-06-p2-finite-linear-memory-skill-decomposition,2.0
Valencia Vivers,GLOBAL_COMMON_THRESHOLD_SENSITIVITY,1,7,ridge_direct,1180,1.0131626216922713,DEFINED_STABLE,16.64582560383893,4.57177966101695,0.05,4a49b08b041c578ec5981dc1472125b2af0a4d59,572a6a79dfaf6247292af8c946e3f621c520377d7eb449bd78e9b309f483fc6a,7e61f4823860ac67fc2cf7b88c0b78031ccbd9e2a1f7bf6285099b2c126d9b06,2026-08-06T11:21:41Z,2026-08-06-p2-finite-linear-memory-skill-decomposition,2.0
Valencia Vivers,GLOBAL_COMMON_THRESHOLD_SENSITIVITY,1,7,hgb_direct,1180,1.251631890797691,DEFINED_STABLE,13.474351710764907,4.57177966101695,0.05,4a49b08b041c578ec5981dc1472125b2af0a4d59,572a6a79dfaf6247292af8c946e3f621c520377d7eb449bd78e9b309f483fc6a,7e61f4823860ac67fc2cf7b88c0b78031ccbd9e2a1f7bf6285099b2c126d9b06,2026-08-06T11:21:41Z,2026-08-06-p2-finite-linear-memory-skill-decomposition,2.0
Valencia Vivers,GLOBAL_COMMON_THRESHOLD_SENSITIVITY,1,14,ridge_direct,1180,0.9757277319437526,DEFINED_STABLE,16.64582560383893,4.57177966101695,0.05,4a49b08b041c578ec5981dc1472125b2af0a4d59,572a6a79dfaf6247292af8c946e3f621c520377d7eb449bd78e9b309f483fc6a,7e61f4823860ac67fc2cf7b88c0b78031ccbd9e2a1f7bf6285099b2c126d9b06,2026-08-06T11:21:41Z,2026-08-06-p2-finite-linear-memory-skill-decomposition,2.0
Valencia Vivers,GLOBAL_COMMON_THRESHOLD_SENSITIVITY,1,14,hgb_direct,1180,1.2053859073449253,DEFINED_STABLE,13.474351710764907,4.57177966101695,0.05,4a49b08b041c578ec5981dc1472125b2af0a4d59,572a6a79dfaf6247292af8c946e3f621c520377d7eb449bd78e9b309f483fc6a,7e61f4823860ac67fc2cf7b88c0b78031ccbd9e2a1f7bf6285099b2c126d9b06,2026-08-06T11:21:41Z,2026-08-06-p2-finite-linear-memory-skill-decomposition,2.0
Valencia Vivers,GLOBAL_COMMON_THRESHOLD_SENSITIVITY,1,21,ridge_direct,1180,1.0027454580791009,DEFINED_STABLE,16.64582560383893,4.57177966101695,0.05,4a49b08b041c578ec5981dc1472125b2af0a4d59,572a6a79dfaf6247292af8c946e3f621c520377d7eb449bd78e9b309f483fc6a,7e61f4823860ac67fc2cf7b88c0b78031ccbd9e2a1f7bf6285099b2c126d9b06,2026-08-06T11:21:41Z,2026-08-06-p2-finite-linear-memory-skill-decomposition,2.0
Valencia Vivers,GLOBAL_COMMON_THRESHOLD_SENSITIVITY,1,21,hgb_direct,1180,1.238762827223155,DEFINED_STABLE,13.474351710764907,4.57177966101695,0.05,4a49b08b041c578ec5981dc1472125b2af0a4d59,572a6a79dfaf6247292af8c946e3f621c520377d7eb449bd78e9b309f483fc6a,7e61f4823860ac67fc2cf7b88c0b78031ccbd9e2a1f7bf6285099b2c126d9b06,2026-08-06T11:21:41Z,2026-08-06-p2-finite-linear-memory-skill-decomposition,2.0
Valencia Vivers,GLOBAL_COMMON_THRESHOLD_SENSITIVITY,2,7,ridge_direct,1171,1.0126963554719077,DEFINED_STABLE,48.17870970904188,7.263877028181042,0.05,4a49b08b041c578ec5981dc1472125b2af0a4d59,572a6a79dfaf6247292af8c946e3f621c520377d7eb449bd78e9b309f483fc6a,7e61f4823860ac67fc2cf7b88c0b78031ccbd9e2a1f7bf6285099b2c126d9b06,2026-08-06T11:21:41Z,2026-08-06-p2-finite-linear-memory-skill-decomposition,2.0
Valencia Vivers,GLOBAL_COMMON_THRESHOLD_SENSITIVITY,2,7,hgb_direct,1171,0.9552905523676056,DEFINED_STABLE,51.073889103962046,7.263877028181042,0.05,4a49b08b041c578ec5981dc1472125b2af0a4d59,572a6a79dfaf6247292af8c946e3f621c520377d7eb449bd78e9b309f483fc6a,7e61f4823860ac67fc2cf7b88c0b78031ccbd9e2a1f7bf6285099b2c126d9b06,2026-08-06T11:21:41Z,2026-08-06-p2-finite-linear-memory-skill-decomposition,2.0
Valencia Vivers,GLOBAL_COMMON_THRESHOLD_SENSITIVITY,2,14,ridge_direct,1171,1.0091043772403048,DEFINED_STABLE,48.17870970904188,7.263877028181042,0.05,4a49b08b041c578ec5981dc1472125b2af0a4d59,572a6a79dfaf6247292af8c946e3f621c520377d7eb449bd78e9b309f483fc6a,7e61f4823860ac67fc2cf7b88c0b78031ccbd9e2a1f7bf6285099b2c126d9b06,2026-08-06T11:21:41Z,2026-08-06-p2-finite-linear-memory-skill-decomposition,2.0
Valencia Vivers,GLOBAL_COMMON_THRESHOLD_SENSITIVITY,2,14,hgb_direct,1171,0.9519021893598593,DEFINED_STABLE,51.073889103962046,7.263877028181042,0.05,4a49b08b041c578ec5981dc1472125b2af0a4d59,572a6a79dfaf6247292af8c946e3f621c520377d7eb449bd78e9b309f483fc6a,7e61f4823860ac67fc2cf7b88c0b78031ccbd9e2a1f7bf6285099b2c126d9b06,2026-08-06T11:21:41Z,2026-08-06-p2-finite-linear-memory-skill-decomposition,2.0
Valencia Vivers,GLOBAL_COMMON_THRESHOLD_SENSITIVITY,2,21,ridge_direct,1171,1.0082706055013042,DEFINED_STABLE,48.17870970904188,7.263877028181042,0.05,4a49b08b041c578ec5981dc1472125b2af0a4d59,572a6a79dfaf6247292af8c946e3f621c520377d7eb449bd78e9b309f483fc6a,7e61f4823860ac67fc2cf7b88c0b78031ccbd9e2a1f7bf6285099b2c126d9b06,2026-08-06T11:21:41Z,2026-08-06-p2-finite-linear-memory-skill-decomposition,2.0
Valencia Vivers,GLOBAL_COMMON_THRESHOLD_SENSITIVITY,2,21,hgb_direct,1171,0.9511156808859278,DEFINED_STABLE,51.073889103962046,7.263877028181042,0.05,4a49b08b041c578ec5981dc1472125b2af0a4d59,572a6a79dfaf6247292af8c946e3f621c520377d7eb449bd78e9b309f483fc6a,7e61f4823860ac67fc2cf7b88c0b78031ccbd9e2a1f7bf6285099b2c126d9b06,2026-08-06T11:21:41Z,2026-08-06-p2-finite-linear-memory-skill-decomposition,2.0
Valencia Vivers,GLOBAL_COMMON_THRESHOLD_SENSITIVITY,3,7,ridge_direct,1163,1.0078431537410626,DEFINED_STABLE,58.707293682933624,7.930395528804816,0.05,4a49b08b041c578ec5981dc1472125b2af0a4d59,572a6a79dfaf6247292af8c946e3f621c520377d7eb449bd78e9b309f483fc6a,7e61f4823860ac67fc2cf7b88c0b78031ccbd9e2a1f7bf6285099b2c126d9b06,2026-08-06T11:21:41Z,2026-08-06-p2-finite-linear-memory-skill-decomposition,2.0
Valencia Vivers,GLOBAL_COMMON_THRESHOLD_SENSITIVITY,3,7,hgb_direct,1163,1.0201349534993733,DEFINED_STABLE,57.999918353985635,7.930395528804816,0.05,4a49b08b041c578ec5981dc1472125b2af0a4d59,572a6a79dfaf6247292af8c946e3f621c520377d7eb449bd78e9b309f483fc6a,7e61f4823860ac67fc2cf7b88c0b78031ccbd9e2a1f7bf6285099b2c126d9b06,2026-08-06T11:21:41Z,2026-08-06-p2-finite-linear-memory-skill-decomposition,2.0
Valencia Vivers,GLOBAL_COMMON_THRESHOLD_SENSITIVITY,3,14,ridge_direct,1163,1.0097667939272383,DEFINED_STABLE,58.707293682933624,7.930395528804816,0.05,4a49b08b041c578ec5981dc1472125b2af0a4d59,572a6a79dfaf6247292af8c946e3f621c520377d7eb449bd78e9b309f483fc6a,7e61f4823860ac67fc2cf7b88c0b78031ccbd9e2a1f7bf6285099b2c126d9b06,2026-08-06T11:21:41Z,2026-08-06-p2-finite-linear-memory-skill-decomposition,2.0
Valencia Vivers,GLOBAL_COMMON_THRESHOLD_SENSITIVITY,3,14,hgb_direct,1163,1.0220820546773588,DEFINED_STABLE,57.999918353985635,7.930395528804816,0.05,4a49b08b041c578ec5981dc1472125b2af0a4d59,572a6a79dfaf6247292af8c946e3f621c520377d7eb449bd78e9b309f483fc6a,7e61f4823860ac67fc2cf7b88c0b78031ccbd9e2a1f7bf6285099b2c126d9b06,2026-08-06T11:21:41Z,2026-08-06-p2-finite-linear-memory-skill-decomposition,2.0
Valencia Vivers,GLOBAL_COMMON_THRESHOLD_SENSITIVITY,3,21,ridge_direct,1163,1.0039765057718677,DEFINED_STABLE,58.707293682933624,7.930395528804816,0.05,4a49b08b041c578ec5981dc1472125b2af0a4d59,572a6a79dfaf6247292af8c946e3f621c520377d7eb449bd78e9b309f483fc6a,7e61f4823860ac67fc2cf7b88c0b78031ccbd9e2a1f7bf6285099b2c126d9b06,2026-08-06T11:21:41Z,2026-08-06-p2-finite-linear-memory-skill-decomposition,2.0
Valencia Vivers,GLOBAL_COMMON_THRESHOLD_SENSITIVITY,3,21,hgb_direct,1163,1.0162211473365679,DEFINED_STABLE,57.999918353985635,7.930395528804816,0.05,4a49b08b041c578ec5981dc1472125b2af0a4d59,572a6a79dfaf6247292af8c946e3f621c520377d7eb449bd78e9b309f483fc6a,7e61f4823860ac67fc2cf7b88c0b78031ccbd9e2a1f7bf6285099b2c126d9b06,2026-08-06T11:21:41Z,2026-08-06-p2-finite-linear-memory-skill-decomposition,2.0
Valencia Vivers,GLOBAL_COMMON_THRESHOLD_SENSITIVITY,4,7,ridge_direct,1155,0.9997758160557725,DEFINED_STABLE,68.9656497717956,8.387835497835498,0.05,4a49b08b041c578ec5981dc1472125b2af0a4d59,572a6a79dfaf6247292af8c946e3f621c520377d7eb449bd78e9b309f483fc6a,7e61f4823860ac67fc2cf7b88c0b78031ccbd9e2a1f7bf6285099b2c126d9b06,2026-08-06T11:21:41Z,2026-08-06-p2-finite-linear-memory-skill-decomposition,2.0
Valencia Vivers,GLOBAL_COMMON_THRESHOLD_SENSITIVITY,4,7,hgb_direct,1155,1.0327601000146214,DEFINED_STABLE,66.76302539131534,8.387835497835498,0.05,4a49b08b041c578ec5981dc1472125b2af0a4d59,572a6a79dfaf6247292af8c946e3f621c520377d7eb449bd78e9b309f483fc6a,7e61f4823860ac67fc2cf7b88c0b78031ccbd9e2a1f7bf6285099b2c126d9b06,2026-08-06T11:21:41Z,2026-08-06-p2-finite-linear-memory-skill-decomposition,2.0
Valencia Vivers,GLOBAL_COMMON_THRESHOLD_SENSITIVITY,4,14,ridge_direct,1155,0.9993766423214162,DEFINED_STABLE,68.9656497717956,8.387835497835498,0.05,4a49b08b041c578ec5981dc1472125b2af0a4d59,572a6a79dfaf6247292af8c946e3f621c520377d7eb449bd78e9b309f483fc6a,7e61f4823860ac67fc2cf7b88c0b78031ccbd9e2a1f7bf6285099b2c126d9b06,2026-08-06T11:21:41Z,2026-08-06-p2-finite-linear-memory-skill-decomposition,2.0
Valencia Vivers,GLOBAL_COMMON_THRESHOLD_SENSITIVITY,4,14,hgb_direct,1155,1.0323477568680914,DEFINED_STABLE,66.76302539131534,8.387835497835498,0.05,4a49b08b041c578ec5981dc1472125b2af0a4d59,572a6a79dfaf6247292af8c946e3f621c520377d7eb449bd78e9b309f483fc6a,7e61f4823860ac67fc2cf7b88c0b78031ccbd9e2a1f7bf6285099b2c126d9b06,2026-08-06T11:21:41Z,2026-08-06-p2-finite-linear-memory-skill-decomposition,2.0
Valencia Vivers,GLOBAL_COMMON_THRESHOLD_SENSITIVITY,4,21,ridge_direct,1155,0.9977974705186475,DEFINED_STABLE,68.9656497717956,8.387835497835498,0.05,4a49b08b041c578ec5981dc1472125b2af0a4d59,572a6a79dfaf6247292af8c946e3f621c520377d7eb449bd78e9b309f483fc6a,7e61f4823860ac67fc2cf7b88c0b78031ccbd9e2a1f7bf6285099b2c126d9b06,2026-08-06T11:21:41Z,2026-08-06-p2-finite-linear-memory-skill-decomposition,2.0
Valencia Vivers,GLOBAL_COMMON_THRESHOLD_SENSITIVITY,4,21,hgb_direct,1155,1.030716485534282,DEFINED_STABLE,66.76302539131534,8.387835497835498,0.05,4a49b08b041c578ec5981dc1472125b2af0a4d59,572a6a79dfaf6247292af8c946e3f621c520377d7eb449bd78e9b309f483fc6a,7e61f4823860ac67fc2cf7b88c0b78031ccbd9e2a1f7bf6285099b2c126d9b06,2026-08-06T11:21:41Z,2026-08-06-p2-finite-linear-memory-skill-decomposition,2.0
Valencia Vivers,GLOBAL_COMMON_THRESHOLD_SENSITIVITY,5,7,ridge_direct,1147,0.9981854743042815,DEFINED_STABLE,81.64734520857526,8.939930252833479,0.05,4a49b08b041c578ec5981dc1472125b2af0a4d59,572a6a79dfaf6247292af8c946e3f621c520377d7eb449bd78e9b309f483fc6a,7e61f4823860ac67fc2cf7b88c0b78031ccbd9e2a1f7bf6285099b2c126d9b06,2026-08-06T11:21:41Z,2026-08-06-p2-finite-linear-memory-skill-decomposition,2.0
Valencia Vivers,GLOBAL_COMMON_THRESHOLD_SENSITIVITY,5,7,hgb_direct,1147,1.0315294170675857,DEFINED_STABLE,79.0081142178103,8.939930252833479,0.05,4a49b08b041c578ec5981dc1472125b2af0a4d59,572a6a79dfaf6247292af8c946e3f621c520377d7eb449bd78e9b309f483fc6a,7e61f4823860ac67fc2cf7b88c0b78031ccbd9e2a1f7bf6285099b2c126d9b06,2026-08-06T11:21:41Z,2026-08-06-p2-finite-linear-memory-skill-decomposition,2.0
Valencia Vivers,GLOBAL_COMMON_THRESHOLD_SENSITIVITY,5,14,ridge_direct,1147,0.9953268659948423,DEFINED_STABLE,81.64734520857526,8.939930252833479,0.05,4a49b08b041c578ec5981dc1472125b2af0a4d59,572a6a79dfaf6247292af8c946e3f621c520377d7eb449bd78e9b309f483fc6a,7e61f4823860ac67fc2cf7b88c0b78031ccbd9e2a1f7bf6285099b2c126d9b06,2026-08-06T11:21:41Z,2026-08-06-p2-finite-linear-memory-skill-decomposition,2.0
Valencia Vivers,GLOBAL_COMMON_THRESHOLD_SENSITIVITY,5,14,hgb_direct,1147,1.028575318216252,DEFINED_STABLE,79.0081142178103,8.939930252833479,0.05,4a49b08b041c578ec5981dc1472125b2af0a4d59,572a6a79dfaf6247292af8c946e3f621c520377d7eb449bd78e9b309f483fc6a,7e61f4823860ac67fc2cf7b88c0b78031ccbd9e2a1f7bf6285099b2c126d9b06,2026-08-06T11:21:41Z,2026-08-06-p2-finite-linear-memory-skill-decomposition,2.0
Valencia Vivers,GLOBAL_COMMON_THRESHOLD_SENSITIVITY,5,21,ridge_direct,1147,0.9937304236686195,DEFINED_STABLE,81.64734520857526,8.939930252833479,0.05,4a49b08b041c578ec5981dc1472125b2af0a4d59,572a6a79dfaf6247292af8c946e3f621c520377d7eb449bd78e9b309f483fc6a,7e61f4823860ac67fc2cf7b88c0b78031ccbd9e2a1f7bf6285099b2c126d9b06,2026-08-06T11:21:41Z,2026-08-06-p2-finite-linear-memory-skill-decomposition,2.0
Valencia Vivers,GLOBAL_COMMON_THRESHOLD_SENSITIVITY,5,21,hgb_direct,1147,1.0269255474426406,DEFINED_STABLE,79.0081142178103,8.939930252833479,0.05,4a49b08b041c578ec5981dc1472125b2af0a4d59,572a6a79dfaf6247292af8c946e3f621c520377d7eb449bd78e9b309f483fc6a,7e61f4823860ac67fc2cf7b88c0b78031ccbd9e2a1f7bf6285099b2c126d9b06,2026-08-06T11:21:41Z,2026-08-06-p2-finite-linear-memory-skill-decomposition,2.0
Valencia Vivers,GLOBAL_COMMON_THRESHOLD_SENSITIVITY,6,7,ridge_direct,1143,0.998884902153473,DEFINED_STABLE,85.3179442695304,9.117147856517937,0.05,4a49b08b041c578ec5981dc1472125b2af0a4d59,572a6a79dfaf6247292af8c946e3f621c520377d7eb449bd78e9b309f483fc6a,7e61f4823860ac67fc2cf7b88c0b78031ccbd9e2a1f7bf6285099b2c126d9b06,2026-08-06T11:21:41Z,2026-08-06-p2-finite-linear-memory-skill-decomposition,2.0
Valencia Vivers,GLOBAL_COMMON_THRESHOLD_SENSITIVITY,6,7,hgb_direct,1143,1.0513553538784233,DEFINED_STABLE,81.05994428926486,9.117147856517937,0.05,4a49b08b041c578ec5981dc1472125b2af0a4d59,572a6a79dfaf6247292af8c946e3f621c520377d7eb449bd78e9b309f483fc6a,7e61f4823860ac67fc2cf7b88c0b78031ccbd9e2a1f7bf6285099b2c126d9b06,2026-08-06T11:21:41Z,2026-08-06-p2-finite-linear-memory-skill-decomposition,2.0
Valencia Vivers,GLOBAL_COMMON_THRESHOLD_SENSITIVITY,6,14,ridge_direct,1143,0.9997775008113026,DEFINED_STABLE,85.3179442695304,9.117147856517937,0.05,4a49b08b041c578ec5981dc1472125b2af0a4d59,572a6a79dfaf6247292af8c946e3f621c520377d7eb449bd78e9b309f483fc6a,7e61f4823860ac67fc2cf7b88c0b78031ccbd9e2a1f7bf6285099b2c126d9b06,2026-08-06T11:21:41Z,2026-08-06-p2-finite-linear-memory-skill-decomposition,2.0
Valencia Vivers,GLOBAL_COMMON_THRESHOLD_SENSITIVITY,6,14,hgb_direct,1143,1.0522948398750087,DEFINED_STABLE,81.05994428926486,9.117147856517937,0.05,4a49b08b041c578ec5981dc1472125b2af0a4d59,572a6a79dfaf6247292af8c946e3f621c520377d7eb449bd78e9b309f483fc6a,7e61f4823860ac67fc2cf7b88c0b78031ccbd9e2a1f7bf6285099b2c126d9b06,2026-08-06T11:21:41Z,2026-08-06-p2-finite-linear-memory-skill-decomposition,2.0
Valencia Vivers,GLOBAL_COMMON_THRESHOLD_SENSITIVITY,6,21,ridge_direct,1143,0.9958161869082517,DEFINED_STABLE,85.3179442695304,9.117147856517937,0.05,4a49b08b041c578ec5981dc1472125b2af0a4d59,572a6a79dfaf6247292af8c946e3f621c520377d7eb449bd78e9b309f483fc6a,7e61f4823860ac67fc2cf7b88c0b78031ccbd9e2a1f7bf6285099b2c126d9b06,2026-08-06T11:21:41Z,2026-08-06-p2-finite-linear-memory-skill-decomposition,2.0
Valencia Vivers,GLOBAL_COMMON_THRESHOLD_SENSITIVITY,6,21,hgb_direct,1143,1.0481254420080603,DEFINED_STABLE,81.05994428926486,9.117147856517937,0.05,4a49b08b041c578ec5981dc1472125b2af0a4d59,572a6a79dfaf6247292af8c946e3f621c520377d7eb449bd78e9b309f483fc6a,7e61f4823860ac67fc2cf7b88c0b78031ccbd9e2a1f7bf6285099b2c126d9b06,2026-08-06T11:21:41Z,2026-08-06-p2-finite-linear-memory-skill-decomposition,2.0
Valencia Vivers,GLOBAL_COMMON_THRESHOLD_SENSITIVITY,7,7,ridge_direct,1138,0.9979149888808736,DEFINED_STABLE,91.62583986058478,9.403822495606327,0.05,4a49b08b041c578ec5981dc1472125b2af0a4d59,572a6a79dfaf6247292af8c946e3f621c520377d7eb449bd78e9b309f483fc6a,7e61f4823860ac67fc2cf7b88c0b78031ccbd9e2a1f7bf6285099b2c126d9b06,2026-08-06T11:21:41Z,2026-08-06-p2-finite-linear-memory-skill-decomposition,2.0
Valencia Vivers,GLOBAL_COMMON_THRESHOLD_SENSITIVITY,7,7,hgb_direct,1138,1.059656659634507,DEFINED_STABLE,86.28719324730478,9.403822495606327,0.05,4a49b08b041c578ec5981dc1472125b2af0a4d59,572a6a79dfaf6247292af8c946e3f621c520377d7eb449bd78e9b309f483fc6a,7e61f4823860ac67fc2cf7b88c0b78031ccbd9e2a1f7bf6285099b2c126d9b06,2026-08-06T11:21:41Z,2026-08-06-p2-finite-linear-memory-skill-decomposition,2.0
Valencia Vivers,GLOBAL_COMMON_THRESHOLD_SENSITIVITY,7,14,ridge_direct,1138,0.9977152914072733,DEFINED_STABLE,91.62583986058478,9.403822495606327,0.05,4a49b08b041c578ec5981dc1472125b2af0a4d59,572a6a79dfaf6247292af8c946e3f621c520377d7eb449bd78e9b309f483fc6a,7e61f4823860ac67fc2cf7b88c0b78031ccbd9e2a1f7bf6285099b2c126d9b06,2026-08-06T11:21:41Z,2026-08-06-p2-finite-linear-memory-skill-decomposition,2.0
Valencia Vivers,GLOBAL_COMMON_THRESHOLD_SENSITIVITY,7,14,hgb_direct,1138,1.0594446067440597,DEFINED_STABLE,86.28719324730478,9.403822495606327,0.05,4a49b08b041c578ec5981dc1472125b2af0a4d59,572a6a79dfaf6247292af8c946e3f621c520377d7eb449bd78e9b309f483fc6a,7e61f4823860ac67fc2cf7b88c0b78031ccbd9e2a1f7bf6285099b2c126d9b06,2026-08-06T11:21:41Z,2026-08-06-p2-finite-linear-memory-skill-decomposition,2.0
Valencia Vivers,GLOBAL_COMMON_THRESHOLD_SENSITIVITY,7,21,ridge_direct,1138,0.9920291430172867,DEFINED_STABLE,91.62583986058478,9.403822495606327,0.05,4a49b08b041c578ec5981dc1472125b2af0a4d59,572a6a79dfaf6247292af8c946e3f621c520377d7eb449bd78e9b309f483fc6a,7e61f4823860ac67fc2cf7b88c0b78031ccbd9e2a1f7bf6285099b2c126d9b06,2026-08-06T11:21:41Z,2026-08-06-p2-finite-linear-memory-skill-decomposition,2.0
Valencia Vivers,GLOBAL_COMMON_THRESHOLD_SENSITIVITY,7,21,hgb_direct,1138,1.0534066525332741,DEFINED_STABLE,86.28719324730478,9.403822495606327,0.05,4a49b08b041c578ec5981dc1472125b2af0a4d59,572a6a79dfaf6247292af8c946e3f621c520377d7eb449bd78e9b309f483fc6a,7e61f4823860ac67fc2cf7b88c0b78031ccbd9e2a1f7bf6285099b2c126d9b06,2026-08-06T11:21:41Z,2026-08-06-p2-finite-linear-memory-skill-decomposition,2.0
Zarra EMEP,GLOBAL_COMMON,1,7,ridge_direct,1019,1.0761848311510192,DEFINED_STABLE,13.470368660473099,0.8063984298331698,0.01,4a49b08b041c578ec5981dc1472125b2af0a4d59,572a6a79dfaf6247292af8c946e3f621c520377d7eb449bd78e9b309f483fc6a,7e61f4823860ac67fc2cf7b88c0b78031ccbd9e2a1f7bf6285099b2c126d9b06,2026-08-06T11:21:41Z,2026-08-06-p2-finite-linear-memory-skill-decomposition,2.0
Zarra EMEP,GLOBAL_COMMON,1,7,hgb_direct,1019,1.4913425432567202,DEFINED_STABLE,9.720507530588009,0.8063984298331698,0.01,4a49b08b041c578ec5981dc1472125b2af0a4d59,572a6a79dfaf6247292af8c946e3f621c520377d7eb449bd78e9b309f483fc6a,7e61f4823860ac67fc2cf7b88c0b78031ccbd9e2a1f7bf6285099b2c126d9b06,2026-08-06T11:21:41Z,2026-08-06-p2-finite-linear-memory-skill-decomposition,2.0
Zarra EMEP,GLOBAL_COMMON,1,14,ridge_direct,1019,1.0527031859824945,DEFINED_STABLE,13.470368660473099,0.8063984298331698,0.01,4a49b08b041c578ec5981dc1472125b2af0a4d59,572a6a79dfaf6247292af8c946e3f621c520377d7eb449bd78e9b309f483fc6a,7e61f4823860ac67fc2cf7b88c0b78031ccbd9e2a1f7bf6285099b2c126d9b06,2026-08-06T11:21:41Z,2026-08-06-p2-finite-linear-memory-skill-decomposition,2.0
Zarra EMEP,GLOBAL_COMMON,1,14,hgb_direct,1019,1.4588024298748719,DEFINED_STABLE,9.720507530588009,0.8063984298331698,0.01,4a49b08b041c578ec5981dc1472125b2af0a4d59,572a6a79dfaf6247292af8c946e3f621c520377d7eb449bd78e9b309f483fc6a,7e61f4823860ac67fc2cf7b88c0b78031ccbd9e2a1f7bf6285099b2c126d9b06,2026-08-06T11:21:41Z,2026-08-06-p2-finite-linear-memory-skill-decomposition,2.0
Zarra EMEP,GLOBAL_COMMON,1,21,ridge_direct,1019,1.0337957435496183,DEFINED_STABLE,13.470368660473099,0.8063984298331698,0.01,4a49b08b041c578ec5981dc1472125b2af0a4d59,572a6a79dfaf6247292af8c946e3f621c520377d7eb449bd78e9b309f483fc6a,7e61f4823860ac67fc2cf7b88c0b78031ccbd9e2a1f7bf6285099b2c126d9b06,2026-08-06T11:21:41Z,2026-08-06-p2-finite-linear-memory-skill-decomposition,2.0
Zarra EMEP,GLOBAL_COMMON,1,21,hgb_direct,1019,1.4326011004488035,DEFINED_STABLE,9.720507530588009,0.8063984298331698,0.01,4a49b08b041c578ec5981dc1472125b2af0a4d59,572a6a79dfaf6247292af8c946e3f621c520377d7eb449bd78e9b309f483fc6a,7e61f4823860ac67fc2cf7b88c0b78031ccbd9e2a1f7bf6285099b2c126d9b06,2026-08-06T11:21:41Z,2026-08-06-p2-finite-linear-memory-skill-decomposition,2.0
Zarra EMEP,GLOBAL_COMMON,2,7,ridge_direct,1016,1.0476032614510447,DEFINED_STABLE,52.327717680925204,1.5336614173228347,0.01,4a49b08b041c578ec5981dc1472125b2af0a4d59,572a6a79dfaf6247292af8c946e3f621c520377d7eb449bd78e9b309f483fc6a,7e61f4823860ac67fc2cf7b88c0b78031ccbd9e2a1f7bf6285099b2c126d9b06,2026-08-06T11:21:41Z,2026-08-06-p2-finite-linear-memory-skill-decomposition,2.0
Zarra EMEP,GLOBAL_COMMON,2,7,hgb_direct,1016,0.970200734553425,DEFINED_STABLE,56.50241826714273,1.5336614173228347,0.01,4a49b08b041c578ec5981dc1472125b2af0a4d59,572a6a79dfaf6247292af8c946e3f621c520377d7eb449bd78e9b309f483fc6a,7e61f4823860ac67fc2cf7b88c0b78031ccbd9e2a1f7bf6285099b2c126d9b06,2026-08-06T11:21:41Z,2026-08-06-p2-finite-linear-memory-skill-decomposition,2.0
Zarra EMEP,GLOBAL_COMMON,2,14,ridge_direct,1016,1.0591486571359165,DEFINED_STABLE,52.327717680925204,1.5336614173228347,0.01,4a49b08b041c578ec5981dc1472125b2af0a4d59,572a6a79dfaf6247292af8c946e3f621c520377d7eb449bd78e9b309f483fc6a,7e61f4823860ac67fc2cf7b88c0b78031ccbd9e2a1f7bf6285099b2c126d9b06,2026-08-06T11:21:41Z,2026-08-06-p2-finite-linear-memory-skill-decomposition,2.0
Zarra EMEP,GLOBAL_COMMON,2,14,hgb_direct,1016,0.9808930947114657,DEFINED_STABLE,56.50241826714273,1.5336614173228347,0.01,4a49b08b041c578ec5981dc1472125b2af0a4d59,572a6a79dfaf6247292af8c946e3f621c520377d7eb449bd78e9b309f483fc6a,7e61f4823860ac67fc2cf7b88c0b78031ccbd9e2a1f7bf6285099b2c126d9b06,2026-08-06T11:21:41Z,2026-08-06-p2-finite-linear-memory-skill-decomposition,2.0
Zarra EMEP,GLOBAL_COMMON,2,21,ridge_direct,1016,1.0486138203659525,DEFINED_STABLE,52.327717680925204,1.5336614173228347,0.01,4a49b08b041c578ec5981dc1472125b2af0a4d59,572a6a79dfaf6247292af8c946e3f621c520377d7eb449bd78e9b309f483fc6a,7e61f4823860ac67fc2cf7b88c0b78031ccbd9e2a1f7bf6285099b2c126d9b06,2026-08-06T11:21:41Z,2026-08-06-p2-finite-linear-memory-skill-decomposition,2.0
Zarra EMEP,GLOBAL_COMMON,2,21,hgb_direct,1016,0.9711366279757069,DEFINED_STABLE,56.50241826714273,1.5336614173228347,0.01,4a49b08b041c578ec5981dc1472125b2af0a4d59,572a6a79dfaf6247292af8c946e3f621c520377d7eb449bd78e9b309f483fc6a,7e61f4823860ac67fc2cf7b88c0b78031ccbd9e2a1f7bf6285099b2c126d9b06,2026-08-06T11:21:41Z,2026-08-06-p2-finite-linear-memory-skill-decomposition,2.0
Zarra EMEP,GLOBAL_COMMON,3,7,ridge_direct,1014,1.0276931743737636,DEFINED_STABLE,77.5350878926573,1.8673471400394477,0.01,4a49b08b041c578ec5981dc1472125b2af0a4d59,572a6a79dfaf6247292af8c946e3f621c520377d7eb449bd78e9b309f483fc6a,7e61f4823860ac67fc2cf7b88c0b78031ccbd9e2a1f7bf6285099b2c126d9b06,2026-08-06T11:21:41Z,2026-08-06-p2-finite-linear-memory-skill-decomposition,2.0
Zarra EMEP,GLOBAL_COMMON,3,7,hgb_direct,1014,0.9812989429543405,DEFINED_STABLE,81.20082180243553,1.8673471400394477,0.01,4a49b08b041c578ec5981dc1472125b2af0a4d59,572a6a79dfaf6247292af8c946e3f621c520377d7eb449bd78e9b309f483fc6a,7e61f4823860ac67fc2cf7b88c0b78031ccbd9e2a1f7bf6285099b2c126d9b06,2026-08-06T11:21:41Z,2026-08-06-p2-finite-linear-memory-skill-decomposition,2.0
Zarra EMEP,GLOBAL_COMMON,3,14,ridge_direct,1014,1.0381418114676757,DEFINED_STABLE,77.5350878926573,1.8673471400394477,0.01,4a49b08b041c578ec5981dc1472125b2af0a4d59,572a6a79dfaf6247292af8c946e3f621c520377d7eb449bd78e9b309f483fc6a,7e61f4823860ac67fc2cf7b88c0b78031ccbd9e2a1f7bf6285099b2c126d9b06,2026-08-06T11:21:41Z,2026-08-06-p2-finite-linear-memory-skill-decomposition,2.0
Zarra EMEP,GLOBAL_COMMON,3,14,hgb_direct,1014,0.99127588625925,DEFINED_STABLE,81.20082180243553,1.8673471400394477,0.01,4a49b08b041c578ec5981dc1472125b2af0a4d59,572a6a79dfaf6247292af8c946e3f621c520377d7eb449bd78e9b309f483fc6a,7e61f4823860ac67fc2cf7b88c0b78031ccbd9e2a1f7bf6285099b2c126d9b06,2026-08-06T11:21:41Z,2026-08-06-p2-finite-linear-memory-skill-decomposition,2.0
Zarra EMEP,GLOBAL_COMMON,3,21,ridge_direct,1014,1.0285714771895704,DEFINED_STABLE,77.5350878926573,1.8673471400394477,0.01,4a49b08b041c578ec5981dc1472125b2af0a4d59,572a6a79dfaf6247292af8c946e3f621c520377d7eb449bd78e9b309f483fc6a,7e61f4823860ac67fc2cf7b88c0b78031ccbd9e2a1f7bf6285099b2c126d9b06,2026-08-06T11:21:41Z,2026-08-06-p2-finite-linear-memory-skill-decomposition,2.0
Zarra EMEP,GLOBAL_COMMON,3,21,hgb_direct,1014,0.982137595624453,DEFINED_STABLE,81.20082180243553,1.8673471400394477,0.01,4a49b08b041c578ec5981dc1472125b2af0a4d59,572a6a79dfaf6247292af8c946e3f621c520377d7eb449bd78e9b309f483fc6a,7e61f4823860ac67fc2cf7b88c0b78031ccbd9e2a1f7bf6285099b2c126d9b06,2026-08-06T11:21:41Z,2026-08-06-p2-finite-linear-memory-skill-decomposition,2.0
Zarra EMEP,GLOBAL_COMMON,4,7,ridge_direct,1014,1.017615275555668,DEFINED_STABLE,83.04459213570252,2.0038658777120317,0.01,4a49b08b041c578ec5981dc1472125b2af0a4d59,572a6a79dfaf6247292af8c946e3f621c520377d7eb449bd78e9b309f483fc6a,7e61f4823860ac67fc2cf7b88c0b78031ccbd9e2a1f7bf6285099b2c126d9b06,2026-08-06T11:21:41Z,2026-08-06-p2-finite-linear-memory-skill-decomposition,2.0
Zarra EMEP,GLOBAL_COMMON,4,7,hgb_direct,1014,0.9835790490926797,DEFINED_STABLE,85.91830579101537,2.0038658777120317,0.01,4a49b08b041c578ec5981dc1472125b2af0a4d59,572a6a79dfaf6247292af8c946e3f621c520377d7eb449bd78e9b309f483fc6a,7e61f4823860ac67fc2cf7b88c0b78031ccbd9e2a1f7bf6285099b2c126d9b06,2026-08-06T11:21:41Z,2026-08-06-p2-finite-linear-memory-skill-decomposition,2.0
Zarra EMEP,GLOBAL_COMMON,4,14,ridge_direct,1014,1.0278926352756017,DEFINED_STABLE,83.04459213570252,2.0038658777120317,0.01,4a49b08b041c578ec5981dc1472125b2af0a4d59,572a6a79dfaf6247292af8c946e3f621c520377d7eb449bd78e9b309f483fc6a,7e61f4823860ac67fc2cf7b88c0b78031ccbd9e2a1f7bf6285099b2c126d9b06,2026-08-06T11:21:41Z,2026-08-06-p2-finite-linear-memory-skill-decomposition,2.0
Zarra EMEP,GLOBAL_COMMON,4,14,hgb_direct,1014,0.9935126614738383,DEFINED_STABLE,85.91830579101537,2.0038658777120317,0.01,4a49b08b041c578ec5981dc1472125b2af0a4d59,572a6a79dfaf6247292af8c946e3f621c520377d7eb449bd78e9b309f483fc6a,7e61f4823860ac67fc2cf7b88c0b78031ccbd9e2a1f7bf6285099b2c126d9b06,2026-08-06T11:21:41Z,2026-08-06-p2-finite-linear-memory-skill-decomposition,2.0
Zarra EMEP,GLOBAL_COMMON,4,21,ridge_direct,1014,1.0230312985055863,DEFINED_STABLE,83.04459213570252,2.0038658777120317,0.01,4a49b08b041c578ec5981dc1472125b2af0a4d59,572a6a79dfaf6247292af8c946e3f621c520377d7eb449bd78e9b309f483fc6a,7e61f4823860ac67fc2cf7b88c0b78031ccbd9e2a1f7bf6285099b2c126d9b06,2026-08-06T11:21:41Z,2026-08-06-p2-finite-linear-memory-skill-decomposition,2.0
Zarra EMEP,GLOBAL_COMMON,4,21,hgb_direct,1014,0.9888139220657056,DEFINED_STABLE,85.91830579101537,2.0038658777120317,0.01,4a49b08b041c578ec5981dc1472125b2af0a4d59,572a6a79dfaf6247292af8c946e3f621c520377d7eb449bd78e9b309f483fc6a,7e61f4823860ac67fc2cf7b88c0b78031ccbd9e2a1f7bf6285099b2c126d9b06,2026-08-06T11:21:41Z,2026-08-06-p2-finite-linear-memory-skill-decomposition,2.0
Zarra EMEP,GLOBAL_COMMON,5,7,ridge_direct,1013,1.0119653863693099,DEFINED_STABLE,79.7528177189321,2.1499407699901285,0.01,4a49b08b041c578ec5981dc1472125b2af0a4d59,572a6a79dfaf6247292af8c946e3f621c520377d7eb449bd78e9b309f483fc6a,7e61f4823860ac67fc2cf7b88c0b78031ccbd9e2a1f7bf6285099b2c126d9b06,2026-08-06T11:21:41Z,2026-08-06-p2-finite-linear-memory-skill-decomposition,2.0
Zarra EMEP,GLOBAL_COMMON,5,7,hgb_direct,1013,0.984296696506951,DEFINED_STABLE,81.99467831538163,2.1499407699901285,0.01,4a49b08b041c578ec5981dc1472125b2af0a4d59,572a6a79dfaf6247292af8c946e3f621c520377d7eb449bd78e9b309f483fc6a,7e61f4823860ac67fc2cf7b88c0b78031ccbd9e2a1f7bf6285099b2c126d9b06,2026-08-06T11:21:41Z,2026-08-06-p2-finite-linear-memory-skill-decomposition,2.0
Zarra EMEP,GLOBAL_COMMON,5,14,ridge_direct,1013,1.0375964316581276,DEFINED_STABLE,79.7528177189321,2.1499407699901285,0.01,4a49b08b041c578ec5981dc1472125b2af0a4d59,572a6a79dfaf6247292af8c946e3f621c520377d7eb449bd78e9b309f483fc6a,7e61f4823860ac67fc2cf7b88c0b78031ccbd9e2a1f7bf6285099b2c126d9b06,2026-08-06T11:21:41Z,2026-08-06-p2-finite-linear-memory-skill-decomposition,2.0
Zarra EMEP,GLOBAL_COMMON,5,14,hgb_direct,1013,1.0092269496021853,DEFINED_STABLE,81.99467831538163,2.1499407699901285,0.01,4a49b08b041c578ec5981dc1472125b2af0a4d59,572a6a79dfaf6247292af8c946e3f621c520377d7eb449bd78e9b309f483fc6a,7e61f4823860ac67fc2cf7b88c0b78031ccbd9e2a1f7bf6285099b2c126d9b06,2026-08-06T11:21:41Z,2026-08-06-p2-finite-linear-memory-skill-decomposition,2.0
Zarra EMEP,GLOBAL_COMMON,5,21,ridge_direct,1013,1.0339595647821382,DEFINED_STABLE,79.7528177189321,2.1499407699901285,0.01,4a49b08b041c578ec5981dc1472125b2af0a4d59,572a6a79dfaf6247292af8c946e3f621c520377d7eb449bd78e9b309f483fc6a,7e61f4823860ac67fc2cf7b88c0b78031ccbd9e2a1f7bf6285099b2c126d9b06,2026-08-06T11:21:41Z,2026-08-06-p2-finite-linear-memory-skill-decomposition,2.0
Zarra EMEP,GLOBAL_COMMON,5,21,hgb_direct,1013,1.0056895202593543,DEFINED_STABLE,81.99467831538163,2.1499407699901285,0.01,4a49b08b041c578ec5981dc1472125b2af0a4d59,572a6a79dfaf6247292af8c946e3f621c520377d7eb449bd78e9b309f483fc6a,7e61f4823860ac67fc2cf7b88c0b78031ccbd9e2a1f7bf6285099b2c126d9b06,2026-08-06T11:21:41Z,2026-08-06-p2-finite-linear-memory-skill-decomposition,2.0
Zarra EMEP,GLOBAL_COMMON,6,7,ridge_direct,1012,1.0085376431039008,DEFINED_STABLE,79.32854498682335,2.21296442687747,0.01,4a49b08b041c578ec5981dc1472125b2af0a4d59,572a6a79dfaf6247292af8c946e3f621c520377d7eb449bd78e9b309f483fc6a,7e61f4823860ac67fc2cf7b88c0b78031ccbd9e2a1f7bf6285099b2c126d9b06,2026-08-06T11:21:41Z,2026-08-06-p2-finite-linear-memory-skill-decomposition,2.0
Zarra EMEP,GLOBAL_COMMON,6,7,hgb_direct,1012,0.993382161975494,DEFINED_STABLE,80.53881663504873,2.21296442687747,0.01,4a49b08b041c578ec5981dc1472125b2af0a4d59,572a6a79dfaf6247292af8c946e3f621c520377d7eb449bd78e9b309f483fc6a,7e61f4823860ac67fc2cf7b88c0b78031ccbd9e2a1f7bf6285099b2c126d9b06,2026-08-06T11:21:41Z,2026-08-06-p2-finite-linear-memory-skill-decomposition,2.0
Zarra EMEP,GLOBAL_COMMON,6,14,ridge_direct,1012,1.0455616955101092,DEFINED_STABLE,79.32854498682335,2.21296442687747,0.01,4a49b08b041c578ec5981dc1472125b2af0a4d59,572a6a79dfaf6247292af8c946e3f621c520377d7eb449bd78e9b309f483fc6a,7e61f4823860ac67fc2cf7b88c0b78031ccbd9e2a1f7bf6285099b2c126d9b06,2026-08-06T11:21:41Z,2026-08-06-p2-finite-linear-memory-skill-decomposition,2.0
Zarra EMEP,GLOBAL_COMMON,6,14,hgb_direct,1012,1.029849847119284,DEFINED_STABLE,80.53881663504873,2.21296442687747,0.01,4a49b08b041c578ec5981dc1472125b2af0a4d59,572a6a79dfaf6247292af8c946e3f621c520377d7eb449bd78e9b309f483fc6a,7e61f4823860ac67fc2cf7b88c0b78031ccbd9e2a1f7bf6285099b2c126d9b06,2026-08-06T11:21:41Z,2026-08-06-p2-finite-linear-memory-skill-decomposition,2.0
Zarra EMEP,GLOBAL_COMMON,6,21,ridge_direct,1012,1.0391956968847882,DEFINED_STABLE,79.32854498682335,2.21296442687747,0.01,4a49b08b041c578ec5981dc1472125b2af0a4d59,572a6a79dfaf6247292af8c946e3f621c520377d7eb449bd78e9b309f483fc6a,7e61f4823860ac67fc2cf7b88c0b78031ccbd9e2a1f7bf6285099b2c126d9b06,2026-08-06T11:21:41Z,2026-08-06-p2-finite-linear-memory-skill-decomposition,2.0
Zarra EMEP,GLOBAL_COMMON,6,21,hgb_direct,1012,1.0235795115291402,DEFINED_STABLE,80.53881663504873,2.21296442687747,0.01,4a49b08b041c578ec5981dc1472125b2af0a4d59,572a6a79dfaf6247292af8c946e3f621c520377d7eb449bd78e9b309f483fc6a,7e61f4823860ac67fc2cf7b88c0b78031ccbd9e2a1f7bf6285099b2c126d9b06,2026-08-06T11:21:41Z,2026-08-06-p2-finite-linear-memory-skill-decomposition,2.0
Zarra EMEP,GLOBAL_COMMON,7,7,ridge_direct,1011,1.0103702990768475,DEFINED_STABLE,84.99062816741792,2.4056973293768547,0.01,4a49b08b041c578ec5981dc1472125b2af0a4d59,572a6a79dfaf6247292af8c946e3f621c520377d7eb449bd78e9b309f483fc6a,7e61f4823860ac67fc2cf7b88c0b78031ccbd9e2a1f7bf6285099b2c126d9b06,2026-08-06T11:21:41Z,2026-08-06-p2-finite-linear-memory-skill-decomposition,2.0
Zarra EMEP,GLOBAL_COMMON,7,7,hgb_direct,1011,1.028736557906598,DEFINED_STABLE,83.4732718889531,2.4056973293768547,0.01,4a49b08b041c578ec5981dc1472125b2af0a4d59,572a6a79dfaf6247292af8c946e3f621c520377d7eb449bd78e9b309f483fc6a,7e61f4823860ac67fc2cf7b88c0b78031ccbd9e2a1f7bf6285099b2c126d9b06,2026-08-06T11:21:41Z,2026-08-06-p2-finite-linear-memory-skill-decomposition,2.0
Zarra EMEP,GLOBAL_COMMON,7,14,ridge_direct,1011,1.0462484015580698,DEFINED_STABLE,84.99062816741792,2.4056973293768547,0.01,4a49b08b041c578ec5981dc1472125b2af0a4d59,572a6a79dfaf6247292af8c946e3f621c520377d7eb449bd78e9b309f483fc6a,7e61f4823860ac67fc2cf7b88c0b78031ccbd9e2a1f7bf6285099b2c126d9b06,2026-08-06T11:21:41Z,2026-08-06-p2-finite-linear-memory-skill-decomposition,2.0
Zarra EMEP,GLOBAL_COMMON,7,14,hgb_direct,1011,1.0652668435696622,DEFINED_STABLE,83.4732718889531,2.4056973293768547,0.01,4a49b08b041c578ec5981dc1472125b2af0a4d59,572a6a79dfaf6247292af8c946e3f621c520377d7eb449bd78e9b309f483fc6a,7e61f4823860ac67fc2cf7b88c0b78031ccbd9e2a1f7bf6285099b2c126d9b06,2026-08-06T11:21:41Z,2026-08-06-p2-finite-linear-memory-skill-decomposition,2.0
Zarra EMEP,GLOBAL_COMMON,7,21,ridge_direct,1011,1.0436075148547148,DEFINED_STABLE,84.99062816741792,2.4056973293768547,0.01,4a49b08b041c578ec5981dc1472125b2af0a4d59,572a6a79dfaf6247292af8c946e3f621c520377d7eb449bd78e9b309f483fc6a,7e61f4823860ac67fc2cf7b88c0b78031ccbd9e2a1f7bf6285099b2c126d9b06,2026-08-06T11:21:41Z,2026-08-06-p2-finite-linear-memory-skill-decomposition,2.0
Zarra EMEP,GLOBAL_COMMON,7,21,hgb_direct,1011,1.0625779514877067,DEFINED_STABLE,83.4732718889531,2.4056973293768547,0.01,4a49b08b041c578ec5981dc1472125b2af0a4d59,572a6a79dfaf6247292af8c946e3f621c520377d7eb449bd78e9b309f483fc6a,7e61f4823860ac67fc2cf7b88c0b78031ccbd9e2a1f7bf6285099b2c126d9b06,2026-08-06T11:21:41Z,2026-08-06-p2-finite-linear-memory-skill-decomposition,2.0
Zarra EMEP,GLOBAL_COMMON_WITH_SARIMA,1,7,ridge_direct,70,,SUPPRESSED_TOTAL_NONPOSITIVE,-7.949518497531621,0.27714285714285714,0.01,4a49b08b041c578ec5981dc1472125b2af0a4d59,572a6a79dfaf6247292af8c946e3f621c520377d7eb449bd78e9b309f483fc6a,7e61f4823860ac67fc2cf7b88c0b78031ccbd9e2a1f7bf6285099b2c126d9b06,2026-08-06T11:21:41Z,2026-08-06-p2-finite-linear-memory-skill-decomposition,2.0
Zarra EMEP,GLOBAL_COMMON_WITH_SARIMA,1,7,hgb_direct,70,,SUPPRESSED_TOTAL_NONPOSITIVE,-22.11263656900386,0.27714285714285714,0.01,4a49b08b041c578ec5981dc1472125b2af0a4d59,572a6a79dfaf6247292af8c946e3f621c520377d7eb449bd78e9b309f483fc6a,7e61f4823860ac67fc2cf7b88c0b78031ccbd9e2a1f7bf6285099b2c126d9b06,2026-08-06T11:21:41Z,2026-08-06-p2-finite-linear-memory-skill-decomposition,2.0
Zarra EMEP,GLOBAL_COMMON_WITH_SARIMA,1,7,sarima,70,,SUPPRESSED_TOTAL_NONPOSITIVE,-6.195095315297692,0.27714285714285714,0.01,4a49b08b041c578ec5981dc1472125b2af0a4d59,572a6a79dfaf6247292af8c946e3f621c520377d7eb449bd78e9b309f483fc6a,7e61f4823860ac67fc2cf7b88c0b78031ccbd9e2a1f7bf6285099b2c126d9b06,2026-08-06T11:21:41Z,2026-08-06-p2-finite-linear-memory-skill-decomposition,2.0
Zarra EMEP,GLOBAL_COMMON_WITH_SARIMA,1,14,ridge_direct,70,,SUPPRESSED_TOTAL_NONPOSITIVE,-7.949518497531621,0.27714285714285714,0.01,4a49b08b041c578ec5981dc1472125b2af0a4d59,572a6a79dfaf6247292af8c946e3f621c520377d7eb449bd78e9b309f483fc6a,7e61f4823860ac67fc2cf7b88c0b78031ccbd9e2a1f7bf6285099b2c126d9b06,2026-08-06T11:21:41Z,2026-08-06-p2-finite-linear-memory-skill-decomposition,2.0
Zarra EMEP,GLOBAL_COMMON_WITH_SARIMA,1,14,hgb_direct,70,,SUPPRESSED_TOTAL_NONPOSITIVE,-22.11263656900386,0.27714285714285714,0.01,4a49b08b041c578ec5981dc1472125b2af0a4d59,572a6a79dfaf6247292af8c946e3f621c520377d7eb449bd78e9b309f483fc6a,7e61f4823860ac67fc2cf7b88c0b78031ccbd9e2a1f7bf6285099b2c126d9b06,2026-08-06T11:21:41Z,2026-08-06-p2-finite-linear-memory-skill-decomposition,2.0
Zarra EMEP,GLOBAL_COMMON_WITH_SARIMA,1,14,sarima,70,,SUPPRESSED_TOTAL_NONPOSITIVE,-6.195095315297692,0.27714285714285714,0.01,4a49b08b041c578ec5981dc1472125b2af0a4d59,572a6a79dfaf6247292af8c946e3f621c520377d7eb449bd78e9b309f483fc6a,7e61f4823860ac67fc2cf7b88c0b78031ccbd9e2a1f7bf6285099b2c126d9b06,2026-08-06T11:21:41Z,2026-08-06-p2-finite-linear-memory-skill-decomposition,2.0
Zarra EMEP,GLOBAL_COMMON_WITH_SARIMA,1,21,ridge_direct,70,,SUPPRESSED_TOTAL_NONPOSITIVE,-7.949518497531621,0.27714285714285714,0.01,4a49b08b041c578ec5981dc1472125b2af0a4d59,572a6a79dfaf6247292af8c946e3f621c520377d7eb449bd78e9b309f483fc6a,7e61f4823860ac67fc2cf7b88c0b78031ccbd9e2a1f7bf6285099b2c126d9b06,2026-08-06T11:21:41Z,2026-08-06-p2-finite-linear-memory-skill-decomposition,2.0
Zarra EMEP,GLOBAL_COMMON_WITH_SARIMA,1,21,hgb_direct,70,,SUPPRESSED_TOTAL_NONPOSITIVE,-22.11263656900386,0.27714285714285714,0.01,4a49b08b041c578ec5981dc1472125b2af0a4d59,572a6a79dfaf6247292af8c946e3f621c520377d7eb449bd78e9b309f483fc6a,7e61f4823860ac67fc2cf7b88c0b78031ccbd9e2a1f7bf6285099b2c126d9b06,2026-08-06T11:21:41Z,2026-08-06-p2-finite-linear-memory-skill-decomposition,2.0
Zarra EMEP,GLOBAL_COMMON_WITH_SARIMA,1,21,sarima,70,,SUPPRESSED_TOTAL_NONPOSITIVE,-6.195095315297692,0.27714285714285714,0.01,4a49b08b041c578ec5981dc1472125b2af0a4d59,572a6a79dfaf6247292af8c946e3f621c520377d7eb449bd78e9b309f483fc6a,7e61f4823860ac67fc2cf7b88c0b78031ccbd9e2a1f7bf6285099b2c126d9b06,2026-08-06T11:21:41Z,2026-08-06-p2-finite-linear-memory-skill-decomposition,2.0
Zarra EMEP,GLOBAL_COMMON_WITH_SARIMA,2,7,ridge_direct,70,0.47611058738121126,DEFINED_STABLE,2.594567772884517,0.27885714285714286,0.01,4a49b08b041c578ec5981dc1472125b2af0a4d59,572a6a79dfaf6247292af8c946e3f621c520377d7eb449bd78e9b309f483fc6a,7e61f4823860ac67fc2cf7b88c0b78031ccbd9e2a1f7bf6285099b2c126d9b06,2026-08-06T11:21:41Z,2026-08-06-p2-finite-linear-memory-skill-decomposition,2.0
Zarra EMEP,GLOBAL_COMMON_WITH_SARIMA,2,7,hgb_direct,70,,SUPPRESSED_TOTAL_NONPOSITIVE,-5.253749707673336,0.27885714285714286,0.01,4a49b08b041c578ec5981dc1472125b2af0a4d59,572a6a79dfaf6247292af8c946e3f621c520377d7eb449bd78e9b309f483fc6a,7e61f4823860ac67fc2cf7b88c0b78031ccbd9e2a1f7bf6285099b2c126d9b06,2026-08-06T11:21:41Z,2026-08-06-p2-finite-linear-memory-skill-decomposition,2.0
Zarra EMEP,GLOBAL_COMMON_WITH_SARIMA,2,7,sarima,70,0.4213933656299077,DEFINED_STABLE,2.931468046493457,0.27885714285714286,0.01,4a49b08b041c578ec5981dc1472125b2af0a4d59,572a6a79dfaf6247292af8c946e3f621c520377d7eb449bd78e9b309f483fc6a,7e61f4823860ac67fc2cf7b88c0b78031ccbd9e2a1f7bf6285099b2c126d9b06,2026-08-06T11:21:41Z,2026-08-06-p2-finite-linear-memory-skill-decomposition,2.0
Zarra EMEP,GLOBAL_COMMON_WITH_SARIMA,2,14,ridge_direct,70,-0.549919356876229,DEFINED_STABLE,2.594567772884517,0.27885714285714286,0.01,4a49b08b041c578ec5981dc1472125b2af0a4d59,572a6a79dfaf6247292af8c946e3f621c520377d7eb449bd78e9b309f483fc6a,7e61f4823860ac67fc2cf7b88c0b78031ccbd9e2a1f7bf6285099b2c126d9b06,2026-08-06T11:21:41Z,2026-08-06-p2-finite-linear-memory-skill-decomposition,2.0
Zarra EMEP,GLOBAL_COMMON_WITH_SARIMA,2,14,hgb_direct,70,,SUPPRESSED_TOTAL_NONPOSITIVE,-5.253749707673336,0.27885714285714286,0.01,4a49b08b041c578ec5981dc1472125b2af0a4d59,572a6a79dfaf6247292af8c946e3f621c520377d7eb449bd78e9b309f483fc6a,7e61f4823860ac67fc2cf7b88c0b78031ccbd9e2a1f7bf6285099b2c126d9b06,2026-08-06T11:21:41Z,2026-08-06-p2-finite-linear-memory-skill-decomposition,2.0
Zarra EMEP,GLOBAL_COMMON_WITH_SARIMA,2,14,sarima,70,-0.4867196293485602,DEFINED_STABLE,2.931468046493457,0.27885714285714286,0.01,4a49b08b041c578ec5981dc1472125b2af0a4d59,572a6a79dfaf6247292af8c946e3f621c520377d7eb449bd78e9b309f483fc6a,7e61f4823860ac67fc2cf7b88c0b78031ccbd9e2a1f7bf6285099b2c126d9b06,2026-08-06T11:21:41Z,2026-08-06-p2-finite-linear-memory-skill-decomposition,2.0
Zarra EMEP,GLOBAL_COMMON_WITH_SARIMA,2,21,ridge_direct,70,-0.7145610632666819,DEFINED_STABLE,2.594567772884517,0.27885714285714286,0.01,4a49b08b041c578ec5981dc1472125b2af0a4d59,572a6a79dfaf6247292af8c946e3f621c520377d7eb449bd78e9b309f483fc6a,7e61f4823860ac67fc2cf7b88c0b78031ccbd9e2a1f7bf6285099b2c126d9b06,2026-08-06T11:21:41Z,2026-08-06-p2-finite-linear-memory-skill-decomposition,2.0
Zarra EMEP,GLOBAL_COMMON_WITH_SARIMA,2,21,hgb_direct,70,,SUPPRESSED_TOTAL_NONPOSITIVE,-5.253749707673336,0.27885714285714286,0.01,4a49b08b041c578ec5981dc1472125b2af0a4d59,572a6a79dfaf6247292af8c946e3f621c520377d7eb449bd78e9b309f483fc6a,7e61f4823860ac67fc2cf7b88c0b78031ccbd9e2a1f7bf6285099b2c126d9b06,2026-08-06T11:21:41Z,2026-08-06-p2-finite-linear-memory-skill-decomposition,2.0
Zarra EMEP,GLOBAL_COMMON_WITH_SARIMA,2,21,sarima,70,-0.6324398141496049,DEFINED_STABLE,2.931468046493457,0.27885714285714286,0.01,4a49b08b041c578ec5981dc1472125b2af0a4d59,572a6a79dfaf6247292af8c946e3f621c520377d7eb449bd78e9b309f483fc6a,7e61f4823860ac67fc2cf7b88c0b78031ccbd9e2a1f7bf6285099b2c126d9b06,2026-08-06T11:21:41Z,2026-08-06-p2-finite-linear-memory-skill-decomposition,2.0
Zarra EMEP,GLOBAL_COMMON_WITH_SARIMA,3,7,ridge_direct,73,0.9825112733615479,DEFINED_STABLE,51.598125921301694,0.9976712328767124,0.01,4a49b08b041c578ec5981dc1472125b2af0a4d59,572a6a79dfaf6247292af8c946e3f621c520377d7eb449bd78e9b309f483fc6a,7e61f4823860ac67fc2cf7b88c0b78031ccbd9e2a1f7bf6285099b2c126d9b06,2026-08-06T11:21:41Z,2026-08-06-p2-finite-linear-memory-skill-decomposition,2.0
Zarra EMEP,GLOBAL_COMMON_WITH_SARIMA,3,7,hgb_direct,73,1.008705538969666,DEFINED_STABLE,50.25821554800855,0.9976712328767124,0.01,4a49b08b041c578ec5981dc1472125b2af0a4d59,572a6a79dfaf6247292af8c946e3f621c520377d7eb449bd78e9b309f483fc6a,7e61f4823860ac67fc2cf7b88c0b78031ccbd9e2a1f7bf6285099b2c126d9b06,2026-08-06T11:21:41Z,2026-08-06-p2-finite-linear-memory-skill-decomposition,2.0
Zarra EMEP,GLOBAL_COMMON_WITH_SARIMA,3,7,sarima,73,1.2503006101350067,DEFINED_STABLE,40.546841288459035,0.9976712328767124,0.01,4a49b08b041c578ec5981dc1472125b2af0a4d59,572a6a79dfaf6247292af8c946e3f621c520377d7eb449bd78e9b309f483fc6a,7e61f4823860ac67fc2cf7b88c0b78031ccbd9e2a1f7bf6285099b2c126d9b06,2026-08-06T11:21:41Z,2026-08-06-p2-finite-linear-memory-skill-decomposition,2.0
Zarra EMEP,GLOBAL_COMMON_WITH_SARIMA,3,14,ridge_direct,73,0.9598207404890943,DEFINED_STABLE,51.598125921301694,0.9976712328767124,0.01,4a49b08b041c578ec5981dc1472125b2af0a4d59,572a6a79dfaf6247292af8c946e3f621c520377d7eb449bd78e9b309f483fc6a,7e61f4823860ac67fc2cf7b88c0b78031ccbd9e2a1f7bf6285099b2c126d9b06,2026-08-06T11:21:41Z,2026-08-06-p2-finite-linear-memory-skill-decomposition,2.0
Zarra EMEP,GLOBAL_COMMON_WITH_SARIMA,3,14,hgb_direct,73,0.9854100645958114,DEFINED_STABLE,50.25821554800855,0.9976712328767124,0.01,4a49b08b041c578ec5981dc1472125b2af0a4d59,572a6a79dfaf6247292af8c946e3f621c520377d7eb449bd78e9b309f483fc6a,7e61f4823860ac67fc2cf7b88c0b78031ccbd9e2a1f7bf6285099b2c126d9b06,2026-08-06T11:21:41Z,2026-08-06-p2-finite-linear-memory-skill-decomposition,2.0
Zarra EMEP,GLOBAL_COMMON_WITH_SARIMA,3,14,sarima,73,1.221425636520045,DEFINED_STABLE,40.546841288459035,0.9976712328767124,0.01,4a49b08b041c578ec5981dc1472125b2af0a4d59,572a6a79dfaf6247292af8c946e3f621c520377d7eb449bd78e9b309f483fc6a,7e61f4823860ac67fc2cf7b88c0b78031ccbd9e2a1f7bf6285099b2c126d9b06,2026-08-06T11:21:41Z,2026-08-06-p2-finite-linear-memory-skill-decomposition,2.0
Zarra EMEP,GLOBAL_COMMON_WITH_SARIMA,3,21,ridge_direct,73,0.9629017862009787,DEFINED_STABLE,51.598125921301694,0.9976712328767124,0.01,4a49b08b041c578ec5981dc1472125b2af0a4d59,572a6a79dfaf6247292af8c946e3f621c520377d7eb449bd78e9b309f483fc6a,7e61f4823860ac67fc2cf7b88c0b78031ccbd9e2a1f7bf6285099b2c126d9b06,2026-08-06T11:21:41Z,2026-08-06-p2-finite-linear-memory-skill-decomposition,2.0
Zarra EMEP,GLOBAL_COMMON_WITH_SARIMA,3,21,hgb_direct,73,0.9885732526015463,DEFINED_STABLE,50.25821554800855,0.9976712328767124,0.01,4a49b08b041c578ec5981dc1472125b2af0a4d59,572a6a79dfaf6247292af8c946e3f621c520377d7eb449bd78e9b309f483fc6a,7e61f4823860ac67fc2cf7b88c0b78031ccbd9e2a1f7bf6285099b2c126d9b06,2026-08-06T11:21:41Z,2026-08-06-p2-finite-linear-memory-skill-decomposition,2.0
Zarra EMEP,GLOBAL_COMMON_WITH_SARIMA,3,21,sarima,73,1.2253464397086364,DEFINED_STABLE,40.546841288459035,0.9976712328767124,0.01,4a49b08b041c578ec5981dc1472125b2af0a4d59,572a6a79dfaf6247292af8c946e3f621c520377d7eb449bd78e9b309f483fc6a,7e61f4823860ac67fc2cf7b88c0b78031ccbd9e2a1f7bf6285099b2c126d9b06,2026-08-06T11:21:41Z,2026-08-06-p2-finite-linear-memory-skill-decomposition,2.0
Zarra EMEP,GLOBAL_COMMON_WITH_SARIMA,4,7,ridge_direct,70,0.9917609267322176,DEFINED_STABLE,52.938598277159116,1.2281428571428572,0.01,4a49b08b041c578ec5981dc1472125b2af0a4d59,572a6a79dfaf6247292af8c946e3f621c520377d7eb449bd78e9b309f483fc6a,7e61f4823860ac67fc2cf7b88c0b78031ccbd9e2a1f7bf6285099b2c126d9b06,2026-08-06T11:21:41Z,2026-08-06-p2-finite-linear-memory-skill-decomposition,2.0
Zarra EMEP,GLOBAL_COMMON_WITH_SARIMA,4,7,hgb_direct,70,1.119760760256834,DEFINED_STABLE,46.88718800542509,1.2281428571428572,0.01,4a49b08b041c578ec5981dc1472125b2af0a4d59,572a6a79dfaf6247292af8c946e3f621c520377d7eb449bd78e9b309f483fc6a,7e61f4823860ac67fc2cf7b88c0b78031ccbd9e2a1f7bf6285099b2c126d9b06,2026-08-06T11:21:41Z,2026-08-06-p2-finite-linear-memory-skill-decomposition,2.0
Zarra EMEP,GLOBAL_COMMON_WITH_SARIMA,4,7,sarima,70,1.0571720601270784,DEFINED_STABLE,49.66309200505053,1.2281428571428572,0.01,4a49b08b041c578ec5981dc1472125b2af0a4d59,572a6a79dfaf6247292af8c946e3f621c520377d7eb449bd78e9b309f483fc6a,7e61f4823860ac67fc2cf7b88c0b78031ccbd9e2a1f7bf6285099b2c126d9b06,2026-08-06T11:21:41Z,2026-08-06-p2-finite-linear-memory-skill-decomposition,2.0
Zarra EMEP,GLOBAL_COMMON_WITH_SARIMA,4,14,ridge_direct,70,0.9540990872076549,DEFINED_STABLE,52.938598277159116,1.2281428571428572,0.01,4a49b08b041c578ec5981dc1472125b2af0a4d59,572a6a79dfaf6247292af8c946e3f621c520377d7eb449bd78e9b309f483fc6a,7e61f4823860ac67fc2cf7b88c0b78031ccbd9e2a1f7bf6285099b2c126d9b06,2026-08-06T11:21:41Z,2026-08-06-p2-finite-linear-memory-skill-decomposition,2.0
Zarra EMEP,GLOBAL_COMMON_WITH_SARIMA,4,14,hgb_direct,70,1.077238163407158,DEFINED_STABLE,46.88718800542509,1.2281428571428572,0.01,4a49b08b041c578ec5981dc1472125b2af0a4d59,572a6a79dfaf6247292af8c946e3f621c520377d7eb449bd78e9b309f483fc6a,7e61f4823860ac67fc2cf7b88c0b78031ccbd9e2a1f7bf6285099b2c126d9b06,2026-08-06T11:21:41Z,2026-08-06-p2-finite-linear-memory-skill-decomposition,2.0
Zarra EMEP,GLOBAL_COMMON_WITH_SARIMA,4,14,sarima,70,1.0170262513891346,DEFINED_STABLE,49.66309200505053,1.2281428571428572,0.01,4a49b08b041c578ec5981dc1472125b2af0a4d59,572a6a79dfaf6247292af8c946e3f621c520377d7eb449bd78e9b309f483fc6a,7e61f4823860ac67fc2cf7b88c0b78031ccbd9e2a1f7bf6285099b2c126d9b06,2026-08-06T11:21:41Z,2026-08-06-p2-finite-linear-memory-skill-decomposition,2.0
Zarra EMEP,GLOBAL_COMMON_WITH_SARIMA,4,21,ridge_direct,70,0.9450546328012429,DEFINED_STABLE,52.938598277159116,1.2281428571428572,0.01,4a49b08b041c578ec5981dc1472125b2af0a4d59,572a6a79dfaf6247292af8c946e3f621c520377d7eb449bd78e9b309f483fc6a,7e61f4823860ac67fc2cf7b88c0b78031ccbd9e2a1f7bf6285099b2c126d9b06,2026-08-06T11:21:41Z,2026-08-06-p2-finite-linear-memory-skill-decomposition,2.0
Zarra EMEP,GLOBAL_COMMON_WITH_SARIMA,4,21,hgb_direct,70,1.0670264028212655,DEFINED_STABLE,46.88718800542509,1.2281428571428572,0.01,4a49b08b041c578ec5981dc1472125b2af0a4d59,572a6a79dfaf6247292af8c946e3f621c520377d7eb449bd78e9b309f483fc6a,7e61f4823860ac67fc2cf7b88c0b78031ccbd9e2a1f7bf6285099b2c126d9b06,2026-08-06T11:21:41Z,2026-08-06-p2-finite-linear-memory-skill-decomposition,2.0
Zarra EMEP,GLOBAL_COMMON_WITH_SARIMA,4,21,sarima,70,1.0073852741739338,DEFINED_STABLE,49.66309200505053,1.2281428571428572,0.01,4a49b08b041c578ec5981dc1472125b2af0a4d59,572a6a79dfaf6247292af8c946e3f621c520377d7eb449bd78e9b309f483fc6a,7e61f4823860ac67fc2cf7b88c0b78031ccbd9e2a1f7bf6285099b2c126d9b06,2026-08-06T11:21:41Z,2026-08-06-p2-finite-linear-memory-skill-decomposition,2.0
Zarra EMEP,GLOBAL_COMMON_WITH_SARIMA,5,7,ridge_direct,70,1.0091961784645502,DEFINED_STABLE,73.49212684954884,1.2142857142857144,0.01,4a49b08b041c578ec5981dc1472125b2af0a4d59,572a6a79dfaf6247292af8c946e3f621c520377d7eb449bd78e9b309f483fc6a,7e61f4823860ac67fc2cf7b88c0b78031ccbd9e2a1f7bf6285099b2c126d9b06,2026-08-06T11:21:41Z,2026-08-06-p2-finite-linear-memory-skill-decomposition,2.0
Zarra EMEP,GLOBAL_COMMON_WITH_SARIMA,5,7,hgb_direct,70,0.9561082061588021,DEFINED_STABLE,77.57278212449306,1.2142857142857144,0.01,4a49b08b041c578ec5981dc1472125b2af0a4d59,572a6a79dfaf6247292af8c946e3f621c520377d7eb449bd78e9b309f483fc6a,7e61f4823860ac67fc2cf7b88c0b78031ccbd9e2a1f7bf6285099b2c126d9b06,2026-08-06T11:21:41Z,2026-08-06-p2-finite-linear-memory-skill-decomposition,2.0
Zarra EMEP,GLOBAL_COMMON_WITH_SARIMA,5,7,sarima,70,1.040260788756011,DEFINED_STABLE,71.29748075238896,1.2142857142857144,0.01,4a49b08b041c578ec5981dc1472125b2af0a4d59,572a6a79dfaf6247292af8c946e3f621c520377d7eb449bd78e9b309f483fc6a,7e61f4823860ac67fc2cf7b88c0b78031ccbd9e2a1f7bf6285099b2c126d9b06,2026-08-06T11:21:41Z,2026-08-06-p2-finite-linear-memory-skill-decomposition,2.0
Zarra EMEP,GLOBAL_COMMON_WITH_SARIMA,5,14,ridge_direct,70,1.0524626744546357,DEFINED_STABLE,73.49212684954884,1.2142857142857144,0.01,4a49b08b041c578ec5981dc1472125b2af0a4d59,572a6a79dfaf6247292af8c946e3f621c520377d7eb449bd78e9b309f483fc6a,7e61f4823860ac67fc2cf7b88c0b78031ccbd9e2a1f7bf6285099b2c126d9b06,2026-08-06T11:21:41Z,2026-08-06-p2-finite-linear-memory-skill-decomposition,2.0
Zarra EMEP,GLOBAL_COMMON_WITH_SARIMA,5,14,hgb_direct,70,0.9970987021105373,DEFINED_STABLE,77.57278212449306,1.2142857142857144,0.01,4a49b08b041c578ec5981dc1472125b2af0a4d59,572a6a79dfaf6247292af8c946e3f621c520377d7eb449bd78e9b309f483fc6a,7e61f4823860ac67fc2cf7b88c0b78031ccbd9e2a1f7bf6285099b2c126d9b06,2026-08-06T11:21:41Z,2026-08-06-p2-finite-linear-memory-skill-decomposition,2.0
Zarra EMEP,GLOBAL_COMMON_WITH_SARIMA,5,14,sarima,70,1.0848590940268787,DEFINED_STABLE,71.29748075238896,1.2142857142857144,0.01,4a49b08b041c578ec5981dc1472125b2af0a4d59,572a6a79dfaf6247292af8c946e3f621c520377d7eb449bd78e9b309f483fc6a,7e61f4823860ac67fc2cf7b88c0b78031ccbd9e2a1f7bf6285099b2c126d9b06,2026-08-06T11:21:41Z,2026-08-06-p2-finite-linear-memory-skill-decomposition,2.0
Zarra EMEP,GLOBAL_COMMON_WITH_SARIMA,5,21,ridge_direct,70,1.0454070395991841,DEFINED_STABLE,73.49212684954884,1.2142857142857144,0.01,4a49b08b041c578ec5981dc1472125b2af0a4d59,572a6a79dfaf6247292af8c946e3f621c520377d7eb449bd78e9b309f483fc6a,7e61f4823860ac67fc2cf7b88c0b78031ccbd9e2a1f7bf6285099b2c126d9b06,2026-08-06T11:21:41Z,2026-08-06-p2-finite-linear-memory-skill-decomposition,2.0
Zarra EMEP,GLOBAL_COMMON_WITH_SARIMA,5,21,hgb_direct,70,0.9904142233848835,DEFINED_STABLE,77.57278212449306,1.2142857142857144,0.01,4a49b08b041c578ec5981dc1472125b2af0a4d59,572a6a79dfaf6247292af8c946e3f621c520377d7eb449bd78e9b309f483fc6a,7e61f4823860ac67fc2cf7b88c0b78031ccbd9e2a1f7bf6285099b2c126d9b06,2026-08-06T11:21:41Z,2026-08-06-p2-finite-linear-memory-skill-decomposition,2.0
Zarra EMEP,GLOBAL_COMMON_WITH_SARIMA,5,21,sarima,70,1.0775862758805859,DEFINED_STABLE,71.29748075238896,1.2142857142857144,0.01,4a49b08b041c578ec5981dc1472125b2af0a4d59,572a6a79dfaf6247292af8c946e3f621c520377d7eb449bd78e9b309f483fc6a,7e61f4823860ac67fc2cf7b88c0b78031ccbd9e2a1f7bf6285099b2c126d9b06,2026-08-06T11:21:41Z,2026-08-06-p2-finite-linear-memory-skill-decomposition,2.0
Zarra EMEP,GLOBAL_COMMON_WITH_SARIMA,6,7,ridge_direct,69,0.988032935942725,DEFINED_STABLE,70.7245385501229,1.1666666666666667,0.01,4a49b08b041c578ec5981dc1472125b2af0a4d59,572a6a79dfaf6247292af8c946e3f621c520377d7eb449bd78e9b309f483fc6a,7e61f4823860ac67fc2cf7b88c0b78031ccbd9e2a1f7bf6285099b2c126d9b06,2026-08-06T11:21:41Z,2026-08-06-p2-finite-linear-memory-skill-decomposition,2.0
Zarra EMEP,GLOBAL_COMMON_WITH_SARIMA,6,7,hgb_direct,69,0.914575534975202,DEFINED_STABLE,76.40503249276951,1.1666666666666667,0.01,4a49b08b041c578ec5981dc1472125b2af0a4d59,572a6a79dfaf6247292af8c946e3f621c520377d7eb449bd78e9b309f483fc6a,7e61f4823860ac67fc2cf7b88c0b78031ccbd9e2a1f7bf6285099b2c126d9b06,2026-08-06T11:21:41Z,2026-08-06-p2-finite-linear-memory-skill-decomposition,2.0
Zarra EMEP,GLOBAL_COMMON_WITH_SARIMA,6,7,sarima,69,1.0847724228880198,DEFINED_STABLE,64.41735795682726,1.1666666666666667,0.01,4a49b08b041c578ec5981dc1472125b2af0a4d59,572a6a79dfaf6247292af8c946e3f621c520377d7eb449bd78e9b309f483fc6a,7e61f4823860ac67fc2cf7b88c0b78031ccbd9e2a1f7bf6285099b2c126d9b06,2026-08-06T11:21:41Z,2026-08-06-p2-finite-linear-memory-skill-decomposition,2.0
Zarra EMEP,GLOBAL_COMMON_WITH_SARIMA,6,14,ridge_direct,69,1.0330061418078673,DEFINED_STABLE,70.7245385501229,1.1666666666666667,0.01,4a49b08b041c578ec5981dc1472125b2af0a4d59,572a6a79dfaf6247292af8c946e3f621c520377d7eb449bd78e9b309f483fc6a,7e61f4823860ac67fc2cf7b88c0b78031ccbd9e2a1f7bf6285099b2c126d9b06,2026-08-06T11:21:41Z,2026-08-06-p2-finite-linear-memory-skill-decomposition,2.0
Zarra EMEP,GLOBAL_COMMON_WITH_SARIMA,6,14,hgb_direct,69,0.9562051126111107,DEFINED_STABLE,76.40503249276951,1.1666666666666667,0.01,4a49b08b041c578ec5981dc1472125b2af0a4d59,572a6a79dfaf6247292af8c946e3f621c520377d7eb449bd78e9b309f483fc6a,7e61f4823860ac67fc2cf7b88c0b78031ccbd9e2a1f7bf6285099b2c126d9b06,2026-08-06T11:21:41Z,2026-08-06-p2-finite-linear-memory-skill-decomposition,2.0
Zarra EMEP,GLOBAL_COMMON_WITH_SARIMA,6,14,sarima,69,1.13414900915012,DEFINED_STABLE,64.41735795682726,1.1666666666666667,0.01,4a49b08b041c578ec5981dc1472125b2af0a4d59,572a6a79dfaf6247292af8c946e3f621c520377d7eb449bd78e9b309f483fc6a,7e61f4823860ac67fc2cf7b88c0b78031ccbd9e2a1f7bf6285099b2c126d9b06,2026-08-06T11:21:41Z,2026-08-06-p2-finite-linear-memory-skill-decomposition,2.0
Zarra EMEP,GLOBAL_COMMON_WITH_SARIMA,6,21,ridge_direct,69,0.9991779484338768,DEFINED_STABLE,70.7245385501229,1.1666666666666667,0.01,4a49b08b041c578ec5981dc1472125b2af0a4d59,572a6a79dfaf6247292af8c946e3f621c520377d7eb449bd78e9b309f483fc6a,7e61f4823860ac67fc2cf7b88c0b78031ccbd9e2a1f7bf6285099b2c126d9b06,2026-08-06T11:21:41Z,2026-08-06-p2-finite-linear-memory-skill-decomposition,2.0
Zarra EMEP,GLOBAL_COMMON_WITH_SARIMA,6,21,hgb_direct,69,0.924891947911047,DEFINED_STABLE,76.40503249276951,1.1666666666666667,0.01,4a49b08b041c578ec5981dc1472125b2af0a4d59,572a6a79dfaf6247292af8c946e3f621c520377d7eb449bd78e9b309f483fc6a,7e61f4823860ac67fc2cf7b88c0b78031ccbd9e2a1f7bf6285099b2c126d9b06,2026-08-06T11:21:41Z,2026-08-06-p2-finite-linear-memory-skill-decomposition,2.0
Zarra EMEP,GLOBAL_COMMON_WITH_SARIMA,6,21,sarima,69,1.0970086568872524,DEFINED_STABLE,64.41735795682726,1.1666666666666667,0.01,4a49b08b041c578ec5981dc1472125b2af0a4d59,572a6a79dfaf6247292af8c946e3f621c520377d7eb449bd78e9b309f483fc6a,7e61f4823860ac67fc2cf7b88c0b78031ccbd9e2a1f7bf6285099b2c126d9b06,2026-08-06T11:21:41Z,2026-08-06-p2-finite-linear-memory-skill-decomposition,2.0
Zarra EMEP,GLOBAL_COMMON_WITH_SARIMA,7,7,ridge_direct,72,1.0074290267812884,DEFINED_STABLE,63.965871988719556,2.0116666666666667,0.01,4a49b08b041c578ec5981dc1472125b2af0a4d59,572a6a79dfaf6247292af8c946e3f621c520377d7eb449bd78e9b309f483fc6a,7e61f4823860ac67fc2cf7b88c0b78031ccbd9e2a1f7bf6285099b2c126d9b06,2026-08-06T11:21:41Z,2026-08-06-p2-finite-linear-memory-skill-decomposition,2.0
Zarra EMEP,GLOBAL_COMMON_WITH_SARIMA,7,7,hgb_direct,72,0.9888166650149306,DEFINED_STABLE,65.1698929081451,2.0116666666666667,0.01,4a49b08b041c578ec5981dc1472125b2af0a4d59,572a6a79dfaf6247292af8c946e3f621c520377d7eb449bd78e9b309f483fc6a,7e61f4823860ac67fc2cf7b88c0b78031ccbd9e2a1f7bf6285099b2c126d9b06,2026-08-06T11:21:41Z,2026-08-06-p2-finite-linear-memory-skill-decomposition,2.0
Zarra EMEP,GLOBAL_COMMON_WITH_SARIMA,7,7,sarima,72,1.2046652318428515,DEFINED_STABLE,53.49293269320364,2.0116666666666667,0.01,4a49b08b041c578ec5981dc1472125b2af0a4d59,572a6a79dfaf6247292af8c946e3f621c520377d7eb449bd78e9b309f483fc6a,7e61f4823860ac67fc2cf7b88c0b78031ccbd9e2a1f7bf6285099b2c126d9b06,2026-08-06T11:21:41Z,2026-08-06-p2-finite-linear-memory-skill-decomposition,2.0
Zarra EMEP,GLOBAL_COMMON_WITH_SARIMA,7,14,ridge_direct,72,1.0357269961657074,DEFINED_STABLE,63.965871988719556,2.0116666666666667,0.01,4a49b08b041c578ec5981dc1472125b2af0a4d59,572a6a79dfaf6247292af8c946e3f621c520377d7eb449bd78e9b309f483fc6a,7e61f4823860ac67fc2cf7b88c0b78031ccbd9e2a1f7bf6285099b2c126d9b06,2026-08-06T11:21:41Z,2026-08-06-p2-finite-linear-memory-skill-decomposition,2.0
Zarra EMEP,GLOBAL_COMMON_WITH_SARIMA,7,14,hgb_direct,72,1.016591826311202,DEFINED_STABLE,65.1698929081451,2.0116666666666667,0.01,4a49b08b041c578ec5981dc1472125b2af0a4d59,572a6a79dfaf6247292af8c946e3f621c520377d7eb449bd78e9b309f483fc6a,7e61f4823860ac67fc2cf7b88c0b78031ccbd9e2a1f7bf6285099b2c126d9b06,2026-08-06T11:21:41Z,2026-08-06-p2-finite-linear-memory-skill-decomposition,2.0
Zarra EMEP,GLOBAL_COMMON_WITH_SARIMA,7,14,sarima,72,1.2385034268351862,DEFINED_STABLE,53.49293269320364,2.0116666666666667,0.01,4a49b08b041c578ec5981dc1472125b2af0a4d59,572a6a79dfaf6247292af8c946e3f621c520377d7eb449bd78e9b309f483fc6a,7e61f4823860ac67fc2cf7b88c0b78031ccbd9e2a1f7bf6285099b2c126d9b06,2026-08-06T11:21:41Z,2026-08-06-p2-finite-linear-memory-skill-decomposition,2.0
Zarra EMEP,GLOBAL_COMMON_WITH_SARIMA,7,21,ridge_direct,72,0.9603850386884429,DEFINED_STABLE,63.965871988719556,2.0116666666666667,0.01,4a49b08b041c578ec5981dc1472125b2af0a4d59,572a6a79dfaf6247292af8c946e3f621c520377d7eb449bd78e9b309f483fc6a,7e61f4823860ac67fc2cf7b88c0b78031ccbd9e2a1f7bf6285099b2c126d9b06,2026-08-06T11:21:41Z,2026-08-06-p2-finite-linear-memory-skill-decomposition,2.0
Zarra EMEP,GLOBAL_COMMON_WITH_SARIMA,7,21,hgb_direct,72,0.9426418197619673,DEFINED_STABLE,65.1698929081451,2.0116666666666667,0.01,4a49b08b041c578ec5981dc1472125b2af0a4d59,572a6a79dfaf6247292af8c946e3f621c520377d7eb449bd78e9b309f483fc6a,7e61f4823860ac67fc2cf7b88c0b78031ccbd9e2a1f7bf6285099b2c126d9b06,2026-08-06T11:21:41Z,2026-08-06-p2-finite-linear-memory-skill-decomposition,2.0
Zarra EMEP,GLOBAL_COMMON_WITH_SARIMA,7,21,sarima,72,1.1484108900320478,DEFINED_STABLE,53.49293269320364,2.0116666666666667,0.01,4a49b08b041c578ec5981dc1472125b2af0a4d59,572a6a79dfaf6247292af8c946e3f621c520377d7eb449bd78e9b309f483fc6a,7e61f4823860ac67fc2cf7b88c0b78031ccbd9e2a1f7bf6285099b2c126d9b06,2026-08-06T11:21:41Z,2026-08-06-p2-finite-linear-memory-skill-decomposition,2.0
Zarra EMEP,ORDER_SPECIFIC_p7,1,7,ridge_direct,1463,1.0695768226250917,DEFINED_STABLE,11.61979424034348,0.7121326042378674,0.01,4a49b08b041c578ec5981dc1472125b2af0a4d59,572a6a79dfaf6247292af8c946e3f621c520377d7eb449bd78e9b309f483fc6a,7e61f4823860ac67fc2cf7b88c0b78031ccbd9e2a1f7bf6285099b2c126d9b06,2026-08-06T11:21:41Z,2026-08-06-p2-finite-linear-memory-skill-decomposition,2.0
Zarra EMEP,ORDER_SPECIFIC_p7,1,7,hgb_direct,1463,1.5579138582827523,DEFINED_STABLE,7.977503080204492,0.7121326042378674,0.01,4a49b08b041c578ec5981dc1472125b2af0a4d59,572a6a79dfaf6247292af8c946e3f621c520377d7eb449bd78e9b309f483fc6a,7e61f4823860ac67fc2cf7b88c0b78031ccbd9e2a1f7bf6285099b2c126d9b06,2026-08-06T11:21:41Z,2026-08-06-p2-finite-linear-memory-skill-decomposition,2.0
Zarra EMEP,ORDER_SPECIFIC_p7,2,7,ridge_direct,1459,1.0415229563312098,DEFINED_STABLE,43.886677763181865,1.339451679232351,0.01,4a49b08b041c578ec5981dc1472125b2af0a4d59,572a6a79dfaf6247292af8c946e3f621c520377d7eb449bd78e9b309f483fc6a,7e61f4823860ac67fc2cf7b88c0b78031ccbd9e2a1f7bf6285099b2c126d9b06,2026-08-06T11:21:41Z,2026-08-06-p2-finite-linear-memory-skill-decomposition,2.0
Zarra EMEP,ORDER_SPECIFIC_p7,2,7,hgb_direct,1459,0.9721978624580822,DEFINED_STABLE,47.01613131702926,1.339451679232351,0.01,4a49b08b041c578ec5981dc1472125b2af0a4d59,572a6a79dfaf6247292af8c946e3f621c520377d7eb449bd78e9b309f483fc6a,7e61f4823860ac67fc2cf7b88c0b78031ccbd9e2a1f7bf6285099b2c126d9b06,2026-08-06T11:21:41Z,2026-08-06-p2-finite-linear-memory-skill-decomposition,2.0
Zarra EMEP,ORDER_SPECIFIC_p7,3,7,ridge_direct,1456,1.0223716562269978,DEFINED_STABLE,64.54619734854548,1.6549519230769232,0.01,4a49b08b041c578ec5981dc1472125b2af0a4d59,572a6a79dfaf6247292af8c946e3f621c520377d7eb449bd78e9b309f483fc6a,7e61f4823860ac67fc2cf7b88c0b78031ccbd9e2a1f7bf6285099b2c126d9b06,2026-08-06T11:21:41Z,2026-08-06-p2-finite-linear-memory-skill-decomposition,2.0
Zarra EMEP,ORDER_SPECIFIC_p7,3,7,hgb_direct,1456,0.974630603960747,DEFINED_STABLE,67.70791150843529,1.6549519230769232,0.01,4a49b08b041c578ec5981dc1472125b2af0a4d59,572a6a79dfaf6247292af8c946e3f621c520377d7eb449bd78e9b309f483fc6a,7e61f4823860ac67fc2cf7b88c0b78031ccbd9e2a1f7bf6285099b2c126d9b06,2026-08-06T11:21:41Z,2026-08-06-p2-finite-linear-memory-skill-decomposition,2.0
Zarra EMEP,ORDER_SPECIFIC_p7,4,7,ridge_direct,1456,1.0164978975816528,DEFINED_STABLE,70.93991266044883,1.7787156593406592,0.01,4a49b08b041c578ec5981dc1472125b2af0a4d59,572a6a79dfaf6247292af8c946e3f621c520377d7eb449bd78e9b309f483fc6a,7e61f4823860ac67fc2cf7b88c0b78031ccbd9e2a1f7bf6285099b2c126d9b06,2026-08-06T11:21:41Z,2026-08-06-p2-finite-linear-memory-skill-decomposition,2.0
Zarra EMEP,ORDER_SPECIFIC_p7,4,7,hgb_direct,1456,0.9772238187197354,DEFINED_STABLE,73.79094808438484,1.7787156593406592,0.01,4a49b08b041c578ec5981dc1472125b2af0a4d59,572a6a79dfaf6247292af8c946e3f621c520377d7eb449bd78e9b309f483fc6a,7e61f4823860ac67fc2cf7b88c0b78031ccbd9e2a1f7bf6285099b2c126d9b06,2026-08-06T11:21:41Z,2026-08-06-p2-finite-linear-memory-skill-decomposition,2.0
Zarra EMEP,ORDER_SPECIFIC_p7,5,7,ridge_direct,1454,1.0152325870399674,DEFINED_STABLE,71.37495744981992,1.9167056396148556,0.01,4a49b08b041c578ec5981dc1472125b2af0a4d59,572a6a79dfaf6247292af8c946e3f621c520377d7eb449bd78e9b309f483fc6a,7e61f4823860ac67fc2cf7b88c0b78031ccbd9e2a1f7bf6285099b2c126d9b06,2026-08-06T11:21:41Z,2026-08-06-p2-finite-linear-memory-skill-decomposition,2.0
Zarra EMEP,ORDER_SPECIFIC_p7,5,7,hgb_direct,1454,0.9817338044655983,DEFINED_STABLE,73.81041823357879,1.9167056396148556,0.01,4a49b08b041c578ec5981dc1472125b2af0a4d59,572a6a79dfaf6247292af8c946e3f621c520377d7eb449bd78e9b309f483fc6a,7e61f4823860ac67fc2cf7b88c0b78031ccbd9e2a1f7bf6285099b2c126d9b06,2026-08-06T11:21:41Z,2026-08-06-p2-finite-linear-memory-skill-decomposition,2.0
Zarra EMEP,ORDER_SPECIFIC_p7,6,7,ridge_direct,1451,1.0134181129400472,DEFINED_STABLE,73.53628562622531,1.9715368711233632,0.01,4a49b08b041c578ec5981dc1472125b2af0a4d59,572a6a79dfaf6247292af8c946e3f621c520377d7eb449bd78e9b309f483fc6a,7e61f4823860ac67fc2cf7b88c0b78031ccbd9e2a1f7bf6285099b2c126d9b06,2026-08-06T11:21:41Z,2026-08-06-p2-finite-linear-memory-skill-decomposition,2.0
Zarra EMEP,ORDER_SPECIFIC_p7,6,7,hgb_direct,1451,0.9959628870084326,DEFINED_STABLE,74.82508111903029,1.9715368711233632,0.01,4a49b08b041c578ec5981dc1472125b2af0a4d59,572a6a79dfaf6247292af8c946e3f621c520377d7eb449bd78e9b309f483fc6a,7e61f4823860ac67fc2cf7b88c0b78031ccbd9e2a1f7bf6285099b2c126d9b06,2026-08-06T11:21:41Z,2026-08-06-p2-finite-linear-memory-skill-decomposition,2.0
Zarra EMEP,ORDER_SPECIFIC_p7,7,7,ridge_direct,1449,1.0125068575793714,DEFINED_STABLE,77.36921214604354,2.0893857832988267,0.01,4a49b08b041c578ec5981dc1472125b2af0a4d59,572a6a79dfaf6247292af8c946e3f621c520377d7eb449bd78e9b309f483fc6a,7e61f4823860ac67fc2cf7b88c0b78031ccbd9e2a1f7bf6285099b2c126d9b06,2026-08-06T11:21:41Z,2026-08-06-p2-finite-linear-memory-skill-decomposition,2.0
Zarra EMEP,ORDER_SPECIFIC_p7,7,7,hgb_direct,1449,1.0198437634532935,DEFINED_STABLE,76.81260666646213,2.0893857832988267,0.01,4a49b08b041c578ec5981dc1472125b2af0a4d59,572a6a79dfaf6247292af8c946e3f621c520377d7eb449bd78e9b309f483fc6a,7e61f4823860ac67fc2cf7b88c0b78031ccbd9e2a1f7bf6285099b2c126d9b06,2026-08-06T11:21:41Z,2026-08-06-p2-finite-linear-memory-skill-decomposition,2.0
Zarra EMEP,ORDER_SPECIFIC_p14,1,14,ridge_direct,1227,1.0616667125214052,DEFINED_STABLE,13.499942365981525,0.7758842705786471,0.01,4a49b08b041c578ec5981dc1472125b2af0a4d59,572a6a79dfaf6247292af8c946e3f621c520377d7eb449bd78e9b309f483fc6a,7e61f4823860ac67fc2cf7b88c0b78031ccbd9e2a1f7bf6285099b2c126d9b06,2026-08-06T11:21:41Z,2026-08-06-p2-finite-linear-memory-skill-decomposition,2.0
Zarra EMEP,ORDER_SPECIFIC_p14,1,14,hgb_direct,1227,1.288631540158235,DEFINED_STABLE,11.12221685118783,0.7758842705786471,0.01,4a49b08b041c578ec5981dc1472125b2af0a4d59,572a6a79dfaf6247292af8c946e3f621c520377d7eb449bd78e9b309f483fc6a,7e61f4823860ac67fc2cf7b88c0b78031ccbd9e2a1f7bf6285099b2c126d9b06,2026-08-06T11:21:41Z,2026-08-06-p2-finite-linear-memory-skill-decomposition,2.0
Zarra EMEP,ORDER_SPECIFIC_p14,2,14,ridge_direct,1224,1.0651168647398432,DEFINED_STABLE,50.185322362548106,1.4585702614379086,0.01,4a49b08b041c578ec5981dc1472125b2af0a4d59,572a6a79dfaf6247292af8c946e3f621c520377d7eb449bd78e9b309f483fc6a,7e61f4823860ac67fc2cf7b88c0b78031ccbd9e2a1f7bf6285099b2c126d9b06,2026-08-06T11:21:41Z,2026-08-06-p2-finite-linear-memory-skill-decomposition,2.0
Zarra EMEP,ORDER_SPECIFIC_p14,2,14,hgb_direct,1224,0.9881911530009815,DEFINED_STABLE,54.09199733110998,1.4585702614379086,0.01,4a49b08b041c578ec5981dc1472125b2af0a4d59,572a6a79dfaf6247292af8c946e3f621c520377d7eb449bd78e9b309f483fc6a,7e61f4823860ac67fc2cf7b88c0b78031ccbd9e2a1f7bf6285099b2c126d9b06,2026-08-06T11:21:41Z,2026-08-06-p2-finite-linear-memory-skill-decomposition,2.0
Zarra EMEP,ORDER_SPECIFIC_p14,3,14,ridge_direct,1221,1.0414334646735774,DEFINED_STABLE,72.45517788806178,1.7997952497952496,0.01,4a49b08b041c578ec5981dc1472125b2af0a4d59,572a6a79dfaf6247292af8c946e3f621c520377d7eb449bd78e9b309f483fc6a,7e61f4823860ac67fc2cf7b88c0b78031ccbd9e2a1f7bf6285099b2c126d9b06,2026-08-06T11:21:41Z,2026-08-06-p2-finite-linear-memory-skill-decomposition,2.0
Zarra EMEP,ORDER_SPECIFIC_p14,3,14,hgb_direct,1221,1.00354561342325,DEFINED_STABLE,75.1906499636904,1.7997952497952496,0.01,4a49b08b041c578ec5981dc1472125b2af0a4d59,572a6a79dfaf6247292af8c946e3f621c520377d7eb449bd78e9b309f483fc6a,7e61f4823860ac67fc2cf7b88c0b78031ccbd9e2a1f7bf6285099b2c126d9b06,2026-08-06T11:21:41Z,2026-08-06-p2-finite-linear-memory-skill-decomposition,2.0
Zarra EMEP,ORDER_SPECIFIC_p14,4,14,ridge_direct,1220,1.0318265249651262,DEFINED_STABLE,78.78716385678946,1.9111065573770492,0.01,4a49b08b041c578ec5981dc1472125b2af0a4d59,572a6a79dfaf6247292af8c946e3f621c520377d7eb449bd78e9b309f483fc6a,7e61f4823860ac67fc2cf7b88c0b78031ccbd9e2a1f7bf6285099b2c126d9b06,2026-08-06T11:21:41Z,2026-08-06-p2-finite-linear-memory-skill-decomposition,2.0
Zarra EMEP,ORDER_SPECIFIC_p14,4,14,hgb_direct,1220,0.997864435159352,DEFINED_STABLE,81.46866711531499,1.9111065573770492,0.01,4a49b08b041c578ec5981dc1472125b2af0a4d59,572a6a79dfaf6247292af8c946e3f621c520377d7eb449bd78e9b309f483fc6a,7e61f4823860ac67fc2cf7b88c0b78031ccbd9e2a1f7bf6285099b2c126d9b06,2026-08-06T11:21:41Z,2026-08-06-p2-finite-linear-memory-skill-decomposition,2.0
Zarra EMEP,ORDER_SPECIFIC_p14,5,14,ridge_direct,1217,1.0362546150339609,DEFINED_STABLE,76.43563923632603,2.0221857025472474,0.01,4a49b08b041c578ec5981dc1472125b2af0a4d59,572a6a79dfaf6247292af8c946e3f621c520377d7eb449bd78e9b309f483fc6a,7e61f4823860ac67fc2cf7b88c0b78031ccbd9e2a1f7bf6285099b2c126d9b06,2026-08-06T11:21:41Z,2026-08-06-p2-finite-linear-memory-skill-decomposition,2.0
Zarra EMEP,ORDER_SPECIFIC_p14,5,14,hgb_direct,1217,1.0072760055206642,DEFINED_STABLE,78.63463785258293,2.0221857025472474,0.01,4a49b08b041c578ec5981dc1472125b2af0a4d59,572a6a79dfaf6247292af8c946e3f621c520377d7eb449bd78e9b309f483fc6a,7e61f4823860ac67fc2cf7b88c0b78031ccbd9e2a1f7bf6285099b2c126d9b06,2026-08-06T11:21:41Z,2026-08-06-p2-finite-linear-memory-skill-decomposition,2.0
Zarra EMEP,ORDER_SPECIFIC_p14,6,14,ridge_direct,1214,1.0382446711616813,DEFINED_STABLE,75.66292988801774,2.069448105436573,0.01,4a49b08b041c578ec5981dc1472125b2af0a4d59,572a6a79dfaf6247292af8c946e3f621c520377d7eb449bd78e9b309f483fc6a,7e61f4823860ac67fc2cf7b88c0b78031ccbd9e2a1f7bf6285099b2c126d9b06,2026-08-06T11:21:41Z,2026-08-06-p2-finite-linear-memory-skill-decomposition,2.0
Zarra EMEP,ORDER_SPECIFIC_p14,6,14,hgb_direct,1214,1.0230803572544347,DEFINED_STABLE,76.78442187232582,2.069448105436573,0.01,4a49b08b041c578ec5981dc1472125b2af0a4d59,572a6a79dfaf6247292af8c946e3f621c520377d7eb449bd78e9b309f483fc6a,7e61f4823860ac67fc2cf7b88c0b78031ccbd9e2a1f7bf6285099b2c126d9b06,2026-08-06T11:21:41Z,2026-08-06-p2-finite-linear-memory-skill-decomposition,2.0
Zarra EMEP,ORDER_SPECIFIC_p14,7,14,ridge_direct,1212,1.0395951442003935,DEFINED_STABLE,80.60654899713052,2.2300825082508253,0.01,4a49b08b041c578ec5981dc1472125b2af0a4d59,572a6a79dfaf6247292af8c946e3f621c520377d7eb449bd78e9b309f483fc6a,7e61f4823860ac67fc2cf7b88c0b78031ccbd9e2a1f7bf6285099b2c126d9b06,2026-08-06T11:21:41Z,2026-08-06-p2-finite-linear-memory-skill-decomposition,2.0
Zarra EMEP,ORDER_SPECIFIC_p14,7,14,hgb_direct,1212,1.0593285925646638,DEFINED_STABLE,79.10498925105975,2.2300825082508253,0.01,4a49b08b041c578ec5981dc1472125b2af0a4d59,572a6a79dfaf6247292af8c946e3f621c520377d7eb449bd78e9b309f483fc6a,7e61f4823860ac67fc2cf7b88c0b78031ccbd9e2a1f7bf6285099b2c126d9b06,2026-08-06T11:21:41Z,2026-08-06-p2-finite-linear-memory-skill-decomposition,2.0
Zarra EMEP,ORDER_SPECIFIC_p21,1,21,ridge_direct,1019,1.0337957435496183,DEFINED_STABLE,13.470368660473099,0.8063984298331698,0.01,4a49b08b041c578ec5981dc1472125b2af0a4d59,572a6a79dfaf6247292af8c946e3f621c520377d7eb449bd78e9b309f483fc6a,7e61f4823860ac67fc2cf7b88c0b78031ccbd9e2a1f7bf6285099b2c126d9b06,2026-08-06T11:21:41Z,2026-08-06-p2-finite-linear-memory-skill-decomposition,2.0
Zarra EMEP,ORDER_SPECIFIC_p21,1,21,hgb_direct,1019,1.4326011004488035,DEFINED_STABLE,9.720507530588009,0.8063984298331698,0.01,4a49b08b041c578ec5981dc1472125b2af0a4d59,572a6a79dfaf6247292af8c946e3f621c520377d7eb449bd78e9b309f483fc6a,7e61f4823860ac67fc2cf7b88c0b78031ccbd9e2a1f7bf6285099b2c126d9b06,2026-08-06T11:21:41Z,2026-08-06-p2-finite-linear-memory-skill-decomposition,2.0
Zarra EMEP,ORDER_SPECIFIC_p21,2,21,ridge_direct,1016,1.0486138203659525,DEFINED_STABLE,52.327717680925204,1.5336614173228347,0.01,4a49b08b041c578ec5981dc1472125b2af0a4d59,572a6a79dfaf6247292af8c946e3f621c520377d7eb449bd78e9b309f483fc6a,7e61f4823860ac67fc2cf7b88c0b78031ccbd9e2a1f7bf6285099b2c126d9b06,2026-08-06T11:21:41Z,2026-08-06-p2-finite-linear-memory-skill-decomposition,2.0
Zarra EMEP,ORDER_SPECIFIC_p21,2,21,hgb_direct,1016,0.9711366279757069,DEFINED_STABLE,56.50241826714273,1.5336614173228347,0.01,4a49b08b041c578ec5981dc1472125b2af0a4d59,572a6a79dfaf6247292af8c946e3f621c520377d7eb449bd78e9b309f483fc6a,7e61f4823860ac67fc2cf7b88c0b78031ccbd9e2a1f7bf6285099b2c126d9b06,2026-08-06T11:21:41Z,2026-08-06-p2-finite-linear-memory-skill-decomposition,2.0
Zarra EMEP,ORDER_SPECIFIC_p21,3,21,ridge_direct,1014,1.0285714771895704,DEFINED_STABLE,77.5350878926573,1.8673471400394477,0.01,4a49b08b041c578ec5981dc1472125b2af0a4d59,572a6a79dfaf6247292af8c946e3f621c520377d7eb449bd78e9b309f483fc6a,7e61f4823860ac67fc2cf7b88c0b78031ccbd9e2a1f7bf6285099b2c126d9b06,2026-08-06T11:21:41Z,2026-08-06-p2-finite-linear-memory-skill-decomposition,2.0
Zarra EMEP,ORDER_SPECIFIC_p21,3,21,hgb_direct,1014,0.982137595624453,DEFINED_STABLE,81.20082180243553,1.8673471400394477,0.01,4a49b08b041c578ec5981dc1472125b2af0a4d59,572a6a79dfaf6247292af8c946e3f621c520377d7eb449bd78e9b309f483fc6a,7e61f4823860ac67fc2cf7b88c0b78031ccbd9e2a1f7bf6285099b2c126d9b06,2026-08-06T11:21:41Z,2026-08-06-p2-finite-linear-memory-skill-decomposition,2.0
Zarra EMEP,ORDER_SPECIFIC_p21,4,21,ridge_direct,1014,1.0230312985055863,DEFINED_STABLE,83.04459213570252,2.0038658777120317,0.01,4a49b08b041c578ec5981dc1472125b2af0a4d59,572a6a79dfaf6247292af8c946e3f621c520377d7eb449bd78e9b309f483fc6a,7e61f4823860ac67fc2cf7b88c0b78031ccbd9e2a1f7bf6285099b2c126d9b06,2026-08-06T11:21:41Z,2026-08-06-p2-finite-linear-memory-skill-decomposition,2.0
Zarra EMEP,ORDER_SPECIFIC_p21,4,21,hgb_direct,1014,0.9888139220657056,DEFINED_STABLE,85.91830579101537,2.0038658777120317,0.01,4a49b08b041c578ec5981dc1472125b2af0a4d59,572a6a79dfaf6247292af8c946e3f621c520377d7eb449bd78e9b309f483fc6a,7e61f4823860ac67fc2cf7b88c0b78031ccbd9e2a1f7bf6285099b2c126d9b06,2026-08-06T11:21:41Z,2026-08-06-p2-finite-linear-memory-skill-decomposition,2.0
Zarra EMEP,ORDER_SPECIFIC_p21,5,21,ridge_direct,1013,1.0339595647821382,DEFINED_STABLE,79.7528177189321,2.1499407699901285,0.01,4a49b08b041c578ec5981dc1472125b2af0a4d59,572a6a79dfaf6247292af8c946e3f621c520377d7eb449bd78e9b309f483fc6a,7e61f4823860ac67fc2cf7b88c0b78031ccbd9e2a1f7bf6285099b2c126d9b06,2026-08-06T11:21:41Z,2026-08-06-p2-finite-linear-memory-skill-decomposition,2.0
Zarra EMEP,ORDER_SPECIFIC_p21,5,21,hgb_direct,1013,1.0056895202593543,DEFINED_STABLE,81.99467831538163,2.1499407699901285,0.01,4a49b08b041c578ec5981dc1472125b2af0a4d59,572a6a79dfaf6247292af8c946e3f621c520377d7eb449bd78e9b309f483fc6a,7e61f4823860ac67fc2cf7b88c0b78031ccbd9e2a1f7bf6285099b2c126d9b06,2026-08-06T11:21:41Z,2026-08-06-p2-finite-linear-memory-skill-decomposition,2.0
Zarra EMEP,ORDER_SPECIFIC_p21,6,21,ridge_direct,1012,1.0391956968847882,DEFINED_STABLE,79.32854498682335,2.21296442687747,0.01,4a49b08b041c578ec5981dc1472125b2af0a4d59,572a6a79dfaf6247292af8c946e3f621c520377d7eb449bd78e9b309f483fc6a,7e61f4823860ac67fc2cf7b88c0b78031ccbd9e2a1f7bf6285099b2c126d9b06,2026-08-06T11:21:41Z,2026-08-06-p2-finite-linear-memory-skill-decomposition,2.0
Zarra EMEP,ORDER_SPECIFIC_p21,6,21,hgb_direct,1012,1.0235795115291402,DEFINED_STABLE,80.53881663504873,2.21296442687747,0.01,4a49b08b041c578ec5981dc1472125b2af0a4d59,572a6a79dfaf6247292af8c946e3f621c520377d7eb449bd78e9b309f483fc6a,7e61f4823860ac67fc2cf7b88c0b78031ccbd9e2a1f7bf6285099b2c126d9b06,2026-08-06T11:21:41Z,2026-08-06-p2-finite-linear-memory-skill-decomposition,2.0
Zarra EMEP,ORDER_SPECIFIC_p21,7,21,ridge_direct,1011,1.0436075148547148,DEFINED_STABLE,84.99062816741792,2.4056973293768547,0.01,4a49b08b041c578ec5981dc1472125b2af0a4d59,572a6a79dfaf6247292af8c946e3f621c520377d7eb449bd78e9b309f483fc6a,7e61f4823860ac67fc2cf7b88c0b78031ccbd9e2a1f7bf6285099b2c126d9b06,2026-08-06T11:21:41Z,2026-08-06-p2-finite-linear-memory-skill-decomposition,2.0
Zarra EMEP,ORDER_SPECIFIC_p21,7,21,hgb_direct,1011,1.0625779514877067,DEFINED_STABLE,83.4732718889531,2.4056973293768547,0.01,4a49b08b041c578ec5981dc1472125b2af0a4d59,572a6a79dfaf6247292af8c946e3f621c520377d7eb449bd78e9b309f483fc6a,7e61f4823860ac67fc2cf7b88c0b78031ccbd9e2a1f7bf6285099b2c126d9b06,2026-08-06T11:21:41Z,2026-08-06-p2-finite-linear-memory-skill-decomposition,2.0
Zarra EMEP,GLOBAL_COMMON_THRESHOLD_SENSITIVITY,1,7,ridge_direct,1019,1.0761848311510192,DEFINED_STABLE,13.470368660473099,0.4031992149165849,0.005,4a49b08b041c578ec5981dc1472125b2af0a4d59,572a6a79dfaf6247292af8c946e3f621c520377d7eb449bd78e9b309f483fc6a,7e61f4823860ac67fc2cf7b88c0b78031ccbd9e2a1f7bf6285099b2c126d9b06,2026-08-06T11:21:41Z,2026-08-06-p2-finite-linear-memory-skill-decomposition,2.0
Zarra EMEP,GLOBAL_COMMON_THRESHOLD_SENSITIVITY,1,7,hgb_direct,1019,1.4913425432567202,DEFINED_STABLE,9.720507530588009,0.4031992149165849,0.005,4a49b08b041c578ec5981dc1472125b2af0a4d59,572a6a79dfaf6247292af8c946e3f621c520377d7eb449bd78e9b309f483fc6a,7e61f4823860ac67fc2cf7b88c0b78031ccbd9e2a1f7bf6285099b2c126d9b06,2026-08-06T11:21:41Z,2026-08-06-p2-finite-linear-memory-skill-decomposition,2.0
Zarra EMEP,GLOBAL_COMMON_THRESHOLD_SENSITIVITY,1,14,ridge_direct,1019,1.0527031859824945,DEFINED_STABLE,13.470368660473099,0.4031992149165849,0.005,4a49b08b041c578ec5981dc1472125b2af0a4d59,572a6a79dfaf6247292af8c946e3f621c520377d7eb449bd78e9b309f483fc6a,7e61f4823860ac67fc2cf7b88c0b78031ccbd9e2a1f7bf6285099b2c126d9b06,2026-08-06T11:21:41Z,2026-08-06-p2-finite-linear-memory-skill-decomposition,2.0
Zarra EMEP,GLOBAL_COMMON_THRESHOLD_SENSITIVITY,1,14,hgb_direct,1019,1.4588024298748719,DEFINED_STABLE,9.720507530588009,0.4031992149165849,0.005,4a49b08b041c578ec5981dc1472125b2af0a4d59,572a6a79dfaf6247292af8c946e3f621c520377d7eb449bd78e9b309f483fc6a,7e61f4823860ac67fc2cf7b88c0b78031ccbd9e2a1f7bf6285099b2c126d9b06,2026-08-06T11:21:41Z,2026-08-06-p2-finite-linear-memory-skill-decomposition,2.0
Zarra EMEP,GLOBAL_COMMON_THRESHOLD_SENSITIVITY,1,21,ridge_direct,1019,1.0337957435496183,DEFINED_STABLE,13.470368660473099,0.4031992149165849,0.005,4a49b08b041c578ec5981dc1472125b2af0a4d59,572a6a79dfaf6247292af8c946e3f621c520377d7eb449bd78e9b309f483fc6a,7e61f4823860ac67fc2cf7b88c0b78031ccbd9e2a1f7bf6285099b2c126d9b06,2026-08-06T11:21:41Z,2026-08-06-p2-finite-linear-memory-skill-decomposition,2.0
Zarra EMEP,GLOBAL_COMMON_THRESHOLD_SENSITIVITY,1,21,hgb_direct,1019,1.4326011004488035,DEFINED_STABLE,9.720507530588009,0.4031992149165849,0.005,4a49b08b041c578ec5981dc1472125b2af0a4d59,572a6a79dfaf6247292af8c946e3f621c520377d7eb449bd78e9b309f483fc6a,7e61f4823860ac67fc2cf7b88c0b78031ccbd9e2a1f7bf6285099b2c126d9b06,2026-08-06T11:21:41Z,2026-08-06-p2-finite-linear-memory-skill-decomposition,2.0
Zarra EMEP,GLOBAL_COMMON_THRESHOLD_SENSITIVITY,2,7,ridge_direct,1016,1.0476032614510447,DEFINED_STABLE,52.327717680925204,0.7668307086614173,0.005,4a49b08b041c578ec5981dc1472125b2af0a4d59,572a6a79dfaf6247292af8c946e3f621c520377d7eb449bd78e9b309f483fc6a,7e61f4823860ac67fc2cf7b88c0b78031ccbd9e2a1f7bf6285099b2c126d9b06,2026-08-06T11:21:41Z,2026-08-06-p2-finite-linear-memory-skill-decomposition,2.0
Zarra EMEP,GLOBAL_COMMON_THRESHOLD_SENSITIVITY,2,7,hgb_direct,1016,0.970200734553425,DEFINED_STABLE,56.50241826714273,0.7668307086614173,0.005,4a49b08b041c578ec5981dc1472125b2af0a4d59,572a6a79dfaf6247292af8c946e3f621c520377d7eb449bd78e9b309f483fc6a,7e61f4823860ac67fc2cf7b88c0b78031ccbd9e2a1f7bf6285099b2c126d9b06,2026-08-06T11:21:41Z,2026-08-06-p2-finite-linear-memory-skill-decomposition,2.0
Zarra EMEP,GLOBAL_COMMON_THRESHOLD_SENSITIVITY,2,14,ridge_direct,1016,1.0591486571359165,DEFINED_STABLE,52.327717680925204,0.7668307086614173,0.005,4a49b08b041c578ec5981dc1472125b2af0a4d59,572a6a79dfaf6247292af8c946e3f621c520377d7eb449bd78e9b309f483fc6a,7e61f4823860ac67fc2cf7b88c0b78031ccbd9e2a1f7bf6285099b2c126d9b06,2026-08-06T11:21:41Z,2026-08-06-p2-finite-linear-memory-skill-decomposition,2.0
Zarra EMEP,GLOBAL_COMMON_THRESHOLD_SENSITIVITY,2,14,hgb_direct,1016,0.9808930947114657,DEFINED_STABLE,56.50241826714273,0.7668307086614173,0.005,4a49b08b041c578ec5981dc1472125b2af0a4d59,572a6a79dfaf6247292af8c946e3f621c520377d7eb449bd78e9b309f483fc6a,7e61f4823860ac67fc2cf7b88c0b78031ccbd9e2a1f7bf6285099b2c126d9b06,2026-08-06T11:21:41Z,2026-08-06-p2-finite-linear-memory-skill-decomposition,2.0
Zarra EMEP,GLOBAL_COMMON_THRESHOLD_SENSITIVITY,2,21,ridge_direct,1016,1.0486138203659525,DEFINED_STABLE,52.327717680925204,0.7668307086614173,0.005,4a49b08b041c578ec5981dc1472125b2af0a4d59,572a6a79dfaf6247292af8c946e3f621c520377d7eb449bd78e9b309f483fc6a,7e61f4823860ac67fc2cf7b88c0b78031ccbd9e2a1f7bf6285099b2c126d9b06,2026-08-06T11:21:41Z,2026-08-06-p2-finite-linear-memory-skill-decomposition,2.0
Zarra EMEP,GLOBAL_COMMON_THRESHOLD_SENSITIVITY,2,21,hgb_direct,1016,0.9711366279757069,DEFINED_STABLE,56.50241826714273,0.7668307086614173,0.005,4a49b08b041c578ec5981dc1472125b2af0a4d59,572a6a79dfaf6247292af8c946e3f621c520377d7eb449bd78e9b309f483fc6a,7e61f4823860ac67fc2cf7b88c0b78031ccbd9e2a1f7bf6285099b2c126d9b06,2026-08-06T11:21:41Z,2026-08-06-p2-finite-linear-memory-skill-decomposition,2.0
Zarra EMEP,GLOBAL_COMMON_THRESHOLD_SENSITIVITY,3,7,ridge_direct,1014,1.0276931743737636,DEFINED_STABLE,77.5350878926573,0.9336735700197238,0.005,4a49b08b041c578ec5981dc1472125b2af0a4d59,572a6a79dfaf6247292af8c946e3f621c520377d7eb449bd78e9b309f483fc6a,7e61f4823860ac67fc2cf7b88c0b78031ccbd9e2a1f7bf6285099b2c126d9b06,2026-08-06T11:21:41Z,2026-08-06-p2-finite-linear-memory-skill-decomposition,2.0
Zarra EMEP,GLOBAL_COMMON_THRESHOLD_SENSITIVITY,3,7,hgb_direct,1014,0.9812989429543405,DEFINED_STABLE,81.20082180243553,0.9336735700197238,0.005,4a49b08b041c578ec5981dc1472125b2af0a4d59,572a6a79dfaf6247292af8c946e3f621c520377d7eb449bd78e9b309f483fc6a,7e61f4823860ac67fc2cf7b88c0b78031ccbd9e2a1f7bf6285099b2c126d9b06,2026-08-06T11:21:41Z,2026-08-06-p2-finite-linear-memory-skill-decomposition,2.0
Zarra EMEP,GLOBAL_COMMON_THRESHOLD_SENSITIVITY,3,14,ridge_direct,1014,1.0381418114676757,DEFINED_STABLE,77.5350878926573,0.9336735700197238,0.005,4a49b08b041c578ec5981dc1472125b2af0a4d59,572a6a79dfaf6247292af8c946e3f621c520377d7eb449bd78e9b309f483fc6a,7e61f4823860ac67fc2cf7b88c0b78031ccbd9e2a1f7bf6285099b2c126d9b06,2026-08-06T11:21:41Z,2026-08-06-p2-finite-linear-memory-skill-decomposition,2.0
Zarra EMEP,GLOBAL_COMMON_THRESHOLD_SENSITIVITY,3,14,hgb_direct,1014,0.99127588625925,DEFINED_STABLE,81.20082180243553,0.9336735700197238,0.005,4a49b08b041c578ec5981dc1472125b2af0a4d59,572a6a79dfaf6247292af8c946e3f621c520377d7eb449bd78e9b309f483fc6a,7e61f4823860ac67fc2cf7b88c0b78031ccbd9e2a1f7bf6285099b2c126d9b06,2026-08-06T11:21:41Z,2026-08-06-p2-finite-linear-memory-skill-decomposition,2.0
Zarra EMEP,GLOBAL_COMMON_THRESHOLD_SENSITIVITY,3,21,ridge_direct,1014,1.0285714771895704,DEFINED_STABLE,77.5350878926573,0.9336735700197238,0.005,4a49b08b041c578ec5981dc1472125b2af0a4d59,572a6a79dfaf6247292af8c946e3f621c520377d7eb449bd78e9b309f483fc6a,7e61f4823860ac67fc2cf7b88c0b78031ccbd9e2a1f7bf6285099b2c126d9b06,2026-08-06T11:21:41Z,2026-08-06-p2-finite-linear-memory-skill-decomposition,2.0
Zarra EMEP,GLOBAL_COMMON_THRESHOLD_SENSITIVITY,3,21,hgb_direct,1014,0.982137595624453,DEFINED_STABLE,81.20082180243553,0.9336735700197238,0.005,4a49b08b041c578ec5981dc1472125b2af0a4d59,572a6a79dfaf6247292af8c946e3f621c520377d7eb449bd78e9b309f483fc6a,7e61f4823860ac67fc2cf7b88c0b78031ccbd9e2a1f7bf6285099b2c126d9b06,2026-08-06T11:21:41Z,2026-08-06-p2-finite-linear-memory-skill-decomposition,2.0
Zarra EMEP,GLOBAL_COMMON_THRESHOLD_SENSITIVITY,4,7,ridge_direct,1014,1.017615275555668,DEFINED_STABLE,83.04459213570252,1.0019329388560159,0.005,4a49b08b041c578ec5981dc1472125b2af0a4d59,572a6a79dfaf6247292af8c946e3f621c520377d7eb449bd78e9b309f483fc6a,7e61f4823860ac67fc2cf7b88c0b78031ccbd9e2a1f7bf6285099b2c126d9b06,2026-08-06T11:21:41Z,2026-08-06-p2-finite-linear-memory-skill-decomposition,2.0
Zarra EMEP,GLOBAL_COMMON_THRESHOLD_SENSITIVITY,4,7,hgb_direct,1014,0.9835790490926797,DEFINED_STABLE,85.91830579101537,1.0019329388560159,0.005,4a49b08b041c578ec5981dc1472125b2af0a4d59,572a6a79dfaf6247292af8c946e3f621c520377d7eb449bd78e9b309f483fc6a,7e61f4823860ac67fc2cf7b88c0b78031ccbd9e2a1f7bf6285099b2c126d9b06,2026-08-06T11:21:41Z,2026-08-06-p2-finite-linear-memory-skill-decomposition,2.0
Zarra EMEP,GLOBAL_COMMON_THRESHOLD_SENSITIVITY,4,14,ridge_direct,1014,1.0278926352756017,DEFINED_STABLE,83.04459213570252,1.0019329388560159,0.005,4a49b08b041c578ec5981dc1472125b2af0a4d59,572a6a79dfaf6247292af8c946e3f621c520377d7eb449bd78e9b309f483fc6a,7e61f4823860ac67fc2cf7b88c0b78031ccbd9e2a1f7bf6285099b2c126d9b06,2026-08-06T11:21:41Z,2026-08-06-p2-finite-linear-memory-skill-decomposition,2.0
Zarra EMEP,GLOBAL_COMMON_THRESHOLD_SENSITIVITY,4,14,hgb_direct,1014,0.9935126614738383,DEFINED_STABLE,85.91830579101537,1.0019329388560159,0.005,4a49b08b041c578ec5981dc1472125b2af0a4d59,572a6a79dfaf6247292af8c946e3f621c520377d7eb449bd78e9b309f483fc6a,7e61f4823860ac67fc2cf7b88c0b78031ccbd9e2a1f7bf6285099b2c126d9b06,2026-08-06T11:21:41Z,2026-08-06-p2-finite-linear-memory-skill-decomposition,2.0
Zarra EMEP,GLOBAL_COMMON_THRESHOLD_SENSITIVITY,4,21,ridge_direct,1014,1.0230312985055863,DEFINED_STABLE,83.04459213570252,1.0019329388560159,0.005,4a49b08b041c578ec5981dc1472125b2af0a4d59,572a6a79dfaf6247292af8c946e3f621c520377d7eb449bd78e9b309f483fc6a,7e61f4823860ac67fc2cf7b88c0b78031ccbd9e2a1f7bf6285099b2c126d9b06,2026-08-06T11:21:41Z,2026-08-06-p2-finite-linear-memory-skill-decomposition,2.0
Zarra EMEP,GLOBAL_COMMON_THRESHOLD_SENSITIVITY,4,21,hgb_direct,1014,0.9888139220657056,DEFINED_STABLE,85.91830579101537,1.0019329388560159,0.005,4a49b08b041c578ec5981dc1472125b2af0a4d59,572a6a79dfaf6247292af8c946e3f621c520377d7eb449bd78e9b309f483fc6a,7e61f4823860ac67fc2cf7b88c0b78031ccbd9e2a1f7bf6285099b2c126d9b06,2026-08-06T11:21:41Z,2026-08-06-p2-finite-linear-memory-skill-decomposition,2.0
Zarra EMEP,GLOBAL_COMMON_THRESHOLD_SENSITIVITY,5,7,ridge_direct,1013,1.0119653863693099,DEFINED_STABLE,79.7528177189321,1.0749703849950643,0.005,4a49b08b041c578ec5981dc1472125b2af0a4d59,572a6a79dfaf6247292af8c946e3f621c520377d7eb449bd78e9b309f483fc6a,7e61f4823860ac67fc2cf7b88c0b78031ccbd9e2a1f7bf6285099b2c126d9b06,2026-08-06T11:21:41Z,2026-08-06-p2-finite-linear-memory-skill-decomposition,2.0
Zarra EMEP,GLOBAL_COMMON_THRESHOLD_SENSITIVITY,5,7,hgb_direct,1013,0.984296696506951,DEFINED_STABLE,81.99467831538163,1.0749703849950643,0.005,4a49b08b041c578ec5981dc1472125b2af0a4d59,572a6a79dfaf6247292af8c946e3f621c520377d7eb449bd78e9b309f483fc6a,7e61f4823860ac67fc2cf7b88c0b78031ccbd9e2a1f7bf6285099b2c126d9b06,2026-08-06T11:21:41Z,2026-08-06-p2-finite-linear-memory-skill-decomposition,2.0
Zarra EMEP,GLOBAL_COMMON_THRESHOLD_SENSITIVITY,5,14,ridge_direct,1013,1.0375964316581276,DEFINED_STABLE,79.7528177189321,1.0749703849950643,0.005,4a49b08b041c578ec5981dc1472125b2af0a4d59,572a6a79dfaf6247292af8c946e3f621c520377d7eb449bd78e9b309f483fc6a,7e61f4823860ac67fc2cf7b88c0b78031ccbd9e2a1f7bf6285099b2c126d9b06,2026-08-06T11:21:41Z,2026-08-06-p2-finite-linear-memory-skill-decomposition,2.0
Zarra EMEP,GLOBAL_COMMON_THRESHOLD_SENSITIVITY,5,14,hgb_direct,1013,1.0092269496021853,DEFINED_STABLE,81.99467831538163,1.0749703849950643,0.005,4a49b08b041c578ec5981dc1472125b2af0a4d59,572a6a79dfaf6247292af8c946e3f621c520377d7eb449bd78e9b309f483fc6a,7e61f4823860ac67fc2cf7b88c0b78031ccbd9e2a1f7bf6285099b2c126d9b06,2026-08-06T11:21:41Z,2026-08-06-p2-finite-linear-memory-skill-decomposition,2.0
Zarra EMEP,GLOBAL_COMMON_THRESHOLD_SENSITIVITY,5,21,ridge_direct,1013,1.0339595647821382,DEFINED_STABLE,79.7528177189321,1.0749703849950643,0.005,4a49b08b041c578ec5981dc1472125b2af0a4d59,572a6a79dfaf6247292af8c946e3f621c520377d7eb449bd78e9b309f483fc6a,7e61f4823860ac67fc2cf7b88c0b78031ccbd9e2a1f7bf6285099b2c126d9b06,2026-08-06T11:21:41Z,2026-08-06-p2-finite-linear-memory-skill-decomposition,2.0
Zarra EMEP,GLOBAL_COMMON_THRESHOLD_SENSITIVITY,5,21,hgb_direct,1013,1.0056895202593543,DEFINED_STABLE,81.99467831538163,1.0749703849950643,0.005,4a49b08b041c578ec5981dc1472125b2af0a4d59,572a6a79dfaf6247292af8c946e3f621c520377d7eb449bd78e9b309f483fc6a,7e61f4823860ac67fc2cf7b88c0b78031ccbd9e2a1f7bf6285099b2c126d9b06,2026-08-06T11:21:41Z,2026-08-06-p2-finite-linear-memory-skill-decomposition,2.0
Zarra EMEP,GLOBAL_COMMON_THRESHOLD_SENSITIVITY,6,7,ridge_direct,1012,1.0085376431039008,DEFINED_STABLE,79.32854498682335,1.106482213438735,0.005,4a49b08b041c578ec5981dc1472125b2af0a4d59,572a6a79dfaf6247292af8c946e3f621c520377d7eb449bd78e9b309f483fc6a,7e61f4823860ac67fc2cf7b88c0b78031ccbd9e2a1f7bf6285099b2c126d9b06,2026-08-06T11:21:41Z,2026-08-06-p2-finite-linear-memory-skill-decomposition,2.0
Zarra EMEP,GLOBAL_COMMON_THRESHOLD_SENSITIVITY,6,7,hgb_direct,1012,0.993382161975494,DEFINED_STABLE,80.53881663504873,1.106482213438735,0.005,4a49b08b041c578ec5981dc1472125b2af0a4d59,572a6a79dfaf6247292af8c946e3f621c520377d7eb449bd78e9b309f483fc6a,7e61f4823860ac67fc2cf7b88c0b78031ccbd9e2a1f7bf6285099b2c126d9b06,2026-08-06T11:21:41Z,2026-08-06-p2-finite-linear-memory-skill-decomposition,2.0
Zarra EMEP,GLOBAL_COMMON_THRESHOLD_SENSITIVITY,6,14,ridge_direct,1012,1.0455616955101092,DEFINED_STABLE,79.32854498682335,1.106482213438735,0.005,4a49b08b041c578ec5981dc1472125b2af0a4d59,572a6a79dfaf6247292af8c946e3f621c520377d7eb449bd78e9b309f483fc6a,7e61f4823860ac67fc2cf7b88c0b78031ccbd9e2a1f7bf6285099b2c126d9b06,2026-08-06T11:21:41Z,2026-08-06-p2-finite-linear-memory-skill-decomposition,2.0
Zarra EMEP,GLOBAL_COMMON_THRESHOLD_SENSITIVITY,6,14,hgb_direct,1012,1.029849847119284,DEFINED_STABLE,80.53881663504873,1.106482213438735,0.005,4a49b08b041c578ec5981dc1472125b2af0a4d59,572a6a79dfaf6247292af8c946e3f621c520377d7eb449bd78e9b309f483fc6a,7e61f4823860ac67fc2cf7b88c0b78031ccbd9e2a1f7bf6285099b2c126d9b06,2026-08-06T11:21:41Z,2026-08-06-p2-finite-linear-memory-skill-decomposition,2.0
Zarra EMEP,GLOBAL_COMMON_THRESHOLD_SENSITIVITY,6,21,ridge_direct,1012,1.0391956968847882,DEFINED_STABLE,79.32854498682335,1.106482213438735,0.005,4a49b08b041c578ec5981dc1472125b2af0a4d59,572a6a79dfaf6247292af8c946e3f621c520377d7eb449bd78e9b309f483fc6a,7e61f4823860ac67fc2cf7b88c0b78031ccbd9e2a1f7bf6285099b2c126d9b06,2026-08-06T11:21:41Z,2026-08-06-p2-finite-linear-memory-skill-decomposition,2.0
Zarra EMEP,GLOBAL_COMMON_THRESHOLD_SENSITIVITY,6,21,hgb_direct,1012,1.0235795115291402,DEFINED_STABLE,80.53881663504873,1.106482213438735,0.005,4a49b08b041c578ec5981dc1472125b2af0a4d59,572a6a79dfaf6247292af8c946e3f621c520377d7eb449bd78e9b309f483fc6a,7e61f4823860ac67fc2cf7b88c0b78031ccbd9e2a1f7bf6285099b2c126d9b06,2026-08-06T11:21:41Z,2026-08-06-p2-finite-linear-memory-skill-decomposition,2.0
Zarra EMEP,GLOBAL_COMMON_THRESHOLD_SENSITIVITY,7,7,ridge_direct,1011,1.0103702990768475,DEFINED_STABLE,84.99062816741792,1.2028486646884273,0.005,4a49b08b041c578ec5981dc1472125b2af0a4d59,572a6a79dfaf6247292af8c946e3f621c520377d7eb449bd78e9b309f483fc6a,7e61f4823860ac67fc2cf7b88c0b78031ccbd9e2a1f7bf6285099b2c126d9b06,2026-08-06T11:21:41Z,2026-08-06-p2-finite-linear-memory-skill-decomposition,2.0
Zarra EMEP,GLOBAL_COMMON_THRESHOLD_SENSITIVITY,7,7,hgb_direct,1011,1.028736557906598,DEFINED_STABLE,83.4732718889531,1.2028486646884273,0.005,4a49b08b041c578ec5981dc1472125b2af0a4d59,572a6a79dfaf6247292af8c946e3f621c520377d7eb449bd78e9b309f483fc6a,7e61f4823860ac67fc2cf7b88c0b78031ccbd9e2a1f7bf6285099b2c126d9b06,2026-08-06T11:21:41Z,2026-08-06-p2-finite-linear-memory-skill-decomposition,2.0
Zarra EMEP,GLOBAL_COMMON_THRESHOLD_SENSITIVITY,7,14,ridge_direct,1011,1.0462484015580698,DEFINED_STABLE,84.99062816741792,1.2028486646884273,0.005,4a49b08b041c578ec5981dc1472125b2af0a4d59,572a6a79dfaf6247292af8c946e3f621c520377d7eb449bd78e9b309f483fc6a,7e61f4823860ac67fc2cf7b88c0b78031ccbd9e2a1f7bf6285099b2c126d9b06,2026-08-06T11:21:41Z,2026-08-06-p2-finite-linear-memory-skill-decomposition,2.0
Zarra EMEP,GLOBAL_COMMON_THRESHOLD_SENSITIVITY,7,14,hgb_direct,1011,1.0652668435696622,DEFINED_STABLE,83.4732718889531,1.2028486646884273,0.005,4a49b08b041c578ec5981dc1472125b2af0a4d59,572a6a79dfaf6247292af8c946e3f621c520377d7eb449bd78e9b309f483fc6a,7e61f4823860ac67fc2cf7b88c0b78031ccbd9e2a1f7bf6285099b2c126d9b06,2026-08-06T11:21:41Z,2026-08-06-p2-finite-linear-memory-skill-decomposition,2.0
Zarra EMEP,GLOBAL_COMMON_THRESHOLD_SENSITIVITY,7,21,ridge_direct,1011,1.0436075148547148,DEFINED_STABLE,84.99062816741792,1.2028486646884273,0.005,4a49b08b041c578ec5981dc1472125b2af0a4d59,572a6a79dfaf6247292af8c946e3f621c520377d7eb449bd78e9b309f483fc6a,7e61f4823860ac67fc2cf7b88c0b78031ccbd9e2a1f7bf6285099b2c126d9b06,2026-08-06T11:21:41Z,2026-08-06-p2-finite-linear-memory-skill-decomposition,2.0
Zarra EMEP,GLOBAL_COMMON_THRESHOLD_SENSITIVITY,7,21,hgb_direct,1011,1.0625779514877067,DEFINED_STABLE,83.4732718889531,1.2028486646884273,0.005,4a49b08b041c578ec5981dc1472125b2af0a4d59,572a6a79dfaf6247292af8c946e3f621c520377d7eb449bd78e9b309f483fc6a,7e61f4823860ac67fc2cf7b88c0b78031ccbd9e2a1f7bf6285099b2c126d9b06,2026-08-06T11:21:41Z,2026-08-06-p2-finite-linear-memory-skill-decomposition,2.0
Zarra EMEP,GLOBAL_COMMON_THRESHOLD_SENSITIVITY,1,7,ridge_direct,1019,1.0761848311510192,DEFINED_STABLE,13.470368660473099,0.8063984298331698,0.01,4a49b08b041c578ec5981dc1472125b2af0a4d59,572a6a79dfaf6247292af8c946e3f621c520377d7eb449bd78e9b309f483fc6a,7e61f4823860ac67fc2cf7b88c0b78031ccbd9e2a1f7bf6285099b2c126d9b06,2026-08-06T11:21:41Z,2026-08-06-p2-finite-linear-memory-skill-decomposition,2.0
Zarra EMEP,GLOBAL_COMMON_THRESHOLD_SENSITIVITY,1,7,hgb_direct,1019,1.4913425432567202,DEFINED_STABLE,9.720507530588009,0.8063984298331698,0.01,4a49b08b041c578ec5981dc1472125b2af0a4d59,572a6a79dfaf6247292af8c946e3f621c520377d7eb449bd78e9b309f483fc6a,7e61f4823860ac67fc2cf7b88c0b78031ccbd9e2a1f7bf6285099b2c126d9b06,2026-08-06T11:21:41Z,2026-08-06-p2-finite-linear-memory-skill-decomposition,2.0
Zarra EMEP,GLOBAL_COMMON_THRESHOLD_SENSITIVITY,1,14,ridge_direct,1019,1.0527031859824945,DEFINED_STABLE,13.470368660473099,0.8063984298331698,0.01,4a49b08b041c578ec5981dc1472125b2af0a4d59,572a6a79dfaf6247292af8c946e3f621c520377d7eb449bd78e9b309f483fc6a,7e61f4823860ac67fc2cf7b88c0b78031ccbd9e2a1f7bf6285099b2c126d9b06,2026-08-06T11:21:41Z,2026-08-06-p2-finite-linear-memory-skill-decomposition,2.0
Zarra EMEP,GLOBAL_COMMON_THRESHOLD_SENSITIVITY,1,14,hgb_direct,1019,1.4588024298748719,DEFINED_STABLE,9.720507530588009,0.8063984298331698,0.01,4a49b08b041c578ec5981dc1472125b2af0a4d59,572a6a79dfaf6247292af8c946e3f621c520377d7eb449bd78e9b309f483fc6a,7e61f4823860ac67fc2cf7b88c0b78031ccbd9e2a1f7bf6285099b2c126d9b06,2026-08-06T11:21:41Z,2026-08-06-p2-finite-linear-memory-skill-decomposition,2.0
Zarra EMEP,GLOBAL_COMMON_THRESHOLD_SENSITIVITY,1,21,ridge_direct,1019,1.0337957435496183,DEFINED_STABLE,13.470368660473099,0.8063984298331698,0.01,4a49b08b041c578ec5981dc1472125b2af0a4d59,572a6a79dfaf6247292af8c946e3f621c520377d7eb449bd78e9b309f483fc6a,7e61f4823860ac67fc2cf7b88c0b78031ccbd9e2a1f7bf6285099b2c126d9b06,2026-08-06T11:21:41Z,2026-08-06-p2-finite-linear-memory-skill-decomposition,2.0
Zarra EMEP,GLOBAL_COMMON_THRESHOLD_SENSITIVITY,1,21,hgb_direct,1019,1.4326011004488035,DEFINED_STABLE,9.720507530588009,0.8063984298331698,0.01,4a49b08b041c578ec5981dc1472125b2af0a4d59,572a6a79dfaf6247292af8c946e3f621c520377d7eb449bd78e9b309f483fc6a,7e61f4823860ac67fc2cf7b88c0b78031ccbd9e2a1f7bf6285099b2c126d9b06,2026-08-06T11:21:41Z,2026-08-06-p2-finite-linear-memory-skill-decomposition,2.0
Zarra EMEP,GLOBAL_COMMON_THRESHOLD_SENSITIVITY,2,7,ridge_direct,1016,1.0476032614510447,DEFINED_STABLE,52.327717680925204,1.5336614173228347,0.01,4a49b08b041c578ec5981dc1472125b2af0a4d59,572a6a79dfaf6247292af8c946e3f621c520377d7eb449bd78e9b309f483fc6a,7e61f4823860ac67fc2cf7b88c0b78031ccbd9e2a1f7bf6285099b2c126d9b06,2026-08-06T11:21:41Z,2026-08-06-p2-finite-linear-memory-skill-decomposition,2.0
Zarra EMEP,GLOBAL_COMMON_THRESHOLD_SENSITIVITY,2,7,hgb_direct,1016,0.970200734553425,DEFINED_STABLE,56.50241826714273,1.5336614173228347,0.01,4a49b08b041c578ec5981dc1472125b2af0a4d59,572a6a79dfaf6247292af8c946e3f621c520377d7eb449bd78e9b309f483fc6a,7e61f4823860ac67fc2cf7b88c0b78031ccbd9e2a1f7bf6285099b2c126d9b06,2026-08-06T11:21:41Z,2026-08-06-p2-finite-linear-memory-skill-decomposition,2.0
Zarra EMEP,GLOBAL_COMMON_THRESHOLD_SENSITIVITY,2,14,ridge_direct,1016,1.0591486571359165,DEFINED_STABLE,52.327717680925204,1.5336614173228347,0.01,4a49b08b041c578ec5981dc1472125b2af0a4d59,572a6a79dfaf6247292af8c946e3f621c520377d7eb449bd78e9b309f483fc6a,7e61f4823860ac67fc2cf7b88c0b78031ccbd9e2a1f7bf6285099b2c126d9b06,2026-08-06T11:21:41Z,2026-08-06-p2-finite-linear-memory-skill-decomposition,2.0
Zarra EMEP,GLOBAL_COMMON_THRESHOLD_SENSITIVITY,2,14,hgb_direct,1016,0.9808930947114657,DEFINED_STABLE,56.50241826714273,1.5336614173228347,0.01,4a49b08b041c578ec5981dc1472125b2af0a4d59,572a6a79dfaf6247292af8c946e3f621c520377d7eb449bd78e9b309f483fc6a,7e61f4823860ac67fc2cf7b88c0b78031ccbd9e2a1f7bf6285099b2c126d9b06,2026-08-06T11:21:41Z,2026-08-06-p2-finite-linear-memory-skill-decomposition,2.0
Zarra EMEP,GLOBAL_COMMON_THRESHOLD_SENSITIVITY,2,21,ridge_direct,1016,1.0486138203659525,DEFINED_STABLE,52.327717680925204,1.5336614173228347,0.01,4a49b08b041c578ec5981dc1472125b2af0a4d59,572a6a79dfaf6247292af8c946e3f621c520377d7eb449bd78e9b309f483fc6a,7e61f4823860ac67fc2cf7b88c0b78031ccbd9e2a1f7bf6285099b2c126d9b06,2026-08-06T11:21:41Z,2026-08-06-p2-finite-linear-memory-skill-decomposition,2.0
Zarra EMEP,GLOBAL_COMMON_THRESHOLD_SENSITIVITY,2,21,hgb_direct,1016,0.9711366279757069,DEFINED_STABLE,56.50241826714273,1.5336614173228347,0.01,4a49b08b041c578ec5981dc1472125b2af0a4d59,572a6a79dfaf6247292af8c946e3f621c520377d7eb449bd78e9b309f483fc6a,7e61f4823860ac67fc2cf7b88c0b78031ccbd9e2a1f7bf6285099b2c126d9b06,2026-08-06T11:21:41Z,2026-08-06-p2-finite-linear-memory-skill-decomposition,2.0
Zarra EMEP,GLOBAL_COMMON_THRESHOLD_SENSITIVITY,3,7,ridge_direct,1014,1.0276931743737636,DEFINED_STABLE,77.5350878926573,1.8673471400394477,0.01,4a49b08b041c578ec5981dc1472125b2af0a4d59,572a6a79dfaf6247292af8c946e3f621c520377d7eb449bd78e9b309f483fc6a,7e61f4823860ac67fc2cf7b88c0b78031ccbd9e2a1f7bf6285099b2c126d9b06,2026-08-06T11:21:41Z,2026-08-06-p2-finite-linear-memory-skill-decomposition,2.0
Zarra EMEP,GLOBAL_COMMON_THRESHOLD_SENSITIVITY,3,7,hgb_direct,1014,0.9812989429543405,DEFINED_STABLE,81.20082180243553,1.8673471400394477,0.01,4a49b08b041c578ec5981dc1472125b2af0a4d59,572a6a79dfaf6247292af8c946e3f621c520377d7eb449bd78e9b309f483fc6a,7e61f4823860ac67fc2cf7b88c0b78031ccbd9e2a1f7bf6285099b2c126d9b06,2026-08-06T11:21:41Z,2026-08-06-p2-finite-linear-memory-skill-decomposition,2.0
Zarra EMEP,GLOBAL_COMMON_THRESHOLD_SENSITIVITY,3,14,ridge_direct,1014,1.0381418114676757,DEFINED_STABLE,77.5350878926573,1.8673471400394477,0.01,4a49b08b041c578ec5981dc1472125b2af0a4d59,572a6a79dfaf6247292af8c946e3f621c520377d7eb449bd78e9b309f483fc6a,7e61f4823860ac67fc2cf7b88c0b78031ccbd9e2a1f7bf6285099b2c126d9b06,2026-08-06T11:21:41Z,2026-08-06-p2-finite-linear-memory-skill-decomposition,2.0
Zarra EMEP,GLOBAL_COMMON_THRESHOLD_SENSITIVITY,3,14,hgb_direct,1014,0.99127588625925,DEFINED_STABLE,81.20082180243553,1.8673471400394477,0.01,4a49b08b041c578ec5981dc1472125b2af0a4d59,572a6a79dfaf6247292af8c946e3f621c520377d7eb449bd78e9b309f483fc6a,7e61f4823860ac67fc2cf7b88c0b78031ccbd9e2a1f7bf6285099b2c126d9b06,2026-08-06T11:21:41Z,2026-08-06-p2-finite-linear-memory-skill-decomposition,2.0
Zarra EMEP,GLOBAL_COMMON_THRESHOLD_SENSITIVITY,3,21,ridge_direct,1014,1.0285714771895704,DEFINED_STABLE,77.5350878926573,1.8673471400394477,0.01,4a49b08b041c578ec5981dc1472125b2af0a4d59,572a6a79dfaf6247292af8c946e3f621c520377d7eb449bd78e9b309f483fc6a,7e61f4823860ac67fc2cf7b88c0b78031ccbd9e2a1f7bf6285099b2c126d9b06,2026-08-06T11:21:41Z,2026-08-06-p2-finite-linear-memory-skill-decomposition,2.0
Zarra EMEP,GLOBAL_COMMON_THRESHOLD_SENSITIVITY,3,21,hgb_direct,1014,0.982137595624453,DEFINED_STABLE,81.20082180243553,1.8673471400394477,0.01,4a49b08b041c578ec5981dc1472125b2af0a4d59,572a6a79dfaf6247292af8c946e3f621c520377d7eb449bd78e9b309f483fc6a,7e61f4823860ac67fc2cf7b88c0b78031ccbd9e2a1f7bf6285099b2c126d9b06,2026-08-06T11:21:41Z,2026-08-06-p2-finite-linear-memory-skill-decomposition,2.0
Zarra EMEP,GLOBAL_COMMON_THRESHOLD_SENSITIVITY,4,7,ridge_direct,1014,1.017615275555668,DEFINED_STABLE,83.04459213570252,2.0038658777120317,0.01,4a49b08b041c578ec5981dc1472125b2af0a4d59,572a6a79dfaf6247292af8c946e3f621c520377d7eb449bd78e9b309f483fc6a,7e61f4823860ac67fc2cf7b88c0b78031ccbd9e2a1f7bf6285099b2c126d9b06,2026-08-06T11:21:41Z,2026-08-06-p2-finite-linear-memory-skill-decomposition,2.0
Zarra EMEP,GLOBAL_COMMON_THRESHOLD_SENSITIVITY,4,7,hgb_direct,1014,0.9835790490926797,DEFINED_STABLE,85.91830579101537,2.0038658777120317,0.01,4a49b08b041c578ec5981dc1472125b2af0a4d59,572a6a79dfaf6247292af8c946e3f621c520377d7eb449bd78e9b309f483fc6a,7e61f4823860ac67fc2cf7b88c0b78031ccbd9e2a1f7bf6285099b2c126d9b06,2026-08-06T11:21:41Z,2026-08-06-p2-finite-linear-memory-skill-decomposition,2.0
Zarra EMEP,GLOBAL_COMMON_THRESHOLD_SENSITIVITY,4,14,ridge_direct,1014,1.0278926352756017,DEFINED_STABLE,83.04459213570252,2.0038658777120317,0.01,4a49b08b041c578ec5981dc1472125b2af0a4d59,572a6a79dfaf6247292af8c946e3f621c520377d7eb449bd78e9b309f483fc6a,7e61f4823860ac67fc2cf7b88c0b78031ccbd9e2a1f7bf6285099b2c126d9b06,2026-08-06T11:21:41Z,2026-08-06-p2-finite-linear-memory-skill-decomposition,2.0
Zarra EMEP,GLOBAL_COMMON_THRESHOLD_SENSITIVITY,4,14,hgb_direct,1014,0.9935126614738383,DEFINED_STABLE,85.91830579101537,2.0038658777120317,0.01,4a49b08b041c578ec5981dc1472125b2af0a4d59,572a6a79dfaf6247292af8c946e3f621c520377d7eb449bd78e9b309f483fc6a,7e61f4823860ac67fc2cf7b88c0b78031ccbd9e2a1f7bf6285099b2c126d9b06,2026-08-06T11:21:41Z,2026-08-06-p2-finite-linear-memory-skill-decomposition,2.0
Zarra EMEP,GLOBAL_COMMON_THRESHOLD_SENSITIVITY,4,21,ridge_direct,1014,1.0230312985055863,DEFINED_STABLE,83.04459213570252,2.0038658777120317,0.01,4a49b08b041c578ec5981dc1472125b2af0a4d59,572a6a79dfaf6247292af8c946e3f621c520377d7eb449bd78e9b309f483fc6a,7e61f4823860ac67fc2cf7b88c0b78031ccbd9e2a1f7bf6285099b2c126d9b06,2026-08-06T11:21:41Z,2026-08-06-p2-finite-linear-memory-skill-decomposition,2.0
Zarra EMEP,GLOBAL_COMMON_THRESHOLD_SENSITIVITY,4,21,hgb_direct,1014,0.9888139220657056,DEFINED_STABLE,85.91830579101537,2.0038658777120317,0.01,4a49b08b041c578ec5981dc1472125b2af0a4d59,572a6a79dfaf6247292af8c946e3f621c520377d7eb449bd78e9b309f483fc6a,7e61f4823860ac67fc2cf7b88c0b78031ccbd9e2a1f7bf6285099b2c126d9b06,2026-08-06T11:21:41Z,2026-08-06-p2-finite-linear-memory-skill-decomposition,2.0
Zarra EMEP,GLOBAL_COMMON_THRESHOLD_SENSITIVITY,5,7,ridge_direct,1013,1.0119653863693099,DEFINED_STABLE,79.7528177189321,2.1499407699901285,0.01,4a49b08b041c578ec5981dc1472125b2af0a4d59,572a6a79dfaf6247292af8c946e3f621c520377d7eb449bd78e9b309f483fc6a,7e61f4823860ac67fc2cf7b88c0b78031ccbd9e2a1f7bf6285099b2c126d9b06,2026-08-06T11:21:41Z,2026-08-06-p2-finite-linear-memory-skill-decomposition,2.0
Zarra EMEP,GLOBAL_COMMON_THRESHOLD_SENSITIVITY,5,7,hgb_direct,1013,0.984296696506951,DEFINED_STABLE,81.99467831538163,2.1499407699901285,0.01,4a49b08b041c578ec5981dc1472125b2af0a4d59,572a6a79dfaf6247292af8c946e3f621c520377d7eb449bd78e9b309f483fc6a,7e61f4823860ac67fc2cf7b88c0b78031ccbd9e2a1f7bf6285099b2c126d9b06,2026-08-06T11:21:41Z,2026-08-06-p2-finite-linear-memory-skill-decomposition,2.0
Zarra EMEP,GLOBAL_COMMON_THRESHOLD_SENSITIVITY,5,14,ridge_direct,1013,1.0375964316581276,DEFINED_STABLE,79.7528177189321,2.1499407699901285,0.01,4a49b08b041c578ec5981dc1472125b2af0a4d59,572a6a79dfaf6247292af8c946e3f621c520377d7eb449bd78e9b309f483fc6a,7e61f4823860ac67fc2cf7b88c0b78031ccbd9e2a1f7bf6285099b2c126d9b06,2026-08-06T11:21:41Z,2026-08-06-p2-finite-linear-memory-skill-decomposition,2.0
Zarra EMEP,GLOBAL_COMMON_THRESHOLD_SENSITIVITY,5,14,hgb_direct,1013,1.0092269496021853,DEFINED_STABLE,81.99467831538163,2.1499407699901285,0.01,4a49b08b041c578ec5981dc1472125b2af0a4d59,572a6a79dfaf6247292af8c946e3f621c520377d7eb449bd78e9b309f483fc6a,7e61f4823860ac67fc2cf7b88c0b78031ccbd9e2a1f7bf6285099b2c126d9b06,2026-08-06T11:21:41Z,2026-08-06-p2-finite-linear-memory-skill-decomposition,2.0
Zarra EMEP,GLOBAL_COMMON_THRESHOLD_SENSITIVITY,5,21,ridge_direct,1013,1.0339595647821382,DEFINED_STABLE,79.7528177189321,2.1499407699901285,0.01,4a49b08b041c578ec5981dc1472125b2af0a4d59,572a6a79dfaf6247292af8c946e3f621c520377d7eb449bd78e9b309f483fc6a,7e61f4823860ac67fc2cf7b88c0b78031ccbd9e2a1f7bf6285099b2c126d9b06,2026-08-06T11:21:41Z,2026-08-06-p2-finite-linear-memory-skill-decomposition,2.0
Zarra EMEP,GLOBAL_COMMON_THRESHOLD_SENSITIVITY,5,21,hgb_direct,1013,1.0056895202593543,DEFINED_STABLE,81.99467831538163,2.1499407699901285,0.01,4a49b08b041c578ec5981dc1472125b2af0a4d59,572a6a79dfaf6247292af8c946e3f621c520377d7eb449bd78e9b309f483fc6a,7e61f4823860ac67fc2cf7b88c0b78031ccbd9e2a1f7bf6285099b2c126d9b06,2026-08-06T11:21:41Z,2026-08-06-p2-finite-linear-memory-skill-decomposition,2.0
Zarra EMEP,GLOBAL_COMMON_THRESHOLD_SENSITIVITY,6,7,ridge_direct,1012,1.0085376431039008,DEFINED_STABLE,79.32854498682335,2.21296442687747,0.01,4a49b08b041c578ec5981dc1472125b2af0a4d59,572a6a79dfaf6247292af8c946e3f621c520377d7eb449bd78e9b309f483fc6a,7e61f4823860ac67fc2cf7b88c0b78031ccbd9e2a1f7bf6285099b2c126d9b06,2026-08-06T11:21:41Z,2026-08-06-p2-finite-linear-memory-skill-decomposition,2.0
Zarra EMEP,GLOBAL_COMMON_THRESHOLD_SENSITIVITY,6,7,hgb_direct,1012,0.993382161975494,DEFINED_STABLE,80.53881663504873,2.21296442687747,0.01,4a49b08b041c578ec5981dc1472125b2af0a4d59,572a6a79dfaf6247292af8c946e3f621c520377d7eb449bd78e9b309f483fc6a,7e61f4823860ac67fc2cf7b88c0b78031ccbd9e2a1f7bf6285099b2c126d9b06,2026-08-06T11:21:41Z,2026-08-06-p2-finite-linear-memory-skill-decomposition,2.0
Zarra EMEP,GLOBAL_COMMON_THRESHOLD_SENSITIVITY,6,14,ridge_direct,1012,1.0455616955101092,DEFINED_STABLE,79.32854498682335,2.21296442687747,0.01,4a49b08b041c578ec5981dc1472125b2af0a4d59,572a6a79dfaf6247292af8c946e3f621c520377d7eb449bd78e9b309f483fc6a,7e61f4823860ac67fc2cf7b88c0b78031ccbd9e2a1f7bf6285099b2c126d9b06,2026-08-06T11:21:41Z,2026-08-06-p2-finite-linear-memory-skill-decomposition,2.0
Zarra EMEP,GLOBAL_COMMON_THRESHOLD_SENSITIVITY,6,14,hgb_direct,1012,1.029849847119284,DEFINED_STABLE,80.53881663504873,2.21296442687747,0.01,4a49b08b041c578ec5981dc1472125b2af0a4d59,572a6a79dfaf6247292af8c946e3f621c520377d7eb449bd78e9b309f483fc6a,7e61f4823860ac67fc2cf7b88c0b78031ccbd9e2a1f7bf6285099b2c126d9b06,2026-08-06T11:21:41Z,2026-08-06-p2-finite-linear-memory-skill-decomposition,2.0
Zarra EMEP,GLOBAL_COMMON_THRESHOLD_SENSITIVITY,6,21,ridge_direct,1012,1.0391956968847882,DEFINED_STABLE,79.32854498682335,2.21296442687747,0.01,4a49b08b041c578ec5981dc1472125b2af0a4d59,572a6a79dfaf6247292af8c946e3f621c520377d7eb449bd78e9b309f483fc6a,7e61f4823860ac67fc2cf7b88c0b78031ccbd9e2a1f7bf6285099b2c126d9b06,2026-08-06T11:21:41Z,2026-08-06-p2-finite-linear-memory-skill-decomposition,2.0
Zarra EMEP,GLOBAL_COMMON_THRESHOLD_SENSITIVITY,6,21,hgb_direct,1012,1.0235795115291402,DEFINED_STABLE,80.53881663504873,2.21296442687747,0.01,4a49b08b041c578ec5981dc1472125b2af0a4d59,572a6a79dfaf6247292af8c946e3f621c520377d7eb449bd78e9b309f483fc6a,7e61f4823860ac67fc2cf7b88c0b78031ccbd9e2a1f7bf6285099b2c126d9b06,2026-08-06T11:21:41Z,2026-08-06-p2-finite-linear-memory-skill-decomposition,2.0
Zarra EMEP,GLOBAL_COMMON_THRESHOLD_SENSITIVITY,7,7,ridge_direct,1011,1.0103702990768475,DEFINED_STABLE,84.99062816741792,2.4056973293768547,0.01,4a49b08b041c578ec5981dc1472125b2af0a4d59,572a6a79dfaf6247292af8c946e3f621c520377d7eb449bd78e9b309f483fc6a,7e61f4823860ac67fc2cf7b88c0b78031ccbd9e2a1f7bf6285099b2c126d9b06,2026-08-06T11:21:41Z,2026-08-06-p2-finite-linear-memory-skill-decomposition,2.0
Zarra EMEP,GLOBAL_COMMON_THRESHOLD_SENSITIVITY,7,7,hgb_direct,1011,1.028736557906598,DEFINED_STABLE,83.4732718889531,2.4056973293768547,0.01,4a49b08b041c578ec5981dc1472125b2af0a4d59,572a6a79dfaf6247292af8c946e3f621c520377d7eb449bd78e9b309f483fc6a,7e61f4823860ac67fc2cf7b88c0b78031ccbd9e2a1f7bf6285099b2c126d9b06,2026-08-06T11:21:41Z,2026-08-06-p2-finite-linear-memory-skill-decomposition,2.0
Zarra EMEP,GLOBAL_COMMON_THRESHOLD_SENSITIVITY,7,14,ridge_direct,1011,1.0462484015580698,DEFINED_STABLE,84.99062816741792,2.4056973293768547,0.01,4a49b08b041c578ec5981dc1472125b2af0a4d59,572a6a79dfaf6247292af8c946e3f621c520377d7eb449bd78e9b309f483fc6a,7e61f4823860ac67fc2cf7b88c0b78031ccbd9e2a1f7bf6285099b2c126d9b06,2026-08-06T11:21:41Z,2026-08-06-p2-finite-linear-memory-skill-decomposition,2.0
Zarra EMEP,GLOBAL_COMMON_THRESHOLD_SENSITIVITY,7,14,hgb_direct,1011,1.0652668435696622,DEFINED_STABLE,83.4732718889531,2.4056973293768547,0.01,4a49b08b041c578ec5981dc1472125b2af0a4d59,572a6a79dfaf6247292af8c946e3f621c520377d7eb449bd78e9b309f483fc6a,7e61f4823860ac67fc2cf7b88c0b78031ccbd9e2a1f7bf6285099b2c126d9b06,2026-08-06T11:21:41Z,2026-08-06-p2-finite-linear-memory-skill-decomposition,2.0
Zarra EMEP,GLOBAL_COMMON_THRESHOLD_SENSITIVITY,7,21,ridge_direct,1011,1.0436075148547148,DEFINED_STABLE,84.99062816741792,2.4056973293768547,0.01,4a49b08b041c578ec5981dc1472125b2af0a4d59,572a6a79dfaf6247292af8c946e3f621c520377d7eb449bd78e9b309f483fc6a,7e61f4823860ac67fc2cf7b88c0b78031ccbd9e2a1f7bf6285099b2c126d9b06,2026-08-06T11:21:41Z,2026-08-06-p2-finite-linear-memory-skill-decomposition,2.0
Zarra EMEP,GLOBAL_COMMON_THRESHOLD_SENSITIVITY,7,21,hgb_direct,1011,1.0625779514877067,DEFINED_STABLE,83.4732718889531,2.4056973293768547,0.01,4a49b08b041c578ec5981dc1472125b2af0a4d59,572a6a79dfaf6247292af8c946e3f621c520377d7eb449bd78e9b309f483fc6a,7e61f4823860ac67fc2cf7b88c0b78031ccbd9e2a1f7bf6285099b2c126d9b06,2026-08-06T11:21:41Z,2026-08-06-p2-finite-linear-memory-skill-decomposition,2.0
Zarra EMEP,GLOBAL_COMMON_THRESHOLD_SENSITIVITY,1,7,ridge_direct,1019,1.0761848311510192,DEFINED_STABLE,13.470368660473099,1.6127968596663396,0.02,4a49b08b041c578ec5981dc1472125b2af0a4d59,572a6a79dfaf6247292af8c946e3f621c520377d7eb449bd78e9b309f483fc6a,7e61f4823860ac67fc2cf7b88c0b78031ccbd9e2a1f7bf6285099b2c126d9b06,2026-08-06T11:21:41Z,2026-08-06-p2-finite-linear-memory-skill-decomposition,2.0
Zarra EMEP,GLOBAL_COMMON_THRESHOLD_SENSITIVITY,1,7,hgb_direct,1019,1.4913425432567202,DEFINED_STABLE,9.720507530588009,1.6127968596663396,0.02,4a49b08b041c578ec5981dc1472125b2af0a4d59,572a6a79dfaf6247292af8c946e3f621c520377d7eb449bd78e9b309f483fc6a,7e61f4823860ac67fc2cf7b88c0b78031ccbd9e2a1f7bf6285099b2c126d9b06,2026-08-06T11:21:41Z,2026-08-06-p2-finite-linear-memory-skill-decomposition,2.0
Zarra EMEP,GLOBAL_COMMON_THRESHOLD_SENSITIVITY,1,14,ridge_direct,1019,1.0527031859824945,DEFINED_STABLE,13.470368660473099,1.6127968596663396,0.02,4a49b08b041c578ec5981dc1472125b2af0a4d59,572a6a79dfaf6247292af8c946e3f621c520377d7eb449bd78e9b309f483fc6a,7e61f4823860ac67fc2cf7b88c0b78031ccbd9e2a1f7bf6285099b2c126d9b06,2026-08-06T11:21:41Z,2026-08-06-p2-finite-linear-memory-skill-decomposition,2.0
Zarra EMEP,GLOBAL_COMMON_THRESHOLD_SENSITIVITY,1,14,hgb_direct,1019,1.4588024298748719,DEFINED_STABLE,9.720507530588009,1.6127968596663396,0.02,4a49b08b041c578ec5981dc1472125b2af0a4d59,572a6a79dfaf6247292af8c946e3f621c520377d7eb449bd78e9b309f483fc6a,7e61f4823860ac67fc2cf7b88c0b78031ccbd9e2a1f7bf6285099b2c126d9b06,2026-08-06T11:21:41Z,2026-08-06-p2-finite-linear-memory-skill-decomposition,2.0
Zarra EMEP,GLOBAL_COMMON_THRESHOLD_SENSITIVITY,1,21,ridge_direct,1019,1.0337957435496183,DEFINED_STABLE,13.470368660473099,1.6127968596663396,0.02,4a49b08b041c578ec5981dc1472125b2af0a4d59,572a6a79dfaf6247292af8c946e3f621c520377d7eb449bd78e9b309f483fc6a,7e61f4823860ac67fc2cf7b88c0b78031ccbd9e2a1f7bf6285099b2c126d9b06,2026-08-06T11:21:41Z,2026-08-06-p2-finite-linear-memory-skill-decomposition,2.0
Zarra EMEP,GLOBAL_COMMON_THRESHOLD_SENSITIVITY,1,21,hgb_direct,1019,1.4326011004488035,DEFINED_STABLE,9.720507530588009,1.6127968596663396,0.02,4a49b08b041c578ec5981dc1472125b2af0a4d59,572a6a79dfaf6247292af8c946e3f621c520377d7eb449bd78e9b309f483fc6a,7e61f4823860ac67fc2cf7b88c0b78031ccbd9e2a1f7bf6285099b2c126d9b06,2026-08-06T11:21:41Z,2026-08-06-p2-finite-linear-memory-skill-decomposition,2.0
Zarra EMEP,GLOBAL_COMMON_THRESHOLD_SENSITIVITY,2,7,ridge_direct,1016,1.0476032614510447,DEFINED_STABLE,52.327717680925204,3.0673228346456693,0.02,4a49b08b041c578ec5981dc1472125b2af0a4d59,572a6a79dfaf6247292af8c946e3f621c520377d7eb449bd78e9b309f483fc6a,7e61f4823860ac67fc2cf7b88c0b78031ccbd9e2a1f7bf6285099b2c126d9b06,2026-08-06T11:21:41Z,2026-08-06-p2-finite-linear-memory-skill-decomposition,2.0
Zarra EMEP,GLOBAL_COMMON_THRESHOLD_SENSITIVITY,2,7,hgb_direct,1016,0.970200734553425,DEFINED_STABLE,56.50241826714273,3.0673228346456693,0.02,4a49b08b041c578ec5981dc1472125b2af0a4d59,572a6a79dfaf6247292af8c946e3f621c520377d7eb449bd78e9b309f483fc6a,7e61f4823860ac67fc2cf7b88c0b78031ccbd9e2a1f7bf6285099b2c126d9b06,2026-08-06T11:21:41Z,2026-08-06-p2-finite-linear-memory-skill-decomposition,2.0
Zarra EMEP,GLOBAL_COMMON_THRESHOLD_SENSITIVITY,2,14,ridge_direct,1016,1.0591486571359165,DEFINED_STABLE,52.327717680925204,3.0673228346456693,0.02,4a49b08b041c578ec5981dc1472125b2af0a4d59,572a6a79dfaf6247292af8c946e3f621c520377d7eb449bd78e9b309f483fc6a,7e61f4823860ac67fc2cf7b88c0b78031ccbd9e2a1f7bf6285099b2c126d9b06,2026-08-06T11:21:41Z,2026-08-06-p2-finite-linear-memory-skill-decomposition,2.0
Zarra EMEP,GLOBAL_COMMON_THRESHOLD_SENSITIVITY,2,14,hgb_direct,1016,0.9808930947114657,DEFINED_STABLE,56.50241826714273,3.0673228346456693,0.02,4a49b08b041c578ec5981dc1472125b2af0a4d59,572a6a79dfaf6247292af8c946e3f621c520377d7eb449bd78e9b309f483fc6a,7e61f4823860ac67fc2cf7b88c0b78031ccbd9e2a1f7bf6285099b2c126d9b06,2026-08-06T11:21:41Z,2026-08-06-p2-finite-linear-memory-skill-decomposition,2.0
Zarra EMEP,GLOBAL_COMMON_THRESHOLD_SENSITIVITY,2,21,ridge_direct,1016,1.0486138203659525,DEFINED_STABLE,52.327717680925204,3.0673228346456693,0.02,4a49b08b041c578ec5981dc1472125b2af0a4d59,572a6a79dfaf6247292af8c946e3f621c520377d7eb449bd78e9b309f483fc6a,7e61f4823860ac67fc2cf7b88c0b78031ccbd9e2a1f7bf6285099b2c126d9b06,2026-08-06T11:21:41Z,2026-08-06-p2-finite-linear-memory-skill-decomposition,2.0
Zarra EMEP,GLOBAL_COMMON_THRESHOLD_SENSITIVITY,2,21,hgb_direct,1016,0.9711366279757069,DEFINED_STABLE,56.50241826714273,3.0673228346456693,0.02,4a49b08b041c578ec5981dc1472125b2af0a4d59,572a6a79dfaf6247292af8c946e3f621c520377d7eb449bd78e9b309f483fc6a,7e61f4823860ac67fc2cf7b88c0b78031ccbd9e2a1f7bf6285099b2c126d9b06,2026-08-06T11:21:41Z,2026-08-06-p2-finite-linear-memory-skill-decomposition,2.0
Zarra EMEP,GLOBAL_COMMON_THRESHOLD_SENSITIVITY,3,7,ridge_direct,1014,1.0276931743737636,DEFINED_STABLE,77.5350878926573,3.7346942800788954,0.02,4a49b08b041c578ec5981dc1472125b2af0a4d59,572a6a79dfaf6247292af8c946e3f621c520377d7eb449bd78e9b309f483fc6a,7e61f4823860ac67fc2cf7b88c0b78031ccbd9e2a1f7bf6285099b2c126d9b06,2026-08-06T11:21:41Z,2026-08-06-p2-finite-linear-memory-skill-decomposition,2.0
Zarra EMEP,GLOBAL_COMMON_THRESHOLD_SENSITIVITY,3,7,hgb_direct,1014,0.9812989429543405,DEFINED_STABLE,81.20082180243553,3.7346942800788954,0.02,4a49b08b041c578ec5981dc1472125b2af0a4d59,572a6a79dfaf6247292af8c946e3f621c520377d7eb449bd78e9b309f483fc6a,7e61f4823860ac67fc2cf7b88c0b78031ccbd9e2a1f7bf6285099b2c126d9b06,2026-08-06T11:21:41Z,2026-08-06-p2-finite-linear-memory-skill-decomposition,2.0
Zarra EMEP,GLOBAL_COMMON_THRESHOLD_SENSITIVITY,3,14,ridge_direct,1014,1.0381418114676757,DEFINED_STABLE,77.5350878926573,3.7346942800788954,0.02,4a49b08b041c578ec5981dc1472125b2af0a4d59,572a6a79dfaf6247292af8c946e3f621c520377d7eb449bd78e9b309f483fc6a,7e61f4823860ac67fc2cf7b88c0b78031ccbd9e2a1f7bf6285099b2c126d9b06,2026-08-06T11:21:41Z,2026-08-06-p2-finite-linear-memory-skill-decomposition,2.0
Zarra EMEP,GLOBAL_COMMON_THRESHOLD_SENSITIVITY,3,14,hgb_direct,1014,0.99127588625925,DEFINED_STABLE,81.20082180243553,3.7346942800788954,0.02,4a49b08b041c578ec5981dc1472125b2af0a4d59,572a6a79dfaf6247292af8c946e3f621c520377d7eb449bd78e9b309f483fc6a,7e61f4823860ac67fc2cf7b88c0b78031ccbd9e2a1f7bf6285099b2c126d9b06,2026-08-06T11:21:41Z,2026-08-06-p2-finite-linear-memory-skill-decomposition,2.0
Zarra EMEP,GLOBAL_COMMON_THRESHOLD_SENSITIVITY,3,21,ridge_direct,1014,1.0285714771895704,DEFINED_STABLE,77.5350878926573,3.7346942800788954,0.02,4a49b08b041c578ec5981dc1472125b2af0a4d59,572a6a79dfaf6247292af8c946e3f621c520377d7eb449bd78e9b309f483fc6a,7e61f4823860ac67fc2cf7b88c0b78031ccbd9e2a1f7bf6285099b2c126d9b06,2026-08-06T11:21:41Z,2026-08-06-p2-finite-linear-memory-skill-decomposition,2.0
Zarra EMEP,GLOBAL_COMMON_THRESHOLD_SENSITIVITY,3,21,hgb_direct,1014,0.982137595624453,DEFINED_STABLE,81.20082180243553,3.7346942800788954,0.02,4a49b08b041c578ec5981dc1472125b2af0a4d59,572a6a79dfaf6247292af8c946e3f621c520377d7eb449bd78e9b309f483fc6a,7e61f4823860ac67fc2cf7b88c0b78031ccbd9e2a1f7bf6285099b2c126d9b06,2026-08-06T11:21:41Z,2026-08-06-p2-finite-linear-memory-skill-decomposition,2.0
Zarra EMEP,GLOBAL_COMMON_THRESHOLD_SENSITIVITY,4,7,ridge_direct,1014,1.017615275555668,DEFINED_STABLE,83.04459213570252,4.0077317554240635,0.02,4a49b08b041c578ec5981dc1472125b2af0a4d59,572a6a79dfaf6247292af8c946e3f621c520377d7eb449bd78e9b309f483fc6a,7e61f4823860ac67fc2cf7b88c0b78031ccbd9e2a1f7bf6285099b2c126d9b06,2026-08-06T11:21:41Z,2026-08-06-p2-finite-linear-memory-skill-decomposition,2.0
Zarra EMEP,GLOBAL_COMMON_THRESHOLD_SENSITIVITY,4,7,hgb_direct,1014,0.9835790490926797,DEFINED_STABLE,85.91830579101537,4.0077317554240635,0.02,4a49b08b041c578ec5981dc1472125b2af0a4d59,572a6a79dfaf6247292af8c946e3f621c520377d7eb449bd78e9b309f483fc6a,7e61f4823860ac67fc2cf7b88c0b78031ccbd9e2a1f7bf6285099b2c126d9b06,2026-08-06T11:21:41Z,2026-08-06-p2-finite-linear-memory-skill-decomposition,2.0
Zarra EMEP,GLOBAL_COMMON_THRESHOLD_SENSITIVITY,4,14,ridge_direct,1014,1.0278926352756017,DEFINED_STABLE,83.04459213570252,4.0077317554240635,0.02,4a49b08b041c578ec5981dc1472125b2af0a4d59,572a6a79dfaf6247292af8c946e3f621c520377d7eb449bd78e9b309f483fc6a,7e61f4823860ac67fc2cf7b88c0b78031ccbd9e2a1f7bf6285099b2c126d9b06,2026-08-06T11:21:41Z,2026-08-06-p2-finite-linear-memory-skill-decomposition,2.0
Zarra EMEP,GLOBAL_COMMON_THRESHOLD_SENSITIVITY,4,14,hgb_direct,1014,0.9935126614738383,DEFINED_STABLE,85.91830579101537,4.0077317554240635,0.02,4a49b08b041c578ec5981dc1472125b2af0a4d59,572a6a79dfaf6247292af8c946e3f621c520377d7eb449bd78e9b309f483fc6a,7e61f4823860ac67fc2cf7b88c0b78031ccbd9e2a1f7bf6285099b2c126d9b06,2026-08-06T11:21:41Z,2026-08-06-p2-finite-linear-memory-skill-decomposition,2.0
Zarra EMEP,GLOBAL_COMMON_THRESHOLD_SENSITIVITY,4,21,ridge_direct,1014,1.0230312985055863,DEFINED_STABLE,83.04459213570252,4.0077317554240635,0.02,4a49b08b041c578ec5981dc1472125b2af0a4d59,572a6a79dfaf6247292af8c946e3f621c520377d7eb449bd78e9b309f483fc6a,7e61f4823860ac67fc2cf7b88c0b78031ccbd9e2a1f7bf6285099b2c126d9b06,2026-08-06T11:21:41Z,2026-08-06-p2-finite-linear-memory-skill-decomposition,2.0
Zarra EMEP,GLOBAL_COMMON_THRESHOLD_SENSITIVITY,4,21,hgb_direct,1014,0.9888139220657056,DEFINED_STABLE,85.91830579101537,4.0077317554240635,0.02,4a49b08b041c578ec5981dc1472125b2af0a4d59,572a6a79dfaf6247292af8c946e3f621c520377d7eb449bd78e9b309f483fc6a,7e61f4823860ac67fc2cf7b88c0b78031ccbd9e2a1f7bf6285099b2c126d9b06,2026-08-06T11:21:41Z,2026-08-06-p2-finite-linear-memory-skill-decomposition,2.0
Zarra EMEP,GLOBAL_COMMON_THRESHOLD_SENSITIVITY,5,7,ridge_direct,1013,1.0119653863693099,DEFINED_STABLE,79.7528177189321,4.299881539980257,0.02,4a49b08b041c578ec5981dc1472125b2af0a4d59,572a6a79dfaf6247292af8c946e3f621c520377d7eb449bd78e9b309f483fc6a,7e61f4823860ac67fc2cf7b88c0b78031ccbd9e2a1f7bf6285099b2c126d9b06,2026-08-06T11:21:41Z,2026-08-06-p2-finite-linear-memory-skill-decomposition,2.0
Zarra EMEP,GLOBAL_COMMON_THRESHOLD_SENSITIVITY,5,7,hgb_direct,1013,0.984296696506951,DEFINED_STABLE,81.99467831538163,4.299881539980257,0.02,4a49b08b041c578ec5981dc1472125b2af0a4d59,572a6a79dfaf6247292af8c946e3f621c520377d7eb449bd78e9b309f483fc6a,7e61f4823860ac67fc2cf7b88c0b78031ccbd9e2a1f7bf6285099b2c126d9b06,2026-08-06T11:21:41Z,2026-08-06-p2-finite-linear-memory-skill-decomposition,2.0
Zarra EMEP,GLOBAL_COMMON_THRESHOLD_SENSITIVITY,5,14,ridge_direct,1013,1.0375964316581276,DEFINED_STABLE,79.7528177189321,4.299881539980257,0.02,4a49b08b041c578ec5981dc1472125b2af0a4d59,572a6a79dfaf6247292af8c946e3f621c520377d7eb449bd78e9b309f483fc6a,7e61f4823860ac67fc2cf7b88c0b78031ccbd9e2a1f7bf6285099b2c126d9b06,2026-08-06T11:21:41Z,2026-08-06-p2-finite-linear-memory-skill-decomposition,2.0
Zarra EMEP,GLOBAL_COMMON_THRESHOLD_SENSITIVITY,5,14,hgb_direct,1013,1.0092269496021853,DEFINED_STABLE,81.99467831538163,4.299881539980257,0.02,4a49b08b041c578ec5981dc1472125b2af0a4d59,572a6a79dfaf6247292af8c946e3f621c520377d7eb449bd78e9b309f483fc6a,7e61f4823860ac67fc2cf7b88c0b78031ccbd9e2a1f7bf6285099b2c126d9b06,2026-08-06T11:21:41Z,2026-08-06-p2-finite-linear-memory-skill-decomposition,2.0
Zarra EMEP,GLOBAL_COMMON_THRESHOLD_SENSITIVITY,5,21,ridge_direct,1013,1.0339595647821382,DEFINED_STABLE,79.7528177189321,4.299881539980257,0.02,4a49b08b041c578ec5981dc1472125b2af0a4d59,572a6a79dfaf6247292af8c946e3f621c520377d7eb449bd78e9b309f483fc6a,7e61f4823860ac67fc2cf7b88c0b78031ccbd9e2a1f7bf6285099b2c126d9b06,2026-08-06T11:21:41Z,2026-08-06-p2-finite-linear-memory-skill-decomposition,2.0
Zarra EMEP,GLOBAL_COMMON_THRESHOLD_SENSITIVITY,5,21,hgb_direct,1013,1.0056895202593543,DEFINED_STABLE,81.99467831538163,4.299881539980257,0.02,4a49b08b041c578ec5981dc1472125b2af0a4d59,572a6a79dfaf6247292af8c946e3f621c520377d7eb449bd78e9b309f483fc6a,7e61f4823860ac67fc2cf7b88c0b78031ccbd9e2a1f7bf6285099b2c126d9b06,2026-08-06T11:21:41Z,2026-08-06-p2-finite-linear-memory-skill-decomposition,2.0
Zarra EMEP,GLOBAL_COMMON_THRESHOLD_SENSITIVITY,6,7,ridge_direct,1012,1.0085376431039008,DEFINED_STABLE,79.32854498682335,4.42592885375494,0.02,4a49b08b041c578ec5981dc1472125b2af0a4d59,572a6a79dfaf6247292af8c946e3f621c520377d7eb449bd78e9b309f483fc6a,7e61f4823860ac67fc2cf7b88c0b78031ccbd9e2a1f7bf6285099b2c126d9b06,2026-08-06T11:21:41Z,2026-08-06-p2-finite-linear-memory-skill-decomposition,2.0
Zarra EMEP,GLOBAL_COMMON_THRESHOLD_SENSITIVITY,6,7,hgb_direct,1012,0.993382161975494,DEFINED_STABLE,80.53881663504873,4.42592885375494,0.02,4a49b08b041c578ec5981dc1472125b2af0a4d59,572a6a79dfaf6247292af8c946e3f621c520377d7eb449bd78e9b309f483fc6a,7e61f4823860ac67fc2cf7b88c0b78031ccbd9e2a1f7bf6285099b2c126d9b06,2026-08-06T11:21:41Z,2026-08-06-p2-finite-linear-memory-skill-decomposition,2.0
Zarra EMEP,GLOBAL_COMMON_THRESHOLD_SENSITIVITY,6,14,ridge_direct,1012,1.0455616955101092,DEFINED_STABLE,79.32854498682335,4.42592885375494,0.02,4a49b08b041c578ec5981dc1472125b2af0a4d59,572a6a79dfaf6247292af8c946e3f621c520377d7eb449bd78e9b309f483fc6a,7e61f4823860ac67fc2cf7b88c0b78031ccbd9e2a1f7bf6285099b2c126d9b06,2026-08-06T11:21:41Z,2026-08-06-p2-finite-linear-memory-skill-decomposition,2.0
Zarra EMEP,GLOBAL_COMMON_THRESHOLD_SENSITIVITY,6,14,hgb_direct,1012,1.029849847119284,DEFINED_STABLE,80.53881663504873,4.42592885375494,0.02,4a49b08b041c578ec5981dc1472125b2af0a4d59,572a6a79dfaf6247292af8c946e3f621c520377d7eb449bd78e9b309f483fc6a,7e61f4823860ac67fc2cf7b88c0b78031ccbd9e2a1f7bf6285099b2c126d9b06,2026-08-06T11:21:41Z,2026-08-06-p2-finite-linear-memory-skill-decomposition,2.0
Zarra EMEP,GLOBAL_COMMON_THRESHOLD_SENSITIVITY,6,21,ridge_direct,1012,1.0391956968847882,DEFINED_STABLE,79.32854498682335,4.42592885375494,0.02,4a49b08b041c578ec5981dc1472125b2af0a4d59,572a6a79dfaf6247292af8c946e3f621c520377d7eb449bd78e9b309f483fc6a,7e61f4823860ac67fc2cf7b88c0b78031ccbd9e2a1f7bf6285099b2c126d9b06,2026-08-06T11:21:41Z,2026-08-06-p2-finite-linear-memory-skill-decomposition,2.0
Zarra EMEP,GLOBAL_COMMON_THRESHOLD_SENSITIVITY,6,21,hgb_direct,1012,1.0235795115291402,DEFINED_STABLE,80.53881663504873,4.42592885375494,0.02,4a49b08b041c578ec5981dc1472125b2af0a4d59,572a6a79dfaf6247292af8c946e3f621c520377d7eb449bd78e9b309f483fc6a,7e61f4823860ac67fc2cf7b88c0b78031ccbd9e2a1f7bf6285099b2c126d9b06,2026-08-06T11:21:41Z,2026-08-06-p2-finite-linear-memory-skill-decomposition,2.0
Zarra EMEP,GLOBAL_COMMON_THRESHOLD_SENSITIVITY,7,7,ridge_direct,1011,1.0103702990768475,DEFINED_STABLE,84.99062816741792,4.811394658753709,0.02,4a49b08b041c578ec5981dc1472125b2af0a4d59,572a6a79dfaf6247292af8c946e3f621c520377d7eb449bd78e9b309f483fc6a,7e61f4823860ac67fc2cf7b88c0b78031ccbd9e2a1f7bf6285099b2c126d9b06,2026-08-06T11:21:41Z,2026-08-06-p2-finite-linear-memory-skill-decomposition,2.0
Zarra EMEP,GLOBAL_COMMON_THRESHOLD_SENSITIVITY,7,7,hgb_direct,1011,1.028736557906598,DEFINED_STABLE,83.4732718889531,4.811394658753709,0.02,4a49b08b041c578ec5981dc1472125b2af0a4d59,572a6a79dfaf6247292af8c946e3f621c520377d7eb449bd78e9b309f483fc6a,7e61f4823860ac67fc2cf7b88c0b78031ccbd9e2a1f7bf6285099b2c126d9b06,2026-08-06T11:21:41Z,2026-08-06-p2-finite-linear-memory-skill-decomposition,2.0
Zarra EMEP,GLOBAL_COMMON_THRESHOLD_SENSITIVITY,7,14,ridge_direct,1011,1.0462484015580698,DEFINED_STABLE,84.99062816741792,4.811394658753709,0.02,4a49b08b041c578ec5981dc1472125b2af0a4d59,572a6a79dfaf6247292af8c946e3f621c520377d7eb449bd78e9b309f483fc6a,7e61f4823860ac67fc2cf7b88c0b78031ccbd9e2a1f7bf6285099b2c126d9b06,2026-08-06T11:21:41Z,2026-08-06-p2-finite-linear-memory-skill-decomposition,2.0
Zarra EMEP,GLOBAL_COMMON_THRESHOLD_SENSITIVITY,7,14,hgb_direct,1011,1.0652668435696622,DEFINED_STABLE,83.4732718889531,4.811394658753709,0.02,4a49b08b041c578ec5981dc1472125b2af0a4d59,572a6a79dfaf6247292af8c946e3f621c520377d7eb449bd78e9b309f483fc6a,7e61f4823860ac67fc2cf7b88c0b78031ccbd9e2a1f7bf6285099b2c126d9b06,2026-08-06T11:21:41Z,2026-08-06-p2-finite-linear-memory-skill-decomposition,2.0
Zarra EMEP,GLOBAL_COMMON_THRESHOLD_SENSITIVITY,7,21,ridge_direct,1011,1.0436075148547148,DEFINED_STABLE,84.99062816741792,4.811394658753709,0.02,4a49b08b041c578ec5981dc1472125b2af0a4d59,572a6a79dfaf6247292af8c946e3f621c520377d7eb449bd78e9b309f483fc6a,7e61f4823860ac67fc2cf7b88c0b78031ccbd9e2a1f7bf6285099b2c126d9b06,2026-08-06T11:21:41Z,2026-08-06-p2-finite-linear-memory-skill-decomposition,2.0
Zarra EMEP,GLOBAL_COMMON_THRESHOLD_SENSITIVITY,7,21,hgb_direct,1011,1.0625779514877067,DEFINED_STABLE,83.4732718889531,4.811394658753709,0.02,4a49b08b041c578ec5981dc1472125b2af0a4d59,572a6a79dfaf6247292af8c946e3f621c520377d7eb449bd78e9b309f483fc6a,7e61f4823860ac67fc2cf7b88c0b78031ccbd9e2a1f7bf6285099b2c126d9b06,2026-08-06T11:21:41Z,2026-08-06-p2-finite-linear-memory-skill-decomposition,2.0
Zarra EMEP,GLOBAL_COMMON_THRESHOLD_SENSITIVITY,1,7,ridge_direct,1019,1.0761848311510192,DEFINED_STABLE,13.470368660473099,4.031992149165849,0.05,4a49b08b041c578ec5981dc1472125b2af0a4d59,572a6a79dfaf6247292af8c946e3f621c520377d7eb449bd78e9b309f483fc6a,7e61f4823860ac67fc2cf7b88c0b78031ccbd9e2a1f7bf6285099b2c126d9b06,2026-08-06T11:21:41Z,2026-08-06-p2-finite-linear-memory-skill-decomposition,2.0
Zarra EMEP,GLOBAL_COMMON_THRESHOLD_SENSITIVITY,1,7,hgb_direct,1019,1.4913425432567202,DEFINED_STABLE,9.720507530588009,4.031992149165849,0.05,4a49b08b041c578ec5981dc1472125b2af0a4d59,572a6a79dfaf6247292af8c946e3f621c520377d7eb449bd78e9b309f483fc6a,7e61f4823860ac67fc2cf7b88c0b78031ccbd9e2a1f7bf6285099b2c126d9b06,2026-08-06T11:21:41Z,2026-08-06-p2-finite-linear-memory-skill-decomposition,2.0
Zarra EMEP,GLOBAL_COMMON_THRESHOLD_SENSITIVITY,1,14,ridge_direct,1019,1.0527031859824945,DEFINED_STABLE,13.470368660473099,4.031992149165849,0.05,4a49b08b041c578ec5981dc1472125b2af0a4d59,572a6a79dfaf6247292af8c946e3f621c520377d7eb449bd78e9b309f483fc6a,7e61f4823860ac67fc2cf7b88c0b78031ccbd9e2a1f7bf6285099b2c126d9b06,2026-08-06T11:21:41Z,2026-08-06-p2-finite-linear-memory-skill-decomposition,2.0
Zarra EMEP,GLOBAL_COMMON_THRESHOLD_SENSITIVITY,1,14,hgb_direct,1019,1.4588024298748719,DEFINED_STABLE,9.720507530588009,4.031992149165849,0.05,4a49b08b041c578ec5981dc1472125b2af0a4d59,572a6a79dfaf6247292af8c946e3f621c520377d7eb449bd78e9b309f483fc6a,7e61f4823860ac67fc2cf7b88c0b78031ccbd9e2a1f7bf6285099b2c126d9b06,2026-08-06T11:21:41Z,2026-08-06-p2-finite-linear-memory-skill-decomposition,2.0
Zarra EMEP,GLOBAL_COMMON_THRESHOLD_SENSITIVITY,1,21,ridge_direct,1019,1.0337957435496183,DEFINED_STABLE,13.470368660473099,4.031992149165849,0.05,4a49b08b041c578ec5981dc1472125b2af0a4d59,572a6a79dfaf6247292af8c946e3f621c520377d7eb449bd78e9b309f483fc6a,7e61f4823860ac67fc2cf7b88c0b78031ccbd9e2a1f7bf6285099b2c126d9b06,2026-08-06T11:21:41Z,2026-08-06-p2-finite-linear-memory-skill-decomposition,2.0
Zarra EMEP,GLOBAL_COMMON_THRESHOLD_SENSITIVITY,1,21,hgb_direct,1019,1.4326011004488035,DEFINED_STABLE,9.720507530588009,4.031992149165849,0.05,4a49b08b041c578ec5981dc1472125b2af0a4d59,572a6a79dfaf6247292af8c946e3f621c520377d7eb449bd78e9b309f483fc6a,7e61f4823860ac67fc2cf7b88c0b78031ccbd9e2a1f7bf6285099b2c126d9b06,2026-08-06T11:21:41Z,2026-08-06-p2-finite-linear-memory-skill-decomposition,2.0
Zarra EMEP,GLOBAL_COMMON_THRESHOLD_SENSITIVITY,2,7,ridge_direct,1016,1.0476032614510447,DEFINED_STABLE,52.327717680925204,7.668307086614174,0.05,4a49b08b041c578ec5981dc1472125b2af0a4d59,572a6a79dfaf6247292af8c946e3f621c520377d7eb449bd78e9b309f483fc6a,7e61f4823860ac67fc2cf7b88c0b78031ccbd9e2a1f7bf6285099b2c126d9b06,2026-08-06T11:21:41Z,2026-08-06-p2-finite-linear-memory-skill-decomposition,2.0
Zarra EMEP,GLOBAL_COMMON_THRESHOLD_SENSITIVITY,2,7,hgb_direct,1016,0.970200734553425,DEFINED_STABLE,56.50241826714273,7.668307086614174,0.05,4a49b08b041c578ec5981dc1472125b2af0a4d59,572a6a79dfaf6247292af8c946e3f621c520377d7eb449bd78e9b309f483fc6a,7e61f4823860ac67fc2cf7b88c0b78031ccbd9e2a1f7bf6285099b2c126d9b06,2026-08-06T11:21:41Z,2026-08-06-p2-finite-linear-memory-skill-decomposition,2.0
Zarra EMEP,GLOBAL_COMMON_THRESHOLD_SENSITIVITY,2,14,ridge_direct,1016,1.0591486571359165,DEFINED_STABLE,52.327717680925204,7.668307086614174,0.05,4a49b08b041c578ec5981dc1472125b2af0a4d59,572a6a79dfaf6247292af8c946e3f621c520377d7eb449bd78e9b309f483fc6a,7e61f4823860ac67fc2cf7b88c0b78031ccbd9e2a1f7bf6285099b2c126d9b06,2026-08-06T11:21:41Z,2026-08-06-p2-finite-linear-memory-skill-decomposition,2.0
Zarra EMEP,GLOBAL_COMMON_THRESHOLD_SENSITIVITY,2,14,hgb_direct,1016,0.9808930947114657,DEFINED_STABLE,56.50241826714273,7.668307086614174,0.05,4a49b08b041c578ec5981dc1472125b2af0a4d59,572a6a79dfaf6247292af8c946e3f621c520377d7eb449bd78e9b309f483fc6a,7e61f4823860ac67fc2cf7b88c0b78031ccbd9e2a1f7bf6285099b2c126d9b06,2026-08-06T11:21:41Z,2026-08-06-p2-finite-linear-memory-skill-decomposition,2.0
Zarra EMEP,GLOBAL_COMMON_THRESHOLD_SENSITIVITY,2,21,ridge_direct,1016,1.0486138203659525,DEFINED_STABLE,52.327717680925204,7.668307086614174,0.05,4a49b08b041c578ec5981dc1472125b2af0a4d59,572a6a79dfaf6247292af8c946e3f621c520377d7eb449bd78e9b309f483fc6a,7e61f4823860ac67fc2cf7b88c0b78031ccbd9e2a1f7bf6285099b2c126d9b06,2026-08-06T11:21:41Z,2026-08-06-p2-finite-linear-memory-skill-decomposition,2.0
Zarra EMEP,GLOBAL_COMMON_THRESHOLD_SENSITIVITY,2,21,hgb_direct,1016,0.9711366279757069,DEFINED_STABLE,56.50241826714273,7.668307086614174,0.05,4a49b08b041c578ec5981dc1472125b2af0a4d59,572a6a79dfaf6247292af8c946e3f621c520377d7eb449bd78e9b309f483fc6a,7e61f4823860ac67fc2cf7b88c0b78031ccbd9e2a1f7bf6285099b2c126d9b06,2026-08-06T11:21:41Z,2026-08-06-p2-finite-linear-memory-skill-decomposition,2.0
Zarra EMEP,GLOBAL_COMMON_THRESHOLD_SENSITIVITY,3,7,ridge_direct,1014,1.0276931743737636,DEFINED_STABLE,77.5350878926573,9.336735700197238,0.05,4a49b08b041c578ec5981dc1472125b2af0a4d59,572a6a79dfaf6247292af8c946e3f621c520377d7eb449bd78e9b309f483fc6a,7e61f4823860ac67fc2cf7b88c0b78031ccbd9e2a1f7bf6285099b2c126d9b06,2026-08-06T11:21:41Z,2026-08-06-p2-finite-linear-memory-skill-decomposition,2.0
Zarra EMEP,GLOBAL_COMMON_THRESHOLD_SENSITIVITY,3,7,hgb_direct,1014,0.9812989429543405,DEFINED_STABLE,81.20082180243553,9.336735700197238,0.05,4a49b08b041c578ec5981dc1472125b2af0a4d59,572a6a79dfaf6247292af8c946e3f621c520377d7eb449bd78e9b309f483fc6a,7e61f4823860ac67fc2cf7b88c0b78031ccbd9e2a1f7bf6285099b2c126d9b06,2026-08-06T11:21:41Z,2026-08-06-p2-finite-linear-memory-skill-decomposition,2.0
Zarra EMEP,GLOBAL_COMMON_THRESHOLD_SENSITIVITY,3,14,ridge_direct,1014,1.0381418114676757,DEFINED_STABLE,77.5350878926573,9.336735700197238,0.05,4a49b08b041c578ec5981dc1472125b2af0a4d59,572a6a79dfaf6247292af8c946e3f621c520377d7eb449bd78e9b309f483fc6a,7e61f4823860ac67fc2cf7b88c0b78031ccbd9e2a1f7bf6285099b2c126d9b06,2026-08-06T11:21:41Z,2026-08-06-p2-finite-linear-memory-skill-decomposition,2.0
Zarra EMEP,GLOBAL_COMMON_THRESHOLD_SENSITIVITY,3,14,hgb_direct,1014,0.99127588625925,DEFINED_STABLE,81.20082180243553,9.336735700197238,0.05,4a49b08b041c578ec5981dc1472125b2af0a4d59,572a6a79dfaf6247292af8c946e3f621c520377d7eb449bd78e9b309f483fc6a,7e61f4823860ac67fc2cf7b88c0b78031ccbd9e2a1f7bf6285099b2c126d9b06,2026-08-06T11:21:41Z,2026-08-06-p2-finite-linear-memory-skill-decomposition,2.0
Zarra EMEP,GLOBAL_COMMON_THRESHOLD_SENSITIVITY,3,21,ridge_direct,1014,1.0285714771895704,DEFINED_STABLE,77.5350878926573,9.336735700197238,0.05,4a49b08b041c578ec5981dc1472125b2af0a4d59,572a6a79dfaf6247292af8c946e3f621c520377d7eb449bd78e9b309f483fc6a,7e61f4823860ac67fc2cf7b88c0b78031ccbd9e2a1f7bf6285099b2c126d9b06,2026-08-06T11:21:41Z,2026-08-06-p2-finite-linear-memory-skill-decomposition,2.0
Zarra EMEP,GLOBAL_COMMON_THRESHOLD_SENSITIVITY,3,21,hgb_direct,1014,0.982137595624453,DEFINED_STABLE,81.20082180243553,9.336735700197238,0.05,4a49b08b041c578ec5981dc1472125b2af0a4d59,572a6a79dfaf6247292af8c946e3f621c520377d7eb449bd78e9b309f483fc6a,7e61f4823860ac67fc2cf7b88c0b78031ccbd9e2a1f7bf6285099b2c126d9b06,2026-08-06T11:21:41Z,2026-08-06-p2-finite-linear-memory-skill-decomposition,2.0
Zarra EMEP,GLOBAL_COMMON_THRESHOLD_SENSITIVITY,4,7,ridge_direct,1014,1.017615275555668,DEFINED_STABLE,83.04459213570252,10.019329388560159,0.05,4a49b08b041c578ec5981dc1472125b2af0a4d59,572a6a79dfaf6247292af8c946e3f621c520377d7eb449bd78e9b309f483fc6a,7e61f4823860ac67fc2cf7b88c0b78031ccbd9e2a1f7bf6285099b2c126d9b06,2026-08-06T11:21:41Z,2026-08-06-p2-finite-linear-memory-skill-decomposition,2.0
Zarra EMEP,GLOBAL_COMMON_THRESHOLD_SENSITIVITY,4,7,hgb_direct,1014,0.9835790490926797,DEFINED_STABLE,85.91830579101537,10.019329388560159,0.05,4a49b08b041c578ec5981dc1472125b2af0a4d59,572a6a79dfaf6247292af8c946e3f621c520377d7eb449bd78e9b309f483fc6a,7e61f4823860ac67fc2cf7b88c0b78031ccbd9e2a1f7bf6285099b2c126d9b06,2026-08-06T11:21:41Z,2026-08-06-p2-finite-linear-memory-skill-decomposition,2.0
Zarra EMEP,GLOBAL_COMMON_THRESHOLD_SENSITIVITY,4,14,ridge_direct,1014,1.0278926352756017,DEFINED_STABLE,83.04459213570252,10.019329388560159,0.05,4a49b08b041c578ec5981dc1472125b2af0a4d59,572a6a79dfaf6247292af8c946e3f621c520377d7eb449bd78e9b309f483fc6a,7e61f4823860ac67fc2cf7b88c0b78031ccbd9e2a1f7bf6285099b2c126d9b06,2026-08-06T11:21:41Z,2026-08-06-p2-finite-linear-memory-skill-decomposition,2.0
Zarra EMEP,GLOBAL_COMMON_THRESHOLD_SENSITIVITY,4,14,hgb_direct,1014,0.9935126614738383,DEFINED_STABLE,85.91830579101537,10.019329388560159,0.05,4a49b08b041c578ec5981dc1472125b2af0a4d59,572a6a79dfaf6247292af8c946e3f621c520377d7eb449bd78e9b309f483fc6a,7e61f4823860ac67fc2cf7b88c0b78031ccbd9e2a1f7bf6285099b2c126d9b06,2026-08-06T11:21:41Z,2026-08-06-p2-finite-linear-memory-skill-decomposition,2.0
Zarra EMEP,GLOBAL_COMMON_THRESHOLD_SENSITIVITY,4,21,ridge_direct,1014,1.0230312985055863,DEFINED_STABLE,83.04459213570252,10.019329388560159,0.05,4a49b08b041c578ec5981dc1472125b2af0a4d59,572a6a79dfaf6247292af8c946e3f621c520377d7eb449bd78e9b309f483fc6a,7e61f4823860ac67fc2cf7b88c0b78031ccbd9e2a1f7bf6285099b2c126d9b06,2026-08-06T11:21:41Z,2026-08-06-p2-finite-linear-memory-skill-decomposition,2.0
Zarra EMEP,GLOBAL_COMMON_THRESHOLD_SENSITIVITY,4,21,hgb_direct,1014,0.9888139220657056,DEFINED_STABLE,85.91830579101537,10.019329388560159,0.05,4a49b08b041c578ec5981dc1472125b2af0a4d59,572a6a79dfaf6247292af8c946e3f621c520377d7eb449bd78e9b309f483fc6a,7e61f4823860ac67fc2cf7b88c0b78031ccbd9e2a1f7bf6285099b2c126d9b06,2026-08-06T11:21:41Z,2026-08-06-p2-finite-linear-memory-skill-decomposition,2.0
Zarra EMEP,GLOBAL_COMMON_THRESHOLD_SENSITIVITY,5,7,ridge_direct,1013,1.0119653863693099,DEFINED_STABLE,79.7528177189321,10.749703849950642,0.05,4a49b08b041c578ec5981dc1472125b2af0a4d59,572a6a79dfaf6247292af8c946e3f621c520377d7eb449bd78e9b309f483fc6a,7e61f4823860ac67fc2cf7b88c0b78031ccbd9e2a1f7bf6285099b2c126d9b06,2026-08-06T11:21:41Z,2026-08-06-p2-finite-linear-memory-skill-decomposition,2.0
Zarra EMEP,GLOBAL_COMMON_THRESHOLD_SENSITIVITY,5,7,hgb_direct,1013,0.984296696506951,DEFINED_STABLE,81.99467831538163,10.749703849950642,0.05,4a49b08b041c578ec5981dc1472125b2af0a4d59,572a6a79dfaf6247292af8c946e3f621c520377d7eb449bd78e9b309f483fc6a,7e61f4823860ac67fc2cf7b88c0b78031ccbd9e2a1f7bf6285099b2c126d9b06,2026-08-06T11:21:41Z,2026-08-06-p2-finite-linear-memory-skill-decomposition,2.0
Zarra EMEP,GLOBAL_COMMON_THRESHOLD_SENSITIVITY,5,14,ridge_direct,1013,1.0375964316581276,DEFINED_STABLE,79.7528177189321,10.749703849950642,0.05,4a49b08b041c578ec5981dc1472125b2af0a4d59,572a6a79dfaf6247292af8c946e3f621c520377d7eb449bd78e9b309f483fc6a,7e61f4823860ac67fc2cf7b88c0b78031ccbd9e2a1f7bf6285099b2c126d9b06,2026-08-06T11:21:41Z,2026-08-06-p2-finite-linear-memory-skill-decomposition,2.0
Zarra EMEP,GLOBAL_COMMON_THRESHOLD_SENSITIVITY,5,14,hgb_direct,1013,1.0092269496021853,DEFINED_STABLE,81.99467831538163,10.749703849950642,0.05,4a49b08b041c578ec5981dc1472125b2af0a4d59,572a6a79dfaf6247292af8c946e3f621c520377d7eb449bd78e9b309f483fc6a,7e61f4823860ac67fc2cf7b88c0b78031ccbd9e2a1f7bf6285099b2c126d9b06,2026-08-06T11:21:41Z,2026-08-06-p2-finite-linear-memory-skill-decomposition,2.0
Zarra EMEP,GLOBAL_COMMON_THRESHOLD_SENSITIVITY,5,21,ridge_direct,1013,1.0339595647821382,DEFINED_STABLE,79.7528177189321,10.749703849950642,0.05,4a49b08b041c578ec5981dc1472125b2af0a4d59,572a6a79dfaf6247292af8c946e3f621c520377d7eb449bd78e9b309f483fc6a,7e61f4823860ac67fc2cf7b88c0b78031ccbd9e2a1f7bf6285099b2c126d9b06,2026-08-06T11:21:41Z,2026-08-06-p2-finite-linear-memory-skill-decomposition,2.0
Zarra EMEP,GLOBAL_COMMON_THRESHOLD_SENSITIVITY,5,21,hgb_direct,1013,1.0056895202593543,DEFINED_STABLE,81.99467831538163,10.749703849950642,0.05,4a49b08b041c578ec5981dc1472125b2af0a4d59,572a6a79dfaf6247292af8c946e3f621c520377d7eb449bd78e9b309f483fc6a,7e61f4823860ac67fc2cf7b88c0b78031ccbd9e2a1f7bf6285099b2c126d9b06,2026-08-06T11:21:41Z,2026-08-06-p2-finite-linear-memory-skill-decomposition,2.0
Zarra EMEP,GLOBAL_COMMON_THRESHOLD_SENSITIVITY,6,7,ridge_direct,1012,1.0085376431039008,DEFINED_STABLE,79.32854498682335,11.064822134387352,0.05,4a49b08b041c578ec5981dc1472125b2af0a4d59,572a6a79dfaf6247292af8c946e3f621c520377d7eb449bd78e9b309f483fc6a,7e61f4823860ac67fc2cf7b88c0b78031ccbd9e2a1f7bf6285099b2c126d9b06,2026-08-06T11:21:41Z,2026-08-06-p2-finite-linear-memory-skill-decomposition,2.0
Zarra EMEP,GLOBAL_COMMON_THRESHOLD_SENSITIVITY,6,7,hgb_direct,1012,0.993382161975494,DEFINED_STABLE,80.53881663504873,11.064822134387352,0.05,4a49b08b041c578ec5981dc1472125b2af0a4d59,572a6a79dfaf6247292af8c946e3f621c520377d7eb449bd78e9b309f483fc6a,7e61f4823860ac67fc2cf7b88c0b78031ccbd9e2a1f7bf6285099b2c126d9b06,2026-08-06T11:21:41Z,2026-08-06-p2-finite-linear-memory-skill-decomposition,2.0
Zarra EMEP,GLOBAL_COMMON_THRESHOLD_SENSITIVITY,6,14,ridge_direct,1012,1.0455616955101092,DEFINED_STABLE,79.32854498682335,11.064822134387352,0.05,4a49b08b041c578ec5981dc1472125b2af0a4d59,572a6a79dfaf6247292af8c946e3f621c520377d7eb449bd78e9b309f483fc6a,7e61f4823860ac67fc2cf7b88c0b78031ccbd9e2a1f7bf6285099b2c126d9b06,2026-08-06T11:21:41Z,2026-08-06-p2-finite-linear-memory-skill-decomposition,2.0
Zarra EMEP,GLOBAL_COMMON_THRESHOLD_SENSITIVITY,6,14,hgb_direct,1012,1.029849847119284,DEFINED_STABLE,80.53881663504873,11.064822134387352,0.05,4a49b08b041c578ec5981dc1472125b2af0a4d59,572a6a79dfaf6247292af8c946e3f621c520377d7eb449bd78e9b309f483fc6a,7e61f4823860ac67fc2cf7b88c0b78031ccbd9e2a1f7bf6285099b2c126d9b06,2026-08-06T11:21:41Z,2026-08-06-p2-finite-linear-memory-skill-decomposition,2.0
Zarra EMEP,GLOBAL_COMMON_THRESHOLD_SENSITIVITY,6,21,ridge_direct,1012,1.0391956968847882,DEFINED_STABLE,79.32854498682335,11.064822134387352,0.05,4a49b08b041c578ec5981dc1472125b2af0a4d59,572a6a79dfaf6247292af8c946e3f621c520377d7eb449bd78e9b309f483fc6a,7e61f4823860ac67fc2cf7b88c0b78031ccbd9e2a1f7bf6285099b2c126d9b06,2026-08-06T11:21:41Z,2026-08-06-p2-finite-linear-memory-skill-decomposition,2.0
Zarra EMEP,GLOBAL_COMMON_THRESHOLD_SENSITIVITY,6,21,hgb_direct,1012,1.0235795115291402,DEFINED_STABLE,80.53881663504873,11.064822134387352,0.05,4a49b08b041c578ec5981dc1472125b2af0a4d59,572a6a79dfaf6247292af8c946e3f621c520377d7eb449bd78e9b309f483fc6a,7e61f4823860ac67fc2cf7b88c0b78031ccbd9e2a1f7bf6285099b2c126d9b06,2026-08-06T11:21:41Z,2026-08-06-p2-finite-linear-memory-skill-decomposition,2.0
Zarra EMEP,GLOBAL_COMMON_THRESHOLD_SENSITIVITY,7,7,ridge_direct,1011,1.0103702990768475,DEFINED_STABLE,84.99062816741792,12.028486646884275,0.05,4a49b08b041c578ec5981dc1472125b2af0a4d59,572a6a79dfaf6247292af8c946e3f621c520377d7eb449bd78e9b309f483fc6a,7e61f4823860ac67fc2cf7b88c0b78031ccbd9e2a1f7bf6285099b2c126d9b06,2026-08-06T11:21:41Z,2026-08-06-p2-finite-linear-memory-skill-decomposition,2.0
Zarra EMEP,GLOBAL_COMMON_THRESHOLD_SENSITIVITY,7,7,hgb_direct,1011,1.028736557906598,DEFINED_STABLE,83.4732718889531,12.028486646884275,0.05,4a49b08b041c578ec5981dc1472125b2af0a4d59,572a6a79dfaf6247292af8c946e3f621c520377d7eb449bd78e9b309f483fc6a,7e61f4823860ac67fc2cf7b88c0b78031ccbd9e2a1f7bf6285099b2c126d9b06,2026-08-06T11:21:41Z,2026-08-06-p2-finite-linear-memory-skill-decomposition,2.0
Zarra EMEP,GLOBAL_COMMON_THRESHOLD_SENSITIVITY,7,14,ridge_direct,1011,1.0462484015580698,DEFINED_STABLE,84.99062816741792,12.028486646884275,0.05,4a49b08b041c578ec5981dc1472125b2af0a4d59,572a6a79dfaf6247292af8c946e3f621c520377d7eb449bd78e9b309f483fc6a,7e61f4823860ac67fc2cf7b88c0b78031ccbd9e2a1f7bf6285099b2c126d9b06,2026-08-06T11:21:41Z,2026-08-06-p2-finite-linear-memory-skill-decomposition,2.0
Zarra EMEP,GLOBAL_COMMON_THRESHOLD_SENSITIVITY,7,14,hgb_direct,1011,1.0652668435696622,DEFINED_STABLE,83.4732718889531,12.028486646884275,0.05,4a49b08b041c578ec5981dc1472125b2af0a4d59,572a6a79dfaf6247292af8c946e3f621c520377d7eb449bd78e9b309f483fc6a,7e61f4823860ac67fc2cf7b88c0b78031ccbd9e2a1f7bf6285099b2c126d9b06,2026-08-06T11:21:41Z,2026-08-06-p2-finite-linear-memory-skill-decomposition,2.0
Zarra EMEP,GLOBAL_COMMON_THRESHOLD_SENSITIVITY,7,21,ridge_direct,1011,1.0436075148547148,DEFINED_STABLE,84.99062816741792,12.028486646884275,0.05,4a49b08b041c578ec5981dc1472125b2af0a4d59,572a6a79dfaf6247292af8c946e3f621c520377d7eb449bd78e9b309f483fc6a,7e61f4823860ac67fc2cf7b88c0b78031ccbd9e2a1f7bf6285099b2c126d9b06,2026-08-06T11:21:41Z,2026-08-06-p2-finite-linear-memory-skill-decomposition,2.0
Zarra EMEP,GLOBAL_COMMON_THRESHOLD_SENSITIVITY,7,21,hgb_direct,1011,1.0625779514877067,DEFINED_STABLE,83.4732718889531,12.028486646884275,0.05,4a49b08b041c578ec5981dc1472125b2af0a4d59,572a6a79dfaf6247292af8c946e3f621c520377d7eb449bd78e9b309f483fc6a,7e61f4823860ac67fc2cf7b88c0b78031ccbd9e2a1f7bf6285099b2c126d9b06,2026-08-06T11:21:41Z,2026-08-06-p2-finite-linear-memory-skill-decomposition,2.0
