model,horizon,n,events,threshold_policy,recall,precision,flag_rate,base_rate
lightgbm,1,1654,243,fold_train_p75,0.7777777777777778,0.8253275109170306,0.13845223700120918,0.14691656590084642
lightgbm,6,1651,243,fold_train_p75,0.522633744855967,0.6649214659685864,0.11568746214415505,0.14718352513628105
lightgbm,24,1633,243,fold_train_p75,0.48148148148148145,0.4349442379182156,0.16472749540722598,0.14880587875076545
lightgbm,48,1610,243,fold_train_p75,0.18106995884773663,0.2838709677419355,0.09627329192546584,0.15093167701863355
sarima,1,1654,243,fold_train_p75,0.7901234567901234,0.803347280334728,0.1444981862152358,0.14691656590084642
sarima,6,1651,243,fold_train_p75,0.448559670781893,0.5989010989010989,0.11023622047244094,0.14718352513628105
sarima,24,1633,243,fold_train_p75,0.04938271604938271,0.8,0.009185548071034905,0.14880587875076545
sarima,48,1610,243,fold_train_p75,0.0,,0.0,0.15093167701863355
