model,horizon,n,rmse,rmse_persistence,skill_rmse,variance_observed,variance_predicted,variance_retention_pct,skill_vp
lightgbm,1,1654,3.87439195436767,3.6362743201079013,-0.06548395783646566,106.92043852699757,84.98208858054066,79.48161245062848,-0.05204770558491258
lightgbm,6,1651,7.465029078325782,7.917617920258164,0.05716224835431627,107.04025182166913,67.32881210761525,62.90046123937208,0.03595531786966031
lightgbm,24,1633,10.70104770698406,10.072851594901454,-0.06236527026771421,107.76042079415967,73.4853768597665,68.19329055900386,-0.04252892996157039
lightgbm,48,1610,10.940941033488661,11.707962995992427,0.0655128447848966,108.50109631768508,35.40341133936732,32.629542503154184,0.02137654153411327
sarima,1,1654,3.644837532253145,3.6362743201079013,-0.0023549411819374644,106.92043852699757,86.65108700572692,81.04258474758069,-0.001908505203127348
sarima,6,1651,7.530013271953377,7.917617920258164,0.04895470483780906,107.04025182166913,39.24048581592843,36.65956044395686,0.017946579610177288
sarima,24,1633,10.363245469640194,10.072851594901454,-0.028829360981127428,107.76042079415967,3.610024156000157,3.350046454343291,-0.0009657969853580877
sarima,48,1610,11.371786677864831,11.707962995992427,0.028713476310325392,108.50109631768508,0.0804735442068718,0.07416841574692463,2.1296330485236854e-05
