station_id,horizon,expected_keys,xgboost_keys,sarima_keys,persistence_keys,common_keys,removed_keys,duplicate_xgboost_keys,duplicate_sarima_keys,y_true_mismatch_keys,y_persistence_mismatch_keys,reason
01022001_10_47,all,6948,6948,6948,6948,6948,0,0,0,0,0,OK
01022001_10_47,1,996,996,996,996,996,0,0,0,0,0,OK
01022001_10_47,2,994,994,994,994,994,0,0,0,0,0,OK
01022001_10_47,3,992,992,992,992,992,0,0,0,0,0,OK
01022001_10_47,4,992,992,992,992,992,0,0,0,0,0,OK
01022001_10_47,5,993,993,993,993,993,0,0,0,0,0,OK
01022001_10_47,6,991,991,991,991,991,0,0,0,0,0,OK
01022001_10_47,7,990,990,990,990,990,0,0,0,0,0,OK
01036004_10_47,all,6356,6356,6356,6356,6356,0,0,0,0,0,OK
01036004_10_47,1,912,912,912,912,912,0,0,0,0,0,OK
01036004_10_47,2,909,909,909,909,909,0,0,0,0,0,OK
01036004_10_47,3,907,907,907,907,907,0,0,0,0,0,OK
01036004_10_47,4,907,907,907,907,907,0,0,0,0,0,OK
01036004_10_47,5,908,908,908,908,908,0,0,0,0,0,OK
01036004_10_47,6,907,907,907,907,907,0,0,0,0,0,OK
01036004_10_47,7,906,906,906,906,906,0,0,0,0,0,OK
01051001_10_49,all,6335,6335,6335,6335,6335,0,0,0,0,0,OK
01051001_10_49,1,913,913,913,913,913,0,0,0,0,0,OK
01051001_10_49,2,909,909,909,909,909,0,0,0,0,0,OK
01051001_10_49,3,905,905,905,905,905,0,0,0,0,0,OK
01051001_10_49,4,903,903,903,903,903,0,0,0,0,0,OK
01051001_10_49,5,903,903,903,903,903,0,0,0,0,0,OK
01051001_10_49,6,901,901,901,901,901,0,0,0,0,0,OK
01051001_10_49,7,901,901,901,901,901,0,0,0,0,0,OK
01055001_10_47,all,6396,6396,6396,6396,6396,0,0,0,0,0,OK
01055001_10_47,1,917,917,917,917,917,0,0,0,0,0,OK
01055001_10_47,2,916,916,916,916,916,0,0,0,0,0,OK
01055001_10_47,3,913,913,913,913,913,0,0,0,0,0,OK
01055001_10_47,4,913,913,913,913,913,0,0,0,0,0,OK
01055001_10_47,5,914,914,914,914,914,0,0,0,0,0,OK
01055001_10_47,6,912,912,912,912,912,0,0,0,0,0,OK
01055001_10_47,7,911,911,911,911,911,0,0,0,0,0,OK
01059008_10_49,all,6862,6862,6862,6862,6862,0,0,0,0,0,OK
01059008_10_49,1,985,985,985,985,985,0,0,0,0,0,OK
01059008_10_49,2,982,982,982,982,982,0,0,0,0,0,OK
01059008_10_49,3,980,980,980,980,980,0,0,0,0,0,OK
01059008_10_49,4,980,980,980,980,980,0,0,0,0,0,OK
01059008_10_49,5,980,980,980,980,980,0,0,0,0,0,OK
01059008_10_49,6,978,978,978,978,978,0,0,0,0,0,OK
01059008_10_49,7,977,977,977,977,977,0,0,0,0,0,OK
01059009_10_47,all,6436,6436,6436,6436,6436,0,0,0,0,0,OK
01059009_10_47,1,925,925,925,925,925,0,0,0,0,0,OK
01059009_10_47,2,922,922,922,922,922,0,0,0,0,0,OK
01059009_10_47,3,920,920,920,920,920,0,0,0,0,0,OK
01059009_10_47,4,917,917,917,917,917,0,0,0,0,0,OK
01059009_10_47,5,919,919,919,919,919,0,0,0,0,0,OK
01059009_10_47,6,917,917,917,917,917,0,0,0,0,0,OK
01059009_10_47,7,916,916,916,916,916,0,0,0,0,0,OK
01059012_10_47,all,7221,7221,7221,7221,7221,0,0,0,0,0,OK
01059012_10_47,1,1035,1035,1035,1035,1035,0,0,0,0,0,OK
01059012_10_47,2,1033,1033,1033,1033,1033,0,0,0,0,0,OK
01059012_10_47,3,1031,1031,1031,1031,1031,0,0,0,0,0,OK
01059012_10_47,4,1031,1031,1031,1031,1031,0,0,0,0,0,OK
01059012_10_47,5,1032,1032,1032,1032,1032,0,0,0,0,0,OK
01059012_10_47,6,1030,1030,1030,1030,1030,0,0,0,0,0,OK
01059012_10_47,7,1029,1029,1029,1029,1029,0,0,0,0,0,OK
03014009_10_46,all,5894,5894,5894,5894,5894,0,0,0,0,0,OK
03014009_10_46,1,856,856,856,856,856,0,0,0,0,0,OK
03014009_10_46,2,852,852,852,852,852,0,0,0,0,0,OK
03014009_10_46,3,847,847,847,847,847,0,0,0,0,0,OK
03014009_10_46,4,842,842,842,842,842,0,0,0,0,0,OK
03014009_10_46,5,837,837,837,837,837,0,0,0,0,0,OK
03014009_10_46,6,832,832,832,832,832,0,0,0,0,0,OK
03014009_10_46,7,828,828,828,828,828,0,0,0,0,0,OK
03066003_10_46,all,6911,6911,6911,6911,6911,0,0,0,0,0,OK
03066003_10_46,1,995,995,995,995,995,0,0,0,0,0,OK
03066003_10_46,2,992,992,992,992,992,0,0,0,0,0,OK
03066003_10_46,3,990,990,990,990,990,0,0,0,0,0,OK
03066003_10_46,4,987,987,987,987,987,0,0,0,0,0,OK
03066003_10_46,5,985,985,985,985,985,0,0,0,0,0,OK
03066003_10_46,6,982,982,982,982,982,0,0,0,0,0,OK
03066003_10_46,7,980,980,980,980,980,0,0,0,0,0,OK
03133002_10_46,all,6767,6767,6767,6767,6767,0,0,0,0,0,OK
03133002_10_46,1,975,975,975,975,975,0,0,0,0,0,OK
03133002_10_46,2,972,972,972,972,972,0,0,0,0,0,OK
03133002_10_46,3,969,969,969,969,969,0,0,0,0,0,OK
03133002_10_46,4,965,965,965,965,965,0,0,0,0,0,OK
03133002_10_46,5,964,964,964,964,964,0,0,0,0,0,OK
03133002_10_46,6,962,962,962,962,962,0,0,0,0,0,OK
03133002_10_46,7,960,960,960,960,960,0,0,0,0,0,OK
04013004_10_49,all,5183,5183,5183,5183,5183,0,0,0,0,0,OK
04013004_10_49,1,756,756,756,756,756,0,0,0,0,0,OK
04013004_10_49,2,747,747,747,747,747,0,0,0,0,0,OK
04013004_10_49,3,741,741,741,741,741,0,0,0,0,0,OK
04013004_10_49,4,738,738,738,738,738,0,0,0,0,0,OK
04013004_10_49,5,733,733,733,733,733,0,0,0,0,0,OK
04013004_10_49,6,733,733,733,733,733,0,0,0,0,0,OK
04013004_10_49,7,735,735,735,735,735,0,0,0,0,0,OK
04022001_10_49,all,5864,5864,5864,5864,5864,0,0,0,0,0,OK
04022001_10_49,1,850,850,850,850,850,0,0,0,0,0,OK
04022001_10_49,2,847,847,847,847,847,0,0,0,0,0,OK
04022001_10_49,3,842,842,842,842,842,0,0,0,0,0,OK
04022001_10_49,4,837,837,837,837,837,0,0,0,0,0,OK
04022001_10_49,5,832,832,832,832,832,0,0,0,0,0,OK
04022001_10_49,6,829,829,829,829,829,0,0,0,0,0,OK
04022001_10_49,7,827,827,827,827,827,0,0,0,0,0,OK
04032005_10_49,all,5737,5737,5737,5737,5737,0,0,0,0,0,OK
04032005_10_49,1,829,829,829,829,829,0,0,0,0,0,OK
04032005_10_49,2,825,825,825,825,825,0,0,0,0,0,OK
04032005_10_49,3,822,822,822,822,822,0,0,0,0,0,OK
04032005_10_49,4,818,818,818,818,818,0,0,0,0,0,OK
04032005_10_49,5,815,815,815,815,815,0,0,0,0,0,OK
04032005_10_49,6,814,814,814,814,814,0,0,0,0,0,OK
04032005_10_49,7,814,814,814,814,814,0,0,0,0,0,OK
04902001_10_49,all,7026,7026,7026,7026,7026,0,0,0,0,0,OK
04902001_10_49,1,1012,1012,1012,1012,1012,0,0,0,0,0,OK
04902001_10_49,2,1008,1008,1008,1008,1008,0,0,0,0,0,OK
04902001_10_49,3,1005,1005,1005,1005,1005,0,0,0,0,0,OK
04902001_10_49,4,1003,1003,1003,1003,1003,0,0,0,0,0,OK
04902001_10_49,5,1001,1001,1001,1001,1001,0,0,0,0,0,OK
04902001_10_49,6,999,999,999,999,999,0,0,0,0,0,OK
04902001_10_49,7,998,998,998,998,998,0,0,0,0,0,OK
05019002_10_49,all,6988,6988,6988,6988,6988,0,0,0,0,0,OK
05019002_10_49,1,1004,1004,1004,1004,1004,0,0,0,0,0,OK
05019002_10_49,2,1002,1002,1002,1002,1002,0,0,0,0,0,OK
05019002_10_49,3,1000,1000,1000,1000,1000,0,0,0,0,0,OK
05019002_10_49,4,998,998,998,998,998,0,0,0,0,0,OK
05019002_10_49,5,996,996,996,996,996,0,0,0,0,0,OK
05019002_10_49,6,994,994,994,994,994,0,0,0,0,0,OK
05019002_10_49,7,994,994,994,994,994,0,0,0,0,0,OK
07003001_10_49,all,6715,6715,6715,6715,6715,0,0,0,0,0,OK
07003001_10_49,1,962,962,962,962,962,0,0,0,0,0,OK
07003001_10_49,2,961,961,961,961,961,0,0,0,0,0,OK
07003001_10_49,3,962,962,962,962,962,0,0,0,0,0,OK
07003001_10_49,4,960,960,960,960,960,0,0,0,0,0,OK
07003001_10_49,5,958,958,958,958,958,0,0,0,0,0,OK
07003001_10_49,6,957,957,957,957,957,0,0,0,0,0,OK
07003001_10_49,7,955,955,955,955,955,0,0,0,0,0,OK
07003004_10_49,all,6472,6472,6472,6472,6472,0,0,0,0,0,OK
07003004_10_49,1,930,930,930,930,930,0,0,0,0,0,OK
07003004_10_49,2,926,926,926,926,926,0,0,0,0,0,OK
07003004_10_49,3,926,926,926,926,926,0,0,0,0,0,OK
07003004_10_49,4,925,925,925,925,925,0,0,0,0,0,OK
07003004_10_49,5,923,923,923,923,923,0,0,0,0,0,OK
07003004_10_49,6,921,921,921,921,921,0,0,0,0,0,OK
07003004_10_49,7,921,921,921,921,921,0,0,0,0,0,OK
07015001_10_49,all,4504,4504,4504,4504,4504,0,0,0,0,0,OK
07015001_10_49,1,656,656,656,656,656,0,0,0,0,0,OK
07015001_10_49,2,649,649,649,649,649,0,0,0,0,0,OK
07015001_10_49,3,644,644,644,644,644,0,0,0,0,0,OK
07015001_10_49,4,641,641,641,641,641,0,0,0,0,0,OK
07015001_10_49,5,639,639,639,639,639,0,0,0,0,0,OK
07015001_10_49,6,638,638,638,638,638,0,0,0,0,0,OK
07015001_10_49,7,637,637,637,637,637,0,0,0,0,0,OK
07026001_10_49,all,5076,5076,5076,5076,5076,0,0,0,0,0,OK
07026001_10_49,1,734,734,734,734,734,0,0,0,0,0,OK
07026001_10_49,2,730,730,730,730,730,0,0,0,0,0,OK
07026001_10_49,3,726,726,726,726,726,0,0,0,0,0,OK
07026001_10_49,4,723,723,723,723,723,0,0,0,0,0,OK
07026001_10_49,5,723,723,723,723,723,0,0,0,0,0,OK
07026001_10_49,6,723,723,723,723,723,0,0,0,0,0,OK
07026001_10_49,7,717,717,717,717,717,0,0,0,0,0,OK
07032002_10_49,all,6550,6550,6550,6550,6550,0,0,0,0,0,OK
07032002_10_49,1,944,944,944,944,944,0,0,0,0,0,OK
07032002_10_49,2,940,940,940,940,940,0,0,0,0,0,OK
07032002_10_49,3,937,937,937,937,937,0,0,0,0,0,OK
07032002_10_49,4,935,935,935,935,935,0,0,0,0,0,OK
07032002_10_49,5,933,933,933,933,933,0,0,0,0,0,OK
07032002_10_49,6,931,931,931,931,931,0,0,0,0,0,OK
07032002_10_49,7,930,930,930,930,930,0,0,0,0,0,OK
07032003_10_49,all,6291,6291,6291,6291,6291,0,0,0,0,0,OK
07032003_10_49,1,904,904,904,904,904,0,0,0,0,0,OK
07032003_10_49,2,901,901,901,901,901,0,0,0,0,0,OK
07032003_10_49,3,897,897,897,897,897,0,0,0,0,0,OK
07032003_10_49,4,897,897,897,897,897,0,0,0,0,0,OK
07032003_10_49,5,897,897,897,897,897,0,0,0,0,0,OK
07032003_10_49,6,898,898,898,898,898,0,0,0,0,0,OK
07032003_10_49,7,897,897,897,897,897,0,0,0,0,0,OK
07040003_10_49,all,6586,6586,6586,6586,6586,0,0,0,0,0,OK
07040003_10_49,1,947,947,947,947,947,0,0,0,0,0,OK
07040003_10_49,2,943,943,943,943,943,0,0,0,0,0,OK
07040003_10_49,3,940,940,940,940,940,0,0,0,0,0,OK
07040003_10_49,4,940,940,940,940,940,0,0,0,0,0,OK
07040003_10_49,5,939,939,939,939,939,0,0,0,0,0,OK
07040003_10_49,6,939,939,939,939,939,0,0,0,0,0,OK
07040003_10_49,7,938,938,938,938,938,0,0,0,0,0,OK
07040006_10_47,all,4238,4238,4238,4238,4238,0,0,0,0,0,OK
07040006_10_47,1,613,613,613,613,613,0,0,0,0,0,OK
07040006_10_47,2,613,613,613,613,613,0,0,0,0,0,OK
07040006_10_47,3,614,614,614,614,614,0,0,0,0,0,OK
07040006_10_47,4,607,607,607,607,607,0,0,0,0,0,OK
07040006_10_47,5,599,599,599,599,599,0,0,0,0,0,OK
07040006_10_47,6,596,596,596,596,596,0,0,0,0,0,OK
07040006_10_47,7,596,596,596,596,596,0,0,0,0,0,OK
07042001_10_49,all,5749,5749,5749,5749,5749,0,0,0,0,0,OK
07042001_10_49,1,831,831,831,831,831,0,0,0,0,0,OK
07042001_10_49,2,826,826,826,826,826,0,0,0,0,0,OK
07042001_10_49,3,824,824,824,824,824,0,0,0,0,0,OK
07042001_10_49,4,822,822,822,822,822,0,0,0,0,0,OK
07042001_10_49,5,819,819,819,819,819,0,0,0,0,0,OK
07042001_10_49,6,816,816,816,816,816,0,0,0,0,0,OK
07042001_10_49,7,811,811,811,811,811,0,0,0,0,0,OK
07044001_10_49,all,6370,6370,6370,6370,6370,0,0,0,0,0,OK
07044001_10_49,1,918,918,918,918,918,0,0,0,0,0,OK
07044001_10_49,2,915,915,915,915,915,0,0,0,0,0,OK
07044001_10_49,3,910,910,910,910,910,0,0,0,0,0,OK
07044001_10_49,4,910,910,910,910,910,0,0,0,0,0,OK
07044001_10_49,5,908,908,908,908,908,0,0,0,0,0,OK
07044001_10_49,6,905,905,905,905,905,0,0,0,0,0,OK
07044001_10_49,7,904,904,904,904,904,0,0,0,0,0,OK
07046001_10_49,all,6518,6518,6518,6518,6518,0,0,0,0,0,OK
07046001_10_49,1,944,944,944,944,944,0,0,0,0,0,OK
07046001_10_49,2,937,937,937,937,937,0,0,0,0,0,OK
07046001_10_49,3,932,932,932,932,932,0,0,0,0,0,OK
07046001_10_49,4,928,928,928,928,928,0,0,0,0,0,OK
07046001_10_49,5,926,926,926,926,926,0,0,0,0,0,OK
07046001_10_49,6,926,926,926,926,926,0,0,0,0,0,OK
07046001_10_49,7,925,925,925,925,925,0,0,0,0,0,OK
07054001_10_47,all,5009,5009,5009,5009,5009,0,0,0,0,0,OK
07054001_10_47,1,721,721,721,721,721,0,0,0,0,0,OK
07054001_10_47,2,720,720,720,720,720,0,0,0,0,0,OK
07054001_10_47,3,716,716,716,716,716,0,0,0,0,0,OK
07054001_10_47,4,716,716,716,716,716,0,0,0,0,0,OK
07054001_10_47,5,713,713,713,713,713,0,0,0,0,0,OK
07054001_10_47,6,713,713,713,713,713,0,0,0,0,0,OK
07054001_10_47,7,710,710,710,710,710,0,0,0,0,0,OK
08096014_10_47,all,6180,6180,6180,6180,6180,0,0,0,0,0,OK
08096014_10_47,1,889,889,889,889,889,0,0,0,0,0,OK
08096014_10_47,2,883,883,883,883,883,0,0,0,0,0,OK
08096014_10_47,3,883,883,883,883,883,0,0,0,0,0,OK
08096014_10_47,4,881,881,881,881,881,0,0,0,0,0,OK
08096014_10_47,5,882,882,882,882,882,0,0,0,0,0,OK
08096014_10_47,6,882,882,882,882,882,0,0,0,0,0,OK
08096014_10_47,7,880,880,880,880,880,0,0,0,0,0,OK
08101001_10_47,all,6677,6677,6677,6677,6677,0,0,0,0,0,OK
08101001_10_47,1,960,960,960,960,960,0,0,0,0,0,OK
08101001_10_47,2,958,958,958,958,958,0,0,0,0,0,OK
08101001_10_47,3,955,955,955,955,955,0,0,0,0,0,OK
08101001_10_47,4,953,953,953,953,953,0,0,0,0,0,OK
08101001_10_47,5,951,951,951,951,951,0,0,0,0,0,OK
08101001_10_47,6,950,950,950,950,950,0,0,0,0,0,OK
08101001_10_47,7,950,950,950,950,950,0,0,0,0,0,OK
08184006_10_47,all,5897,5897,5897,5897,5897,0,0,0,0,0,OK
08184006_10_47,1,849,849,849,849,849,0,0,0,0,0,OK
08184006_10_47,2,846,846,846,846,846,0,0,0,0,0,OK
08184006_10_47,3,842,842,842,842,842,0,0,0,0,0,OK
08184006_10_47,4,842,842,842,842,842,0,0,0,0,0,OK
08184006_10_47,5,840,840,840,840,840,0,0,0,0,0,OK
08184006_10_47,6,839,839,839,839,839,0,0,0,0,0,OK
08184006_10_47,7,839,839,839,839,839,0,0,0,0,0,OK
08194008_10_47,all,6656,6656,6656,6656,6656,0,0,0,0,0,OK
08194008_10_47,1,958,958,958,958,958,0,0,0,0,0,OK
08194008_10_47,2,954,954,954,954,954,0,0,0,0,0,OK
08194008_10_47,3,950,950,950,950,950,0,0,0,0,0,OK
08194008_10_47,4,949,949,949,949,949,0,0,0,0,0,OK
08194008_10_47,5,948,948,948,948,948,0,0,0,0,0,OK
08194008_10_47,6,948,948,948,948,948,0,0,0,0,0,OK
08194008_10_47,7,949,949,949,949,949,0,0,0,0,0,OK
08202001_10_47,all,7406,7406,7406,7406,7406,0,0,0,0,0,OK
08202001_10_47,1,1061,1061,1061,1061,1061,0,0,0,0,0,OK
08202001_10_47,2,1060,1060,1060,1060,1060,0,0,0,0,0,OK
08202001_10_47,3,1059,1059,1059,1059,1059,0,0,0,0,0,OK
08202001_10_47,4,1058,1058,1058,1058,1058,0,0,0,0,0,OK
08202001_10_47,5,1057,1057,1057,1057,1057,0,0,0,0,0,OK
08202001_10_47,6,1056,1056,1056,1056,1056,0,0,0,0,0,OK
08202001_10_47,7,1055,1055,1055,1055,1055,0,0,0,0,0,OK
08260010_10_47,all,6476,6476,6476,6476,6476,0,0,0,0,0,OK
08260010_10_47,1,929,929,929,929,929,0,0,0,0,0,OK
08260010_10_47,2,928,928,928,928,928,0,0,0,0,0,OK
08260010_10_47,3,927,927,927,927,927,0,0,0,0,0,OK
08260010_10_47,4,925,925,925,925,925,0,0,0,0,0,OK
08260010_10_47,5,922,922,922,922,922,0,0,0,0,0,OK
08260010_10_47,6,922,922,922,922,922,0,0,0,0,0,OK
08260010_10_47,7,923,923,923,923,923,0,0,0,0,0,OK
08263001_10_47,all,6455,6455,6455,6455,6455,0,0,0,0,0,OK
08263001_10_47,1,931,931,931,931,931,0,0,0,0,0,OK
08263001_10_47,2,926,926,926,926,926,0,0,0,0,0,OK
08263001_10_47,3,922,922,922,922,922,0,0,0,0,0,OK
08263001_10_47,4,918,918,918,918,918,0,0,0,0,0,OK
08263001_10_47,5,917,917,917,917,917,0,0,0,0,0,OK
08263001_10_47,6,918,918,918,918,918,0,0,0,0,0,OK
08263001_10_47,7,923,923,923,923,923,0,0,0,0,0,OK
09018002_10_49,all,6929,6929,6929,6929,6929,0,0,0,0,0,OK
09018002_10_49,1,998,998,998,998,998,0,0,0,0,0,OK
09018002_10_49,2,994,994,994,994,994,0,0,0,0,0,OK
09018002_10_49,3,990,990,990,990,990,0,0,0,0,0,OK
09018002_10_49,4,988,988,988,988,988,0,0,0,0,0,OK
09018002_10_49,5,987,987,987,987,987,0,0,0,0,0,OK
09018002_10_49,6,986,986,986,986,986,0,0,0,0,0,OK
09018002_10_49,7,986,986,986,986,986,0,0,0,0,0,OK
09059003_10_49,all,7118,7118,7118,7118,7118,0,0,0,0,0,OK
09059003_10_49,1,1022,1022,1022,1022,1022,0,0,0,0,0,OK
09059003_10_49,2,1020,1020,1020,1020,1020,0,0,0,0,0,OK
09059003_10_49,3,1019,1019,1019,1019,1019,0,0,0,0,0,OK
09059003_10_49,4,1017,1017,1017,1017,1017,0,0,0,0,0,OK
09059003_10_49,5,1015,1015,1015,1015,1015,0,0,0,0,0,OK
09059003_10_49,6,1013,1013,1013,1013,1013,0,0,0,0,0,OK
09059003_10_49,7,1012,1012,1012,1012,1012,0,0,0,0,0,OK
09059006_10_49,all,6014,6014,6014,6014,6014,0,0,0,0,0,OK
09059006_10_49,1,869,869,869,869,869,0,0,0,0,0,OK
09059006_10_49,2,864,864,864,864,864,0,0,0,0,0,OK
09059006_10_49,3,860,860,860,860,860,0,0,0,0,0,OK
09059006_10_49,4,857,857,857,857,857,0,0,0,0,0,OK
09059006_10_49,5,856,856,856,856,856,0,0,0,0,0,OK
09059006_10_49,6,855,855,855,855,855,0,0,0,0,0,OK
09059006_10_49,7,853,853,853,853,853,0,0,0,0,0,OK
09219002_10_49,all,6998,6998,6998,6998,6998,0,0,0,0,0,OK
09219002_10_49,1,1005,1005,1005,1005,1005,0,0,0,0,0,OK
09219002_10_49,2,1000,1000,1000,1000,1000,0,0,0,0,0,OK
09219002_10_49,3,999,999,999,999,999,0,0,0,0,0,OK
09219002_10_49,4,998,998,998,998,998,0,0,0,0,0,OK
09219002_10_49,5,999,999,999,999,999,0,0,0,0,0,OK
09219002_10_49,6,999,999,999,999,999,0,0,0,0,0,OK
09219002_10_49,7,998,998,998,998,998,0,0,0,0,0,OK
11004007_10_49,all,3889,3889,3889,3889,3889,0,0,0,0,0,OK
11004007_10_49,1,568,568,568,568,568,0,0,0,0,0,OK
11004007_10_49,2,563,563,563,563,563,0,0,0,0,0,OK
11004007_10_49,3,559,559,559,559,559,0,0,0,0,0,OK
11004007_10_49,4,555,555,555,555,555,0,0,0,0,0,OK
11004007_10_49,5,551,551,551,551,551,0,0,0,0,0,OK
11004007_10_49,6,547,547,547,547,547,0,0,0,0,0,OK
11004007_10_49,7,546,546,546,546,546,0,0,0,0,0,OK
11008001_10_49,all,3606,3606,3606,3606,3606,0,0,0,0,0,OK
11008001_10_49,1,532,532,532,532,532,0,0,0,0,0,OK
11008001_10_49,2,525,525,525,525,525,0,0,0,0,0,OK
11008001_10_49,3,518,518,518,518,518,0,0,0,0,0,OK
11008001_10_49,4,513,513,513,513,513,0,0,0,0,0,OK
11008001_10_49,5,508,508,508,508,508,0,0,0,0,0,OK
11008001_10_49,6,506,506,506,506,506,0,0,0,0,0,OK
11008001_10_49,7,504,504,504,504,504,0,0,0,0,0,OK
11008009_10_49,all,5924,5924,5924,5924,5924,0,0,0,0,0,OK
11008009_10_49,1,857,857,857,857,857,0,0,0,0,0,OK
11008009_10_49,2,851,851,851,851,851,0,0,0,0,0,OK
11008009_10_49,3,847,847,847,847,847,0,0,0,0,0,OK
11008009_10_49,4,845,845,845,845,845,0,0,0,0,0,OK
11008009_10_49,5,843,843,843,843,843,0,0,0,0,0,OK
11008009_10_49,6,841,841,841,841,841,0,0,0,0,0,OK
11008009_10_49,7,840,840,840,840,840,0,0,0,0,0,OK
11012002_10_49,all,5493,5493,5493,5493,5493,0,0,0,0,0,OK
11012002_10_49,1,792,792,792,792,792,0,0,0,0,0,OK
11012002_10_49,2,789,789,789,789,789,0,0,0,0,0,OK
11012002_10_49,3,786,786,786,786,786,0,0,0,0,0,OK
11012002_10_49,4,783,783,783,783,783,0,0,0,0,0,OK
11012002_10_49,5,782,782,782,782,782,0,0,0,0,0,OK
11012002_10_49,6,781,781,781,781,781,0,0,0,0,0,OK
11012002_10_49,7,780,780,780,780,780,0,0,0,0,0,OK
11020003_10_49,all,2801,2801,2801,2801,2801,0,0,0,0,0,OK
11020003_10_49,1,409,409,409,409,409,0,0,0,0,0,OK
11020003_10_49,2,409,409,409,409,409,0,0,0,0,0,OK
11020003_10_49,3,407,407,407,407,407,0,0,0,0,0,OK
11020003_10_49,4,396,396,396,396,396,0,0,0,0,0,OK
11020003_10_49,5,394,394,394,394,394,0,0,0,0,0,OK
11020003_10_49,6,394,394,394,394,394,0,0,0,0,0,OK
11020003_10_49,7,392,392,392,392,392,0,0,0,0,0,OK
11020004_10_49,all,1731,1731,1731,1731,1731,0,0,0,0,0,OK
11020004_10_49,1,246,246,246,246,246,0,0,0,0,0,OK
11020004_10_49,2,246,246,246,246,246,0,0,0,0,0,OK
11020004_10_49,3,248,248,248,248,248,0,0,0,0,0,OK
11020004_10_49,4,248,248,248,248,248,0,0,0,0,0,OK
11020004_10_49,5,244,244,244,244,244,0,0,0,0,0,OK
11020004_10_49,6,246,246,246,246,246,0,0,0,0,0,OK
11020004_10_49,7,253,253,253,253,253,0,0,0,0,0,OK
11022005_10_49,all,4704,4704,4704,4704,4704,0,0,0,0,0,OK
11022005_10_49,1,690,690,690,690,690,0,0,0,0,0,OK
11022005_10_49,2,681,681,681,681,681,0,0,0,0,0,OK
11022005_10_49,3,676,676,676,676,676,0,0,0,0,0,OK
11022005_10_49,4,671,671,671,671,671,0,0,0,0,0,OK
11022005_10_49,5,666,666,666,666,666,0,0,0,0,0,OK
11022005_10_49,6,662,662,662,662,662,0,0,0,0,0,OK
11022005_10_49,7,658,658,658,658,658,0,0,0,0,0,OK
11028001_10_49,all,3942,3942,3942,3942,3942,0,0,0,0,0,OK
11028001_10_49,1,570,570,570,570,570,0,0,0,0,0,OK
11028001_10_49,2,564,564,564,564,564,0,0,0,0,0,OK
11028001_10_49,3,562,562,562,562,562,0,0,0,0,0,OK
11028001_10_49,4,562,562,562,562,562,0,0,0,0,0,OK
11028001_10_49,5,561,561,561,561,561,0,0,0,0,0,OK
11028001_10_49,6,563,563,563,563,563,0,0,0,0,0,OK
11028001_10_49,7,560,560,560,560,560,0,0,0,0,0,OK
11033004_10_49,all,5730,5730,5730,5730,5730,0,0,0,0,0,OK
11033004_10_49,1,834,834,834,834,834,0,0,0,0,0,OK
11033004_10_49,2,828,828,828,828,828,0,0,0,0,0,OK
11033004_10_49,3,822,822,822,822,822,0,0,0,0,0,OK
11033004_10_49,4,818,818,818,818,818,0,0,0,0,0,OK
11033004_10_49,5,813,813,813,813,813,0,0,0,0,0,OK
11033004_10_49,6,809,809,809,809,809,0,0,0,0,0,OK
11033004_10_49,7,806,806,806,806,806,0,0,0,0,0,OK
12005005_10_49,all,2469,2469,2469,2469,2469,0,0,0,0,0,OK
12005005_10_49,1,367,367,367,367,367,0,0,0,0,0,OK
12005005_10_49,2,358,358,358,358,358,0,0,0,0,0,OK
12005005_10_49,3,353,353,353,353,353,0,0,0,0,0,OK
12005005_10_49,4,348,348,348,348,348,0,0,0,0,0,OK
12005005_10_49,5,352,352,352,352,352,0,0,0,0,0,OK
12005005_10_49,6,345,345,345,345,345,0,0,0,0,0,OK
12005005_10_49,7,346,346,346,346,346,0,0,0,0,0,OK
12009007_10_46,all,4021,4021,4021,4021,4021,0,0,0,0,0,OK
12009007_10_46,1,592,592,592,592,592,0,0,0,0,0,OK
12009007_10_46,2,580,580,580,580,580,0,0,0,0,0,OK
12009007_10_46,3,577,577,577,577,577,0,0,0,0,0,OK
12009007_10_46,4,575,575,575,575,575,0,0,0,0,0,OK
12009007_10_46,5,570,570,570,570,570,0,0,0,0,0,OK
12009007_10_46,6,565,565,565,565,565,0,0,0,0,0,OK
12009007_10_46,7,562,562,562,562,562,0,0,0,0,0,OK
12028001_10_46,all,4609,4609,4609,4609,4609,0,0,0,0,0,OK
12028001_10_46,1,681,681,681,681,681,0,0,0,0,0,OK
12028001_10_46,2,673,673,673,673,673,0,0,0,0,0,OK
12028001_10_46,3,666,666,666,666,666,0,0,0,0,0,OK
12028001_10_46,4,657,657,657,657,657,0,0,0,0,0,OK
12028001_10_46,5,650,650,650,650,650,0,0,0,0,0,OK
12028001_10_46,6,645,645,645,645,645,0,0,0,0,0,OK
12028001_10_46,7,637,637,637,637,637,0,0,0,0,0,OK
12032001_10_46,all,5506,5506,5506,5506,5506,0,0,0,0,0,OK
12032001_10_46,1,807,807,807,807,807,0,0,0,0,0,OK
12032001_10_46,2,799,799,799,799,799,0,0,0,0,0,OK
12032001_10_46,3,792,792,792,792,792,0,0,0,0,0,OK
12032001_10_46,4,784,784,784,784,784,0,0,0,0,0,OK
12032001_10_46,5,778,778,778,778,778,0,0,0,0,0,OK
12032001_10_46,6,774,774,774,774,774,0,0,0,0,0,OK
12032001_10_46,7,772,772,772,772,772,0,0,0,0,0,OK
12040008_10_46,all,6855,6855,6855,6855,6855,0,0,0,0,0,OK
12040008_10_46,1,989,989,989,989,989,0,0,0,0,0,OK
12040008_10_46,2,985,985,985,985,985,0,0,0,0,0,OK
12040008_10_46,3,981,981,981,981,981,0,0,0,0,0,OK
12040008_10_46,4,978,978,978,978,978,0,0,0,0,0,OK
12040008_10_46,5,976,976,976,976,976,0,0,0,0,0,OK
12040008_10_46,6,973,973,973,973,973,0,0,0,0,0,OK
12040008_10_46,7,973,973,973,973,973,0,0,0,0,0,OK
12040010_10_46,all,6149,6149,6149,6149,6149,0,0,0,0,0,OK
12040010_10_46,1,890,890,890,890,890,0,0,0,0,0,OK
12040010_10_46,2,885,885,885,885,885,0,0,0,0,0,OK
12040010_10_46,3,881,881,881,881,881,0,0,0,0,0,OK
12040010_10_46,4,878,878,878,878,878,0,0,0,0,0,OK
12040010_10_46,5,875,875,875,875,875,0,0,0,0,0,OK
12040010_10_46,6,872,872,872,872,872,0,0,0,0,0,OK
12040010_10_46,7,868,868,868,868,868,0,0,0,0,0,OK
12140002_10_46,all,3839,3839,3839,3839,3839,0,0,0,0,0,OK
12140002_10_46,1,560,560,560,560,560,0,0,0,0,0,OK
12140002_10_46,2,554,554,554,554,554,0,0,0,0,0,OK
12140002_10_46,3,550,550,550,550,550,0,0,0,0,0,OK
12140002_10_46,4,546,546,546,546,546,0,0,0,0,0,OK
12140002_10_46,5,545,545,545,545,545,0,0,0,0,0,OK
12140002_10_46,6,542,542,542,542,542,0,0,0,0,0,OK
12140002_10_46,7,542,542,542,542,542,0,0,0,0,0,OK
12141002_10_46,all,5158,5158,5158,5158,5158,0,0,0,0,0,OK
12141002_10_46,1,748,748,748,748,748,0,0,0,0,0,OK
12141002_10_46,2,744,744,744,744,744,0,0,0,0,0,OK
12141002_10_46,3,740,740,740,740,740,0,0,0,0,0,OK
12141002_10_46,4,737,737,737,737,737,0,0,0,0,0,OK
12141002_10_46,5,733,733,733,733,733,0,0,0,0,0,OK
12141002_10_46,6,729,729,729,729,729,0,0,0,0,0,OK
12141002_10_46,7,727,727,727,727,727,0,0,0,0,0,OK
13034002_10_49,all,5324,5324,5324,5324,5324,0,0,0,0,0,OK
13034002_10_49,1,770,770,770,770,770,0,0,0,0,0,OK
13034002_10_49,2,766,766,766,766,766,0,0,0,0,0,OK
13034002_10_49,3,764,764,764,764,764,0,0,0,0,0,OK
13034002_10_49,4,761,761,761,761,761,0,0,0,0,0,OK
13034002_10_49,5,758,758,758,758,758,0,0,0,0,0,OK
13034002_10_49,6,754,754,754,754,754,0,0,0,0,0,OK
13034002_10_49,7,751,751,751,751,751,0,0,0,0,0,OK
13071015_10_49,all,5831,5831,5831,5831,5831,0,0,0,0,0,OK
13071015_10_49,1,840,840,840,840,840,0,0,0,0,0,OK
13071015_10_49,2,837,837,837,837,837,0,0,0,0,0,OK
13071015_10_49,3,834,834,834,834,834,0,0,0,0,0,OK
13071015_10_49,4,832,832,832,832,832,0,0,0,0,0,OK
13071015_10_49,5,831,831,831,831,831,0,0,0,0,0,OK
13071015_10_49,6,829,829,829,829,829,0,0,0,0,0,OK
13071015_10_49,7,828,828,828,828,828,0,0,0,0,0,OK
13071017_10_49,all,5682,5682,5682,5682,5682,0,0,0,0,0,OK
13071017_10_49,1,819,819,819,819,819,0,0,0,0,0,OK
13071017_10_49,2,816,816,816,816,816,0,0,0,0,0,OK
13071017_10_49,3,814,814,814,814,814,0,0,0,0,0,OK
13071017_10_49,4,812,812,812,812,812,0,0,0,0,0,OK
13071017_10_49,5,809,809,809,809,809,0,0,0,0,0,OK
13071017_10_49,6,808,808,808,808,808,0,0,0,0,0,OK
13071017_10_49,7,804,804,804,804,804,0,0,0,0,0,OK
14021006_10_49,all,6644,6644,6644,6644,6644,0,0,0,0,0,OK
14021006_10_49,1,956,956,956,956,956,0,0,0,0,0,OK
14021006_10_49,2,954,954,954,954,954,0,0,0,0,0,OK
14021006_10_49,3,951,951,951,951,951,0,0,0,0,0,OK
14021006_10_49,4,949,949,949,949,949,0,0,0,0,0,OK
14021006_10_49,5,946,946,946,946,946,0,0,0,0,0,OK
14021006_10_49,6,944,944,944,944,944,0,0,0,0,0,OK
14021006_10_49,7,944,944,944,944,944,0,0,0,0,0,OK
14021007_10_49,all,6240,6240,6240,6240,6240,0,0,0,0,0,OK
14021007_10_49,1,899,899,899,899,899,0,0,0,0,0,OK
14021007_10_49,2,895,895,895,895,895,0,0,0,0,0,OK
14021007_10_49,3,892,892,892,892,892,0,0,0,0,0,OK
14021007_10_49,4,890,890,890,890,890,0,0,0,0,0,OK
14021007_10_49,5,889,889,889,889,889,0,0,0,0,0,OK
14021007_10_49,6,888,888,888,888,888,0,0,0,0,0,OK
14021007_10_49,7,887,887,887,887,887,0,0,0,0,0,OK
14021009_10_49,all,5696,5696,5696,5696,5696,0,0,0,0,0,OK
14021009_10_49,1,823,823,823,823,823,0,0,0,0,0,OK
14021009_10_49,2,817,817,817,817,817,0,0,0,0,0,OK
14021009_10_49,3,813,813,813,813,813,0,0,0,0,0,OK
14021009_10_49,4,810,810,810,810,810,0,0,0,0,0,OK
14021009_10_49,5,810,810,810,810,810,0,0,0,0,0,OK
14021009_10_49,6,812,812,812,812,812,0,0,0,0,0,OK
14021009_10_49,7,811,811,811,811,811,0,0,0,0,0,OK
14026002_10_49,all,2957,2957,2957,2957,2957,0,0,0,0,0,OK
14026002_10_49,1,431,431,431,431,431,0,0,0,0,0,OK
14026002_10_49,2,428,428,428,428,428,0,0,0,0,0,OK
14026002_10_49,3,426,426,426,426,426,0,0,0,0,0,OK
14026002_10_49,4,421,421,421,421,421,0,0,0,0,0,OK
14026002_10_49,5,418,418,418,418,418,0,0,0,0,0,OK
14026002_10_49,6,418,418,418,418,418,0,0,0,0,0,OK
14026002_10_49,7,415,415,415,415,415,0,0,0,0,0,OK
14047001_10_49,all,2108,2108,2108,2108,2108,0,0,0,0,0,OK
14047001_10_49,1,310,310,310,310,310,0,0,0,0,0,OK
14047001_10_49,2,306,306,306,306,306,0,0,0,0,0,OK
14047001_10_49,3,304,304,304,304,304,0,0,0,0,0,OK
14047001_10_49,4,300,300,300,300,300,0,0,0,0,0,OK
14047001_10_49,5,298,298,298,298,298,0,0,0,0,0,OK
14047001_10_49,6,295,295,295,295,295,0,0,0,0,0,OK
14047001_10_49,7,295,295,295,295,295,0,0,0,0,0,OK
15005011_10_47,all,7644,7644,7644,7644,7644,0,0,0,0,0,OK
15005011_10_47,1,1095,1095,1095,1095,1095,0,0,0,0,0,OK
15005011_10_47,2,1094,1094,1094,1094,1094,0,0,0,0,0,OK
15005011_10_47,3,1093,1093,1093,1093,1093,0,0,0,0,0,OK
15005011_10_47,4,1092,1092,1092,1092,1092,0,0,0,0,0,OK
15005011_10_47,5,1091,1091,1091,1091,1091,0,0,0,0,0,OK
15005011_10_47,6,1090,1090,1090,1090,1090,0,0,0,0,0,OK
15005011_10_47,7,1089,1089,1089,1089,1089,0,0,0,0,0,OK
15005014_10_49,all,4781,4781,4781,4781,4781,0,0,0,0,0,OK
15005014_10_49,1,686,686,686,686,686,0,0,0,0,0,OK
15005014_10_49,2,685,685,685,685,685,0,0,0,0,0,OK
15005014_10_49,3,685,685,685,685,685,0,0,0,0,0,OK
15005014_10_49,4,684,684,684,684,684,0,0,0,0,0,OK
15005014_10_49,5,683,683,683,683,683,0,0,0,0,0,OK
15005014_10_49,6,680,680,680,680,680,0,0,0,0,0,OK
15005014_10_49,7,678,678,678,678,678,0,0,0,0,0,OK
15023004_10_47,all,7441,7441,7441,7441,7441,0,0,0,0,0,OK
15023004_10_47,1,1066,1066,1066,1066,1066,0,0,0,0,0,OK
15023004_10_47,2,1065,1065,1065,1065,1065,0,0,0,0,0,OK
15023004_10_47,3,1064,1064,1064,1064,1064,0,0,0,0,0,OK
15023004_10_47,4,1063,1063,1063,1063,1063,0,0,0,0,0,OK
15023004_10_47,5,1062,1062,1062,1062,1062,0,0,0,0,0,OK
15023004_10_47,6,1061,1061,1061,1061,1061,0,0,0,0,0,OK
15023004_10_47,7,1060,1060,1060,1060,1060,0,0,0,0,0,OK
15030021_10_47,all,7169,7169,7169,7169,7169,0,0,0,0,0,OK
15030021_10_47,1,1028,1028,1028,1028,1028,0,0,0,0,0,OK
15030021_10_47,2,1026,1026,1026,1026,1026,0,0,0,0,0,OK
15030021_10_47,3,1025,1025,1025,1025,1025,0,0,0,0,0,OK
15030021_10_47,4,1024,1024,1024,1024,1024,0,0,0,0,0,OK
15030021_10_47,5,1023,1023,1023,1023,1023,0,0,0,0,0,OK
15030021_10_47,6,1022,1022,1022,1022,1022,0,0,0,0,0,OK
15030021_10_47,7,1021,1021,1021,1021,1021,0,0,0,0,0,OK
15030027_10_49,all,6862,6862,6862,6862,6862,0,0,0,0,0,OK
15030027_10_49,1,986,986,986,986,986,0,0,0,0,0,OK
15030027_10_49,2,984,984,984,984,984,0,0,0,0,0,OK
15030027_10_49,3,981,981,981,981,981,0,0,0,0,0,OK
15030027_10_49,4,980,980,980,980,980,0,0,0,0,0,OK
15030027_10_49,5,978,978,978,978,978,0,0,0,0,0,OK
15030027_10_49,6,977,977,977,977,977,0,0,0,0,0,OK
15030027_10_49,7,976,976,976,976,976,0,0,0,0,0,OK
15030028_10_49,all,7232,7232,7232,7232,7232,0,0,0,0,0,OK
15030028_10_49,1,1036,1036,1036,1036,1036,0,0,0,0,0,OK
15030028_10_49,2,1034,1034,1034,1034,1034,0,0,0,0,0,OK
15030028_10_49,3,1033,1033,1033,1033,1033,0,0,0,0,0,OK
15030028_10_49,4,1033,1033,1033,1033,1033,0,0,0,0,0,OK
15030028_10_49,5,1032,1032,1032,1032,1032,0,0,0,0,0,OK
15030028_10_49,6,1032,1032,1032,1032,1032,0,0,0,0,0,OK
15030028_10_49,7,1032,1032,1032,1032,1032,0,0,0,0,0,OK
15032001_10_46,all,7031,7031,7031,7031,7031,0,0,0,0,0,OK
15032001_10_46,1,1007,1007,1007,1007,1007,0,0,0,0,0,OK
15032001_10_46,2,1006,1006,1006,1006,1006,0,0,0,0,0,OK
15032001_10_46,3,1005,1005,1005,1005,1005,0,0,0,0,0,OK
15032001_10_46,4,1004,1004,1004,1004,1004,0,0,0,0,0,OK
15032001_10_46,5,1004,1004,1004,1004,1004,0,0,0,0,0,OK
15032001_10_46,6,1003,1003,1003,1003,1003,0,0,0,0,0,OK
15032001_10_46,7,1002,1002,1002,1002,1002,0,0,0,0,0,OK
15034008_10_47,all,7030,7030,7030,7030,7030,0,0,0,0,0,OK
15034008_10_47,1,1006,1006,1006,1006,1006,0,0,0,0,0,OK
15034008_10_47,2,1006,1006,1006,1006,1006,0,0,0,0,0,OK
15034008_10_47,3,1006,1006,1006,1006,1006,0,0,0,0,0,OK
15034008_10_47,4,1006,1006,1006,1006,1006,0,0,0,0,0,OK
15034008_10_47,5,1004,1004,1004,1004,1004,0,0,0,0,0,OK
15034008_10_47,6,1001,1001,1001,1001,1001,0,0,0,0,0,OK
15034008_10_47,7,1001,1001,1001,1001,1001,0,0,0,0,0,OK
15036003_10_49,all,6495,6495,6495,6495,6495,0,0,0,0,0,OK
15036003_10_49,1,934,934,934,934,934,0,0,0,0,0,OK
15036003_10_49,2,930,930,930,930,930,0,0,0,0,0,OK
15036003_10_49,3,927,927,927,927,927,0,0,0,0,0,OK
15036003_10_49,4,926,926,926,926,926,0,0,0,0,0,OK
15036003_10_49,5,926,926,926,926,926,0,0,0,0,0,OK
15036003_10_49,6,926,926,926,926,926,0,0,0,0,0,OK
15036003_10_49,7,926,926,926,926,926,0,0,0,0,0,OK
15036004_10_47,all,7078,7078,7078,7078,7078,0,0,0,0,0,OK
15036004_10_47,1,1015,1015,1015,1015,1015,0,0,0,0,0,OK
15036004_10_47,2,1013,1013,1013,1013,1013,0,0,0,0,0,OK
15036004_10_47,3,1012,1012,1012,1012,1012,0,0,0,0,0,OK
15036004_10_47,4,1011,1011,1011,1011,1011,0,0,0,0,0,OK
15036004_10_47,5,1010,1010,1010,1010,1010,0,0,0,0,0,OK
15036004_10_47,6,1009,1009,1009,1009,1009,0,0,0,0,0,OK
15036004_10_47,7,1008,1008,1008,1008,1008,0,0,0,0,0,OK
15041001_10_47,all,6996,6996,6996,6996,6996,0,0,0,0,0,OK
15041001_10_47,1,1006,1006,1006,1006,1006,0,0,0,0,0,OK
15041001_10_47,2,1002,1002,1002,1002,1002,0,0,0,0,0,OK
15041001_10_47,3,999,999,999,999,999,0,0,0,0,0,OK
15041001_10_47,4,998,998,998,998,998,0,0,0,0,0,OK
15041001_10_47,5,998,998,998,998,998,0,0,0,0,0,OK
15041001_10_47,6,997,997,997,997,997,0,0,0,0,0,OK
15041001_10_47,7,996,996,996,996,996,0,0,0,0,0,OK
15070002_10_47,all,5850,5850,5850,5850,5850,0,0,0,0,0,OK
15070002_10_47,1,846,846,846,846,846,0,0,0,0,0,OK
15070002_10_47,2,839,839,839,839,839,0,0,0,0,0,OK
15070002_10_47,3,836,836,836,836,836,0,0,0,0,0,OK
15070002_10_47,4,834,834,834,834,834,0,0,0,0,0,OK
15070002_10_47,5,834,834,834,834,834,0,0,0,0,0,OK
15070002_10_47,6,832,832,832,832,832,0,0,0,0,0,OK
15070002_10_47,7,829,829,829,829,829,0,0,0,0,0,OK
15070006_10_47,all,5039,5039,5039,5039,5039,0,0,0,0,0,OK
15070006_10_47,1,728,728,728,728,728,0,0,0,0,0,OK
15070006_10_47,2,726,726,726,726,726,0,0,0,0,0,OK
15070006_10_47,3,724,724,724,724,724,0,0,0,0,0,OK
15070006_10_47,4,722,722,722,722,722,0,0,0,0,0,OK
15070006_10_47,5,716,716,716,716,716,0,0,0,0,0,OK
15070006_10_47,6,712,712,712,712,712,0,0,0,0,0,OK
15070006_10_47,7,711,711,711,711,711,0,0,0,0,0,OK
15078005_10_49,all,6270,6270,6270,6270,6270,0,0,0,0,0,OK
15078005_10_49,1,900,900,900,900,900,0,0,0,0,0,OK
15078005_10_49,2,897,897,897,897,897,0,0,0,0,0,OK
15078005_10_49,3,897,897,897,897,897,0,0,0,0,0,OK
15078005_10_49,4,896,896,896,896,896,0,0,0,0,0,OK
15078005_10_49,5,895,895,895,895,895,0,0,0,0,0,OK
15078005_10_49,6,893,893,893,893,893,0,0,0,0,0,OK
15078005_10_49,7,892,892,892,892,892,0,0,0,0,0,OK
15078007_10_49,all,6513,6513,6513,6513,6513,0,0,0,0,0,OK
15078007_10_49,1,937,937,937,937,937,0,0,0,0,0,OK
15078007_10_49,2,934,934,934,934,934,0,0,0,0,0,OK
15078007_10_49,3,932,932,932,932,932,0,0,0,0,0,OK
15078007_10_49,4,930,930,930,930,930,0,0,0,0,0,OK
15078007_10_49,5,928,928,928,928,928,0,0,0,0,0,OK
15078007_10_49,6,927,927,927,927,927,0,0,0,0,0,OK
15078007_10_49,7,925,925,925,925,925,0,0,0,0,0,OK
15078008_10_49,all,4968,4968,4968,4968,4968,0,0,0,0,0,OK
15078008_10_49,1,718,718,718,718,718,0,0,0,0,0,OK
15078008_10_49,2,711,711,711,711,711,0,0,0,0,0,OK
15078008_10_49,3,712,712,712,712,712,0,0,0,0,0,OK
15078008_10_49,4,710,710,710,710,710,0,0,0,0,0,OK
15078008_10_49,5,707,707,707,707,707,0,0,0,0,0,OK
15078008_10_49,6,705,705,705,705,705,0,0,0,0,0,OK
15078008_10_49,7,705,705,705,705,705,0,0,0,0,0,OK
16078001_10_49,all,4880,4880,4880,4880,4880,0,0,0,0,0,OK
16078001_10_49,1,716,716,716,716,716,0,0,0,0,0,OK
16078001_10_49,2,707,707,707,707,707,0,0,0,0,0,OK
16078001_10_49,3,700,700,700,700,700,0,0,0,0,0,OK
16078001_10_49,4,695,695,695,695,695,0,0,0,0,0,OK
16078001_10_49,5,690,690,690,690,690,0,0,0,0,0,OK
16078001_10_49,6,687,687,687,687,687,0,0,0,0,0,OK
16078001_10_49,7,685,685,685,685,685,0,0,0,0,0,OK
18021001_10_49,all,2563,2563,2563,2563,2563,0,0,0,0,0,OK
18021001_10_49,1,388,388,388,388,388,0,0,0,0,0,OK
18021001_10_49,2,375,375,375,375,375,0,0,0,0,0,OK
18021001_10_49,3,365,365,365,365,365,0,0,0,0,0,OK
18021001_10_49,4,364,364,364,364,364,0,0,0,0,0,OK
18021001_10_49,5,363,363,363,363,363,0,0,0,0,0,OK
18021001_10_49,6,354,354,354,354,354,0,0,0,0,0,OK
18021001_10_49,7,354,354,354,354,354,0,0,0,0,0,OK
18087007_10_49,all,7321,7321,7321,7321,7321,0,0,0,0,0,OK
18087007_10_49,1,1051,1051,1051,1051,1051,0,0,0,0,0,OK
18087007_10_49,2,1049,1049,1049,1049,1049,0,0,0,0,0,OK
18087007_10_49,3,1047,1047,1047,1047,1047,0,0,0,0,0,OK
18087007_10_49,4,1045,1045,1045,1045,1045,0,0,0,0,0,OK
18087007_10_49,5,1044,1044,1044,1044,1044,0,0,0,0,0,OK
18087007_10_49,6,1043,1043,1043,1043,1043,0,0,0,0,0,OK
18087007_10_49,7,1042,1042,1042,1042,1042,0,0,0,0,0,OK
18087010_10_49,all,6721,6721,6721,6721,6721,0,0,0,0,0,OK
18087010_10_49,1,965,965,965,965,965,0,0,0,0,0,OK
18087010_10_49,2,962,962,962,962,962,0,0,0,0,0,OK
18087010_10_49,3,961,961,961,961,961,0,0,0,0,0,OK
18087010_10_49,4,959,959,959,959,959,0,0,0,0,0,OK
18087010_10_49,5,957,957,957,957,957,0,0,0,0,0,OK
18087010_10_49,6,958,958,958,958,958,0,0,0,0,0,OK
18087010_10_49,7,959,959,959,959,959,0,0,0,0,0,OK
18140001_10_49,all,4300,4300,4300,4300,4300,0,0,0,0,0,OK
18140001_10_49,1,641,641,641,641,641,0,0,0,0,0,OK
18140001_10_49,2,629,629,629,629,629,0,0,0,0,0,OK
18140001_10_49,3,616,616,616,616,616,0,0,0,0,0,OK
18140001_10_49,4,610,610,610,610,610,0,0,0,0,0,OK
18140001_10_49,5,606,606,606,606,606,0,0,0,0,0,OK
18140001_10_49,6,600,600,600,600,600,0,0,0,0,0,OK
18140001_10_49,7,598,598,598,598,598,0,0,0,0,0,OK
19130001_10_49,all,6423,6423,6423,6423,6423,0,0,0,0,0,OK
19130001_10_49,1,929,929,929,929,929,0,0,0,0,0,OK
19130001_10_49,2,925,925,925,925,925,0,0,0,0,0,OK
19130001_10_49,3,921,921,921,921,921,0,0,0,0,0,OK
19130001_10_49,4,917,917,917,917,917,0,0,0,0,0,OK
19130001_10_49,5,913,913,913,913,913,0,0,0,0,0,OK
19130001_10_49,6,910,910,910,910,910,0,0,0,0,0,OK
19130001_10_49,7,908,908,908,908,908,0,0,0,0,0,OK
20009001_10_49,all,4133,4133,4133,4133,4133,0,0,0,0,0,OK
20009001_10_49,1,593,593,593,593,593,0,0,0,0,0,OK
20009001_10_49,2,592,592,592,592,592,0,0,0,0,0,OK
20009001_10_49,3,590,590,590,590,590,0,0,0,0,0,OK
20009001_10_49,4,589,589,589,589,589,0,0,0,0,0,OK
20009001_10_49,5,589,589,589,589,589,0,0,0,0,0,OK
20009001_10_49,6,590,590,590,590,590,0,0,0,0,0,OK
20009001_10_49,7,590,590,590,590,590,0,0,0,0,0,OK
20016001_10_47,all,4509,4509,4509,4509,4509,0,0,0,0,0,OK
20016001_10_47,1,651,651,651,651,651,0,0,0,0,0,OK
20016001_10_47,2,648,648,648,648,648,0,0,0,0,0,OK
20016001_10_47,3,647,647,647,647,647,0,0,0,0,0,OK
20016001_10_47,4,645,645,645,645,645,0,0,0,0,0,OK
20016001_10_47,5,639,639,639,639,639,0,0,0,0,0,OK
20016001_10_47,6,637,637,637,637,637,0,0,0,0,0,OK
20016001_10_47,7,642,642,642,642,642,0,0,0,0,0,OK
20018001_10_47,all,5961,5961,5961,5961,5961,0,0,0,0,0,OK
20018001_10_47,1,863,863,863,863,863,0,0,0,0,0,OK
20018001_10_47,2,856,856,856,856,856,0,0,0,0,0,OK
20018001_10_47,3,850,850,850,850,850,0,0,0,0,0,OK
20018001_10_47,4,848,848,848,848,848,0,0,0,0,0,OK
20018001_10_47,5,849,849,849,849,849,0,0,0,0,0,OK
20018001_10_47,6,848,848,848,848,848,0,0,0,0,0,OK
20018001_10_47,7,847,847,847,847,847,0,0,0,0,0,OK
20019001_10_49,all,6608,6608,6608,6608,6608,0,0,0,0,0,OK
20019001_10_49,1,951,951,951,951,951,0,0,0,0,0,OK
20019001_10_49,2,947,947,947,947,947,0,0,0,0,0,OK
20019001_10_49,3,943,943,943,943,943,0,0,0,0,0,OK
20019001_10_49,4,943,943,943,943,943,0,0,0,0,0,OK
20019001_10_49,5,944,944,944,944,944,0,0,0,0,0,OK
20019001_10_49,6,941,941,941,941,941,0,0,0,0,0,OK
20019001_10_49,7,939,939,939,939,939,0,0,0,0,0,OK
20040001_10_47,all,6538,6538,6538,6538,6538,0,0,0,0,0,OK
20040001_10_47,1,940,940,940,940,940,0,0,0,0,0,OK
20040001_10_47,2,934,934,934,934,934,0,0,0,0,0,OK
20040001_10_47,3,932,932,932,932,932,0,0,0,0,0,OK
20040001_10_47,4,932,932,932,932,932,0,0,0,0,0,OK
20040001_10_47,5,935,935,935,935,935,0,0,0,0,0,OK
20040001_10_47,6,934,934,934,934,934,0,0,0,0,0,OK
20040001_10_47,7,931,931,931,931,931,0,0,0,0,0,OK
20055001_10_47,all,6750,6750,6750,6750,6750,0,0,0,0,0,OK
20055001_10_47,1,970,970,970,970,970,0,0,0,0,0,OK
20055001_10_47,2,969,969,969,969,969,0,0,0,0,0,OK
20055001_10_47,3,966,966,966,966,966,0,0,0,0,0,OK
20055001_10_47,4,963,963,963,963,963,0,0,0,0,0,OK
20055001_10_47,5,962,962,962,962,962,0,0,0,0,0,OK
20055001_10_47,6,960,960,960,960,960,0,0,0,0,0,OK
20055001_10_47,7,960,960,960,960,960,0,0,0,0,0,OK
20069002_10_49,all,6305,6305,6305,6305,6305,0,0,0,0,0,OK
20069002_10_49,1,907,907,907,907,907,0,0,0,0,0,OK
20069002_10_49,2,904,904,904,904,904,0,0,0,0,0,OK
20069002_10_49,3,899,899,899,899,899,0,0,0,0,0,OK
20069002_10_49,4,899,899,899,899,899,0,0,0,0,0,OK
20069002_10_49,5,900,900,900,900,900,0,0,0,0,0,OK
20069002_10_49,6,898,898,898,898,898,0,0,0,0,0,OK
20069002_10_49,7,898,898,898,898,898,0,0,0,0,0,OK
20069004_10_47,all,5142,5142,5142,5142,5142,0,0,0,0,0,OK
20069004_10_47,1,745,745,745,745,745,0,0,0,0,0,OK
20069004_10_47,2,741,741,741,741,741,0,0,0,0,0,OK
20069004_10_47,3,735,735,735,735,735,0,0,0,0,0,OK
20069004_10_47,4,733,733,733,733,733,0,0,0,0,0,OK
20069004_10_47,5,732,732,732,732,732,0,0,0,0,0,OK
20069004_10_47,6,729,729,729,729,729,0,0,0,0,0,OK
20069004_10_47,7,727,727,727,727,727,0,0,0,0,0,OK
20069005_10_47,all,5500,5500,5500,5500,5500,0,0,0,0,0,OK
20069005_10_47,1,797,797,797,797,797,0,0,0,0,0,OK
20069005_10_47,2,792,792,792,792,792,0,0,0,0,0,OK
20069005_10_47,3,787,787,787,787,787,0,0,0,0,0,OK
20069005_10_47,4,784,784,784,784,784,0,0,0,0,0,OK
20069005_10_47,5,783,783,783,783,783,0,0,0,0,0,OK
20069005_10_47,6,779,779,779,779,779,0,0,0,0,0,OK
20069005_10_47,7,778,778,778,778,778,0,0,0,0,0,OK
20069006_10_46,all,4754,4754,4754,4754,4754,0,0,0,0,0,OK
20069006_10_46,1,681,681,681,681,681,0,0,0,0,0,OK
20069006_10_46,2,680,680,680,680,680,0,0,0,0,0,OK
20069006_10_46,3,679,679,679,679,679,0,0,0,0,0,OK
20069006_10_46,4,679,679,679,679,679,0,0,0,0,0,OK
20069006_10_46,5,680,680,680,680,680,0,0,0,0,0,OK
20069006_10_46,6,678,678,678,678,678,0,0,0,0,0,OK
20069006_10_46,7,677,677,677,677,677,0,0,0,0,0,OK
20069007_10_49,all,4610,4610,4610,4610,4610,0,0,0,0,0,OK
20069007_10_49,1,660,660,660,660,660,0,0,0,0,0,OK
20069007_10_49,2,658,658,658,658,658,0,0,0,0,0,OK
20069007_10_49,3,659,659,659,659,659,0,0,0,0,0,OK
20069007_10_49,4,659,659,659,659,659,0,0,0,0,0,OK
20069007_10_49,5,660,660,660,660,660,0,0,0,0,0,OK
20069007_10_49,6,658,658,658,658,658,0,0,0,0,0,OK
20069007_10_49,7,656,656,656,656,656,0,0,0,0,0,OK
20071001_10_47,all,6520,6520,6520,6520,6520,0,0,0,0,0,OK
20071001_10_47,1,938,938,938,938,938,0,0,0,0,0,OK
20071001_10_47,2,935,935,935,935,935,0,0,0,0,0,OK
20071001_10_47,3,933,933,933,933,933,0,0,0,0,0,OK
20071001_10_47,4,931,931,931,931,931,0,0,0,0,0,OK
20071001_10_47,5,931,931,931,931,931,0,0,0,0,0,OK
20071001_10_47,6,927,927,927,927,927,0,0,0,0,0,OK
20071001_10_47,7,925,925,925,925,925,0,0,0,0,0,OK
20073001_10_49,all,4789,4789,4789,4789,4789,0,0,0,0,0,OK
20073001_10_49,1,687,687,687,687,687,0,0,0,0,0,OK
20073001_10_49,2,686,686,686,686,686,0,0,0,0,0,OK
20073001_10_49,3,685,685,685,685,685,0,0,0,0,0,OK
20073001_10_49,4,684,684,684,684,684,0,0,0,0,0,OK
20073001_10_49,5,684,684,684,684,684,0,0,0,0,0,OK
20073001_10_49,6,682,682,682,682,682,0,0,0,0,0,OK
20073001_10_49,7,681,681,681,681,681,0,0,0,0,0,OK
20080001_10_49,all,7088,7088,7088,7088,7088,0,0,0,0,0,OK
20080001_10_49,1,1016,1016,1016,1016,1016,0,0,0,0,0,OK
20080001_10_49,2,1014,1014,1014,1014,1014,0,0,0,0,0,OK
20080001_10_49,3,1012,1012,1012,1012,1012,0,0,0,0,0,OK
20080001_10_49,4,1012,1012,1012,1012,1012,0,0,0,0,0,OK
20080001_10_49,5,1013,1013,1013,1013,1013,0,0,0,0,0,OK
20080001_10_49,6,1011,1011,1011,1011,1011,0,0,0,0,0,OK
20080001_10_49,7,1010,1010,1010,1010,1010,0,0,0,0,0,OK
21005002_10_49,all,3332,3332,3332,3332,3332,0,0,0,0,0,OK
21005002_10_49,1,495,495,495,495,495,0,0,0,0,0,OK
21005002_10_49,2,486,486,486,486,486,0,0,0,0,0,OK
21005002_10_49,3,478,478,478,478,478,0,0,0,0,0,OK
21005002_10_49,4,473,473,473,473,473,0,0,0,0,0,OK
21005002_10_49,5,469,469,469,469,469,0,0,0,0,0,OK
21005002_10_49,6,467,467,467,467,467,0,0,0,0,0,OK
21005002_10_49,7,464,464,464,464,464,0,0,0,0,0,OK
21041008_10_49,all,2249,2249,2249,2249,2249,0,0,0,0,0,OK
21041008_10_49,1,343,343,343,343,343,0,0,0,0,0,OK
21041008_10_49,2,331,331,331,331,331,0,0,0,0,0,OK
21041008_10_49,3,324,324,324,324,324,0,0,0,0,0,OK
21041008_10_49,4,320,320,320,320,320,0,0,0,0,0,OK
21041008_10_49,5,311,311,311,311,311,0,0,0,0,0,OK
21041008_10_49,6,310,310,310,310,310,0,0,0,0,0,OK
21041008_10_49,7,310,310,310,310,310,0,0,0,0,0,OK
21041016_10_49,all,2340,2340,2340,2340,2340,0,0,0,0,0,OK
21041016_10_49,1,355,355,355,355,355,0,0,0,0,0,OK
21041016_10_49,2,343,343,343,343,343,0,0,0,0,0,OK
21041016_10_49,3,333,333,333,333,333,0,0,0,0,0,OK
21041016_10_49,4,331,331,331,331,331,0,0,0,0,0,OK
21041016_10_49,5,327,327,327,327,327,0,0,0,0,0,OK
21041016_10_49,6,327,327,327,327,327,0,0,0,0,0,OK
21041016_10_49,7,324,324,324,324,324,0,0,0,0,0,OK
21041017_10_49,all,5051,5051,5051,5051,5051,0,0,0,0,0,OK
21041017_10_49,1,737,737,737,737,737,0,0,0,0,0,OK
21041017_10_49,2,729,729,729,729,729,0,0,0,0,0,OK
21041017_10_49,3,722,722,722,722,722,0,0,0,0,0,OK
21041017_10_49,4,720,720,720,720,720,0,0,0,0,0,OK
21041017_10_49,5,717,717,717,717,717,0,0,0,0,0,OK
21041017_10_49,6,714,714,714,714,714,0,0,0,0,0,OK
21041017_10_49,7,712,712,712,712,712,0,0,0,0,0,OK
21050001_10_49,all,1632,1632,1632,1632,1632,0,0,0,0,0,OK
21050001_10_49,1,247,247,247,247,247,0,0,0,0,0,OK
21050001_10_49,2,240,240,240,240,240,0,0,0,0,0,OK
21050001_10_49,3,236,236,236,236,236,0,0,0,0,0,OK
21050001_10_49,4,231,231,231,231,231,0,0,0,0,0,OK
21050001_10_49,5,229,229,229,229,229,0,0,0,0,0,OK
21050001_10_49,6,227,227,227,227,227,0,0,0,0,0,OK
21050001_10_49,7,222,222,222,222,222,0,0,0,0,0,OK
21055004_10_49,all,4798,4798,4798,4798,4798,0,0,0,0,0,OK
21055004_10_49,1,694,694,694,694,694,0,0,0,0,0,OK
21055004_10_49,2,690,690,690,690,690,0,0,0,0,0,OK
21055004_10_49,3,686,686,686,686,686,0,0,0,0,0,OK
21055004_10_49,4,686,686,686,686,686,0,0,0,0,0,OK
21055004_10_49,5,684,684,684,684,684,0,0,0,0,0,OK
21055004_10_49,6,681,681,681,681,681,0,0,0,0,0,OK
21055004_10_49,7,677,677,677,677,677,0,0,0,0,0,OK
21055007_10_49,all,4250,4250,4250,4250,4250,0,0,0,0,0,OK
21055007_10_49,1,628,628,628,628,628,0,0,0,0,0,OK
21055007_10_49,2,619,619,619,619,619,0,0,0,0,0,OK
21055007_10_49,3,611,611,611,611,611,0,0,0,0,0,OK
21055007_10_49,4,605,605,605,605,605,0,0,0,0,0,OK
21055007_10_49,5,600,600,600,600,600,0,0,0,0,0,OK
21055007_10_49,6,595,595,595,595,595,0,0,0,0,0,OK
21055007_10_49,7,592,592,592,592,592,0,0,0,0,0,OK
21060002_10_49,all,2943,2943,2943,2943,2943,0,0,0,0,0,OK
21060002_10_49,1,441,441,441,441,441,0,0,0,0,0,OK
21060002_10_49,2,430,430,430,430,430,0,0,0,0,0,OK
21060002_10_49,3,421,421,421,421,421,0,0,0,0,0,OK
21060002_10_49,4,417,417,417,417,417,0,0,0,0,0,OK
21060002_10_49,5,415,415,415,415,415,0,0,0,0,0,OK
21060002_10_49,6,411,411,411,411,411,0,0,0,0,0,OK
21060002_10_49,7,408,408,408,408,408,0,0,0,0,0,OK
21064002_10_49,all,4301,4301,4301,4301,4301,0,0,0,0,0,OK
21064002_10_49,1,625,625,625,625,625,0,0,0,0,0,OK
21064002_10_49,2,615,615,615,615,615,0,0,0,0,0,OK
21064002_10_49,3,613,613,613,613,613,0,0,0,0,0,OK
21064002_10_49,4,614,614,614,614,614,0,0,0,0,0,OK
21064002_10_49,5,616,616,616,616,616,0,0,0,0,0,OK
21064002_10_49,6,611,611,611,611,611,0,0,0,0,0,OK
21064002_10_49,7,607,607,607,607,607,0,0,0,0,0,OK
23010002_10_49,all,6896,6896,6896,6896,6896,0,0,0,0,0,OK
23010002_10_49,1,992,992,992,992,992,0,0,0,0,0,OK
23010002_10_49,2,989,989,989,989,989,0,0,0,0,0,OK
23010002_10_49,3,987,987,987,987,987,0,0,0,0,0,OK
23010002_10_49,4,985,985,985,985,985,0,0,0,0,0,OK
23010002_10_49,5,983,983,983,983,983,0,0,0,0,0,OK
23010002_10_49,6,981,981,981,981,981,0,0,0,0,0,OK
23010002_10_49,7,979,979,979,979,979,0,0,0,0,0,OK
23050003_10_49,all,6205,6205,6205,6205,6205,0,0,0,0,0,OK
23050003_10_49,1,893,893,893,893,893,0,0,0,0,0,OK
23050003_10_49,2,891,891,891,891,891,0,0,0,0,0,OK
23050003_10_49,3,889,889,889,889,889,0,0,0,0,0,OK
23050003_10_49,4,886,886,886,886,886,0,0,0,0,0,OK
23050003_10_49,5,884,884,884,884,884,0,0,0,0,0,OK
23050003_10_49,6,882,882,882,882,882,0,0,0,0,0,OK
23050003_10_49,7,880,880,880,880,880,0,0,0,0,0,OK
23097001_10_49,all,6222,6222,6222,6222,6222,0,0,0,0,0,OK
23097001_10_49,1,898,898,898,898,898,0,0,0,0,0,OK
23097001_10_49,2,892,892,892,892,892,0,0,0,0,0,OK
23097001_10_49,3,888,888,888,888,888,0,0,0,0,0,OK
23097001_10_49,4,886,886,886,886,886,0,0,0,0,0,OK
23097001_10_49,5,887,887,887,887,887,0,0,0,0,0,OK
23097001_10_49,6,886,886,886,886,886,0,0,0,0,0,OK
23097001_10_49,7,885,885,885,885,885,0,0,0,0,0,OK
24038001_10_47,all,5864,5864,5864,5864,5864,0,0,0,0,0,OK
24038001_10_47,1,845,845,845,845,845,0,0,0,0,0,OK
24038001_10_47,2,841,841,841,841,841,0,0,0,0,0,OK
24038001_10_47,3,839,839,839,839,839,0,0,0,0,0,OK
24038001_10_47,4,837,837,837,837,837,0,0,0,0,0,OK
24038001_10_47,5,835,835,835,835,835,0,0,0,0,0,OK
24038001_10_47,6,834,834,834,834,834,0,0,0,0,0,OK
24038001_10_47,7,833,833,833,833,833,0,0,0,0,0,OK
24089006_10_49,all,6952,6952,6952,6952,6952,0,0,0,0,0,OK
24089006_10_49,1,1001,1001,1001,1001,1001,0,0,0,0,0,OK
24089006_10_49,2,998,998,998,998,998,0,0,0,0,0,OK
24089006_10_49,3,995,995,995,995,995,0,0,0,0,0,OK
24089006_10_49,4,994,994,994,994,994,0,0,0,0,0,OK
24089006_10_49,5,991,991,991,991,991,0,0,0,0,0,OK
24089006_10_49,6,988,988,988,988,988,0,0,0,0,0,OK
24089006_10_49,7,985,985,985,985,985,0,0,0,0,0,OK
24089010_10_49,all,6643,6643,6643,6643,6643,0,0,0,0,0,OK
24089010_10_49,1,957,957,957,957,957,0,0,0,0,0,OK
24089010_10_49,2,953,953,953,953,953,0,0,0,0,0,OK
24089010_10_49,3,950,950,950,950,950,0,0,0,0,0,OK
24089010_10_49,4,948,948,948,948,948,0,0,0,0,0,OK
24089010_10_49,5,945,945,945,945,945,0,0,0,0,0,OK
24089010_10_49,6,944,944,944,944,944,0,0,0,0,0,OK
24089010_10_49,7,946,946,946,946,946,0,0,0,0,0,OK
24115015_10_49,all,4696,4696,4696,4696,4696,0,0,0,0,0,OK
24115015_10_49,1,677,677,677,677,677,0,0,0,0,0,OK
24115015_10_49,2,674,674,674,674,674,0,0,0,0,0,OK
24115015_10_49,3,671,671,671,671,671,0,0,0,0,0,OK
24115015_10_49,4,670,670,670,670,670,0,0,0,0,0,OK
24115015_10_49,5,669,669,669,669,669,0,0,0,0,0,OK
24115015_10_49,6,668,668,668,668,668,0,0,0,0,0,OK
24115015_10_49,7,667,667,667,667,667,0,0,0,0,0,OK
24134006_10_49,all,7342,7342,7342,7342,7342,0,0,0,0,0,OK
24134006_10_49,1,1054,1054,1054,1054,1054,0,0,0,0,0,OK
24134006_10_49,2,1052,1052,1052,1052,1052,0,0,0,0,0,OK
24134006_10_49,3,1049,1049,1049,1049,1049,0,0,0,0,0,OK
24134006_10_49,4,1048,1048,1048,1048,1048,0,0,0,0,0,OK
24134006_10_49,5,1047,1047,1047,1047,1047,0,0,0,0,0,OK
24134006_10_49,6,1046,1046,1046,1046,1046,0,0,0,0,0,OK
24134006_10_49,7,1046,1046,1046,1046,1046,0,0,0,0,0,OK
24181001_10_49,all,6392,6392,6392,6392,6392,0,0,0,0,0,OK
24181001_10_49,1,915,915,915,915,915,0,0,0,0,0,OK
24181001_10_49,2,915,915,915,915,915,0,0,0,0,0,OK
24181001_10_49,3,914,914,914,914,914,0,0,0,0,0,OK
24181001_10_49,4,914,914,914,914,914,0,0,0,0,0,OK
24181001_10_49,5,913,913,913,913,913,0,0,0,0,0,OK
24181001_10_49,6,911,911,911,911,911,0,0,0,0,0,OK
24181001_10_49,7,910,910,910,910,910,0,0,0,0,0,OK
26011001_10_49,all,5277,5277,5277,5277,5277,0,0,0,0,0,OK
26011001_10_49,1,766,766,766,766,766,0,0,0,0,0,OK
26011001_10_49,2,761,761,761,761,761,0,0,0,0,0,OK
26011001_10_49,3,758,758,758,758,758,0,0,0,0,0,OK
26011001_10_49,4,754,754,754,754,754,0,0,0,0,0,OK
26011001_10_49,5,750,750,750,750,750,0,0,0,0,0,OK
26011001_10_49,6,745,745,745,745,745,0,0,0,0,0,OK
26011001_10_49,7,743,743,743,743,743,0,0,0,0,0,OK
26019001_10_49,all,5429,5429,5429,5429,5429,0,0,0,0,0,OK
26019001_10_49,1,783,783,783,783,783,0,0,0,0,0,OK
26019001_10_49,2,776,776,776,776,776,0,0,0,0,0,OK
26019001_10_49,3,774,774,774,774,774,0,0,0,0,0,OK
26019001_10_49,4,773,773,773,773,773,0,0,0,0,0,OK
26019001_10_49,5,773,773,773,773,773,0,0,0,0,0,OK
26019001_10_49,6,775,775,775,775,775,0,0,0,0,0,OK
26019001_10_49,7,775,775,775,775,775,0,0,0,0,0,OK
26066001_10_49,all,6814,6814,6814,6814,6814,0,0,0,0,0,OK
26066001_10_49,1,980,980,980,980,980,0,0,0,0,0,OK
26066001_10_49,2,977,977,977,977,977,0,0,0,0,0,OK
26066001_10_49,3,974,974,974,974,974,0,0,0,0,0,OK
26066001_10_49,4,972,972,972,972,972,0,0,0,0,0,OK
26066001_10_49,5,971,971,971,971,971,0,0,0,0,0,OK
26066001_10_49,6,970,970,970,970,970,0,0,0,0,0,OK
26066001_10_49,7,970,970,970,970,970,0,0,0,0,0,OK
26089001_10_49,all,6184,6184,6184,6184,6184,0,0,0,0,0,OK
26089001_10_49,1,891,891,891,891,891,0,0,0,0,0,OK
26089001_10_49,2,888,888,888,888,888,0,0,0,0,0,OK
26089001_10_49,3,884,884,884,884,884,0,0,0,0,0,OK
26089001_10_49,4,882,882,882,882,882,0,0,0,0,0,OK
26089001_10_49,5,880,880,880,880,880,0,0,0,0,0,OK
26089001_10_49,6,880,880,880,880,880,0,0,0,0,0,OK
26089001_10_49,7,879,879,879,879,879,0,0,0,0,0,OK
26117001_10_49,all,5778,5778,5778,5778,5778,0,0,0,0,0,OK
26117001_10_49,1,831,831,831,831,831,0,0,0,0,0,OK
26117001_10_49,2,829,829,829,829,829,0,0,0,0,0,OK
26117001_10_49,3,826,826,826,826,826,0,0,0,0,0,OK
26117001_10_49,4,824,824,824,824,824,0,0,0,0,0,OK
26117001_10_49,5,823,823,823,823,823,0,0,0,0,0,OK
26117001_10_49,6,821,821,821,821,821,0,0,0,0,0,OK
26117001_10_49,7,824,824,824,824,824,0,0,0,0,0,OK
27013002_10_47,all,6587,6587,6587,6587,6587,0,0,0,0,0,OK
27013002_10_47,1,944,944,944,944,944,0,0,0,0,0,OK
27013002_10_47,2,943,943,943,943,943,0,0,0,0,0,OK
27013002_10_47,3,942,942,942,942,942,0,0,0,0,0,OK
27013002_10_47,4,941,941,941,941,941,0,0,0,0,0,OK
27013002_10_47,5,940,940,940,940,940,0,0,0,0,0,OK
27013002_10_47,6,939,939,939,939,939,0,0,0,0,0,OK
27013002_10_47,7,938,938,938,938,938,0,0,0,0,0,OK
27025015_10_47,all,7308,7308,7308,7308,7308,0,0,0,0,0,OK
27025015_10_47,1,1049,1049,1049,1049,1049,0,0,0,0,0,OK
27025015_10_47,2,1047,1047,1047,1047,1047,0,0,0,0,0,OK
27025015_10_47,3,1045,1045,1045,1045,1045,0,0,0,0,0,OK
27025015_10_47,4,1043,1043,1043,1043,1043,0,0,0,0,0,OK
27025015_10_47,5,1042,1042,1042,1042,1042,0,0,0,0,0,OK
27025015_10_47,6,1042,1042,1042,1042,1042,0,0,0,0,0,OK
27025015_10_47,7,1040,1040,1040,1040,1040,0,0,0,0,0,OK
27028005_10_49,all,5921,5921,5921,5921,5921,0,0,0,0,0,OK
27028005_10_49,1,851,851,851,851,851,0,0,0,0,0,OK
27028005_10_49,2,849,849,849,849,849,0,0,0,0,0,OK
27028005_10_49,3,845,845,845,845,845,0,0,0,0,0,OK
27028005_10_49,4,842,842,842,842,842,0,0,0,0,0,OK
27028005_10_49,5,845,845,845,845,845,0,0,0,0,0,OK
27028005_10_49,6,846,846,846,846,846,0,0,0,0,0,OK
27028005_10_49,7,843,843,843,843,843,0,0,0,0,0,OK
27033001_10_47,all,6113,6113,6113,6113,6113,0,0,0,0,0,OK
27033001_10_47,1,882,882,882,882,882,0,0,0,0,0,OK
27033001_10_47,2,878,878,878,878,878,0,0,0,0,0,OK
27033001_10_47,3,875,875,875,875,875,0,0,0,0,0,OK
27033001_10_47,4,872,872,872,872,872,0,0,0,0,0,OK
27033001_10_47,5,869,869,869,869,869,0,0,0,0,0,OK
27033001_10_47,6,868,868,868,868,868,0,0,0,0,0,OK
27033001_10_47,7,869,869,869,869,869,0,0,0,0,0,OK
27065004_10_47,all,6796,6796,6796,6796,6796,0,0,0,0,0,OK
27065004_10_47,1,974,974,974,974,974,0,0,0,0,0,OK
27065004_10_47,2,973,973,973,973,973,0,0,0,0,0,OK
27065004_10_47,3,972,972,972,972,972,0,0,0,0,0,OK
27065004_10_47,4,971,971,971,971,971,0,0,0,0,0,OK
27065004_10_47,5,970,970,970,970,970,0,0,0,0,0,OK
27065004_10_47,6,969,969,969,969,969,0,0,0,0,0,OK
27065004_10_47,7,967,967,967,967,967,0,0,0,0,0,OK
28005002_10_49,all,6892,6892,6892,6892,6892,0,0,0,0,0,OK
28005002_10_49,1,985,985,985,985,985,0,0,0,0,0,OK
28005002_10_49,2,985,985,985,985,985,0,0,0,0,0,OK
28005002_10_49,3,985,985,985,985,985,0,0,0,0,0,OK
28005002_10_49,4,985,985,985,985,985,0,0,0,0,0,OK
28005002_10_49,5,985,985,985,985,985,0,0,0,0,0,OK
28005002_10_49,6,984,984,984,984,984,0,0,0,0,0,OK
28005002_10_49,7,983,983,983,983,983,0,0,0,0,0,OK
28006004_10_49,all,7170,7170,7170,7170,7170,0,0,0,0,0,OK
28006004_10_49,1,1027,1027,1027,1027,1027,0,0,0,0,0,OK
28006004_10_49,2,1027,1027,1027,1027,1027,0,0,0,0,0,OK
28006004_10_49,3,1026,1026,1026,1026,1026,0,0,0,0,0,OK
28006004_10_49,4,1025,1025,1025,1025,1025,0,0,0,0,0,OK
28006004_10_49,5,1023,1023,1023,1023,1023,0,0,0,0,0,OK
28006004_10_49,6,1021,1021,1021,1021,1021,0,0,0,0,0,OK
28006004_10_49,7,1021,1021,1021,1021,1021,0,0,0,0,0,OK
28013002_10_49,all,6306,6306,6306,6306,6306,0,0,0,0,0,OK
28013002_10_49,1,903,903,903,903,903,0,0,0,0,0,OK
28013002_10_49,2,903,903,903,903,903,0,0,0,0,0,OK
28013002_10_49,3,902,902,902,902,902,0,0,0,0,0,OK
28013002_10_49,4,899,899,899,899,899,0,0,0,0,0,OK
28013002_10_49,5,900,900,900,900,900,0,0,0,0,0,OK
28013002_10_49,6,900,900,900,900,900,0,0,0,0,0,OK
28013002_10_49,7,899,899,899,899,899,0,0,0,0,0,OK
28014002_10_49,all,7588,7588,7588,7588,7588,0,0,0,0,0,OK
28014002_10_49,1,1087,1087,1087,1087,1087,0,0,0,0,0,OK
28014002_10_49,2,1086,1086,1086,1086,1086,0,0,0,0,0,OK
28014002_10_49,3,1085,1085,1085,1085,1085,0,0,0,0,0,OK
28014002_10_49,4,1084,1084,1084,1084,1084,0,0,0,0,0,OK
28014002_10_49,5,1083,1083,1083,1083,1083,0,0,0,0,0,OK
28014002_10_49,6,1082,1082,1082,1082,1082,0,0,0,0,0,OK
28014002_10_49,7,1081,1081,1081,1081,1081,0,0,0,0,0,OK
28016001_10_49,all,7239,7239,7239,7239,7239,0,0,0,0,0,OK
28016001_10_49,1,1036,1036,1036,1036,1036,0,0,0,0,0,OK
28016001_10_49,2,1036,1036,1036,1036,1036,0,0,0,0,0,OK
28016001_10_49,3,1035,1035,1035,1035,1035,0,0,0,0,0,OK
28016001_10_49,4,1034,1034,1034,1034,1034,0,0,0,0,0,OK
28016001_10_49,5,1033,1033,1033,1033,1033,0,0,0,0,0,OK
28016001_10_49,6,1033,1033,1033,1033,1033,0,0,0,0,0,OK
28016001_10_49,7,1032,1032,1032,1032,1032,0,0,0,0,0,OK
28045002_10_49,all,7369,7369,7369,7369,7369,0,0,0,0,0,OK
28045002_10_49,1,1056,1056,1056,1056,1056,0,0,0,0,0,OK
28045002_10_49,2,1054,1054,1054,1054,1054,0,0,0,0,0,OK
28045002_10_49,3,1054,1054,1054,1054,1054,0,0,0,0,0,OK
28045002_10_49,4,1053,1053,1053,1053,1053,0,0,0,0,0,OK
28045002_10_49,5,1052,1052,1052,1052,1052,0,0,0,0,0,OK
28045002_10_49,6,1051,1051,1051,1051,1051,0,0,0,0,0,OK
28045002_10_49,7,1049,1049,1049,1049,1049,0,0,0,0,0,OK
28049003_10_49,all,7008,7008,7008,7008,7008,0,0,0,0,0,OK
28049003_10_49,1,1004,1004,1004,1004,1004,0,0,0,0,0,OK
28049003_10_49,2,1004,1004,1004,1004,1004,0,0,0,0,0,OK
28049003_10_49,3,1002,1002,1002,1002,1002,0,0,0,0,0,OK
28049003_10_49,4,1000,1000,1000,1000,1000,0,0,0,0,0,OK
28049003_10_49,5,1000,1000,1000,1000,1000,0,0,0,0,0,OK
28049003_10_49,6,1000,1000,1000,1000,1000,0,0,0,0,0,OK
28049003_10_49,7,998,998,998,998,998,0,0,0,0,0,OK
28058004_10_49,all,7469,7469,7469,7469,7469,0,0,0,0,0,OK
28058004_10_49,1,1070,1070,1070,1070,1070,0,0,0,0,0,OK
28058004_10_49,2,1069,1069,1069,1069,1069,0,0,0,0,0,OK
28058004_10_49,3,1068,1068,1068,1068,1068,0,0,0,0,0,OK
28058004_10_49,4,1067,1067,1067,1067,1067,0,0,0,0,0,OK
28058004_10_49,5,1066,1066,1066,1066,1066,0,0,0,0,0,OK
28058004_10_49,6,1065,1065,1065,1065,1065,0,0,0,0,0,OK
28058004_10_49,7,1064,1064,1064,1064,1064,0,0,0,0,0,OK
28065014_10_49,all,7428,7428,7428,7428,7428,0,0,0,0,0,OK
28065014_10_49,1,1065,1065,1065,1065,1065,0,0,0,0,0,OK
28065014_10_49,2,1063,1063,1063,1063,1063,0,0,0,0,0,OK
28065014_10_49,3,1062,1062,1062,1062,1062,0,0,0,0,0,OK
28065014_10_49,4,1061,1061,1061,1061,1061,0,0,0,0,0,OK
28065014_10_49,5,1060,1060,1060,1060,1060,0,0,0,0,0,OK
28065014_10_49,6,1059,1059,1059,1059,1059,0,0,0,0,0,OK
28065014_10_49,7,1058,1058,1058,1058,1058,0,0,0,0,0,OK
28067001_10_49,all,7294,7294,7294,7294,7294,0,0,0,0,0,OK
28067001_10_49,1,1045,1045,1045,1045,1045,0,0,0,0,0,OK
28067001_10_49,2,1044,1044,1044,1044,1044,0,0,0,0,0,OK
28067001_10_49,3,1043,1043,1043,1043,1043,0,0,0,0,0,OK
28067001_10_49,4,1042,1042,1042,1042,1042,0,0,0,0,0,OK
28067001_10_49,5,1041,1041,1041,1041,1041,0,0,0,0,0,OK
28067001_10_49,6,1040,1040,1040,1040,1040,0,0,0,0,0,OK
28067001_10_49,7,1039,1039,1039,1039,1039,0,0,0,0,0,OK
28074007_10_49,all,6940,6940,6940,6940,6940,0,0,0,0,0,OK
28074007_10_49,1,996,996,996,996,996,0,0,0,0,0,OK
28074007_10_49,2,993,993,993,993,993,0,0,0,0,0,OK
28074007_10_49,3,992,992,992,992,992,0,0,0,0,0,OK
28074007_10_49,4,993,993,993,993,993,0,0,0,0,0,OK
28074007_10_49,5,991,991,991,991,991,0,0,0,0,0,OK
28074007_10_49,6,989,989,989,989,989,0,0,0,0,0,OK
28074007_10_49,7,986,986,986,986,986,0,0,0,0,0,OK
28079008_10_47,all,5202,5202,5202,5202,5202,0,0,0,0,0,OK
28079008_10_47,1,751,751,751,751,751,0,0,0,0,0,OK
28079008_10_47,2,747,747,747,747,747,0,0,0,0,0,OK
28079008_10_47,3,747,747,747,747,747,0,0,0,0,0,OK
28079008_10_47,4,747,747,747,747,747,0,0,0,0,0,OK
28079008_10_47,5,741,741,741,741,741,0,0,0,0,0,OK
28079008_10_47,6,737,737,737,737,737,0,0,0,0,0,OK
28079008_10_47,7,732,732,732,732,732,0,0,0,0,0,OK
28079018_10_47,all,6073,6073,6073,6073,6073,0,0,0,0,0,OK
28079018_10_47,1,877,877,877,877,877,0,0,0,0,0,OK
28079018_10_47,2,875,875,875,875,875,0,0,0,0,0,OK
28079018_10_47,3,871,871,871,871,871,0,0,0,0,0,OK
28079018_10_47,4,868,868,868,868,868,0,0,0,0,0,OK
28079018_10_47,5,863,863,863,863,863,0,0,0,0,0,OK
28079018_10_47,6,861,861,861,861,861,0,0,0,0,0,OK
28079018_10_47,7,858,858,858,858,858,0,0,0,0,0,OK
28079024_10_47,all,6033,6033,6033,6033,6033,0,0,0,0,0,OK
28079024_10_47,1,872,872,872,872,872,0,0,0,0,0,OK
28079024_10_47,2,870,870,870,870,870,0,0,0,0,0,OK
28079024_10_47,3,865,865,865,865,865,0,0,0,0,0,OK
28079024_10_47,4,861,861,861,861,861,0,0,0,0,0,OK
28079024_10_47,5,856,856,856,856,856,0,0,0,0,0,OK
28079024_10_47,6,854,854,854,854,854,0,0,0,0,0,OK
28079024_10_47,7,855,855,855,855,855,0,0,0,0,0,OK
28079036_10_47,all,6739,6739,6739,6739,6739,0,0,0,0,0,OK
28079036_10_47,1,968,968,968,968,968,0,0,0,0,0,OK
28079036_10_47,2,966,966,966,966,966,0,0,0,0,0,OK
28079036_10_47,3,964,964,964,964,964,0,0,0,0,0,OK
28079036_10_47,4,962,962,962,962,962,0,0,0,0,0,OK
28079036_10_47,5,961,961,961,961,961,0,0,0,0,0,OK
28079036_10_47,6,960,960,960,960,960,0,0,0,0,0,OK
28079036_10_47,7,958,958,958,958,958,0,0,0,0,0,OK
28079038_10_47,all,6190,6190,6190,6190,6190,0,0,0,0,0,OK
28079038_10_47,1,892,892,892,892,892,0,0,0,0,0,OK
28079038_10_47,2,888,888,888,888,888,0,0,0,0,0,OK
28079038_10_47,3,886,886,886,886,886,0,0,0,0,0,OK
28079038_10_47,4,883,883,883,883,883,0,0,0,0,0,OK
28079038_10_47,5,882,882,882,882,882,0,0,0,0,0,OK
28079038_10_47,6,880,880,880,880,880,0,0,0,0,0,OK
28079038_10_47,7,879,879,879,879,879,0,0,0,0,0,OK
28079040_10_47,all,6464,6464,6464,6464,6464,0,0,0,0,0,OK
28079040_10_47,1,930,930,930,930,930,0,0,0,0,0,OK
28079040_10_47,2,927,927,927,927,927,0,0,0,0,0,OK
28079040_10_47,3,927,927,927,927,927,0,0,0,0,0,OK
28079040_10_47,4,925,925,925,925,925,0,0,0,0,0,OK
28079040_10_47,5,921,921,921,921,921,0,0,0,0,0,OK
28079040_10_47,6,918,918,918,918,918,0,0,0,0,0,OK
28079040_10_47,7,916,916,916,916,916,0,0,0,0,0,OK
28079047_10_47,all,5189,5189,5189,5189,5189,0,0,0,0,0,OK
28079047_10_47,1,752,752,752,752,752,0,0,0,0,0,OK
28079047_10_47,2,746,746,746,746,746,0,0,0,0,0,OK
28079047_10_47,3,745,745,745,745,745,0,0,0,0,0,OK
28079047_10_47,4,739,739,739,739,739,0,0,0,0,0,OK
28079047_10_47,5,738,738,738,738,738,0,0,0,0,0,OK
28079047_10_47,6,734,734,734,734,734,0,0,0,0,0,OK
28079047_10_47,7,735,735,735,735,735,0,0,0,0,0,OK
28079048_10_47,all,6285,6285,6285,6285,6285,0,0,0,0,0,OK
28079048_10_47,1,904,904,904,904,904,0,0,0,0,0,OK
28079048_10_47,2,902,902,902,902,902,0,0,0,0,0,OK
28079048_10_47,3,900,900,900,900,900,0,0,0,0,0,OK
28079048_10_47,4,897,897,897,897,897,0,0,0,0,0,OK
28079048_10_47,5,896,896,896,896,896,0,0,0,0,0,OK
28079048_10_47,6,894,894,894,894,894,0,0,0,0,0,OK
28079048_10_47,7,892,892,892,892,892,0,0,0,0,0,OK
28079050_10_47,all,6384,6384,6384,6384,6384,0,0,0,0,0,OK
28079050_10_47,1,915,915,915,915,915,0,0,0,0,0,OK
28079050_10_47,2,914,914,914,914,914,0,0,0,0,0,OK
28079050_10_47,3,914,914,914,914,914,0,0,0,0,0,OK
28079050_10_47,4,914,914,914,914,914,0,0,0,0,0,OK
28079050_10_47,5,911,911,911,911,911,0,0,0,0,0,OK
28079050_10_47,6,910,910,910,910,910,0,0,0,0,0,OK
28079050_10_47,7,906,906,906,906,906,0,0,0,0,0,OK
28079055_10_47,all,4865,4865,4865,4865,4865,0,0,0,0,0,OK
28079055_10_47,1,702,702,702,702,702,0,0,0,0,0,OK
28079055_10_47,2,698,698,698,698,698,0,0,0,0,0,OK
28079055_10_47,3,698,698,698,698,698,0,0,0,0,0,OK
28079055_10_47,4,696,696,696,696,696,0,0,0,0,0,OK
28079055_10_47,5,689,689,689,689,689,0,0,0,0,0,OK
28079055_10_47,6,691,691,691,691,691,0,0,0,0,0,OK
28079055_10_47,7,691,691,691,691,691,0,0,0,0,0,OK
28079056_10_47,all,6901,6901,6901,6901,6901,0,0,0,0,0,OK
28079056_10_47,1,993,993,993,993,993,0,0,0,0,0,OK
28079056_10_47,2,989,989,989,989,989,0,0,0,0,0,OK
28079056_10_47,3,987,987,987,987,987,0,0,0,0,0,OK
28079056_10_47,4,985,985,985,985,985,0,0,0,0,0,OK
28079056_10_47,5,984,984,984,984,984,0,0,0,0,0,OK
28079056_10_47,6,982,982,982,982,982,0,0,0,0,0,OK
28079056_10_47,7,981,981,981,981,981,0,0,0,0,0,OK
28079057_10_47,all,5933,5933,5933,5933,5933,0,0,0,0,0,OK
28079057_10_47,1,850,850,850,850,850,0,0,0,0,0,OK
28079057_10_47,2,852,852,852,852,852,0,0,0,0,0,OK
28079057_10_47,3,851,851,851,851,851,0,0,0,0,0,OK
28079057_10_47,4,849,849,849,849,849,0,0,0,0,0,OK
28079057_10_47,5,846,846,846,846,846,0,0,0,0,0,OK
28079057_10_47,6,843,843,843,843,843,0,0,0,0,0,OK
28079057_10_47,7,842,842,842,842,842,0,0,0,0,0,OK
28079060_10_47,all,6695,6695,6695,6695,6695,0,0,0,0,0,OK
28079060_10_47,1,958,958,958,958,958,0,0,0,0,0,OK
28079060_10_47,2,959,959,959,959,959,0,0,0,0,0,OK
28079060_10_47,3,959,959,959,959,959,0,0,0,0,0,OK
28079060_10_47,4,955,955,955,955,955,0,0,0,0,0,OK
28079060_10_47,5,954,954,954,954,954,0,0,0,0,0,OK
28079060_10_47,6,955,955,955,955,955,0,0,0,0,0,OK
28079060_10_47,7,955,955,955,955,955,0,0,0,0,0,OK
28080003_10_49,all,7644,7644,7644,7644,7644,0,0,0,0,0,OK
28080003_10_49,1,1095,1095,1095,1095,1095,0,0,0,0,0,OK
28080003_10_49,2,1094,1094,1094,1094,1094,0,0,0,0,0,OK
28080003_10_49,3,1093,1093,1093,1093,1093,0,0,0,0,0,OK
28080003_10_49,4,1092,1092,1092,1092,1092,0,0,0,0,0,OK
28080003_10_49,5,1091,1091,1091,1091,1091,0,0,0,0,0,OK
28080003_10_49,6,1090,1090,1090,1090,1090,0,0,0,0,0,OK
28080003_10_49,7,1089,1089,1089,1089,1089,0,0,0,0,0,OK
28092005_10_49,all,7441,7441,7441,7441,7441,0,0,0,0,0,OK
28092005_10_49,1,1066,1066,1066,1066,1066,0,0,0,0,0,OK
28092005_10_49,2,1065,1065,1065,1065,1065,0,0,0,0,0,OK
28092005_10_49,3,1064,1064,1064,1064,1064,0,0,0,0,0,OK
28092005_10_49,4,1063,1063,1063,1063,1063,0,0,0,0,0,OK
28092005_10_49,5,1062,1062,1062,1062,1062,0,0,0,0,0,OK
28092005_10_49,6,1061,1061,1061,1061,1061,0,0,0,0,0,OK
28092005_10_49,7,1060,1060,1060,1060,1060,0,0,0,0,0,OK
28102001_10_49,all,7244,7244,7244,7244,7244,0,0,0,0,0,OK
28102001_10_49,1,1038,1038,1038,1038,1038,0,0,0,0,0,OK
28102001_10_49,2,1036,1036,1036,1036,1036,0,0,0,0,0,OK
28102001_10_49,3,1035,1035,1035,1035,1035,0,0,0,0,0,OK
28102001_10_49,4,1035,1035,1035,1035,1035,0,0,0,0,0,OK
28102001_10_49,5,1034,1034,1034,1034,1034,0,0,0,0,0,OK
28102001_10_49,6,1033,1033,1033,1033,1033,0,0,0,0,0,OK
28102001_10_49,7,1033,1033,1033,1033,1033,0,0,0,0,0,OK
28120001_10_49,all,6847,6847,6847,6847,6847,0,0,0,0,0,OK
28120001_10_49,1,983,983,983,983,983,0,0,0,0,0,OK
28120001_10_49,2,981,981,981,981,981,0,0,0,0,0,OK
28120001_10_49,3,979,979,979,979,979,0,0,0,0,0,OK
28120001_10_49,4,975,975,975,975,975,0,0,0,0,0,OK
28120001_10_49,5,977,977,977,977,977,0,0,0,0,0,OK
28120001_10_49,6,976,976,976,976,976,0,0,0,0,0,OK
28120001_10_49,7,976,976,976,976,976,0,0,0,0,0,OK
28123002_10_49,all,6677,6677,6677,6677,6677,0,0,0,0,0,OK
28123002_10_49,1,955,955,955,955,955,0,0,0,0,0,OK
28123002_10_49,2,956,956,956,956,956,0,0,0,0,0,OK
28123002_10_49,3,956,956,956,956,956,0,0,0,0,0,OK
28123002_10_49,4,954,954,954,954,954,0,0,0,0,0,OK
28123002_10_49,5,951,951,951,951,951,0,0,0,0,0,OK
28123002_10_49,6,951,951,951,951,951,0,0,0,0,0,OK
28123002_10_49,7,954,954,954,954,954,0,0,0,0,0,OK
28133002_10_49,all,7532,7532,7532,7532,7532,0,0,0,0,0,OK
28133002_10_49,1,1079,1079,1079,1079,1079,0,0,0,0,0,OK
28133002_10_49,2,1078,1078,1078,1078,1078,0,0,0,0,0,OK
28133002_10_49,3,1077,1077,1077,1077,1077,0,0,0,0,0,OK
28133002_10_49,4,1076,1076,1076,1076,1076,0,0,0,0,0,OK
28133002_10_49,5,1075,1075,1075,1075,1075,0,0,0,0,0,OK
28133002_10_49,6,1074,1074,1074,1074,1074,0,0,0,0,0,OK
28133002_10_49,7,1073,1073,1073,1073,1073,0,0,0,0,0,OK
28148004_10_49,all,6886,6886,6886,6886,6886,0,0,0,0,0,OK
28148004_10_49,1,988,988,988,988,988,0,0,0,0,0,OK
28148004_10_49,2,985,985,985,985,985,0,0,0,0,0,OK
28148004_10_49,3,984,984,984,984,984,0,0,0,0,0,OK
28148004_10_49,4,983,983,983,983,983,0,0,0,0,0,OK
28148004_10_49,5,983,983,983,983,983,0,0,0,0,0,OK
28148004_10_49,6,982,982,982,982,982,0,0,0,0,0,OK
28148004_10_49,7,981,981,981,981,981,0,0,0,0,0,OK
28171001_10_49,all,7144,7144,7144,7144,7144,0,0,0,0,0,OK
28171001_10_49,1,1025,1025,1025,1025,1025,0,0,0,0,0,OK
28171001_10_49,2,1023,1023,1023,1023,1023,0,0,0,0,0,OK
28171001_10_49,3,1021,1021,1021,1021,1021,0,0,0,0,0,OK
28171001_10_49,4,1020,1020,1020,1020,1020,0,0,0,0,0,OK
28171001_10_49,5,1019,1019,1019,1019,1019,0,0,0,0,0,OK
28171001_10_49,6,1018,1018,1018,1018,1018,0,0,0,0,0,OK
28171001_10_49,7,1018,1018,1018,1018,1018,0,0,0,0,0,OK
29067005_10_49,all,6801,6801,6801,6801,6801,0,0,0,0,0,OK
29067005_10_49,1,977,977,977,977,977,0,0,0,0,0,OK
29067005_10_49,2,974,974,974,974,974,0,0,0,0,0,OK
29067005_10_49,3,972,972,972,972,972,0,0,0,0,0,OK
29067005_10_49,4,971,971,971,971,971,0,0,0,0,0,OK
29067005_10_49,5,970,970,970,970,970,0,0,0,0,0,OK
29067005_10_49,6,969,969,969,969,969,0,0,0,0,0,OK
29067005_10_49,7,968,968,968,968,968,0,0,0,0,0,OK
29067006_10_49,all,5307,5307,5307,5307,5307,0,0,0,0,0,OK
29067006_10_49,1,770,770,770,770,770,0,0,0,0,0,OK
29067006_10_49,2,764,764,764,764,764,0,0,0,0,0,OK
29067006_10_49,3,761,761,761,761,761,0,0,0,0,0,OK
29067006_10_49,4,758,758,758,758,758,0,0,0,0,0,OK
29067006_10_49,5,754,754,754,754,754,0,0,0,0,0,OK
29067006_10_49,6,751,751,751,751,751,0,0,0,0,0,OK
29067006_10_49,7,749,749,749,749,749,0,0,0,0,0,OK
29067008_10_49,all,4988,4988,4988,4988,4988,0,0,0,0,0,OK
29067008_10_49,1,724,724,724,724,724,0,0,0,0,0,OK
29067008_10_49,2,718,718,718,718,718,0,0,0,0,0,OK
29067008_10_49,3,717,717,717,717,717,0,0,0,0,0,OK
29067008_10_49,4,713,713,713,713,713,0,0,0,0,0,OK
29067008_10_49,5,709,709,709,709,709,0,0,0,0,0,OK
29067008_10_49,6,704,704,704,704,704,0,0,0,0,0,OK
29067008_10_49,7,703,703,703,703,703,0,0,0,0,0,OK
30005002_10_47,all,7227,7227,7227,7227,7227,0,0,0,0,0,OK
30005002_10_47,1,1036,1036,1036,1036,1036,0,0,0,0,0,OK
30005002_10_47,2,1034,1034,1034,1034,1034,0,0,0,0,0,OK
30005002_10_47,3,1033,1033,1033,1033,1033,0,0,0,0,0,OK
30005002_10_47,4,1032,1032,1032,1032,1032,0,0,0,0,0,OK
30005002_10_47,5,1031,1031,1031,1031,1031,0,0,0,0,0,OK
30005002_10_47,6,1031,1031,1031,1031,1031,0,0,0,0,0,OK
30005002_10_47,7,1030,1030,1030,1030,1030,0,0,0,0,0,OK
30015001_10_47,all,6391,6391,6391,6391,6391,0,0,0,0,0,OK
30015001_10_47,1,922,922,922,922,922,0,0,0,0,0,OK
30015001_10_47,2,919,919,919,919,919,0,0,0,0,0,OK
30015001_10_47,3,916,916,916,916,916,0,0,0,0,0,OK
30015001_10_47,4,912,912,912,912,912,0,0,0,0,0,OK
30015001_10_47,5,910,910,910,910,910,0,0,0,0,0,OK
30015001_10_47,6,908,908,908,908,908,0,0,0,0,0,OK
30015001_10_47,7,904,904,904,904,904,0,0,0,0,0,OK
30016001_10_47,all,6182,6182,6182,6182,6182,0,0,0,0,0,OK
30016001_10_47,1,896,896,896,896,896,0,0,0,0,0,OK
30016001_10_47,2,889,889,889,889,889,0,0,0,0,0,OK
30016001_10_47,3,885,885,885,885,885,0,0,0,0,0,OK
30016001_10_47,4,882,882,882,882,882,0,0,0,0,0,OK
30016001_10_47,5,879,879,879,879,879,0,0,0,0,0,OK
30016001_10_47,6,877,877,877,877,877,0,0,0,0,0,OK
30016001_10_47,7,874,874,874,874,874,0,0,0,0,0,OK
30016018_10_47,all,5709,5709,5709,5709,5709,0,0,0,0,0,OK
30016018_10_47,1,824,824,824,824,824,0,0,0,0,0,OK
30016018_10_47,2,820,820,820,820,820,0,0,0,0,0,OK
30016018_10_47,3,818,818,818,818,818,0,0,0,0,0,OK
30016018_10_47,4,816,816,816,816,816,0,0,0,0,0,OK
30016018_10_47,5,813,813,813,813,813,0,0,0,0,0,OK
30016018_10_47,6,810,810,810,810,810,0,0,0,0,0,OK
30016018_10_47,7,808,808,808,808,808,0,0,0,0,0,OK
30016020_10_47,all,3613,3613,3613,3613,3613,0,0,0,0,0,OK
30016020_10_47,1,519,519,519,519,519,0,0,0,0,0,OK
30016020_10_47,2,517,517,517,517,517,0,0,0,0,0,OK
30016020_10_47,3,514,514,514,514,514,0,0,0,0,0,OK
30016020_10_47,4,514,514,514,514,514,0,0,0,0,0,OK
30016020_10_47,5,515,515,515,515,515,0,0,0,0,0,OK
30016020_10_47,6,518,518,518,518,518,0,0,0,0,0,OK
30016020_10_47,7,516,516,516,516,516,0,0,0,0,0,OK
30016021_10_47,all,6001,6001,6001,6001,6001,0,0,0,0,0,OK
30016021_10_47,1,865,865,865,865,865,0,0,0,0,0,OK
30016021_10_47,2,861,861,861,861,861,0,0,0,0,0,OK
30016021_10_47,3,859,859,859,859,859,0,0,0,0,0,OK
30016021_10_47,4,858,858,858,858,858,0,0,0,0,0,OK
30016021_10_47,5,855,855,855,855,855,0,0,0,0,0,OK
30016021_10_47,6,853,853,853,853,853,0,0,0,0,0,OK
30016021_10_47,7,850,850,850,850,850,0,0,0,0,0,OK
30024002_10_47,all,6251,6251,6251,6251,6251,0,0,0,0,0,OK
30024002_10_47,1,902,902,902,902,902,0,0,0,0,0,OK
30024002_10_47,2,897,897,897,897,897,0,0,0,0,0,OK
30024002_10_47,3,892,892,892,892,892,0,0,0,0,0,OK
30024002_10_47,4,889,889,889,889,889,0,0,0,0,0,OK
30024002_10_47,5,889,889,889,889,889,0,0,0,0,0,OK
30024002_10_47,6,891,891,891,891,891,0,0,0,0,0,OK
30024002_10_47,7,891,891,891,891,891,0,0,0,0,0,OK
30030007_10_49,all,5293,5293,5293,5293,5293,0,0,0,0,0,OK
30030007_10_49,1,770,770,770,770,770,0,0,0,0,0,OK
30030007_10_49,2,763,763,763,763,763,0,0,0,0,0,OK
30030007_10_49,3,756,756,756,756,756,0,0,0,0,0,OK
30030007_10_49,4,754,754,754,754,754,0,0,0,0,0,OK
30030007_10_49,5,753,753,753,753,753,0,0,0,0,0,OK
30030007_10_49,6,750,750,750,750,750,0,0,0,0,0,OK
30030007_10_49,7,747,747,747,747,747,0,0,0,0,0,OK
31010001_10_49,all,5872,5872,5872,5872,5872,0,0,0,0,0,OK
31010001_10_49,1,849,849,849,849,849,0,0,0,0,0,OK
31010001_10_49,2,843,843,843,843,843,0,0,0,0,0,OK
31010001_10_49,3,840,840,840,840,840,0,0,0,0,0,OK
31010001_10_49,4,836,836,836,836,836,0,0,0,0,0,OK
31010001_10_49,5,835,835,835,835,835,0,0,0,0,0,OK
31010001_10_49,6,834,834,834,834,834,0,0,0,0,0,OK
31010001_10_49,7,835,835,835,835,835,0,0,0,0,0,OK
31107001_10_49,all,5324,5324,5324,5324,5324,0,0,0,0,0,OK
31107001_10_49,1,775,775,775,775,775,0,0,0,0,0,OK
31107001_10_49,2,769,769,769,769,769,0,0,0,0,0,OK
31107001_10_49,3,765,765,765,765,765,0,0,0,0,0,OK
31107001_10_49,4,760,760,760,760,760,0,0,0,0,0,OK
31107001_10_49,5,754,754,754,754,754,0,0,0,0,0,OK
31107001_10_49,6,752,752,752,752,752,0,0,0,0,0,OK
31107001_10_49,7,749,749,749,749,749,0,0,0,0,0,OK
31149002_10_49,all,3606,3606,3606,3606,3606,0,0,0,0,0,OK
31149002_10_49,1,516,516,516,516,516,0,0,0,0,0,OK
31149002_10_49,2,512,512,512,512,512,0,0,0,0,0,OK
31149002_10_49,3,515,515,515,515,515,0,0,0,0,0,OK
31149002_10_49,4,519,519,519,519,519,0,0,0,0,0,OK
31149002_10_49,5,520,520,520,520,520,0,0,0,0,0,OK
31149002_10_49,6,514,514,514,514,514,0,0,0,0,0,OK
31149002_10_49,7,510,510,510,510,510,0,0,0,0,0,OK
31191001_10_49,all,5672,5672,5672,5672,5672,0,0,0,0,0,OK
31191001_10_49,1,824,824,824,824,824,0,0,0,0,0,OK
31191001_10_49,2,816,816,816,816,816,0,0,0,0,0,OK
31191001_10_49,3,810,810,810,810,810,0,0,0,0,0,OK
31191001_10_49,4,807,807,807,807,807,0,0,0,0,0,OK
31191001_10_49,5,806,806,806,806,806,0,0,0,0,0,OK
31191001_10_49,6,805,805,805,805,805,0,0,0,0,0,OK
31191001_10_49,7,804,804,804,804,804,0,0,0,0,0,OK
31201012_10_49,all,4850,4850,4850,4850,4850,0,0,0,0,0,OK
31201012_10_49,1,704,704,704,704,704,0,0,0,0,0,OK
31201012_10_49,2,696,696,696,696,696,0,0,0,0,0,OK
31201012_10_49,3,692,692,692,692,692,0,0,0,0,0,OK
31201012_10_49,4,691,691,691,691,691,0,0,0,0,0,OK
31201012_10_49,5,689,689,689,689,689,0,0,0,0,0,OK
31201012_10_49,6,689,689,689,689,689,0,0,0,0,0,OK
31201012_10_49,7,689,689,689,689,689,0,0,0,0,0,OK
31201014_10_49,all,5731,5731,5731,5731,5731,0,0,0,0,0,OK
31201014_10_49,1,829,829,829,829,829,0,0,0,0,0,OK
31201014_10_49,2,824,824,824,824,824,0,0,0,0,0,OK
31201014_10_49,3,820,820,820,820,820,0,0,0,0,0,OK
31201014_10_49,4,817,817,817,817,817,0,0,0,0,0,OK
31201014_10_49,5,816,816,816,816,816,0,0,0,0,0,OK
31201014_10_49,6,814,814,814,814,814,0,0,0,0,0,OK
31201014_10_49,7,811,811,811,811,811,0,0,0,0,0,OK
31201015_10_49,all,3092,3092,3092,3092,3092,0,0,0,0,0,OK
31201015_10_49,1,450,450,450,450,450,0,0,0,0,0,OK
31201015_10_49,2,445,445,445,445,445,0,0,0,0,0,OK
31201015_10_49,3,441,441,441,441,441,0,0,0,0,0,OK
31201015_10_49,4,439,439,439,439,439,0,0,0,0,0,OK
31201015_10_49,5,439,439,439,439,439,0,0,0,0,0,OK
31201015_10_49,6,439,439,439,439,439,0,0,0,0,0,OK
31201015_10_49,7,439,439,439,439,439,0,0,0,0,0,OK
31216001_10_49,all,5351,5351,5351,5351,5351,0,0,0,0,0,OK
31216001_10_49,1,772,772,772,772,772,0,0,0,0,0,OK
31216001_10_49,2,762,762,762,762,762,0,0,0,0,0,OK
31216001_10_49,3,761,761,761,761,761,0,0,0,0,0,OK
31216001_10_49,4,763,763,763,763,763,0,0,0,0,0,OK
31216001_10_49,5,766,766,766,766,766,0,0,0,0,0,OK
31216001_10_49,6,765,765,765,765,765,0,0,0,0,0,OK
31216001_10_49,7,762,762,762,762,762,0,0,0,0,0,OK
31232002_10_49,all,5651,5651,5651,5651,5651,0,0,0,0,0,OK
31232002_10_49,1,818,818,818,818,818,0,0,0,0,0,OK
31232002_10_49,2,813,813,813,813,813,0,0,0,0,0,OK
31232002_10_49,3,808,808,808,808,808,0,0,0,0,0,OK
31232002_10_49,4,806,806,806,806,806,0,0,0,0,0,OK
31232002_10_49,5,804,804,804,804,804,0,0,0,0,0,OK
31232002_10_49,6,802,802,802,802,802,0,0,0,0,0,OK
31232002_10_49,7,800,800,800,800,800,0,0,0,0,0,OK
31232003_10_49,all,4532,4532,4532,4532,4532,0,0,0,0,0,OK
31232003_10_49,1,653,653,653,653,653,0,0,0,0,0,OK
31232003_10_49,2,643,643,643,643,643,0,0,0,0,0,OK
31232003_10_49,3,645,645,645,645,645,0,0,0,0,0,OK
31232003_10_49,4,648,648,648,648,648,0,0,0,0,0,OK
31232003_10_49,5,650,650,650,650,650,0,0,0,0,0,OK
31232003_10_49,6,647,647,647,647,647,0,0,0,0,0,OK
31232003_10_49,7,646,646,646,646,646,0,0,0,0,0,OK
32032001_10_49,all,6254,6254,6254,6254,6254,0,0,0,0,0,OK
32032001_10_49,1,898,898,898,898,898,0,0,0,0,0,OK
32032001_10_49,2,895,895,895,895,895,0,0,0,0,0,OK
32032001_10_49,3,894,894,894,894,894,0,0,0,0,0,OK
32032001_10_49,4,892,892,892,892,892,0,0,0,0,0,OK
32032001_10_49,5,890,890,890,890,890,0,0,0,0,0,OK
32032001_10_49,6,892,892,892,892,892,0,0,0,0,0,OK
32032001_10_49,7,893,893,893,893,893,0,0,0,0,0,OK
32039001_10_49,all,6211,6211,6211,6211,6211,0,0,0,0,0,OK
32039001_10_49,1,891,891,891,891,891,0,0,0,0,0,OK
32039001_10_49,2,888,888,888,888,888,0,0,0,0,0,OK
32039001_10_49,3,886,886,886,886,886,0,0,0,0,0,OK
32039001_10_49,4,886,886,886,886,886,0,0,0,0,0,OK
32039001_10_49,5,885,885,885,885,885,0,0,0,0,0,OK
32039001_10_49,6,887,887,887,887,887,0,0,0,0,0,OK
32039001_10_49,7,888,888,888,888,888,0,0,0,0,0,OK
32054004_10_49,all,6013,6013,6013,6013,6013,0,0,0,0,0,OK
32054004_10_49,1,868,868,868,868,868,0,0,0,0,0,OK
32054004_10_49,2,862,862,862,862,862,0,0,0,0,0,OK
32054004_10_49,3,859,859,859,859,859,0,0,0,0,0,OK
32054004_10_49,4,858,858,858,858,858,0,0,0,0,0,OK
32054004_10_49,5,856,856,856,856,856,0,0,0,0,0,OK
32054004_10_49,6,855,855,855,855,855,0,0,0,0,0,OK
32054004_10_49,7,855,855,855,855,855,0,0,0,0,0,OK
33004020_10_49,all,6717,6717,6717,6717,6717,0,0,0,0,0,OK
33004020_10_49,1,969,969,969,969,969,0,0,0,0,0,OK
33004020_10_49,2,966,966,966,966,966,0,0,0,0,0,OK
33004020_10_49,3,962,962,962,962,962,0,0,0,0,0,OK
33004020_10_49,4,958,958,958,958,958,0,0,0,0,0,OK
33004020_10_49,5,955,955,955,955,955,0,0,0,0,0,OK
33004020_10_49,6,954,954,954,954,954,0,0,0,0,0,OK
33004020_10_49,7,953,953,953,953,953,0,0,0,0,0,OK
33004021_10_49,all,6698,6698,6698,6698,6698,0,0,0,0,0,OK
33004021_10_49,1,965,965,965,965,965,0,0,0,0,0,OK
33004021_10_49,2,962,962,962,962,962,0,0,0,0,0,OK
33004021_10_49,3,959,959,959,959,959,0,0,0,0,0,OK
33004021_10_49,4,956,956,956,956,956,0,0,0,0,0,OK
33004021_10_49,5,952,952,952,952,952,0,0,0,0,0,OK
33004021_10_49,6,952,952,952,952,952,0,0,0,0,0,OK
33004021_10_49,7,952,952,952,952,952,0,0,0,0,0,OK
33004048_10_49,all,6234,6234,6234,6234,6234,0,0,0,0,0,OK
33004048_10_49,1,900,900,900,900,900,0,0,0,0,0,OK
33004048_10_49,2,895,895,895,895,895,0,0,0,0,0,OK
33004048_10_49,3,892,892,892,892,892,0,0,0,0,0,OK
33004048_10_49,4,892,892,892,892,892,0,0,0,0,0,OK
33004048_10_49,5,888,888,888,888,888,0,0,0,0,0,OK
33004048_10_49,6,885,885,885,885,885,0,0,0,0,0,OK
33004048_10_49,7,882,882,882,882,882,0,0,0,0,0,OK
33004049_10_49,all,6342,6342,6342,6342,6342,0,0,0,0,0,OK
33004049_10_49,1,912,912,912,912,912,0,0,0,0,0,OK
33004049_10_49,2,910,910,910,910,910,0,0,0,0,0,OK
33004049_10_49,3,908,908,908,908,908,0,0,0,0,0,OK
33004049_10_49,4,906,906,906,906,906,0,0,0,0,0,OK
33004049_10_49,5,904,904,904,904,904,0,0,0,0,0,OK
33004049_10_49,6,901,901,901,901,901,0,0,0,0,0,OK
33004049_10_49,7,901,901,901,901,901,0,0,0,0,0,OK
33004052_10_49,all,5244,5244,5244,5244,5244,0,0,0,0,0,OK
33004052_10_49,1,762,762,762,762,762,0,0,0,0,0,OK
33004052_10_49,2,756,756,756,756,756,0,0,0,0,0,OK
33004052_10_49,3,752,752,752,752,752,0,0,0,0,0,OK
33004052_10_49,4,748,748,748,748,748,0,0,0,0,0,OK
33004052_10_49,5,745,745,745,745,745,0,0,0,0,0,OK
33004052_10_49,6,742,742,742,742,742,0,0,0,0,0,OK
33004052_10_49,7,739,739,739,739,739,0,0,0,0,0,OK
33011001_10_49,all,5669,5669,5669,5669,5669,0,0,0,0,0,OK
33011001_10_49,1,818,818,818,818,818,0,0,0,0,0,OK
33011001_10_49,2,813,813,813,813,813,0,0,0,0,0,OK
33011001_10_49,3,810,810,810,810,810,0,0,0,0,0,OK
33011001_10_49,4,809,809,809,809,809,0,0,0,0,0,OK
33011001_10_49,5,807,807,807,807,807,0,0,0,0,0,OK
33011001_10_49,6,807,807,807,807,807,0,0,0,0,0,OK
33011001_10_49,7,805,805,805,805,805,0,0,0,0,0,OK
33024024_10_49,all,6698,6698,6698,6698,6698,0,0,0,0,0,OK
33024024_10_49,1,964,964,964,964,964,0,0,0,0,0,OK
33024024_10_49,2,960,960,960,960,960,0,0,0,0,0,OK
33024024_10_49,3,958,958,958,958,958,0,0,0,0,0,OK
33024024_10_49,4,955,955,955,955,955,0,0,0,0,0,OK
33024024_10_49,5,954,954,954,954,954,0,0,0,0,0,OK
33024024_10_49,6,954,954,954,954,954,0,0,0,0,0,OK
33024024_10_49,7,953,953,953,953,953,0,0,0,0,0,OK
33024025_10_49,all,6473,6473,6473,6473,6473,0,0,0,0,0,OK
33024025_10_49,1,929,929,929,929,929,0,0,0,0,0,OK
33024025_10_49,2,928,928,928,928,928,0,0,0,0,0,OK
33024025_10_49,3,927,927,927,927,927,0,0,0,0,0,OK
33024025_10_49,4,925,925,925,925,925,0,0,0,0,0,OK
33024025_10_49,5,923,923,923,923,923,0,0,0,0,0,OK
33024025_10_49,6,921,921,921,921,921,0,0,0,0,0,OK
33024025_10_49,7,920,920,920,920,920,0,0,0,0,0,OK
33024027_10_49,all,6271,6271,6271,6271,6271,0,0,0,0,0,OK
33024027_10_49,1,902,902,902,902,902,0,0,0,0,0,OK
33024027_10_49,2,897,897,897,897,897,0,0,0,0,0,OK
33024027_10_49,3,896,896,896,896,896,0,0,0,0,0,OK
33024027_10_49,4,896,896,896,896,896,0,0,0,0,0,OK
33024027_10_49,5,895,895,895,895,895,0,0,0,0,0,OK
33024027_10_49,6,893,893,893,893,893,0,0,0,0,0,OK
33024027_10_49,7,892,892,892,892,892,0,0,0,0,0,OK
33024031_10_49,all,6344,6344,6344,6344,6344,0,0,0,0,0,OK
33024031_10_49,1,911,911,911,911,911,0,0,0,0,0,OK
33024031_10_49,2,906,906,906,906,906,0,0,0,0,0,OK
33024031_10_49,3,907,907,907,907,907,0,0,0,0,0,OK
33024031_10_49,4,906,906,906,906,906,0,0,0,0,0,OK
33024031_10_49,5,906,906,906,906,906,0,0,0,0,0,OK
33024031_10_49,6,905,905,905,905,905,0,0,0,0,0,OK
33024031_10_49,7,903,903,903,903,903,0,0,0,0,0,OK
33024032_10_49,all,6926,6926,6926,6926,6926,0,0,0,0,0,OK
33024032_10_49,1,992,992,992,992,992,0,0,0,0,0,OK
33024032_10_49,2,991,991,991,991,991,0,0,0,0,0,OK
33024032_10_49,3,990,990,990,990,990,0,0,0,0,0,OK
33024032_10_49,4,989,989,989,989,989,0,0,0,0,0,OK
33024032_10_49,5,988,988,988,988,988,0,0,0,0,0,OK
33024032_10_49,6,988,988,988,988,988,0,0,0,0,0,OK
33024032_10_49,7,988,988,988,988,988,0,0,0,0,0,OK
33031029_10_49,all,5668,5668,5668,5668,5668,0,0,0,0,0,OK
33031029_10_49,1,821,821,821,821,821,0,0,0,0,0,OK
33031029_10_49,2,817,817,817,817,817,0,0,0,0,0,OK
33031029_10_49,3,814,814,814,814,814,0,0,0,0,0,OK
33031029_10_49,4,811,811,811,811,811,0,0,0,0,0,OK
33031029_10_49,5,806,806,806,806,806,0,0,0,0,0,OK
33031029_10_49,6,801,801,801,801,801,0,0,0,0,0,OK
33031029_10_49,7,798,798,798,798,798,0,0,0,0,0,OK
33031030_10_49,all,5493,5493,5493,5493,5493,0,0,0,0,0,OK
33031030_10_49,1,794,794,794,794,794,0,0,0,0,0,OK
33031030_10_49,2,786,786,786,786,786,0,0,0,0,0,OK
33031030_10_49,3,784,784,784,784,784,0,0,0,0,0,OK
33031030_10_49,4,781,781,781,781,781,0,0,0,0,0,OK
33031030_10_49,5,781,781,781,781,781,0,0,0,0,0,OK
33031030_10_49,6,782,782,782,782,782,0,0,0,0,0,OK
33031030_10_49,7,785,785,785,785,785,0,0,0,0,0,OK
33031032_10_49,all,5271,5271,5271,5271,5271,0,0,0,0,0,OK
33031032_10_49,1,759,759,759,759,759,0,0,0,0,0,OK
33031032_10_49,2,755,755,755,755,755,0,0,0,0,0,OK
33031032_10_49,3,753,753,753,753,753,0,0,0,0,0,OK
33031032_10_49,4,752,752,752,752,752,0,0,0,0,0,OK
33031032_10_49,5,752,752,752,752,752,0,0,0,0,0,OK
33031032_10_49,6,749,749,749,749,749,0,0,0,0,0,OK
33031032_10_49,7,751,751,751,751,751,0,0,0,0,0,OK
33037012_10_49,all,6065,6065,6065,6065,6065,0,0,0,0,0,OK
33037012_10_49,1,878,878,878,878,878,0,0,0,0,0,OK
33037012_10_49,2,871,871,871,871,871,0,0,0,0,0,OK
33037012_10_49,3,868,868,868,868,868,0,0,0,0,0,OK
33037012_10_49,4,866,866,866,866,866,0,0,0,0,0,OK
33037012_10_49,5,864,864,864,864,864,0,0,0,0,0,OK
33037012_10_49,6,860,860,860,860,860,0,0,0,0,0,OK
33037012_10_49,7,858,858,858,858,858,0,0,0,0,0,OK
33044029_10_49,all,6618,6618,6618,6618,6618,0,0,0,0,0,OK
33044029_10_49,1,950,950,950,950,950,0,0,0,0,0,OK
33044029_10_49,2,947,947,947,947,947,0,0,0,0,0,OK
33044029_10_49,3,946,946,946,946,946,0,0,0,0,0,OK
33044029_10_49,4,945,945,945,945,945,0,0,0,0,0,OK
33044029_10_49,5,944,944,944,944,944,0,0,0,0,0,OK
33044029_10_49,6,943,943,943,943,943,0,0,0,0,0,OK
33044029_10_49,7,943,943,943,943,943,0,0,0,0,0,OK
33044030_10_49,all,6036,6036,6036,6036,6036,0,0,0,0,0,OK
33044030_10_49,1,867,867,867,867,867,0,0,0,0,0,OK
33044030_10_49,2,863,863,863,863,863,0,0,0,0,0,OK
33044030_10_49,3,864,864,864,864,864,0,0,0,0,0,OK
33044030_10_49,4,865,865,865,865,865,0,0,0,0,0,OK
33044030_10_49,5,863,863,863,863,863,0,0,0,0,0,OK
33044030_10_49,6,858,858,858,858,858,0,0,0,0,0,OK
33044030_10_49,7,856,856,856,856,856,0,0,0,0,0,OK
33044032_10_49,all,6879,6879,6879,6879,6879,0,0,0,0,0,OK
33044032_10_49,1,989,989,989,989,989,0,0,0,0,0,OK
33044032_10_49,2,987,987,987,987,987,0,0,0,0,0,OK
33044032_10_49,3,985,985,985,985,985,0,0,0,0,0,OK
33044032_10_49,4,982,982,982,982,982,0,0,0,0,0,OK
33044032_10_49,5,981,981,981,981,981,0,0,0,0,0,OK
33044032_10_49,6,978,978,978,978,978,0,0,0,0,0,OK
33044032_10_49,7,977,977,977,977,977,0,0,0,0,0,OK
33044033_10_49,all,6506,6506,6506,6506,6506,0,0,0,0,0,OK
33044033_10_49,1,933,933,933,933,933,0,0,0,0,0,OK
33044033_10_49,2,931,931,931,931,931,0,0,0,0,0,OK
33044033_10_49,3,929,929,929,929,929,0,0,0,0,0,OK
33044033_10_49,4,927,927,927,927,927,0,0,0,0,0,OK
33044033_10_49,5,928,928,928,928,928,0,0,0,0,0,OK
33044033_10_49,6,929,929,929,929,929,0,0,0,0,0,OK
33044033_10_49,7,929,929,929,929,929,0,0,0,0,0,OK
33060003_10_49,all,6137,6137,6137,6137,6137,0,0,0,0,0,OK
33060003_10_49,1,885,885,885,885,885,0,0,0,0,0,OK
33060003_10_49,2,882,882,882,882,882,0,0,0,0,0,OK
33060003_10_49,3,879,879,879,879,879,0,0,0,0,0,OK
33060003_10_49,4,876,876,876,876,876,0,0,0,0,0,OK
33060003_10_49,5,874,874,874,874,874,0,0,0,0,0,OK
33060003_10_49,6,871,871,871,871,871,0,0,0,0,0,OK
33060003_10_49,7,870,870,870,870,870,0,0,0,0,0,OK
33066004_10_49,all,6580,6580,6580,6580,6580,0,0,0,0,0,OK
33066004_10_49,1,944,944,944,944,944,0,0,0,0,0,OK
33066004_10_49,2,940,940,940,940,940,0,0,0,0,0,OK
33066004_10_49,3,939,939,939,939,939,0,0,0,0,0,OK
33066004_10_49,4,939,939,939,939,939,0,0,0,0,0,OK
33066004_10_49,5,939,939,939,939,939,0,0,0,0,0,OK
33066004_10_49,6,940,940,940,940,940,0,0,0,0,0,OK
33066004_10_49,7,939,939,939,939,939,0,0,0,0,0,OK
34023003_10_49,all,6099,6099,6099,6099,6099,0,0,0,0,0,OK
34023003_10_49,1,880,880,880,880,880,0,0,0,0,0,OK
34023003_10_49,2,877,877,877,877,877,0,0,0,0,0,OK
34023003_10_49,3,874,874,874,874,874,0,0,0,0,0,OK
34023003_10_49,4,871,871,871,871,871,0,0,0,0,0,OK
34023003_10_49,5,868,868,868,868,868,0,0,0,0,0,OK
34023003_10_49,6,865,865,865,865,865,0,0,0,0,0,OK
34023003_10_49,7,864,864,864,864,864,0,0,0,0,0,OK
34080004_10_49,all,7231,7231,7231,7231,7231,0,0,0,0,0,OK
34080004_10_49,1,1036,1036,1036,1036,1036,0,0,0,0,0,OK
34080004_10_49,2,1035,1035,1035,1035,1035,0,0,0,0,0,OK
34080004_10_49,3,1034,1034,1034,1034,1034,0,0,0,0,0,OK
34080004_10_49,4,1033,1033,1033,1033,1033,0,0,0,0,0,OK
34080004_10_49,5,1032,1032,1032,1032,1032,0,0,0,0,0,OK
34080004_10_49,6,1031,1031,1031,1031,1031,0,0,0,0,0,OK
34080004_10_49,7,1030,1030,1030,1030,1030,0,0,0,0,0,OK
34120008_10_49,all,7476,7476,7476,7476,7476,0,0,0,0,0,OK
34120008_10_49,1,1071,1071,1071,1071,1071,0,0,0,0,0,OK
34120008_10_49,2,1070,1070,1070,1070,1070,0,0,0,0,0,OK
34120008_10_49,3,1069,1069,1069,1069,1069,0,0,0,0,0,OK
34120008_10_49,4,1068,1068,1068,1068,1068,0,0,0,0,0,OK
34120008_10_49,5,1067,1067,1067,1067,1067,0,0,0,0,0,OK
34120008_10_49,6,1066,1066,1066,1066,1066,0,0,0,0,0,OK
34120008_10_49,7,1065,1065,1065,1065,1065,0,0,0,0,0,OK
35002001_10_A,all,5733,5733,5733,5733,5733,0,0,0,0,0,OK
35002001_10_A,1,835,835,835,835,835,0,0,0,0,0,OK
35002001_10_A,2,827,827,827,827,827,0,0,0,0,0,OK
35002001_10_A,3,821,821,821,821,821,0,0,0,0,0,OK
35002001_10_A,4,817,817,817,817,817,0,0,0,0,0,OK
35002001_10_A,5,813,813,813,813,813,0,0,0,0,0,OK
35002001_10_A,6,811,811,811,811,811,0,0,0,0,0,OK
35002001_10_A,7,809,809,809,809,809,0,0,0,0,0,OK
35004001_10_49,all,6964,6964,6964,6964,6964,0,0,0,0,0,OK
35004001_10_49,1,1002,1002,1002,1002,1002,0,0,0,0,0,OK
35004001_10_49,2,998,998,998,998,998,0,0,0,0,0,OK
35004001_10_49,3,995,995,995,995,995,0,0,0,0,0,OK
35004001_10_49,4,994,994,994,994,994,0,0,0,0,0,OK
35004001_10_49,5,993,993,993,993,993,0,0,0,0,0,OK
35004001_10_49,6,992,992,992,992,992,0,0,0,0,0,OK
35004001_10_49,7,990,990,990,990,990,0,0,0,0,0,OK
35006001_10_49,all,3859,3859,3859,3859,3859,0,0,0,0,0,OK
35006001_10_49,1,565,565,565,565,565,0,0,0,0,0,OK
35006001_10_49,2,560,560,560,560,560,0,0,0,0,0,OK
35006001_10_49,3,555,555,555,555,555,0,0,0,0,0,OK
35006001_10_49,4,551,551,551,551,551,0,0,0,0,0,OK
35006001_10_49,5,546,546,546,546,546,0,0,0,0,0,OK
35006001_10_49,6,543,543,543,543,543,0,0,0,0,0,OK
35006001_10_49,7,539,539,539,539,539,0,0,0,0,0,OK
35016010_10_49,all,6807,6807,6807,6807,6807,0,0,0,0,0,OK
35016010_10_49,1,979,979,979,979,979,0,0,0,0,0,OK
35016010_10_49,2,975,975,975,975,975,0,0,0,0,0,OK
35016010_10_49,3,972,972,972,972,972,0,0,0,0,0,OK
35016010_10_49,4,971,971,971,971,971,0,0,0,0,0,OK
35016010_10_49,5,971,971,971,971,971,0,0,0,0,0,OK
35016010_10_49,6,970,970,970,970,970,0,0,0,0,0,OK
35016010_10_49,7,969,969,969,969,969,0,0,0,0,0,OK
35016012_10_49,all,4380,4380,4380,4380,4380,0,0,0,0,0,OK
35016012_10_49,1,636,636,636,636,636,0,0,0,0,0,OK
35016012_10_49,2,633,633,633,633,633,0,0,0,0,0,OK
35016012_10_49,3,629,629,629,629,629,0,0,0,0,0,OK
35016012_10_49,4,625,625,625,625,625,0,0,0,0,0,OK
35016012_10_49,5,624,624,624,624,624,0,0,0,0,0,OK
35016012_10_49,6,618,618,618,618,618,0,0,0,0,0,OK
35016012_10_49,7,615,615,615,615,615,0,0,0,0,0,OK
35017001_10_47,all,5834,5834,5834,5834,5834,0,0,0,0,0,OK
35017001_10_47,1,844,844,844,844,844,0,0,0,0,0,OK
35017001_10_47,2,840,840,840,840,840,0,0,0,0,0,OK
35017001_10_47,3,835,835,835,835,835,0,0,0,0,0,OK
35017001_10_47,4,832,832,832,832,832,0,0,0,0,0,OK
35017001_10_47,5,829,829,829,829,829,0,0,0,0,0,OK
35017001_10_47,6,828,828,828,828,828,0,0,0,0,0,OK
35017001_10_47,7,826,826,826,826,826,0,0,0,0,0,OK
35017002_10_47,all,6770,6770,6770,6770,6770,0,0,0,0,0,OK
35017002_10_47,1,979,979,979,979,979,0,0,0,0,0,OK
35017002_10_47,2,973,973,973,973,973,0,0,0,0,0,OK
35017002_10_47,3,967,967,967,967,967,0,0,0,0,0,OK
35017002_10_47,4,964,964,964,964,964,0,0,0,0,0,OK
35017002_10_47,5,963,963,963,963,963,0,0,0,0,0,OK
35017002_10_47,6,962,962,962,962,962,0,0,0,0,0,OK
35017002_10_47,7,962,962,962,962,962,0,0,0,0,0,OK
35017003_10_49,all,4325,4325,4325,4325,4325,0,0,0,0,0,OK
35017003_10_49,1,625,625,625,625,625,0,0,0,0,0,OK
35017003_10_49,2,621,621,621,621,621,0,0,0,0,0,OK
35017003_10_49,3,620,620,620,620,620,0,0,0,0,0,OK
35017003_10_49,4,618,618,618,618,618,0,0,0,0,0,OK
35017003_10_49,5,615,615,615,615,615,0,0,0,0,0,OK
35017003_10_49,6,613,613,613,613,613,0,0,0,0,0,OK
35017003_10_49,7,613,613,613,613,613,0,0,0,0,0,OK
35017004_10_49,all,5372,5372,5372,5372,5372,0,0,0,0,0,OK
35017004_10_49,1,778,778,778,778,778,0,0,0,0,0,OK
35017004_10_49,2,772,772,772,772,772,0,0,0,0,0,OK
35017004_10_49,3,767,767,767,767,767,0,0,0,0,0,OK
35017004_10_49,4,765,765,765,765,765,0,0,0,0,0,OK
35017004_10_49,5,764,764,764,764,764,0,0,0,0,0,OK
35017004_10_49,6,763,763,763,763,763,0,0,0,0,0,OK
35017004_10_49,7,763,763,763,763,763,0,0,0,0,0,OK
35017005_10_49,all,5260,5260,5260,5260,5260,0,0,0,0,0,OK
35017005_10_49,1,763,763,763,763,763,0,0,0,0,0,OK
35017005_10_49,2,758,758,758,758,758,0,0,0,0,0,OK
35017005_10_49,3,751,751,751,751,751,0,0,0,0,0,OK
35017005_10_49,4,749,749,749,749,749,0,0,0,0,0,OK
35017005_10_49,5,746,746,746,746,746,0,0,0,0,0,OK
35017005_10_49,6,745,745,745,745,745,0,0,0,0,0,OK
35017005_10_49,7,748,748,748,748,748,0,0,0,0,0,OK
35019001_10_A,all,5897,5897,5897,5897,5897,0,0,0,0,0,OK
35019001_10_A,1,861,861,861,861,861,0,0,0,0,0,OK
35019001_10_A,2,851,851,851,851,851,0,0,0,0,0,OK
35019001_10_A,3,843,843,843,843,843,0,0,0,0,0,OK
35019001_10_A,4,840,840,840,840,840,0,0,0,0,0,OK
35019001_10_A,5,836,836,836,836,836,0,0,0,0,0,OK
35019001_10_A,6,834,834,834,834,834,0,0,0,0,0,OK
35019001_10_A,7,832,832,832,832,832,0,0,0,0,0,OK
35019004_10_47,all,6319,6319,6319,6319,6319,0,0,0,0,0,OK
35019004_10_47,1,912,912,912,912,912,0,0,0,0,0,OK
35019004_10_47,2,908,908,908,908,908,0,0,0,0,0,OK
35019004_10_47,3,904,904,904,904,904,0,0,0,0,0,OK
35019004_10_47,4,901,901,901,901,901,0,0,0,0,0,OK
35019004_10_47,5,899,899,899,899,899,0,0,0,0,0,OK
35019004_10_47,6,898,898,898,898,898,0,0,0,0,0,OK
35019004_10_47,7,897,897,897,897,897,0,0,0,0,0,OK
35022003_10_49,all,3509,3509,3509,3509,3509,0,0,0,0,0,OK
35022003_10_49,1,513,513,513,513,513,0,0,0,0,0,OK
35022003_10_49,2,510,510,510,510,510,0,0,0,0,0,OK
35022003_10_49,3,506,506,506,506,506,0,0,0,0,0,OK
35022003_10_49,4,499,499,499,499,499,0,0,0,0,0,OK
35022003_10_49,5,496,496,496,496,496,0,0,0,0,0,OK
35022003_10_49,6,493,493,493,493,493,0,0,0,0,0,OK
35022003_10_49,7,492,492,492,492,492,0,0,0,0,0,OK
35024001_10_49,all,6363,6363,6363,6363,6363,0,0,0,0,0,OK
35024001_10_49,1,918,918,918,918,918,0,0,0,0,0,OK
35024001_10_49,2,914,914,914,914,914,0,0,0,0,0,OK
35024001_10_49,3,910,910,910,910,910,0,0,0,0,0,OK
35024001_10_49,4,908,908,908,908,908,0,0,0,0,0,OK
35024001_10_49,5,906,906,906,906,906,0,0,0,0,0,OK
35024001_10_49,6,905,905,905,905,905,0,0,0,0,0,OK
35024001_10_49,7,902,902,902,902,902,0,0,0,0,0,OK
35024002_10_49,all,6560,6560,6560,6560,6560,0,0,0,0,0,OK
35024002_10_49,1,945,945,945,945,945,0,0,0,0,0,OK
35024002_10_49,2,941,941,941,941,941,0,0,0,0,0,OK
35024002_10_49,3,937,937,937,937,937,0,0,0,0,0,OK
35024002_10_49,4,936,936,936,936,936,0,0,0,0,0,OK
35024002_10_49,5,935,935,935,935,935,0,0,0,0,0,OK
35024002_10_49,6,934,934,934,934,934,0,0,0,0,0,OK
35024002_10_49,7,932,932,932,932,932,0,0,0,0,0,OK
35026001_10_49,all,7131,7131,7131,7131,7131,0,0,0,0,0,OK
35026001_10_49,1,1027,1027,1027,1027,1027,0,0,0,0,0,OK
35026001_10_49,2,1023,1023,1023,1023,1023,0,0,0,0,0,OK
35026001_10_49,3,1019,1019,1019,1019,1019,0,0,0,0,0,OK
35026001_10_49,4,1017,1017,1017,1017,1017,0,0,0,0,0,OK
35026001_10_49,5,1016,1016,1016,1016,1016,0,0,0,0,0,OK
35026001_10_49,6,1015,1015,1015,1015,1015,0,0,0,0,0,OK
35026001_10_49,7,1014,1014,1014,1014,1014,0,0,0,0,0,OK
35026003_10_49,all,3904,3904,3904,3904,3904,0,0,0,0,0,OK
35026003_10_49,1,572,572,572,572,572,0,0,0,0,0,OK
35026003_10_49,2,567,567,567,567,567,0,0,0,0,0,OK
35026003_10_49,3,560,560,560,560,560,0,0,0,0,0,OK
35026003_10_49,4,556,556,556,556,556,0,0,0,0,0,OK
35026003_10_49,5,554,554,554,554,554,0,0,0,0,0,OK
35026003_10_49,6,550,550,550,550,550,0,0,0,0,0,OK
35026003_10_49,7,545,545,545,545,545,0,0,0,0,0,OK
35026004_10_49,all,6389,6389,6389,6389,6389,0,0,0,0,0,OK
35026004_10_49,1,924,924,924,924,924,0,0,0,0,0,OK
35026004_10_49,2,919,919,919,919,919,0,0,0,0,0,OK
35026004_10_49,3,914,914,914,914,914,0,0,0,0,0,OK
35026004_10_49,4,910,910,910,910,910,0,0,0,0,0,OK
35026004_10_49,5,907,907,907,907,907,0,0,0,0,0,OK
35026004_10_49,6,908,908,908,908,908,0,0,0,0,0,OK
35026004_10_49,7,907,907,907,907,907,0,0,0,0,0,OK
36024001_10_49,all,6229,6229,6229,6229,6229,0,0,0,0,0,OK
36024001_10_49,1,893,893,893,893,893,0,0,0,0,0,OK
36024001_10_49,2,890,890,890,890,890,0,0,0,0,0,OK
36024001_10_49,3,891,891,891,891,891,0,0,0,0,0,OK
36024001_10_49,4,889,889,889,889,889,0,0,0,0,0,OK
36024001_10_49,5,889,889,889,889,889,0,0,0,0,0,OK
36024001_10_49,6,888,888,888,888,888,0,0,0,0,0,OK
36024001_10_49,7,889,889,889,889,889,0,0,0,0,0,OK
36038008_10_49,all,7127,7127,7127,7127,7127,0,0,0,0,0,OK
36038008_10_49,1,1022,1022,1022,1022,1022,0,0,0,0,0,OK
36038008_10_49,2,1020,1020,1020,1020,1020,0,0,0,0,0,OK
36038008_10_49,3,1019,1019,1019,1019,1019,0,0,0,0,0,OK
36038008_10_49,4,1018,1018,1018,1018,1018,0,0,0,0,0,OK
36038008_10_49,5,1017,1017,1017,1017,1017,0,0,0,0,0,OK
36038008_10_49,6,1016,1016,1016,1016,1016,0,0,0,0,0,OK
36038008_10_49,7,1015,1015,1015,1015,1015,0,0,0,0,0,OK
36038010_10_49,all,6346,6346,6346,6346,6346,0,0,0,0,0,OK
36038010_10_49,1,915,915,915,915,915,0,0,0,0,0,OK
36038010_10_49,2,911,911,911,911,911,0,0,0,0,0,OK
36038010_10_49,3,905,905,905,905,905,0,0,0,0,0,OK
36038010_10_49,4,904,904,904,904,904,0,0,0,0,0,OK
36038010_10_49,5,903,903,903,903,903,0,0,0,0,0,OK
36038010_10_49,6,906,906,906,906,906,0,0,0,0,0,OK
36038010_10_49,7,902,902,902,902,902,0,0,0,0,0,OK
36041001_10_47,all,6982,6982,6982,6982,6982,0,0,0,0,0,OK
36041001_10_47,1,1004,1004,1004,1004,1004,0,0,0,0,0,OK
36041001_10_47,2,1001,1001,1001,1001,1001,0,0,0,0,0,OK
36041001_10_47,3,999,999,999,999,999,0,0,0,0,0,OK
36041001_10_47,4,997,997,997,997,997,0,0,0,0,0,OK
36041001_10_47,5,995,995,995,995,995,0,0,0,0,0,OK
36041001_10_47,6,994,994,994,994,994,0,0,0,0,0,OK
36041001_10_47,7,992,992,992,992,992,0,0,0,0,0,OK
36057019_10_49,all,6552,6552,6552,6552,6552,0,0,0,0,0,OK
36057019_10_49,1,938,938,938,938,938,0,0,0,0,0,OK
36057019_10_49,2,939,939,939,939,939,0,0,0,0,0,OK
36057019_10_49,3,939,939,939,939,939,0,0,0,0,0,OK
36057019_10_49,4,937,937,937,937,937,0,0,0,0,0,OK
36057019_10_49,5,933,933,933,933,933,0,0,0,0,0,OK
36057019_10_49,6,932,932,932,932,932,0,0,0,0,0,OK
36057019_10_49,7,934,934,934,934,934,0,0,0,0,0,OK
36057022_10_47,all,6882,6882,6882,6882,6882,0,0,0,0,0,OK
36057022_10_47,1,990,990,990,990,990,0,0,0,0,0,OK
36057022_10_47,2,986,986,986,986,986,0,0,0,0,0,OK
36057022_10_47,3,983,983,983,983,983,0,0,0,0,0,OK
36057022_10_47,4,982,982,982,982,982,0,0,0,0,0,OK
36057022_10_47,5,981,981,981,981,981,0,0,0,0,0,OK
36057022_10_47,6,981,981,981,981,981,0,0,0,0,0,OK
36057022_10_47,7,979,979,979,979,979,0,0,0,0,0,OK
36057026_10_49,all,6049,6049,6049,6049,6049,0,0,0,0,0,OK
36057026_10_49,1,867,867,867,867,867,0,0,0,0,0,OK
36057026_10_49,2,866,866,866,866,866,0,0,0,0,0,OK
36057026_10_49,3,865,865,865,865,865,0,0,0,0,0,OK
36057026_10_49,4,864,864,864,864,864,0,0,0,0,0,OK
36057026_10_49,5,863,863,863,863,863,0,0,0,0,0,OK
36057026_10_49,6,863,863,863,863,863,0,0,0,0,0,OK
36057026_10_49,7,861,861,861,861,861,0,0,0,0,0,OK
37274010_10_49,all,7462,7462,7462,7462,7462,0,0,0,0,0,OK
37274010_10_49,1,1069,1069,1069,1069,1069,0,0,0,0,0,OK
37274010_10_49,2,1068,1068,1068,1068,1068,0,0,0,0,0,OK
37274010_10_49,3,1067,1067,1067,1067,1067,0,0,0,0,0,OK
37274010_10_49,4,1066,1066,1066,1066,1066,0,0,0,0,0,OK
37274010_10_49,5,1065,1065,1065,1065,1065,0,0,0,0,0,OK
37274010_10_49,6,1064,1064,1064,1064,1064,0,0,0,0,0,OK
37274010_10_49,7,1063,1063,1063,1063,1063,0,0,0,0,0,OK
37274011_10_49,all,7249,7249,7249,7249,7249,0,0,0,0,0,OK
37274011_10_49,1,1040,1040,1040,1040,1040,0,0,0,0,0,OK
37274011_10_49,2,1038,1038,1038,1038,1038,0,0,0,0,0,OK
37274011_10_49,3,1037,1037,1037,1037,1037,0,0,0,0,0,OK
37274011_10_49,4,1035,1035,1035,1035,1035,0,0,0,0,0,OK
37274011_10_49,5,1034,1034,1034,1034,1034,0,0,0,0,0,OK
37274011_10_49,6,1033,1033,1033,1033,1033,0,0,0,0,0,OK
37274011_10_49,7,1032,1032,1032,1032,1032,0,0,0,0,0,OK
38004001_10_49,all,5109,5109,5109,5109,5109,0,0,0,0,0,OK
38004001_10_49,1,735,735,735,735,735,0,0,0,0,0,OK
38004001_10_49,2,734,734,734,734,734,0,0,0,0,0,OK
38004001_10_49,3,731,731,731,731,731,0,0,0,0,0,OK
38004001_10_49,4,728,728,728,728,728,0,0,0,0,0,OK
38004001_10_49,5,728,728,728,728,728,0,0,0,0,0,OK
38004001_10_49,6,727,727,727,727,727,0,0,0,0,0,OK
38004001_10_49,7,726,726,726,726,726,0,0,0,0,0,OK
38005001_10_46,all,5952,5952,5952,5952,5952,0,0,0,0,0,OK
38005001_10_46,1,859,859,859,859,859,0,0,0,0,0,OK
38005001_10_46,2,855,855,855,855,855,0,0,0,0,0,OK
38005001_10_46,3,851,851,851,851,851,0,0,0,0,0,OK
38005001_10_46,4,851,851,851,851,851,0,0,0,0,0,OK
38005001_10_46,5,847,847,847,847,847,0,0,0,0,0,OK
38005001_10_46,6,846,846,846,846,846,0,0,0,0,0,OK
38005001_10_46,7,843,843,843,843,843,0,0,0,0,0,OK
38006001_10_46,all,6757,6757,6757,6757,6757,0,0,0,0,0,OK
38006001_10_46,1,974,974,974,974,974,0,0,0,0,0,OK
38006001_10_46,2,969,969,969,969,969,0,0,0,0,0,OK
38006001_10_46,3,966,966,966,966,966,0,0,0,0,0,OK
38006001_10_46,4,965,965,965,965,965,0,0,0,0,0,OK
38006001_10_46,5,963,963,963,963,963,0,0,0,0,0,OK
38006001_10_46,6,961,961,961,961,961,0,0,0,0,0,OK
38006001_10_46,7,959,959,959,959,959,0,0,0,0,0,OK
38006002_10_46,all,4287,4287,4287,4287,4287,0,0,0,0,0,OK
38006002_10_46,1,621,621,621,621,621,0,0,0,0,0,OK
38006002_10_46,2,616,616,616,616,616,0,0,0,0,0,OK
38006002_10_46,3,612,612,612,612,612,0,0,0,0,0,OK
38006002_10_46,4,612,612,612,612,612,0,0,0,0,0,OK
38006002_10_46,5,611,611,611,611,611,0,0,0,0,0,OK
38006002_10_46,6,609,609,609,609,609,0,0,0,0,0,OK
38006002_10_46,7,606,606,606,606,606,0,0,0,0,0,OK
38006003_10_46,all,6655,6655,6655,6655,6655,0,0,0,0,0,OK
38006003_10_46,1,959,959,959,959,959,0,0,0,0,0,OK
38006003_10_46,2,955,955,955,955,955,0,0,0,0,0,OK
38006003_10_46,3,952,952,952,952,952,0,0,0,0,0,OK
38006003_10_46,4,950,950,950,950,950,0,0,0,0,0,OK
38006003_10_46,5,948,948,948,948,948,0,0,0,0,0,OK
38006003_10_46,6,946,946,946,946,946,0,0,0,0,0,OK
38006003_10_46,7,945,945,945,945,945,0,0,0,0,0,OK
38008001_10_49,all,6102,6102,6102,6102,6102,0,0,0,0,0,OK
38008001_10_49,1,882,882,882,882,882,0,0,0,0,0,OK
38008001_10_49,2,877,877,877,877,877,0,0,0,0,0,OK
38008001_10_49,3,872,872,872,872,872,0,0,0,0,0,OK
38008001_10_49,4,869,869,869,869,869,0,0,0,0,0,OK
38008001_10_49,5,867,867,867,867,867,0,0,0,0,0,OK
38008001_10_49,6,867,867,867,867,867,0,0,0,0,0,OK
38008001_10_49,7,868,868,868,868,868,0,0,0,0,0,OK
38011004_10_49,all,6145,6145,6145,6145,6145,0,0,0,0,0,OK
38011004_10_49,1,883,883,883,883,883,0,0,0,0,0,OK
38011004_10_49,2,879,879,879,879,879,0,0,0,0,0,OK
38011004_10_49,3,878,878,878,878,878,0,0,0,0,0,OK
38011004_10_49,4,877,877,877,877,877,0,0,0,0,0,OK
38011004_10_49,5,874,874,874,874,874,0,0,0,0,0,OK
38011004_10_49,6,876,876,876,876,876,0,0,0,0,0,OK
38011004_10_49,7,878,878,878,878,878,0,0,0,0,0,OK
38011005_10_49,all,6685,6685,6685,6685,6685,0,0,0,0,0,OK
38011005_10_49,1,960,960,960,960,960,0,0,0,0,0,OK
38011005_10_49,2,956,956,956,956,956,0,0,0,0,0,OK
38011005_10_49,3,954,954,954,954,954,0,0,0,0,0,OK
38011005_10_49,4,955,955,955,955,955,0,0,0,0,0,OK
38011005_10_49,5,953,953,953,953,953,0,0,0,0,0,OK
38011005_10_49,6,953,953,953,953,953,0,0,0,0,0,OK
38011005_10_49,7,954,954,954,954,954,0,0,0,0,0,OK
38011006_10_A,all,6421,6421,6421,6421,6421,0,0,0,0,0,OK
38011006_10_A,1,927,927,927,927,927,0,0,0,0,0,OK
38011006_10_A,2,922,922,922,922,922,0,0,0,0,0,OK
38011006_10_A,3,918,918,918,918,918,0,0,0,0,0,OK
38011006_10_A,4,917,917,917,917,917,0,0,0,0,0,OK
38011006_10_A,5,913,913,913,913,913,0,0,0,0,0,OK
38011006_10_A,6,912,912,912,912,912,0,0,0,0,0,OK
38011006_10_A,7,912,912,912,912,912,0,0,0,0,0,OK
38011007_10_49,all,6361,6361,6361,6361,6361,0,0,0,0,0,OK
38011007_10_49,1,917,917,917,917,917,0,0,0,0,0,OK
38011007_10_49,2,912,912,912,912,912,0,0,0,0,0,OK
38011007_10_49,3,909,909,909,909,909,0,0,0,0,0,OK
38011007_10_49,4,907,907,907,907,907,0,0,0,0,0,OK
38011007_10_49,5,907,907,907,907,907,0,0,0,0,0,OK
38011007_10_49,6,906,906,906,906,906,0,0,0,0,0,OK
38011007_10_49,7,903,903,903,903,903,0,0,0,0,0,OK
38017001_10_46,all,6588,6588,6588,6588,6588,0,0,0,0,0,OK
38017001_10_46,1,950,950,950,950,950,0,0,0,0,0,OK
38017001_10_46,2,946,946,946,946,946,0,0,0,0,0,OK
38017001_10_46,3,941,941,941,941,941,0,0,0,0,0,OK
38017001_10_46,4,940,940,940,940,940,0,0,0,0,0,OK
38017001_10_46,5,938,938,938,938,938,0,0,0,0,0,OK
38017001_10_46,6,937,937,937,937,937,0,0,0,0,0,OK
38017001_10_46,7,936,936,936,936,936,0,0,0,0,0,OK
38017002_10_46,all,7186,7186,7186,7186,7186,0,0,0,0,0,OK
38017002_10_46,1,1033,1033,1033,1033,1033,0,0,0,0,0,OK
38017002_10_46,2,1029,1029,1029,1029,1029,0,0,0,0,0,OK
38017002_10_46,3,1027,1027,1027,1027,1027,0,0,0,0,0,OK
38017002_10_46,4,1026,1026,1026,1026,1026,0,0,0,0,0,OK
38017002_10_46,5,1025,1025,1025,1025,1025,0,0,0,0,0,OK
38017002_10_46,6,1024,1024,1024,1024,1024,0,0,0,0,0,OK
38017002_10_46,7,1022,1022,1022,1022,1022,0,0,0,0,0,OK
38017003_10_46,all,6640,6640,6640,6640,6640,0,0,0,0,0,OK
38017003_10_46,1,954,954,954,954,954,0,0,0,0,0,OK
38017003_10_46,2,951,951,951,951,951,0,0,0,0,0,OK
38017003_10_46,3,949,949,949,949,949,0,0,0,0,0,OK
38017003_10_46,4,948,948,948,948,948,0,0,0,0,0,OK
38017003_10_46,5,947,947,947,947,947,0,0,0,0,0,OK
38017003_10_46,6,946,946,946,946,946,0,0,0,0,0,OK
38017003_10_46,7,945,945,945,945,945,0,0,0,0,0,OK
38033001_10_49,all,3381,3381,3381,3381,3381,0,0,0,0,0,OK
38033001_10_49,1,492,492,492,492,492,0,0,0,0,0,OK
38033001_10_49,2,489,489,489,489,489,0,0,0,0,0,OK
38033001_10_49,3,485,485,485,485,485,0,0,0,0,0,OK
38033001_10_49,4,481,481,481,481,481,0,0,0,0,0,OK
38033001_10_49,5,480,480,480,480,480,0,0,0,0,0,OK
38033001_10_49,6,478,478,478,478,478,0,0,0,0,0,OK
38033001_10_49,7,476,476,476,476,476,0,0,0,0,0,OK
38036001_10_49,all,4602,4602,4602,4602,4602,0,0,0,0,0,OK
38036001_10_49,1,671,671,671,671,671,0,0,0,0,0,OK
38036001_10_49,2,662,662,662,662,662,0,0,0,0,0,OK
38036001_10_49,3,657,657,657,657,657,0,0,0,0,0,OK
38036001_10_49,4,655,655,655,655,655,0,0,0,0,0,OK
38036001_10_49,5,653,653,653,653,653,0,0,0,0,0,OK
38036001_10_49,6,652,652,652,652,652,0,0,0,0,0,OK
38036001_10_49,7,652,652,652,652,652,0,0,0,0,0,OK
38036002_10_49,all,6846,6846,6846,6846,6846,0,0,0,0,0,OK
38036002_10_49,1,982,982,982,982,982,0,0,0,0,0,OK
38036002_10_49,2,980,980,980,980,980,0,0,0,0,0,OK
38036002_10_49,3,979,979,979,979,979,0,0,0,0,0,OK
38036002_10_49,4,978,978,978,978,978,0,0,0,0,0,OK
38036002_10_49,5,977,977,977,977,977,0,0,0,0,0,OK
38036002_10_49,6,976,976,976,976,976,0,0,0,0,0,OK
38036002_10_49,7,974,974,974,974,974,0,0,0,0,0,OK
38037001_10_49,all,6294,6294,6294,6294,6294,0,0,0,0,0,OK
38037001_10_49,1,905,905,905,905,905,0,0,0,0,0,OK
38037001_10_49,2,900,900,900,900,900,0,0,0,0,0,OK
38037001_10_49,3,898,898,898,898,898,0,0,0,0,0,OK
38037001_10_49,4,899,899,899,899,899,0,0,0,0,0,OK
38037001_10_49,5,898,898,898,898,898,0,0,0,0,0,OK
38037001_10_49,6,898,898,898,898,898,0,0,0,0,0,OK
38037001_10_49,7,896,896,896,896,896,0,0,0,0,0,OK
38038012_10_46,all,5719,5719,5719,5719,5719,0,0,0,0,0,OK
38038012_10_46,1,827,827,827,827,827,0,0,0,0,0,OK
38038012_10_46,2,824,824,824,824,824,0,0,0,0,0,OK
38038012_10_46,3,820,820,820,820,820,0,0,0,0,0,OK
38038012_10_46,4,818,818,818,818,818,0,0,0,0,0,OK
38038012_10_46,5,811,811,811,811,811,0,0,0,0,0,OK
38038012_10_46,6,810,810,810,810,810,0,0,0,0,0,OK
38038012_10_46,7,809,809,809,809,809,0,0,0,0,0,OK
38038021_10_49,all,5751,5751,5751,5751,5751,0,0,0,0,0,OK
38038021_10_49,1,826,826,826,826,826,0,0,0,0,0,OK
38038021_10_49,2,824,824,824,824,824,0,0,0,0,0,OK
38038021_10_49,3,823,823,823,823,823,0,0,0,0,0,OK
38038021_10_49,4,819,819,819,819,819,0,0,0,0,0,OK
38038021_10_49,5,819,819,819,819,819,0,0,0,0,0,OK
38038021_10_49,6,821,821,821,821,821,0,0,0,0,0,OK
38038021_10_49,7,819,819,819,819,819,0,0,0,0,0,OK
38038022_10_46,all,5007,5007,5007,5007,5007,0,0,0,0,0,OK
38038022_10_46,1,724,724,724,724,724,0,0,0,0,0,OK
38038022_10_46,2,720,720,720,720,720,0,0,0,0,0,OK
38038022_10_46,3,715,715,715,715,715,0,0,0,0,0,OK
38038022_10_46,4,713,713,713,713,713,0,0,0,0,0,OK
38038022_10_46,5,713,713,713,713,713,0,0,0,0,0,OK
38038022_10_46,6,711,711,711,711,711,0,0,0,0,0,OK
38038022_10_46,7,711,711,711,711,711,0,0,0,0,0,OK
38038023_10_49,all,5351,5351,5351,5351,5351,0,0,0,0,0,OK
38038023_10_49,1,774,774,774,774,774,0,0,0,0,0,OK
38038023_10_49,2,770,770,770,770,770,0,0,0,0,0,OK
38038023_10_49,3,764,764,764,764,764,0,0,0,0,0,OK
38038023_10_49,4,759,759,759,759,759,0,0,0,0,0,OK
38038023_10_49,5,760,760,760,760,760,0,0,0,0,0,OK
38038023_10_49,6,762,762,762,762,762,0,0,0,0,0,OK
38038023_10_49,7,762,762,762,762,762,0,0,0,0,0,OK
38038025_10_46,all,5875,5875,5875,5875,5875,0,0,0,0,0,OK
38038025_10_46,1,845,845,845,845,845,0,0,0,0,0,OK
38038025_10_46,2,840,840,840,840,840,0,0,0,0,0,OK
38038025_10_46,3,840,840,840,840,840,0,0,0,0,0,OK
38038025_10_46,4,839,839,839,839,839,0,0,0,0,0,OK
38038025_10_46,5,837,837,837,837,837,0,0,0,0,0,OK
38038025_10_46,6,838,838,838,838,838,0,0,0,0,0,OK
38038025_10_46,7,836,836,836,836,836,0,0,0,0,0,OK
38038026_10_46,all,5094,5094,5094,5094,5094,0,0,0,0,0,OK
38038026_10_46,1,736,736,736,736,736,0,0,0,0,0,OK
38038026_10_46,2,731,731,731,731,731,0,0,0,0,0,OK
38038026_10_46,3,728,728,728,728,728,0,0,0,0,0,OK
38038026_10_46,4,727,727,727,727,727,0,0,0,0,0,OK
38038026_10_46,5,725,725,725,725,725,0,0,0,0,0,OK
38038026_10_46,6,725,725,725,725,725,0,0,0,0,0,OK
38038026_10_46,7,722,722,722,722,722,0,0,0,0,0,OK
38038027_10_49,all,4895,4895,4895,4895,4895,0,0,0,0,0,OK
38038027_10_49,1,711,711,711,711,711,0,0,0,0,0,OK
38038027_10_49,2,703,703,703,703,703,0,0,0,0,0,OK
38038027_10_49,3,698,698,698,698,698,0,0,0,0,0,OK
38038027_10_49,4,696,696,696,696,696,0,0,0,0,0,OK
38038027_10_49,5,695,695,695,695,695,0,0,0,0,0,OK
38038027_10_49,6,695,695,695,695,695,0,0,0,0,0,OK
38038027_10_49,7,697,697,697,697,697,0,0,0,0,0,OK
38048001_10_49,all,4223,4223,4223,4223,4223,0,0,0,0,0,OK
38048001_10_49,1,615,615,615,615,615,0,0,0,0,0,OK
38048001_10_49,2,610,610,610,610,610,0,0,0,0,0,OK
38048001_10_49,3,606,606,606,606,606,0,0,0,0,0,OK
38048001_10_49,4,603,603,603,603,603,0,0,0,0,0,OK
38048001_10_49,5,599,599,599,599,599,0,0,0,0,0,OK
38048001_10_49,6,596,596,596,596,596,0,0,0,0,0,OK
38048001_10_49,7,594,594,594,594,594,0,0,0,0,0,OK
39008001_10_49,all,7126,7126,7126,7126,7126,0,0,0,0,0,OK
39008001_10_49,1,1021,1021,1021,1021,1021,0,0,0,0,0,OK
39008001_10_49,2,1020,1020,1020,1020,1020,0,0,0,0,0,OK
39008001_10_49,3,1019,1019,1019,1019,1019,0,0,0,0,0,OK
39008001_10_49,4,1018,1018,1018,1018,1018,0,0,0,0,0,OK
39008001_10_49,5,1017,1017,1017,1017,1017,0,0,0,0,0,OK
39008001_10_49,6,1016,1016,1016,1016,1016,0,0,0,0,0,OK
39008001_10_49,7,1015,1015,1015,1015,1015,0,0,0,0,0,OK
39016003_10_49,all,6387,6387,6387,6387,6387,0,0,0,0,0,OK
39016003_10_49,1,919,919,919,919,919,0,0,0,0,0,OK
39016003_10_49,2,913,913,913,913,913,0,0,0,0,0,OK
39016003_10_49,3,910,910,910,910,910,0,0,0,0,0,OK
39016003_10_49,4,911,911,911,911,911,0,0,0,0,0,OK
39016003_10_49,5,912,912,912,912,912,0,0,0,0,0,OK
39016003_10_49,6,912,912,912,912,912,0,0,0,0,0,OK
39016003_10_49,7,910,910,910,910,910,0,0,0,0,0,OK
39020001_10_49,all,5837,5837,5837,5837,5837,0,0,0,0,0,OK
39020001_10_49,1,837,837,837,837,837,0,0,0,0,0,OK
39020001_10_49,2,833,833,833,833,833,0,0,0,0,0,OK
39020001_10_49,3,833,833,833,833,833,0,0,0,0,0,OK
39020001_10_49,4,835,835,835,835,835,0,0,0,0,0,OK
39020001_10_49,5,835,835,835,835,835,0,0,0,0,0,OK
39020001_10_49,6,833,833,833,833,833,0,0,0,0,0,OK
39020001_10_49,7,831,831,831,831,831,0,0,0,0,0,OK
39025001_10_49,all,5860,5860,5860,5860,5860,0,0,0,0,0,OK
39025001_10_49,1,842,842,842,842,842,0,0,0,0,0,OK
39025001_10_49,2,841,841,841,841,841,0,0,0,0,0,OK
39025001_10_49,3,838,838,838,838,838,0,0,0,0,0,OK
39025001_10_49,4,836,836,836,836,836,0,0,0,0,0,OK
39025001_10_49,5,835,835,835,835,835,0,0,0,0,0,OK
39025001_10_49,6,834,834,834,834,834,0,0,0,0,0,OK
39025001_10_49,7,834,834,834,834,834,0,0,0,0,0,OK
39059001_10_49,all,6719,6719,6719,6719,6719,0,0,0,0,0,OK
39059001_10_49,1,965,965,965,965,965,0,0,0,0,0,OK
39059001_10_49,2,961,961,961,961,961,0,0,0,0,0,OK
39059001_10_49,3,959,959,959,959,959,0,0,0,0,0,OK
39059001_10_49,4,960,960,960,960,960,0,0,0,0,0,OK
39059001_10_49,5,960,960,960,960,960,0,0,0,0,0,OK
39059001_10_49,6,958,958,958,958,958,0,0,0,0,0,OK
39059001_10_49,7,956,956,956,956,956,0,0,0,0,0,OK
39075005_10_49,all,6827,6827,6827,6827,6827,0,0,0,0,0,OK
39075005_10_49,1,979,979,979,979,979,0,0,0,0,0,OK
39075005_10_49,2,977,977,977,977,977,0,0,0,0,0,OK
39075005_10_49,3,976,976,976,976,976,0,0,0,0,0,OK
39075005_10_49,4,974,974,974,974,974,0,0,0,0,0,OK
39075005_10_49,5,973,973,973,973,973,0,0,0,0,0,OK
39075005_10_49,6,974,974,974,974,974,0,0,0,0,0,OK
39075005_10_49,7,974,974,974,974,974,0,0,0,0,0,OK
39075006_10_49,all,6635,6635,6635,6635,6635,0,0,0,0,0,OK
39075006_10_49,1,954,954,954,954,954,0,0,0,0,0,OK
39075006_10_49,2,952,952,952,952,952,0,0,0,0,0,OK
39075006_10_49,3,947,947,947,947,947,0,0,0,0,0,OK
39075006_10_49,4,948,948,948,948,948,0,0,0,0,0,OK
39075006_10_49,5,946,946,946,946,946,0,0,0,0,0,OK
39075006_10_49,6,944,944,944,944,944,0,0,0,0,0,OK
39075006_10_49,7,944,944,944,944,944,0,0,0,0,0,OK
39086001_10_49,all,6425,6425,6425,6425,6425,0,0,0,0,0,OK
39086001_10_49,1,925,925,925,925,925,0,0,0,0,0,OK
39086001_10_49,2,921,921,921,921,921,0,0,0,0,0,OK
39086001_10_49,3,919,919,919,919,919,0,0,0,0,0,OK
39086001_10_49,4,917,917,917,917,917,0,0,0,0,0,OK
39086001_10_49,5,915,915,915,915,915,0,0,0,0,0,OK
39086001_10_49,6,915,915,915,915,915,0,0,0,0,0,OK
39086001_10_49,7,913,913,913,913,913,0,0,0,0,0,OK
39087003_10_49,all,5878,5878,5878,5878,5878,0,0,0,0,0,OK
39087003_10_49,1,846,846,846,846,846,0,0,0,0,0,OK
39087003_10_49,2,843,843,843,843,843,0,0,0,0,0,OK
39087003_10_49,3,842,842,842,842,842,0,0,0,0,0,OK
39087003_10_49,4,840,840,840,840,840,0,0,0,0,0,OK
39087003_10_49,5,837,837,837,837,837,0,0,0,0,0,OK
39087003_10_49,6,836,836,836,836,836,0,0,0,0,0,OK
39087003_10_49,7,834,834,834,834,834,0,0,0,0,0,OK
39087004_10_49,all,6162,6162,6162,6162,6162,0,0,0,0,0,OK
39087004_10_49,1,883,883,883,883,883,0,0,0,0,0,OK
39087004_10_49,2,883,883,883,883,883,0,0,0,0,0,OK
39087004_10_49,3,881,881,881,881,881,0,0,0,0,0,OK
39087004_10_49,4,882,882,882,882,882,0,0,0,0,0,OK
39087004_10_49,5,880,880,880,880,880,0,0,0,0,0,OK
39087004_10_49,6,878,878,878,878,878,0,0,0,0,0,OK
39087004_10_49,7,875,875,875,875,875,0,0,0,0,0,OK
39087005_10_49,all,6869,6869,6869,6869,6869,0,0,0,0,0,OK
39087005_10_49,1,984,984,984,984,984,0,0,0,0,0,OK
39087005_10_49,2,983,983,983,983,983,0,0,0,0,0,OK
39087005_10_49,3,982,982,982,982,982,0,0,0,0,0,OK
39087005_10_49,4,982,982,982,982,982,0,0,0,0,0,OK
39087005_10_49,5,981,981,981,981,981,0,0,0,0,0,OK
39087005_10_49,6,979,979,979,979,979,0,0,0,0,0,OK
39087005_10_49,7,978,978,978,978,978,0,0,0,0,0,OK
40194002_10_49,all,7206,7206,7206,7206,7206,0,0,0,0,0,OK
40194002_10_49,1,1034,1034,1034,1034,1034,0,0,0,0,0,OK
40194002_10_49,2,1032,1032,1032,1032,1032,0,0,0,0,0,OK
40194002_10_49,3,1030,1030,1030,1030,1030,0,0,0,0,0,OK
40194002_10_49,4,1029,1029,1029,1029,1029,0,0,0,0,0,OK
40194002_10_49,5,1028,1028,1028,1028,1028,0,0,0,0,0,OK
40194002_10_49,6,1027,1027,1027,1027,1027,0,0,0,0,0,OK
40194002_10_49,7,1026,1026,1026,1026,1026,0,0,0,0,0,OK
41004006_10_49,all,5482,5482,5482,5482,5482,0,0,0,0,0,OK
41004006_10_49,1,791,791,791,791,791,0,0,0,0,0,OK
41004006_10_49,2,788,788,788,788,788,0,0,0,0,0,OK
41004006_10_49,3,784,784,784,784,784,0,0,0,0,0,OK
41004006_10_49,4,782,782,782,782,782,0,0,0,0,0,OK
41004006_10_49,5,782,782,782,782,782,0,0,0,0,0,OK
41004006_10_49,6,778,778,778,778,778,0,0,0,0,0,OK
41004006_10_49,7,777,777,777,777,777,0,0,0,0,0,OK
41049001_10_49,all,4878,4878,4878,4878,4878,0,0,0,0,0,OK
41049001_10_49,1,702,702,702,702,702,0,0,0,0,0,OK
41049001_10_49,2,697,697,697,697,697,0,0,0,0,0,OK
41049001_10_49,3,697,697,697,697,697,0,0,0,0,0,OK
41049001_10_49,4,693,693,693,693,693,0,0,0,0,0,OK
41049001_10_49,5,696,696,696,696,696,0,0,0,0,0,OK
41049001_10_49,6,697,697,697,697,697,0,0,0,0,0,OK
41049001_10_49,7,696,696,696,696,696,0,0,0,0,0,OK
41059001_10_49,all,5477,5477,5477,5477,5477,0,0,0,0,0,OK
41059001_10_49,1,790,790,790,790,790,0,0,0,0,0,OK
41059001_10_49,2,786,786,786,786,786,0,0,0,0,0,OK
41059001_10_49,3,783,783,783,783,783,0,0,0,0,0,OK
41059001_10_49,4,781,781,781,781,781,0,0,0,0,0,OK
41059001_10_49,5,780,780,780,780,780,0,0,0,0,0,OK
41059001_10_49,6,779,779,779,779,779,0,0,0,0,0,OK
41059001_10_49,7,778,778,778,778,778,0,0,0,0,0,OK
41088001_10_49,all,2939,2939,2939,2939,2939,0,0,0,0,0,OK
41088001_10_49,1,429,429,429,429,429,0,0,0,0,0,OK
41088001_10_49,2,423,423,423,423,423,0,0,0,0,0,OK
41088001_10_49,3,420,420,420,420,420,0,0,0,0,0,OK
41088001_10_49,4,419,419,419,419,419,0,0,0,0,0,OK
41088001_10_49,5,415,415,415,415,415,0,0,0,0,0,OK
41088001_10_49,6,417,417,417,417,417,0,0,0,0,0,OK
41088001_10_49,7,416,416,416,416,416,0,0,0,0,0,OK
41091009_10_49,all,5720,5720,5720,5720,5720,0,0,0,0,0,OK
41091009_10_49,1,825,825,825,825,825,0,0,0,0,0,OK
41091009_10_49,2,820,820,820,820,820,0,0,0,0,0,OK
41091009_10_49,3,817,817,817,817,817,0,0,0,0,0,OK
41091009_10_49,4,816,816,816,816,816,0,0,0,0,0,OK
41091009_10_49,5,815,815,815,815,815,0,0,0,0,0,OK
41091009_10_49,6,814,814,814,814,814,0,0,0,0,0,OK
41091009_10_49,7,813,813,813,813,813,0,0,0,0,0,OK
41091015_10_49,all,4471,4471,4471,4471,4471,0,0,0,0,0,OK
41091015_10_49,1,650,650,650,650,650,0,0,0,0,0,OK
41091015_10_49,2,643,643,643,643,643,0,0,0,0,0,OK
41091015_10_49,3,638,638,638,638,638,0,0,0,0,0,OK
41091015_10_49,4,635,635,635,635,635,0,0,0,0,0,OK
41091015_10_49,5,638,638,638,638,638,0,0,0,0,0,OK
41091015_10_49,6,636,636,636,636,636,0,0,0,0,0,OK
41091015_10_49,7,631,631,631,631,631,0,0,0,0,0,OK
41091016_10_49,all,7305,7305,7305,7305,7305,0,0,0,0,0,OK
41091016_10_49,1,1047,1047,1047,1047,1047,0,0,0,0,0,OK
41091016_10_49,2,1045,1045,1045,1045,1045,0,0,0,0,0,OK
41091016_10_49,3,1045,1045,1045,1045,1045,0,0,0,0,0,OK
41091016_10_49,4,1044,1044,1044,1044,1044,0,0,0,0,0,OK
41091016_10_49,5,1043,1043,1043,1043,1043,0,0,0,0,0,OK
41091016_10_49,6,1041,1041,1041,1041,1041,0,0,0,0,0,OK
41091016_10_49,7,1040,1040,1040,1040,1040,0,0,0,0,0,OK
41091018_10_49,all,4216,4216,4216,4216,4216,0,0,0,0,0,OK
41091018_10_49,1,606,606,606,606,606,0,0,0,0,0,OK
41091018_10_49,2,605,605,605,605,605,0,0,0,0,0,OK
41091018_10_49,3,603,603,603,603,603,0,0,0,0,0,OK
41091018_10_49,4,602,602,602,602,602,0,0,0,0,0,OK
41091018_10_49,5,601,601,601,601,601,0,0,0,0,0,OK
41091018_10_49,6,600,600,600,600,600,0,0,0,0,0,OK
41091018_10_49,7,599,599,599,599,599,0,0,0,0,0,OK
42173001_10_49,all,7028,7028,7028,7028,7028,0,0,0,0,0,OK
42173001_10_49,1,1010,1010,1010,1010,1010,0,0,0,0,0,OK
42173001_10_49,2,1008,1008,1008,1008,1008,0,0,0,0,0,OK
42173001_10_49,3,1005,1005,1005,1005,1005,0,0,0,0,0,OK
42173001_10_49,4,1004,1004,1004,1004,1004,0,0,0,0,0,OK
42173001_10_49,5,1002,1002,1002,1002,1002,0,0,0,0,0,OK
42173001_10_49,6,999,999,999,999,999,0,0,0,0,0,OK
42173001_10_49,7,1000,1000,1000,1000,1000,0,0,0,0,0,OK
43123005_10_47,all,5456,5456,5456,5456,5456,0,0,0,0,0,OK
43123005_10_47,1,786,786,786,786,786,0,0,0,0,0,OK
43123005_10_47,2,784,784,784,784,784,0,0,0,0,0,OK
43123005_10_47,3,780,780,780,780,780,0,0,0,0,0,OK
43123005_10_47,4,777,777,777,777,777,0,0,0,0,0,OK
43123005_10_47,5,776,776,776,776,776,0,0,0,0,0,OK
43123005_10_47,6,777,777,777,777,777,0,0,0,0,0,OK
43123005_10_47,7,776,776,776,776,776,0,0,0,0,0,OK
45081004_10_49,all,4825,4825,4825,4825,4825,0,0,0,0,0,OK
45081004_10_49,1,706,706,706,706,706,0,0,0,0,0,OK
45081004_10_49,2,698,698,698,698,698,0,0,0,0,0,OK
45081004_10_49,3,693,693,693,693,693,0,0,0,0,0,OK
45081004_10_49,4,688,688,688,688,688,0,0,0,0,0,OK
45081004_10_49,5,683,683,683,683,683,0,0,0,0,0,OK
45081004_10_49,6,681,681,681,681,681,0,0,0,0,0,OK
45081004_10_49,7,676,676,676,676,676,0,0,0,0,0,OK
45168002_10_49,all,5086,5086,5086,5086,5086,0,0,0,0,0,OK
45168002_10_49,1,739,739,739,739,739,0,0,0,0,0,OK
45168002_10_49,2,732,732,732,732,732,0,0,0,0,0,OK
45168002_10_49,3,729,729,729,729,729,0,0,0,0,0,OK
45168002_10_49,4,725,725,725,725,725,0,0,0,0,0,OK
45168002_10_49,5,721,721,721,721,721,0,0,0,0,0,OK
45168002_10_49,6,720,720,720,720,720,0,0,0,0,0,OK
45168002_10_49,7,720,720,720,720,720,0,0,0,0,0,OK
46010001_10_46,all,1969,1969,1969,1969,1969,0,0,0,0,0,OK
46010001_10_46,1,290,290,290,290,290,0,0,0,0,0,OK
46010001_10_46,2,283,283,283,283,283,0,0,0,0,0,OK
46010001_10_46,3,282,282,282,282,282,0,0,0,0,0,OK
46010001_10_46,4,284,284,284,284,284,0,0,0,0,0,OK
46010001_10_46,5,279,279,279,279,279,0,0,0,0,0,OK
46010001_10_46,6,277,277,277,277,277,0,0,0,0,0,OK
46010001_10_46,7,274,274,274,274,274,0,0,0,0,0,OK
46028001_10_46,all,3104,3104,3104,3104,3104,0,0,0,0,0,OK
46028001_10_46,1,461,461,461,461,461,0,0,0,0,0,OK
46028001_10_46,2,450,450,450,450,450,0,0,0,0,0,OK
46028001_10_46,3,445,445,445,445,445,0,0,0,0,0,OK
46028001_10_46,4,440,440,440,440,440,0,0,0,0,0,OK
46028001_10_46,5,437,437,437,437,437,0,0,0,0,0,OK
46028001_10_46,6,435,435,435,435,435,0,0,0,0,0,OK
46028001_10_46,7,436,436,436,436,436,0,0,0,0,0,OK
46095001_10_46,all,5691,5691,5691,5691,5691,0,0,0,0,0,OK
46095001_10_46,1,823,823,823,823,823,0,0,0,0,0,OK
46095001_10_46,2,821,821,821,821,821,0,0,0,0,0,OK
46095001_10_46,3,817,817,817,817,817,0,0,0,0,0,OK
46095001_10_46,4,811,811,811,811,811,0,0,0,0,0,OK
46095001_10_46,5,807,807,807,807,807,0,0,0,0,0,OK
46095001_10_46,6,806,806,806,806,806,0,0,0,0,0,OK
46095001_10_46,7,806,806,806,806,806,0,0,0,0,0,OK
46102002_10_46,all,6175,6175,6175,6175,6175,0,0,0,0,0,OK
46102002_10_46,1,891,891,891,891,891,0,0,0,0,0,OK
46102002_10_46,2,887,887,887,887,887,0,0,0,0,0,OK
46102002_10_46,3,884,884,884,884,884,0,0,0,0,0,OK
46102002_10_46,4,881,881,881,881,881,0,0,0,0,0,OK
46102002_10_46,5,878,878,878,878,878,0,0,0,0,0,OK
46102002_10_46,6,877,877,877,877,877,0,0,0,0,0,OK
46102002_10_46,7,877,877,877,877,877,0,0,0,0,0,OK
46220003_10_46,all,5573,5573,5573,5573,5573,0,0,0,0,0,OK
46220003_10_46,1,812,812,812,812,812,0,0,0,0,0,OK
46220003_10_46,2,805,805,805,805,805,0,0,0,0,0,OK
46220003_10_46,3,799,799,799,799,799,0,0,0,0,0,OK
46220003_10_46,4,795,795,795,795,795,0,0,0,0,0,OK
46220003_10_46,5,792,792,792,792,792,0,0,0,0,0,OK
46220003_10_46,6,787,787,787,787,787,0,0,0,0,0,OK
46220003_10_46,7,783,783,783,783,783,0,0,0,0,0,OK
46220010_10_46,all,6411,6411,6411,6411,6411,0,0,0,0,0,OK
46220010_10_46,1,924,924,924,924,924,0,0,0,0,0,OK
46220010_10_46,2,920,920,920,920,920,0,0,0,0,0,OK
46220010_10_46,3,916,916,916,916,916,0,0,0,0,0,OK
46220010_10_46,4,914,914,914,914,914,0,0,0,0,0,OK
46220010_10_46,5,914,914,914,914,914,0,0,0,0,0,OK
46220010_10_46,6,912,912,912,912,912,0,0,0,0,0,OK
46220010_10_46,7,911,911,911,911,911,0,0,0,0,0,OK
46250030_10_46,all,6679,6679,6679,6679,6679,0,0,0,0,0,OK
46250030_10_46,1,962,962,962,962,962,0,0,0,0,0,OK
46250030_10_46,2,959,959,959,959,959,0,0,0,0,0,OK
46250030_10_46,3,957,957,957,957,957,0,0,0,0,0,OK
46250030_10_46,4,953,953,953,953,953,0,0,0,0,0,OK
46250030_10_46,5,951,951,951,951,951,0,0,0,0,0,OK
46250030_10_46,6,949,949,949,949,949,0,0,0,0,0,OK
46250030_10_46,7,948,948,948,948,948,0,0,0,0,0,OK
46250046_10_46,all,5354,5354,5354,5354,5354,0,0,0,0,0,OK
46250046_10_46,1,779,779,779,779,779,0,0,0,0,0,OK
46250046_10_46,2,773,773,773,773,773,0,0,0,0,0,OK
46250046_10_46,3,768,768,768,768,768,0,0,0,0,0,OK
46250046_10_46,4,763,763,763,763,763,0,0,0,0,0,OK
46250046_10_46,5,759,759,759,759,759,0,0,0,0,0,OK
46250046_10_46,6,757,757,757,757,757,0,0,0,0,0,OK
46250046_10_46,7,755,755,755,755,755,0,0,0,0,0,OK
46250047_10_46,all,6104,6104,6104,6104,6104,0,0,0,0,0,OK
46250047_10_46,1,884,884,884,884,884,0,0,0,0,0,OK
46250047_10_46,2,879,879,879,879,879,0,0,0,0,0,OK
46250047_10_46,3,875,875,875,875,875,0,0,0,0,0,OK
46250047_10_46,4,871,871,871,871,871,0,0,0,0,0,OK
46250047_10_46,5,868,868,868,868,868,0,0,0,0,0,OK
46250047_10_46,6,865,865,865,865,865,0,0,0,0,0,OK
46250047_10_46,7,862,862,862,862,862,0,0,0,0,0,OK
46250048_10_46,all,6207,6207,6207,6207,6207,0,0,0,0,0,OK
46250048_10_46,1,897,897,897,897,897,0,0,0,0,0,OK
46250048_10_46,2,893,893,893,893,893,0,0,0,0,0,OK
46250048_10_46,3,889,889,889,889,889,0,0,0,0,0,OK
46250048_10_46,4,886,886,886,886,886,0,0,0,0,0,OK
46250048_10_46,5,883,883,883,883,883,0,0,0,0,0,OK
46250048_10_46,6,881,881,881,881,881,0,0,0,0,0,OK
46250048_10_46,7,878,878,878,878,878,0,0,0,0,0,OK
46250054_10_46,all,3050,3050,3050,3050,3050,0,0,0,0,0,OK
46250054_10_46,1,441,441,441,441,441,0,0,0,0,0,OK
46250054_10_46,2,437,437,437,437,437,0,0,0,0,0,OK
46250054_10_46,3,434,434,434,434,434,0,0,0,0,0,OK
46250054_10_46,4,434,434,434,434,434,0,0,0,0,0,OK
46250054_10_46,5,435,435,435,435,435,0,0,0,0,0,OK
46250054_10_46,6,435,435,435,435,435,0,0,0,0,0,OK
46250054_10_46,7,434,434,434,434,434,0,0,0,0,0,OK
46258001_10_46,all,5755,5755,5755,5755,5755,0,0,0,0,0,OK
46258001_10_46,1,823,823,823,823,823,0,0,0,0,0,OK
46258001_10_46,2,821,821,821,821,821,0,0,0,0,0,OK
46258001_10_46,3,823,823,823,823,823,0,0,0,0,0,OK
46258001_10_46,4,825,825,825,825,825,0,0,0,0,0,OK
46258001_10_46,5,824,824,824,824,824,0,0,0,0,0,OK
46258001_10_46,6,821,821,821,821,821,0,0,0,0,0,OK
46258001_10_46,7,818,818,818,818,818,0,0,0,0,0,OK
47085003_10_49,all,5448,5448,5448,5448,5448,0,0,0,0,0,OK
47085003_10_49,1,791,791,791,791,791,0,0,0,0,0,OK
47085003_10_49,2,786,786,786,786,786,0,0,0,0,0,OK
47085003_10_49,3,781,781,781,781,781,0,0,0,0,0,OK
47085003_10_49,4,777,777,777,777,777,0,0,0,0,0,OK
47085003_10_49,5,774,774,774,774,774,0,0,0,0,0,OK
47085003_10_49,6,771,771,771,771,771,0,0,0,0,0,OK
47085003_10_49,7,768,768,768,768,768,0,0,0,0,0,OK
47186027_10_49,all,5504,5504,5504,5504,5504,0,0,0,0,0,OK
47186027_10_49,1,794,794,794,794,794,0,0,0,0,0,OK
47186027_10_49,2,791,791,791,791,791,0,0,0,0,0,OK
47186027_10_49,3,788,788,788,788,788,0,0,0,0,0,OK
47186027_10_49,4,785,785,785,785,785,0,0,0,0,0,OK
47186027_10_49,5,783,783,783,783,783,0,0,0,0,0,OK
47186027_10_49,6,783,783,783,783,783,0,0,0,0,0,OK
47186027_10_49,7,780,780,780,780,780,0,0,0,0,0,OK
47186029_10_49,all,5990,5990,5990,5990,5990,0,0,0,0,0,OK
47186029_10_49,1,866,866,866,866,866,0,0,0,0,0,OK
47186029_10_49,2,861,861,861,861,861,0,0,0,0,0,OK
47186029_10_49,3,858,858,858,858,858,0,0,0,0,0,OK
47186029_10_49,4,855,855,855,855,855,0,0,0,0,0,OK
47186029_10_49,5,853,853,853,853,853,0,0,0,0,0,OK
47186029_10_49,6,850,850,850,850,850,0,0,0,0,0,OK
47186029_10_49,7,847,847,847,847,847,0,0,0,0,0,OK
47186030_10_49,all,6093,6093,6093,6093,6093,0,0,0,0,0,OK
47186030_10_49,1,883,883,883,883,883,0,0,0,0,0,OK
47186030_10_49,2,876,876,876,876,876,0,0,0,0,0,OK
47186030_10_49,3,869,869,869,869,869,0,0,0,0,0,OK
47186030_10_49,4,868,868,868,868,868,0,0,0,0,0,OK
47186030_10_49,5,868,868,868,868,868,0,0,0,0,0,OK
47186030_10_49,6,866,866,866,866,866,0,0,0,0,0,OK
47186030_10_49,7,863,863,863,863,863,0,0,0,0,0,OK
47186031_10_49,all,6180,6180,6180,6180,6180,0,0,0,0,0,OK
47186031_10_49,1,889,889,889,889,889,0,0,0,0,0,OK
47186031_10_49,2,886,886,886,886,886,0,0,0,0,0,OK
47186031_10_49,3,884,884,884,884,884,0,0,0,0,0,OK
47186031_10_49,4,882,882,882,882,882,0,0,0,0,0,OK
47186031_10_49,5,881,881,881,881,881,0,0,0,0,0,OK
47186031_10_49,6,880,880,880,880,880,0,0,0,0,0,OK
47186031_10_49,7,878,878,878,878,878,0,0,0,0,0,OK
48002001_10_47,all,5738,5738,5738,5738,5738,0,0,0,0,0,OK
48002001_10_47,1,830,830,830,830,830,0,0,0,0,0,OK
48002001_10_47,2,822,822,822,822,822,0,0,0,0,0,OK
48002001_10_47,3,817,817,817,817,817,0,0,0,0,0,OK
48002001_10_47,4,816,816,816,816,816,0,0,0,0,0,OK
48002001_10_47,5,817,817,817,817,817,0,0,0,0,0,OK
48002001_10_47,6,819,819,819,819,819,0,0,0,0,0,OK
48002001_10_47,7,817,817,817,817,817,0,0,0,0,0,OK
48002002_10_49,all,4628,4628,4628,4628,4628,0,0,0,0,0,OK
48002002_10_49,1,663,663,663,663,663,0,0,0,0,0,OK
48002002_10_49,2,662,662,662,662,662,0,0,0,0,0,OK
48002002_10_49,3,661,661,661,661,661,0,0,0,0,0,OK
48002002_10_49,4,661,661,661,661,661,0,0,0,0,0,OK
48002002_10_49,5,662,662,662,662,662,0,0,0,0,0,OK
48002002_10_49,6,660,660,660,660,660,0,0,0,0,0,OK
48002002_10_49,7,659,659,659,659,659,0,0,0,0,0,OK
48003001_10_49,all,4582,4582,4582,4582,4582,0,0,0,0,0,OK
48003001_10_49,1,657,657,657,657,657,0,0,0,0,0,OK
48003001_10_49,2,654,654,654,654,654,0,0,0,0,0,OK
48003001_10_49,3,655,655,655,655,655,0,0,0,0,0,OK
48003001_10_49,4,655,655,655,655,655,0,0,0,0,0,OK
48003001_10_49,5,655,655,655,655,655,0,0,0,0,0,OK
48003001_10_49,6,653,653,653,653,653,0,0,0,0,0,OK
48003001_10_49,7,653,653,653,653,653,0,0,0,0,0,OK
48013006_10_47,all,4788,4788,4788,4788,4788,0,0,0,0,0,OK
48013006_10_47,1,695,695,695,695,695,0,0,0,0,0,OK
48013006_10_47,2,691,691,691,691,691,0,0,0,0,0,OK
48013006_10_47,3,686,686,686,686,686,0,0,0,0,0,OK
48013006_10_47,4,684,684,684,684,684,0,0,0,0,0,OK
48013006_10_47,5,681,681,681,681,681,0,0,0,0,0,OK
48013006_10_47,6,676,676,676,676,676,0,0,0,0,0,OK
48013006_10_47,7,675,675,675,675,675,0,0,0,0,0,OK
48015002_10_49,all,6479,6479,6479,6479,6479,0,0,0,0,0,OK
48015002_10_49,1,934,934,934,934,934,0,0,0,0,0,OK
48015002_10_49,2,929,929,929,929,929,0,0,0,0,0,OK
48015002_10_49,3,925,925,925,925,925,0,0,0,0,0,OK
48015002_10_49,4,923,923,923,923,923,0,0,0,0,0,OK
48015002_10_49,5,923,923,923,923,923,0,0,0,0,0,OK
48015002_10_49,6,923,923,923,923,923,0,0,0,0,0,OK
48015002_10_49,7,922,922,922,922,922,0,0,0,0,0,OK
48020003_10_47,all,6578,6578,6578,6578,6578,0,0,0,0,0,OK
48020003_10_47,1,944,944,944,944,944,0,0,0,0,0,OK
48020003_10_47,2,941,941,941,941,941,0,0,0,0,0,OK
48020003_10_47,3,939,939,939,939,939,0,0,0,0,0,OK
48020003_10_47,4,939,939,939,939,939,0,0,0,0,0,OK
48020003_10_47,5,940,940,940,940,940,0,0,0,0,0,OK
48020003_10_47,6,938,938,938,938,938,0,0,0,0,0,OK
48020003_10_47,7,937,937,937,937,937,0,0,0,0,0,OK
48020006_10_47,all,3193,3193,3193,3193,3193,0,0,0,0,0,OK
48020006_10_47,1,466,466,466,466,466,0,0,0,0,0,OK
48020006_10_47,2,460,460,460,460,460,0,0,0,0,0,OK
48020006_10_47,3,458,458,458,458,458,0,0,0,0,0,OK
48020006_10_47,4,455,455,455,455,455,0,0,0,0,0,OK
48020006_10_47,5,452,452,452,452,452,0,0,0,0,0,OK
48020006_10_47,6,451,451,451,451,451,0,0,0,0,0,OK
48020006_10_47,7,451,451,451,451,451,0,0,0,0,0,OK
48020062_10_49,all,7130,7130,7130,7130,7130,0,0,0,0,0,OK
48020062_10_49,1,1022,1022,1022,1022,1022,0,0,0,0,0,OK
48020062_10_49,2,1020,1020,1020,1020,1020,0,0,0,0,0,OK
48020062_10_49,3,1018,1018,1018,1018,1018,0,0,0,0,0,OK
48020062_10_49,4,1018,1018,1018,1018,1018,0,0,0,0,0,OK
48020062_10_49,5,1019,1019,1019,1019,1019,0,0,0,0,0,OK
48020062_10_49,6,1017,1017,1017,1017,1017,0,0,0,0,0,OK
48020062_10_49,7,1016,1016,1016,1016,1016,0,0,0,0,0,OK
48027001_10_47,all,5395,5395,5395,5395,5395,0,0,0,0,0,OK
48027001_10_47,1,786,786,786,786,786,0,0,0,0,0,OK
48027001_10_47,2,779,779,779,779,779,0,0,0,0,0,OK
48027001_10_47,3,774,774,774,774,774,0,0,0,0,0,OK
48027001_10_47,4,770,770,770,770,770,0,0,0,0,0,OK
48027001_10_47,5,767,767,767,767,767,0,0,0,0,0,OK
48027001_10_47,6,762,762,762,762,762,0,0,0,0,0,OK
48027001_10_47,7,757,757,757,757,757,0,0,0,0,0,OK
48044006_10_49,all,3722,3722,3722,3722,3722,0,0,0,0,0,OK
48044006_10_49,1,539,539,539,539,539,0,0,0,0,0,OK
48044006_10_49,2,535,535,535,535,535,0,0,0,0,0,OK
48044006_10_49,3,533,533,533,533,533,0,0,0,0,0,OK
48044006_10_49,4,530,530,530,530,530,0,0,0,0,0,OK
48044006_10_49,5,531,531,531,531,531,0,0,0,0,0,OK
48044006_10_49,6,528,528,528,528,528,0,0,0,0,0,OK
48044006_10_49,7,526,526,526,526,526,0,0,0,0,0,OK
48068001_10_47,all,6073,6073,6073,6073,6073,0,0,0,0,0,OK
48068001_10_47,1,877,877,877,877,877,0,0,0,0,0,OK
48068001_10_47,2,872,872,872,872,872,0,0,0,0,0,OK
48068001_10_47,3,867,867,867,867,867,0,0,0,0,0,OK
48068001_10_47,4,864,864,864,864,864,0,0,0,0,0,OK
48068001_10_47,5,864,864,864,864,864,0,0,0,0,0,OK
48068001_10_47,6,864,864,864,864,864,0,0,0,0,0,OK
48068001_10_47,7,865,865,865,865,865,0,0,0,0,0,OK
48071002_10_47,all,6197,6197,6197,6197,6197,0,0,0,0,0,OK
48071002_10_47,1,896,896,896,896,896,0,0,0,0,0,OK
48071002_10_47,2,893,893,893,893,893,0,0,0,0,0,OK
48071002_10_47,3,887,887,887,887,887,0,0,0,0,0,OK
48071002_10_47,4,883,883,883,883,883,0,0,0,0,0,OK
48071002_10_47,5,882,882,882,882,882,0,0,0,0,0,OK
48071002_10_47,6,879,879,879,879,879,0,0,0,0,0,OK
48071002_10_47,7,877,877,877,877,877,0,0,0,0,0,OK
48071004_10_49,all,4379,4379,4379,4379,4379,0,0,0,0,0,OK
48071004_10_49,1,627,627,627,627,627,0,0,0,0,0,OK
48071004_10_49,2,626,626,626,626,626,0,0,0,0,0,OK
48071004_10_49,3,626,626,626,626,626,0,0,0,0,0,OK
48071004_10_49,4,626,626,626,626,626,0,0,0,0,0,OK
48071004_10_49,5,626,626,626,626,626,0,0,0,0,0,OK
48071004_10_49,6,625,625,625,625,625,0,0,0,0,0,OK
48071004_10_49,7,623,623,623,623,623,0,0,0,0,0,OK
48082004_10_49,all,4339,4339,4339,4339,4339,0,0,0,0,0,OK
48082004_10_49,1,622,622,622,622,622,0,0,0,0,0,OK
48082004_10_49,2,619,619,619,619,619,0,0,0,0,0,OK
48082004_10_49,3,618,618,618,618,618,0,0,0,0,0,OK
48082004_10_49,4,620,620,620,620,620,0,0,0,0,0,OK
48082004_10_49,5,622,622,622,622,622,0,0,0,0,0,OK
48082004_10_49,6,620,620,620,620,620,0,0,0,0,0,OK
48082004_10_49,7,618,618,618,618,618,0,0,0,0,0,OK
48096001_10_49,all,6311,6311,6311,6311,6311,0,0,0,0,0,OK
48096001_10_49,1,908,908,908,908,908,0,0,0,0,0,OK
48096001_10_49,2,904,904,904,904,904,0,0,0,0,0,OK
48096001_10_49,3,901,901,901,901,901,0,0,0,0,0,OK
48096001_10_49,4,900,900,900,900,900,0,0,0,0,0,OK
48096001_10_49,5,901,901,901,901,901,0,0,0,0,0,OK
48096001_10_49,6,899,899,899,899,899,0,0,0,0,0,OK
48096001_10_49,7,898,898,898,898,898,0,0,0,0,0,OK
48902006_10_49,all,5959,5959,5959,5959,5959,0,0,0,0,0,OK
48902006_10_49,1,862,862,862,862,862,0,0,0,0,0,OK
48902006_10_49,2,858,858,858,858,858,0,0,0,0,0,OK
48902006_10_49,3,853,853,853,853,853,0,0,0,0,0,OK
48902006_10_49,4,849,849,849,849,849,0,0,0,0,0,OK
48902006_10_49,5,847,847,847,847,847,0,0,0,0,0,OK
48902006_10_49,6,846,846,846,846,846,0,0,0,0,0,OK
48902006_10_49,7,844,844,844,844,844,0,0,0,0,0,OK
48904002_10_47,all,6467,6467,6467,6467,6467,0,0,0,0,0,OK
48904002_10_47,1,927,927,927,927,927,0,0,0,0,0,OK
48904002_10_47,2,924,924,924,924,924,0,0,0,0,0,OK
48904002_10_47,3,923,923,923,923,923,0,0,0,0,0,OK
48904002_10_47,4,923,923,923,923,923,0,0,0,0,0,OK
48904002_10_47,5,924,924,924,924,924,0,0,0,0,0,OK
48904002_10_47,6,923,923,923,923,923,0,0,0,0,0,OK
48904002_10_47,7,923,923,923,923,923,0,0,0,0,0,OK
49275002_10_49,all,7104,7104,7104,7104,7104,0,0,0,0,0,OK
49275002_10_49,1,1020,1020,1020,1020,1020,0,0,0,0,0,OK
49275002_10_49,2,1019,1019,1019,1019,1019,0,0,0,0,0,OK
49275002_10_49,3,1017,1017,1017,1017,1017,0,0,0,0,0,OK
49275002_10_49,4,1015,1015,1015,1015,1015,0,0,0,0,0,OK
49275002_10_49,5,1013,1013,1013,1013,1013,0,0,0,0,0,OK
49275002_10_49,6,1011,1011,1011,1011,1011,0,0,0,0,0,OK
49275002_10_49,7,1009,1009,1009,1009,1009,0,0,0,0,0,OK
50297029_10_49,all,5812,5812,5812,5812,5812,0,0,0,0,0,OK
50297029_10_49,1,838,838,838,838,838,0,0,0,0,0,OK
50297029_10_49,2,832,832,832,832,832,0,0,0,0,0,OK
50297029_10_49,3,830,830,830,830,830,0,0,0,0,0,OK
50297029_10_49,4,831,831,831,831,831,0,0,0,0,0,OK
50297029_10_49,5,831,831,831,831,831,0,0,0,0,0,OK
50297029_10_49,6,826,826,826,826,826,0,0,0,0,0,OK
50297029_10_49,7,824,824,824,824,824,0,0,0,0,0,OK
50297032_10_49,all,4858,4858,4858,4858,4858,0,0,0,0,0,OK
50297032_10_49,1,696,696,696,696,696,0,0,0,0,0,OK
50297032_10_49,2,692,692,692,692,692,0,0,0,0,0,OK
50297032_10_49,3,692,692,692,692,692,0,0,0,0,0,OK
50297032_10_49,4,692,692,692,692,692,0,0,0,0,0,OK
50297032_10_49,5,695,695,695,695,695,0,0,0,0,0,OK
50297032_10_49,6,697,697,697,697,697,0,0,0,0,0,OK
50297032_10_49,7,694,694,694,694,694,0,0,0,0,0,OK
50297036_10_49,all,4583,4583,4583,4583,4583,0,0,0,0,0,OK
50297036_10_49,1,667,667,667,667,667,0,0,0,0,0,OK
50297036_10_49,2,664,664,664,664,664,0,0,0,0,0,OK
50297036_10_49,3,658,658,658,658,658,0,0,0,0,0,OK
50297036_10_49,4,653,653,653,653,653,0,0,0,0,0,OK
50297036_10_49,5,650,650,650,650,650,0,0,0,0,0,OK
50297036_10_49,6,648,648,648,648,648,0,0,0,0,0,OK
50297036_10_49,7,643,643,643,643,643,0,0,0,0,0,OK
50297039_10_49,all,5091,5091,5091,5091,5091,0,0,0,0,0,OK
50297039_10_49,1,731,731,731,731,731,0,0,0,0,0,OK
50297039_10_49,2,729,729,729,729,729,0,0,0,0,0,OK
50297039_10_49,3,728,728,728,728,728,0,0,0,0,0,OK
50297039_10_49,4,726,726,726,726,726,0,0,0,0,0,OK
50297039_10_49,5,726,726,726,726,726,0,0,0,0,0,OK
50297039_10_49,6,726,726,726,726,726,0,0,0,0,0,OK
50297039_10_49,7,725,725,725,725,725,0,0,0,0,0,OK
50297040_10_49,all,6595,6595,6595,6595,6595,0,0,0,0,0,OK
50297040_10_49,1,945,945,945,945,945,0,0,0,0,0,OK
50297040_10_49,2,942,942,942,942,942,0,0,0,0,0,OK
50297040_10_49,3,940,940,940,940,940,0,0,0,0,0,OK
50297040_10_49,4,943,943,943,943,943,0,0,0,0,0,OK
50297040_10_49,5,944,944,944,944,944,0,0,0,0,0,OK
50297040_10_49,6,943,943,943,943,943,0,0,0,0,0,OK
50297040_10_49,7,938,938,938,938,938,0,0,0,0,0,OK
51001001_10_49,all,5618,5618,5618,5618,5618,0,0,0,0,0,OK
51001001_10_49,1,810,810,810,810,810,0,0,0,0,0,OK
51001001_10_49,2,807,807,807,807,807,0,0,0,0,0,OK
51001001_10_49,3,802,802,802,802,802,0,0,0,0,0,OK
51001001_10_49,4,799,799,799,799,799,0,0,0,0,0,OK
51001001_10_49,5,800,800,800,800,800,0,0,0,0,0,OK
51001001_10_49,6,801,801,801,801,801,0,0,0,0,0,OK
51001001_10_49,7,799,799,799,799,799,0,0,0,0,0,OK
