station_id,provincia,municipio,estacion,first_timestamp_utc,last_timestamp_utc,expected_hourly_observations,observed_valid_pm10_observations,coverage_fraction,number_of_source_years_present,longest_missing_run_hours,days_with_sufficient_hourly_support_75pct,expected_hours_2020,valid_hours_2020,coverage_2020,source_days_2020,usable_days_75pct_2020,expected_hours_2021,valid_hours_2021,coverage_2021,source_days_2021,usable_days_75pct_2021,expected_hours_2022,valid_hours_2022,coverage_2022,source_days_2022,usable_days_75pct_2022,expected_hours_2023,valid_hours_2023,coverage_2023,source_days_2023,usable_days_75pct_2023
01022001_10_47,1,22,1,2020-01-01T01:00:00Z,2024-01-01T00:00:00Z,35064,34725,0.9903319644079398,4,31,1446,8784,8753,0.9964708561020036,366,366,8760,8654,0.9878995433789954,365,360,8760,8649,0.9873287671232877,365,359,8760,8669,0.9896118721461187,365,361
01036004_10_47,1,36,4,2020-01-01T01:00:00Z,2024-01-01T00:00:00Z,35064,33996,0.9695414099931554,4,448,1409,8784,8013,0.9122267759562842,344,328,8760,8630,0.9851598173515982,363,360,8760,8741,0.9978310502283105,365,365,8760,8612,0.9831050228310503,365,356
01051001_10_49,1,51,1,2020-01-01T01:00:00Z,2024-01-01T00:00:00Z,35064,34416,0.9815195071868583,4,131,1428,8784,8752,0.9963570127504554,366,364,8760,8581,0.9795662100456621,365,356,8760,8409,0.959931506849315,356,347,8760,8674,0.9901826484018265,365,361
01055001_10_47,1,55,1,2020-01-01T01:00:00Z,2024-01-01T00:00:00Z,35064,34225,0.9760723248916268,4,98,1427,8784,8366,0.9524134790528234,362,350,8760,8553,0.9763698630136987,362,356,8760,8669,0.9896118721461187,365,362,8760,8637,0.9859589041095891,365,359
01059008_10_49,1,59,8,2020-01-01T01:00:00Z,2024-01-01T00:00:00Z,35064,34612,0.987109285877253,4,53,1442,8784,8709,0.9914617486338798,365,364,8760,8660,0.9885844748858448,365,360,8760,8677,0.9905251141552511,365,362,8760,8566,0.9778538812785388,363,356
01059009_10_47,1,59,9,2020-01-02T02:00:00Z,2024-01-01T00:00:00Z,35064,34346,0.9795231576545745,4,75,1426,8784,8606,0.979735883424408,365,358,8760,8611,0.9829908675799087,365,358,8760,8549,0.9759132420091324,362,355,8760,8580,0.9794520547945206,365,355
01059012_10_47,1,59,12,2020-01-01T01:00:00Z,2024-01-01T00:00:00Z,35064,34744,0.9908738307095597,4,76,1448,8784,8683,0.9885018214936248,364,362,8760,8661,0.9886986301369863,365,360,8760,8727,0.9962328767123287,365,365,8760,8673,0.9900684931506849,365,361
02003001_10_49,2,3,1,2020-01-01T01:00:00Z,2021-11-16T14:00:00Z,35064,16107,0.4593600273785079,2,18610,667,8784,8548,0.9731329690346083,363,355,8760,7559,0.8628995433789954,319,312,8760,0,0.0,0,0,8760,0,0.0,0,0
02003002_10_49,2,3,2,2021-11-19T01:00:00Z,2024-01-01T00:00:00Z,35064,17142,0.48887748117727586,3,16512,704,8784,0,0.0,0,0,8760,857,0.0978310502283105,39,34,8760,7967,0.9094748858447489,346,324,8760,8318,0.9495433789954338,354,346
03014009_10_46,3,14,9,2020-01-01T01:00:00Z,2024-01-01T00:00:00Z,35064,33647,0.9595881816107689,4,348,1391,8784,8581,0.9768897996357013,364,352,8760,8183,0.9341324200913242,345,340,8760,8479,0.9679223744292238,357,350,8760,8404,0.9593607305936073,353,349
03066003_10_46,3,66,3,2020-01-01T01:00:00Z,2024-01-01T00:00:00Z,35064,33953,0.9683150809947525,4,780,1416,8784,8692,0.9895264116575592,365,361,8760,7956,0.9082191780821918,333,332,8760,8578,0.9792237442922375,361,358,8760,8727,0.9962328767123287,365,365
03133002_10_46,3,133,2,2020-01-01T01:00:00Z,2024-01-01T00:00:00Z,35064,34335,0.9792094455852156,4,370,1430,8784,8727,0.9935109289617486,366,364,8760,8721,0.9955479452054794,365,365,8760,8199,0.935958904109589,347,339,8760,8688,0.9917808219178083,365,362
03140001_10_46,3,140,1,2023-01-01T01:00:00Z,2024-01-01T00:00:00Z,35064,8656,0.24686287930641113,1,26304,360,8784,0,0.0,0,0,8760,0,0.0,0,0,8760,0,0.0,0,0,8760,8656,0.9881278538812786,365,360
04013004_10_49,4,13,4,2020-01-01T01:00:00Z,2024-01-01T00:00:00Z,35064,33079,0.9433892311202373,4,268,1382,8784,8382,0.9542349726775956,360,351,8760,8392,0.9579908675799087,361,352,8760,8189,0.9348173515981735,358,338,8760,8116,0.9264840182648402,349,341
04022001_10_49,4,22,1,2020-01-01T01:00:00Z,2024-01-01T00:00:00Z,35064,33539,0.9565080994752453,4,517,1396,8784,8503,0.9680100182149363,363,352,8760,8508,0.9712328767123287,359,355,8760,8102,0.9248858447488585,344,338,8760,8426,0.9618721461187215,357,351
04024001_10_A,4,24,1,2022-02-03T00:00:00Z,2024-01-01T00:00:00Z,35064,16259,0.463694957791467,2,18335,677,8784,0,0.0,0,0,8760,0,0.0,0,0,8760,7864,0.897716894977169,332,327,8760,8395,0.9583333333333334,354,350
04032005_10_49,4,32,5,2020-01-01T01:00:00Z,2024-01-01T00:00:00Z,35064,33222,0.9474674880219028,4,670,1378,8784,8694,0.9897540983606558,366,362,8760,8594,0.9810502283105023,363,357,8760,7493,0.8553652968036529,323,309,8760,8441,0.9635844748858448,358,350
04035003_10_49,4,35,3,2023-01-01T01:00:00Z,2023-12-31T23:00:00Z,35064,8725,0.24883070955966233,1,26304,365,8784,0,0.0,0,0,8760,0,0.0,0,0,8760,0,0.0,0,0,8760,8725,0.9960045662100456,365,365
04902001_10_49,4,902,1,2020-01-01T01:00:00Z,2024-01-01T00:00:00Z,35064,34600,0.9867670545288615,4,85,1441,8784,8700,0.9904371584699454,366,362,8760,8481,0.9681506849315068,360,350,8760,8711,0.994406392694064,365,365,8760,8708,0.9940639269406393,365,364
05019002_10_49,5,19,2,2020-01-01T01:00:00Z,2024-01-01T00:00:00Z,35064,34242,0.9765571526351814,4,150,1432,8784,8448,0.9617486338797814,356,352,8760,8711,0.994406392694064,365,365,8760,8704,0.993607305936073,365,365,8760,8379,0.9565068493150685,355,350
07003001_10_49,7,3,1,2020-01-01T01:00:00Z,2024-01-01T00:00:00Z,35064,34342,0.979409080538444,4,132,1433,8784,8664,0.9863387978142076,365,361,8760,8551,0.9761415525114155,364,355,8760,8510,0.9714611872146118,360,356,8760,8617,0.983675799086758,365,361
07003004_10_49,7,3,4,2020-01-01T01:00:00Z,2023-12-29T14:00:00Z,35064,34285,0.9777834816335843,4,58,1428,8784,8647,0.9844034608378871,364,361,8760,8493,0.9695205479452055,362,353,8760,8586,0.9801369863013699,364,356,8760,8559,0.977054794520548,363,358
07010001_10_47,7,10,1,2020-01-01T01:00:00Z,2024-01-01T00:00:00Z,35064,30292,0.8639060004563085,4,1141,1230,8784,8556,0.9740437158469946,362,352,8760,6379,0.7281963470319635,276,257,8760,8135,0.9286529680365296,352,331,8760,7222,0.8244292237442923,320,290
07015001_10_49,7,15,1,2020-01-01T01:00:00Z,2024-01-01T00:00:00Z,35064,31661,0.9029488934519735,4,713,1315,8784,6584,0.7495446265938069,283,275,8760,8264,0.94337899543379,351,343,8760,8229,0.9393835616438356,351,340,8760,8584,0.9799086757990868,360,357
07026001_10_49,7,26,1,2020-01-01T01:00:00Z,2024-01-01T00:00:00Z,35064,33194,0.9466689482089893,4,185,1370,8784,8588,0.9776867030965392,364,357,8760,8217,0.938013698630137,352,341,8760,7986,0.9116438356164384,353,325,8760,8403,0.9592465753424657,364,347
07032002_10_49,7,32,2,2020-01-01T01:00:00Z,2024-01-01T00:00:00Z,35064,34275,0.9774982888432581,4,149,1429,8784,8680,0.98816029143898,365,361,8760,8454,0.9650684931506849,359,354,8760,8591,0.9807077625570776,363,359,8760,8550,0.976027397260274,363,355
07032003_10_49,7,32,3,2020-01-01T01:00:00Z,2024-01-01T00:00:00Z,35064,34023,0.9703114305270363,4,76,1424,8784,8626,0.9820127504553734,364,358,8760,8424,0.9616438356164384,363,355,8760,8488,0.9689497716894977,362,357,8760,8485,0.968607305936073,363,354
07040002_10_49,7,40,2,2020-01-01T03:00:00Z,2023-12-15T00:00:00Z,35064,25916,0.7391056354095369,4,5136,1075,8784,8563,0.9748406193078324,362,356,8760,8523,0.9729452054794521,359,356,8760,7438,0.8490867579908675,321,306,8760,1392,0.1589041095890411,61,57
07040003_10_49,7,40,3,2020-01-01T01:00:00Z,2024-01-01T00:00:00Z,35064,34260,0.9770704996577686,4,72,1431,8784,8562,0.9747267759562842,363,359,8760,8583,0.9797945205479452,363,360,8760,8483,0.9683789954337899,361,352,8760,8632,0.9853881278538813,365,360
07040006_10_47,7,40,6,2020-01-01T01:00:00Z,2024-01-01T00:00:00Z,35064,31415,0.8959331508099475,4,1536,1308,8784,7893,0.8985655737704918,334,331,8760,7483,0.8542237442922375,322,311,8760,7950,0.9075342465753424,353,333,8760,8089,0.9234018264840183,354,333
07042001_10_49,7,42,1,2020-01-01T01:00:00Z,2023-11-27T10:00:00Z,35064,33056,0.9427332877024869,4,830,1374,8784,8666,0.9865664845173042,364,362,8760,8302,0.9477168949771689,353,345,8760,8298,0.9472602739726027,357,343,8760,7790,0.889269406392694,331,324
07044001_10_49,7,44,1,2020-01-01T01:00:00Z,2024-01-01T00:00:00Z,35064,33978,0.9690280629705681,4,283,1418,8784,8663,0.9862249544626593,365,361,8760,8425,0.96175799086758,356,355,8760,8470,0.9668949771689498,360,353,8760,8420,0.9611872146118722,359,349
07046001_10_49,7,46,1,2020-01-01T01:00:00Z,2024-01-01T00:00:00Z,35064,34222,0.9759867670545289,4,154,1424,8784,8642,0.9838342440801457,363,361,8760,8679,0.9907534246575342,364,362,8760,8332,0.9511415525114155,351,346,8760,8569,0.9781963470319635,361,355
07054001_10_47,7,54,1,2020-01-01T01:00:00Z,2024-01-01T00:00:00Z,35064,31485,0.8979295003422314,4,1536,1305,8784,7842,0.89275956284153,331,325,8760,6628,0.7566210045662101,288,271,8760,8566,0.9778538812785388,364,354,8760,8449,0.9644977168949772,363,355
08022006_10_47,8,22,6,2023-01-01T01:00:00Z,2024-01-01T00:00:00Z,35064,8620,0.2458361852612366,1,26304,361,8784,0,0.0,0,0,8760,0,0.0,0,0,8760,0,0.0,0,0,8760,8620,0.9840182648401826,364,361
08096014_10_47,8,96,14,2020-01-01T01:00:00Z,2024-01-01T00:00:00Z,35064,34157,0.9741330139174081,4,65,1421,8784,8592,0.9781420765027322,365,358,8760,8484,0.9684931506849315,361,354,8760,8535,0.9743150684931506,364,352,8760,8546,0.9755707762557078,362,357
08101001_10_47,8,101,1,2020-01-01T01:00:00Z,2024-01-01T00:00:00Z,35064,34310,0.9784964636093999,4,121,1433,8784,8578,0.9765482695810564,362,358,8760,8580,0.9794520547945206,364,360,8760,8571,0.9784246575342466,363,357,8760,8581,0.9795662100456621,365,358
08112003_10_47,8,112,3,2022-01-01T01:00:00Z,2023-01-01T00:00:00Z,35064,8502,0.24247091033538673,1,17544,356,8784,0,0.0,0,0,8760,0,0.0,0,0,8760,8502,0.9705479452054795,360,356,8760,0,0.0,0,0
08113007_10_47,8,113,7,2023-01-01T01:00:00Z,2024-01-01T00:00:00Z,35064,8379,0.2389630390143737,1,26304,347,8784,0,0.0,0,0,8760,0,0.0,0,0,8760,0,0.0,0,0,8760,8379,0.9565068493150685,358,347
08114006_10_47,8,114,6,2023-01-01T01:00:00Z,2024-01-01T00:00:00Z,35064,8615,0.24569358886607345,1,26304,360,8784,0,0.0,0,0,8760,0,0.0,0,0,8760,0,0.0,0,0,8760,8615,0.9834474885844748,365,360
08125002_10_47,8,125,2,2023-01-01T01:00:00Z,2024-01-01T00:00:00Z,35064,8701,0.2481462468628793,1,26304,363,8784,0,0.0,0,0,8760,0,0.0,0,0,8760,0,0.0,0,0,8760,8701,0.9932648401826484,365,363
08184006_10_47,8,184,6,2020-01-01T01:00:00Z,2024-01-01T00:00:00Z,35064,34238,0.9764430755190509,4,177,1420,8784,8671,0.9871357012750456,366,363,8760,8586,0.9801369863013699,365,355,8760,8432,0.9625570776255707,359,350,8760,8549,0.9759132420091324,364,352
08187012_10_47,8,187,12,2023-01-01T01:00:00Z,2024-01-01T00:00:00Z,35064,8515,0.24284166096281087,1,26304,354,8784,0,0.0,0,0,8760,0,0.0,0,0,8760,0,0.0,0,0,8760,8515,0.9720319634703196,363,354
08194008_10_47,8,194,8,2020-01-01T01:00:00Z,2024-01-01T00:00:00Z,35064,34360,0.9799224275610312,4,119,1435,8784,8696,0.9899817850637522,366,366,8760,8552,0.9762557077625571,361,357,8760,8593,0.9809360730593607,363,359,8760,8519,0.9724885844748858,363,353
08202001_10_47,8,202,1,2020-01-01T01:00:00Z,2024-01-01T00:00:00Z,35064,34527,0.9846851471594799,4,64,1449,8784,8596,0.9785974499089253,364,359,8760,8633,0.9855022831050229,365,362,8760,8641,0.9864155251141552,365,363,8760,8657,0.9882420091324201,365,365
08260010_10_47,8,260,10,2020-01-01T01:00:00Z,2024-01-01T00:00:00Z,35064,34329,0.9790383299110198,4,100,1432,8784,8619,0.9812158469945356,366,363,8760,8600,0.9817351598173516,364,358,8760,8574,0.9787671232876712,362,357,8760,8536,0.9744292237442922,365,354
08263001_10_47,8,263,1,2020-01-02T14:00:00Z,2024-01-01T00:00:00Z,35064,34056,0.971252566735113,4,106,1423,8784,8597,0.9787112932604736,365,359,8760,8404,0.9593607305936073,361,351,8760,8446,0.9641552511415525,361,353,8760,8609,0.9827625570776256,365,360
08279011_10_47,8,279,11,2023-01-01T01:00:00Z,2024-01-01T00:00:00Z,35064,8489,0.2421001597079626,1,26304,353,8784,0,0.0,0,0,8760,0,0.0,0,0,8760,0,0.0,0,0,8760,8489,0.9690639269406393,363,353
08298008_10_47,8,298,8,2023-01-01T01:00:00Z,2024-01-01T00:00:00Z,35064,8494,0.2422427561031257,1,26304,350,8784,0,0.0,0,0,8760,0,0.0,0,0,8760,0,0.0,0,0,8760,8494,0.969634703196347,363,350
09018002_10_49,9,18,2,2020-01-01T01:00:00Z,2023-12-31T23:00:00Z,35064,34535,0.9849133013917408,4,113,1443,8784,8741,0.9951047358834244,366,366,8760,8649,0.9873287671232877,364,361,8760,8570,0.978310502283105,361,357,8760,8575,0.9788812785388128,361,359
09059003_10_49,9,59,3,2020-01-01T02:00:00Z,2024-01-01T00:00:00Z,35064,34660,0.988478211270819,4,72,1445,8784,8719,0.9926001821493625,366,364,8760,8727,0.9962328767123287,365,365,8760,8627,0.9848173515981735,362,360,8760,8587,0.9802511415525114,363,356
09059006_10_49,9,59,6,2020-01-01T01:00:00Z,2024-01-01T00:00:00Z,35064,33706,0.9612708190736938,4,163,1408,8784,8429,0.9595856102003643,360,354,8760,8323,0.9501141552511415,354,347,8760,8370,0.9554794520547946,357,346,8760,8584,0.9799086757990868,362,361
09209001_10_49,9,209,1,2020-02-03T17:00:00Z,2023-01-01T00:00:00Z,35064,15964,0.4552817704768423,3,9079,664,8784,7683,0.8746584699453552,326,320,8760,417,0.047602739726027396,18,17,8760,7864,0.897716894977169,335,327,8760,0,0.0,0,0
09219001_10_49,9,219,1,2020-01-01T01:00:00Z,2020-05-11T09:00:00Z,35064,3094,0.08823864932694502,1,31911,128,8784,3094,0.3522313296903461,131,128,8760,0,0.0,0,0,8760,0,0.0,0,0,8760,0,0.0,0,0
09219002_10_49,9,219,2,2020-01-01T01:00:00Z,2024-01-01T00:00:00Z,35064,34435,0.9820613734884782,4,83,1441,8784,8659,0.9857695810564663,365,362,8760,8475,0.9674657534246576,361,354,8760,8699,0.9930365296803653,365,365,8760,8602,0.9819634703196347,362,360
11004007_10_49,11,4,7,2020-01-01T01:00:00Z,2024-01-01T00:00:00Z,35064,30633,0.873631074606434,4,1906,1264,8784,6103,0.6947859744990893,270,247,8760,7974,0.9102739726027397,352,325,8760,8040,0.9178082191780822,343,336,8760,8516,0.9721461187214612,362,356
11006001_10_49,11,6,1,2020-01-01T01:00:00Z,2021-01-01T00:00:00Z,35064,8581,0.24472393337896417,1,26280,357,8784,8581,0.9768897996357013,364,357,8760,0,0.0,0,0,8760,0,0.0,0,0,8760,0,0.0,0,0
11008001_10_49,11,8,1,2020-01-01T01:00:00Z,2024-01-01T00:00:00Z,35064,31403,0.895590919461556,4,487,1306,8784,8119,0.9242941712204007,348,340,8760,7941,0.9065068493150685,349,327,8760,7924,0.9045662100456621,343,329,8760,7419,0.8469178082191781,322,310
11008003_10_49,11,8,3,2023-03-20T00:00:00Z,2023-12-31T23:00:00Z,35064,6784,0.19347478895733516,1,28175,283,8784,0,0.0,0,0,8760,0,0.0,0,0,8760,0,0.0,0,0,8760,6784,0.7744292237442922,288,283
11008006_10_49,11,8,6,2023-01-01T01:00:00Z,2023-12-31T23:00:00Z,35064,8577,0.24460985626283369,1,26304,357,8784,0,0.0,0,0,8760,0,0.0,0,0,8760,0,0.0,0,0,8760,8577,0.9791095890410959,364,357
11008009_10_49,11,8,9,2020-01-01T01:00:00Z,2024-01-01T00:00:00Z,35064,33339,0.9508042436687201,4,216,1392,8784,8301,0.9450136612021858,355,345,8760,8564,0.9776255707762557,365,358,8760,8500,0.9703196347031964,360,357,8760,7974,0.9102739726027397,343,332
11012002_10_49,11,12,2,2020-01-01T01:00:00Z,2024-01-01T00:00:00Z,35064,31996,0.9125028519279033,4,1239,1341,8784,6476,0.7372495446265938,279,270,8760,8503,0.970662100456621,362,356,8760,8630,0.9851598173515982,365,364,8760,8387,0.9574200913242009,357,351
11020003_10_49,11,20,3,2020-01-01T01:00:00Z,2024-01-01T00:00:00Z,35064,31272,0.891854893908282,4,349,1283,8784,8356,0.9512750455373407,357,348,8760,8040,0.9178082191780822,354,333,8760,6951,0.7934931506849315,324,273,8760,7925,0.9046803652968036,349,329
11020004_10_49,11,20,4,2020-01-01T01:00:00Z,2024-01-01T00:00:00Z,35064,29928,0.8535249828884326,4,889,1216,8784,7662,0.8722677595628415,339,311,8760,6879,0.7852739726027397,311,274,8760,7888,0.9004566210045662,342,324,8760,7499,0.8560502283105023,329,307
11022005_10_49,11,22,5,2020-01-01T01:00:00Z,2023-12-26T23:00:00Z,35064,32502,0.926933607118412,4,319,1348,8784,8270,0.9414845173041895,352,342,8760,8337,0.9517123287671233,355,347,8760,8211,0.9373287671232877,350,341,8760,7684,0.8771689497716895,334,318
11026001_10_49,11,26,1,2020-01-01T01:00:00Z,2023-09-13T06:00:00Z,35064,14546,0.4148414328085786,2,17521,607,8784,8744,0.9954462659380692,366,365,8760,0,0.0,0,0,8760,0,0.0,0,0,8760,5802,0.6623287671232877,252,242
11028001_10_49,11,28,1,2020-01-02T15:00:00Z,2023-12-29T13:00:00Z,35064,32250,0.9197467488021903,4,339,1324,8784,8377,0.9536657559198543,359,346,8760,8362,0.9545662100456621,359,347,8760,8159,0.931392694063927,351,336,8760,7352,0.8392694063926941,328,295
11031001_10_49,11,31,1,2020-01-01T01:00:00Z,2024-01-01T00:00:00Z,35064,28760,0.8202144649783254,4,2691,1187,8784,7245,0.8247950819672131,319,293,8760,7405,0.8453196347031964,318,307,8760,7457,0.8512557077625571,317,309,8760,6653,0.7594748858447489,286,278
11033003_10_49,11,33,3,2023-01-01T01:00:00Z,2024-01-01T00:00:00Z,35064,7552,0.21537759525439196,1,26304,316,8784,0,0.0,0,0,8760,0,0.0,0,0,8760,0,0.0,0,0,8760,7552,0.8621004566210045,322,316
11033004_10_49,11,33,4,2020-01-01T01:00:00Z,2024-01-01T00:00:00Z,35064,33256,0.9484371435090121,4,337,1393,8784,8518,0.9697176684881603,363,358,8760,8439,0.9633561643835616,361,353,8760,8547,0.9756849315068493,364,358,8760,7752,0.8849315068493151,333,324
12005005_10_49,12,5,5,2020-01-01T01:00:00Z,2024-01-01T00:00:00Z,35064,31038,0.8851813826146475,4,287,1276,8784,8126,0.9250910746812386,353,336,8760,8167,0.9323059360730593,352,340,8760,7396,0.8442922374429224,334,293,8760,7349,0.8389269406392694,347,307
12009007_10_46,12,9,7,2020-01-01T01:00:00Z,2024-01-01T00:00:00Z,35064,31605,0.9013518138261465,4,578,1295,8784,8205,0.9340846994535519,350,335,8760,8355,0.9537671232876712,354,348,8760,7064,0.806392694063927,303,288,8760,7981,0.9110730593607306,347,324
12028001_10_46,12,28,1,2020-01-01T01:00:00Z,2023-12-30T21:00:00Z,35064,32049,0.9140143737166324,4,606,1329,8784,8618,0.9811020036429873,364,360,8760,7726,0.8819634703196347,329,319,8760,7356,0.8397260273972603,316,305,8760,8349,0.9530821917808219,360,345
12032001_10_46,12,32,1,2020-01-01T01:00:00Z,2024-01-01T00:00:00Z,35064,33389,0.9522302076203514,4,223,1385,8784,8712,0.9918032786885246,366,363,8760,8458,0.9655251141552511,357,352,8760,8198,0.9358447488584475,345,340,8760,8021,0.9156392694063927,346,330
12040008_10_46,12,40,8,2020-01-01T01:00:00Z,2024-01-01T00:00:00Z,35064,34345,0.9794946383755418,4,178,1434,8784,8682,0.9883879781420765,365,362,8760,8520,0.9726027397260274,359,355,8760,8446,0.9641552511415525,356,353,8760,8697,0.9928082191780822,365,364
12040010_10_46,12,40,10,2020-01-01T01:00:00Z,2024-01-01T00:00:00Z,35064,33559,0.9570784850558978,4,486,1397,8784,8667,0.9866803278688525,365,362,8760,8358,0.9541095890410959,351,350,8760,8165,0.9320776255707762,350,338,8760,8369,0.955365296803653,354,347
12040020_10_46,12,40,20,2022-01-01T01:00:00Z,2024-01-01T00:00:00Z,35064,17221,0.4911305042208533,2,17544,715,8784,0,0.0,0,0,8760,0,0.0,0,0,8760,8581,0.9795662100456621,361,356,8760,8640,0.9863013698630136,363,359
12140002_10_46,12,140,2,2020-01-01T01:00:00Z,2024-01-01T00:00:00Z,35064,32713,0.9329511749942961,4,143,1329,8784,7853,0.894011839708561,340,319,8760,8338,0.9518264840182649,357,342,8760,8216,0.9378995433789954,356,330,8760,8306,0.9481735159817352,355,338
12141002_10_46,12,141,2,2020-01-01T01:00:00Z,2024-01-01T00:00:00Z,35064,32483,0.9263917408167921,4,409,1346,8784,7016,0.7987249544626593,300,288,8760,8633,0.9855022831050229,362,361,8760,8140,0.9292237442922374,344,335,8760,8694,0.9924657534246575,364,362
13034002_10_49,13,34,2,2020-01-01T01:00:00Z,2024-01-01T00:00:00Z,35064,33410,0.9528291124800365,4,245,1378,8784,8376,0.953551912568306,357,347,8760,8051,0.9190639269406393,344,328,8760,8632,0.9853881278538813,364,358,8760,8351,0.953310502283105,355,345
13071015_10_49,13,71,15,2020-01-01T01:00:00Z,2024-01-01T00:00:00Z,35064,33993,0.9694558521560575,4,99,1409,8784,8438,0.9606102003642987,361,348,8760,8614,0.9833333333333333,363,360,8760,8456,0.965296803652968,360,349,8760,8485,0.968607305936073,362,352
13071017_10_49,13,71,17,2020-01-01T01:00:00Z,2024-01-01T00:00:00Z,35064,33886,0.9664042892995665,4,162,1401,8784,8389,0.9550318761384335,361,346,8760,8421,0.9613013698630137,359,346,8760,8350,0.9531963470319634,354,344,8760,8726,0.9961187214611872,365,365
14021006_10_49,14,21,6,2020-01-01T01:00:00Z,2024-01-01T00:00:00Z,35064,34358,0.979865389002966,4,162,1427,8784,8518,0.9697176684881603,361,354,8760,8733,0.9969178082191781,365,364,8760,8459,0.9656392694063927,359,349,8760,8648,0.9872146118721461,364,360
14021007_10_49,14,21,7,2020-01-01T01:00:00Z,2024-01-01T00:00:00Z,35064,34021,0.970254391968971,4,265,1409,8784,8200,0.9335154826958105,347,341,8760,8621,0.9841324200913242,363,357,8760,8701,0.9932648401826484,365,361,8760,8499,0.9702054794520548,362,350
14021009_10_49,14,21,9,2020-01-01T01:00:00Z,2024-01-01T00:00:00Z,35064,33763,0.9628964179785535,4,153,1399,8784,8387,0.954804189435337,359,346,8760,8332,0.9511415525114155,356,342,8760,8669,0.9896118721461187,365,363,8760,8375,0.9560502283105022,356,348
14026002_10_49,14,26,2,2020-01-01T01:00:00Z,2023-06-18T06:00:00Z,35064,27832,0.7937485740360484,4,4722,1139,8784,8144,0.9271402550091075,347,336,8760,8314,0.9490867579908676,355,339,8760,8422,0.9614155251141553,360,344,8760,2952,0.336986301369863,128,120
14047001_10_49,14,47,1,2020-01-01T01:00:00Z,2022-12-21T09:00:00Z,35064,24193,0.6899669176363221,3,9015,992,8784,7837,0.8921903460837887,336,322,8760,8197,0.9357305936073059,350,335,8760,8159,0.931392694063927,346,335,8760,0,0.0,0,0
15005011_10_47,15,5,11,2020-01-01T01:00:00Z,2024-01-01T00:00:00Z,35064,34777,0.9918149669176364,4,6,1460,8784,8725,0.993283242258652,366,365,8760,8694,0.9924657534246575,365,365,8760,8665,0.9891552511415526,365,365,8760,8693,0.992351598173516,365,365
15005014_10_49,15,5,14,2020-06-04T09:00:00Z,2024-01-01T00:00:00Z,35064,30120,0.8590006844626967,4,3728,1242,8784,4676,0.5323315118397086,202,192,8760,8567,0.9779680365296803,360,358,8760,8639,0.9861872146118722,365,360,8760,8238,0.9404109589041096,356,332
15005015_10_A,15,5,15,2022-01-01T01:00:00Z,2024-01-01T00:00:00Z,35064,17366,0.4952657996805841,2,17544,730,8784,0,0.0,0,0,8760,0,0.0,0,0,8760,8671,0.9898401826484018,365,365,8760,8695,0.992579908675799,365,365
15023004_10_47,15,23,4,2020-01-01T01:00:00Z,2024-01-01T00:00:00Z,35064,34768,0.9915582934063427,4,32,1453,8784,8686,0.9888433515482696,366,362,8760,8707,0.9939497716894977,365,364,8760,8698,0.9929223744292237,365,365,8760,8677,0.9905251141552511,365,362
15024001_10_47,15,24,1,2020-01-01T01:00:00Z,2022-01-01T00:00:00Z,35064,17213,0.4909023499885923,2,17520,720,8784,8563,0.9748406193078324,363,357,8760,8650,0.9874429223744292,365,363,8760,0,0.0,0,0,8760,0,0.0,0,0
15026001_10_47,15,26,1,2020-01-01T01:00:00Z,2022-01-01T00:00:00Z,35064,16890,0.4816906228610541,2,17520,704,8784,8314,0.9464936247723132,359,343,8760,8576,0.9789954337899544,365,361,8760,0,0.0,0,0,8760,0,0.0,0,0
15030001_10_49,15,30,1,2022-02-10T14:00:00Z,2024-01-01T00:00:00Z,35064,15776,0.44992014601870867,2,18517,658,8784,0,0.0,0,0,8760,0,0.0,0,0,8760,7429,0.8480593607305936,316,310,8760,8347,0.9528538812785388,354,348
15030021_10_47,15,30,21,2020-01-01T01:00:00Z,2024-01-01T00:00:00Z,35064,34820,0.9930412959160393,4,52,1451,8784,8760,0.9972677595628415,366,366,8760,8650,0.9874429223744292,364,360,8760,8697,0.9928082191780822,365,362,8760,8713,0.9946347031963471,365,363
15030027_10_49,15,30,27,2020-01-01T01:00:00Z,2024-01-01T00:00:00Z,35064,34165,0.9743611681496692,4,261,1430,8784,8575,0.9762067395264117,364,358,8760,8635,0.985730593607306,365,363,8760,8540,0.9748858447488584,362,357,8760,8415,0.9606164383561644,355,352
15030028_10_49,15,30,28,2020-01-01T01:00:00Z,2024-01-01T00:00:00Z,35064,34692,0.9893908281998631,4,30,1448,8784,8692,0.9895264116575592,366,362,8760,8658,0.9883561643835617,365,361,8760,8703,0.9934931506849315,365,365,8760,8639,0.9861872146118722,365,360
15032001_10_46,15,32,1,2020-02-01T01:00:00Z,2024-01-01T00:00:00Z,35064,33818,0.9644649783253479,4,744,1416,8784,7948,0.9048269581056466,335,332,8760,8543,0.9752283105022831,361,358,8760,8663,0.9889269406392694,365,364,8760,8664,0.989041095890411,365,362
15034008_10_47,15,34,8,2020-01-01T01:00:00Z,2024-01-01T00:00:00Z,35064,34647,0.9881074606433949,4,24,1443,8784,8667,0.9866803278688525,366,359,8760,8656,0.9881278538812786,365,360,8760,8649,0.9873287671232877,365,360,8760,8675,0.990296803652968,365,364
15036003_10_49,15,36,3,2020-01-01T01:00:00Z,2024-01-01T00:00:00Z,35064,34090,0.9722222222222222,4,138,1426,8784,8358,0.9515027322404371,357,348,8760,8546,0.9755707762557078,363,358,8760,8623,0.9843607305936073,365,362,8760,8563,0.9775114155251141,361,358
15036004_10_47,15,36,4,2020-01-01T01:00:00Z,2024-01-01T00:00:00Z,35064,34754,0.9911590234998859,4,50,1448,8784,8743,0.995332422586521,366,365,8760,8677,0.9905251141552511,365,362,8760,8665,0.9891552511415526,365,360,8760,8669,0.9896118721461187,364,361
15041001_10_47,15,41,1,2020-01-01T01:00:00Z,2024-01-01T00:00:00Z,35064,34571,0.9859399954369154,4,49,1446,8784,8718,0.9924863387978142,366,366,8760,8620,0.9840182648401826,365,359,8760,8599,0.98162100456621,364,359,8760,8634,0.9856164383561644,365,362
15055003_10_49,15,55,3,2020-01-01T01:00:00Z,2022-01-01T00:00:00Z,35064,17220,0.49110198494182067,2,17520,715,8784,8639,0.9834927140255009,364,359,8760,8581,0.9795662100456621,364,356,8760,0,0.0,0,0,8760,0,0.0,0,0
15055003_10_A,15,55,3,2022-01-01T01:00:00Z,2024-01-01T00:00:00Z,35064,17331,0.49426762491444215,2,17544,722,8784,0,0.0,0,0,8760,0,0.0,0,0,8760,8614,0.9833333333333333,364,358,8760,8717,0.9950913242009133,365,364
15059002_10_47,15,59,2,2020-01-01T01:00:00Z,2022-01-01T00:00:00Z,35064,16830,0.47997946611909653,2,17520,697,8784,8223,0.9361338797814208,358,337,8760,8607,0.9825342465753425,365,360,8760,0,0.0,0,0,8760,0,0.0,0,0
15070002_10_47,15,70,2,2020-01-01T01:00:00Z,2024-01-01T00:00:00Z,35064,33792,0.9637234770704997,4,228,1404,8784,8534,0.9715391621129326,363,353,8760,8339,0.9519406392694064,354,347,8760,8481,0.9681506849315068,362,352,8760,8438,0.9632420091324201,360,352
15070006_10_47,15,70,6,2020-01-01T01:00:00Z,2024-01-01T00:00:00Z,35064,31576,0.9005247547342004,4,2420,1305,8784,6085,0.6927367941712204,262,248,8760,8606,0.9824200913242009,365,359,8760,8587,0.9802511415525114,365,355,8760,8298,0.9472602739726027,355,343
15078005_10_49,15,78,5,2020-01-02T16:00:00Z,2024-01-01T00:00:00Z,35064,34108,0.9727355692448095,4,193,1414,8784,8250,0.9392076502732241,350,341,8760,8628,0.9849315068493151,364,359,8760,8710,0.9942922374429224,365,363,8760,8520,0.9726027397260274,361,351
15078007_10_49,15,78,7,2020-01-01T01:00:00Z,2024-01-01T00:00:00Z,35064,34096,0.972393337896418,4,75,1428,8784,8553,0.9737021857923497,364,360,8760,8430,0.9623287671232876,364,355,8760,8561,0.977283105022831,365,356,8760,8552,0.9762557077625571,365,357
15078008_10_49,15,78,8,2020-01-01T01:00:00Z,2024-01-01T00:00:00Z,35064,33692,0.960871549167237,4,76,1383,8784,8278,0.9423952641165756,361,334,8760,8317,0.9494292237442923,358,342,8760,8514,0.9719178082191781,363,351,8760,8583,0.9797945205479452,364,356
16078001_10_49,16,78,1,2020-01-01T01:00:00Z,2024-01-01T00:00:00Z,35064,33100,0.9439881359799225,4,288,1367,8784,8022,0.9132513661202186,345,329,8760,8543,0.9752283105022831,360,354,8760,8072,0.9214611872146119,346,332,8760,8463,0.9660958904109589,358,352
18021001_10_49,18,21,1,2020-01-01T01:00:00Z,2024-01-01T00:00:00Z,35064,31102,0.8870066164727356,4,238,1273,8784,8355,0.9511612021857924,353,348,8760,7432,0.8484018264840183,344,299,8760,7626,0.8705479452054794,350,313,8760,7689,0.8777397260273972,334,313
18087007_10_49,18,87,7,2020-01-01T01:00:00Z,2024-01-01T00:00:00Z,35064,34837,0.9935261236595939,4,110,1452,8784,8757,0.9969262295081968,366,365,8760,8710,0.9942922374429224,364,363,8760,8737,0.9973744292237443,365,364,8760,8633,0.9855022831050229,361,360
18087010_10_49,18,87,10,2020-01-01T01:00:00Z,2023-12-30T21:00:00Z,35064,34367,0.9801220625142596,4,169,1431,8784,8469,0.9641393442622951,360,358,8760,8676,0.9904109589041096,363,361,8760,8682,0.9910958904109589,365,361,8760,8540,0.9748858447488584,362,351
18140001_10_49,18,140,1,2020-01-01T01:00:00Z,2024-01-01T00:00:00Z,35064,32113,0.9158396075747205,4,362,1343,8784,8037,0.9149590163934426,346,339,8760,8053,0.9192922374429223,348,338,8760,8208,0.936986301369863,356,341,8760,7815,0.8921232876712328,342,325
19130001_10_49,19,130,1,2020-01-01T01:00:00Z,2024-01-01T00:00:00Z,35064,33998,0.9695984485512206,4,254,1420,8784,8565,0.975068306010929,364,358,8760,8228,0.9392694063926941,349,345,8760,8589,0.9804794520547945,361,359,8760,8616,0.9835616438356164,363,358
20009001_10_49,20,9,1,2021-01-01T01:00:00Z,2024-01-01T00:00:00Z,35064,25806,0.7359685147159479,3,8784,1070,8784,0,0.0,0,0,8760,8724,0.9958904109589041,365,365,8760,8608,0.982648401826484,364,356,8760,8474,0.967351598173516,359,349
20016001_10_47,20,16,1,2020-01-01T01:00:00Z,2024-01-01T00:00:00Z,35064,33181,0.9462981975815652,4,441,1362,8784,8405,0.9568533697632058,362,346,8760,8287,0.9460045662100457,361,335,8760,8076,0.9219178082191781,344,334,8760,8413,0.9603881278538813,359,347
20018001_10_47,20,18,1,2020-01-01T01:00:00Z,2024-01-01T00:00:00Z,35064,34243,0.976585671914214,4,172,1416,8784,8730,0.9938524590163934,366,364,8760,8565,0.9777397260273972,361,355,8760,8520,0.9726027397260274,363,350,8760,8428,0.9621004566210045,359,347
20019001_10_49,20,19,1,2020-01-01T01:00:00Z,2024-01-01T00:00:00Z,35064,34425,0.981776180698152,4,99,1430,8784,8671,0.9871357012750456,365,361,8760,8584,0.9799086757990868,365,355,8760,8686,0.9915525114155251,365,363,8760,8484,0.9684931506849315,361,351
20040001_10_47,20,40,1,2020-01-01T01:00:00Z,2024-01-01T00:00:00Z,35064,34393,0.9808635637691079,4,91,1427,8784,8736,0.994535519125683,366,364,8760,8303,0.9478310502283105,355,340,8760,8733,0.9969178082191781,365,365,8760,8621,0.9841324200913242,364,358
20055001_10_47,20,55,1,2020-01-01T01:00:00Z,2024-01-01T00:00:00Z,35064,34437,0.9821184120465435,4,122,1431,8784,8683,0.9885018214936248,364,362,8760,8655,0.988013698630137,363,361,8760,8572,0.9785388127853881,361,355,8760,8527,0.9734018264840183,361,353
20069002_10_49,20,69,2,2020-01-01T01:00:00Z,2024-01-01T00:00:00Z,35064,34350,0.979637234770705,4,78,1422,8784,8670,0.9870218579234973,364,361,8760,8424,0.9616438356164384,361,344,8760,8725,0.9960045662100456,365,364,8760,8531,0.9738584474885845,361,353
20069004_10_47,20,69,4,2020-01-01T01:00:00Z,2024-01-01T00:00:00Z,35064,32952,0.9397672826830937,4,634,1358,8784,8016,0.912568306010929,340,331,8760,8293,0.9466894977168949,354,342,8760,8048,0.9187214611872146,347,329,8760,8595,0.9811643835616438,365,356
20069005_10_47,20,69,5,2020-01-01T01:00:00Z,2024-01-01T00:00:00Z,35064,32820,0.9360027378507871,4,970,1361,8784,8393,0.9554872495446266,356,347,8760,7698,0.8787671232876713,326,320,8760,8345,0.9526255707762558,353,348,8760,8384,0.9570776255707762,358,346
20069006_10_46,20,69,6,2021-01-19T01:00:00Z,2024-01-01T00:00:00Z,35064,25653,0.7316050650239562,3,9216,1070,8784,0,0.0,0,0,8760,8260,0.9429223744292238,347,344,8760,8726,0.9961187214611872,365,365,8760,8667,0.9893835616438356,365,361
20069006_10_47,20,69,6,2020-01-01T01:00:00Z,2021-01-01T00:00:00Z,35064,8515,0.24284166096281087,1,26280,352,8784,8515,0.9693761384335154,361,352,8760,0,0.0,0,0,8760,0,0.0,0,0,8760,0,0.0,0,0
20069007_10_49,20,69,7,2021-01-01T01:00:00Z,2024-01-01T00:00:00Z,35064,25991,0.7412445813369838,3,8784,1082,8784,0,0.0,0,0,8760,8663,0.9889269406392694,364,362,8760,8704,0.993607305936073,365,363,8760,8624,0.9844748858447488,365,357
20071001_10_47,20,71,1,2020-01-01T01:00:00Z,2024-01-01T00:00:00Z,35064,34297,0.9781257129819758,4,441,1425,8784,8760,0.9972677595628415,366,366,8760,8669,0.9896118721461187,365,360,8760,8185,0.9343607305936074,346,338,8760,8683,0.9912100456621005,365,361
20073001_10_49,20,73,1,2021-01-01T01:00:00Z,2024-01-01T00:00:00Z,35064,25978,0.7408738307095597,3,8784,1083,8784,0,0.0,0,0,8760,8706,0.9938356164383562,365,364,8760,8717,0.9950913242009133,365,365,8760,8555,0.9765981735159818,362,354
20080001_10_49,20,80,1,2020-01-01T01:00:00Z,2024-01-01T00:00:00Z,35064,34773,0.9917008898015058,4,22,1450,8784,8746,0.9956739526411658,366,366,8760,8666,0.9892694063926941,365,360,8760,8695,0.992579908675799,365,363,8760,8666,0.9892694063926941,365,361
20902001_10_49,20,902,1,2021-01-01T01:00:00Z,2024-01-01T00:00:00Z,35064,23969,0.6835785991330139,3,8784,997,8784,0,0.0,0,0,8760,8703,0.9934931506849315,365,364,8760,8665,0.9891552511415526,364,361,8760,6601,0.7535388127853881,282,272
21005002_10_49,21,5,2,2020-01-01T01:00:00Z,2023-12-30T01:00:00Z,35064,30482,0.8693246634725074,4,1446,1262,8784,7873,0.8962887067395264,348,323,8760,7922,0.904337899543379,345,328,8760,6731,0.76837899543379,290,280,8760,7956,0.9082191780821918,343,331
21041008_10_49,21,41,8,2020-01-01T01:00:00Z,2024-01-01T00:00:00Z,35064,30230,0.8621378051562857,4,601,1258,8784,7713,0.8780737704918032,347,322,8760,7807,0.8912100456621005,350,328,8760,7240,0.8264840182648402,324,299,8760,7470,0.8527397260273972,338,309
21041010_10_49,21,41,10,2020-01-01T01:00:00Z,2024-01-01T00:00:00Z,35064,29782,0.8493611681496692,4,569,1219,8784,7364,0.8383424408014571,333,297,8760,7991,0.9122146118721461,355,330,8760,7106,0.8111872146118722,327,289,8760,7321,0.835730593607306,328,303
21041012_10_49,21,41,12,2020-01-01T01:00:00Z,2024-01-01T00:00:00Z,35064,24953,0.7116415697011179,4,7782,1034,8784,8203,0.9338570127504554,357,340,8760,8112,0.9260273972602739,348,338,8760,2423,0.27659817351598176,103,101,8760,6215,0.7094748858447488,265,255
21041015_10_49,21,41,15,2020-01-01T01:00:00Z,2023-12-31T23:00:00Z,35064,30208,0.8615103810175678,4,748,1234,8784,7100,0.808287795992714,331,281,8760,7302,0.8335616438356165,323,298,8760,8051,0.9190639269406393,348,332,8760,7755,0.8852739726027398,333,323
21041016_10_49,21,41,16,2020-01-02T19:00:00Z,2024-01-01T00:00:00Z,35064,31191,0.8895448323066393,4,161,1285,8784,8019,0.9129098360655737,356,331,8760,7797,0.8900684931506849,352,321,8760,7777,0.8877853881278539,351,316,8760,7598,0.867351598173516,335,317
21041017_10_49,21,41,17,2020-01-01T01:00:00Z,2024-01-01T00:00:00Z,35064,32321,0.9217716176135067,4,1133,1345,8784,8281,0.9427367941712204,357,344,8760,8407,0.9597031963470319,359,353,8760,8162,0.9317351598173516,352,337,8760,7471,0.8528538812785388,319,311
21050001_10_49,21,50,1,2020-01-01T01:00:00Z,2023-12-28T13:00:00Z,35064,29549,0.8427161761350673,4,453,1190,8784,7751,0.8823998178506375,345,316,8760,7676,0.8762557077625571,340,316,8760,7912,0.9031963470319635,349,326,8760,6210,0.708904109589041,303,232
21050003_10_49,21,50,3,2020-01-01T01:00:00Z,2022-01-01T00:00:00Z,35064,10070,0.2871891398585444,2,17520,409,8784,6768,0.7704918032786885,297,277,8760,3302,0.3769406392694064,150,132,8760,0,0.0,0,0,8760,0,0.0,0,0
21053003_10_49,21,53,3,2020-01-01T01:00:00Z,2023-12-23T22:00:00Z,35064,29000,0.8270590919461556,4,647,1196,8784,6073,0.6913706739526412,269,246,8760,8476,0.9675799086757991,360,355,8760,7872,0.8986301369863013,336,330,8760,6579,0.751027397260274,292,265
21055004_10_49,21,55,4,2020-01-08T11:00:00Z,2024-01-01T00:00:00Z,35064,32425,0.9247376226328998,4,189,1350,8784,7801,0.888091985428051,343,319,8760,8208,0.936986301369863,356,343,8760,8156,0.9310502283105023,354,342,8760,8260,0.9429223744292238,354,346
21055005_10_49,21,55,5,2020-01-02T13:00:00Z,2024-01-01T00:00:00Z,35064,28336,0.808122290668492,4,1014,1144,8784,6925,0.7883652094717668,332,273,8760,8125,0.9275114155251142,355,337,8760,6791,0.7752283105022831,309,272,8760,6495,0.7414383561643836,297,262
21055007_10_49,21,55,7,2020-01-01T01:00:00Z,2024-01-01T00:00:00Z,35064,32056,0.9142140086698608,4,451,1322,8784,7681,0.8744307832422586,330,313,8760,8488,0.9689497716894977,359,352,8760,7791,0.8893835616438356,332,322,8760,8096,0.9242009132420091,344,335
21060002_10_49,21,60,2,2020-01-01T01:00:00Z,2024-01-01T00:00:00Z,35064,31107,0.8871492128678987,4,339,1277,8784,7595,0.8646402550091075,339,306,8760,7497,0.8558219178082191,326,310,8760,8042,0.9180365296803653,348,331,8760,7973,0.9101598173515981,343,330
21064002_10_49,21,64,2,2020-01-01T01:00:00Z,2024-01-01T00:00:00Z,35064,31587,0.9008384668035592,4,336,1318,8784,7690,0.8754553734061931,332,319,8760,8213,0.9375570776255707,356,344,8760,7292,0.8324200913242009,335,298,8760,8392,0.9579908675799087,365,357
23010002_10_49,23,10,2,2020-01-01T01:00:00Z,2024-01-01T00:00:00Z,35064,34369,0.9801791010723249,4,243,1434,8784,8642,0.9838342440801457,364,361,8760,8659,0.9884703196347032,365,361,8760,8428,0.9621004566210045,356,350,8760,8640,0.9863013698630136,363,362
23050003_10_49,23,50,3,2020-01-01T01:00:00Z,2024-01-01T00:00:00Z,35064,34000,0.9696554871092858,4,182,1414,8784,8246,0.938752276867031,353,341,8760,8560,0.9771689497716894,364,355,8760,8660,0.9885844748858448,364,362,8760,8534,0.9742009132420091,358,356
23097001_10_49,23,97,1,2020-01-01T01:00:00Z,2024-01-01T00:00:00Z,35064,34012,0.9699977184576773,4,172,1413,8784,8463,0.9634562841530054,359,351,8760,8418,0.9609589041095891,360,350,8760,8481,0.9681506849315068,362,351,8760,8650,0.9874429223744292,365,361
24025001_10_49,24,25,1,2020-01-22T18:00:00Z,2022-12-27T12:00:00Z,35064,16567,0.47247889573351587,3,8868,691,8784,8055,0.9170081967213115,341,336,8760,551,0.06289954337899543,25,21,8760,7961,0.9087899543378996,336,334,8760,0,0.0,0,0
24038001_10_47,24,38,1,2020-01-01T01:00:00Z,2024-01-01T00:00:00Z,35064,33777,0.9632956878850103,4,191,1401,8784,8245,0.9386384335154827,351,341,8760,8121,0.927054794520548,347,334,8760,8666,0.9892694063926941,364,361,8760,8745,0.9982876712328768,365,365
24057003_10_47,24,57,3,2020-01-01T01:00:00Z,2020-07-28T22:00:00Z,35064,4861,0.13863221537759526,1,30026,198,8784,4861,0.5533925318761385,208,198,8760,0,0.0,0,0,8760,0,0.0,0,0,8760,0,0.0,0,0
24061001_10_49,24,61,1,2020-01-01T01:00:00Z,2021-01-01T00:00:00Z,35064,8362,0.23847821127081908,1,26280,348,8784,8362,0.9519581056466302,351,348,8760,0,0.0,0,0,8760,0,0.0,0,0,8760,0,0.0,0,0
24064001_10_49,24,64,1,2021-01-01T01:00:00Z,2023-01-01T00:00:00Z,35064,14932,0.42584987451517226,2,8784,624,8784,0,0.0,0,0,8760,8476,0.9675799086757991,356,353,8760,6456,0.736986301369863,276,271,8760,0,0.0,0,0
24089006_10_49,24,89,6,2020-01-01T01:00:00Z,2024-01-01T00:00:00Z,35064,34303,0.9782968286561716,4,155,1436,8784,8647,0.9844034608378871,363,361,8760,8700,0.9931506849315068,365,364,8760,8682,0.9910958904109589,365,364,8760,8274,0.9445205479452055,354,347
24089010_10_49,24,89,10,2020-01-01T01:00:00Z,2024-01-01T00:00:00Z,35064,34328,0.9790098106319872,4,140,1434,8784,8662,0.9861111111111112,366,365,8760,8659,0.9884703196347032,365,363,8760,8411,0.9601598173515982,360,346,8760,8596,0.9812785388127854,365,360
24115015_10_49,24,115,15,2020-01-01T01:00:00Z,2023-01-01T00:00:00Z,35064,25821,0.7363963039014374,3,8760,1082,8784,8638,0.9833788706739527,366,362,8760,8483,0.9683789954337899,360,355,8760,8700,0.9931506849315068,365,365,8760,0,0.0,0,0
24115017_10_49,24,115,17,2023-02-24T16:00:00Z,2024-01-01T00:00:00Z,35064,7375,0.21032968286561715,1,27615,309,8784,0,0.0,0,0,8760,0,0.0,0,0,8760,0,0.0,0,0,8760,7375,0.8418949771689498,311,309
24134006_10_49,24,134,6,2020-01-01T01:00:00Z,2024-01-01T00:00:00Z,35064,34714,0.9900182523385809,4,52,1454,8784,8713,0.9919171220400729,366,366,8760,8656,0.9881278538812786,365,362,8760,8698,0.9929223744292237,365,365,8760,8647,0.9871004566210045,364,361
24134007_10_54,24,134,7,2021-01-01T01:00:00Z,2023-01-01T00:00:00Z,35064,16043,0.4575347935204198,2,8784,659,8784,0,0.0,0,0,8760,8089,0.9234018264840183,346,331,8760,7954,0.9079908675799087,340,328,8760,0,0.0,0,0
24181001_10_49,24,181,1,2020-05-25T11:00:00Z,2024-01-01T00:00:00Z,35064,31268,0.8917408167921514,4,3490,1308,8784,5286,0.601775956284153,221,220,8760,8686,0.9915525114155251,365,364,8760,8668,0.9894977168949771,365,365,8760,8628,0.9849315068493151,364,359
24206001_10_47,24,206,1,2021-01-01T01:00:00Z,2023-01-01T00:00:00Z,35064,17465,0.49808920830481407,2,8784,729,8784,0,0.0,0,0,8760,8737,0.9973744292237443,365,365,8760,8728,0.9963470319634703,365,364,8760,0,0.0,0,0
24206002_10_47,24,206,2,2021-01-01T01:00:00Z,2023-01-01T00:00:00Z,35064,17237,0.4915868126853753,2,8784,718,8784,0,0.0,0,0,8760,8595,0.9811643835616438,360,358,8760,8642,0.9865296803652968,363,360,8760,0,0.0,0,0
25209001_10_47,25,209,1,2023-01-01T01:00:00Z,2024-01-01T00:00:00Z,35064,8398,0.2395049053159936,1,26304,350,8784,0,0.0,0,0,8760,0,0.0,0,0,8760,0,0.0,0,0,8760,8398,0.958675799086758,354,350
26011001_10_49,26,11,1,2020-01-01T01:00:00Z,2024-01-01T00:00:00Z,35064,33408,0.9527720739219713,4,97,1391,8784,8214,0.9351092896174863,355,341,8760,8379,0.9565068493150685,357,349,8760,8300,0.9474885844748858,356,344,8760,8515,0.9720319634703196,362,357
26019001_10_49,26,19,1,2020-01-01T02:00:00Z,2023-12-31T22:00:00Z,35064,33636,0.95927446954141,4,96,1400,8784,8253,0.9395491803278688,355,342,8760,8522,0.9728310502283105,360,355,8760,8507,0.9711187214611872,362,354,8760,8354,0.9536529680365297,361,349
26066001_10_49,26,66,1,2020-01-01T02:00:00Z,2023-12-31T22:00:00Z,35064,34321,0.9788101756787588,4,73,1439,8784,8634,0.9829234972677595,366,363,8760,8457,0.9654109589041096,359,353,8760,8630,0.9851598173515982,365,362,8760,8600,0.9817351598173516,365,361
26089001_10_49,26,89,1,2020-01-01T02:00:00Z,2024-01-01T00:00:00Z,35064,34294,0.978040155144878,4,96,1424,8784,8623,0.9816712204007286,362,357,8760,8558,0.9769406392694064,362,355,8760,8493,0.9695205479452055,361,353,8760,8620,0.9840182648401826,364,359
26117001_10_49,26,117,1,2020-01-01T02:00:00Z,2023-12-31T22:00:00Z,35064,33801,0.9639801505817933,4,75,1412,8784,8495,0.9670992714025501,363,355,8760,8403,0.9592465753424657,361,353,8760,8357,0.9539954337899543,359,346,8760,8546,0.9755707762557078,362,358
27013002_10_47,27,13,2,2020-01-01T01:00:00Z,2023-10-22T20:00:00Z,35064,32560,0.9285877253023044,4,1684,1359,8784,8752,0.9963570127504554,366,366,8760,8678,0.9906392694063927,364,362,8760,8668,0.9894977168949771,365,362,8760,6462,0.7376712328767123,273,269
27025015_10_47,27,25,15,2020-01-01T01:00:00Z,2024-01-01T00:00:00Z,35064,34756,0.9912160620579512,4,100,1453,8784,8746,0.9956739526411658,366,366,8760,8708,0.9940639269406393,365,363,8760,8673,0.9900684931506849,365,363,8760,8629,0.9850456621004566,362,361
27028005_10_49,27,28,5,2020-01-01T01:00:00Z,2024-01-01T00:00:00Z,35064,33977,0.9689995436915355,4,131,1412,8784,8421,0.9586748633879781,361,349,8760,8582,0.9796803652968037,364,359,8760,8622,0.9842465753424657,365,362,8760,8352,0.9534246575342465,359,342
27033001_10_47,27,33,1,2020-01-01T01:00:00Z,2024-01-01T00:00:00Z,35064,34054,0.9711955281770477,4,147,1411,8784,8423,0.9589025500910747,361,345,8760,8279,0.9450913242009132,355,342,8760,8678,0.9906392694063927,365,363,8760,8674,0.9901826484018265,365,361
27038003_10_47,27,38,3,2020-01-10T10:00:00Z,2021-02-10T07:00:00Z,35064,9274,0.26448779374857406,2,25313,382,8784,8310,0.9460382513661202,351,342,8760,964,0.11004566210045662,41,40,8760,0,0.0,0,0,8760,0,0.0,0,0
27038004_10_47,27,38,4,2020-01-01T01:00:00Z,2021-04-14T08:00:00Z,35064,10752,0.3066392881587953,2,23800,445,8784,8505,0.9682377049180327,361,353,8760,2247,0.2565068493150685,98,92,8760,0,0.0,0,0,8760,0,0.0,0,0
27038004_10_A,27,38,4,2022-03-31T01:00:00Z,2024-01-01T00:00:00Z,35064,15050,0.4292151494410221,2,19680,622,8784,0,0.0,0,0,8760,0,0.0,0,0,8760,6486,0.7404109589041096,274,267,8760,8564,0.9776255707762557,363,355
27057001_10_47,27,57,1,2021-02-12T17:00:00Z,2024-01-01T00:00:00Z,35064,21711,0.6191820670773442,3,9808,891,8784,0,0.0,0,0,8760,7303,0.833675799086758,311,301,8760,7062,0.8061643835616439,306,288,8760,7346,0.8385844748858448,314,302
27065004_10_47,27,65,4,2020-01-01T01:00:00Z,2024-01-01T00:00:00Z,35064,34606,0.9869381702030573,4,77,1439,8784,8729,0.9937386156648452,366,363,8760,8586,0.9801369863013699,363,357,8760,8677,0.9905251141552511,365,361,8760,8614,0.9833333333333333,364,358
27902002_10_A,27,902,2,2022-01-01T01:00:00Z,2024-01-01T00:00:00Z,35064,16989,0.48451403148528405,2,17544,704,8784,0,0.0,0,0,8760,0,0.0,0,0,8760,8454,0.9650684931506849,363,349,8760,8535,0.9743150684931506,361,355
28005002_10_49,28,5,2,2020-01-01T01:00:00Z,2024-01-01T00:00:00Z,35064,34532,0.984827743554643,4,54,1436,8784,8582,0.9770036429872495,365,354,8760,8613,0.9832191780821918,364,361,8760,8709,0.9941780821917808,365,364,8760,8628,0.9849315068493151,365,357
28006004_10_49,28,6,4,2020-01-01T01:00:00Z,2024-01-01T00:00:00Z,35064,34705,0.9897615788272872,4,31,1446,8784,8623,0.9816712204007286,365,358,8760,8654,0.9878995433789954,365,361,8760,8737,0.9973744292237443,365,365,8760,8691,0.9921232876712329,365,362
28013002_10_49,28,13,2,2020-01-01T01:00:00Z,2024-01-01T00:00:00Z,35064,34301,0.9782397900981064,4,41,1429,8784,8620,0.9813296903460837,366,362,8760,8603,0.9820776255707763,364,360,8760,8569,0.9781963470319635,365,356,8760,8509,0.9713470319634703,365,351
28014002_10_49,28,14,2,2020-01-01T01:00:00Z,2024-01-01T00:00:00Z,35064,34745,0.9909023499885923,4,14,1460,8784,8724,0.9931693989071039,366,366,8760,8673,0.9900684931506849,365,364,8760,8684,0.991324200913242,365,365,8760,8664,0.989041095890411,365,365
28016001_10_49,28,16,1,2020-01-01T01:00:00Z,2024-01-01T00:00:00Z,35064,34760,0.9913301391740816,4,36,1448,8784,8714,0.9920309653916212,366,362,8760,8599,0.98162100456621,364,359,8760,8745,0.9982876712328768,365,365,8760,8702,0.9933789954337899,365,362
28045002_10_49,28,45,2,2020-01-01T01:00:00Z,2024-01-01T00:00:00Z,35064,34891,0.9950661647273557,4,19,1455,8784,8732,0.99408014571949,366,366,8760,8734,0.9970319634703196,365,365,8760,8733,0.9969178082191781,365,364,8760,8692,0.9922374429223745,365,360
28049003_10_49,28,49,3,2020-01-02T15:00:00Z,2024-01-01T00:00:00Z,35064,34548,0.9852840520191649,4,48,1446,8784,8658,0.985655737704918,365,364,8760,8681,0.9909817351598174,365,364,8760,8563,0.9775114155251141,363,357,8760,8646,0.986986301369863,364,361
28058004_10_49,28,58,4,2020-01-02T10:00:00Z,2024-01-01T00:00:00Z,35064,34625,0.9874800365046772,4,33,1455,8784,8650,0.9847449908925319,365,363,8760,8659,0.9884703196347032,365,364,8760,8657,0.9882420091324201,365,364,8760,8659,0.9884703196347032,365,364
28065014_10_49,28,65,14,2020-01-01T01:00:00Z,2024-01-01T00:00:00Z,35064,34755,0.9911875427789185,4,43,1454,8784,8669,0.986908014571949,366,364,8760,8713,0.9946347031963471,365,365,8760,8687,0.9916666666666667,365,362,8760,8686,0.9915525114155251,364,363
28067001_10_49,28,67,1,2020-01-01T01:00:00Z,2024-01-01T00:00:00Z,35064,34829,0.9932979694273328,4,41,1452,8784,8710,0.9915755919854281,366,364,8760,8688,0.9917808219178083,365,362,8760,8723,0.9957762557077625,365,364,8760,8708,0.9940639269406393,365,362
28074007_10_49,28,74,7,2020-01-01T01:00:00Z,2024-01-01T00:00:00Z,35064,34467,0.9829739904175222,4,120,1443,8784,8716,0.9922586520947176,366,365,8760,8666,0.9892694063926941,365,362,8760,8442,0.9636986301369863,360,352,8760,8643,0.9866438356164383,365,364
28079008_10_47,28,79,8,2020-01-01T01:00:00Z,2024-01-01T00:00:00Z,35064,32239,0.9194330367328314,4,1121,1344,8784,8055,0.9170081967213115,345,339,8760,8090,0.9235159817351598,354,334,8760,7503,0.8565068493150685,319,315,8760,8591,0.9807077625570776,365,356
28079018_10_47,28,79,18,2020-01-01T03:00:00Z,2023-12-31T23:00:00Z,35064,32977,0.9404802646589094,4,1128,1380,8784,8539,0.9721083788706739,365,356,8760,8542,0.9751141552511415,365,363,8760,7494,0.8554794520547945,319,314,8760,8402,0.9591324200913242,362,347
28079024_10_47,28,79,24,2020-01-01T01:00:00Z,2024-01-01T00:00:00Z,35064,34095,0.9723648186173853,4,194,1417,8784,8703,0.9907786885245902,366,363,8760,8330,0.9509132420091324,356,347,8760,8597,0.9813926940639269,364,359,8760,8465,0.966324200913242,363,348
28079036_10_47,28,79,36,2020-01-01T01:00:00Z,2023-12-31T23:00:00Z,35064,33984,0.9691991786447639,4,273,1422,8784,8412,0.9576502732240437,355,351,8760,8458,0.9655251141552511,361,356,8760,8423,0.9615296803652968,355,353,8760,8691,0.9921232876712329,365,362
28079038_10_47,28,79,38,2020-01-01T01:00:00Z,2024-01-01T00:00:00Z,35064,33231,0.9477241615331964,4,1120,1393,8784,8735,0.9944216757741348,366,366,8760,8596,0.9812785388127854,365,361,8760,7327,0.8364155251141553,316,308,8760,8573,0.9786529680365297,364,358
28079040_10_47,28,79,40,2020-01-01T02:00:00Z,2023-12-31T23:00:00Z,35064,33963,0.9686002737850787,4,301,1415,8784,8433,0.9600409836065574,360,351,8760,8308,0.9484018264840183,354,345,8760,8701,0.9932648401826484,365,365,8760,8521,0.972716894977169,360,354
28079047_10_47,28,79,47,2020-01-01T01:00:00Z,2024-01-01T00:00:00Z,35064,33579,0.9576488706365504,4,155,1389,8784,8488,0.9663023679417122,359,354,8760,8291,0.9464611872146119,356,344,8760,8278,0.9449771689497717,358,341,8760,8522,0.9728310502283105,365,350
28079048_10_47,28,79,48,2020-01-01T01:00:00Z,2024-01-01T00:00:00Z,35064,33885,0.9663757700205339,4,472,1409,8784,8551,0.9734744990892532,362,355,8760,8609,0.9827625570776256,365,360,8760,8651,0.9875570776255708,365,361,8760,8074,0.921689497716895,346,333
28079050_10_47,28,79,50,2020-01-01T01:00:00Z,2024-01-01T00:00:00Z,35064,34149,0.9739048596851472,4,139,1423,8784,8685,0.9887295081967213,366,362,8760,8632,0.9853881278538813,365,360,8760,8222,0.9385844748858447,353,344,8760,8610,0.9828767123287672,364,357
28079055_10_47,28,79,55,2020-01-01T01:00:00Z,2024-01-01T00:00:00Z,35064,33246,0.9481519507186859,4,283,1374,8784,8394,0.9556010928961749,359,345,8760,8084,0.9228310502283105,350,338,8760,8281,0.9453196347031964,364,342,8760,8487,0.9688356164383561,364,349
28079056_10_47,28,79,56,2020-01-01T01:00:00Z,2023-12-31T23:00:00Z,35064,34390,0.98077800593201,4,73,1442,8784,8685,0.9887295081967213,366,364,8760,8592,0.9808219178082191,365,362,8760,8582,0.9796803652968037,365,361,8760,8531,0.9738584474885845,363,355
28079057_10_47,28,79,57,2020-01-01T01:00:00Z,2023-12-31T23:00:00Z,35064,34240,0.9765001140771161,4,151,1414,8784,8529,0.9709699453551912,361,353,8760,8505,0.9708904109589042,363,349,8760,8616,0.9835616438356164,365,356,8760,8590,0.980593607305936,364,356
28079060_10_47,28,79,60,2020-01-01T01:00:00Z,2024-01-01T00:00:00Z,35064,34473,0.983145106091718,4,34,1438,8784,8742,0.9952185792349727,366,365,8760,8623,0.9843607305936073,364,361,8760,8504,0.9707762557077626,365,352,8760,8604,0.9821917808219178,365,360
28080003_10_49,28,80,3,2020-01-01T01:00:00Z,2024-01-01T00:00:00Z,35064,34823,0.9931268537531371,4,48,1458,8784,8644,0.9840619307832422,364,363,8760,8706,0.9938356164383562,365,365,8760,8735,0.9971461187214612,365,365,8760,8738,0.9974885844748859,365,365
28092005_10_49,28,92,5,2020-01-01T01:00:00Z,2024-01-01T00:00:00Z,35064,34672,0.9888204426192105,4,25,1457,8784,8692,0.9895264116575592,366,366,8760,8667,0.9893835616438356,365,365,8760,8676,0.9904109589041096,365,364,8760,8637,0.9859589041095891,365,362
28102001_10_49,28,102,1,2020-01-01T01:00:00Z,2024-01-01T00:00:00Z,35064,34395,0.9809206023271732,4,69,1445,8784,8581,0.9768897996357013,365,360,8760,8666,0.9892694063926941,365,364,8760,8683,0.9912100456621005,365,365,8760,8465,0.966324200913242,360,356
28120001_10_49,28,120,1,2020-01-01T01:00:00Z,2024-01-01T00:00:00Z,35064,34533,0.9848562628336756,4,30,1439,8784,8594,0.9783697632058288,363,359,8760,8613,0.9832191780821918,365,357,8760,8684,0.991324200913242,365,362,8760,8642,0.9865296803652968,365,361
28123002_10_49,28,123,2,2020-01-01T01:00:00Z,2024-01-01T00:00:00Z,35064,34356,0.9798083504449008,4,44,1435,8784,8639,0.9834927140255009,366,362,8760,8568,0.9780821917808219,365,357,8760,8584,0.9799086757990868,365,359,8760,8565,0.9777397260273972,365,357
28127004_10_49,28,127,4,2023-08-01T01:00:00Z,2024-01-01T00:00:00Z,35064,3630,0.10352498288843258,1,31392,151,8784,0,0.0,0,0,8760,0,0.0,0,0,8760,0,0.0,0,0,8760,3630,0.4143835616438356,153,151
28133002_10_49,28,133,2,2020-01-01T01:00:00Z,2024-01-01T00:00:00Z,35064,34729,0.9904460415240702,4,21,1455,8784,8678,0.9879326047358834,366,362,8760,8688,0.9917808219178083,365,363,8760,8686,0.9915525114155251,365,365,8760,8677,0.9905251141552511,365,365
28134002_10_49,28,134,2,2023-08-10T09:00:00Z,2024-01-01T00:00:00Z,35064,3438,0.09804928131416837,1,31616,143,8784,0,0.0,0,0,8760,0,0.0,0,0,8760,0,0.0,0,0,8760,3438,0.39246575342465756,144,143
28148004_10_49,28,148,4,2020-01-06T01:00:00Z,2024-01-01T00:00:00Z,35064,34412,0.9814054300707278,4,120,1438,8784,8542,0.9724499089253188,361,358,8760,8621,0.9841324200913242,365,361,8760,8560,0.9771689497716894,363,355,8760,8689,0.9918949771689498,365,364
28171001_10_49,28,171,1,2020-01-01T01:00:00Z,2024-01-01T00:00:00Z,35064,34469,0.9830310289755875,4,78,1444,8784,8668,0.9867941712204007,366,361,8760,8552,0.9762557077625571,362,356,8760,8662,0.9888127853881279,365,364,8760,8587,0.9802511415525114,363,363
29067005_10_49,29,67,5,2020-01-01T01:00:00Z,2024-01-01T00:00:00Z,35064,34412,0.9814054300707278,4,195,1433,8784,8461,0.963228597449909,359,352,8760,8611,0.9829908675799087,361,358,8760,8655,0.988013698630137,363,361,8760,8685,0.9914383561643836,365,362
29067006_10_49,29,67,6,2020-01-01T01:00:00Z,2024-01-01T00:00:00Z,35064,32667,0.9316392881587954,4,1063,1354,8784,7343,0.8359517304189436,316,304,8760,8190,0.934931506849315,350,342,8760,8683,0.9912100456621005,365,361,8760,8451,0.9647260273972603,359,347
29067007_10_49,29,67,7,2020-01-01T01:00:00Z,2024-01-01T00:00:00Z,35064,30700,0.8755418663016199,4,1674,1268,8784,8511,0.9689207650273224,361,353,8760,8458,0.9655251141552511,360,351,8760,7026,0.802054794520548,302,290,8760,6705,0.7654109589041096,290,274
29067008_10_49,29,67,8,2020-01-14T06:00:00Z,2024-01-01T00:00:00Z,35064,33167,0.9458989276751084,4,317,1365,8784,8258,0.9401183970856102,349,344,8760,8429,0.9622146118721461,357,348,8760,7962,0.9089041095890411,349,321,8760,8518,0.9723744292237443,362,352
29069002_10_49,29,69,2,2020-01-01T01:00:00Z,2021-01-01T00:00:00Z,35064,7344,0.20944558521560575,1,26280,303,8784,7344,0.8360655737704918,323,303,8760,0,0.0,0,0,8760,0,0.0,0,0,8760,0,0.0,0,0
30005002_10_47,30,5,2,2020-01-01T01:00:00Z,2024-01-01T00:00:00Z,35064,34709,0.9898756559434178,4,68,1444,8784,8658,0.985655737704918,364,358,8760,8694,0.9924657534246575,364,362,8760,8684,0.991324200913242,365,361,8760,8673,0.9900684931506849,365,363
30015001_10_47,30,15,1,2020-01-01T01:00:00Z,2024-01-01T00:00:00Z,35064,33076,0.9433036732831394,4,1344,1377,8784,8762,0.9974954462659381,366,366,8760,8691,0.9921232876712329,363,362,8760,6984,0.7972602739726027,293,290,8760,8639,0.9861872146118722,365,359
30016001_10_47,30,16,1,2020-01-01T01:00:00Z,2024-01-01T00:00:00Z,35064,34038,0.9707392197125256,4,240,1409,8784,8647,0.9844034608378871,363,358,8760,8433,0.9626712328767123,355,349,8760,8250,0.9417808219178082,351,338,8760,8708,0.9940639269406393,365,364
30016018_10_47,30,16,18,2020-01-01T01:00:00Z,2024-01-01T00:00:00Z,35064,33177,0.9461841204654347,4,510,1368,8784,8479,0.9652777777777778,358,350,8760,7984,0.9114155251141552,342,324,8760,8068,0.9210045662100457,343,332,8760,8646,0.986986301369863,365,362
30016020_10_47,30,16,20,2020-01-01T01:00:00Z,2023-01-01T00:00:00Z,35064,25473,0.7264715947980835,3,8760,1048,8784,8552,0.9735883424408015,359,354,8760,8658,0.9883561643835617,365,358,8760,8263,0.9432648401826484,355,336,8760,0,0.0,0,0
30016020_10_A,30,16,20,2023-01-01T01:00:00Z,2024-01-01T00:00:00Z,35064,8372,0.23876340406114532,1,26304,345,8784,0,0.0,0,0,8760,0,0.0,0,0,8760,0,0.0,0,0,8760,8372,0.9557077625570777,359,345
30016021_10_47,30,16,21,2020-01-01T01:00:00Z,2024-01-01T00:00:00Z,35064,33693,0.9609000684462696,4,301,1394,8784,8634,0.9829234972677595,363,359,8760,8662,0.9888127853881279,363,359,8760,7964,0.9091324200913242,350,328,8760,8433,0.9626712328767123,360,348
30024002_10_47,30,24,2,2020-01-01T01:00:00Z,2024-01-01T00:00:00Z,35064,34394,0.9808920830481406,4,77,1423,8784,8641,0.9837204007285975,364,358,8760,8546,0.9755707762557078,361,353,8760,8574,0.9787671232876712,363,353,8760,8633,0.9855022831050229,365,359
30030007_10_49,30,30,7,2020-01-01T01:00:00Z,2024-01-01T00:00:00Z,35064,33442,0.9537417294090805,4,302,1377,8784,8261,0.9404599271402551,361,331,8760,8446,0.9641552511415525,358,351,8760,8439,0.9633561643835616,357,349,8760,8296,0.9470319634703196,352,346
31010001_10_49,31,10,1,2020-01-01T01:00:00Z,2024-01-01T00:00:00Z,35064,33785,0.9635238421172713,4,104,1416,8784,8513,0.969148451730419,366,359,8760,8418,0.9609589041095891,362,356,8760,8360,0.954337899543379,361,349,8760,8494,0.969634703196347,364,352
31107001_10_49,31,107,1,2020-01-01T01:00:00Z,2024-01-01T00:00:00Z,35064,33337,0.9507472051106548,4,177,1394,8784,8328,0.9480874316939891,362,349,8760,8490,0.9691780821917808,364,357,8760,8196,0.9356164383561644,354,342,8760,8323,0.9501141552511415,360,346
31149002_10_49,31,149,2,2020-01-01T01:00:00Z,2024-01-01T00:00:00Z,35064,32254,0.9198608259183207,4,217,1334,8784,8082,0.9200819672131147,364,339,8760,7961,0.9087899543378996,350,328,8760,8357,0.9539954337899543,361,346,8760,7854,0.8965753424657534,348,321
31191001_10_49,31,191,1,2020-01-01T01:00:00Z,2024-01-01T00:00:00Z,35064,33333,0.9506331279945243,4,141,1405,8784,8354,0.9510473588342441,360,352,8760,8389,0.957648401826484,360,353,8760,8353,0.9535388127853881,360,354,8760,8237,0.9402968036529681,355,346
31201012_10_49,31,201,12,2020-01-01T01:00:00Z,2023-12-31T23:00:00Z,35064,33427,0.9533139402235912,4,98,1386,8784,8445,0.9614071038251366,364,349,8760,8321,0.9498858447488584,357,346,8760,8327,0.9505707762557077,359,345,8760,8334,0.9513698630136986,359,346
31201013_10_49,31,201,13,2020-01-01T01:00:00Z,2020-09-14T05:00:00Z,35064,6046,0.17242756103125714,1,28891,254,8784,6046,0.6882969034608379,258,254,8760,0,0.0,0,0,8760,0,0.0,0,0,8760,0,0.0,0,0
31201014_10_49,31,201,14,2020-01-01T01:00:00Z,2024-01-01T00:00:00Z,35064,33644,0.959502623773671,4,244,1398,8784,8644,0.9840619307832422,366,359,8760,8483,0.9683789954337899,361,354,8760,8013,0.9147260273972603,350,329,8760,8504,0.9707762557077626,364,356
31201015_10_49,31,201,15,2020-09-18T15:00:00Z,2024-01-01T00:00:00Z,35064,26604,0.7587268993839835,4,6278,1106,8784,2376,0.27049180327868855,102,100,8760,8164,0.9319634703196347,355,339,8760,7629,0.8708904109589041,340,311,8760,8435,0.9628995433789954,361,356
31216001_10_49,31,216,1,2020-01-01T01:00:00Z,2024-01-01T00:00:00Z,35064,33469,0.9545117499429614,4,145,1389,8784,8579,0.9766621129326047,366,360,8760,8564,0.9776255707762557,364,361,8760,8354,0.9536529680365297,359,346,8760,7972,0.9100456621004567,349,322
31232002_10_49,31,232,2,2020-01-01T01:00:00Z,2024-01-01T00:00:00Z,35064,33420,0.9531143052703628,4,316,1396,8784,8295,0.9443306010928961,355,348,8760,8084,0.9228310502283105,349,335,8760,8561,0.977283105022831,364,359,8760,8480,0.9680365296803652,363,354
31232003_10_49,31,232,3,2020-01-01T02:00:00Z,2024-01-01T00:00:00Z,35064,32275,0.9204597307780059,4,97,1363,8784,7886,0.8977686703096539,364,336,8760,8166,0.9321917808219178,363,350,8760,8167,0.9323059360730593,363,341,8760,8056,0.919634703196347,358,336
32032001_10_49,32,32,1,2020-01-01T01:00:00Z,2024-01-01T00:00:00Z,35064,34082,0.9719940679899612,4,215,1419,8784,8597,0.9787112932604736,364,360,8760,8385,0.9571917808219178,357,351,8760,8517,0.9722602739726027,362,353,8760,8583,0.9797945205479452,364,355
32039001_10_49,32,39,1,2020-01-01T01:00:00Z,2024-01-01T00:00:00Z,35064,34055,0.9712240474560803,4,79,1425,8784,8480,0.9653916211293261,362,353,8760,8540,0.9748858447488584,364,357,8760,8615,0.9834474885844748,365,360,8760,8420,0.9611872146118722,364,355
32054004_10_49,32,54,4,2020-01-01T01:00:00Z,2024-01-01T00:00:00Z,35064,33805,0.9640942276979237,4,109,1418,8784,8484,0.9658469945355191,364,356,8760,8382,0.9568493150684931,363,355,8760,8503,0.970662100456621,364,353,8760,8436,0.963013698630137,360,354
33004020_10_49,33,4,20,2020-01-01T01:00:00Z,2024-01-01T00:00:00Z,35064,34105,0.9726500114077116,4,111,1429,8784,8545,0.9727914389799636,363,359,8760,8524,0.9730593607305936,360,356,8760,8400,0.958904109589041,359,349,8760,8636,0.9858447488584475,365,365
33004021_10_49,33,4,21,2020-01-01T01:00:00Z,2024-01-01T00:00:00Z,35064,34496,0.9838010495094685,4,76,1438,8784,8742,0.9952185792349727,366,366,8760,8690,0.9920091324200914,365,364,8760,8426,0.9618721461187215,362,347,8760,8638,0.9860730593607306,365,361
33004048_10_49,33,4,48,2020-01-01T01:00:00Z,2024-01-01T00:00:00Z,35064,33987,0.9692847364818618,4,164,1416,8784,8567,0.9752959927140255,360,358,8760,8449,0.9644977168949772,359,352,8760,8503,0.970662100456621,363,354,8760,8468,0.9666666666666667,362,352
33004049_10_49,33,4,49,2020-01-01T01:00:00Z,2024-01-01T00:00:00Z,35064,34210,0.9756445357061373,4,76,1425,8784,8551,0.9734744990892532,362,358,8760,8485,0.968607305936073,360,352,8760,8630,0.9851598173515982,365,362,8760,8544,0.9753424657534246,364,353
33004052_10_49,33,4,52,2020-01-01T01:00:00Z,2024-01-01T00:00:00Z,35064,33416,0.9530002281542322,4,355,1383,8784,8410,0.9574225865209471,359,346,8760,8123,0.9272831050228311,346,338,8760,8289,0.9462328767123288,356,341,8760,8594,0.9810502283105023,365,358
33011001_10_49,33,11,1,2020-01-01T01:00:00Z,2024-01-01T00:00:00Z,35064,33621,0.9588466803559206,4,214,1398,8784,8588,0.9776867030965392,362,357,8760,8465,0.966324200913242,359,353,8760,8370,0.9554794520547946,359,346,8760,8198,0.9358447488584475,352,342
33024023_10_49,33,24,23,2020-01-01T01:00:00Z,2020-12-30T01:00:00Z,35064,8455,0.2411305042208533,1,26327,352,8784,8455,0.9625455373406193,359,352,8760,0,0.0,0,0,8760,0,0.0,0,0,8760,0,0.0,0,0
33024024_10_49,33,24,24,2020-01-01T01:00:00Z,2024-01-01T00:00:00Z,35064,34261,0.9770990189368013,4,161,1437,8784,8623,0.9816712204007286,363,363,8760,8575,0.9788812785388128,362,360,8760,8551,0.9761415525114155,365,357,8760,8512,0.971689497716895,362,357
33024025_10_49,33,24,25,2020-01-01T01:00:00Z,2024-01-01T00:00:00Z,35064,34132,0.9734200319415925,4,154,1425,8784,8483,0.9657331511839709,361,352,8760,8589,0.9804794520547945,362,358,8760,8656,0.9881278538812786,365,363,8760,8404,0.9593607305936073,360,352
33024027_10_49,33,24,27,2020-01-01T01:00:00Z,2024-01-01T00:00:00Z,35064,34010,0.9699406798996122,4,196,1418,8784,8508,0.9685792349726776,360,356,8760,8476,0.9675799086757991,360,352,8760,8423,0.9615296803652968,359,351,8760,8603,0.9820776255707763,364,359
33024031_10_49,33,24,31,2020-01-01T01:00:00Z,2024-01-01T00:00:00Z,35064,34177,0.9747033994980607,4,99,1421,8784,8619,0.9812158469945356,363,360,8760,8671,0.9898401826484018,365,365,8760,8387,0.9574200913242009,361,344,8760,8500,0.9703196347031964,364,352
33024032_10_49,33,24,32,2020-01-01T01:00:00Z,2024-01-01T00:00:00Z,35064,34420,0.9816335843029889,4,183,1439,8784,8605,0.9796220400728597,362,359,8760,8577,0.9791095890410959,361,359,8760,8619,0.9839041095890411,364,361,8760,8619,0.9839041095890411,365,360
33024099_10_49,33,24,99,2022-01-01T01:00:00Z,2024-01-01T00:00:00Z,35064,16219,0.462554186630162,2,17544,672,8784,0,0.0,0,0,8760,0,0.0,0,0,8760,7675,0.8761415525114156,333,316,8760,8544,0.9753424657534246,365,356
33031029_10_49,33,31,29,2020-01-01T01:00:00Z,2024-01-01T00:00:00Z,35064,33708,0.9613278576317591,4,176,1400,8784,8503,0.9680100182149363,362,352,8760,8238,0.9404109589041096,354,340,8760,8453,0.9649543378995433,358,354,8760,8514,0.9719178082191781,363,354
33031030_10_49,33,31,30,2020-01-01T01:00:00Z,2024-01-01T00:00:00Z,35064,33927,0.9675735797399042,4,76,1402,8784,8602,0.9792805100182149,366,357,8760,8491,0.9692922374429224,361,354,8760,8316,0.9493150684931507,364,336,8760,8518,0.9723744292237443,364,355
33031032_10_49,33,31,32,2020-01-01T01:00:00Z,2024-01-01T00:00:00Z,35064,33225,0.9475530458590007,4,420,1375,8784,8225,0.9363615664845173,354,340,8760,8290,0.9463470319634704,355,344,8760,8432,0.9625570776255707,362,350,8760,8278,0.9449771689497717,360,341
33037012_10_49,33,37,12,2020-01-01T01:00:00Z,2024-01-01T00:00:00Z,35064,33477,0.9547399041752225,4,369,1396,8784,8382,0.9542349726775956,355,350,8760,8542,0.9751141552511415,359,358,8760,8060,0.9200913242009132,346,335,8760,8493,0.9695205479452055,360,353
33044029_10_49,33,44,29,2020-01-02T18:00:00Z,2024-01-01T00:00:00Z,35064,34389,0.9807494866529775,4,45,1431,8784,8551,0.9734744990892532,364,353,8760,8672,0.9899543378995433,365,362,8760,8588,0.9803652968036529,365,358,8760,8578,0.9792237442922375,364,358
33044030_10_49,33,44,30,2020-01-01T01:00:00Z,2024-01-01T00:00:00Z,35064,33675,0.9603867214236824,4,286,1412,8784,8244,0.9385245901639344,353,345,8760,8533,0.9740867579908675,364,357,8760,8591,0.9807077625570776,364,360,8760,8307,0.9482876712328767,361,350
33044032_10_49,33,44,32,2020-01-01T01:00:00Z,2024-01-01T00:00:00Z,35064,34449,0.982460643394935,4,68,1440,8784,8681,0.9882741347905283,366,363,8760,8505,0.9708904109589042,362,356,8760,8627,0.9848173515981735,365,359,8760,8636,0.9858447488584475,365,362
33044033_10_49,33,44,33,2020-01-01T01:00:00Z,2024-01-01T00:00:00Z,35064,34359,0.9798939082819986,4,74,1433,8784,8702,0.9906648451730419,366,366,8760,8655,0.988013698630137,365,360,8760,8575,0.9788812785388128,365,357,8760,8427,0.961986301369863,361,350
33060003_10_49,33,60,3,2020-01-01T01:00:00Z,2024-01-01T00:00:00Z,35064,33682,0.9605863563769108,4,390,1407,8784,8352,0.9508196721311475,355,349,8760,8158,0.9312785388127854,351,339,8760,8567,0.9779680365296803,364,358,8760,8605,0.9823059360730594,365,361
33066004_10_49,33,66,4,2020-01-01T01:00:00Z,2024-01-01T00:00:00Z,35064,34235,0.976357517681953,4,85,1431,8784,8685,0.9887295081967213,366,362,8760,8597,0.9813926940639269,362,360,8760,8502,0.9705479452054795,361,357,8760,8451,0.9647260273972603,364,352
34023003_10_49,34,23,3,2020-01-01T01:00:00Z,2024-01-01T00:00:00Z,35064,34141,0.9736767054528862,4,212,1418,8784,8639,0.9834927140255009,365,360,8760,8680,0.9908675799086758,365,360,8760,8344,0.9525114155251142,354,345,8760,8478,0.9678082191780822,358,353
34023004_10_49,34,23,4,2021-01-01T01:00:00Z,2023-01-01T00:00:00Z,35064,17053,0.48633926534337213,2,8784,708,8784,0,0.0,0,0,8760,8539,0.9747716894977169,361,354,8760,8514,0.9719178082191781,361,354,8760,0,0.0,0,0
34080004_10_49,34,80,4,2020-01-01T01:00:00Z,2024-01-01T00:00:00Z,35064,34640,0.9879078256901666,4,44,1452,8784,8716,0.9922586520947176,366,366,8760,8662,0.9888127853881279,365,365,8760,8658,0.9883561643835617,365,362,8760,8604,0.9821917808219178,364,359
34120008_10_49,34,120,8,2020-01-01T01:00:00Z,2023-12-31T23:00:00Z,35064,34610,0.9870522473191877,4,72,1451,8784,8513,0.969148451730419,361,356,8760,8709,0.9941780821917808,365,365,8760,8686,0.9915525114155251,365,365,8760,8702,0.9933789954337899,365,365
34214001_10_46,34,214,1,2020-01-01T01:00:00Z,2021-01-01T00:00:00Z,35064,8736,0.24914442162902123,1,26280,364,8784,8736,0.994535519125683,366,364,8760,0,0.0,0,0,8760,0,0.0,0,0,8760,0,0.0,0,0
34225001_10_49,34,225,1,2021-01-01T01:00:00Z,2023-01-01T00:00:00Z,35064,17407,0.49643509012092174,2,8784,729,8784,0,0.0,0,0,8760,8729,0.9964611872146119,365,365,8760,8678,0.9906392694063927,364,364,8760,0,0.0,0,0
35002001_10_A,35,2,1,2020-01-01T01:00:00Z,2024-01-01T00:00:00Z,35064,33068,0.9430755190508784,4,744,1381,8784,8594,0.9783697632058288,363,356,8760,7669,0.8754566210045662,322,320,8760,8321,0.9498858447488584,351,349,8760,8484,0.9684931506849315,361,356
35002002_10_A,35,2,2,2020-01-01T01:00:00Z,2020-10-13T12:00:00Z,35064,6816,0.1943874058863792,1,28188,283,8784,6816,0.7759562841530054,287,283,8760,0,0.0,0,0,8760,0,0.0,0,0,8760,0,0.0,0,0
35004001_10_49,35,4,1,2020-01-01T01:00:00Z,2024-01-01T00:00:00Z,35064,34257,0.9769849418206707,4,76,1437,8784,8567,0.9752959927140255,364,359,8760,8591,0.9807077625570776,363,360,8760,8499,0.9702054794520548,361,357,8760,8600,0.9817351598173516,363,361
35004002_10_49,35,4,2,2020-01-01T02:00:00Z,2024-01-01T00:00:00Z,35064,24938,0.7112137805156286,4,8979,1042,8784,2039,0.2321265938069217,87,85,8760,5904,0.673972602739726,248,246,8760,8286,0.9458904109589041,351,346,8760,8709,0.9941780821917808,365,365
35006001_10_49,35,6,1,2020-01-01T01:00:00Z,2024-01-01T00:00:00Z,35064,32351,0.9226271959844855,4,230,1334,8784,7652,0.8711293260473588,342,309,8760,8219,0.9382420091324201,353,340,8760,8083,0.9227168949771689,350,334,8760,8397,0.9585616438356165,358,351
35016010_10_49,35,16,10,2020-01-01T01:00:00Z,2024-01-01T00:00:00Z,35064,34424,0.9817476614191193,4,80,1438,8784,8697,0.9900956284153005,366,363,8760,8585,0.9800228310502284,363,358,8760,8563,0.9775114155251141,362,357,8760,8579,0.979337899543379,363,360
35016011_10_49,35,16,11,2020-01-01T01:00:00Z,2024-01-01T00:00:00Z,35064,21457,0.6119381702030573,4,7870,889,8784,7966,0.9068761384335154,338,331,8760,5899,0.6734018264840183,249,245,8760,928,0.10593607305936073,41,37,8760,6664,0.7607305936073059,281,276
35016012_10_49,35,16,12,2020-01-01T01:00:00Z,2024-01-01T00:00:00Z,35064,31692,0.9038329911019849,4,1177,1317,8784,7841,0.8926457194899818,345,322,8760,7140,0.815068493150685,312,297,8760,8200,0.9360730593607306,358,344,8760,8511,0.9715753424657534,360,354
35016014_10_49,35,16,14,2020-01-01T01:00:00Z,2024-01-01T00:00:00Z,35064,25875,0.7379363449691991,4,5958,1059,8784,3721,0.4236111111111111,190,142,8760,6477,0.7393835616438356,276,269,8760,7290,0.8321917808219178,313,301,8760,8387,0.9574200913242009,359,347
35017001_10_47,35,17,1,2020-01-01T01:00:00Z,2024-01-01T00:00:00Z,35064,33595,0.9581051791010723,4,268,1404,8784,8204,0.9339708561020036,351,341,8760,8388,0.9575342465753425,361,350,8760,8453,0.9649543378995433,356,354,8760,8550,0.976027397260274,363,359
35017002_10_47,35,17,2,2020-01-01T01:00:00Z,2024-01-01T00:00:00Z,35064,34160,0.974218571754506,4,169,1433,8784,8661,0.9859972677595629,366,363,8760,8420,0.9611872146118722,359,352,8760,8512,0.971689497716895,358,358,8760,8567,0.9779680365296803,363,360
35017003_10_49,35,17,3,2020-01-17T12:00:00Z,2024-01-01T00:00:00Z,35064,31500,0.8983572895277208,4,778,1301,8784,6264,0.7131147540983607,282,251,8760,8359,0.9542237442922374,364,344,8760,8308,0.9484018264840183,357,347,8760,8569,0.9781963470319635,363,359
35017004_10_49,35,17,4,2020-01-01T01:00:00Z,2024-01-01T00:00:00Z,35064,33336,0.9507186858316222,4,385,1386,8784,8013,0.9122267759562842,345,331,8760,8423,0.9615296803652968,362,351,8760,8339,0.9519406392694064,357,347,8760,8561,0.977283105022831,364,357
35017005_10_49,35,17,5,2020-01-01T01:00:00Z,2024-01-01T00:00:00Z,35064,33076,0.9433036732831394,4,169,1381,8784,8552,0.9735883424408015,364,360,8760,8160,0.9315068493150684,358,342,8760,8215,0.9377853881278538,354,345,8760,8149,0.9302511415525114,361,334
35019001_10_A,35,19,1,2020-01-01T01:00:00Z,2024-01-01T00:00:00Z,35064,33777,0.9632956878850103,4,145,1406,8784,8670,0.9870218579234973,366,360,8760,8391,0.9578767123287671,355,348,8760,8228,0.9392694063926941,349,344,8760,8488,0.9689497716894977,363,354
35019002_10_A,35,19,2,2020-01-01T01:00:00Z,2021-08-20T08:00:00Z,35064,13918,0.39693132557608946,2,20728,575,8784,8632,0.982695810564663,363,358,8760,5286,0.6034246575342466,225,217,8760,0,0.0,0,0,8760,0,0.0,0,0
35019004_10_47,35,19,4,2020-01-01T01:00:00Z,2024-01-01T00:00:00Z,35064,34127,0.9732774355464294,4,144,1421,8784,8584,0.9772313296903461,363,354,8760,8598,0.9815068493150685,362,359,8760,8437,0.9631278538812785,357,353,8760,8508,0.9712328767123287,362,355
35022003_10_49,35,22,3,2021-01-01T01:00:00Z,2024-01-01T00:00:00Z,35064,25082,0.7153205566963268,3,8784,1046,8784,0,0.0,0,0,8760,8609,0.9827625570776256,363,360,8760,8250,0.9417808219178082,348,345,8760,8223,0.9386986301369863,362,341
35024001_10_49,35,24,1,2020-01-01T01:00:00Z,2024-01-01T00:00:00Z,35064,33603,0.9583333333333334,4,672,1407,8784,8571,0.9757513661202186,363,358,8760,8585,0.9800228310502284,363,360,8760,7903,0.9021689497716895,334,332,8760,8544,0.9753424657534246,362,357
35024002_10_49,35,24,2,2020-01-01T01:00:00Z,2024-01-01T00:00:00Z,35064,34186,0.9749600730093543,4,74,1432,8784,8597,0.9787112932604736,364,362,8760,8570,0.978310502283105,363,357,8760,8446,0.9641552511415525,359,354,8760,8573,0.9786529680365297,363,359
35026001_10_49,35,26,1,2020-01-01T01:00:00Z,2024-01-01T00:00:00Z,35064,34481,0.983373260323979,4,99,1443,8784,8670,0.9870218579234973,366,362,8760,8644,0.9867579908675799,363,361,8760,8568,0.9780821917808219,361,359,8760,8599,0.98162100456621,363,361
35026003_10_49,35,26,3,2020-01-01T01:00:00Z,2023-12-29T01:00:00Z,35064,31470,0.8975017111567419,4,584,1302,8784,7278,0.828551912568306,321,299,8760,7905,0.9023972602739726,346,325,8760,7928,0.9050228310502283,344,328,8760,8359,0.9542237442922374,357,350
35026004_10_49,35,26,4,2020-01-01T01:00:00Z,2024-01-01T00:00:00Z,35064,34209,0.9756160164271047,4,81,1424,8784,8662,0.9861111111111112,366,359,8760,8578,0.9792237442922375,362,356,8760,8427,0.961986301369863,359,351,8760,8542,0.9751141552511415,363,358
36024001_10_49,36,24,1,2020-01-01T01:00:00Z,2024-01-01T00:00:00Z,35064,34200,0.9753593429158111,4,79,1422,8784,8543,0.972563752276867,362,356,8760,8635,0.985730593607306,365,361,8760,8564,0.9776255707762557,363,357,8760,8458,0.9655251141552511,362,348
36038008_10_49,36,38,8,2020-01-01T01:00:00Z,2024-01-01T00:00:00Z,35064,34482,0.9834017796030117,4,54,1444,8784,8576,0.97632058287796,365,357,8760,8608,0.982648401826484,365,360,8760,8639,0.9861872146118722,364,363,8760,8659,0.9884703196347032,365,364
36038010_10_49,36,38,10,2020-01-01T01:00:00Z,2023-12-30T01:00:00Z,35064,34066,0.9715377595254392,4,97,1416,8784,8552,0.9735883424408015,362,357,8760,8533,0.9740867579908675,362,356,8760,8486,0.9687214611872146,362,350,8760,8495,0.9697488584474886,362,353
36041001_10_47,36,41,1,2020-01-01T01:00:00Z,2024-01-01T00:00:00Z,35064,34237,0.9764145562400183,4,340,1434,8784,8665,0.9864526411657559,366,362,8760,8635,0.985730593607306,365,363,8760,8325,0.9503424657534246,352,349,8760,8612,0.9831050228310503,364,360
36057019_10_49,36,57,19,2020-01-01T01:00:00Z,2024-01-01T00:00:00Z,35064,34235,0.976357517681953,4,82,1430,8784,8602,0.9792805100182149,364,362,8760,8492,0.9694063926940639,363,353,8760,8568,0.9780821917808219,365,356,8760,8573,0.9786529680365297,363,359
36057022_10_47,36,57,22,2020-01-01T01:00:00Z,2024-01-01T00:00:00Z,35064,34466,0.9829454711384896,4,96,1442,8784,8700,0.9904371584699454,366,365,8760,8617,0.983675799086758,363,360,8760,8580,0.9794520547945206,361,359,8760,8569,0.9781963470319635,365,358
36057026_10_49,36,57,26,2020-01-01T01:00:00Z,2024-01-01T00:00:00Z,35064,34055,0.9712240474560803,4,147,1417,8784,8330,0.9483151183970856,359,343,8760,8471,0.9670091324200913,361,354,8760,8639,0.9861872146118722,365,360,8760,8615,0.9834474885844748,365,360
37177001_10_49,37,177,1,2021-02-16T13:00:00Z,2024-01-01T00:00:00Z,35064,15303,0.43643052703627655,2,9900,640,8784,0,0.0,0,0,8760,7576,0.8648401826484018,319,316,8760,0,0.0,0,0,8760,7727,0.8820776255707763,332,324
37274010_10_49,37,274,10,2020-01-01T01:00:00Z,2024-01-01T00:00:00Z,35064,34764,0.9914442162902122,4,38,1455,8784,8709,0.9914617486338798,366,364,8760,8665,0.9891552511415526,364,363,8760,8707,0.9939497716894977,365,365,8760,8683,0.9912100456621005,365,363
37274011_10_49,37,274,11,2020-01-01T01:00:00Z,2024-01-01T00:00:00Z,35064,34541,0.9850844170659365,4,92,1446,8784,8561,0.9746129326047359,362,359,8760,8668,0.9894977168949771,364,363,8760,8700,0.9931506849315068,365,365,8760,8612,0.9831050228310503,364,359
38004001_10_49,38,4,1,2020-01-01T01:00:00Z,2024-01-01T00:00:00Z,35064,33261,0.9485797399041752,4,148,1381,8784,7942,0.904143897996357,348,325,8760,8406,0.9595890410958904,361,351,8760,8454,0.9650684931506849,361,352,8760,8459,0.9656392694063927,357,353
38005001_10_46,38,5,1,2020-01-01T01:00:00Z,2023-12-30T00:00:00Z,35064,33920,0.9673739447866758,4,78,1411,8784,8463,0.9634562841530054,361,353,8760,8497,0.9699771689497717,362,352,8760,8513,0.9718036529680365,360,355,8760,8447,0.9642694063926941,362,351
38006001_10_46,38,6,1,2020-01-01T01:00:00Z,2023-12-30T00:00:00Z,35064,34311,0.9785249828884326,4,77,1432,8784,8654,0.9852003642987249,364,361,8760,8622,0.9842465753424657,363,361,8760,8409,0.959931506849315,358,349,8760,8626,0.984703196347032,363,361
38006002_10_46,38,6,2,2020-01-01T01:00:00Z,2023-01-01T00:00:00Z,35064,25733,0.7338866073465663,3,8760,1070,8784,8630,0.9824681238615665,364,361,8760,8620,0.9840182648401826,363,360,8760,8483,0.9683789954337899,361,349,8760,0,0.0,0,0
38006003_10_46,38,6,3,2020-01-01T01:00:00Z,2023-12-30T00:00:00Z,35064,34239,0.9764715947980835,4,146,1429,8784,8538,0.9719945355191257,361,355,8760,8605,0.9823059360730594,363,358,8760,8493,0.9695205479452055,360,353,8760,8603,0.9820776255707763,363,363
38008001_10_49,38,8,1,2020-01-01T01:00:00Z,2024-01-01T00:00:00Z,35064,33973,0.968885466575405,4,144,1417,8784,8624,0.9817850637522769,364,360,8760,8548,0.9757990867579909,363,356,8760,8348,0.9529680365296803,354,349,8760,8453,0.9649543378995433,362,352
38009001_10_49,38,9,1,2021-03-19T16:00:00Z,2024-01-01T00:00:00Z,35064,23760,0.6776180698151951,3,10647,992,8784,0,0.0,0,0,8760,6810,0.7773972602739726,288,285,8760,8257,0.9425799086757991,351,342,8760,8693,0.992351598173516,365,365
38011004_10_49,38,11,4,2020-01-01T01:00:00Z,2024-01-01T00:00:00Z,35064,34223,0.9760152863335615,4,76,1417,8784,8665,0.9864526411657559,366,360,8760,8618,0.9837899543378995,363,359,8760,8604,0.9821917808219178,363,358,8760,8336,0.9515981735159817,359,340
38011005_10_49,38,11,5,2020-01-01T01:00:00Z,2024-01-01T00:00:00Z,35064,34425,0.981776180698152,4,77,1432,8784,8630,0.9824681238615665,364,359,8760,8632,0.9853881278538813,363,360,8760,8569,0.9781963470319635,362,356,8760,8594,0.9810502283105023,363,357
38011006_10_A,38,11,6,2020-01-01T01:00:00Z,2024-01-01T00:00:00Z,35064,34261,0.9770990189368013,4,80,1424,8784,8687,0.9889571948998178,366,360,8760,8554,0.9764840182648402,361,356,8760,8566,0.9778538812785388,362,357,8760,8454,0.9650684931506849,360,351
38011007_10_49,38,11,7,2020-01-01T01:00:00Z,2024-01-01T00:00:00Z,35064,34069,0.971623317362537,4,98,1421,8784,8557,0.9741575591985429,364,357,8760,8506,0.9710045662100457,362,355,8760,8557,0.9768264840182649,362,357,8760,8449,0.9644977168949772,360,352
38017001_10_46,38,17,1,2020-01-01T01:00:00Z,2023-12-30T00:00:00Z,35064,34278,0.9775838466803559,4,78,1428,8784,8586,0.9774590163934426,364,358,8760,8583,0.9797945205479452,363,358,8760,8618,0.9837899543378995,362,360,8760,8491,0.9692922374429224,363,352
38017002_10_46,38,17,2,2020-01-01T01:00:00Z,2023-12-30T00:00:00Z,35064,34480,0.9833447410449464,4,77,1441,8784,8619,0.9812158469945356,364,359,8760,8646,0.986986301369863,363,361,8760,8570,0.978310502283105,360,358,8760,8645,0.9868721461187214,363,363
38017003_10_46,38,17,3,2020-01-01T01:00:00Z,2023-12-30T00:00:00Z,35064,34185,0.9749315537303217,4,78,1425,8784,8342,0.9496812386156649,358,344,8760,8624,0.9844748858447488,363,359,8760,8594,0.9810502283105023,362,359,8760,8625,0.9845890410958904,363,363
38024001_10_46,38,24,1,2021-09-23T14:00:00Z,2021-12-31T23:00:00Z,35064,2291,0.06533766826374629,1,17521,95,8784,0,0.0,0,0,8760,2291,0.2615296803652968,97,95,8760,0,0.0,0,0,8760,0,0.0,0,0
38031001_10_49,38,31,1,2020-01-01T02:00:00Z,2024-01-01T00:00:00Z,35064,24951,0.7115845311430528,4,9126,1043,8784,817,0.09301001821493625,35,34,8760,6916,0.7894977168949772,292,289,8760,8581,0.9795662100456621,362,359,8760,8637,0.9859589041095891,362,361
38033001_10_49,38,33,1,2020-01-01T02:00:00Z,2024-01-01T00:00:00Z,35064,32634,0.9306981519507187,4,122,1330,8784,8026,0.9137067395264117,351,326,8760,8145,0.9297945205479452,357,329,8760,8192,0.9351598173515981,359,333,8760,8271,0.9441780821917808,359,342
38036001_10_49,38,36,1,2020-01-01T02:00:00Z,2024-01-01T00:00:00Z,35064,32593,0.929528861510381,4,504,1353,8784,8047,0.9160974499089253,353,327,8760,7691,0.8779680365296804,326,321,8760,8355,0.9537671232876712,356,348,8760,8500,0.9703196347031964,360,357
38036002_10_49,38,36,2,2020-01-01T01:00:00Z,2024-01-01T00:00:00Z,35064,34420,0.9816335843029889,4,84,1435,8784,8641,0.9837204007285975,366,359,8760,8630,0.9851598173515982,363,361,8760,8676,0.9904109589041096,364,361,8760,8473,0.9672374429223745,361,354
38037001_10_49,38,37,1,2020-01-01T01:00:00Z,2024-01-01T00:00:00Z,35064,34014,0.9700547570157426,4,168,1418,8784,8546,0.9729052823315119,360,357,8760,8550,0.976027397260274,363,356,8760,8365,0.9549086757990868,354,348,8760,8553,0.9763698630136987,362,357
38038010_10_49,38,38,10,2020-01-01T01:00:00Z,2024-01-01T00:00:00Z,35064,25724,0.7336299338352726,4,3255,1066,8784,8457,0.9627732240437158,362,352,8760,5076,0.5794520547945206,220,209,8760,3849,0.43938356164383563,169,158,8760,8342,0.9522831050228311,353,347
38038012_10_46,38,38,12,2020-01-01T01:00:00Z,2024-01-01T00:00:00Z,35064,33610,0.9585329682865618,4,194,1401,8784,8373,0.9532103825136612,359,349,8760,8619,0.9839041095890411,364,361,8760,8271,0.9441780821917808,361,346,8760,8347,0.9528538812785388,363,345
38038021_10_49,38,38,21,2020-01-01T01:00:00Z,2024-01-01T00:00:00Z,35064,33778,0.9633242071640429,4,196,1406,8784,8169,0.9299863387978142,356,336,8760,8600,0.9817351598173516,363,358,8760,8466,0.9664383561643836,365,354,8760,8543,0.9752283105022831,362,358
38038022_10_46,38,38,22,2020-01-01T01:00:00Z,2024-01-01T00:00:00Z,35064,31757,0.9056867442391057,4,448,1317,8784,8167,0.9297586520947176,347,341,8760,7133,0.8142694063926941,319,290,8760,8244,0.9410958904109589,357,345,8760,8213,0.9375570776255707,348,341
38038023_10_49,38,38,23,2020-01-01T01:00:00Z,2024-01-01T00:00:00Z,35064,33340,0.9508327629477527,4,216,1386,8784,8411,0.9575364298724954,361,350,8760,8137,0.9288812785388127,347,339,8760,8279,0.9450913242009132,357,342,8760,8513,0.9718036529680365,361,355
38038024_10_49,38,38,24,2020-04-15T20:00:00Z,2024-01-01T00:00:00Z,35064,28940,0.825347935204198,4,2539,1198,8784,5989,0.6818078324225865,257,247,8760,8007,0.9140410958904109,347,333,8760,8391,0.9578767123287671,358,349,8760,6553,0.7480593607305936,282,269
38038025_10_46,38,38,25,2020-01-01T01:00:00Z,2024-01-01T00:00:00Z,35064,33549,0.9567932922655715,4,556,1398,8784,8075,0.9192850637522769,342,336,8760,8666,0.9892694063926941,364,363,8760,8296,0.9470319634703196,357,346,8760,8512,0.971689497716895,363,353
38038026_10_46,38,38,26,2020-01-01T01:00:00Z,2024-01-01T00:00:00Z,35064,31944,0.9110198494182067,4,555,1327,8784,8067,0.9183743169398907,343,337,8760,8655,0.988013698630137,364,360,8760,7189,0.820662100456621,319,296,8760,8033,0.9170091324200913,341,334
38038027_10_49,38,38,27,2020-04-03T13:00:00Z,2024-01-01T00:00:00Z,35064,31483,0.8978724617841661,4,2244,1307,8784,6173,0.7027550091074681,266,254,8760,8619,0.9839041095890411,365,360,8760,8360,0.954337899543379,357,345,8760,8331,0.951027397260274,352,348
38048001_10_49,38,48,1,2020-01-01T01:00:00Z,2024-01-01T00:00:00Z,35064,31684,0.9036048368697239,4,609,1309,8784,7830,0.8913934426229508,354,323,8760,7525,0.8590182648401826,340,305,8760,7722,0.8815068493150685,335,319,8760,8607,0.9825342465753425,365,362
39008001_10_49,39,8,1,2020-01-01T01:00:00Z,2024-01-01T00:00:00Z,35064,34803,0.9925564681724846,4,25,1446,8784,8694,0.9897540983606558,366,361,8760,8704,0.993607305936073,365,361,8760,8686,0.9915525114155251,365,361,8760,8719,0.9953196347031964,365,363
39016003_10_49,39,16,3,2020-01-01T01:00:00Z,2024-01-01T00:00:00Z,35064,34493,0.9837154916723705,4,47,1428,8784,8682,0.9883879781420765,365,360,8760,8544,0.9753424657534246,363,351,8760,8599,0.98162100456621,364,357,8760,8668,0.9894977168949771,365,360
39020001_10_49,39,20,1,2020-01-01T01:00:00Z,2024-01-01T00:00:00Z,35064,34108,0.9727355692448095,4,81,1413,8784,8565,0.975068306010929,365,354,8760,8485,0.968607305936073,361,350,8760,8476,0.9675799086757991,362,354,8760,8582,0.9796803652968037,363,355
39025001_10_49,39,25,1,2020-01-01T01:00:00Z,2024-01-01T00:00:00Z,35064,34131,0.9733915126625599,4,70,1406,8784,8516,0.9694899817850637,366,347,8760,8565,0.9777397260273972,363,351,8760,8609,0.9827625570776256,365,357,8760,8441,0.9635844748858448,361,351
39059001_10_49,39,59,1,2020-01-01T01:00:00Z,2024-01-01T00:00:00Z,35064,34591,0.9865103810175678,4,48,1427,8784,8687,0.9889571948998178,365,359,8760,8732,0.9968036529680365,365,363,8760,8751,0.998972602739726,365,365,8760,8421,0.9613013698630137,360,340
39075005_10_49,39,75,5,2020-01-01T01:00:00Z,2024-01-01T00:00:00Z,35064,34682,0.9891056354095369,4,48,1439,8784,8735,0.9944216757741348,366,362,8760,8595,0.9811643835616438,363,354,8760,8682,0.9910958904109589,364,361,8760,8670,0.9897260273972602,364,362
39075006_10_49,39,75,6,2020-01-01T01:00:00Z,2024-01-01T00:00:00Z,35064,34517,0.9843999543691535,4,141,1430,8784,8716,0.9922586520947176,366,362,8760,8713,0.9946347031963471,365,362,8760,8678,0.9906392694063927,365,359,8760,8410,0.9600456621004566,358,347
39086001_10_49,39,86,1,2020-01-01T01:00:00Z,2024-01-01T00:00:00Z,35064,34393,0.9808635637691079,4,74,1429,8784,8585,0.9773451730418944,364,354,8760,8573,0.9786529680365297,364,356,8760,8591,0.9807077625570776,365,360,8760,8644,0.9867579908675799,363,359
39087003_10_49,39,87,3,2020-01-01T01:00:00Z,2024-01-01T00:00:00Z,35064,34191,0.9751026694045175,4,142,1412,8784,8517,0.969603825136612,363,349,8760,8613,0.9832191780821918,363,356,8760,8595,0.9811643835616438,364,357,8760,8466,0.9664383561643836,358,350
39087004_10_49,39,87,4,2020-01-01T01:00:00Z,2024-01-01T00:00:00Z,35064,34400,0.9810631987223363,4,239,1419,8784,8433,0.9600409836065574,355,349,8760,8613,0.9832191780821918,364,355,8760,8711,0.994406392694064,365,361,8760,8643,0.9866438356164383,365,354
39087005_10_49,39,87,5,2020-01-01T01:00:00Z,2024-01-01T00:00:00Z,35064,34757,0.9912445813369838,4,33,1440,8784,8709,0.9914617486338798,366,361,8760,8700,0.9931506849315068,365,360,8760,8617,0.983675799086758,364,356,8760,8731,0.996689497716895,365,363
40194002_10_49,40,194,2,2020-01-01T01:00:00Z,2024-01-01T00:00:00Z,35064,34665,0.9886208076659821,4,81,1449,8784,8710,0.9915755919854281,365,364,8760,8713,0.9946347031963471,365,365,8760,8600,0.9817351598173516,363,359,8760,8642,0.9865296803652968,364,361
41004006_10_49,41,4,6,2020-01-01T01:00:00Z,2024-01-01T00:00:00Z,35064,33415,0.9529717088751997,4,126,1402,8784,8261,0.9404599271402551,362,345,8760,8286,0.9458904109589041,361,347,8760,8469,0.9667808219178082,361,356,8760,8399,0.9587899543378996,365,354
41049001_10_49,41,49,1,2020-01-01T01:00:00Z,2024-01-01T00:00:00Z,35064,33199,0.9468115446041524,4,159,1371,8784,8329,0.9482012750455373,358,346,8760,8663,0.9889269406392694,365,361,8760,8032,0.9168949771689497,348,328,8760,8175,0.9332191780821918,353,336
41059001_10_49,41,59,1,2020-01-01T01:00:00Z,2024-01-01T00:00:00Z,35064,31653,0.9027207392197125,4,1594,1325,8784,7933,0.9031193078324226,340,329,8760,6568,0.7497716894977169,281,276,8760,8485,0.968607305936073,362,355,8760,8667,0.9893835616438356,365,365
41088001_10_49,41,88,1,2020-01-01T01:00:00Z,2024-01-01T00:00:00Z,35064,31723,0.9047170887519963,4,268,1306,8784,8285,0.9431921675774135,355,343,8760,7764,0.8863013698630137,339,322,8760,8064,0.9205479452054794,353,332,8760,7610,0.8687214611872146,337,309
41091009_10_49,41,91,9,2020-01-01T01:00:00Z,2024-01-01T00:00:00Z,35064,33205,0.9469826602783482,4,292,1391,8784,7738,0.88091985428051,343,327,8760,8552,0.9762557077625571,363,357,8760,8715,0.9948630136986302,365,365,8760,8200,0.9360730593607306,347,342
41091015_10_49,41,91,15,2020-01-01T01:00:00Z,2023-12-31T23:00:00Z,35064,31455,0.8970739219712526,4,1260,1307,8784,8589,0.9778005464480874,361,359,8760,6166,0.7038812785388128,269,254,8760,8211,0.9373287671232877,358,342,8760,8489,0.9690639269406393,364,352
41091016_10_49,41,91,16,2020-01-01T01:00:00Z,2024-01-01T00:00:00Z,35064,34817,0.9929557380789413,4,66,1451,8784,8698,0.9902094717668488,365,363,8760,8717,0.9950913242009133,365,363,8760,8681,0.9909817351598174,364,361,8760,8721,0.9955479452054794,365,364
41091018_10_49,41,91,18,2021-01-01T01:00:00Z,2024-01-01T00:00:00Z,35064,25618,0.7306068902578143,3,8784,1065,8784,0,0.0,0,0,8760,8249,0.9416666666666667,357,339,8760,8668,0.9894977168949771,364,363,8760,8701,0.9932648401826484,365,363
42124001_10_49,42,124,1,2021-02-11T12:00:00Z,2024-01-01T00:00:00Z,35064,15184,0.43303673283139404,2,9779,629,8784,0,0.0,0,0,8760,7550,0.8618721461187214,322,313,8760,0,0.0,0,0,8760,7634,0.8714611872146119,325,316
42173001_10_49,42,173,1,2020-01-01T01:00:00Z,2024-01-01T00:00:00Z,35064,34607,0.9869666894820899,4,141,1445,8784,8749,0.9960154826958105,366,366,8760,8528,0.9735159817351599,360,355,8760,8713,0.9946347031963471,365,365,8760,8617,0.983675799086758,363,359
43123005_10_47,43,123,5,2020-01-01T01:00:00Z,2024-01-01T00:00:00Z,35064,33694,0.9609285877253023,4,134,1396,8784,8317,0.9468351548269581,360,343,8760,8299,0.9473744292237443,358,343,8760,8439,0.9633561643835616,358,349,8760,8639,0.9861872146118722,365,361
45081004_10_49,45,81,4,2020-01-01T01:00:00Z,2024-01-01T00:00:00Z,35064,33016,0.9415925165411818,4,227,1370,8784,8392,0.9553734061930783,359,350,8760,8295,0.946917808219178,353,344,8760,7987,0.9117579908675799,340,330,8760,8342,0.9522831050228311,354,346
45165003_10_49,45,165,3,2020-01-01T01:00:00Z,2021-11-08T14:00:00Z,35064,15763,0.4495493953912845,2,18802,654,8784,8495,0.9670992714025501,361,353,8760,7268,0.8296803652968037,307,301,8760,0,0.0,0,0,8760,0,0.0,0,0
45165004_10_49,45,165,4,2021-11-12T01:00:00Z,2024-01-01T00:00:00Z,35064,18155,0.5177675108373261,3,16344,752,8784,0,0.0,0,0,8760,1082,0.12351598173515982,47,43,8760,8640,0.9863013698630136,363,361,8760,8433,0.9626712328767123,359,348
45168002_10_49,45,168,2,2020-01-01T01:00:00Z,2024-01-01T00:00:00Z,35064,33147,0.9453285420944558,4,240,1368,8784,8366,0.9524134790528234,359,345,8760,8379,0.9565068493150685,355,347,8760,8336,0.9515981735159817,355,344,8760,8066,0.9207762557077626,343,332
45200001_10_49,45,200,1,2021-11-18T01:00:00Z,2024-01-01T00:00:00Z,35064,18311,0.5222165183664157,3,16488,761,8784,0,0.0,0,0,8760,1052,0.12009132420091324,44,44,8760,8681,0.9909817351598174,365,361,8760,8578,0.9792237442922375,363,356
46010001_10_46,46,10,1,2020-01-01T01:00:00Z,2024-01-01T00:00:00Z,35064,31514,0.8987565594341775,4,254,1266,8784,7587,0.8637295081967213,339,303,8760,7744,0.8840182648401826,339,312,8760,7922,0.904337899543379,347,318,8760,8261,0.9430365296803653,358,333
46028001_10_46,46,28,1,2020-01-01T01:00:00Z,2024-01-01T00:00:00Z,35064,31064,0.8859228838694958,4,1710,1269,8784,7892,0.8984517304189436,344,319,8760,8405,0.9594748858447488,355,349,8760,6843,0.7811643835616439,290,282,8760,7924,0.9045662100456621,340,319
46062001_10_46,46,62,1,2020-01-07T14:00:00Z,2024-01-01T00:00:00Z,35064,9763,0.27843372119552817,4,4565,388,8784,1851,0.210724043715847,81,74,8760,2190,0.25,98,87,8760,2777,0.3170091324200913,120,113,8760,2945,0.3361872146118721,131,114
46077006_10_46,46,77,6,2020-01-01T01:00:00Z,2024-01-01T00:00:00Z,35064,16428,0.46851471594798083,3,18021,680,8784,8290,0.9437613843351548,356,343,8760,2279,0.26015981735159815,97,94,8760,0,0.0,0,0,8760,5859,0.6688356164383562,247,243
46095001_10_46,46,95,1,2020-01-01T01:00:00Z,2024-01-01T00:00:00Z,35064,33425,0.9532569016655259,4,169,1392,8784,8220,0.9357923497267759,349,340,8760,7949,0.9074200913242009,342,330,8760,8549,0.9759132420091324,360,357,8760,8707,0.9939497716894977,365,365
46102002_10_46,46,102,2,2020-01-01T01:00:00Z,2024-01-01T00:00:00Z,35064,34062,0.9714236824093087,4,196,1416,8784,8364,0.9521857923497268,356,347,8760,8631,0.9852739726027397,365,357,8760,8583,0.9797945205479452,361,358,8760,8484,0.9684931506849315,358,354
46184002_10_46,46,184,2,2020-02-04T14:00:00Z,2023-11-15T07:00:00Z,35064,9552,0.2724161533196441,4,3342,376,8784,2025,0.2305327868852459,88,82,8760,1956,0.2232876712328767,94,72,8760,2854,0.32579908675799085,127,112,8760,2717,0.3101598173515982,118,110
46220003_10_46,46,220,3,2020-01-01T01:00:00Z,2024-01-01T00:00:00Z,35064,33124,0.9446725986767055,4,296,1375,8784,8200,0.9335154826958105,345,341,8760,8582,0.9796803652968037,361,358,8760,7913,0.903310502283105,334,327,8760,8429,0.9622146118721461,355,349
46220010_10_46,46,220,10,2020-01-01T01:00:00Z,2024-01-01T00:00:00Z,35064,34403,0.9811487565594342,4,91,1425,8784,8618,0.9811020036429873,361,356,8760,8517,0.9722602739726027,359,353,8760,8596,0.9812785388127854,361,356,8760,8672,0.9899543378995433,365,360
46244003_10_46,46,244,3,2021-12-01T12:00:00Z,2023-03-01T04:00:00Z,35064,8508,0.24264202600958248,3,16811,353,8784,0,0.0,0,0,8760,708,0.08082191780821918,30,29,8760,6405,0.7311643835616438,273,266,8760,1395,0.15924657534246575,60,58
46250030_10_46,46,250,30,2020-01-01T01:00:00Z,2024-01-01T00:00:00Z,35064,34437,0.9821184120465435,4,168,1431,8784,8569,0.975523679417122,362,353,8760,8537,0.9745433789954338,360,355,8760,8577,0.9791095890410959,358,358,8760,8754,0.9993150684931507,365,365
46250046_10_46,46,250,46,2020-01-01T01:00:00Z,2024-01-01T00:00:00Z,35064,32866,0.9373146246862879,4,522,1362,8784,8401,0.9563979963570127,356,347,8760,7998,0.913013698630137,339,332,8760,8107,0.9254566210045662,342,335,8760,8360,0.954337899543379,356,348
46250047_10_46,46,250,47,2020-01-01T01:00:00Z,2024-01-01T00:00:00Z,35064,33117,0.9444729637234771,4,609,1379,8784,8359,0.9516165755919854,351,347,8760,7815,0.8921232876712328,329,326,8760,8294,0.9468036529680365,349,346,8760,8649,0.9873287671232877,364,360
46250048_10_46,46,250,48,2020-01-01T01:00:00Z,2024-01-01T00:00:00Z,35064,33529,0.956222906684919,4,563,1393,8784,8569,0.975523679417122,362,354,8760,8733,0.9969178082191781,365,365,8760,8077,0.9220319634703197,340,336,8760,8150,0.930365296803653,344,338
46250054_10_46,46,250,54,2021-01-01T01:00:00Z,2024-01-01T00:00:00Z,35064,24688,0.704083960757472,3,8784,1016,8784,0,0.0,0,0,8760,7846,0.895662100456621,338,322,8760,8439,0.9633561643835616,358,350,8760,8403,0.9592465753424657,359,344
46250055_10_46,46,250,55,2023-01-01T01:00:00Z,2024-01-01T00:00:00Z,35064,8690,0.2478325347935204,1,26304,361,8784,0,0.0,0,0,8760,0,0.0,0,0,8760,0,0.0,0,0,8760,8690,0.9920091324200914,365,361
46256001_10_46,46,256,1,2020-01-02T11:00:00Z,2023-12-12T06:00:00Z,35064,10163,0.2898414328085786,4,4879,408,8784,2362,0.2688979963570127,104,97,8760,2602,0.2970319634703196,118,103,8760,2662,0.3038812785388128,119,106,8760,2537,0.2896118721461187,113,102
46258001_10_46,46,258,1,2020-01-01T01:00:00Z,2024-01-01T00:00:00Z,35064,34003,0.9697410449463838,4,113,1403,8784,8275,0.9420537340619308,357,333,8760,8515,0.9720319634703196,360,357,8760,8699,0.9930365296803653,365,362,8760,8514,0.9719178082191781,363,351
47085003_10_49,47,85,3,2020-01-01T01:00:00Z,2024-01-01T00:00:00Z,35064,30917,0.8817305498516997,4,1940,1289,8784,8652,0.9849726775956285,366,360,8760,8691,0.9921232876712329,365,365,8760,8305,0.9480593607305936,352,346,8760,5269,0.6014840182648402,225,218
47186023_10_49,47,186,23,2021-01-01T01:00:00Z,2023-01-01T00:00:00Z,35064,17152,0.4891626739676021,2,8784,712,8784,0,0.0,0,0,8760,8610,0.9828767123287672,365,357,8760,8542,0.9751141552511415,363,355,8760,0,0.0,0,0
47186024_10_49,47,186,24,2021-01-01T01:00:00Z,2023-01-01T00:00:00Z,35064,16677,0.4756160164271047,2,8784,682,8784,0,0.0,0,0,8760,8256,0.9424657534246575,359,335,8760,8421,0.9613013698630137,360,347,8760,0,0.0,0,0
47186027_10_49,47,186,27,2020-01-01T01:00:00Z,2024-01-01T00:00:00Z,35064,32092,0.9152407027150353,4,1225,1345,8784,7754,0.8827413479052824,337,318,8760,8438,0.9632420091324201,365,358,8760,8439,0.9633561643835616,361,358,8760,7461,0.8517123287671233,315,311
47186029_10_49,47,186,29,2020-01-01T01:00:00Z,2024-01-01T00:00:00Z,35064,32757,0.9342060232717317,4,672,1363,8784,7527,0.8568989071038251,319,311,8760,8683,0.9912100456621005,365,363,8760,7859,0.8971461187214612,333,326,8760,8688,0.9917808219178083,365,363
47186030_10_49,47,186,30,2020-01-01T01:00:00Z,2024-01-01T00:00:00Z,35064,33290,0.9494067989961213,4,337,1409,8784,8273,0.9418260473588342,353,348,8760,8270,0.9440639269406392,364,353,8760,8094,0.923972602739726,357,346,8760,8653,0.9877853881278539,364,362
47186031_10_49,47,186,31,2020-01-01T01:00:00Z,2024-01-01T00:00:00Z,35064,33632,0.9591603924252795,4,388,1408,8784,8324,0.947632058287796,354,346,8760,8513,0.9718036529680365,365,358,8760,8220,0.9383561643835616,350,348,8760,8575,0.9788812785388128,362,356
48002001_10_47,48,2,1,2020-01-01T01:00:00Z,2024-01-01T00:00:00Z,35064,33959,0.9684861966689482,4,137,1405,8784,8455,0.9625455373406193,357,350,8760,8522,0.9728310502283105,363,353,8760,8677,0.9905251141552511,364,361,8760,8305,0.9480593607305936,356,341
48002002_10_49,48,2,2,2021-01-01T01:00:00Z,2024-01-01T00:00:00Z,35064,25948,0.7400182523385809,3,8784,1082,8784,0,0.0,0,0,8760,8668,0.9894977168949771,365,360,8760,8679,0.9907534246575342,365,363,8760,8601,0.9818493150684932,365,359
48003001_10_49,48,3,1,2021-01-01T01:00:00Z,2024-01-01T00:00:00Z,35064,25784,0.7353410905772302,3,8784,1078,8784,0,0.0,0,0,8760,8517,0.9722602739726027,361,356,8760,8695,0.992579908675799,365,365,8760,8572,0.9785388127853881,363,357
48013006_10_47,48,13,6,2020-01-01T01:00:00Z,2024-01-01T00:00:00Z,35064,30509,0.8700946840063883,4,2436,1264,8784,8493,0.9668715846994536,358,354,8760,8507,0.9711187214611872,362,352,8760,8522,0.9728310502283105,360,354,8760,4987,0.5692922374429223,215,204
48015002_10_49,48,15,2,2020-01-01T01:00:00Z,2024-01-01T00:00:00Z,35064,34469,0.9830310289755875,4,65,1426,8784,8625,0.9818989071038251,364,357,8760,8592,0.9808219178082191,364,354,8760,8651,0.9875570776255708,363,359,8760,8601,0.9818493150684932,363,356
48020003_10_47,48,20,3,2020-01-01T01:00:00Z,2024-01-01T00:00:00Z,35064,34448,0.9824321241159023,4,81,1430,8784,8506,0.968351548269581,362,352,8760,8595,0.9811643835616438,362,357,8760,8671,0.9898401826484018,364,360,8760,8676,0.9904109589041096,365,361
48020006_10_47,48,20,6,2020-01-01T01:00:00Z,2023-12-30T17:00:00Z,35064,32536,0.9279032626055214,4,454,1302,8784,7582,0.86316029143898,333,302,8760,8368,0.9552511415525115,362,335,8760,8530,0.973744292237443,363,346,8760,8056,0.919634703196347,348,319
48020062_10_49,48,20,62,2020-01-01T01:00:00Z,2024-01-01T00:00:00Z,35064,34633,0.9877081907369382,4,67,1443,8784,8622,0.9815573770491803,364,358,8760,8661,0.9886986301369863,365,361,8760,8681,0.9909817351598174,364,363,8760,8669,0.9896118721461187,365,361
48020066_10_49,48,20,66,2021-04-23T21:00:00Z,2024-01-01T00:00:00Z,35064,22605,0.644678302532512,3,11492,941,8784,0,0.0,0,0,8760,5506,0.6285388127853881,234,228,8760,8444,0.9639269406392694,355,352,8760,8655,0.988013698630137,365,361
48027001_10_47,48,27,1,2020-01-01T01:00:00Z,2024-01-01T00:00:00Z,35064,32189,0.9180070727812001,4,873,1337,8784,8645,0.9841757741347905,366,359,8760,8062,0.9203196347031963,343,334,8760,7139,0.8149543378995434,303,297,8760,8343,0.9523972602739726,352,347
48044006_10_49,48,44,6,2021-01-01T01:00:00Z,2024-01-01T00:00:00Z,35064,25271,0.7207107004334931,3,8784,1050,8784,0,0.0,0,0,8760,8554,0.9764840182648402,364,355,8760,8257,0.9425799086757991,349,344,8760,8460,0.9657534246575342,360,351
48068001_10_47,48,68,1,2020-01-01T01:00:00Z,2024-01-01T00:00:00Z,35064,34150,0.9739333789641798,4,171,1417,8784,8631,0.9825819672131147,366,362,8760,8488,0.9689497716894977,365,350,8760,8481,0.9681506849315068,357,353,8760,8550,0.976027397260274,365,352
48071002_10_47,48,71,2,2020-01-01T01:00:00Z,2024-01-01T00:00:00Z,35064,33971,0.9688284280173397,4,409,1410,8784,8699,0.9903233151183971,365,363,8760,8222,0.9385844748858447,349,341,8760,8670,0.9897260273972602,364,362,8760,8380,0.95662100456621,359,344
48071004_10_49,48,71,4,2021-01-01T01:00:00Z,2024-01-01T00:00:00Z,35064,25872,0.7378507871321013,3,8784,1075,8784,0,0.0,0,0,8760,8546,0.9755707762557078,359,356,8760,8718,0.9952054794520548,365,363,8760,8608,0.982648401826484,365,356
48082004_10_49,48,82,4,2021-01-01T01:00:00Z,2024-01-01T00:00:00Z,35064,25844,0.7370522473191877,3,8784,1074,8784,0,0.0,0,0,8760,8614,0.9833333333333333,365,359,8760,8619,0.9839041095890411,364,358,8760,8611,0.9829908675799087,365,357
48096001_10_49,48,96,1,2020-01-01T01:00:00Z,2024-01-01T00:00:00Z,35064,34339,0.9793235227013461,4,111,1426,8784,8708,0.9913479052823315,366,363,8760,8614,0.9833333333333333,365,358,8760,8531,0.9738584474885845,361,355,8760,8486,0.9687214611872146,362,350
48902006_10_49,48,902,6,2020-01-01T01:00:00Z,2024-01-01T00:00:00Z,35064,33318,0.9502053388090349,4,871,1384,8784,8559,0.9743852459016393,361,357,8760,8641,0.9864155251141552,365,359,8760,8568,0.9780821917808219,364,354,8760,7550,0.8618721461187214,318,314
48904002_10_47,48,904,2,2020-01-01T01:00:00Z,2024-01-01T00:00:00Z,35064,34443,0.9822895277207392,4,108,1429,8784,8562,0.9747267759562842,361,355,8760,8634,0.9856164383561644,365,359,8760,8655,0.988013698630137,365,360,8760,8592,0.9808219178082191,365,355
48913001_10_49,48,913,1,2021-01-01T01:00:00Z,2024-01-01T00:00:00Z,35064,22272,0.6351813826146475,3,8784,926,8784,0,0.0,0,0,8760,5327,0.6081050228310503,225,221,8760,8510,0.9714611872146118,364,353,8760,8435,0.9628995433789954,361,352
49275002_10_49,49,275,2,2020-01-01T01:00:00Z,2024-01-01T00:00:00Z,35064,34307,0.978410905772302,4,521,1434,8784,8748,0.9959016393442623,366,366,8760,8721,0.9955479452054794,365,365,8760,8671,0.9898401826484018,365,362,8760,8167,0.9323059360730593,344,341
50297029_10_49,50,297,29,2020-01-01T01:00:00Z,2024-01-01T00:00:00Z,35064,33982,0.9691421400866986,4,89,1406,8784,8756,0.9968123861566485,366,365,8760,8579,0.979337899543379,364,354,8760,8378,0.9563926940639269,364,344,8760,8269,0.9439497716894977,355,343
50297032_10_49,50,297,32,2020-01-30T11:00:00Z,2024-01-01T00:00:00Z,35064,32912,0.9386265115217888,4,706,1354,8784,7488,0.8524590163934426,321,307,8760,8596,0.9812785388127854,362,357,8760,8523,0.9729452054794521,363,354,8760,8305,0.9480593607305936,363,336
50297036_10_49,50,297,36,2020-01-01T01:00:00Z,2023-12-31T22:00:00Z,35064,31910,0.9100501939310974,4,1009,1316,8784,8385,0.9545765027322405,357,349,8760,8462,0.9659817351598173,359,351,8760,6702,0.7650684931506849,301,272,8760,8361,0.9544520547945206,361,344
50297037_10_49,50,297,37,2020-01-01T01:00:00Z,2024-01-01T00:00:00Z,35064,24362,0.6947866757928359,3,9705,1005,8784,8581,0.9768897996357013,363,356,8760,0,0.0,0,0,8760,7476,0.8534246575342466,320,305,8760,8305,0.9480593607305936,351,344
50297039_10_49,50,297,39,2020-01-01T01:00:00Z,2024-01-01T00:00:00Z,35064,28967,0.8261179557380789,4,5542,1204,8784,8768,0.9981785063752276,366,366,8760,3202,0.36552511415525113,135,133,8760,8618,0.9837899543378995,365,356,8760,8379,0.9565068493150685,353,349
50297040_10_49,50,297,40,2020-01-01T01:00:00Z,2024-01-01T00:00:00Z,35064,34153,0.9740189368012777,4,277,1426,8784,8676,0.9877049180327869,366,365,8760,8565,0.9777397260273972,365,361,8760,8464,0.9662100456621004,363,349,8760,8448,0.9643835616438357,355,351
51001001_10_49,51,1,1,2020-01-01T01:00:00Z,2024-01-01T00:00:00Z,35064,33896,0.9666894820898928,4,66,1411,8784,8669,0.986908014571949,366,365,8760,8281,0.9453196347031964,362,345,8760,8525,0.9731735159817352,364,355,8760,8421,0.9613013698630137,364,346
52001002_10_A,52,1,2,2023-01-01T01:00:00Z,2024-01-01T00:00:00Z,35064,8653,0.24677732146931325,1,26304,362,8784,0,0.0,0,0,8760,0,0.0,0,0,8760,0,0.0,0,0,8760,8653,0.9877853881278539,365,362
