station_id,condition,fold,origin,target_time,horizon,reason
21041008_10_49,lags_only,13,2022-11-12,2022-11-13,1,historical_nan_block_numbering_divergence
21041008_10_49,lags_only,14,2022-12-07,2022-12-08,1,historical_nan_block_numbering_divergence
21041008_10_49,lags_only,14,2022-12-07,2022-12-09,2,historical_nan_block_numbering_divergence
21041008_10_49,lags_only,14,2022-12-07,2022-12-10,3,historical_nan_block_numbering_divergence
21041008_10_49,lags_only,14,2022-12-07,2022-12-11,4,historical_nan_block_numbering_divergence
21041008_10_49,lags_only,14,2022-12-07,2022-12-12,5,historical_nan_block_numbering_divergence
21041008_10_49,lags_only,14,2022-12-10,2022-12-11,1,historical_nan_block_numbering_divergence
21041008_10_49,lags_only,14,2022-12-10,2022-12-12,2,historical_nan_block_numbering_divergence
21041008_10_49,lags_only,14,2022-12-10,2022-12-15,5,historical_nan_block_numbering_divergence
21041008_10_49,lags_only,14,2022-12-10,2022-12-16,6,historical_nan_block_numbering_divergence
21041008_10_49,lags_only,14,2022-12-10,2022-12-17,7,historical_nan_block_numbering_divergence
21041008_10_49,lags_only,15,2022-12-11,2022-12-12,1,historical_nan_block_numbering_divergence
21041008_10_49,lags_only,15,2022-12-11,2022-12-15,4,historical_nan_block_numbering_divergence
21041008_10_49,lags_only,15,2022-12-11,2022-12-16,5,historical_nan_block_numbering_divergence
21041008_10_49,lags_only,15,2022-12-11,2022-12-17,6,historical_nan_block_numbering_divergence
21041008_10_49,lags_only,15,2022-12-11,2022-12-18,7,historical_nan_block_numbering_divergence
21041008_10_49,lags_only,15,2022-12-22,2022-12-28,6,historical_nan_block_numbering_divergence
21041008_10_49,lags_only,15,2022-12-22,2022-12-29,7,historical_nan_block_numbering_divergence
21041008_10_49,lags_only,16,2023-01-27,2023-01-28,1,historical_nan_block_numbering_divergence
21041008_10_49,lags_only,16,2023-01-27,2023-01-29,2,historical_nan_block_numbering_divergence
21041008_10_49,lags_only,16,2023-01-27,2023-01-30,3,historical_nan_block_numbering_divergence
21041008_10_49,lags_only,16,2023-01-27,2023-01-31,4,historical_nan_block_numbering_divergence
21041008_10_49,lags_only,16,2023-01-27,2023-02-01,5,historical_nan_block_numbering_divergence
21041008_10_49,lags_only,16,2023-01-27,2023-02-02,6,historical_nan_block_numbering_divergence
21041008_10_49,lags_only,16,2023-01-27,2023-02-03,7,historical_nan_block_numbering_divergence
21041008_10_49,lags_only,16,2023-01-28,2023-01-29,1,historical_nan_block_numbering_divergence
21041008_10_49,lags_only,16,2023-01-28,2023-01-30,2,historical_nan_block_numbering_divergence
21041008_10_49,lags_only,16,2023-01-28,2023-01-31,3,historical_nan_block_numbering_divergence
21041008_10_49,lags_only,16,2023-01-28,2023-02-01,4,historical_nan_block_numbering_divergence
21041008_10_49,lags_only,16,2023-01-28,2023-02-02,5,historical_nan_block_numbering_divergence
21041008_10_49,lags_only,16,2023-01-28,2023-02-03,6,historical_nan_block_numbering_divergence
21041008_10_49,lags_only,16,2023-01-28,2023-02-04,7,historical_nan_block_numbering_divergence
21041008_10_49,lags_only,16,2023-02-03,2023-02-04,1,historical_nan_block_numbering_divergence
21041008_10_49,lags_only,16,2023-02-03,2023-02-05,2,historical_nan_block_numbering_divergence
21041008_10_49,lags_only,16,2023-02-03,2023-02-06,3,historical_nan_block_numbering_divergence
21041008_10_49,lags_only,16,2023-02-03,2023-02-07,4,historical_nan_block_numbering_divergence
21041008_10_49,lags_only,16,2023-02-03,2023-02-08,5,historical_nan_block_numbering_divergence
21041008_10_49,lags_only,16,2023-02-03,2023-02-09,6,historical_nan_block_numbering_divergence
21041008_10_49,lags_only,16,2023-02-03,2023-02-10,7,historical_nan_block_numbering_divergence
21041008_10_49,lags_only,16,2023-02-04,2023-02-05,1,historical_nan_block_numbering_divergence
21041008_10_49,lags_only,16,2023-02-04,2023-02-06,2,historical_nan_block_numbering_divergence
21041008_10_49,lags_only,16,2023-02-04,2023-02-07,3,historical_nan_block_numbering_divergence
21041008_10_49,lags_only,16,2023-02-04,2023-02-08,4,historical_nan_block_numbering_divergence
21041008_10_49,lags_only,16,2023-02-04,2023-02-09,5,historical_nan_block_numbering_divergence
21041008_10_49,lags_only,16,2023-02-04,2023-02-10,6,historical_nan_block_numbering_divergence
21041008_10_49,lags_only,16,2023-02-04,2023-02-11,7,historical_nan_block_numbering_divergence
21041008_10_49,lags_only,17,2023-02-05,2023-02-06,1,historical_nan_block_numbering_divergence
21041008_10_49,lags_only,17,2023-02-05,2023-02-07,2,historical_nan_block_numbering_divergence
21041008_10_49,lags_only,17,2023-02-05,2023-02-08,3,historical_nan_block_numbering_divergence
21041008_10_49,lags_only,17,2023-02-05,2023-02-09,4,historical_nan_block_numbering_divergence
21041008_10_49,lags_only,17,2023-02-05,2023-02-10,5,historical_nan_block_numbering_divergence
21041008_10_49,lags_only,17,2023-02-05,2023-02-11,6,historical_nan_block_numbering_divergence
21041008_10_49,lags_only,17,2023-02-06,2023-02-07,1,historical_nan_block_numbering_divergence
21041008_10_49,lags_only,17,2023-02-06,2023-02-08,2,historical_nan_block_numbering_divergence
21041008_10_49,lags_only,17,2023-02-06,2023-02-09,3,historical_nan_block_numbering_divergence
21041008_10_49,lags_only,17,2023-02-06,2023-02-10,4,historical_nan_block_numbering_divergence
21041008_10_49,lags_only,17,2023-02-06,2023-02-11,5,historical_nan_block_numbering_divergence
21041008_10_49,lags_only,17,2023-02-06,2023-02-13,7,historical_nan_block_numbering_divergence
21041008_10_49,lags_only,17,2023-02-07,2023-02-08,1,historical_nan_block_numbering_divergence
21041008_10_49,lags_only,17,2023-02-07,2023-02-09,2,historical_nan_block_numbering_divergence
21041008_10_49,lags_only,17,2023-02-07,2023-02-10,3,historical_nan_block_numbering_divergence
21041008_10_49,lags_only,17,2023-02-07,2023-02-11,4,historical_nan_block_numbering_divergence
21041008_10_49,lags_only,17,2023-02-07,2023-02-13,6,historical_nan_block_numbering_divergence
21041008_10_49,lags_only,17,2023-02-07,2023-02-14,7,historical_nan_block_numbering_divergence
21041008_10_49,lags_only,17,2023-02-10,2023-02-11,1,historical_nan_block_numbering_divergence
21041008_10_49,lags_only,17,2023-02-10,2023-02-13,3,historical_nan_block_numbering_divergence
21041008_10_49,lags_only,17,2023-02-10,2023-02-14,4,historical_nan_block_numbering_divergence
21041008_10_49,lags_only,17,2023-02-10,2023-02-15,5,historical_nan_block_numbering_divergence
21041008_10_49,lags_only,17,2023-02-10,2023-02-16,6,historical_nan_block_numbering_divergence
21041008_10_49,lags_only,17,2023-02-10,2023-02-17,7,historical_nan_block_numbering_divergence
21041008_10_49,lags_only,17,2023-02-11,2023-02-13,2,historical_nan_block_numbering_divergence
21041008_10_49,lags_only,17,2023-02-11,2023-02-14,3,historical_nan_block_numbering_divergence
21041008_10_49,lags_only,17,2023-02-11,2023-02-15,4,historical_nan_block_numbering_divergence
21041008_10_49,lags_only,17,2023-02-11,2023-02-16,5,historical_nan_block_numbering_divergence
21041008_10_49,lags_only,17,2023-02-11,2023-02-17,6,historical_nan_block_numbering_divergence
21041008_10_49,lags_only,17,2023-02-11,2023-02-18,7,historical_nan_block_numbering_divergence
21041008_10_49,lags_only,17,2023-02-12,2023-02-13,1,historical_nan_block_numbering_divergence
21041008_10_49,lags_only,17,2023-02-12,2023-02-14,2,historical_nan_block_numbering_divergence
21041008_10_49,lags_only,17,2023-02-12,2023-02-15,3,historical_nan_block_numbering_divergence
21041008_10_49,lags_only,17,2023-02-12,2023-02-16,4,historical_nan_block_numbering_divergence
21041008_10_49,lags_only,17,2023-02-12,2023-02-17,5,historical_nan_block_numbering_divergence
21041008_10_49,lags_only,17,2023-02-12,2023-02-18,6,historical_nan_block_numbering_divergence
21041008_10_49,lags_only,17,2023-02-12,2023-02-19,7,historical_nan_block_numbering_divergence
21041008_10_49,lags_only,17,2023-02-16,2023-02-17,1,historical_nan_block_numbering_divergence
21041008_10_49,lags_only,17,2023-02-16,2023-02-18,2,historical_nan_block_numbering_divergence
21041008_10_49,lags_only,17,2023-02-16,2023-02-19,3,historical_nan_block_numbering_divergence
21041008_10_49,lags_only,17,2023-02-16,2023-02-20,4,historical_nan_block_numbering_divergence
21041008_10_49,lags_only,17,2023-02-16,2023-02-21,5,historical_nan_block_numbering_divergence
21041008_10_49,lags_only,17,2023-02-16,2023-02-22,6,historical_nan_block_numbering_divergence
21041008_10_49,lags_only,17,2023-02-16,2023-02-23,7,historical_nan_block_numbering_divergence
21041008_10_49,lags_only,17,2023-02-17,2023-02-18,1,historical_nan_block_numbering_divergence
21041008_10_49,lags_only,17,2023-02-17,2023-02-19,2,historical_nan_block_numbering_divergence
21041008_10_49,lags_only,17,2023-02-17,2023-02-20,3,historical_nan_block_numbering_divergence
21041008_10_49,lags_only,17,2023-02-17,2023-02-21,4,historical_nan_block_numbering_divergence
21041008_10_49,lags_only,17,2023-02-17,2023-02-22,5,historical_nan_block_numbering_divergence
21041008_10_49,lags_only,17,2023-02-17,2023-02-23,6,historical_nan_block_numbering_divergence
21041008_10_49,lags_only,17,2023-02-17,2023-02-24,7,historical_nan_block_numbering_divergence
21041008_10_49,lags_only,17,2023-02-20,2023-02-21,1,historical_nan_block_numbering_divergence
21041008_10_49,lags_only,17,2023-02-20,2023-02-22,2,historical_nan_block_numbering_divergence
21041008_10_49,lags_only,17,2023-02-20,2023-02-23,3,historical_nan_block_numbering_divergence
21041008_10_49,lags_only,17,2023-02-20,2023-02-24,4,historical_nan_block_numbering_divergence
21041008_10_49,lags_only,17,2023-02-20,2023-02-25,5,historical_nan_block_numbering_divergence
21041008_10_49,lags_only,17,2023-02-20,2023-02-26,6,historical_nan_block_numbering_divergence
21041008_10_49,lags_only,17,2023-02-20,2023-02-27,7,historical_nan_block_numbering_divergence
21041008_10_49,lags_only,17,2023-02-21,2023-02-22,1,historical_nan_block_numbering_divergence
21041008_10_49,lags_only,17,2023-02-21,2023-02-23,2,historical_nan_block_numbering_divergence
21041008_10_49,lags_only,17,2023-02-21,2023-02-24,3,historical_nan_block_numbering_divergence
21041008_10_49,lags_only,17,2023-02-21,2023-02-25,4,historical_nan_block_numbering_divergence
21041008_10_49,lags_only,17,2023-02-21,2023-02-26,5,historical_nan_block_numbering_divergence
21041008_10_49,lags_only,17,2023-02-21,2023-02-27,6,historical_nan_block_numbering_divergence
21041008_10_49,lags_only,17,2023-02-21,2023-02-28,7,historical_nan_block_numbering_divergence
21041008_10_49,lags_only,17,2023-02-22,2023-02-23,1,historical_nan_block_numbering_divergence
21041008_10_49,lags_only,17,2023-02-22,2023-02-24,2,historical_nan_block_numbering_divergence
21041008_10_49,lags_only,17,2023-02-22,2023-02-25,3,historical_nan_block_numbering_divergence
21041008_10_49,lags_only,17,2023-02-22,2023-02-26,4,historical_nan_block_numbering_divergence
21041008_10_49,lags_only,17,2023-02-22,2023-02-27,5,historical_nan_block_numbering_divergence
21041008_10_49,lags_only,17,2023-02-22,2023-02-28,6,historical_nan_block_numbering_divergence
21041008_10_49,lags_only,17,2023-02-22,2023-03-01,7,historical_nan_block_numbering_divergence
21041008_10_49,lags_only,17,2023-02-23,2023-02-24,1,historical_nan_block_numbering_divergence
21041008_10_49,lags_only,17,2023-02-23,2023-02-25,2,historical_nan_block_numbering_divergence
21041008_10_49,lags_only,17,2023-02-23,2023-02-26,3,historical_nan_block_numbering_divergence
21041008_10_49,lags_only,17,2023-02-23,2023-02-27,4,historical_nan_block_numbering_divergence
21041008_10_49,lags_only,17,2023-02-23,2023-02-28,5,historical_nan_block_numbering_divergence
21041008_10_49,lags_only,17,2023-02-23,2023-03-01,6,historical_nan_block_numbering_divergence
21041008_10_49,lags_only,17,2023-02-23,2023-03-02,7,historical_nan_block_numbering_divergence
21041008_10_49,lags_only,17,2023-02-24,2023-02-25,1,historical_nan_block_numbering_divergence
21041008_10_49,lags_only,17,2023-02-24,2023-02-26,2,historical_nan_block_numbering_divergence
21041008_10_49,lags_only,17,2023-02-24,2023-02-27,3,historical_nan_block_numbering_divergence
21041008_10_49,lags_only,17,2023-02-24,2023-02-28,4,historical_nan_block_numbering_divergence
21041008_10_49,lags_only,17,2023-02-24,2023-03-01,5,historical_nan_block_numbering_divergence
21041008_10_49,lags_only,17,2023-02-24,2023-03-02,6,historical_nan_block_numbering_divergence
21041008_10_49,lags_only,17,2023-02-24,2023-03-03,7,historical_nan_block_numbering_divergence
21041008_10_49,lags_only,17,2023-02-25,2023-02-26,1,historical_nan_block_numbering_divergence
21041008_10_49,lags_only,17,2023-02-25,2023-02-27,2,historical_nan_block_numbering_divergence
21041008_10_49,lags_only,17,2023-02-25,2023-02-28,3,historical_nan_block_numbering_divergence
21041008_10_49,lags_only,17,2023-02-25,2023-03-01,4,historical_nan_block_numbering_divergence
21041008_10_49,lags_only,17,2023-02-25,2023-03-02,5,historical_nan_block_numbering_divergence
21041008_10_49,lags_only,17,2023-02-25,2023-03-03,6,historical_nan_block_numbering_divergence
21041008_10_49,lags_only,17,2023-02-25,2023-03-04,7,historical_nan_block_numbering_divergence
21041008_10_49,lags_only,17,2023-02-27,2023-02-28,1,historical_nan_block_numbering_divergence
21041008_10_49,lags_only,17,2023-02-27,2023-03-01,2,historical_nan_block_numbering_divergence
21041008_10_49,lags_only,17,2023-02-27,2023-03-02,3,historical_nan_block_numbering_divergence
21041008_10_49,lags_only,17,2023-02-27,2023-03-03,4,historical_nan_block_numbering_divergence
21041008_10_49,lags_only,17,2023-02-27,2023-03-04,5,historical_nan_block_numbering_divergence
21041008_10_49,lags_only,17,2023-02-27,2023-03-05,6,historical_nan_block_numbering_divergence
21041008_10_49,lags_only,17,2023-02-27,2023-03-06,7,historical_nan_block_numbering_divergence
21041008_10_49,lags_only,17,2023-02-28,2023-03-01,1,historical_nan_block_numbering_divergence
21041008_10_49,lags_only,17,2023-02-28,2023-03-02,2,historical_nan_block_numbering_divergence
21041008_10_49,lags_only,17,2023-02-28,2023-03-03,3,historical_nan_block_numbering_divergence
21041008_10_49,lags_only,17,2023-02-28,2023-03-04,4,historical_nan_block_numbering_divergence
21041008_10_49,lags_only,17,2023-02-28,2023-03-05,5,historical_nan_block_numbering_divergence
21041008_10_49,lags_only,17,2023-02-28,2023-03-06,6,historical_nan_block_numbering_divergence
21041008_10_49,lags_only,17,2023-02-28,2023-03-07,7,historical_nan_block_numbering_divergence
21041008_10_49,lags_only,17,2023-03-01,2023-03-02,1,historical_nan_block_numbering_divergence
21041008_10_49,lags_only,17,2023-03-01,2023-03-03,2,historical_nan_block_numbering_divergence
21041008_10_49,lags_only,17,2023-03-01,2023-03-04,3,historical_nan_block_numbering_divergence
21041008_10_49,lags_only,17,2023-03-01,2023-03-05,4,historical_nan_block_numbering_divergence
21041008_10_49,lags_only,17,2023-03-01,2023-03-06,5,historical_nan_block_numbering_divergence
21041008_10_49,lags_only,17,2023-03-01,2023-03-07,6,historical_nan_block_numbering_divergence
21041008_10_49,lags_only,17,2023-03-01,2023-03-08,7,historical_nan_block_numbering_divergence
21041008_10_49,lags_only,17,2023-03-02,2023-03-03,1,historical_nan_block_numbering_divergence
21041008_10_49,lags_only,17,2023-03-02,2023-03-04,2,historical_nan_block_numbering_divergence
21041008_10_49,lags_only,17,2023-03-02,2023-03-05,3,historical_nan_block_numbering_divergence
21041008_10_49,lags_only,17,2023-03-02,2023-03-06,4,historical_nan_block_numbering_divergence
21041008_10_49,lags_only,17,2023-03-02,2023-03-07,5,historical_nan_block_numbering_divergence
21041008_10_49,lags_only,17,2023-03-02,2023-03-08,6,historical_nan_block_numbering_divergence
21041008_10_49,lags_only,17,2023-03-02,2023-03-09,7,historical_nan_block_numbering_divergence
21041008_10_49,lags_only,17,2023-03-03,2023-03-04,1,historical_nan_block_numbering_divergence
21041008_10_49,lags_only,17,2023-03-03,2023-03-05,2,historical_nan_block_numbering_divergence
21041008_10_49,lags_only,17,2023-03-03,2023-03-06,3,historical_nan_block_numbering_divergence
21041008_10_49,lags_only,17,2023-03-03,2023-03-07,4,historical_nan_block_numbering_divergence
21041008_10_49,lags_only,17,2023-03-03,2023-03-08,5,historical_nan_block_numbering_divergence
21041008_10_49,lags_only,17,2023-03-03,2023-03-09,6,historical_nan_block_numbering_divergence
21041008_10_49,lags_only,17,2023-03-03,2023-03-10,7,historical_nan_block_numbering_divergence
21041008_10_49,lags_only,17,2023-03-04,2023-03-05,1,historical_nan_block_numbering_divergence
21041008_10_49,lags_only,17,2023-03-04,2023-03-06,2,historical_nan_block_numbering_divergence
21041008_10_49,lags_only,17,2023-03-04,2023-03-07,3,historical_nan_block_numbering_divergence
21041008_10_49,lags_only,17,2023-03-04,2023-03-08,4,historical_nan_block_numbering_divergence
21041008_10_49,lags_only,17,2023-03-04,2023-03-09,5,historical_nan_block_numbering_divergence
21041008_10_49,lags_only,17,2023-03-04,2023-03-10,6,historical_nan_block_numbering_divergence
21041008_10_49,lags_only,17,2023-03-04,2023-03-11,7,historical_nan_block_numbering_divergence
21041008_10_49,lags_only,18,2023-03-05,2023-03-06,1,historical_nan_block_numbering_divergence
21041008_10_49,lags_only,18,2023-03-05,2023-03-07,2,historical_nan_block_numbering_divergence
21041008_10_49,lags_only,18,2023-03-05,2023-03-08,3,historical_nan_block_numbering_divergence
21041008_10_49,lags_only,18,2023-03-05,2023-03-09,4,historical_nan_block_numbering_divergence
21041008_10_49,lags_only,18,2023-03-05,2023-03-10,5,historical_nan_block_numbering_divergence
21041008_10_49,lags_only,18,2023-03-05,2023-03-11,6,historical_nan_block_numbering_divergence
21041008_10_49,lags_only,18,2023-03-05,2023-03-12,7,historical_nan_block_numbering_divergence
21041008_10_49,lags_only,18,2023-03-06,2023-03-07,1,historical_nan_block_numbering_divergence
21041008_10_49,lags_only,18,2023-03-06,2023-03-08,2,historical_nan_block_numbering_divergence
21041008_10_49,lags_only,18,2023-03-06,2023-03-09,3,historical_nan_block_numbering_divergence
21041008_10_49,lags_only,18,2023-03-06,2023-03-10,4,historical_nan_block_numbering_divergence
21041008_10_49,lags_only,18,2023-03-06,2023-03-11,5,historical_nan_block_numbering_divergence
21041008_10_49,lags_only,18,2023-03-06,2023-03-12,6,historical_nan_block_numbering_divergence
21041008_10_49,lags_only,18,2023-03-06,2023-03-13,7,historical_nan_block_numbering_divergence
21041008_10_49,lags_only,18,2023-03-07,2023-03-08,1,historical_nan_block_numbering_divergence
21041008_10_49,lags_only,18,2023-03-07,2023-03-09,2,historical_nan_block_numbering_divergence
21041008_10_49,lags_only,18,2023-03-07,2023-03-10,3,historical_nan_block_numbering_divergence
21041008_10_49,lags_only,18,2023-03-07,2023-03-11,4,historical_nan_block_numbering_divergence
21041008_10_49,lags_only,18,2023-03-07,2023-03-12,5,historical_nan_block_numbering_divergence
21041008_10_49,lags_only,18,2023-03-07,2023-03-13,6,historical_nan_block_numbering_divergence
21041008_10_49,lags_only,18,2023-03-07,2023-03-14,7,historical_nan_block_numbering_divergence
21041008_10_49,lags_only,18,2023-03-08,2023-03-09,1,historical_nan_block_numbering_divergence
21041008_10_49,lags_only,18,2023-03-08,2023-03-10,2,historical_nan_block_numbering_divergence
21041008_10_49,lags_only,18,2023-03-08,2023-03-11,3,historical_nan_block_numbering_divergence
21041008_10_49,lags_only,18,2023-03-08,2023-03-12,4,historical_nan_block_numbering_divergence
21041008_10_49,lags_only,18,2023-03-08,2023-03-13,5,historical_nan_block_numbering_divergence
21041008_10_49,lags_only,18,2023-03-08,2023-03-14,6,historical_nan_block_numbering_divergence
21041008_10_49,lags_only,18,2023-03-09,2023-03-10,1,historical_nan_block_numbering_divergence
21041008_10_49,lags_only,18,2023-03-09,2023-03-11,2,historical_nan_block_numbering_divergence
21041008_10_49,lags_only,18,2023-03-09,2023-03-12,3,historical_nan_block_numbering_divergence
21041008_10_49,lags_only,18,2023-03-09,2023-03-13,4,historical_nan_block_numbering_divergence
21041008_10_49,lags_only,18,2023-03-09,2023-03-14,5,historical_nan_block_numbering_divergence
21041008_10_49,lags_only,18,2023-03-10,2023-03-11,1,historical_nan_block_numbering_divergence
21041008_10_49,lags_only,18,2023-03-10,2023-03-12,2,historical_nan_block_numbering_divergence
21041008_10_49,lags_only,18,2023-03-10,2023-03-13,3,historical_nan_block_numbering_divergence
21041008_10_49,lags_only,18,2023-03-10,2023-03-14,4,historical_nan_block_numbering_divergence
21041008_10_49,lags_only,18,2023-03-10,2023-03-17,7,historical_nan_block_numbering_divergence
21041008_10_49,lags_only,18,2023-03-11,2023-03-12,1,historical_nan_block_numbering_divergence
21041008_10_49,lags_only,18,2023-03-11,2023-03-13,2,historical_nan_block_numbering_divergence
21041008_10_49,lags_only,18,2023-03-11,2023-03-14,3,historical_nan_block_numbering_divergence
21041008_10_49,lags_only,18,2023-03-11,2023-03-17,6,historical_nan_block_numbering_divergence
21041008_10_49,lags_only,18,2023-03-11,2023-03-18,7,historical_nan_block_numbering_divergence
21041008_10_49,lags_only,18,2023-03-13,2023-03-14,1,historical_nan_block_numbering_divergence
21041008_10_49,lags_only,18,2023-03-13,2023-03-17,4,historical_nan_block_numbering_divergence
21041008_10_49,lags_only,18,2023-03-13,2023-03-18,5,historical_nan_block_numbering_divergence
21041008_10_49,lags_only,18,2023-03-13,2023-03-19,6,historical_nan_block_numbering_divergence
21041008_10_49,lags_only,18,2023-03-13,2023-03-20,7,historical_nan_block_numbering_divergence
21041008_10_49,lags_only,18,2023-03-14,2023-03-17,3,historical_nan_block_numbering_divergence
21041008_10_49,lags_only,18,2023-03-14,2023-03-18,4,historical_nan_block_numbering_divergence
21041008_10_49,lags_only,18,2023-03-14,2023-03-19,5,historical_nan_block_numbering_divergence
21041008_10_49,lags_only,18,2023-03-14,2023-03-20,6,historical_nan_block_numbering_divergence
21041008_10_49,lags_only,18,2023-03-14,2023-03-21,7,historical_nan_block_numbering_divergence
21041008_10_49,lags_only,18,2023-03-15,2023-03-17,2,historical_nan_block_numbering_divergence
21041008_10_49,lags_only,18,2023-03-15,2023-03-18,3,historical_nan_block_numbering_divergence
21041008_10_49,lags_only,18,2023-03-15,2023-03-19,4,historical_nan_block_numbering_divergence
21041008_10_49,lags_only,18,2023-03-15,2023-03-20,5,historical_nan_block_numbering_divergence
21041008_10_49,lags_only,18,2023-03-15,2023-03-21,6,historical_nan_block_numbering_divergence
21041008_10_49,lags_only,18,2023-03-15,2023-03-22,7,historical_nan_block_numbering_divergence
21041008_10_49,lags_only,18,2023-03-20,2023-03-21,1,historical_nan_block_numbering_divergence
21041008_10_49,lags_only,18,2023-03-20,2023-03-22,2,historical_nan_block_numbering_divergence
21041008_10_49,lags_only,18,2023-03-20,2023-03-23,3,historical_nan_block_numbering_divergence
21041008_10_49,lags_only,18,2023-03-20,2023-03-24,4,historical_nan_block_numbering_divergence
21041008_10_49,lags_only,18,2023-03-20,2023-03-25,5,historical_nan_block_numbering_divergence
21041008_10_49,lags_only,18,2023-03-20,2023-03-26,6,historical_nan_block_numbering_divergence
21041008_10_49,lags_only,18,2023-03-20,2023-03-27,7,historical_nan_block_numbering_divergence
21041008_10_49,lags_only,18,2023-03-24,2023-03-25,1,historical_nan_block_numbering_divergence
21041008_10_49,lags_only,18,2023-03-24,2023-03-26,2,historical_nan_block_numbering_divergence
21041008_10_49,lags_only,18,2023-03-24,2023-03-27,3,historical_nan_block_numbering_divergence
21041008_10_49,lags_only,18,2023-03-24,2023-03-28,4,historical_nan_block_numbering_divergence
21041008_10_49,lags_only,18,2023-03-24,2023-03-29,5,historical_nan_block_numbering_divergence
21041008_10_49,lags_only,18,2023-03-24,2023-03-30,6,historical_nan_block_numbering_divergence
21041008_10_49,lags_only,18,2023-03-24,2023-03-31,7,historical_nan_block_numbering_divergence
21041008_10_49,lags_only,18,2023-03-25,2023-03-26,1,historical_nan_block_numbering_divergence
21041008_10_49,lags_only,18,2023-03-25,2023-03-27,2,historical_nan_block_numbering_divergence
21041008_10_49,lags_only,18,2023-03-25,2023-03-28,3,historical_nan_block_numbering_divergence
21041008_10_49,lags_only,18,2023-03-25,2023-03-29,4,historical_nan_block_numbering_divergence
21041008_10_49,lags_only,18,2023-03-25,2023-03-30,5,historical_nan_block_numbering_divergence
21041008_10_49,lags_only,18,2023-03-25,2023-03-31,6,historical_nan_block_numbering_divergence
21041008_10_49,lags_only,18,2023-03-25,2023-04-01,7,historical_nan_block_numbering_divergence
21041008_10_49,lags_only,18,2023-03-26,2023-03-27,1,historical_nan_block_numbering_divergence
21041008_10_49,lags_only,18,2023-03-26,2023-03-28,2,historical_nan_block_numbering_divergence
21041008_10_49,lags_only,18,2023-03-26,2023-03-29,3,historical_nan_block_numbering_divergence
21041008_10_49,lags_only,18,2023-03-26,2023-03-30,4,historical_nan_block_numbering_divergence
21041008_10_49,lags_only,18,2023-03-26,2023-03-31,5,historical_nan_block_numbering_divergence
21041008_10_49,lags_only,18,2023-03-26,2023-04-01,6,historical_nan_block_numbering_divergence
21041008_10_49,lags_only,18,2023-03-26,2023-04-02,7,historical_nan_block_numbering_divergence
21041008_10_49,lags_only,18,2023-03-27,2023-03-28,1,historical_nan_block_numbering_divergence
21041008_10_49,lags_only,18,2023-03-27,2023-03-29,2,historical_nan_block_numbering_divergence
21041008_10_49,lags_only,18,2023-03-27,2023-03-30,3,historical_nan_block_numbering_divergence
21041008_10_49,lags_only,18,2023-03-27,2023-03-31,4,historical_nan_block_numbering_divergence
21041008_10_49,lags_only,18,2023-03-27,2023-04-01,5,historical_nan_block_numbering_divergence
21041008_10_49,lags_only,18,2023-03-27,2023-04-02,6,historical_nan_block_numbering_divergence
21041008_10_49,lags_only,18,2023-03-27,2023-04-03,7,historical_nan_block_numbering_divergence
21041008_10_49,lags_only,18,2023-03-28,2023-03-29,1,historical_nan_block_numbering_divergence
21041008_10_49,lags_only,18,2023-03-28,2023-03-30,2,historical_nan_block_numbering_divergence
21041008_10_49,lags_only,18,2023-03-28,2023-03-31,3,historical_nan_block_numbering_divergence
21041008_10_49,lags_only,18,2023-03-28,2023-04-01,4,historical_nan_block_numbering_divergence
21041008_10_49,lags_only,18,2023-03-28,2023-04-02,5,historical_nan_block_numbering_divergence
21041008_10_49,lags_only,18,2023-03-28,2023-04-03,6,historical_nan_block_numbering_divergence
21041008_10_49,lags_only,18,2023-03-28,2023-04-04,7,historical_nan_block_numbering_divergence
21041008_10_49,lags_only,18,2023-03-31,2023-04-01,1,historical_nan_block_numbering_divergence
21041008_10_49,lags_only,18,2023-03-31,2023-04-02,2,historical_nan_block_numbering_divergence
21041008_10_49,lags_only,18,2023-03-31,2023-04-03,3,historical_nan_block_numbering_divergence
21041008_10_49,lags_only,18,2023-03-31,2023-04-04,4,historical_nan_block_numbering_divergence
21041008_10_49,lags_only,18,2023-03-31,2023-04-05,5,historical_nan_block_numbering_divergence
21041008_10_49,lags_only,18,2023-03-31,2023-04-06,6,historical_nan_block_numbering_divergence
21041008_10_49,lags_only,18,2023-03-31,2023-04-07,7,historical_nan_block_numbering_divergence
21041008_10_49,lags_only,18,2023-04-01,2023-04-02,1,historical_nan_block_numbering_divergence
21041008_10_49,lags_only,18,2023-04-01,2023-04-03,2,historical_nan_block_numbering_divergence
21041008_10_49,lags_only,18,2023-04-01,2023-04-04,3,historical_nan_block_numbering_divergence
21041008_10_49,lags_only,18,2023-04-01,2023-04-05,4,historical_nan_block_numbering_divergence
21041008_10_49,lags_only,18,2023-04-01,2023-04-06,5,historical_nan_block_numbering_divergence
21041008_10_49,lags_only,18,2023-04-01,2023-04-07,6,historical_nan_block_numbering_divergence
21041008_10_49,lags_only,18,2023-04-01,2023-04-08,7,historical_nan_block_numbering_divergence
21041008_10_49,lags_only,19,2023-04-02,2023-04-03,1,historical_nan_block_numbering_divergence
21041008_10_49,lags_only,19,2023-04-02,2023-04-04,2,historical_nan_block_numbering_divergence
21041008_10_49,lags_only,19,2023-04-02,2023-04-05,3,historical_nan_block_numbering_divergence
21041008_10_49,lags_only,19,2023-04-02,2023-04-06,4,historical_nan_block_numbering_divergence
21041008_10_49,lags_only,19,2023-04-02,2023-04-07,5,historical_nan_block_numbering_divergence
21041008_10_49,lags_only,19,2023-04-02,2023-04-08,6,historical_nan_block_numbering_divergence
21041008_10_49,lags_only,19,2023-04-02,2023-04-09,7,historical_nan_block_numbering_divergence
21041008_10_49,lags_only,19,2023-04-03,2023-04-04,1,historical_nan_block_numbering_divergence
21041008_10_49,lags_only,19,2023-04-03,2023-04-05,2,historical_nan_block_numbering_divergence
21041008_10_49,lags_only,19,2023-04-03,2023-04-06,3,historical_nan_block_numbering_divergence
21041008_10_49,lags_only,19,2023-04-03,2023-04-07,4,historical_nan_block_numbering_divergence
21041008_10_49,lags_only,19,2023-04-03,2023-04-08,5,historical_nan_block_numbering_divergence
21041008_10_49,lags_only,19,2023-04-03,2023-04-09,6,historical_nan_block_numbering_divergence
21041008_10_49,lags_only,19,2023-04-03,2023-04-10,7,historical_nan_block_numbering_divergence
21041008_10_49,lags_only,19,2023-04-04,2023-04-05,1,historical_nan_block_numbering_divergence
21041008_10_49,lags_only,19,2023-04-04,2023-04-06,2,historical_nan_block_numbering_divergence
21041008_10_49,lags_only,19,2023-04-04,2023-04-07,3,historical_nan_block_numbering_divergence
21041008_10_49,lags_only,19,2023-04-04,2023-04-08,4,historical_nan_block_numbering_divergence
21041008_10_49,lags_only,19,2023-04-04,2023-04-09,5,historical_nan_block_numbering_divergence
21041008_10_49,lags_only,19,2023-04-04,2023-04-10,6,historical_nan_block_numbering_divergence
21041008_10_49,lags_only,19,2023-04-04,2023-04-11,7,historical_nan_block_numbering_divergence
21041008_10_49,lags_only,19,2023-04-05,2023-04-06,1,historical_nan_block_numbering_divergence
21041008_10_49,lags_only,19,2023-04-05,2023-04-07,2,historical_nan_block_numbering_divergence
21041008_10_49,lags_only,19,2023-04-05,2023-04-08,3,historical_nan_block_numbering_divergence
21041008_10_49,lags_only,19,2023-04-05,2023-04-09,4,historical_nan_block_numbering_divergence
21041008_10_49,lags_only,19,2023-04-05,2023-04-10,5,historical_nan_block_numbering_divergence
21041008_10_49,lags_only,19,2023-04-05,2023-04-11,6,historical_nan_block_numbering_divergence
21041008_10_49,lags_only,19,2023-04-05,2023-04-12,7,historical_nan_block_numbering_divergence
21041008_10_49,lags_only,19,2023-04-06,2023-04-07,1,historical_nan_block_numbering_divergence
21041008_10_49,lags_only,19,2023-04-06,2023-04-08,2,historical_nan_block_numbering_divergence
21041008_10_49,lags_only,19,2023-04-06,2023-04-09,3,historical_nan_block_numbering_divergence
21041008_10_49,lags_only,19,2023-04-06,2023-04-10,4,historical_nan_block_numbering_divergence
21041008_10_49,lags_only,19,2023-04-06,2023-04-11,5,historical_nan_block_numbering_divergence
21041008_10_49,lags_only,19,2023-04-06,2023-04-12,6,historical_nan_block_numbering_divergence
21041008_10_49,lags_only,19,2023-04-06,2023-04-13,7,historical_nan_block_numbering_divergence
21041008_10_49,lags_only,19,2023-04-07,2023-04-08,1,historical_nan_block_numbering_divergence
21041008_10_49,lags_only,19,2023-04-07,2023-04-09,2,historical_nan_block_numbering_divergence
21041008_10_49,lags_only,19,2023-04-07,2023-04-10,3,historical_nan_block_numbering_divergence
21041008_10_49,lags_only,19,2023-04-07,2023-04-11,4,historical_nan_block_numbering_divergence
21041008_10_49,lags_only,19,2023-04-07,2023-04-12,5,historical_nan_block_numbering_divergence
21041008_10_49,lags_only,19,2023-04-07,2023-04-13,6,historical_nan_block_numbering_divergence
21041008_10_49,lags_only,19,2023-04-07,2023-04-14,7,historical_nan_block_numbering_divergence
21041008_10_49,lags_only,19,2023-04-08,2023-04-09,1,historical_nan_block_numbering_divergence
21041008_10_49,lags_only,19,2023-04-08,2023-04-10,2,historical_nan_block_numbering_divergence
21041008_10_49,lags_only,19,2023-04-08,2023-04-11,3,historical_nan_block_numbering_divergence
21041008_10_49,lags_only,19,2023-04-08,2023-04-12,4,historical_nan_block_numbering_divergence
21041008_10_49,lags_only,19,2023-04-08,2023-04-13,5,historical_nan_block_numbering_divergence
21041008_10_49,lags_only,19,2023-04-08,2023-04-14,6,historical_nan_block_numbering_divergence
21041008_10_49,lags_only,19,2023-04-08,2023-04-15,7,historical_nan_block_numbering_divergence
21041008_10_49,lags_only,19,2023-04-09,2023-04-10,1,historical_nan_block_numbering_divergence
21041008_10_49,lags_only,19,2023-04-09,2023-04-11,2,historical_nan_block_numbering_divergence
21041008_10_49,lags_only,19,2023-04-09,2023-04-12,3,historical_nan_block_numbering_divergence
21041008_10_49,lags_only,19,2023-04-09,2023-04-13,4,historical_nan_block_numbering_divergence
21041008_10_49,lags_only,19,2023-04-09,2023-04-14,5,historical_nan_block_numbering_divergence
21041008_10_49,lags_only,19,2023-04-09,2023-04-15,6,historical_nan_block_numbering_divergence
21041008_10_49,lags_only,19,2023-04-09,2023-04-16,7,historical_nan_block_numbering_divergence
21041008_10_49,lags_only,19,2023-04-10,2023-04-11,1,historical_nan_block_numbering_divergence
21041008_10_49,lags_only,19,2023-04-10,2023-04-12,2,historical_nan_block_numbering_divergence
21041008_10_49,lags_only,19,2023-04-10,2023-04-13,3,historical_nan_block_numbering_divergence
21041008_10_49,lags_only,19,2023-04-10,2023-04-14,4,historical_nan_block_numbering_divergence
21041008_10_49,lags_only,19,2023-04-10,2023-04-15,5,historical_nan_block_numbering_divergence
21041008_10_49,lags_only,19,2023-04-10,2023-04-16,6,historical_nan_block_numbering_divergence
21041008_10_49,lags_only,19,2023-04-10,2023-04-17,7,historical_nan_block_numbering_divergence
21041008_10_49,lags_only,19,2023-04-11,2023-04-12,1,historical_nan_block_numbering_divergence
21041008_10_49,lags_only,19,2023-04-11,2023-04-13,2,historical_nan_block_numbering_divergence
21041008_10_49,lags_only,19,2023-04-11,2023-04-14,3,historical_nan_block_numbering_divergence
21041008_10_49,lags_only,19,2023-04-11,2023-04-15,4,historical_nan_block_numbering_divergence
21041008_10_49,lags_only,19,2023-04-11,2023-04-16,5,historical_nan_block_numbering_divergence
21041008_10_49,lags_only,19,2023-04-11,2023-04-17,6,historical_nan_block_numbering_divergence
21041008_10_49,lags_only,19,2023-04-11,2023-04-18,7,historical_nan_block_numbering_divergence
21041008_10_49,lags_only,19,2023-04-14,2023-04-15,1,historical_nan_block_numbering_divergence
21041008_10_49,lags_only,19,2023-04-14,2023-04-16,2,historical_nan_block_numbering_divergence
21041008_10_49,lags_only,19,2023-04-14,2023-04-17,3,historical_nan_block_numbering_divergence
21041008_10_49,lags_only,19,2023-04-14,2023-04-18,4,historical_nan_block_numbering_divergence
21041008_10_49,lags_only,19,2023-04-14,2023-04-20,6,historical_nan_block_numbering_divergence
21041008_10_49,lags_only,19,2023-04-14,2023-04-21,7,historical_nan_block_numbering_divergence
21041008_10_49,lags_only,19,2023-04-15,2023-04-16,1,historical_nan_block_numbering_divergence
21041008_10_49,lags_only,19,2023-04-15,2023-04-17,2,historical_nan_block_numbering_divergence
21041008_10_49,lags_only,19,2023-04-15,2023-04-18,3,historical_nan_block_numbering_divergence
21041008_10_49,lags_only,19,2023-04-15,2023-04-20,5,historical_nan_block_numbering_divergence
21041008_10_49,lags_only,19,2023-04-15,2023-04-21,6,historical_nan_block_numbering_divergence
21041008_10_49,lags_only,19,2023-04-15,2023-04-22,7,historical_nan_block_numbering_divergence
21041008_10_49,lags_only,19,2023-04-16,2023-04-17,1,historical_nan_block_numbering_divergence
21041008_10_49,lags_only,19,2023-04-16,2023-04-18,2,historical_nan_block_numbering_divergence
21041008_10_49,lags_only,19,2023-04-16,2023-04-20,4,historical_nan_block_numbering_divergence
21041008_10_49,lags_only,19,2023-04-16,2023-04-21,5,historical_nan_block_numbering_divergence
21041008_10_49,lags_only,19,2023-04-16,2023-04-22,6,historical_nan_block_numbering_divergence
21041008_10_49,lags_only,19,2023-04-16,2023-04-23,7,historical_nan_block_numbering_divergence
21041008_10_49,lags_only,19,2023-04-17,2023-04-18,1,historical_nan_block_numbering_divergence
21041008_10_49,lags_only,19,2023-04-17,2023-04-20,3,historical_nan_block_numbering_divergence
21041008_10_49,lags_only,19,2023-04-17,2023-04-21,4,historical_nan_block_numbering_divergence
21041008_10_49,lags_only,19,2023-04-17,2023-04-22,5,historical_nan_block_numbering_divergence
21041008_10_49,lags_only,19,2023-04-17,2023-04-23,6,historical_nan_block_numbering_divergence
21041008_10_49,lags_only,19,2023-04-17,2023-04-24,7,historical_nan_block_numbering_divergence
21041008_10_49,lags_only,19,2023-04-18,2023-04-20,2,historical_nan_block_numbering_divergence
21041008_10_49,lags_only,19,2023-04-18,2023-04-21,3,historical_nan_block_numbering_divergence
21041008_10_49,lags_only,19,2023-04-18,2023-04-22,4,historical_nan_block_numbering_divergence
21041008_10_49,lags_only,19,2023-04-18,2023-04-23,5,historical_nan_block_numbering_divergence
21041008_10_49,lags_only,19,2023-04-18,2023-04-24,6,historical_nan_block_numbering_divergence
21041008_10_49,lags_only,19,2023-04-18,2023-04-25,7,historical_nan_block_numbering_divergence
21041008_10_49,lags_only,19,2023-04-19,2023-04-20,1,historical_nan_block_numbering_divergence
21041008_10_49,lags_only,19,2023-04-19,2023-04-21,2,historical_nan_block_numbering_divergence
21041008_10_49,lags_only,19,2023-04-19,2023-04-22,3,historical_nan_block_numbering_divergence
21041008_10_49,lags_only,19,2023-04-19,2023-04-23,4,historical_nan_block_numbering_divergence
21041008_10_49,lags_only,19,2023-04-19,2023-04-24,5,historical_nan_block_numbering_divergence
21041008_10_49,lags_only,19,2023-04-19,2023-04-25,6,historical_nan_block_numbering_divergence
21041008_10_49,lags_only,19,2023-04-19,2023-04-26,7,historical_nan_block_numbering_divergence
21041008_10_49,lags_only,19,2023-04-23,2023-04-24,1,historical_nan_block_numbering_divergence
21041008_10_49,lags_only,19,2023-04-23,2023-04-25,2,historical_nan_block_numbering_divergence
21041008_10_49,lags_only,19,2023-04-23,2023-04-26,3,historical_nan_block_numbering_divergence
21041008_10_49,lags_only,19,2023-04-23,2023-04-27,4,historical_nan_block_numbering_divergence
21041008_10_49,lags_only,19,2023-04-23,2023-04-28,5,historical_nan_block_numbering_divergence
21041008_10_49,lags_only,19,2023-04-23,2023-04-29,6,historical_nan_block_numbering_divergence
21041008_10_49,lags_only,19,2023-04-23,2023-04-30,7,historical_nan_block_numbering_divergence
21041008_10_49,lags_only,19,2023-04-24,2023-04-25,1,historical_nan_block_numbering_divergence
21041008_10_49,lags_only,19,2023-04-24,2023-04-26,2,historical_nan_block_numbering_divergence
21041008_10_49,lags_only,19,2023-04-24,2023-04-27,3,historical_nan_block_numbering_divergence
21041008_10_49,lags_only,19,2023-04-24,2023-04-28,4,historical_nan_block_numbering_divergence
21041008_10_49,lags_only,19,2023-04-24,2023-04-29,5,historical_nan_block_numbering_divergence
21041008_10_49,lags_only,19,2023-04-24,2023-04-30,6,historical_nan_block_numbering_divergence
21041008_10_49,lags_only,19,2023-04-24,2023-05-01,7,historical_nan_block_numbering_divergence
21041008_10_49,lags_only,19,2023-04-27,2023-04-28,1,historical_nan_block_numbering_divergence
21041008_10_49,lags_only,19,2023-04-27,2023-04-29,2,historical_nan_block_numbering_divergence
21041008_10_49,lags_only,19,2023-04-27,2023-04-30,3,historical_nan_block_numbering_divergence
21041008_10_49,lags_only,19,2023-04-27,2023-05-01,4,historical_nan_block_numbering_divergence
21041008_10_49,lags_only,19,2023-04-27,2023-05-02,5,historical_nan_block_numbering_divergence
21041008_10_49,lags_only,19,2023-04-27,2023-05-03,6,historical_nan_block_numbering_divergence
21041008_10_49,lags_only,19,2023-04-27,2023-05-04,7,historical_nan_block_numbering_divergence
21041008_10_49,lags_only,19,2023-04-28,2023-04-29,1,historical_nan_block_numbering_divergence
21041008_10_49,lags_only,19,2023-04-28,2023-04-30,2,historical_nan_block_numbering_divergence
21041008_10_49,lags_only,19,2023-04-28,2023-05-01,3,historical_nan_block_numbering_divergence
21041008_10_49,lags_only,19,2023-04-28,2023-05-02,4,historical_nan_block_numbering_divergence
21041008_10_49,lags_only,19,2023-04-28,2023-05-03,5,historical_nan_block_numbering_divergence
21041008_10_49,lags_only,19,2023-04-28,2023-05-04,6,historical_nan_block_numbering_divergence
21041008_10_49,lags_only,19,2023-04-28,2023-05-05,7,historical_nan_block_numbering_divergence
21041008_10_49,lags_only,19,2023-04-29,2023-04-30,1,historical_nan_block_numbering_divergence
21041008_10_49,lags_only,19,2023-04-29,2023-05-01,2,historical_nan_block_numbering_divergence
21041008_10_49,lags_only,19,2023-04-29,2023-05-02,3,historical_nan_block_numbering_divergence
21041008_10_49,lags_only,19,2023-04-29,2023-05-03,4,historical_nan_block_numbering_divergence
21041008_10_49,lags_only,19,2023-04-29,2023-05-04,5,historical_nan_block_numbering_divergence
21041008_10_49,lags_only,19,2023-04-29,2023-05-05,6,historical_nan_block_numbering_divergence
21041008_10_49,lags_only,19,2023-04-29,2023-05-06,7,historical_nan_block_numbering_divergence
21041008_10_49,lags_only,20,2023-04-30,2023-05-01,1,historical_nan_block_numbering_divergence
21041008_10_49,lags_only,20,2023-04-30,2023-05-02,2,historical_nan_block_numbering_divergence
21041008_10_49,lags_only,20,2023-04-30,2023-05-03,3,historical_nan_block_numbering_divergence
21041008_10_49,lags_only,20,2023-04-30,2023-05-04,4,historical_nan_block_numbering_divergence
21041008_10_49,lags_only,20,2023-04-30,2023-05-05,5,historical_nan_block_numbering_divergence
21041008_10_49,lags_only,20,2023-04-30,2023-05-06,6,historical_nan_block_numbering_divergence
21041008_10_49,lags_only,20,2023-04-30,2023-05-07,7,historical_nan_block_numbering_divergence
21041008_10_49,lags_only,20,2023-05-01,2023-05-02,1,historical_nan_block_numbering_divergence
21041008_10_49,lags_only,20,2023-05-01,2023-05-03,2,historical_nan_block_numbering_divergence
21041008_10_49,lags_only,20,2023-05-01,2023-05-04,3,historical_nan_block_numbering_divergence
21041008_10_49,lags_only,20,2023-05-01,2023-05-05,4,historical_nan_block_numbering_divergence
21041008_10_49,lags_only,20,2023-05-01,2023-05-06,5,historical_nan_block_numbering_divergence
21041008_10_49,lags_only,20,2023-05-01,2023-05-07,6,historical_nan_block_numbering_divergence
21041008_10_49,lags_only,20,2023-05-01,2023-05-08,7,historical_nan_block_numbering_divergence
21041008_10_49,lags_only,20,2023-05-02,2023-05-03,1,historical_nan_block_numbering_divergence
21041008_10_49,lags_only,20,2023-05-02,2023-05-04,2,historical_nan_block_numbering_divergence
21041008_10_49,lags_only,20,2023-05-02,2023-05-05,3,historical_nan_block_numbering_divergence
21041008_10_49,lags_only,20,2023-05-02,2023-05-06,4,historical_nan_block_numbering_divergence
21041008_10_49,lags_only,20,2023-05-02,2023-05-07,5,historical_nan_block_numbering_divergence
21041008_10_49,lags_only,20,2023-05-02,2023-05-08,6,historical_nan_block_numbering_divergence
21041008_10_49,lags_only,20,2023-05-02,2023-05-09,7,historical_nan_block_numbering_divergence
21041008_10_49,lags_only,20,2023-05-04,2023-05-05,1,historical_nan_block_numbering_divergence
21041008_10_49,lags_only,20,2023-05-04,2023-05-06,2,historical_nan_block_numbering_divergence
21041008_10_49,lags_only,20,2023-05-04,2023-05-07,3,historical_nan_block_numbering_divergence
21041008_10_49,lags_only,20,2023-05-04,2023-05-08,4,historical_nan_block_numbering_divergence
21041008_10_49,lags_only,20,2023-05-04,2023-05-09,5,historical_nan_block_numbering_divergence
21041008_10_49,lags_only,20,2023-05-04,2023-05-10,6,historical_nan_block_numbering_divergence
21041008_10_49,lags_only,20,2023-05-04,2023-05-11,7,historical_nan_block_numbering_divergence
21041008_10_49,lags_only,20,2023-05-05,2023-05-06,1,historical_nan_block_numbering_divergence
21041008_10_49,lags_only,20,2023-05-05,2023-05-07,2,historical_nan_block_numbering_divergence
21041008_10_49,lags_only,20,2023-05-05,2023-05-08,3,historical_nan_block_numbering_divergence
21041008_10_49,lags_only,20,2023-05-05,2023-05-09,4,historical_nan_block_numbering_divergence
21041008_10_49,lags_only,20,2023-05-05,2023-05-10,5,historical_nan_block_numbering_divergence
21041008_10_49,lags_only,20,2023-05-05,2023-05-11,6,historical_nan_block_numbering_divergence
21041008_10_49,lags_only,20,2023-05-05,2023-05-12,7,historical_nan_block_numbering_divergence
21041008_10_49,lags_only,20,2023-05-06,2023-05-07,1,historical_nan_block_numbering_divergence
21041008_10_49,lags_only,20,2023-05-06,2023-05-08,2,historical_nan_block_numbering_divergence
21041008_10_49,lags_only,20,2023-05-06,2023-05-09,3,historical_nan_block_numbering_divergence
21041008_10_49,lags_only,20,2023-05-06,2023-05-10,4,historical_nan_block_numbering_divergence
21041008_10_49,lags_only,20,2023-05-06,2023-05-11,5,historical_nan_block_numbering_divergence
21041008_10_49,lags_only,20,2023-05-06,2023-05-12,6,historical_nan_block_numbering_divergence
21041008_10_49,lags_only,20,2023-05-07,2023-05-08,1,historical_nan_block_numbering_divergence
21041008_10_49,lags_only,20,2023-05-07,2023-05-09,2,historical_nan_block_numbering_divergence
21041008_10_49,lags_only,20,2023-05-07,2023-05-10,3,historical_nan_block_numbering_divergence
21041008_10_49,lags_only,20,2023-05-07,2023-05-11,4,historical_nan_block_numbering_divergence
21041008_10_49,lags_only,20,2023-05-07,2023-05-12,5,historical_nan_block_numbering_divergence
21041008_10_49,lags_only,20,2023-05-08,2023-05-09,1,historical_nan_block_numbering_divergence
21041008_10_49,lags_only,20,2023-05-08,2023-05-10,2,historical_nan_block_numbering_divergence
21041008_10_49,lags_only,20,2023-05-08,2023-05-11,3,historical_nan_block_numbering_divergence
21041008_10_49,lags_only,20,2023-05-08,2023-05-12,4,historical_nan_block_numbering_divergence
21041008_10_49,lags_only,20,2023-05-09,2023-05-10,1,historical_nan_block_numbering_divergence
21041008_10_49,lags_only,20,2023-05-09,2023-05-11,2,historical_nan_block_numbering_divergence
21041008_10_49,lags_only,20,2023-05-09,2023-05-12,3,historical_nan_block_numbering_divergence
21041008_10_49,lags_only,20,2023-05-10,2023-05-11,1,historical_nan_block_numbering_divergence
21041008_10_49,lags_only,20,2023-05-10,2023-05-12,2,historical_nan_block_numbering_divergence
21041008_10_49,lags_only,20,2023-05-10,2023-05-17,7,historical_nan_block_numbering_divergence
21041008_10_49,lags_only,20,2023-05-11,2023-05-12,1,historical_nan_block_numbering_divergence
21041008_10_49,lags_only,20,2023-05-11,2023-05-17,6,historical_nan_block_numbering_divergence
21041008_10_49,lags_only,20,2023-05-11,2023-05-18,7,historical_nan_block_numbering_divergence
21041008_10_49,lags_only,20,2023-05-12,2023-05-17,5,historical_nan_block_numbering_divergence
21041008_10_49,lags_only,20,2023-05-12,2023-05-18,6,historical_nan_block_numbering_divergence
21041008_10_49,lags_only,20,2023-05-12,2023-05-19,7,historical_nan_block_numbering_divergence
21041008_10_49,lags_only,20,2023-05-13,2023-05-17,4,historical_nan_block_numbering_divergence
21041008_10_49,lags_only,20,2023-05-13,2023-05-18,5,historical_nan_block_numbering_divergence
21041008_10_49,lags_only,20,2023-05-13,2023-05-19,6,historical_nan_block_numbering_divergence
21041008_10_49,lags_only,20,2023-05-13,2023-05-20,7,historical_nan_block_numbering_divergence
21041008_10_49,lags_only,20,2023-05-24,2023-05-25,1,historical_nan_block_numbering_divergence
21041008_10_49,lags_only,20,2023-05-24,2023-05-26,2,historical_nan_block_numbering_divergence
21041008_10_49,lags_only,20,2023-05-24,2023-05-27,3,historical_nan_block_numbering_divergence
21041008_10_49,lags_only,20,2023-05-24,2023-05-28,4,historical_nan_block_numbering_divergence
21041008_10_49,lags_only,20,2023-05-25,2023-05-26,1,historical_nan_block_numbering_divergence
21041008_10_49,lags_only,20,2023-05-25,2023-05-27,2,historical_nan_block_numbering_divergence
21041008_10_49,lags_only,20,2023-05-25,2023-05-28,3,historical_nan_block_numbering_divergence
21041008_10_49,lags_only,20,2023-05-26,2023-05-27,1,historical_nan_block_numbering_divergence
21041008_10_49,lags_only,20,2023-05-26,2023-05-28,2,historical_nan_block_numbering_divergence
21041008_10_49,lags_only,21,2023-06-20,2023-06-21,1,historical_nan_block_numbering_divergence
21041008_10_49,lags_only,21,2023-06-20,2023-06-22,2,historical_nan_block_numbering_divergence
21041008_10_49,lags_only,21,2023-06-20,2023-06-23,3,historical_nan_block_numbering_divergence
21041008_10_49,lags_only,21,2023-06-20,2023-06-24,4,historical_nan_block_numbering_divergence
21041008_10_49,lags_only,21,2023-06-20,2023-06-25,5,historical_nan_block_numbering_divergence
21041008_10_49,lags_only,21,2023-06-20,2023-06-26,6,historical_nan_block_numbering_divergence
21041008_10_49,lags_only,21,2023-06-20,2023-06-27,7,historical_nan_block_numbering_divergence
21041008_10_49,lags_only,21,2023-06-21,2023-06-22,1,historical_nan_block_numbering_divergence
21041008_10_49,lags_only,21,2023-06-21,2023-06-23,2,historical_nan_block_numbering_divergence
21041008_10_49,lags_only,21,2023-06-21,2023-06-24,3,historical_nan_block_numbering_divergence
21041008_10_49,lags_only,21,2023-06-21,2023-06-25,4,historical_nan_block_numbering_divergence
21041008_10_49,lags_only,21,2023-06-21,2023-06-26,5,historical_nan_block_numbering_divergence
21041008_10_49,lags_only,21,2023-06-21,2023-06-27,6,historical_nan_block_numbering_divergence
21041008_10_49,lags_only,21,2023-06-21,2023-06-28,7,historical_nan_block_numbering_divergence
21041008_10_49,lags_only,21,2023-06-22,2023-06-23,1,historical_nan_block_numbering_divergence
21041008_10_49,lags_only,21,2023-06-22,2023-06-24,2,historical_nan_block_numbering_divergence
21041008_10_49,lags_only,21,2023-06-22,2023-06-25,3,historical_nan_block_numbering_divergence
21041008_10_49,lags_only,21,2023-06-22,2023-06-26,4,historical_nan_block_numbering_divergence
21041008_10_49,lags_only,21,2023-06-22,2023-06-27,5,historical_nan_block_numbering_divergence
21041008_10_49,lags_only,21,2023-06-22,2023-06-28,6,historical_nan_block_numbering_divergence
21041008_10_49,lags_only,21,2023-06-22,2023-06-29,7,historical_nan_block_numbering_divergence
21041008_10_49,lags_only,21,2023-06-23,2023-06-24,1,historical_nan_block_numbering_divergence
21041008_10_49,lags_only,21,2023-06-23,2023-06-25,2,historical_nan_block_numbering_divergence
21041008_10_49,lags_only,21,2023-06-23,2023-06-26,3,historical_nan_block_numbering_divergence
21041008_10_49,lags_only,21,2023-06-23,2023-06-27,4,historical_nan_block_numbering_divergence
21041008_10_49,lags_only,21,2023-06-23,2023-06-28,5,historical_nan_block_numbering_divergence
21041008_10_49,lags_only,21,2023-06-23,2023-06-29,6,historical_nan_block_numbering_divergence
21041008_10_49,lags_only,21,2023-06-23,2023-06-30,7,historical_nan_block_numbering_divergence
21041008_10_49,lags_only,21,2023-06-24,2023-06-25,1,historical_nan_block_numbering_divergence
21041008_10_49,lags_only,21,2023-06-24,2023-06-26,2,historical_nan_block_numbering_divergence
21041008_10_49,lags_only,21,2023-06-24,2023-06-27,3,historical_nan_block_numbering_divergence
21041008_10_49,lags_only,21,2023-06-24,2023-06-28,4,historical_nan_block_numbering_divergence
21041008_10_49,lags_only,21,2023-06-24,2023-06-29,5,historical_nan_block_numbering_divergence
21041008_10_49,lags_only,21,2023-06-24,2023-06-30,6,historical_nan_block_numbering_divergence
21041008_10_49,lags_only,21,2023-06-24,2023-07-01,7,historical_nan_block_numbering_divergence
21041008_10_49,lags_only,22,2023-06-25,2023-06-26,1,historical_nan_block_numbering_divergence
21041008_10_49,lags_only,22,2023-06-25,2023-06-27,2,historical_nan_block_numbering_divergence
21041008_10_49,lags_only,22,2023-06-25,2023-06-28,3,historical_nan_block_numbering_divergence
21041008_10_49,lags_only,22,2023-06-25,2023-06-29,4,historical_nan_block_numbering_divergence
21041008_10_49,lags_only,22,2023-06-25,2023-06-30,5,historical_nan_block_numbering_divergence
21041008_10_49,lags_only,22,2023-06-25,2023-07-01,6,historical_nan_block_numbering_divergence
21041008_10_49,lags_only,22,2023-06-25,2023-07-02,7,historical_nan_block_numbering_divergence
21041008_10_49,lags_only,22,2023-07-04,2023-07-05,1,historical_nan_block_numbering_divergence
21041008_10_49,lags_only,22,2023-07-04,2023-07-06,2,historical_nan_block_numbering_divergence
21041008_10_49,lags_only,22,2023-07-04,2023-07-07,3,historical_nan_block_numbering_divergence
21041008_10_49,lags_only,22,2023-07-04,2023-07-08,4,historical_nan_block_numbering_divergence
21041008_10_49,lags_only,22,2023-07-04,2023-07-09,5,historical_nan_block_numbering_divergence
21041008_10_49,lags_only,22,2023-07-04,2023-07-10,6,historical_nan_block_numbering_divergence
21041008_10_49,lags_only,22,2023-07-04,2023-07-11,7,historical_nan_block_numbering_divergence
21041008_10_49,lags_only,22,2023-07-05,2023-07-06,1,historical_nan_block_numbering_divergence
21041008_10_49,lags_only,22,2023-07-05,2023-07-07,2,historical_nan_block_numbering_divergence
21041008_10_49,lags_only,22,2023-07-05,2023-07-08,3,historical_nan_block_numbering_divergence
21041008_10_49,lags_only,22,2023-07-05,2023-07-09,4,historical_nan_block_numbering_divergence
21041008_10_49,lags_only,22,2023-07-05,2023-07-10,5,historical_nan_block_numbering_divergence
21041008_10_49,lags_only,22,2023-07-05,2023-07-11,6,historical_nan_block_numbering_divergence
21041008_10_49,lags_only,22,2023-07-06,2023-07-07,1,historical_nan_block_numbering_divergence
21041008_10_49,lags_only,22,2023-07-06,2023-07-08,2,historical_nan_block_numbering_divergence
21041008_10_49,lags_only,22,2023-07-06,2023-07-09,3,historical_nan_block_numbering_divergence
21041008_10_49,lags_only,22,2023-07-06,2023-07-10,4,historical_nan_block_numbering_divergence
21041008_10_49,lags_only,22,2023-07-06,2023-07-11,5,historical_nan_block_numbering_divergence
21041008_10_49,lags_only,22,2023-07-07,2023-07-08,1,historical_nan_block_numbering_divergence
21041008_10_49,lags_only,22,2023-07-07,2023-07-09,2,historical_nan_block_numbering_divergence
21041008_10_49,lags_only,22,2023-07-07,2023-07-10,3,historical_nan_block_numbering_divergence
21041008_10_49,lags_only,22,2023-07-07,2023-07-11,4,historical_nan_block_numbering_divergence
21041008_10_49,lags_only,22,2023-07-08,2023-07-09,1,historical_nan_block_numbering_divergence
21041008_10_49,lags_only,22,2023-07-08,2023-07-10,2,historical_nan_block_numbering_divergence
21041008_10_49,lags_only,22,2023-07-08,2023-07-11,3,historical_nan_block_numbering_divergence
21041008_10_49,lags_only,22,2023-07-09,2023-07-10,1,historical_nan_block_numbering_divergence
21041008_10_49,lags_only,22,2023-07-09,2023-07-11,2,historical_nan_block_numbering_divergence
21041008_10_49,lags_only,22,2023-07-10,2023-07-11,1,historical_nan_block_numbering_divergence
21041008_10_49,lags_only,23,2023-08-04,2023-08-05,1,historical_nan_block_numbering_divergence
21041008_10_49,lags_only,23,2023-08-04,2023-08-06,2,historical_nan_block_numbering_divergence
21041008_10_49,lags_only,23,2023-08-04,2023-08-07,3,historical_nan_block_numbering_divergence
21041008_10_49,lags_only,23,2023-08-04,2023-08-08,4,historical_nan_block_numbering_divergence
21041008_10_49,lags_only,23,2023-08-04,2023-08-09,5,historical_nan_block_numbering_divergence
21041008_10_49,lags_only,23,2023-08-04,2023-08-10,6,historical_nan_block_numbering_divergence
21041008_10_49,lags_only,23,2023-08-04,2023-08-11,7,historical_nan_block_numbering_divergence
21041008_10_49,lags_only,23,2023-08-05,2023-08-06,1,historical_nan_block_numbering_divergence
21041008_10_49,lags_only,23,2023-08-05,2023-08-07,2,historical_nan_block_numbering_divergence
21041008_10_49,lags_only,23,2023-08-05,2023-08-08,3,historical_nan_block_numbering_divergence
21041008_10_49,lags_only,23,2023-08-05,2023-08-09,4,historical_nan_block_numbering_divergence
21041008_10_49,lags_only,23,2023-08-05,2023-08-10,5,historical_nan_block_numbering_divergence
21041008_10_49,lags_only,23,2023-08-05,2023-08-11,6,historical_nan_block_numbering_divergence
21041008_10_49,lags_only,23,2023-08-05,2023-08-12,7,historical_nan_block_numbering_divergence
21041008_10_49,lags_only,23,2023-08-06,2023-08-07,1,historical_nan_block_numbering_divergence
21041008_10_49,lags_only,23,2023-08-06,2023-08-08,2,historical_nan_block_numbering_divergence
21041008_10_49,lags_only,23,2023-08-06,2023-08-09,3,historical_nan_block_numbering_divergence
21041008_10_49,lags_only,23,2023-08-06,2023-08-10,4,historical_nan_block_numbering_divergence
21041008_10_49,lags_only,23,2023-08-06,2023-08-11,5,historical_nan_block_numbering_divergence
21041008_10_49,lags_only,23,2023-08-06,2023-08-12,6,historical_nan_block_numbering_divergence
21041008_10_49,lags_only,23,2023-08-06,2023-08-13,7,historical_nan_block_numbering_divergence
21041008_10_49,lags_only,23,2023-08-07,2023-08-08,1,historical_nan_block_numbering_divergence
21041008_10_49,lags_only,23,2023-08-07,2023-08-09,2,historical_nan_block_numbering_divergence
21041008_10_49,lags_only,23,2023-08-07,2023-08-10,3,historical_nan_block_numbering_divergence
21041008_10_49,lags_only,23,2023-08-07,2023-08-11,4,historical_nan_block_numbering_divergence
21041008_10_49,lags_only,23,2023-08-07,2023-08-12,5,historical_nan_block_numbering_divergence
21041008_10_49,lags_only,23,2023-08-07,2023-08-13,6,historical_nan_block_numbering_divergence
21041008_10_49,lags_only,23,2023-08-07,2023-08-14,7,historical_nan_block_numbering_divergence
21041008_10_49,lags_only,23,2023-08-18,2023-08-19,1,historical_nan_block_numbering_divergence
21041008_10_49,lags_only,23,2023-08-18,2023-08-20,2,historical_nan_block_numbering_divergence
21041008_10_49,lags_only,23,2023-08-18,2023-08-21,3,historical_nan_block_numbering_divergence
21041008_10_49,lags_only,23,2023-08-18,2023-08-22,4,historical_nan_block_numbering_divergence
21041008_10_49,lags_only,23,2023-08-18,2023-08-23,5,historical_nan_block_numbering_divergence
21041008_10_49,lags_only,23,2023-08-18,2023-08-24,6,historical_nan_block_numbering_divergence
21041008_10_49,lags_only,23,2023-08-18,2023-08-25,7,historical_nan_block_numbering_divergence
21041008_10_49,lags_only,23,2023-08-19,2023-08-20,1,historical_nan_block_numbering_divergence
21041008_10_49,lags_only,23,2023-08-19,2023-08-21,2,historical_nan_block_numbering_divergence
21041008_10_49,lags_only,23,2023-08-19,2023-08-22,3,historical_nan_block_numbering_divergence
21041008_10_49,lags_only,23,2023-08-19,2023-08-23,4,historical_nan_block_numbering_divergence
21041008_10_49,lags_only,23,2023-08-19,2023-08-24,5,historical_nan_block_numbering_divergence
21041008_10_49,lags_only,23,2023-08-19,2023-08-25,6,historical_nan_block_numbering_divergence
21041008_10_49,lags_only,23,2023-08-19,2023-08-26,7,historical_nan_block_numbering_divergence
21041008_10_49,lags_only,24,2023-08-20,2023-08-21,1,historical_nan_block_numbering_divergence
21041008_10_49,lags_only,24,2023-08-20,2023-08-22,2,historical_nan_block_numbering_divergence
21041008_10_49,lags_only,24,2023-08-20,2023-08-23,3,historical_nan_block_numbering_divergence
21041008_10_49,lags_only,24,2023-08-20,2023-08-24,4,historical_nan_block_numbering_divergence
21041008_10_49,lags_only,24,2023-08-20,2023-08-25,5,historical_nan_block_numbering_divergence
21041008_10_49,lags_only,24,2023-08-20,2023-08-26,6,historical_nan_block_numbering_divergence
21041008_10_49,lags_only,24,2023-08-20,2023-08-27,7,historical_nan_block_numbering_divergence
21041008_10_49,lags_only,24,2023-08-21,2023-08-22,1,historical_nan_block_numbering_divergence
21041008_10_49,lags_only,24,2023-08-21,2023-08-23,2,historical_nan_block_numbering_divergence
21041008_10_49,lags_only,24,2023-08-21,2023-08-24,3,historical_nan_block_numbering_divergence
21041008_10_49,lags_only,24,2023-08-21,2023-08-25,4,historical_nan_block_numbering_divergence
21041008_10_49,lags_only,24,2023-08-21,2023-08-26,5,historical_nan_block_numbering_divergence
21041008_10_49,lags_only,24,2023-08-21,2023-08-27,6,historical_nan_block_numbering_divergence
21041008_10_49,lags_only,24,2023-08-21,2023-08-28,7,historical_nan_block_numbering_divergence
21041008_10_49,lags_only,24,2023-08-23,2023-08-24,1,historical_nan_block_numbering_divergence
21041008_10_49,lags_only,24,2023-08-23,2023-08-25,2,historical_nan_block_numbering_divergence
21041008_10_49,lags_only,24,2023-08-23,2023-08-26,3,historical_nan_block_numbering_divergence
21041008_10_49,lags_only,24,2023-08-23,2023-08-27,4,historical_nan_block_numbering_divergence
21041008_10_49,lags_only,24,2023-08-23,2023-08-28,5,historical_nan_block_numbering_divergence
21041008_10_49,lags_only,24,2023-08-23,2023-08-29,6,historical_nan_block_numbering_divergence
21041008_10_49,lags_only,24,2023-08-23,2023-08-30,7,historical_nan_block_numbering_divergence
21041008_10_49,lags_only,24,2023-08-24,2023-08-25,1,historical_nan_block_numbering_divergence
21041008_10_49,lags_only,24,2023-08-24,2023-08-26,2,historical_nan_block_numbering_divergence
21041008_10_49,lags_only,24,2023-08-24,2023-08-27,3,historical_nan_block_numbering_divergence
21041008_10_49,lags_only,24,2023-08-24,2023-08-28,4,historical_nan_block_numbering_divergence
21041008_10_49,lags_only,24,2023-08-24,2023-08-29,5,historical_nan_block_numbering_divergence
21041008_10_49,lags_only,24,2023-08-24,2023-08-30,6,historical_nan_block_numbering_divergence
21041008_10_49,lags_only,24,2023-08-24,2023-08-31,7,historical_nan_block_numbering_divergence
21041008_10_49,lags_only,24,2023-08-25,2023-08-26,1,historical_nan_block_numbering_divergence
21041008_10_49,lags_only,24,2023-08-25,2023-08-27,2,historical_nan_block_numbering_divergence
21041008_10_49,lags_only,24,2023-08-25,2023-08-28,3,historical_nan_block_numbering_divergence
21041008_10_49,lags_only,24,2023-08-25,2023-08-29,4,historical_nan_block_numbering_divergence
21041008_10_49,lags_only,24,2023-08-25,2023-08-30,5,historical_nan_block_numbering_divergence
21041008_10_49,lags_only,24,2023-08-25,2023-08-31,6,historical_nan_block_numbering_divergence
21041008_10_49,lags_only,24,2023-08-25,2023-09-01,7,historical_nan_block_numbering_divergence
21041008_10_49,lags_only,24,2023-08-26,2023-08-27,1,historical_nan_block_numbering_divergence
21041008_10_49,lags_only,24,2023-08-26,2023-08-28,2,historical_nan_block_numbering_divergence
21041008_10_49,lags_only,24,2023-08-26,2023-08-29,3,historical_nan_block_numbering_divergence
21041008_10_49,lags_only,24,2023-08-26,2023-08-30,4,historical_nan_block_numbering_divergence
21041008_10_49,lags_only,24,2023-08-26,2023-08-31,5,historical_nan_block_numbering_divergence
21041008_10_49,lags_only,24,2023-08-26,2023-09-01,6,historical_nan_block_numbering_divergence
21041008_10_49,lags_only,24,2023-08-26,2023-09-02,7,historical_nan_block_numbering_divergence
21041008_10_49,lags_only,24,2023-08-27,2023-08-28,1,historical_nan_block_numbering_divergence
21041008_10_49,lags_only,24,2023-08-27,2023-08-29,2,historical_nan_block_numbering_divergence
21041008_10_49,lags_only,24,2023-08-27,2023-08-30,3,historical_nan_block_numbering_divergence
21041008_10_49,lags_only,24,2023-08-27,2023-08-31,4,historical_nan_block_numbering_divergence
21041008_10_49,lags_only,24,2023-08-27,2023-09-01,5,historical_nan_block_numbering_divergence
21041008_10_49,lags_only,24,2023-08-27,2023-09-02,6,historical_nan_block_numbering_divergence
21041008_10_49,lags_only,24,2023-08-27,2023-09-03,7,historical_nan_block_numbering_divergence
21041008_10_49,lags_only,24,2023-08-28,2023-08-29,1,historical_nan_block_numbering_divergence
21041008_10_49,lags_only,24,2023-08-28,2023-08-30,2,historical_nan_block_numbering_divergence
21041008_10_49,lags_only,24,2023-08-28,2023-08-31,3,historical_nan_block_numbering_divergence
21041008_10_49,lags_only,24,2023-08-28,2023-09-01,4,historical_nan_block_numbering_divergence
21041008_10_49,lags_only,24,2023-08-28,2023-09-02,5,historical_nan_block_numbering_divergence
21041008_10_49,lags_only,24,2023-08-28,2023-09-03,6,historical_nan_block_numbering_divergence
21041008_10_49,lags_only,24,2023-08-28,2023-09-04,7,historical_nan_block_numbering_divergence
21041008_10_49,lags_only,24,2023-08-29,2023-08-30,1,historical_nan_block_numbering_divergence
21041008_10_49,lags_only,24,2023-08-29,2023-08-31,2,historical_nan_block_numbering_divergence
21041008_10_49,lags_only,24,2023-08-29,2023-09-01,3,historical_nan_block_numbering_divergence
21041008_10_49,lags_only,24,2023-08-29,2023-09-02,4,historical_nan_block_numbering_divergence
21041008_10_49,lags_only,24,2023-08-29,2023-09-03,5,historical_nan_block_numbering_divergence
21041008_10_49,lags_only,24,2023-08-29,2023-09-04,6,historical_nan_block_numbering_divergence
21041008_10_49,lags_only,24,2023-08-29,2023-09-05,7,historical_nan_block_numbering_divergence
21041008_10_49,lags_only,24,2023-08-30,2023-08-31,1,historical_nan_block_numbering_divergence
21041008_10_49,lags_only,24,2023-08-30,2023-09-01,2,historical_nan_block_numbering_divergence
21041008_10_49,lags_only,24,2023-08-30,2023-09-02,3,historical_nan_block_numbering_divergence
21041008_10_49,lags_only,24,2023-08-30,2023-09-03,4,historical_nan_block_numbering_divergence
21041008_10_49,lags_only,24,2023-08-30,2023-09-04,5,historical_nan_block_numbering_divergence
21041008_10_49,lags_only,24,2023-08-30,2023-09-05,6,historical_nan_block_numbering_divergence
21041008_10_49,lags_only,24,2023-08-30,2023-09-06,7,historical_nan_block_numbering_divergence
21041008_10_49,lags_only,24,2023-08-31,2023-09-01,1,historical_nan_block_numbering_divergence
21041008_10_49,lags_only,24,2023-08-31,2023-09-02,2,historical_nan_block_numbering_divergence
21041008_10_49,lags_only,24,2023-08-31,2023-09-03,3,historical_nan_block_numbering_divergence
21041008_10_49,lags_only,24,2023-08-31,2023-09-04,4,historical_nan_block_numbering_divergence
21041008_10_49,lags_only,24,2023-08-31,2023-09-05,5,historical_nan_block_numbering_divergence
21041008_10_49,lags_only,24,2023-08-31,2023-09-06,6,historical_nan_block_numbering_divergence
21041008_10_49,lags_only,24,2023-08-31,2023-09-07,7,historical_nan_block_numbering_divergence
21041008_10_49,lags_only,24,2023-09-01,2023-09-02,1,historical_nan_block_numbering_divergence
21041008_10_49,lags_only,24,2023-09-01,2023-09-03,2,historical_nan_block_numbering_divergence
21041008_10_49,lags_only,24,2023-09-01,2023-09-04,3,historical_nan_block_numbering_divergence
21041008_10_49,lags_only,24,2023-09-01,2023-09-05,4,historical_nan_block_numbering_divergence
21041008_10_49,lags_only,24,2023-09-01,2023-09-06,5,historical_nan_block_numbering_divergence
21041008_10_49,lags_only,24,2023-09-01,2023-09-07,6,historical_nan_block_numbering_divergence
21041008_10_49,lags_only,24,2023-09-01,2023-09-08,7,historical_nan_block_numbering_divergence
21041008_10_49,lags_only,24,2023-09-02,2023-09-03,1,historical_nan_block_numbering_divergence
21041008_10_49,lags_only,24,2023-09-02,2023-09-04,2,historical_nan_block_numbering_divergence
21041008_10_49,lags_only,24,2023-09-02,2023-09-05,3,historical_nan_block_numbering_divergence
21041008_10_49,lags_only,24,2023-09-02,2023-09-06,4,historical_nan_block_numbering_divergence
21041008_10_49,lags_only,24,2023-09-02,2023-09-07,5,historical_nan_block_numbering_divergence
21041008_10_49,lags_only,24,2023-09-02,2023-09-08,6,historical_nan_block_numbering_divergence
21041008_10_49,lags_only,24,2023-09-02,2023-09-09,7,historical_nan_block_numbering_divergence
21041008_10_49,lags_only,24,2023-09-03,2023-09-04,1,historical_nan_block_numbering_divergence
21041008_10_49,lags_only,24,2023-09-03,2023-09-05,2,historical_nan_block_numbering_divergence
21041008_10_49,lags_only,24,2023-09-03,2023-09-06,3,historical_nan_block_numbering_divergence
21041008_10_49,lags_only,24,2023-09-03,2023-09-07,4,historical_nan_block_numbering_divergence
21041008_10_49,lags_only,24,2023-09-03,2023-09-08,5,historical_nan_block_numbering_divergence
21041008_10_49,lags_only,24,2023-09-03,2023-09-09,6,historical_nan_block_numbering_divergence
21041008_10_49,lags_only,24,2023-09-03,2023-09-10,7,historical_nan_block_numbering_divergence
21041008_10_49,lags_only,24,2023-09-04,2023-09-05,1,historical_nan_block_numbering_divergence
21041008_10_49,lags_only,24,2023-09-04,2023-09-06,2,historical_nan_block_numbering_divergence
21041008_10_49,lags_only,24,2023-09-04,2023-09-07,3,historical_nan_block_numbering_divergence
21041008_10_49,lags_only,24,2023-09-04,2023-09-08,4,historical_nan_block_numbering_divergence
21041008_10_49,lags_only,24,2023-09-04,2023-09-09,5,historical_nan_block_numbering_divergence
21041008_10_49,lags_only,24,2023-09-04,2023-09-10,6,historical_nan_block_numbering_divergence
21041008_10_49,lags_only,24,2023-09-04,2023-09-11,7,historical_nan_block_numbering_divergence
21041008_10_49,lags_only,24,2023-09-05,2023-09-06,1,historical_nan_block_numbering_divergence
21041008_10_49,lags_only,24,2023-09-05,2023-09-07,2,historical_nan_block_numbering_divergence
21041008_10_49,lags_only,24,2023-09-05,2023-09-08,3,historical_nan_block_numbering_divergence
21041008_10_49,lags_only,24,2023-09-05,2023-09-09,4,historical_nan_block_numbering_divergence
21041008_10_49,lags_only,24,2023-09-05,2023-09-10,5,historical_nan_block_numbering_divergence
21041008_10_49,lags_only,24,2023-09-05,2023-09-11,6,historical_nan_block_numbering_divergence
21041008_10_49,lags_only,24,2023-09-05,2023-09-12,7,historical_nan_block_numbering_divergence
21041008_10_49,lags_only,24,2023-09-06,2023-09-07,1,historical_nan_block_numbering_divergence
21041008_10_49,lags_only,24,2023-09-06,2023-09-08,2,historical_nan_block_numbering_divergence
21041008_10_49,lags_only,24,2023-09-06,2023-09-09,3,historical_nan_block_numbering_divergence
21041008_10_49,lags_only,24,2023-09-06,2023-09-10,4,historical_nan_block_numbering_divergence
21041008_10_49,lags_only,24,2023-09-06,2023-09-11,5,historical_nan_block_numbering_divergence
21041008_10_49,lags_only,24,2023-09-06,2023-09-12,6,historical_nan_block_numbering_divergence
21041008_10_49,lags_only,24,2023-09-06,2023-09-13,7,historical_nan_block_numbering_divergence
21041008_10_49,lags_only,24,2023-09-07,2023-09-08,1,historical_nan_block_numbering_divergence
21041008_10_49,lags_only,24,2023-09-07,2023-09-09,2,historical_nan_block_numbering_divergence
21041008_10_49,lags_only,24,2023-09-07,2023-09-10,3,historical_nan_block_numbering_divergence
21041008_10_49,lags_only,24,2023-09-07,2023-09-11,4,historical_nan_block_numbering_divergence
21041008_10_49,lags_only,24,2023-09-07,2023-09-12,5,historical_nan_block_numbering_divergence
21041008_10_49,lags_only,24,2023-09-07,2023-09-13,6,historical_nan_block_numbering_divergence
21041008_10_49,lags_only,24,2023-09-07,2023-09-14,7,historical_nan_block_numbering_divergence
21041008_10_49,lags_only,24,2023-09-08,2023-09-09,1,historical_nan_block_numbering_divergence
21041008_10_49,lags_only,24,2023-09-08,2023-09-10,2,historical_nan_block_numbering_divergence
21041008_10_49,lags_only,24,2023-09-08,2023-09-11,3,historical_nan_block_numbering_divergence
21041008_10_49,lags_only,24,2023-09-08,2023-09-12,4,historical_nan_block_numbering_divergence
21041008_10_49,lags_only,24,2023-09-08,2023-09-13,5,historical_nan_block_numbering_divergence
21041008_10_49,lags_only,24,2023-09-08,2023-09-14,6,historical_nan_block_numbering_divergence
21041008_10_49,lags_only,24,2023-09-08,2023-09-15,7,historical_nan_block_numbering_divergence
21041008_10_49,lags_only,24,2023-09-09,2023-09-10,1,historical_nan_block_numbering_divergence
21041008_10_49,lags_only,24,2023-09-09,2023-09-11,2,historical_nan_block_numbering_divergence
21041008_10_49,lags_only,24,2023-09-09,2023-09-12,3,historical_nan_block_numbering_divergence
21041008_10_49,lags_only,24,2023-09-09,2023-09-13,4,historical_nan_block_numbering_divergence
21041008_10_49,lags_only,24,2023-09-09,2023-09-14,5,historical_nan_block_numbering_divergence
21041008_10_49,lags_only,24,2023-09-09,2023-09-15,6,historical_nan_block_numbering_divergence
21041008_10_49,lags_only,24,2023-09-09,2023-09-16,7,historical_nan_block_numbering_divergence
21041008_10_49,lags_only,24,2023-09-10,2023-09-11,1,historical_nan_block_numbering_divergence
21041008_10_49,lags_only,24,2023-09-10,2023-09-12,2,historical_nan_block_numbering_divergence
21041008_10_49,lags_only,24,2023-09-10,2023-09-13,3,historical_nan_block_numbering_divergence
21041008_10_49,lags_only,24,2023-09-10,2023-09-14,4,historical_nan_block_numbering_divergence
21041008_10_49,lags_only,24,2023-09-10,2023-09-15,5,historical_nan_block_numbering_divergence
21041008_10_49,lags_only,24,2023-09-10,2023-09-16,6,historical_nan_block_numbering_divergence
21041008_10_49,lags_only,24,2023-09-10,2023-09-17,7,historical_nan_block_numbering_divergence
21041008_10_49,lags_only,24,2023-09-11,2023-09-12,1,historical_nan_block_numbering_divergence
21041008_10_49,lags_only,24,2023-09-11,2023-09-13,2,historical_nan_block_numbering_divergence
21041008_10_49,lags_only,24,2023-09-11,2023-09-14,3,historical_nan_block_numbering_divergence
21041008_10_49,lags_only,24,2023-09-11,2023-09-15,4,historical_nan_block_numbering_divergence
21041008_10_49,lags_only,24,2023-09-11,2023-09-16,5,historical_nan_block_numbering_divergence
21041008_10_49,lags_only,24,2023-09-11,2023-09-17,6,historical_nan_block_numbering_divergence
21041008_10_49,lags_only,24,2023-09-11,2023-09-18,7,historical_nan_block_numbering_divergence
21041008_10_49,lags_only,24,2023-09-12,2023-09-13,1,historical_nan_block_numbering_divergence
21041008_10_49,lags_only,24,2023-09-12,2023-09-14,2,historical_nan_block_numbering_divergence
21041008_10_49,lags_only,24,2023-09-12,2023-09-15,3,historical_nan_block_numbering_divergence
21041008_10_49,lags_only,24,2023-09-12,2023-09-16,4,historical_nan_block_numbering_divergence
21041008_10_49,lags_only,24,2023-09-12,2023-09-17,5,historical_nan_block_numbering_divergence
21041008_10_49,lags_only,24,2023-09-12,2023-09-18,6,historical_nan_block_numbering_divergence
21041008_10_49,lags_only,24,2023-09-12,2023-09-19,7,historical_nan_block_numbering_divergence
21041008_10_49,lags_only,24,2023-09-13,2023-09-14,1,historical_nan_block_numbering_divergence
21041008_10_49,lags_only,24,2023-09-13,2023-09-15,2,historical_nan_block_numbering_divergence
21041008_10_49,lags_only,24,2023-09-13,2023-09-16,3,historical_nan_block_numbering_divergence
21041008_10_49,lags_only,24,2023-09-13,2023-09-17,4,historical_nan_block_numbering_divergence
21041008_10_49,lags_only,24,2023-09-13,2023-09-18,5,historical_nan_block_numbering_divergence
21041008_10_49,lags_only,24,2023-09-13,2023-09-19,6,historical_nan_block_numbering_divergence
21041008_10_49,lags_only,24,2023-09-13,2023-09-20,7,historical_nan_block_numbering_divergence
21041008_10_49,lags_only,24,2023-09-14,2023-09-15,1,historical_nan_block_numbering_divergence
21041008_10_49,lags_only,24,2023-09-14,2023-09-16,2,historical_nan_block_numbering_divergence
21041008_10_49,lags_only,24,2023-09-14,2023-09-17,3,historical_nan_block_numbering_divergence
21041008_10_49,lags_only,24,2023-09-14,2023-09-18,4,historical_nan_block_numbering_divergence
21041008_10_49,lags_only,24,2023-09-14,2023-09-19,5,historical_nan_block_numbering_divergence
21041008_10_49,lags_only,24,2023-09-14,2023-09-20,6,historical_nan_block_numbering_divergence
21041008_10_49,lags_only,24,2023-09-14,2023-09-21,7,historical_nan_block_numbering_divergence
21041008_10_49,lags_only,24,2023-09-15,2023-09-16,1,historical_nan_block_numbering_divergence
21041008_10_49,lags_only,24,2023-09-15,2023-09-17,2,historical_nan_block_numbering_divergence
21041008_10_49,lags_only,24,2023-09-15,2023-09-18,3,historical_nan_block_numbering_divergence
21041008_10_49,lags_only,24,2023-09-15,2023-09-19,4,historical_nan_block_numbering_divergence
21041008_10_49,lags_only,24,2023-09-15,2023-09-20,5,historical_nan_block_numbering_divergence
21041008_10_49,lags_only,24,2023-09-15,2023-09-21,6,historical_nan_block_numbering_divergence
21041008_10_49,lags_only,24,2023-09-15,2023-09-22,7,historical_nan_block_numbering_divergence
21041008_10_49,lags_only,24,2023-09-16,2023-09-17,1,historical_nan_block_numbering_divergence
21041008_10_49,lags_only,24,2023-09-16,2023-09-18,2,historical_nan_block_numbering_divergence
21041008_10_49,lags_only,24,2023-09-16,2023-09-19,3,historical_nan_block_numbering_divergence
21041008_10_49,lags_only,24,2023-09-16,2023-09-20,4,historical_nan_block_numbering_divergence
21041008_10_49,lags_only,24,2023-09-16,2023-09-21,5,historical_nan_block_numbering_divergence
21041008_10_49,lags_only,24,2023-09-16,2023-09-22,6,historical_nan_block_numbering_divergence
21041008_10_49,lags_only,24,2023-09-16,2023-09-23,7,historical_nan_block_numbering_divergence
21041008_10_49,lags_only,25,2023-09-17,2023-09-18,1,historical_nan_block_numbering_divergence
21041008_10_49,lags_only,25,2023-09-17,2023-09-19,2,historical_nan_block_numbering_divergence
21041008_10_49,lags_only,25,2023-09-17,2023-09-20,3,historical_nan_block_numbering_divergence
21041008_10_49,lags_only,25,2023-09-17,2023-09-21,4,historical_nan_block_numbering_divergence
21041008_10_49,lags_only,25,2023-09-17,2023-09-22,5,historical_nan_block_numbering_divergence
21041008_10_49,lags_only,25,2023-09-17,2023-09-23,6,historical_nan_block_numbering_divergence
21041008_10_49,lags_only,25,2023-09-18,2023-09-19,1,historical_nan_block_numbering_divergence
21041008_10_49,lags_only,25,2023-09-18,2023-09-20,2,historical_nan_block_numbering_divergence
21041008_10_49,lags_only,25,2023-09-18,2023-09-21,3,historical_nan_block_numbering_divergence
21041008_10_49,lags_only,25,2023-09-18,2023-09-22,4,historical_nan_block_numbering_divergence
21041008_10_49,lags_only,25,2023-09-18,2023-09-23,5,historical_nan_block_numbering_divergence
21041008_10_49,lags_only,25,2023-09-18,2023-09-25,7,historical_nan_block_numbering_divergence
21041008_10_49,lags_only,25,2023-09-19,2023-09-20,1,historical_nan_block_numbering_divergence
21041008_10_49,lags_only,25,2023-09-19,2023-09-21,2,historical_nan_block_numbering_divergence
21041008_10_49,lags_only,25,2023-09-19,2023-09-22,3,historical_nan_block_numbering_divergence
21041008_10_49,lags_only,25,2023-09-19,2023-09-23,4,historical_nan_block_numbering_divergence
21041008_10_49,lags_only,25,2023-09-19,2023-09-25,6,historical_nan_block_numbering_divergence
21041008_10_49,lags_only,25,2023-09-20,2023-09-21,1,historical_nan_block_numbering_divergence
21041008_10_49,lags_only,25,2023-09-20,2023-09-22,2,historical_nan_block_numbering_divergence
21041008_10_49,lags_only,25,2023-09-20,2023-09-23,3,historical_nan_block_numbering_divergence
21041008_10_49,lags_only,25,2023-09-20,2023-09-25,5,historical_nan_block_numbering_divergence
21041008_10_49,lags_only,25,2023-09-21,2023-09-22,1,historical_nan_block_numbering_divergence
21041008_10_49,lags_only,25,2023-09-21,2023-09-23,2,historical_nan_block_numbering_divergence
21041008_10_49,lags_only,25,2023-09-21,2023-09-25,4,historical_nan_block_numbering_divergence
21041008_10_49,lags_only,25,2023-09-21,2023-09-28,7,historical_nan_block_numbering_divergence
21041008_10_49,lags_only,25,2023-09-22,2023-09-23,1,historical_nan_block_numbering_divergence
21041008_10_49,lags_only,25,2023-09-22,2023-09-25,3,historical_nan_block_numbering_divergence
21041008_10_49,lags_only,25,2023-09-22,2023-09-28,6,historical_nan_block_numbering_divergence
21041008_10_49,lags_only,25,2023-09-22,2023-09-29,7,historical_nan_block_numbering_divergence
21041008_10_49,lags_only,25,2023-09-23,2023-09-25,2,historical_nan_block_numbering_divergence
21041008_10_49,lags_only,25,2023-09-23,2023-09-28,5,historical_nan_block_numbering_divergence
21041008_10_49,lags_only,25,2023-09-23,2023-09-29,6,historical_nan_block_numbering_divergence
21041008_10_49,lags_only,25,2023-09-23,2023-09-30,7,historical_nan_block_numbering_divergence
21041008_10_49,lags_only,25,2023-09-24,2023-09-25,1,historical_nan_block_numbering_divergence
21041008_10_49,lags_only,25,2023-09-24,2023-09-28,4,historical_nan_block_numbering_divergence
21041008_10_49,lags_only,25,2023-09-24,2023-09-29,5,historical_nan_block_numbering_divergence
21041008_10_49,lags_only,25,2023-09-24,2023-09-30,6,historical_nan_block_numbering_divergence
21041008_10_49,lags_only,25,2023-09-24,2023-10-01,7,historical_nan_block_numbering_divergence
21041008_10_49,lags_only,25,2023-10-13,2023-10-16,3,historical_nan_block_numbering_divergence
21041008_10_49,lags_only,25,2023-10-13,2023-10-20,7,historical_nan_block_numbering_divergence
21041008_10_49,lags_only,26,2023-11-03,2023-11-04,1,historical_nan_block_numbering_divergence
21041008_10_49,lags_only,26,2023-11-03,2023-11-05,2,historical_nan_block_numbering_divergence
21041008_10_49,lags_only,26,2023-11-03,2023-11-06,3,historical_nan_block_numbering_divergence
21041008_10_49,lags_only,26,2023-11-03,2023-11-07,4,historical_nan_block_numbering_divergence
21041008_10_49,lags_only,26,2023-11-04,2023-11-05,1,historical_nan_block_numbering_divergence
21041008_10_49,lags_only,26,2023-11-04,2023-11-06,2,historical_nan_block_numbering_divergence
21041008_10_49,lags_only,26,2023-11-04,2023-11-07,3,historical_nan_block_numbering_divergence
21041008_10_49,lags_only,26,2023-11-05,2023-11-06,1,historical_nan_block_numbering_divergence
21041008_10_49,lags_only,26,2023-11-05,2023-11-07,2,historical_nan_block_numbering_divergence
21041008_10_49,lags_only,26,2023-11-06,2023-11-07,1,historical_nan_block_numbering_divergence
21041008_10_49,lags_only,26,2023-11-06,2023-11-13,7,historical_nan_block_numbering_divergence
21041008_10_49,lags_only,27,2023-11-20,2023-11-21,1,historical_nan_block_numbering_divergence
21041008_10_49,lags_only,27,2023-11-20,2023-11-22,2,historical_nan_block_numbering_divergence
21041008_10_49,lags_only,27,2023-11-20,2023-11-23,3,historical_nan_block_numbering_divergence
21041008_10_49,lags_only,27,2023-11-20,2023-11-24,4,historical_nan_block_numbering_divergence
21041008_10_49,lags_only,27,2023-12-05,2023-12-06,1,historical_nan_block_numbering_divergence
21041008_10_49,lags_only,27,2023-12-05,2023-12-07,2,historical_nan_block_numbering_divergence
21041008_10_49,lags_only,27,2023-12-05,2023-12-08,3,historical_nan_block_numbering_divergence
21041008_10_49,lags_only,27,2023-12-05,2023-12-09,4,historical_nan_block_numbering_divergence
21041008_10_49,lags_only,27,2023-12-05,2023-12-10,5,historical_nan_block_numbering_divergence
21041008_10_49,lags_only,27,2023-12-05,2023-12-11,6,historical_nan_block_numbering_divergence
21041008_10_49,lags_only,27,2023-12-05,2023-12-12,7,historical_nan_block_numbering_divergence
21041008_10_49,lags_only,28,2023-12-12,2023-12-13,1,historical_nan_block_numbering_divergence
21041008_10_49,lags_only,28,2023-12-12,2023-12-14,2,historical_nan_block_numbering_divergence
21041008_10_49,lags_only,28,2023-12-12,2023-12-15,3,historical_nan_block_numbering_divergence
21041008_10_49,lags_only,28,2023-12-12,2023-12-16,4,historical_nan_block_numbering_divergence
21041008_10_49,lags_only,28,2023-12-12,2023-12-17,5,historical_nan_block_numbering_divergence
21041008_10_49,lags_only,28,2023-12-12,2023-12-18,6,historical_nan_block_numbering_divergence
21041008_10_49,lags_only,28,2023-12-12,2023-12-19,7,historical_nan_block_numbering_divergence
21041008_10_49,lags_only,28,2023-12-13,2023-12-14,1,historical_nan_block_numbering_divergence
21041008_10_49,lags_only,28,2023-12-13,2023-12-15,2,historical_nan_block_numbering_divergence
21041008_10_49,lags_only,28,2023-12-13,2023-12-16,3,historical_nan_block_numbering_divergence
21041008_10_49,lags_only,28,2023-12-13,2023-12-17,4,historical_nan_block_numbering_divergence
21041008_10_49,lags_only,28,2023-12-13,2023-12-18,5,historical_nan_block_numbering_divergence
21041008_10_49,lags_only,28,2023-12-13,2023-12-19,6,historical_nan_block_numbering_divergence
21041008_10_49,lags_only,28,2023-12-13,2023-12-20,7,historical_nan_block_numbering_divergence
21041008_10_49,lags_only,28,2023-12-14,2023-12-15,1,historical_nan_block_numbering_divergence
21041008_10_49,lags_only,28,2023-12-14,2023-12-16,2,historical_nan_block_numbering_divergence
21041008_10_49,lags_only,28,2023-12-14,2023-12-17,3,historical_nan_block_numbering_divergence
21041008_10_49,lags_only,28,2023-12-14,2023-12-18,4,historical_nan_block_numbering_divergence
21041008_10_49,lags_only,28,2023-12-14,2023-12-19,5,historical_nan_block_numbering_divergence
21041008_10_49,lags_only,28,2023-12-14,2023-12-20,6,historical_nan_block_numbering_divergence
21041008_10_49,lags_only,28,2023-12-14,2023-12-21,7,historical_nan_block_numbering_divergence
21041008_10_49,lags_only,28,2023-12-15,2023-12-16,1,historical_nan_block_numbering_divergence
21041008_10_49,lags_only,28,2023-12-15,2023-12-17,2,historical_nan_block_numbering_divergence
21041008_10_49,lags_only,28,2023-12-15,2023-12-18,3,historical_nan_block_numbering_divergence
21041008_10_49,lags_only,28,2023-12-15,2023-12-19,4,historical_nan_block_numbering_divergence
21041008_10_49,lags_only,28,2023-12-15,2023-12-20,5,historical_nan_block_numbering_divergence
21041008_10_49,lags_only,28,2023-12-15,2023-12-21,6,historical_nan_block_numbering_divergence
21041008_10_49,lags_only,28,2023-12-15,2023-12-22,7,historical_nan_block_numbering_divergence
21041008_10_49,lags_only,28,2023-12-16,2023-12-17,1,historical_nan_block_numbering_divergence
21041008_10_49,lags_only,28,2023-12-16,2023-12-18,2,historical_nan_block_numbering_divergence
21041008_10_49,lags_only,28,2023-12-16,2023-12-19,3,historical_nan_block_numbering_divergence
21041008_10_49,lags_only,28,2023-12-16,2023-12-20,4,historical_nan_block_numbering_divergence
21041008_10_49,lags_only,28,2023-12-16,2023-12-21,5,historical_nan_block_numbering_divergence
21041008_10_49,lags_only,28,2023-12-16,2023-12-22,6,historical_nan_block_numbering_divergence
21041008_10_49,lags_only,28,2023-12-16,2023-12-23,7,historical_nan_block_numbering_divergence
21041008_10_49,lags_only,28,2023-12-17,2023-12-18,1,historical_nan_block_numbering_divergence
21041008_10_49,lags_only,28,2023-12-17,2023-12-19,2,historical_nan_block_numbering_divergence
21041008_10_49,lags_only,28,2023-12-17,2023-12-20,3,historical_nan_block_numbering_divergence
21041008_10_49,lags_only,28,2023-12-17,2023-12-21,4,historical_nan_block_numbering_divergence
21041008_10_49,lags_only,28,2023-12-17,2023-12-22,5,historical_nan_block_numbering_divergence
21041008_10_49,lags_only,28,2023-12-17,2023-12-23,6,historical_nan_block_numbering_divergence
21041008_10_49,lags_only,28,2023-12-17,2023-12-24,7,historical_nan_block_numbering_divergence
21041008_10_49,lags_only,28,2023-12-18,2023-12-19,1,historical_nan_block_numbering_divergence
21041008_10_49,lags_only,28,2023-12-18,2023-12-20,2,historical_nan_block_numbering_divergence
21041008_10_49,lags_only,28,2023-12-18,2023-12-21,3,historical_nan_block_numbering_divergence
21041008_10_49,lags_only,28,2023-12-18,2023-12-22,4,historical_nan_block_numbering_divergence
21041008_10_49,lags_only,28,2023-12-18,2023-12-23,5,historical_nan_block_numbering_divergence
21041008_10_49,lags_only,28,2023-12-18,2023-12-24,6,historical_nan_block_numbering_divergence
21041008_10_49,lags_only,28,2023-12-18,2023-12-25,7,historical_nan_block_numbering_divergence
21041008_10_49,lags_only,28,2023-12-19,2023-12-20,1,historical_nan_block_numbering_divergence
21041008_10_49,lags_only,28,2023-12-19,2023-12-21,2,historical_nan_block_numbering_divergence
21041008_10_49,lags_only,28,2023-12-19,2023-12-22,3,historical_nan_block_numbering_divergence
21041008_10_49,lags_only,28,2023-12-19,2023-12-23,4,historical_nan_block_numbering_divergence
21041008_10_49,lags_only,28,2023-12-19,2023-12-24,5,historical_nan_block_numbering_divergence
21041008_10_49,lags_only,28,2023-12-19,2023-12-25,6,historical_nan_block_numbering_divergence
21041008_10_49,lags_only,28,2023-12-19,2023-12-26,7,historical_nan_block_numbering_divergence
21041008_10_49,lags_only,28,2023-12-20,2023-12-21,1,historical_nan_block_numbering_divergence
21041008_10_49,lags_only,28,2023-12-20,2023-12-22,2,historical_nan_block_numbering_divergence
21041008_10_49,lags_only,28,2023-12-20,2023-12-23,3,historical_nan_block_numbering_divergence
21041008_10_49,lags_only,28,2023-12-20,2023-12-24,4,historical_nan_block_numbering_divergence
21041008_10_49,lags_only,28,2023-12-20,2023-12-25,5,historical_nan_block_numbering_divergence
21041008_10_49,lags_only,28,2023-12-20,2023-12-26,6,historical_nan_block_numbering_divergence
21041008_10_49,lags_only,28,2023-12-20,2023-12-27,7,historical_nan_block_numbering_divergence
21041008_10_49,lags_only,28,2023-12-21,2023-12-22,1,historical_nan_block_numbering_divergence
21041008_10_49,lags_only,28,2023-12-21,2023-12-23,2,historical_nan_block_numbering_divergence
21041008_10_49,lags_only,28,2023-12-21,2023-12-24,3,historical_nan_block_numbering_divergence
21041008_10_49,lags_only,28,2023-12-21,2023-12-25,4,historical_nan_block_numbering_divergence
21041008_10_49,lags_only,28,2023-12-21,2023-12-26,5,historical_nan_block_numbering_divergence
21041008_10_49,lags_only,28,2023-12-21,2023-12-27,6,historical_nan_block_numbering_divergence
21041008_10_49,lags_only,28,2023-12-21,2023-12-28,7,historical_nan_block_numbering_divergence
21041008_10_49,lags_only,28,2023-12-22,2023-12-23,1,historical_nan_block_numbering_divergence
21041008_10_49,lags_only,28,2023-12-22,2023-12-24,2,historical_nan_block_numbering_divergence
21041008_10_49,lags_only,28,2023-12-22,2023-12-25,3,historical_nan_block_numbering_divergence
21041008_10_49,lags_only,28,2023-12-22,2023-12-26,4,historical_nan_block_numbering_divergence
21041008_10_49,lags_only,28,2023-12-22,2023-12-27,5,historical_nan_block_numbering_divergence
21041008_10_49,lags_only,28,2023-12-22,2023-12-28,6,historical_nan_block_numbering_divergence
21041008_10_49,lags_only,28,2023-12-22,2023-12-29,7,historical_nan_block_numbering_divergence
21041008_10_49,lags_only,28,2023-12-26,2023-12-27,1,historical_nan_block_numbering_divergence
21041008_10_49,lags_only,28,2023-12-26,2023-12-28,2,historical_nan_block_numbering_divergence
21041008_10_49,lags_only,28,2023-12-26,2023-12-29,3,historical_nan_block_numbering_divergence
21041008_10_49,lags_only,28,2023-12-26,2023-12-30,4,historical_nan_block_numbering_divergence
21041008_10_49,lags_only,28,2023-12-26,2023-12-31,5,historical_nan_block_numbering_divergence
21041008_10_49,lags_only,28,2023-12-27,2023-12-28,1,historical_nan_block_numbering_divergence
21041008_10_49,lags_only,28,2023-12-27,2023-12-29,2,historical_nan_block_numbering_divergence
21041008_10_49,lags_only,28,2023-12-27,2023-12-30,3,historical_nan_block_numbering_divergence
21041008_10_49,lags_only,28,2023-12-27,2023-12-31,4,historical_nan_block_numbering_divergence
21041008_10_49,lags_only,28,2023-12-28,2023-12-29,1,historical_nan_block_numbering_divergence
21041008_10_49,lags_only,28,2023-12-28,2023-12-30,2,historical_nan_block_numbering_divergence
21041008_10_49,lags_only,28,2023-12-28,2023-12-31,3,historical_nan_block_numbering_divergence
21041008_10_49,lags_only,28,2023-12-29,2023-12-30,1,historical_nan_block_numbering_divergence
21041008_10_49,lags_only,28,2023-12-29,2023-12-31,2,historical_nan_block_numbering_divergence
21041008_10_49,lags_only,28,2023-12-30,2023-12-31,1,historical_nan_block_numbering_divergence
21055007_10_49,lags_only,11,2022-05-17,2022-05-18,1,historical_nan_block_numbering_divergence
21055007_10_49,lags_only,11,2022-05-17,2022-05-19,2,historical_nan_block_numbering_divergence
21055007_10_49,lags_only,11,2022-05-17,2022-05-20,3,historical_nan_block_numbering_divergence
21055007_10_49,lags_only,11,2022-05-17,2022-05-21,4,historical_nan_block_numbering_divergence
21055007_10_49,lags_only,11,2022-05-17,2022-05-22,5,historical_nan_block_numbering_divergence
21055007_10_49,lags_only,11,2022-05-17,2022-05-23,6,historical_nan_block_numbering_divergence
21055007_10_49,lags_only,11,2022-05-18,2022-05-19,1,historical_nan_block_numbering_divergence
21055007_10_49,lags_only,11,2022-05-18,2022-05-20,2,historical_nan_block_numbering_divergence
21055007_10_49,lags_only,11,2022-05-18,2022-05-21,3,historical_nan_block_numbering_divergence
21055007_10_49,lags_only,11,2022-05-18,2022-05-22,4,historical_nan_block_numbering_divergence
21055007_10_49,lags_only,11,2022-05-18,2022-05-23,5,historical_nan_block_numbering_divergence
21055007_10_49,lags_only,11,2022-05-18,2022-05-25,7,historical_nan_block_numbering_divergence
21055007_10_49,lags_only,11,2022-05-19,2022-05-20,1,historical_nan_block_numbering_divergence
21055007_10_49,lags_only,11,2022-05-19,2022-05-21,2,historical_nan_block_numbering_divergence
21055007_10_49,lags_only,11,2022-05-19,2022-05-22,3,historical_nan_block_numbering_divergence
21055007_10_49,lags_only,11,2022-05-19,2022-05-23,4,historical_nan_block_numbering_divergence
21055007_10_49,lags_only,11,2022-05-19,2022-05-25,6,historical_nan_block_numbering_divergence
21055007_10_49,lags_only,11,2022-05-19,2022-05-26,7,historical_nan_block_numbering_divergence
21055007_10_49,lags_only,11,2022-05-20,2022-05-21,1,historical_nan_block_numbering_divergence
21055007_10_49,lags_only,11,2022-05-20,2022-05-22,2,historical_nan_block_numbering_divergence
21055007_10_49,lags_only,11,2022-05-20,2022-05-23,3,historical_nan_block_numbering_divergence
21055007_10_49,lags_only,11,2022-05-20,2022-05-25,5,historical_nan_block_numbering_divergence
21055007_10_49,lags_only,11,2022-05-20,2022-05-26,6,historical_nan_block_numbering_divergence
21055007_10_49,lags_only,11,2022-05-20,2022-05-27,7,historical_nan_block_numbering_divergence
21055007_10_49,lags_only,11,2022-05-21,2022-05-22,1,historical_nan_block_numbering_divergence
21055007_10_49,lags_only,11,2022-05-21,2022-05-23,2,historical_nan_block_numbering_divergence
21055007_10_49,lags_only,11,2022-05-21,2022-05-25,4,historical_nan_block_numbering_divergence
21055007_10_49,lags_only,11,2022-05-21,2022-05-26,5,historical_nan_block_numbering_divergence
21055007_10_49,lags_only,11,2022-05-21,2022-05-27,6,historical_nan_block_numbering_divergence
21055007_10_49,lags_only,11,2022-05-21,2022-05-28,7,historical_nan_block_numbering_divergence
21055007_10_49,lags_only,11,2022-05-22,2022-05-23,1,historical_nan_block_numbering_divergence
21055007_10_49,lags_only,11,2022-05-22,2022-05-25,3,historical_nan_block_numbering_divergence
21055007_10_49,lags_only,11,2022-05-22,2022-05-26,4,historical_nan_block_numbering_divergence
21055007_10_49,lags_only,11,2022-05-22,2022-05-27,5,historical_nan_block_numbering_divergence
21055007_10_49,lags_only,11,2022-05-22,2022-05-28,6,historical_nan_block_numbering_divergence
21055007_10_49,lags_only,11,2022-05-22,2022-05-29,7,historical_nan_block_numbering_divergence
21055007_10_49,lags_only,11,2022-05-23,2022-05-25,2,historical_nan_block_numbering_divergence
21055007_10_49,lags_only,11,2022-05-23,2022-05-26,3,historical_nan_block_numbering_divergence
21055007_10_49,lags_only,11,2022-05-23,2022-05-27,4,historical_nan_block_numbering_divergence
21055007_10_49,lags_only,11,2022-05-23,2022-05-28,5,historical_nan_block_numbering_divergence
21055007_10_49,lags_only,11,2022-05-23,2022-05-29,6,historical_nan_block_numbering_divergence
21055007_10_49,lags_only,11,2022-05-23,2022-05-30,7,historical_nan_block_numbering_divergence
21055007_10_49,lags_only,11,2022-05-24,2022-05-25,1,historical_nan_block_numbering_divergence
21055007_10_49,lags_only,11,2022-05-24,2022-05-26,2,historical_nan_block_numbering_divergence
21055007_10_49,lags_only,11,2022-05-24,2022-05-27,3,historical_nan_block_numbering_divergence
21055007_10_49,lags_only,11,2022-05-24,2022-05-28,4,historical_nan_block_numbering_divergence
21055007_10_49,lags_only,11,2022-05-24,2022-05-29,5,historical_nan_block_numbering_divergence
21055007_10_49,lags_only,11,2022-05-24,2022-05-30,6,historical_nan_block_numbering_divergence
21055007_10_49,lags_only,11,2022-05-24,2022-05-31,7,historical_nan_block_numbering_divergence
21055007_10_49,lags_only,12,2022-05-28,2022-05-29,1,historical_nan_block_numbering_divergence
21055007_10_49,lags_only,12,2022-05-28,2022-05-30,2,historical_nan_block_numbering_divergence
21055007_10_49,lags_only,12,2022-05-28,2022-05-31,3,historical_nan_block_numbering_divergence
21055007_10_49,lags_only,12,2022-05-28,2022-06-01,4,historical_nan_block_numbering_divergence
21055007_10_49,lags_only,12,2022-05-28,2022-06-02,5,historical_nan_block_numbering_divergence
21055007_10_49,lags_only,12,2022-05-28,2022-06-03,6,historical_nan_block_numbering_divergence
21055007_10_49,lags_only,12,2022-05-28,2022-06-04,7,historical_nan_block_numbering_divergence
21055007_10_49,lags_only,12,2022-05-29,2022-05-30,1,historical_nan_block_numbering_divergence
21055007_10_49,lags_only,12,2022-05-29,2022-05-31,2,historical_nan_block_numbering_divergence
21055007_10_49,lags_only,12,2022-05-29,2022-06-01,3,historical_nan_block_numbering_divergence
21055007_10_49,lags_only,12,2022-05-29,2022-06-02,4,historical_nan_block_numbering_divergence
21055007_10_49,lags_only,12,2022-05-29,2022-06-03,5,historical_nan_block_numbering_divergence
21055007_10_49,lags_only,12,2022-05-29,2022-06-04,6,historical_nan_block_numbering_divergence
21055007_10_49,lags_only,12,2022-05-29,2022-06-05,7,historical_nan_block_numbering_divergence
21055007_10_49,lags_only,12,2022-06-01,2022-06-02,1,historical_nan_block_numbering_divergence
21055007_10_49,lags_only,12,2022-06-01,2022-06-03,2,historical_nan_block_numbering_divergence
21055007_10_49,lags_only,12,2022-06-01,2022-06-04,3,historical_nan_block_numbering_divergence
21055007_10_49,lags_only,12,2022-06-01,2022-06-05,4,historical_nan_block_numbering_divergence
21055007_10_49,lags_only,12,2022-06-01,2022-06-06,5,historical_nan_block_numbering_divergence
21055007_10_49,lags_only,12,2022-06-01,2022-06-07,6,historical_nan_block_numbering_divergence
21055007_10_49,lags_only,12,2022-06-01,2022-06-08,7,historical_nan_block_numbering_divergence
21055007_10_49,lags_only,12,2022-06-02,2022-06-03,1,historical_nan_block_numbering_divergence
21055007_10_49,lags_only,12,2022-06-02,2022-06-04,2,historical_nan_block_numbering_divergence
21055007_10_49,lags_only,12,2022-06-02,2022-06-05,3,historical_nan_block_numbering_divergence
21055007_10_49,lags_only,12,2022-06-02,2022-06-06,4,historical_nan_block_numbering_divergence
21055007_10_49,lags_only,12,2022-06-02,2022-06-07,5,historical_nan_block_numbering_divergence
21055007_10_49,lags_only,12,2022-06-02,2022-06-08,6,historical_nan_block_numbering_divergence
21055007_10_49,lags_only,12,2022-06-02,2022-06-09,7,historical_nan_block_numbering_divergence
21055007_10_49,lags_only,12,2022-06-03,2022-06-04,1,historical_nan_block_numbering_divergence
21055007_10_49,lags_only,12,2022-06-03,2022-06-05,2,historical_nan_block_numbering_divergence
21055007_10_49,lags_only,12,2022-06-03,2022-06-06,3,historical_nan_block_numbering_divergence
21055007_10_49,lags_only,12,2022-06-03,2022-06-07,4,historical_nan_block_numbering_divergence
21055007_10_49,lags_only,12,2022-06-03,2022-06-08,5,historical_nan_block_numbering_divergence
21055007_10_49,lags_only,12,2022-06-03,2022-06-09,6,historical_nan_block_numbering_divergence
21055007_10_49,lags_only,12,2022-06-03,2022-06-10,7,historical_nan_block_numbering_divergence
21055007_10_49,lags_only,12,2022-06-04,2022-06-05,1,historical_nan_block_numbering_divergence
21055007_10_49,lags_only,12,2022-06-04,2022-06-06,2,historical_nan_block_numbering_divergence
21055007_10_49,lags_only,12,2022-06-04,2022-06-07,3,historical_nan_block_numbering_divergence
21055007_10_49,lags_only,12,2022-06-04,2022-06-08,4,historical_nan_block_numbering_divergence
21055007_10_49,lags_only,12,2022-06-04,2022-06-09,5,historical_nan_block_numbering_divergence
21055007_10_49,lags_only,12,2022-06-04,2022-06-10,6,historical_nan_block_numbering_divergence
21055007_10_49,lags_only,12,2022-06-04,2022-06-11,7,historical_nan_block_numbering_divergence
21055007_10_49,lags_only,12,2022-06-05,2022-06-06,1,historical_nan_block_numbering_divergence
21055007_10_49,lags_only,12,2022-06-05,2022-06-07,2,historical_nan_block_numbering_divergence
21055007_10_49,lags_only,12,2022-06-05,2022-06-08,3,historical_nan_block_numbering_divergence
21055007_10_49,lags_only,12,2022-06-05,2022-06-09,4,historical_nan_block_numbering_divergence
21055007_10_49,lags_only,12,2022-06-05,2022-06-10,5,historical_nan_block_numbering_divergence
21055007_10_49,lags_only,12,2022-06-05,2022-06-11,6,historical_nan_block_numbering_divergence
21055007_10_49,lags_only,12,2022-06-05,2022-06-12,7,historical_nan_block_numbering_divergence
21055007_10_49,lags_only,12,2022-06-06,2022-06-07,1,historical_nan_block_numbering_divergence
21055007_10_49,lags_only,12,2022-06-06,2022-06-08,2,historical_nan_block_numbering_divergence
21055007_10_49,lags_only,12,2022-06-06,2022-06-09,3,historical_nan_block_numbering_divergence
21055007_10_49,lags_only,12,2022-06-06,2022-06-10,4,historical_nan_block_numbering_divergence
21055007_10_49,lags_only,12,2022-06-06,2022-06-11,5,historical_nan_block_numbering_divergence
21055007_10_49,lags_only,12,2022-06-06,2022-06-12,6,historical_nan_block_numbering_divergence
21055007_10_49,lags_only,12,2022-06-06,2022-06-13,7,historical_nan_block_numbering_divergence
21055007_10_49,lags_only,12,2022-06-08,2022-06-09,1,historical_nan_block_numbering_divergence
21055007_10_49,lags_only,12,2022-06-08,2022-06-10,2,historical_nan_block_numbering_divergence
21055007_10_49,lags_only,12,2022-06-08,2022-06-11,3,historical_nan_block_numbering_divergence
21055007_10_49,lags_only,12,2022-06-08,2022-06-12,4,historical_nan_block_numbering_divergence
21055007_10_49,lags_only,12,2022-06-08,2022-06-13,5,historical_nan_block_numbering_divergence
21055007_10_49,lags_only,12,2022-06-08,2022-06-14,6,historical_nan_block_numbering_divergence
21055007_10_49,lags_only,12,2022-06-08,2022-06-15,7,historical_nan_block_numbering_divergence
21055007_10_49,lags_only,12,2022-06-09,2022-06-10,1,historical_nan_block_numbering_divergence
21055007_10_49,lags_only,12,2022-06-09,2022-06-11,2,historical_nan_block_numbering_divergence
21055007_10_49,lags_only,12,2022-06-09,2022-06-12,3,historical_nan_block_numbering_divergence
21055007_10_49,lags_only,12,2022-06-09,2022-06-13,4,historical_nan_block_numbering_divergence
21055007_10_49,lags_only,12,2022-06-09,2022-06-14,5,historical_nan_block_numbering_divergence
21055007_10_49,lags_only,12,2022-06-09,2022-06-15,6,historical_nan_block_numbering_divergence
21055007_10_49,lags_only,12,2022-06-09,2022-06-16,7,historical_nan_block_numbering_divergence
21055007_10_49,lags_only,12,2022-06-10,2022-06-11,1,historical_nan_block_numbering_divergence
21055007_10_49,lags_only,12,2022-06-10,2022-06-12,2,historical_nan_block_numbering_divergence
21055007_10_49,lags_only,12,2022-06-10,2022-06-13,3,historical_nan_block_numbering_divergence
21055007_10_49,lags_only,12,2022-06-10,2022-06-14,4,historical_nan_block_numbering_divergence
21055007_10_49,lags_only,12,2022-06-10,2022-06-15,5,historical_nan_block_numbering_divergence
21055007_10_49,lags_only,12,2022-06-10,2022-06-16,6,historical_nan_block_numbering_divergence
21055007_10_49,lags_only,12,2022-06-10,2022-06-17,7,historical_nan_block_numbering_divergence
21055007_10_49,lags_only,12,2022-06-11,2022-06-12,1,historical_nan_block_numbering_divergence
21055007_10_49,lags_only,12,2022-06-11,2022-06-13,2,historical_nan_block_numbering_divergence
21055007_10_49,lags_only,12,2022-06-11,2022-06-14,3,historical_nan_block_numbering_divergence
21055007_10_49,lags_only,12,2022-06-11,2022-06-15,4,historical_nan_block_numbering_divergence
21055007_10_49,lags_only,12,2022-06-11,2022-06-16,5,historical_nan_block_numbering_divergence
21055007_10_49,lags_only,12,2022-06-11,2022-06-17,6,historical_nan_block_numbering_divergence
21055007_10_49,lags_only,12,2022-06-11,2022-06-18,7,historical_nan_block_numbering_divergence
21055007_10_49,lags_only,12,2022-06-12,2022-06-13,1,historical_nan_block_numbering_divergence
21055007_10_49,lags_only,12,2022-06-12,2022-06-14,2,historical_nan_block_numbering_divergence
21055007_10_49,lags_only,12,2022-06-12,2022-06-15,3,historical_nan_block_numbering_divergence
21055007_10_49,lags_only,12,2022-06-12,2022-06-16,4,historical_nan_block_numbering_divergence
21055007_10_49,lags_only,12,2022-06-12,2022-06-17,5,historical_nan_block_numbering_divergence
21055007_10_49,lags_only,12,2022-06-12,2022-06-18,6,historical_nan_block_numbering_divergence
21055007_10_49,lags_only,12,2022-06-12,2022-06-19,7,historical_nan_block_numbering_divergence
21055007_10_49,lags_only,12,2022-06-13,2022-06-14,1,historical_nan_block_numbering_divergence
21055007_10_49,lags_only,12,2022-06-13,2022-06-15,2,historical_nan_block_numbering_divergence
21055007_10_49,lags_only,12,2022-06-13,2022-06-16,3,historical_nan_block_numbering_divergence
21055007_10_49,lags_only,12,2022-06-13,2022-06-17,4,historical_nan_block_numbering_divergence
21055007_10_49,lags_only,12,2022-06-13,2022-06-18,5,historical_nan_block_numbering_divergence
21055007_10_49,lags_only,12,2022-06-13,2022-06-19,6,historical_nan_block_numbering_divergence
21055007_10_49,lags_only,12,2022-06-13,2022-06-20,7,historical_nan_block_numbering_divergence
21055007_10_49,lags_only,12,2022-06-14,2022-06-15,1,historical_nan_block_numbering_divergence
21055007_10_49,lags_only,12,2022-06-14,2022-06-16,2,historical_nan_block_numbering_divergence
21055007_10_49,lags_only,12,2022-06-14,2022-06-17,3,historical_nan_block_numbering_divergence
21055007_10_49,lags_only,12,2022-06-14,2022-06-18,4,historical_nan_block_numbering_divergence
21055007_10_49,lags_only,12,2022-06-14,2022-06-19,5,historical_nan_block_numbering_divergence
21055007_10_49,lags_only,12,2022-06-14,2022-06-20,6,historical_nan_block_numbering_divergence
21055007_10_49,lags_only,12,2022-06-14,2022-06-21,7,historical_nan_block_numbering_divergence
21055007_10_49,lags_only,12,2022-06-15,2022-06-16,1,historical_nan_block_numbering_divergence
21055007_10_49,lags_only,12,2022-06-15,2022-06-17,2,historical_nan_block_numbering_divergence
21055007_10_49,lags_only,12,2022-06-15,2022-06-18,3,historical_nan_block_numbering_divergence
21055007_10_49,lags_only,12,2022-06-15,2022-06-19,4,historical_nan_block_numbering_divergence
21055007_10_49,lags_only,12,2022-06-15,2022-06-20,5,historical_nan_block_numbering_divergence
21055007_10_49,lags_only,12,2022-06-15,2022-06-21,6,historical_nan_block_numbering_divergence
21055007_10_49,lags_only,12,2022-06-15,2022-06-22,7,historical_nan_block_numbering_divergence
21055007_10_49,lags_only,12,2022-06-16,2022-06-17,1,historical_nan_block_numbering_divergence
21055007_10_49,lags_only,12,2022-06-16,2022-06-18,2,historical_nan_block_numbering_divergence
21055007_10_49,lags_only,12,2022-06-16,2022-06-19,3,historical_nan_block_numbering_divergence
21055007_10_49,lags_only,12,2022-06-16,2022-06-20,4,historical_nan_block_numbering_divergence
21055007_10_49,lags_only,12,2022-06-16,2022-06-21,5,historical_nan_block_numbering_divergence
21055007_10_49,lags_only,12,2022-06-16,2022-06-22,6,historical_nan_block_numbering_divergence
21055007_10_49,lags_only,12,2022-06-16,2022-06-23,7,historical_nan_block_numbering_divergence
21055007_10_49,lags_only,12,2022-06-17,2022-06-18,1,historical_nan_block_numbering_divergence
21055007_10_49,lags_only,12,2022-06-17,2022-06-19,2,historical_nan_block_numbering_divergence
21055007_10_49,lags_only,12,2022-06-17,2022-06-20,3,historical_nan_block_numbering_divergence
21055007_10_49,lags_only,12,2022-06-17,2022-06-21,4,historical_nan_block_numbering_divergence
21055007_10_49,lags_only,12,2022-06-17,2022-06-22,5,historical_nan_block_numbering_divergence
21055007_10_49,lags_only,12,2022-06-17,2022-06-23,6,historical_nan_block_numbering_divergence
21055007_10_49,lags_only,12,2022-06-17,2022-06-24,7,historical_nan_block_numbering_divergence
21055007_10_49,lags_only,12,2022-06-18,2022-06-19,1,historical_nan_block_numbering_divergence
21055007_10_49,lags_only,12,2022-06-18,2022-06-20,2,historical_nan_block_numbering_divergence
21055007_10_49,lags_only,12,2022-06-18,2022-06-21,3,historical_nan_block_numbering_divergence
21055007_10_49,lags_only,12,2022-06-18,2022-06-22,4,historical_nan_block_numbering_divergence
21055007_10_49,lags_only,12,2022-06-18,2022-06-23,5,historical_nan_block_numbering_divergence
21055007_10_49,lags_only,12,2022-06-18,2022-06-24,6,historical_nan_block_numbering_divergence
21055007_10_49,lags_only,12,2022-06-18,2022-06-25,7,historical_nan_block_numbering_divergence
21055007_10_49,lags_only,12,2022-06-19,2022-06-20,1,historical_nan_block_numbering_divergence
21055007_10_49,lags_only,12,2022-06-19,2022-06-21,2,historical_nan_block_numbering_divergence
21055007_10_49,lags_only,12,2022-06-19,2022-06-22,3,historical_nan_block_numbering_divergence
21055007_10_49,lags_only,12,2022-06-19,2022-06-23,4,historical_nan_block_numbering_divergence
21055007_10_49,lags_only,12,2022-06-19,2022-06-24,5,historical_nan_block_numbering_divergence
21055007_10_49,lags_only,12,2022-06-19,2022-06-25,6,historical_nan_block_numbering_divergence
21055007_10_49,lags_only,12,2022-06-19,2022-06-26,7,historical_nan_block_numbering_divergence
21055007_10_49,lags_only,12,2022-06-20,2022-06-21,1,historical_nan_block_numbering_divergence
21055007_10_49,lags_only,12,2022-06-20,2022-06-22,2,historical_nan_block_numbering_divergence
21055007_10_49,lags_only,12,2022-06-20,2022-06-23,3,historical_nan_block_numbering_divergence
21055007_10_49,lags_only,12,2022-06-20,2022-06-24,4,historical_nan_block_numbering_divergence
21055007_10_49,lags_only,12,2022-06-20,2022-06-25,5,historical_nan_block_numbering_divergence
21055007_10_49,lags_only,12,2022-06-20,2022-06-26,6,historical_nan_block_numbering_divergence
21055007_10_49,lags_only,12,2022-06-20,2022-06-27,7,historical_nan_block_numbering_divergence
21055007_10_49,lags_only,12,2022-06-22,2022-06-23,1,historical_nan_block_numbering_divergence
21055007_10_49,lags_only,12,2022-06-22,2022-06-24,2,historical_nan_block_numbering_divergence
21055007_10_49,lags_only,12,2022-06-22,2022-06-25,3,historical_nan_block_numbering_divergence
21055007_10_49,lags_only,12,2022-06-22,2022-06-26,4,historical_nan_block_numbering_divergence
21055007_10_49,lags_only,12,2022-06-22,2022-06-27,5,historical_nan_block_numbering_divergence
21055007_10_49,lags_only,12,2022-06-22,2022-06-28,6,historical_nan_block_numbering_divergence
21055007_10_49,lags_only,12,2022-06-22,2022-06-29,7,historical_nan_block_numbering_divergence
21055007_10_49,lags_only,13,2022-06-23,2022-06-24,1,historical_nan_block_numbering_divergence
21055007_10_49,lags_only,13,2022-06-23,2022-06-25,2,historical_nan_block_numbering_divergence
21055007_10_49,lags_only,13,2022-06-23,2022-06-26,3,historical_nan_block_numbering_divergence
21055007_10_49,lags_only,13,2022-06-23,2022-06-27,4,historical_nan_block_numbering_divergence
21055007_10_49,lags_only,13,2022-06-23,2022-06-28,5,historical_nan_block_numbering_divergence
21055007_10_49,lags_only,13,2022-06-23,2022-06-29,6,historical_nan_block_numbering_divergence
21055007_10_49,lags_only,13,2022-06-23,2022-06-30,7,historical_nan_block_numbering_divergence
21055007_10_49,lags_only,13,2022-06-24,2022-06-25,1,historical_nan_block_numbering_divergence
21055007_10_49,lags_only,13,2022-06-24,2022-06-26,2,historical_nan_block_numbering_divergence
21055007_10_49,lags_only,13,2022-06-24,2022-06-27,3,historical_nan_block_numbering_divergence
21055007_10_49,lags_only,13,2022-06-24,2022-06-28,4,historical_nan_block_numbering_divergence
21055007_10_49,lags_only,13,2022-06-24,2022-06-29,5,historical_nan_block_numbering_divergence
21055007_10_49,lags_only,13,2022-06-24,2022-06-30,6,historical_nan_block_numbering_divergence
21055007_10_49,lags_only,13,2022-06-24,2022-07-01,7,historical_nan_block_numbering_divergence
21055007_10_49,lags_only,13,2022-06-25,2022-06-26,1,historical_nan_block_numbering_divergence
21055007_10_49,lags_only,13,2022-06-25,2022-06-27,2,historical_nan_block_numbering_divergence
21055007_10_49,lags_only,13,2022-06-25,2022-06-28,3,historical_nan_block_numbering_divergence
21055007_10_49,lags_only,13,2022-06-25,2022-06-29,4,historical_nan_block_numbering_divergence
21055007_10_49,lags_only,13,2022-06-25,2022-06-30,5,historical_nan_block_numbering_divergence
21055007_10_49,lags_only,13,2022-06-25,2022-07-01,6,historical_nan_block_numbering_divergence
21055007_10_49,lags_only,13,2022-06-25,2022-07-02,7,historical_nan_block_numbering_divergence
21055007_10_49,lags_only,13,2022-06-26,2022-06-27,1,historical_nan_block_numbering_divergence
21055007_10_49,lags_only,13,2022-06-26,2022-06-28,2,historical_nan_block_numbering_divergence
21055007_10_49,lags_only,13,2022-06-26,2022-06-29,3,historical_nan_block_numbering_divergence
21055007_10_49,lags_only,13,2022-06-26,2022-06-30,4,historical_nan_block_numbering_divergence
21055007_10_49,lags_only,13,2022-06-26,2022-07-01,5,historical_nan_block_numbering_divergence
21055007_10_49,lags_only,13,2022-06-26,2022-07-02,6,historical_nan_block_numbering_divergence
21055007_10_49,lags_only,13,2022-06-26,2022-07-03,7,historical_nan_block_numbering_divergence
21055007_10_49,lags_only,13,2022-06-27,2022-06-28,1,historical_nan_block_numbering_divergence
21055007_10_49,lags_only,13,2022-06-27,2022-06-29,2,historical_nan_block_numbering_divergence
21055007_10_49,lags_only,13,2022-06-27,2022-06-30,3,historical_nan_block_numbering_divergence
21055007_10_49,lags_only,13,2022-06-27,2022-07-01,4,historical_nan_block_numbering_divergence
21055007_10_49,lags_only,13,2022-06-27,2022-07-02,5,historical_nan_block_numbering_divergence
21055007_10_49,lags_only,13,2022-06-27,2022-07-03,6,historical_nan_block_numbering_divergence
21055007_10_49,lags_only,13,2022-06-27,2022-07-04,7,historical_nan_block_numbering_divergence
21055007_10_49,lags_only,13,2022-06-28,2022-06-29,1,historical_nan_block_numbering_divergence
21055007_10_49,lags_only,13,2022-06-28,2022-06-30,2,historical_nan_block_numbering_divergence
21055007_10_49,lags_only,13,2022-06-28,2022-07-01,3,historical_nan_block_numbering_divergence
21055007_10_49,lags_only,13,2022-06-28,2022-07-02,4,historical_nan_block_numbering_divergence
21055007_10_49,lags_only,13,2022-06-28,2022-07-03,5,historical_nan_block_numbering_divergence
21055007_10_49,lags_only,13,2022-06-28,2022-07-04,6,historical_nan_block_numbering_divergence
21055007_10_49,lags_only,13,2022-06-28,2022-07-05,7,historical_nan_block_numbering_divergence
21055007_10_49,lags_only,13,2022-06-29,2022-06-30,1,historical_nan_block_numbering_divergence
21055007_10_49,lags_only,13,2022-06-29,2022-07-01,2,historical_nan_block_numbering_divergence
21055007_10_49,lags_only,13,2022-06-29,2022-07-02,3,historical_nan_block_numbering_divergence
21055007_10_49,lags_only,13,2022-06-29,2022-07-03,4,historical_nan_block_numbering_divergence
21055007_10_49,lags_only,13,2022-06-29,2022-07-04,5,historical_nan_block_numbering_divergence
21055007_10_49,lags_only,13,2022-06-29,2022-07-05,6,historical_nan_block_numbering_divergence
21055007_10_49,lags_only,13,2022-06-29,2022-07-06,7,historical_nan_block_numbering_divergence
21055007_10_49,lags_only,13,2022-06-30,2022-07-01,1,historical_nan_block_numbering_divergence
21055007_10_49,lags_only,13,2022-06-30,2022-07-02,2,historical_nan_block_numbering_divergence
21055007_10_49,lags_only,13,2022-06-30,2022-07-03,3,historical_nan_block_numbering_divergence
21055007_10_49,lags_only,13,2022-06-30,2022-07-04,4,historical_nan_block_numbering_divergence
21055007_10_49,lags_only,13,2022-06-30,2022-07-05,5,historical_nan_block_numbering_divergence
21055007_10_49,lags_only,13,2022-06-30,2022-07-06,6,historical_nan_block_numbering_divergence
21055007_10_49,lags_only,13,2022-06-30,2022-07-07,7,historical_nan_block_numbering_divergence
21055007_10_49,lags_only,13,2022-07-01,2022-07-02,1,historical_nan_block_numbering_divergence
21055007_10_49,lags_only,13,2022-07-01,2022-07-03,2,historical_nan_block_numbering_divergence
21055007_10_49,lags_only,13,2022-07-01,2022-07-04,3,historical_nan_block_numbering_divergence
21055007_10_49,lags_only,13,2022-07-01,2022-07-05,4,historical_nan_block_numbering_divergence
21055007_10_49,lags_only,13,2022-07-01,2022-07-06,5,historical_nan_block_numbering_divergence
21055007_10_49,lags_only,13,2022-07-01,2022-07-07,6,historical_nan_block_numbering_divergence
21055007_10_49,lags_only,13,2022-07-01,2022-07-08,7,historical_nan_block_numbering_divergence
21055007_10_49,lags_only,13,2022-07-02,2022-07-03,1,historical_nan_block_numbering_divergence
21055007_10_49,lags_only,13,2022-07-02,2022-07-04,2,historical_nan_block_numbering_divergence
21055007_10_49,lags_only,13,2022-07-02,2022-07-05,3,historical_nan_block_numbering_divergence
21055007_10_49,lags_only,13,2022-07-02,2022-07-06,4,historical_nan_block_numbering_divergence
21055007_10_49,lags_only,13,2022-07-02,2022-07-07,5,historical_nan_block_numbering_divergence
21055007_10_49,lags_only,13,2022-07-02,2022-07-08,6,historical_nan_block_numbering_divergence
21055007_10_49,lags_only,13,2022-07-02,2022-07-09,7,historical_nan_block_numbering_divergence
21055007_10_49,lags_only,13,2022-07-03,2022-07-04,1,historical_nan_block_numbering_divergence
21055007_10_49,lags_only,13,2022-07-03,2022-07-05,2,historical_nan_block_numbering_divergence
21055007_10_49,lags_only,13,2022-07-03,2022-07-06,3,historical_nan_block_numbering_divergence
21055007_10_49,lags_only,13,2022-07-03,2022-07-07,4,historical_nan_block_numbering_divergence
21055007_10_49,lags_only,13,2022-07-03,2022-07-08,5,historical_nan_block_numbering_divergence
21055007_10_49,lags_only,13,2022-07-03,2022-07-09,6,historical_nan_block_numbering_divergence
21055007_10_49,lags_only,13,2022-07-03,2022-07-10,7,historical_nan_block_numbering_divergence
21055007_10_49,lags_only,13,2022-07-04,2022-07-05,1,historical_nan_block_numbering_divergence
21055007_10_49,lags_only,13,2022-07-04,2022-07-06,2,historical_nan_block_numbering_divergence
21055007_10_49,lags_only,13,2022-07-04,2022-07-07,3,historical_nan_block_numbering_divergence
21055007_10_49,lags_only,13,2022-07-04,2022-07-08,4,historical_nan_block_numbering_divergence
21055007_10_49,lags_only,13,2022-07-04,2022-07-09,5,historical_nan_block_numbering_divergence
21055007_10_49,lags_only,13,2022-07-04,2022-07-10,6,historical_nan_block_numbering_divergence
21055007_10_49,lags_only,13,2022-07-04,2022-07-11,7,historical_nan_block_numbering_divergence
21055007_10_49,lags_only,13,2022-07-05,2022-07-06,1,historical_nan_block_numbering_divergence
21055007_10_49,lags_only,13,2022-07-05,2022-07-07,2,historical_nan_block_numbering_divergence
21055007_10_49,lags_only,13,2022-07-05,2022-07-08,3,historical_nan_block_numbering_divergence
21055007_10_49,lags_only,13,2022-07-05,2022-07-09,4,historical_nan_block_numbering_divergence
21055007_10_49,lags_only,13,2022-07-05,2022-07-10,5,historical_nan_block_numbering_divergence
21055007_10_49,lags_only,13,2022-07-05,2022-07-11,6,historical_nan_block_numbering_divergence
21055007_10_49,lags_only,13,2022-07-05,2022-07-12,7,historical_nan_block_numbering_divergence
21055007_10_49,lags_only,13,2022-07-06,2022-07-07,1,historical_nan_block_numbering_divergence
21055007_10_49,lags_only,13,2022-07-06,2022-07-08,2,historical_nan_block_numbering_divergence
21055007_10_49,lags_only,13,2022-07-06,2022-07-09,3,historical_nan_block_numbering_divergence
21055007_10_49,lags_only,13,2022-07-06,2022-07-10,4,historical_nan_block_numbering_divergence
21055007_10_49,lags_only,13,2022-07-06,2022-07-11,5,historical_nan_block_numbering_divergence
21055007_10_49,lags_only,13,2022-07-06,2022-07-12,6,historical_nan_block_numbering_divergence
21055007_10_49,lags_only,13,2022-07-06,2022-07-13,7,historical_nan_block_numbering_divergence
21055007_10_49,lags_only,13,2022-07-07,2022-07-08,1,historical_nan_block_numbering_divergence
21055007_10_49,lags_only,13,2022-07-07,2022-07-09,2,historical_nan_block_numbering_divergence
21055007_10_49,lags_only,13,2022-07-07,2022-07-10,3,historical_nan_block_numbering_divergence
21055007_10_49,lags_only,13,2022-07-07,2022-07-11,4,historical_nan_block_numbering_divergence
21055007_10_49,lags_only,13,2022-07-07,2022-07-12,5,historical_nan_block_numbering_divergence
21055007_10_49,lags_only,13,2022-07-07,2022-07-13,6,historical_nan_block_numbering_divergence
21055007_10_49,lags_only,13,2022-07-07,2022-07-14,7,historical_nan_block_numbering_divergence
21055007_10_49,lags_only,13,2022-07-08,2022-07-09,1,historical_nan_block_numbering_divergence
21055007_10_49,lags_only,13,2022-07-08,2022-07-10,2,historical_nan_block_numbering_divergence
21055007_10_49,lags_only,13,2022-07-08,2022-07-11,3,historical_nan_block_numbering_divergence
21055007_10_49,lags_only,13,2022-07-08,2022-07-12,4,historical_nan_block_numbering_divergence
21055007_10_49,lags_only,13,2022-07-08,2022-07-13,5,historical_nan_block_numbering_divergence
21055007_10_49,lags_only,13,2022-07-08,2022-07-14,6,historical_nan_block_numbering_divergence
21055007_10_49,lags_only,13,2022-07-08,2022-07-15,7,historical_nan_block_numbering_divergence
21055007_10_49,lags_only,13,2022-07-09,2022-07-10,1,historical_nan_block_numbering_divergence
21055007_10_49,lags_only,13,2022-07-09,2022-07-11,2,historical_nan_block_numbering_divergence
21055007_10_49,lags_only,13,2022-07-09,2022-07-12,3,historical_nan_block_numbering_divergence
21055007_10_49,lags_only,13,2022-07-09,2022-07-13,4,historical_nan_block_numbering_divergence
21055007_10_49,lags_only,13,2022-07-09,2022-07-14,5,historical_nan_block_numbering_divergence
21055007_10_49,lags_only,13,2022-07-09,2022-07-15,6,historical_nan_block_numbering_divergence
21055007_10_49,lags_only,13,2022-07-09,2022-07-16,7,historical_nan_block_numbering_divergence
21055007_10_49,lags_only,13,2022-07-10,2022-07-11,1,historical_nan_block_numbering_divergence
21055007_10_49,lags_only,13,2022-07-10,2022-07-12,2,historical_nan_block_numbering_divergence
21055007_10_49,lags_only,13,2022-07-10,2022-07-13,3,historical_nan_block_numbering_divergence
21055007_10_49,lags_only,13,2022-07-10,2022-07-14,4,historical_nan_block_numbering_divergence
21055007_10_49,lags_only,13,2022-07-10,2022-07-15,5,historical_nan_block_numbering_divergence
21055007_10_49,lags_only,13,2022-07-10,2022-07-16,6,historical_nan_block_numbering_divergence
21055007_10_49,lags_only,13,2022-07-10,2022-07-17,7,historical_nan_block_numbering_divergence
21055007_10_49,lags_only,13,2022-07-11,2022-07-12,1,historical_nan_block_numbering_divergence
21055007_10_49,lags_only,13,2022-07-11,2022-07-13,2,historical_nan_block_numbering_divergence
21055007_10_49,lags_only,13,2022-07-11,2022-07-14,3,historical_nan_block_numbering_divergence
21055007_10_49,lags_only,13,2022-07-11,2022-07-15,4,historical_nan_block_numbering_divergence
21055007_10_49,lags_only,13,2022-07-11,2022-07-16,5,historical_nan_block_numbering_divergence
21055007_10_49,lags_only,13,2022-07-11,2022-07-17,6,historical_nan_block_numbering_divergence
21055007_10_49,lags_only,13,2022-07-11,2022-07-18,7,historical_nan_block_numbering_divergence
21055007_10_49,lags_only,13,2022-07-12,2022-07-13,1,historical_nan_block_numbering_divergence
21055007_10_49,lags_only,13,2022-07-12,2022-07-14,2,historical_nan_block_numbering_divergence
21055007_10_49,lags_only,13,2022-07-12,2022-07-15,3,historical_nan_block_numbering_divergence
21055007_10_49,lags_only,13,2022-07-12,2022-07-16,4,historical_nan_block_numbering_divergence
21055007_10_49,lags_only,13,2022-07-12,2022-07-17,5,historical_nan_block_numbering_divergence
21055007_10_49,lags_only,13,2022-07-12,2022-07-18,6,historical_nan_block_numbering_divergence
21055007_10_49,lags_only,13,2022-07-12,2022-07-19,7,historical_nan_block_numbering_divergence
21055007_10_49,lags_only,13,2022-07-13,2022-07-14,1,historical_nan_block_numbering_divergence
21055007_10_49,lags_only,13,2022-07-13,2022-07-15,2,historical_nan_block_numbering_divergence
21055007_10_49,lags_only,13,2022-07-13,2022-07-16,3,historical_nan_block_numbering_divergence
21055007_10_49,lags_only,13,2022-07-13,2022-07-17,4,historical_nan_block_numbering_divergence
21055007_10_49,lags_only,13,2022-07-13,2022-07-18,5,historical_nan_block_numbering_divergence
21055007_10_49,lags_only,13,2022-07-13,2022-07-19,6,historical_nan_block_numbering_divergence
21055007_10_49,lags_only,13,2022-07-13,2022-07-20,7,historical_nan_block_numbering_divergence
21055007_10_49,lags_only,13,2022-07-14,2022-07-15,1,historical_nan_block_numbering_divergence
21055007_10_49,lags_only,13,2022-07-14,2022-07-16,2,historical_nan_block_numbering_divergence
21055007_10_49,lags_only,13,2022-07-14,2022-07-17,3,historical_nan_block_numbering_divergence
21055007_10_49,lags_only,13,2022-07-14,2022-07-18,4,historical_nan_block_numbering_divergence
21055007_10_49,lags_only,13,2022-07-14,2022-07-19,5,historical_nan_block_numbering_divergence
21055007_10_49,lags_only,13,2022-07-14,2022-07-20,6,historical_nan_block_numbering_divergence
21055007_10_49,lags_only,13,2022-07-14,2022-07-21,7,historical_nan_block_numbering_divergence
21055007_10_49,lags_only,13,2022-07-15,2022-07-16,1,historical_nan_block_numbering_divergence
21055007_10_49,lags_only,13,2022-07-15,2022-07-17,2,historical_nan_block_numbering_divergence
21055007_10_49,lags_only,13,2022-07-15,2022-07-18,3,historical_nan_block_numbering_divergence
21055007_10_49,lags_only,13,2022-07-15,2022-07-19,4,historical_nan_block_numbering_divergence
21055007_10_49,lags_only,13,2022-07-15,2022-07-20,5,historical_nan_block_numbering_divergence
21055007_10_49,lags_only,13,2022-07-15,2022-07-21,6,historical_nan_block_numbering_divergence
21055007_10_49,lags_only,13,2022-07-15,2022-07-22,7,historical_nan_block_numbering_divergence
21055007_10_49,lags_only,13,2022-07-16,2022-07-17,1,historical_nan_block_numbering_divergence
21055007_10_49,lags_only,13,2022-07-16,2022-07-18,2,historical_nan_block_numbering_divergence
21055007_10_49,lags_only,13,2022-07-16,2022-07-19,3,historical_nan_block_numbering_divergence
21055007_10_49,lags_only,13,2022-07-16,2022-07-20,4,historical_nan_block_numbering_divergence
21055007_10_49,lags_only,13,2022-07-16,2022-07-21,5,historical_nan_block_numbering_divergence
21055007_10_49,lags_only,13,2022-07-16,2022-07-22,6,historical_nan_block_numbering_divergence
21055007_10_49,lags_only,13,2022-07-16,2022-07-23,7,historical_nan_block_numbering_divergence
21055007_10_49,lags_only,13,2022-07-17,2022-07-18,1,historical_nan_block_numbering_divergence
21055007_10_49,lags_only,13,2022-07-17,2022-07-19,2,historical_nan_block_numbering_divergence
21055007_10_49,lags_only,13,2022-07-17,2022-07-20,3,historical_nan_block_numbering_divergence
21055007_10_49,lags_only,13,2022-07-17,2022-07-21,4,historical_nan_block_numbering_divergence
21055007_10_49,lags_only,13,2022-07-17,2022-07-22,5,historical_nan_block_numbering_divergence
21055007_10_49,lags_only,13,2022-07-17,2022-07-23,6,historical_nan_block_numbering_divergence
21055007_10_49,lags_only,13,2022-07-17,2022-07-24,7,historical_nan_block_numbering_divergence
21055007_10_49,lags_only,13,2022-07-18,2022-07-19,1,historical_nan_block_numbering_divergence
21055007_10_49,lags_only,13,2022-07-18,2022-07-20,2,historical_nan_block_numbering_divergence
21055007_10_49,lags_only,13,2022-07-18,2022-07-21,3,historical_nan_block_numbering_divergence
21055007_10_49,lags_only,13,2022-07-18,2022-07-22,4,historical_nan_block_numbering_divergence
21055007_10_49,lags_only,13,2022-07-18,2022-07-23,5,historical_nan_block_numbering_divergence
21055007_10_49,lags_only,13,2022-07-18,2022-07-24,6,historical_nan_block_numbering_divergence
21055007_10_49,lags_only,13,2022-07-18,2022-07-25,7,historical_nan_block_numbering_divergence
21055007_10_49,lags_only,13,2022-07-19,2022-07-20,1,historical_nan_block_numbering_divergence
21055007_10_49,lags_only,13,2022-07-19,2022-07-21,2,historical_nan_block_numbering_divergence
21055007_10_49,lags_only,13,2022-07-19,2022-07-22,3,historical_nan_block_numbering_divergence
21055007_10_49,lags_only,13,2022-07-19,2022-07-23,4,historical_nan_block_numbering_divergence
21055007_10_49,lags_only,13,2022-07-19,2022-07-24,5,historical_nan_block_numbering_divergence
21055007_10_49,lags_only,13,2022-07-19,2022-07-25,6,historical_nan_block_numbering_divergence
21055007_10_49,lags_only,13,2022-07-19,2022-07-26,7,historical_nan_block_numbering_divergence
21055007_10_49,lags_only,13,2022-07-20,2022-07-21,1,historical_nan_block_numbering_divergence
21055007_10_49,lags_only,13,2022-07-20,2022-07-22,2,historical_nan_block_numbering_divergence
21055007_10_49,lags_only,13,2022-07-20,2022-07-23,3,historical_nan_block_numbering_divergence
21055007_10_49,lags_only,13,2022-07-20,2022-07-24,4,historical_nan_block_numbering_divergence
21055007_10_49,lags_only,13,2022-07-20,2022-07-25,5,historical_nan_block_numbering_divergence
21055007_10_49,lags_only,13,2022-07-20,2022-07-26,6,historical_nan_block_numbering_divergence
21055007_10_49,lags_only,13,2022-07-20,2022-07-27,7,historical_nan_block_numbering_divergence
21055007_10_49,lags_only,14,2022-07-21,2022-07-22,1,historical_nan_block_numbering_divergence
21055007_10_49,lags_only,14,2022-07-21,2022-07-23,2,historical_nan_block_numbering_divergence
21055007_10_49,lags_only,14,2022-07-21,2022-07-24,3,historical_nan_block_numbering_divergence
21055007_10_49,lags_only,14,2022-07-21,2022-07-25,4,historical_nan_block_numbering_divergence
21055007_10_49,lags_only,14,2022-07-21,2022-07-26,5,historical_nan_block_numbering_divergence
21055007_10_49,lags_only,14,2022-07-21,2022-07-27,6,historical_nan_block_numbering_divergence
21055007_10_49,lags_only,14,2022-07-22,2022-07-23,1,historical_nan_block_numbering_divergence
21055007_10_49,lags_only,14,2022-07-22,2022-07-24,2,historical_nan_block_numbering_divergence
21055007_10_49,lags_only,14,2022-07-22,2022-07-25,3,historical_nan_block_numbering_divergence
21055007_10_49,lags_only,14,2022-07-22,2022-07-26,4,historical_nan_block_numbering_divergence
21055007_10_49,lags_only,14,2022-07-22,2022-07-27,5,historical_nan_block_numbering_divergence
21055007_10_49,lags_only,14,2022-07-23,2022-07-24,1,historical_nan_block_numbering_divergence
21055007_10_49,lags_only,14,2022-07-23,2022-07-25,2,historical_nan_block_numbering_divergence
21055007_10_49,lags_only,14,2022-07-23,2022-07-26,3,historical_nan_block_numbering_divergence
21055007_10_49,lags_only,14,2022-07-23,2022-07-27,4,historical_nan_block_numbering_divergence
21055007_10_49,lags_only,14,2022-07-23,2022-07-30,7,historical_nan_block_numbering_divergence
21055007_10_49,lags_only,14,2022-07-24,2022-07-25,1,historical_nan_block_numbering_divergence
21055007_10_49,lags_only,14,2022-07-24,2022-07-26,2,historical_nan_block_numbering_divergence
21055007_10_49,lags_only,14,2022-07-24,2022-07-27,3,historical_nan_block_numbering_divergence
21055007_10_49,lags_only,14,2022-07-24,2022-07-30,6,historical_nan_block_numbering_divergence
21055007_10_49,lags_only,14,2022-07-24,2022-07-31,7,historical_nan_block_numbering_divergence
21055007_10_49,lags_only,14,2022-07-25,2022-07-26,1,historical_nan_block_numbering_divergence
21055007_10_49,lags_only,14,2022-07-25,2022-07-27,2,historical_nan_block_numbering_divergence
21055007_10_49,lags_only,14,2022-07-25,2022-07-30,5,historical_nan_block_numbering_divergence
21055007_10_49,lags_only,14,2022-07-25,2022-07-31,6,historical_nan_block_numbering_divergence
21055007_10_49,lags_only,14,2022-07-25,2022-08-01,7,historical_nan_block_numbering_divergence
21055007_10_49,lags_only,14,2022-07-26,2022-07-27,1,historical_nan_block_numbering_divergence
21055007_10_49,lags_only,14,2022-07-26,2022-07-30,4,historical_nan_block_numbering_divergence
21055007_10_49,lags_only,14,2022-07-26,2022-07-31,5,historical_nan_block_numbering_divergence
21055007_10_49,lags_only,14,2022-07-26,2022-08-01,6,historical_nan_block_numbering_divergence
21055007_10_49,lags_only,14,2022-07-26,2022-08-02,7,historical_nan_block_numbering_divergence
21055007_10_49,lags_only,14,2022-07-27,2022-07-30,3,historical_nan_block_numbering_divergence
21055007_10_49,lags_only,14,2022-07-27,2022-07-31,4,historical_nan_block_numbering_divergence
21055007_10_49,lags_only,14,2022-07-27,2022-08-01,5,historical_nan_block_numbering_divergence
21055007_10_49,lags_only,14,2022-07-27,2022-08-02,6,historical_nan_block_numbering_divergence
21055007_10_49,lags_only,14,2022-07-27,2022-08-03,7,historical_nan_block_numbering_divergence
21055007_10_49,lags_only,14,2022-07-28,2022-07-30,2,historical_nan_block_numbering_divergence
21055007_10_49,lags_only,14,2022-07-28,2022-07-31,3,historical_nan_block_numbering_divergence
21055007_10_49,lags_only,14,2022-07-28,2022-08-01,4,historical_nan_block_numbering_divergence
21055007_10_49,lags_only,14,2022-07-28,2022-08-02,5,historical_nan_block_numbering_divergence
21055007_10_49,lags_only,14,2022-07-28,2022-08-03,6,historical_nan_block_numbering_divergence
21055007_10_49,lags_only,14,2022-07-28,2022-08-04,7,historical_nan_block_numbering_divergence
21055007_10_49,lags_only,14,2022-08-02,2022-08-03,1,historical_nan_block_numbering_divergence
21055007_10_49,lags_only,14,2022-08-02,2022-08-04,2,historical_nan_block_numbering_divergence
21055007_10_49,lags_only,14,2022-08-17,2022-08-18,1,historical_nan_block_numbering_divergence
21055007_10_49,lags_only,14,2022-08-17,2022-08-19,2,historical_nan_block_numbering_divergence
21055007_10_49,lags_only,14,2022-08-17,2022-08-20,3,historical_nan_block_numbering_divergence
21055007_10_49,lags_only,14,2022-08-17,2022-08-21,4,historical_nan_block_numbering_divergence
21055007_10_49,lags_only,14,2022-08-17,2022-08-22,5,historical_nan_block_numbering_divergence
21055007_10_49,lags_only,14,2022-08-17,2022-08-23,6,historical_nan_block_numbering_divergence
21055007_10_49,lags_only,14,2022-08-17,2022-08-24,7,historical_nan_block_numbering_divergence
21055007_10_49,lags_only,15,2022-08-18,2022-08-19,1,historical_nan_block_numbering_divergence
21055007_10_49,lags_only,15,2022-08-18,2022-08-20,2,historical_nan_block_numbering_divergence
21055007_10_49,lags_only,15,2022-08-18,2022-08-21,3,historical_nan_block_numbering_divergence
21055007_10_49,lags_only,15,2022-08-18,2022-08-22,4,historical_nan_block_numbering_divergence
21055007_10_49,lags_only,15,2022-08-18,2022-08-23,5,historical_nan_block_numbering_divergence
21055007_10_49,lags_only,15,2022-08-18,2022-08-24,6,historical_nan_block_numbering_divergence
21055007_10_49,lags_only,15,2022-08-18,2022-08-25,7,historical_nan_block_numbering_divergence
21055007_10_49,lags_only,15,2022-08-24,2022-08-25,1,historical_nan_block_numbering_divergence
21055007_10_49,lags_only,15,2022-08-24,2022-08-26,2,historical_nan_block_numbering_divergence
21055007_10_49,lags_only,15,2022-08-24,2022-08-27,3,historical_nan_block_numbering_divergence
21055007_10_49,lags_only,15,2022-08-24,2022-08-28,4,historical_nan_block_numbering_divergence
21055007_10_49,lags_only,15,2022-08-24,2022-08-29,5,historical_nan_block_numbering_divergence
21055007_10_49,lags_only,15,2022-08-24,2022-08-30,6,historical_nan_block_numbering_divergence
21055007_10_49,lags_only,15,2022-08-24,2022-08-31,7,historical_nan_block_numbering_divergence
21055007_10_49,lags_only,15,2022-08-27,2022-08-28,1,historical_nan_block_numbering_divergence
21055007_10_49,lags_only,15,2022-08-27,2022-08-29,2,historical_nan_block_numbering_divergence
21055007_10_49,lags_only,15,2022-08-27,2022-08-30,3,historical_nan_block_numbering_divergence
21055007_10_49,lags_only,15,2022-08-27,2022-08-31,4,historical_nan_block_numbering_divergence
21055007_10_49,lags_only,15,2022-08-27,2022-09-01,5,historical_nan_block_numbering_divergence
21055007_10_49,lags_only,15,2022-08-27,2022-09-02,6,historical_nan_block_numbering_divergence
21055007_10_49,lags_only,15,2022-08-27,2022-09-03,7,historical_nan_block_numbering_divergence
21055007_10_49,lags_only,15,2022-08-28,2022-08-29,1,historical_nan_block_numbering_divergence
21055007_10_49,lags_only,15,2022-08-28,2022-08-30,2,historical_nan_block_numbering_divergence
21055007_10_49,lags_only,15,2022-08-28,2022-08-31,3,historical_nan_block_numbering_divergence
21055007_10_49,lags_only,15,2022-08-28,2022-09-01,4,historical_nan_block_numbering_divergence
21055007_10_49,lags_only,15,2022-08-28,2022-09-02,5,historical_nan_block_numbering_divergence
21055007_10_49,lags_only,15,2022-08-28,2022-09-03,6,historical_nan_block_numbering_divergence
21055007_10_49,lags_only,15,2022-08-28,2022-09-04,7,historical_nan_block_numbering_divergence
21055007_10_49,lags_only,15,2022-08-29,2022-08-30,1,historical_nan_block_numbering_divergence
21055007_10_49,lags_only,15,2022-08-29,2022-08-31,2,historical_nan_block_numbering_divergence
21055007_10_49,lags_only,15,2022-08-29,2022-09-01,3,historical_nan_block_numbering_divergence
21055007_10_49,lags_only,15,2022-08-29,2022-09-02,4,historical_nan_block_numbering_divergence
21055007_10_49,lags_only,15,2022-08-29,2022-09-03,5,historical_nan_block_numbering_divergence
21055007_10_49,lags_only,15,2022-08-29,2022-09-04,6,historical_nan_block_numbering_divergence
21055007_10_49,lags_only,15,2022-08-29,2022-09-05,7,historical_nan_block_numbering_divergence
21055007_10_49,lags_only,15,2022-08-30,2022-08-31,1,historical_nan_block_numbering_divergence
21055007_10_49,lags_only,15,2022-08-30,2022-09-01,2,historical_nan_block_numbering_divergence
21055007_10_49,lags_only,15,2022-08-30,2022-09-02,3,historical_nan_block_numbering_divergence
21055007_10_49,lags_only,15,2022-08-30,2022-09-03,4,historical_nan_block_numbering_divergence
21055007_10_49,lags_only,15,2022-08-30,2022-09-04,5,historical_nan_block_numbering_divergence
21055007_10_49,lags_only,15,2022-08-30,2022-09-05,6,historical_nan_block_numbering_divergence
21055007_10_49,lags_only,15,2022-08-30,2022-09-06,7,historical_nan_block_numbering_divergence
21055007_10_49,lags_only,15,2022-08-31,2022-09-01,1,historical_nan_block_numbering_divergence
21055007_10_49,lags_only,15,2022-08-31,2022-09-02,2,historical_nan_block_numbering_divergence
21055007_10_49,lags_only,15,2022-08-31,2022-09-03,3,historical_nan_block_numbering_divergence
21055007_10_49,lags_only,15,2022-08-31,2022-09-04,4,historical_nan_block_numbering_divergence
21055007_10_49,lags_only,15,2022-08-31,2022-09-05,5,historical_nan_block_numbering_divergence
21055007_10_49,lags_only,15,2022-08-31,2022-09-06,6,historical_nan_block_numbering_divergence
21055007_10_49,lags_only,15,2022-08-31,2022-09-07,7,historical_nan_block_numbering_divergence
21055007_10_49,lags_only,15,2022-09-01,2022-09-02,1,historical_nan_block_numbering_divergence
21055007_10_49,lags_only,15,2022-09-01,2022-09-03,2,historical_nan_block_numbering_divergence
21055007_10_49,lags_only,15,2022-09-01,2022-09-04,3,historical_nan_block_numbering_divergence
21055007_10_49,lags_only,15,2022-09-01,2022-09-05,4,historical_nan_block_numbering_divergence
21055007_10_49,lags_only,15,2022-09-01,2022-09-06,5,historical_nan_block_numbering_divergence
21055007_10_49,lags_only,15,2022-09-01,2022-09-07,6,historical_nan_block_numbering_divergence
21055007_10_49,lags_only,15,2022-09-01,2022-09-08,7,historical_nan_block_numbering_divergence
21055007_10_49,lags_only,15,2022-09-07,2022-09-08,1,historical_nan_block_numbering_divergence
21055007_10_49,lags_only,15,2022-09-07,2022-09-09,2,historical_nan_block_numbering_divergence
21055007_10_49,lags_only,15,2022-09-07,2022-09-10,3,historical_nan_block_numbering_divergence
21055007_10_49,lags_only,15,2022-09-07,2022-09-11,4,historical_nan_block_numbering_divergence
21055007_10_49,lags_only,15,2022-09-07,2022-09-12,5,historical_nan_block_numbering_divergence
21055007_10_49,lags_only,15,2022-09-07,2022-09-13,6,historical_nan_block_numbering_divergence
21055007_10_49,lags_only,15,2022-09-07,2022-09-14,7,historical_nan_block_numbering_divergence
21055007_10_49,lags_only,15,2022-09-08,2022-09-09,1,historical_nan_block_numbering_divergence
21055007_10_49,lags_only,15,2022-09-08,2022-09-10,2,historical_nan_block_numbering_divergence
21055007_10_49,lags_only,15,2022-09-08,2022-09-11,3,historical_nan_block_numbering_divergence
21055007_10_49,lags_only,15,2022-09-08,2022-09-12,4,historical_nan_block_numbering_divergence
21055007_10_49,lags_only,15,2022-09-08,2022-09-13,5,historical_nan_block_numbering_divergence
21055007_10_49,lags_only,15,2022-09-08,2022-09-14,6,historical_nan_block_numbering_divergence
21055007_10_49,lags_only,15,2022-09-08,2022-09-15,7,historical_nan_block_numbering_divergence
21055007_10_49,lags_only,15,2022-09-09,2022-09-10,1,historical_nan_block_numbering_divergence
21055007_10_49,lags_only,15,2022-09-09,2022-09-11,2,historical_nan_block_numbering_divergence
21055007_10_49,lags_only,15,2022-09-09,2022-09-12,3,historical_nan_block_numbering_divergence
21055007_10_49,lags_only,15,2022-09-09,2022-09-13,4,historical_nan_block_numbering_divergence
21055007_10_49,lags_only,15,2022-09-09,2022-09-14,5,historical_nan_block_numbering_divergence
21055007_10_49,lags_only,15,2022-09-09,2022-09-15,6,historical_nan_block_numbering_divergence
21055007_10_49,lags_only,15,2022-09-09,2022-09-16,7,historical_nan_block_numbering_divergence
21055007_10_49,lags_only,15,2022-09-10,2022-09-11,1,historical_nan_block_numbering_divergence
21055007_10_49,lags_only,15,2022-09-10,2022-09-12,2,historical_nan_block_numbering_divergence
21055007_10_49,lags_only,15,2022-09-10,2022-09-13,3,historical_nan_block_numbering_divergence
21055007_10_49,lags_only,15,2022-09-10,2022-09-14,4,historical_nan_block_numbering_divergence
21055007_10_49,lags_only,15,2022-09-10,2022-09-15,5,historical_nan_block_numbering_divergence
21055007_10_49,lags_only,15,2022-09-10,2022-09-16,6,historical_nan_block_numbering_divergence
21055007_10_49,lags_only,15,2022-09-10,2022-09-17,7,historical_nan_block_numbering_divergence
21055007_10_49,lags_only,15,2022-09-11,2022-09-12,1,historical_nan_block_numbering_divergence
21055007_10_49,lags_only,15,2022-09-11,2022-09-13,2,historical_nan_block_numbering_divergence
21055007_10_49,lags_only,15,2022-09-11,2022-09-14,3,historical_nan_block_numbering_divergence
21055007_10_49,lags_only,15,2022-09-11,2022-09-15,4,historical_nan_block_numbering_divergence
21055007_10_49,lags_only,15,2022-09-11,2022-09-16,5,historical_nan_block_numbering_divergence
21055007_10_49,lags_only,15,2022-09-11,2022-09-17,6,historical_nan_block_numbering_divergence
21055007_10_49,lags_only,15,2022-09-11,2022-09-18,7,historical_nan_block_numbering_divergence
21055007_10_49,lags_only,15,2022-09-12,2022-09-13,1,historical_nan_block_numbering_divergence
21055007_10_49,lags_only,15,2022-09-12,2022-09-14,2,historical_nan_block_numbering_divergence
21055007_10_49,lags_only,15,2022-09-12,2022-09-15,3,historical_nan_block_numbering_divergence
21055007_10_49,lags_only,15,2022-09-12,2022-09-16,4,historical_nan_block_numbering_divergence
21055007_10_49,lags_only,15,2022-09-12,2022-09-17,5,historical_nan_block_numbering_divergence
21055007_10_49,lags_only,15,2022-09-12,2022-09-18,6,historical_nan_block_numbering_divergence
21055007_10_49,lags_only,15,2022-09-12,2022-09-19,7,historical_nan_block_numbering_divergence
21055007_10_49,lags_only,15,2022-09-13,2022-09-14,1,historical_nan_block_numbering_divergence
21055007_10_49,lags_only,15,2022-09-13,2022-09-15,2,historical_nan_block_numbering_divergence
21055007_10_49,lags_only,15,2022-09-13,2022-09-16,3,historical_nan_block_numbering_divergence
21055007_10_49,lags_only,15,2022-09-13,2022-09-17,4,historical_nan_block_numbering_divergence
21055007_10_49,lags_only,15,2022-09-13,2022-09-18,5,historical_nan_block_numbering_divergence
21055007_10_49,lags_only,15,2022-09-13,2022-09-19,6,historical_nan_block_numbering_divergence
21055007_10_49,lags_only,15,2022-09-13,2022-09-20,7,historical_nan_block_numbering_divergence
21055007_10_49,lags_only,15,2022-09-14,2022-09-15,1,historical_nan_block_numbering_divergence
21055007_10_49,lags_only,15,2022-09-14,2022-09-16,2,historical_nan_block_numbering_divergence
21055007_10_49,lags_only,15,2022-09-14,2022-09-17,3,historical_nan_block_numbering_divergence
21055007_10_49,lags_only,15,2022-09-14,2022-09-18,4,historical_nan_block_numbering_divergence
21055007_10_49,lags_only,15,2022-09-14,2022-09-19,5,historical_nan_block_numbering_divergence
21055007_10_49,lags_only,15,2022-09-14,2022-09-20,6,historical_nan_block_numbering_divergence
21055007_10_49,lags_only,15,2022-09-14,2022-09-21,7,historical_nan_block_numbering_divergence
21055007_10_49,lags_only,16,2022-09-15,2022-09-16,1,historical_nan_block_numbering_divergence
21055007_10_49,lags_only,16,2022-09-15,2022-09-17,2,historical_nan_block_numbering_divergence
21055007_10_49,lags_only,16,2022-09-15,2022-09-18,3,historical_nan_block_numbering_divergence
21055007_10_49,lags_only,16,2022-09-15,2022-09-19,4,historical_nan_block_numbering_divergence
21055007_10_49,lags_only,16,2022-09-15,2022-09-20,5,historical_nan_block_numbering_divergence
21055007_10_49,lags_only,16,2022-09-15,2022-09-21,6,historical_nan_block_numbering_divergence
21055007_10_49,lags_only,16,2022-09-15,2022-09-22,7,historical_nan_block_numbering_divergence
21055007_10_49,lags_only,16,2022-09-16,2022-09-17,1,historical_nan_block_numbering_divergence
21055007_10_49,lags_only,16,2022-09-16,2022-09-18,2,historical_nan_block_numbering_divergence
21055007_10_49,lags_only,16,2022-09-16,2022-09-19,3,historical_nan_block_numbering_divergence
21055007_10_49,lags_only,16,2022-09-16,2022-09-20,4,historical_nan_block_numbering_divergence
21055007_10_49,lags_only,16,2022-09-16,2022-09-21,5,historical_nan_block_numbering_divergence
21055007_10_49,lags_only,16,2022-09-16,2022-09-22,6,historical_nan_block_numbering_divergence
21055007_10_49,lags_only,16,2022-09-16,2022-09-23,7,historical_nan_block_numbering_divergence
21055007_10_49,lags_only,16,2022-09-17,2022-09-18,1,historical_nan_block_numbering_divergence
21055007_10_49,lags_only,16,2022-09-17,2022-09-19,2,historical_nan_block_numbering_divergence
21055007_10_49,lags_only,16,2022-09-17,2022-09-20,3,historical_nan_block_numbering_divergence
21055007_10_49,lags_only,16,2022-09-17,2022-09-21,4,historical_nan_block_numbering_divergence
21055007_10_49,lags_only,16,2022-09-17,2022-09-22,5,historical_nan_block_numbering_divergence
21055007_10_49,lags_only,16,2022-09-17,2022-09-23,6,historical_nan_block_numbering_divergence
21055007_10_49,lags_only,16,2022-09-17,2022-09-24,7,historical_nan_block_numbering_divergence
21055007_10_49,lags_only,16,2022-09-18,2022-09-19,1,historical_nan_block_numbering_divergence
21055007_10_49,lags_only,16,2022-09-18,2022-09-20,2,historical_nan_block_numbering_divergence
21055007_10_49,lags_only,16,2022-09-18,2022-09-21,3,historical_nan_block_numbering_divergence
21055007_10_49,lags_only,16,2022-09-18,2022-09-22,4,historical_nan_block_numbering_divergence
21055007_10_49,lags_only,16,2022-09-18,2022-09-23,5,historical_nan_block_numbering_divergence
21055007_10_49,lags_only,16,2022-09-18,2022-09-24,6,historical_nan_block_numbering_divergence
21055007_10_49,lags_only,16,2022-09-18,2022-09-25,7,historical_nan_block_numbering_divergence
21055007_10_49,lags_only,16,2022-09-19,2022-09-20,1,historical_nan_block_numbering_divergence
21055007_10_49,lags_only,16,2022-09-19,2022-09-21,2,historical_nan_block_numbering_divergence
21055007_10_49,lags_only,16,2022-09-19,2022-09-22,3,historical_nan_block_numbering_divergence
21055007_10_49,lags_only,16,2022-09-19,2022-09-23,4,historical_nan_block_numbering_divergence
21055007_10_49,lags_only,16,2022-09-19,2022-09-24,5,historical_nan_block_numbering_divergence
21055007_10_49,lags_only,16,2022-09-19,2022-09-25,6,historical_nan_block_numbering_divergence
21055007_10_49,lags_only,16,2022-09-19,2022-09-26,7,historical_nan_block_numbering_divergence
21055007_10_49,lags_only,16,2022-09-20,2022-09-21,1,historical_nan_block_numbering_divergence
21055007_10_49,lags_only,16,2022-09-20,2022-09-22,2,historical_nan_block_numbering_divergence
21055007_10_49,lags_only,16,2022-09-20,2022-09-23,3,historical_nan_block_numbering_divergence
21055007_10_49,lags_only,16,2022-09-20,2022-09-24,4,historical_nan_block_numbering_divergence
21055007_10_49,lags_only,16,2022-09-20,2022-09-25,5,historical_nan_block_numbering_divergence
21055007_10_49,lags_only,16,2022-09-20,2022-09-26,6,historical_nan_block_numbering_divergence
21055007_10_49,lags_only,16,2022-09-20,2022-09-27,7,historical_nan_block_numbering_divergence
21055007_10_49,lags_only,16,2022-09-21,2022-09-22,1,historical_nan_block_numbering_divergence
21055007_10_49,lags_only,16,2022-09-21,2022-09-23,2,historical_nan_block_numbering_divergence
21055007_10_49,lags_only,16,2022-09-21,2022-09-24,3,historical_nan_block_numbering_divergence
21055007_10_49,lags_only,16,2022-09-21,2022-09-25,4,historical_nan_block_numbering_divergence
21055007_10_49,lags_only,16,2022-09-21,2022-09-26,5,historical_nan_block_numbering_divergence
21055007_10_49,lags_only,16,2022-09-21,2022-09-27,6,historical_nan_block_numbering_divergence
21055007_10_49,lags_only,16,2022-09-22,2022-09-23,1,historical_nan_block_numbering_divergence
21055007_10_49,lags_only,16,2022-09-22,2022-09-24,2,historical_nan_block_numbering_divergence
21055007_10_49,lags_only,16,2022-09-22,2022-09-25,3,historical_nan_block_numbering_divergence
21055007_10_49,lags_only,16,2022-09-22,2022-09-26,4,historical_nan_block_numbering_divergence
21055007_10_49,lags_only,16,2022-09-22,2022-09-27,5,historical_nan_block_numbering_divergence
21055007_10_49,lags_only,16,2022-09-23,2022-09-24,1,historical_nan_block_numbering_divergence
21055007_10_49,lags_only,16,2022-09-23,2022-09-25,2,historical_nan_block_numbering_divergence
21055007_10_49,lags_only,16,2022-09-23,2022-09-26,3,historical_nan_block_numbering_divergence
21055007_10_49,lags_only,16,2022-09-23,2022-09-27,4,historical_nan_block_numbering_divergence
21055007_10_49,lags_only,16,2022-09-24,2022-09-25,1,historical_nan_block_numbering_divergence
21055007_10_49,lags_only,16,2022-09-24,2022-09-26,2,historical_nan_block_numbering_divergence
21055007_10_49,lags_only,16,2022-09-24,2022-09-27,3,historical_nan_block_numbering_divergence
21055007_10_49,lags_only,16,2022-09-25,2022-09-26,1,historical_nan_block_numbering_divergence
21055007_10_49,lags_only,16,2022-09-25,2022-09-27,2,historical_nan_block_numbering_divergence
21055007_10_49,lags_only,16,2022-09-26,2022-09-27,1,historical_nan_block_numbering_divergence
21055007_10_49,lags_only,16,2022-09-26,2022-10-03,7,historical_nan_block_numbering_divergence
21055007_10_49,lags_only,16,2022-09-27,2022-10-03,6,historical_nan_block_numbering_divergence
21055007_10_49,lags_only,16,2022-09-27,2022-10-04,7,historical_nan_block_numbering_divergence
21055007_10_49,lags_only,16,2022-09-28,2022-10-03,5,historical_nan_block_numbering_divergence
21055007_10_49,lags_only,16,2022-09-28,2022-10-04,6,historical_nan_block_numbering_divergence
21055007_10_49,lags_only,16,2022-09-28,2022-10-05,7,historical_nan_block_numbering_divergence
21055007_10_49,lags_only,16,2022-10-10,2022-10-11,1,historical_nan_block_numbering_divergence
21055007_10_49,lags_only,16,2022-10-10,2022-10-12,2,historical_nan_block_numbering_divergence
21055007_10_49,lags_only,16,2022-10-10,2022-10-13,3,historical_nan_block_numbering_divergence
21055007_10_49,lags_only,16,2022-10-10,2022-10-14,4,historical_nan_block_numbering_divergence
21055007_10_49,lags_only,16,2022-10-10,2022-10-15,5,historical_nan_block_numbering_divergence
21055007_10_49,lags_only,16,2022-10-10,2022-10-16,6,historical_nan_block_numbering_divergence
21055007_10_49,lags_only,16,2022-10-10,2022-10-17,7,historical_nan_block_numbering_divergence
21055007_10_49,lags_only,16,2022-10-11,2022-10-12,1,historical_nan_block_numbering_divergence
21055007_10_49,lags_only,16,2022-10-11,2022-10-13,2,historical_nan_block_numbering_divergence
21055007_10_49,lags_only,16,2022-10-11,2022-10-14,3,historical_nan_block_numbering_divergence
21055007_10_49,lags_only,16,2022-10-11,2022-10-15,4,historical_nan_block_numbering_divergence
21055007_10_49,lags_only,16,2022-10-11,2022-10-16,5,historical_nan_block_numbering_divergence
21055007_10_49,lags_only,16,2022-10-11,2022-10-17,6,historical_nan_block_numbering_divergence
21055007_10_49,lags_only,16,2022-10-11,2022-10-18,7,historical_nan_block_numbering_divergence
21055007_10_49,lags_only,17,2022-10-17,2022-10-18,1,historical_nan_block_numbering_divergence
21055007_10_49,lags_only,17,2022-10-17,2022-10-19,2,historical_nan_block_numbering_divergence
21055007_10_49,lags_only,17,2022-10-17,2022-10-20,3,historical_nan_block_numbering_divergence
21055007_10_49,lags_only,17,2022-10-17,2022-10-21,4,historical_nan_block_numbering_divergence
21055007_10_49,lags_only,17,2022-10-17,2022-10-22,5,historical_nan_block_numbering_divergence
21055007_10_49,lags_only,17,2022-10-17,2022-10-23,6,historical_nan_block_numbering_divergence
21055007_10_49,lags_only,17,2022-10-17,2022-10-24,7,historical_nan_block_numbering_divergence
21055007_10_49,lags_only,17,2022-10-18,2022-10-19,1,historical_nan_block_numbering_divergence
21055007_10_49,lags_only,17,2022-10-18,2022-10-20,2,historical_nan_block_numbering_divergence
21055007_10_49,lags_only,17,2022-10-18,2022-10-21,3,historical_nan_block_numbering_divergence
21055007_10_49,lags_only,17,2022-10-18,2022-10-22,4,historical_nan_block_numbering_divergence
21055007_10_49,lags_only,17,2022-10-18,2022-10-23,5,historical_nan_block_numbering_divergence
21055007_10_49,lags_only,17,2022-10-18,2022-10-24,6,historical_nan_block_numbering_divergence
21055007_10_49,lags_only,17,2022-10-18,2022-10-25,7,historical_nan_block_numbering_divergence
21055007_10_49,lags_only,17,2022-10-19,2022-10-20,1,historical_nan_block_numbering_divergence
21055007_10_49,lags_only,17,2022-10-19,2022-10-21,2,historical_nan_block_numbering_divergence
21055007_10_49,lags_only,17,2022-10-19,2022-10-22,3,historical_nan_block_numbering_divergence
21055007_10_49,lags_only,17,2022-10-19,2022-10-23,4,historical_nan_block_numbering_divergence
21055007_10_49,lags_only,17,2022-10-19,2022-10-24,5,historical_nan_block_numbering_divergence
21055007_10_49,lags_only,17,2022-10-19,2022-10-25,6,historical_nan_block_numbering_divergence
21055007_10_49,lags_only,17,2022-10-19,2022-10-26,7,historical_nan_block_numbering_divergence
21055007_10_49,lags_only,17,2022-10-20,2022-10-21,1,historical_nan_block_numbering_divergence
21055007_10_49,lags_only,17,2022-10-20,2022-10-22,2,historical_nan_block_numbering_divergence
21055007_10_49,lags_only,17,2022-10-20,2022-10-23,3,historical_nan_block_numbering_divergence
21055007_10_49,lags_only,17,2022-10-20,2022-10-24,4,historical_nan_block_numbering_divergence
21055007_10_49,lags_only,17,2022-10-20,2022-10-25,5,historical_nan_block_numbering_divergence
21055007_10_49,lags_only,17,2022-10-20,2022-10-26,6,historical_nan_block_numbering_divergence
21055007_10_49,lags_only,17,2022-10-20,2022-10-27,7,historical_nan_block_numbering_divergence
21055007_10_49,lags_only,17,2022-10-21,2022-10-22,1,historical_nan_block_numbering_divergence
21055007_10_49,lags_only,17,2022-10-21,2022-10-23,2,historical_nan_block_numbering_divergence
21055007_10_49,lags_only,17,2022-10-21,2022-10-24,3,historical_nan_block_numbering_divergence
21055007_10_49,lags_only,17,2022-10-21,2022-10-25,4,historical_nan_block_numbering_divergence
21055007_10_49,lags_only,17,2022-10-21,2022-10-26,5,historical_nan_block_numbering_divergence
21055007_10_49,lags_only,17,2022-10-21,2022-10-27,6,historical_nan_block_numbering_divergence
21055007_10_49,lags_only,17,2022-10-21,2022-10-28,7,historical_nan_block_numbering_divergence
21055007_10_49,lags_only,17,2022-10-22,2022-10-23,1,historical_nan_block_numbering_divergence
21055007_10_49,lags_only,17,2022-10-22,2022-10-24,2,historical_nan_block_numbering_divergence
21055007_10_49,lags_only,17,2022-10-22,2022-10-25,3,historical_nan_block_numbering_divergence
21055007_10_49,lags_only,17,2022-10-22,2022-10-26,4,historical_nan_block_numbering_divergence
21055007_10_49,lags_only,17,2022-10-22,2022-10-27,5,historical_nan_block_numbering_divergence
21055007_10_49,lags_only,17,2022-10-22,2022-10-28,6,historical_nan_block_numbering_divergence
21055007_10_49,lags_only,17,2022-10-22,2022-10-29,7,historical_nan_block_numbering_divergence
21055007_10_49,lags_only,17,2022-10-23,2022-10-24,1,historical_nan_block_numbering_divergence
21055007_10_49,lags_only,17,2022-10-23,2022-10-25,2,historical_nan_block_numbering_divergence
21055007_10_49,lags_only,17,2022-10-23,2022-10-26,3,historical_nan_block_numbering_divergence
21055007_10_49,lags_only,17,2022-10-23,2022-10-27,4,historical_nan_block_numbering_divergence
21055007_10_49,lags_only,17,2022-10-23,2022-10-28,5,historical_nan_block_numbering_divergence
21055007_10_49,lags_only,17,2022-10-23,2022-10-29,6,historical_nan_block_numbering_divergence
21055007_10_49,lags_only,17,2022-10-23,2022-10-30,7,historical_nan_block_numbering_divergence
21055007_10_49,lags_only,17,2022-10-24,2022-10-25,1,historical_nan_block_numbering_divergence
21055007_10_49,lags_only,17,2022-10-24,2022-10-26,2,historical_nan_block_numbering_divergence
21055007_10_49,lags_only,17,2022-10-24,2022-10-27,3,historical_nan_block_numbering_divergence
21055007_10_49,lags_only,17,2022-10-24,2022-10-28,4,historical_nan_block_numbering_divergence
21055007_10_49,lags_only,17,2022-10-24,2022-10-29,5,historical_nan_block_numbering_divergence
21055007_10_49,lags_only,17,2022-10-24,2022-10-30,6,historical_nan_block_numbering_divergence
21055007_10_49,lags_only,17,2022-10-24,2022-10-31,7,historical_nan_block_numbering_divergence
21055007_10_49,lags_only,17,2022-10-25,2022-10-26,1,historical_nan_block_numbering_divergence
21055007_10_49,lags_only,17,2022-10-25,2022-10-27,2,historical_nan_block_numbering_divergence
21055007_10_49,lags_only,17,2022-10-25,2022-10-28,3,historical_nan_block_numbering_divergence
21055007_10_49,lags_only,17,2022-10-25,2022-10-29,4,historical_nan_block_numbering_divergence
21055007_10_49,lags_only,17,2022-10-25,2022-10-30,5,historical_nan_block_numbering_divergence
21055007_10_49,lags_only,17,2022-10-25,2022-10-31,6,historical_nan_block_numbering_divergence
21055007_10_49,lags_only,17,2022-10-25,2022-11-01,7,historical_nan_block_numbering_divergence
21055007_10_49,lags_only,17,2022-10-31,2022-11-01,1,historical_nan_block_numbering_divergence
21055007_10_49,lags_only,17,2022-10-31,2022-11-02,2,historical_nan_block_numbering_divergence
21055007_10_49,lags_only,17,2022-10-31,2022-11-03,3,historical_nan_block_numbering_divergence
21055007_10_49,lags_only,17,2022-10-31,2022-11-04,4,historical_nan_block_numbering_divergence
21055007_10_49,lags_only,17,2022-10-31,2022-11-05,5,historical_nan_block_numbering_divergence
21055007_10_49,lags_only,17,2022-10-31,2022-11-06,6,historical_nan_block_numbering_divergence
21055007_10_49,lags_only,17,2022-10-31,2022-11-07,7,historical_nan_block_numbering_divergence
21055007_10_49,lags_only,17,2022-11-01,2022-11-02,1,historical_nan_block_numbering_divergence
21055007_10_49,lags_only,17,2022-11-01,2022-11-03,2,historical_nan_block_numbering_divergence
21055007_10_49,lags_only,17,2022-11-01,2022-11-04,3,historical_nan_block_numbering_divergence
21055007_10_49,lags_only,17,2022-11-01,2022-11-05,4,historical_nan_block_numbering_divergence
21055007_10_49,lags_only,17,2022-11-01,2022-11-06,5,historical_nan_block_numbering_divergence
21055007_10_49,lags_only,17,2022-11-01,2022-11-07,6,historical_nan_block_numbering_divergence
21055007_10_49,lags_only,17,2022-11-01,2022-11-08,7,historical_nan_block_numbering_divergence
21055007_10_49,lags_only,17,2022-11-02,2022-11-03,1,historical_nan_block_numbering_divergence
21055007_10_49,lags_only,17,2022-11-02,2022-11-04,2,historical_nan_block_numbering_divergence
21055007_10_49,lags_only,17,2022-11-02,2022-11-05,3,historical_nan_block_numbering_divergence
21055007_10_49,lags_only,17,2022-11-02,2022-11-06,4,historical_nan_block_numbering_divergence
21055007_10_49,lags_only,17,2022-11-02,2022-11-07,5,historical_nan_block_numbering_divergence
21055007_10_49,lags_only,17,2022-11-02,2022-11-08,6,historical_nan_block_numbering_divergence
21055007_10_49,lags_only,17,2022-11-02,2022-11-09,7,historical_nan_block_numbering_divergence
21055007_10_49,lags_only,17,2022-11-03,2022-11-04,1,historical_nan_block_numbering_divergence
21055007_10_49,lags_only,17,2022-11-03,2022-11-05,2,historical_nan_block_numbering_divergence
21055007_10_49,lags_only,17,2022-11-03,2022-11-06,3,historical_nan_block_numbering_divergence
21055007_10_49,lags_only,17,2022-11-03,2022-11-07,4,historical_nan_block_numbering_divergence
21055007_10_49,lags_only,17,2022-11-03,2022-11-08,5,historical_nan_block_numbering_divergence
21055007_10_49,lags_only,17,2022-11-03,2022-11-09,6,historical_nan_block_numbering_divergence
21055007_10_49,lags_only,17,2022-11-03,2022-11-10,7,historical_nan_block_numbering_divergence
21055007_10_49,lags_only,17,2022-11-04,2022-11-05,1,historical_nan_block_numbering_divergence
21055007_10_49,lags_only,17,2022-11-04,2022-11-06,2,historical_nan_block_numbering_divergence
21055007_10_49,lags_only,17,2022-11-04,2022-11-07,3,historical_nan_block_numbering_divergence
21055007_10_49,lags_only,17,2022-11-04,2022-11-08,4,historical_nan_block_numbering_divergence
21055007_10_49,lags_only,17,2022-11-04,2022-11-09,5,historical_nan_block_numbering_divergence
21055007_10_49,lags_only,17,2022-11-04,2022-11-10,6,historical_nan_block_numbering_divergence
21055007_10_49,lags_only,17,2022-11-04,2022-11-11,7,historical_nan_block_numbering_divergence
21055007_10_49,lags_only,17,2022-11-05,2022-11-06,1,historical_nan_block_numbering_divergence
21055007_10_49,lags_only,17,2022-11-05,2022-11-07,2,historical_nan_block_numbering_divergence
21055007_10_49,lags_only,17,2022-11-05,2022-11-08,3,historical_nan_block_numbering_divergence
21055007_10_49,lags_only,17,2022-11-05,2022-11-09,4,historical_nan_block_numbering_divergence
21055007_10_49,lags_only,17,2022-11-05,2022-11-10,5,historical_nan_block_numbering_divergence
21055007_10_49,lags_only,17,2022-11-05,2022-11-11,6,historical_nan_block_numbering_divergence
21055007_10_49,lags_only,17,2022-11-05,2022-11-12,7,historical_nan_block_numbering_divergence
21055007_10_49,lags_only,17,2022-11-06,2022-11-07,1,historical_nan_block_numbering_divergence
21055007_10_49,lags_only,17,2022-11-06,2022-11-08,2,historical_nan_block_numbering_divergence
21055007_10_49,lags_only,17,2022-11-06,2022-11-09,3,historical_nan_block_numbering_divergence
21055007_10_49,lags_only,17,2022-11-06,2022-11-10,4,historical_nan_block_numbering_divergence
21055007_10_49,lags_only,17,2022-11-06,2022-11-11,5,historical_nan_block_numbering_divergence
21055007_10_49,lags_only,17,2022-11-06,2022-11-12,6,historical_nan_block_numbering_divergence
21055007_10_49,lags_only,17,2022-11-06,2022-11-13,7,historical_nan_block_numbering_divergence
21055007_10_49,lags_only,17,2022-11-07,2022-11-08,1,historical_nan_block_numbering_divergence
21055007_10_49,lags_only,17,2022-11-07,2022-11-09,2,historical_nan_block_numbering_divergence
21055007_10_49,lags_only,17,2022-11-07,2022-11-10,3,historical_nan_block_numbering_divergence
21055007_10_49,lags_only,17,2022-11-07,2022-11-11,4,historical_nan_block_numbering_divergence
21055007_10_49,lags_only,17,2022-11-07,2022-11-12,5,historical_nan_block_numbering_divergence
21055007_10_49,lags_only,17,2022-11-07,2022-11-13,6,historical_nan_block_numbering_divergence
21055007_10_49,lags_only,17,2022-11-07,2022-11-14,7,historical_nan_block_numbering_divergence
21055007_10_49,lags_only,17,2022-11-08,2022-11-09,1,historical_nan_block_numbering_divergence
21055007_10_49,lags_only,17,2022-11-08,2022-11-10,2,historical_nan_block_numbering_divergence
21055007_10_49,lags_only,17,2022-11-08,2022-11-11,3,historical_nan_block_numbering_divergence
21055007_10_49,lags_only,17,2022-11-08,2022-11-12,4,historical_nan_block_numbering_divergence
21055007_10_49,lags_only,17,2022-11-08,2022-11-13,5,historical_nan_block_numbering_divergence
21055007_10_49,lags_only,17,2022-11-08,2022-11-14,6,historical_nan_block_numbering_divergence
21055007_10_49,lags_only,17,2022-11-08,2022-11-15,7,historical_nan_block_numbering_divergence
21055007_10_49,lags_only,17,2022-11-09,2022-11-10,1,historical_nan_block_numbering_divergence
21055007_10_49,lags_only,17,2022-11-09,2022-11-11,2,historical_nan_block_numbering_divergence
21055007_10_49,lags_only,17,2022-11-09,2022-11-12,3,historical_nan_block_numbering_divergence
21055007_10_49,lags_only,17,2022-11-09,2022-11-13,4,historical_nan_block_numbering_divergence
21055007_10_49,lags_only,17,2022-11-09,2022-11-14,5,historical_nan_block_numbering_divergence
21055007_10_49,lags_only,17,2022-11-09,2022-11-15,6,historical_nan_block_numbering_divergence
21055007_10_49,lags_only,17,2022-11-09,2022-11-16,7,historical_nan_block_numbering_divergence
21055007_10_49,lags_only,18,2022-11-10,2022-11-11,1,historical_nan_block_numbering_divergence
21055007_10_49,lags_only,18,2022-11-10,2022-11-12,2,historical_nan_block_numbering_divergence
21055007_10_49,lags_only,18,2022-11-10,2022-11-13,3,historical_nan_block_numbering_divergence
21055007_10_49,lags_only,18,2022-11-10,2022-11-14,4,historical_nan_block_numbering_divergence
21055007_10_49,lags_only,18,2022-11-10,2022-11-15,5,historical_nan_block_numbering_divergence
21055007_10_49,lags_only,18,2022-11-10,2022-11-16,6,historical_nan_block_numbering_divergence
21055007_10_49,lags_only,18,2022-11-10,2022-11-17,7,historical_nan_block_numbering_divergence
21055007_10_49,lags_only,18,2022-11-11,2022-11-12,1,historical_nan_block_numbering_divergence
21055007_10_49,lags_only,18,2022-11-11,2022-11-13,2,historical_nan_block_numbering_divergence
21055007_10_49,lags_only,18,2022-11-11,2022-11-14,3,historical_nan_block_numbering_divergence
21055007_10_49,lags_only,18,2022-11-11,2022-11-15,4,historical_nan_block_numbering_divergence
21055007_10_49,lags_only,18,2022-11-11,2022-11-16,5,historical_nan_block_numbering_divergence
21055007_10_49,lags_only,18,2022-11-11,2022-11-17,6,historical_nan_block_numbering_divergence
21055007_10_49,lags_only,18,2022-11-11,2022-11-18,7,historical_nan_block_numbering_divergence
21055007_10_49,lags_only,18,2022-11-12,2022-11-13,1,historical_nan_block_numbering_divergence
21055007_10_49,lags_only,18,2022-11-12,2022-11-14,2,historical_nan_block_numbering_divergence
21055007_10_49,lags_only,18,2022-11-12,2022-11-15,3,historical_nan_block_numbering_divergence
21055007_10_49,lags_only,18,2022-11-12,2022-11-16,4,historical_nan_block_numbering_divergence
21055007_10_49,lags_only,18,2022-11-12,2022-11-17,5,historical_nan_block_numbering_divergence
21055007_10_49,lags_only,18,2022-11-12,2022-11-18,6,historical_nan_block_numbering_divergence
21055007_10_49,lags_only,18,2022-11-12,2022-11-19,7,historical_nan_block_numbering_divergence
21055007_10_49,lags_only,18,2022-11-13,2022-11-14,1,historical_nan_block_numbering_divergence
21055007_10_49,lags_only,18,2022-11-13,2022-11-15,2,historical_nan_block_numbering_divergence
21055007_10_49,lags_only,18,2022-11-13,2022-11-16,3,historical_nan_block_numbering_divergence
21055007_10_49,lags_only,18,2022-11-13,2022-11-17,4,historical_nan_block_numbering_divergence
21055007_10_49,lags_only,18,2022-11-13,2022-11-18,5,historical_nan_block_numbering_divergence
21055007_10_49,lags_only,18,2022-11-13,2022-11-19,6,historical_nan_block_numbering_divergence
21055007_10_49,lags_only,18,2022-11-13,2022-11-20,7,historical_nan_block_numbering_divergence
21055007_10_49,lags_only,18,2022-11-14,2022-11-15,1,historical_nan_block_numbering_divergence
21055007_10_49,lags_only,18,2022-11-14,2022-11-16,2,historical_nan_block_numbering_divergence
21055007_10_49,lags_only,18,2022-11-14,2022-11-17,3,historical_nan_block_numbering_divergence
21055007_10_49,lags_only,18,2022-11-14,2022-11-18,4,historical_nan_block_numbering_divergence
21055007_10_49,lags_only,18,2022-11-14,2022-11-19,5,historical_nan_block_numbering_divergence
21055007_10_49,lags_only,18,2022-11-14,2022-11-20,6,historical_nan_block_numbering_divergence
21055007_10_49,lags_only,18,2022-11-14,2022-11-21,7,historical_nan_block_numbering_divergence
21055007_10_49,lags_only,18,2022-11-15,2022-11-16,1,historical_nan_block_numbering_divergence
21055007_10_49,lags_only,18,2022-11-15,2022-11-17,2,historical_nan_block_numbering_divergence
21055007_10_49,lags_only,18,2022-11-15,2022-11-18,3,historical_nan_block_numbering_divergence
21055007_10_49,lags_only,18,2022-11-15,2022-11-19,4,historical_nan_block_numbering_divergence
21055007_10_49,lags_only,18,2022-11-15,2022-11-20,5,historical_nan_block_numbering_divergence
21055007_10_49,lags_only,18,2022-11-15,2022-11-21,6,historical_nan_block_numbering_divergence
21055007_10_49,lags_only,18,2022-11-15,2022-11-22,7,historical_nan_block_numbering_divergence
21055007_10_49,lags_only,18,2022-11-16,2022-11-17,1,historical_nan_block_numbering_divergence
21055007_10_49,lags_only,18,2022-11-16,2022-11-18,2,historical_nan_block_numbering_divergence
21055007_10_49,lags_only,18,2022-11-16,2022-11-19,3,historical_nan_block_numbering_divergence
21055007_10_49,lags_only,18,2022-11-16,2022-11-20,4,historical_nan_block_numbering_divergence
21055007_10_49,lags_only,18,2022-11-16,2022-11-21,5,historical_nan_block_numbering_divergence
21055007_10_49,lags_only,18,2022-11-16,2022-11-22,6,historical_nan_block_numbering_divergence
21055007_10_49,lags_only,18,2022-11-16,2022-11-23,7,historical_nan_block_numbering_divergence
21055007_10_49,lags_only,18,2022-11-17,2022-11-18,1,historical_nan_block_numbering_divergence
21055007_10_49,lags_only,18,2022-11-17,2022-11-19,2,historical_nan_block_numbering_divergence
21055007_10_49,lags_only,18,2022-11-17,2022-11-20,3,historical_nan_block_numbering_divergence
21055007_10_49,lags_only,18,2022-11-17,2022-11-21,4,historical_nan_block_numbering_divergence
21055007_10_49,lags_only,18,2022-11-17,2022-11-22,5,historical_nan_block_numbering_divergence
21055007_10_49,lags_only,18,2022-11-17,2022-11-23,6,historical_nan_block_numbering_divergence
21055007_10_49,lags_only,18,2022-11-17,2022-11-24,7,historical_nan_block_numbering_divergence
21055007_10_49,lags_only,18,2022-11-18,2022-11-19,1,historical_nan_block_numbering_divergence
21055007_10_49,lags_only,18,2022-11-18,2022-11-20,2,historical_nan_block_numbering_divergence
21055007_10_49,lags_only,18,2022-11-18,2022-11-21,3,historical_nan_block_numbering_divergence
21055007_10_49,lags_only,18,2022-11-18,2022-11-22,4,historical_nan_block_numbering_divergence
21055007_10_49,lags_only,18,2022-11-18,2022-11-23,5,historical_nan_block_numbering_divergence
21055007_10_49,lags_only,18,2022-11-18,2022-11-24,6,historical_nan_block_numbering_divergence
21055007_10_49,lags_only,18,2022-11-18,2022-11-25,7,historical_nan_block_numbering_divergence
21055007_10_49,lags_only,18,2022-11-19,2022-11-20,1,historical_nan_block_numbering_divergence
21055007_10_49,lags_only,18,2022-11-19,2022-11-21,2,historical_nan_block_numbering_divergence
21055007_10_49,lags_only,18,2022-11-19,2022-11-22,3,historical_nan_block_numbering_divergence
21055007_10_49,lags_only,18,2022-11-19,2022-11-23,4,historical_nan_block_numbering_divergence
21055007_10_49,lags_only,18,2022-11-19,2022-11-24,5,historical_nan_block_numbering_divergence
21055007_10_49,lags_only,18,2022-11-19,2022-11-25,6,historical_nan_block_numbering_divergence
21055007_10_49,lags_only,18,2022-11-19,2022-11-26,7,historical_nan_block_numbering_divergence
21055007_10_49,lags_only,18,2022-11-20,2022-11-21,1,historical_nan_block_numbering_divergence
21055007_10_49,lags_only,18,2022-11-20,2022-11-22,2,historical_nan_block_numbering_divergence
21055007_10_49,lags_only,18,2022-11-20,2022-11-23,3,historical_nan_block_numbering_divergence
21055007_10_49,lags_only,18,2022-11-20,2022-11-24,4,historical_nan_block_numbering_divergence
21055007_10_49,lags_only,18,2022-11-20,2022-11-25,5,historical_nan_block_numbering_divergence
21055007_10_49,lags_only,18,2022-11-20,2022-11-26,6,historical_nan_block_numbering_divergence
21055007_10_49,lags_only,18,2022-11-20,2022-11-27,7,historical_nan_block_numbering_divergence
21055007_10_49,lags_only,18,2022-11-21,2022-11-22,1,historical_nan_block_numbering_divergence
21055007_10_49,lags_only,18,2022-11-21,2022-11-23,2,historical_nan_block_numbering_divergence
21055007_10_49,lags_only,18,2022-11-21,2022-11-24,3,historical_nan_block_numbering_divergence
21055007_10_49,lags_only,18,2022-11-21,2022-11-25,4,historical_nan_block_numbering_divergence
21055007_10_49,lags_only,18,2022-11-21,2022-11-26,5,historical_nan_block_numbering_divergence
21055007_10_49,lags_only,18,2022-11-21,2022-11-27,6,historical_nan_block_numbering_divergence
21055007_10_49,lags_only,18,2022-11-21,2022-11-28,7,historical_nan_block_numbering_divergence
21055007_10_49,lags_only,18,2022-11-22,2022-11-23,1,historical_nan_block_numbering_divergence
21055007_10_49,lags_only,18,2022-11-22,2022-11-24,2,historical_nan_block_numbering_divergence
21055007_10_49,lags_only,18,2022-11-22,2022-11-25,3,historical_nan_block_numbering_divergence
21055007_10_49,lags_only,18,2022-11-22,2022-11-26,4,historical_nan_block_numbering_divergence
21055007_10_49,lags_only,18,2022-11-22,2022-11-27,5,historical_nan_block_numbering_divergence
21055007_10_49,lags_only,18,2022-11-22,2022-11-28,6,historical_nan_block_numbering_divergence
21055007_10_49,lags_only,18,2022-11-23,2022-11-24,1,historical_nan_block_numbering_divergence
21055007_10_49,lags_only,18,2022-11-23,2022-11-25,2,historical_nan_block_numbering_divergence
21055007_10_49,lags_only,18,2022-11-23,2022-11-26,3,historical_nan_block_numbering_divergence
21055007_10_49,lags_only,18,2022-11-23,2022-11-27,4,historical_nan_block_numbering_divergence
21055007_10_49,lags_only,18,2022-11-23,2022-11-28,5,historical_nan_block_numbering_divergence
21055007_10_49,lags_only,18,2022-11-24,2022-11-25,1,historical_nan_block_numbering_divergence
21055007_10_49,lags_only,18,2022-11-24,2022-11-26,2,historical_nan_block_numbering_divergence
21055007_10_49,lags_only,18,2022-11-24,2022-11-27,3,historical_nan_block_numbering_divergence
21055007_10_49,lags_only,18,2022-11-24,2022-11-28,4,historical_nan_block_numbering_divergence
21055007_10_49,lags_only,18,2022-11-25,2022-11-26,1,historical_nan_block_numbering_divergence
21055007_10_49,lags_only,18,2022-11-25,2022-11-27,2,historical_nan_block_numbering_divergence
21055007_10_49,lags_only,18,2022-11-25,2022-11-28,3,historical_nan_block_numbering_divergence
21055007_10_49,lags_only,18,2022-11-26,2022-11-27,1,historical_nan_block_numbering_divergence
21055007_10_49,lags_only,18,2022-11-26,2022-11-28,2,historical_nan_block_numbering_divergence
21055007_10_49,lags_only,18,2022-11-27,2022-11-28,1,historical_nan_block_numbering_divergence
21055007_10_49,lags_only,19,2022-12-24,2022-12-25,1,historical_nan_block_numbering_divergence
21055007_10_49,lags_only,19,2022-12-24,2022-12-26,2,historical_nan_block_numbering_divergence
21055007_10_49,lags_only,19,2022-12-24,2022-12-27,3,historical_nan_block_numbering_divergence
21055007_10_49,lags_only,19,2022-12-24,2022-12-28,4,historical_nan_block_numbering_divergence
21055007_10_49,lags_only,19,2022-12-24,2022-12-29,5,historical_nan_block_numbering_divergence
21055007_10_49,lags_only,19,2022-12-24,2022-12-30,6,historical_nan_block_numbering_divergence
21055007_10_49,lags_only,19,2022-12-24,2022-12-31,7,historical_nan_block_numbering_divergence
21055007_10_49,lags_only,19,2022-12-25,2022-12-26,1,historical_nan_block_numbering_divergence
21055007_10_49,lags_only,19,2022-12-25,2022-12-27,2,historical_nan_block_numbering_divergence
21055007_10_49,lags_only,19,2022-12-25,2022-12-28,3,historical_nan_block_numbering_divergence
21055007_10_49,lags_only,19,2022-12-25,2022-12-29,4,historical_nan_block_numbering_divergence
21055007_10_49,lags_only,19,2022-12-25,2022-12-30,5,historical_nan_block_numbering_divergence
21055007_10_49,lags_only,19,2022-12-25,2022-12-31,6,historical_nan_block_numbering_divergence
21055007_10_49,lags_only,19,2022-12-25,2023-01-01,7,historical_nan_block_numbering_divergence
21055007_10_49,lags_only,19,2022-12-26,2022-12-27,1,historical_nan_block_numbering_divergence
21055007_10_49,lags_only,19,2022-12-26,2022-12-28,2,historical_nan_block_numbering_divergence
21055007_10_49,lags_only,19,2022-12-26,2022-12-29,3,historical_nan_block_numbering_divergence
21055007_10_49,lags_only,19,2022-12-26,2022-12-30,4,historical_nan_block_numbering_divergence
21055007_10_49,lags_only,19,2022-12-26,2022-12-31,5,historical_nan_block_numbering_divergence
21055007_10_49,lags_only,19,2022-12-26,2023-01-01,6,historical_nan_block_numbering_divergence
21055007_10_49,lags_only,19,2022-12-26,2023-01-02,7,historical_nan_block_numbering_divergence
21055007_10_49,lags_only,20,2023-01-07,2023-01-08,1,historical_nan_block_numbering_divergence
21055007_10_49,lags_only,20,2023-01-07,2023-01-09,2,historical_nan_block_numbering_divergence
21055007_10_49,lags_only,20,2023-01-07,2023-01-10,3,historical_nan_block_numbering_divergence
21055007_10_49,lags_only,20,2023-01-07,2023-01-11,4,historical_nan_block_numbering_divergence
21055007_10_49,lags_only,20,2023-01-07,2023-01-12,5,historical_nan_block_numbering_divergence
21055007_10_49,lags_only,20,2023-01-07,2023-01-13,6,historical_nan_block_numbering_divergence
21055007_10_49,lags_only,20,2023-01-07,2023-01-14,7,historical_nan_block_numbering_divergence
21055007_10_49,lags_only,20,2023-01-08,2023-01-09,1,historical_nan_block_numbering_divergence
21055007_10_49,lags_only,20,2023-01-08,2023-01-10,2,historical_nan_block_numbering_divergence
21055007_10_49,lags_only,20,2023-01-08,2023-01-11,3,historical_nan_block_numbering_divergence
21055007_10_49,lags_only,20,2023-01-08,2023-01-12,4,historical_nan_block_numbering_divergence
21055007_10_49,lags_only,20,2023-01-08,2023-01-13,5,historical_nan_block_numbering_divergence
21055007_10_49,lags_only,20,2023-01-08,2023-01-14,6,historical_nan_block_numbering_divergence
21055007_10_49,lags_only,20,2023-01-08,2023-01-15,7,historical_nan_block_numbering_divergence
21055007_10_49,lags_only,20,2023-01-09,2023-01-10,1,historical_nan_block_numbering_divergence
21055007_10_49,lags_only,20,2023-01-09,2023-01-11,2,historical_nan_block_numbering_divergence
21055007_10_49,lags_only,20,2023-01-09,2023-01-12,3,historical_nan_block_numbering_divergence
21055007_10_49,lags_only,20,2023-01-09,2023-01-13,4,historical_nan_block_numbering_divergence
21055007_10_49,lags_only,20,2023-01-09,2023-01-14,5,historical_nan_block_numbering_divergence
21055007_10_49,lags_only,20,2023-01-09,2023-01-15,6,historical_nan_block_numbering_divergence
21055007_10_49,lags_only,20,2023-01-09,2023-01-16,7,historical_nan_block_numbering_divergence
21055007_10_49,lags_only,20,2023-01-10,2023-01-11,1,historical_nan_block_numbering_divergence
21055007_10_49,lags_only,20,2023-01-10,2023-01-12,2,historical_nan_block_numbering_divergence
21055007_10_49,lags_only,20,2023-01-10,2023-01-13,3,historical_nan_block_numbering_divergence
21055007_10_49,lags_only,20,2023-01-10,2023-01-14,4,historical_nan_block_numbering_divergence
21055007_10_49,lags_only,20,2023-01-10,2023-01-15,5,historical_nan_block_numbering_divergence
21055007_10_49,lags_only,20,2023-01-10,2023-01-16,6,historical_nan_block_numbering_divergence
21055007_10_49,lags_only,20,2023-01-10,2023-01-17,7,historical_nan_block_numbering_divergence
21055007_10_49,lags_only,20,2023-01-11,2023-01-12,1,historical_nan_block_numbering_divergence
21055007_10_49,lags_only,20,2023-01-11,2023-01-13,2,historical_nan_block_numbering_divergence
21055007_10_49,lags_only,20,2023-01-11,2023-01-14,3,historical_nan_block_numbering_divergence
21055007_10_49,lags_only,20,2023-01-11,2023-01-15,4,historical_nan_block_numbering_divergence
21055007_10_49,lags_only,20,2023-01-11,2023-01-16,5,historical_nan_block_numbering_divergence
21055007_10_49,lags_only,20,2023-01-11,2023-01-17,6,historical_nan_block_numbering_divergence
21055007_10_49,lags_only,20,2023-01-11,2023-01-18,7,historical_nan_block_numbering_divergence
21055007_10_49,lags_only,20,2023-01-12,2023-01-13,1,historical_nan_block_numbering_divergence
21055007_10_49,lags_only,20,2023-01-12,2023-01-14,2,historical_nan_block_numbering_divergence
21055007_10_49,lags_only,20,2023-01-12,2023-01-15,3,historical_nan_block_numbering_divergence
21055007_10_49,lags_only,20,2023-01-12,2023-01-16,4,historical_nan_block_numbering_divergence
21055007_10_49,lags_only,20,2023-01-12,2023-01-17,5,historical_nan_block_numbering_divergence
21055007_10_49,lags_only,20,2023-01-12,2023-01-18,6,historical_nan_block_numbering_divergence
21055007_10_49,lags_only,20,2023-01-12,2023-01-19,7,historical_nan_block_numbering_divergence
21055007_10_49,lags_only,20,2023-01-13,2023-01-14,1,historical_nan_block_numbering_divergence
21055007_10_49,lags_only,20,2023-01-13,2023-01-15,2,historical_nan_block_numbering_divergence
21055007_10_49,lags_only,20,2023-01-13,2023-01-16,3,historical_nan_block_numbering_divergence
21055007_10_49,lags_only,20,2023-01-13,2023-01-17,4,historical_nan_block_numbering_divergence
21055007_10_49,lags_only,20,2023-01-13,2023-01-18,5,historical_nan_block_numbering_divergence
21055007_10_49,lags_only,20,2023-01-13,2023-01-19,6,historical_nan_block_numbering_divergence
21055007_10_49,lags_only,20,2023-01-13,2023-01-20,7,historical_nan_block_numbering_divergence
21055007_10_49,lags_only,20,2023-01-14,2023-01-15,1,historical_nan_block_numbering_divergence
21055007_10_49,lags_only,20,2023-01-14,2023-01-16,2,historical_nan_block_numbering_divergence
21055007_10_49,lags_only,20,2023-01-14,2023-01-17,3,historical_nan_block_numbering_divergence
21055007_10_49,lags_only,20,2023-01-14,2023-01-18,4,historical_nan_block_numbering_divergence
21055007_10_49,lags_only,20,2023-01-14,2023-01-19,5,historical_nan_block_numbering_divergence
21055007_10_49,lags_only,20,2023-01-14,2023-01-20,6,historical_nan_block_numbering_divergence
21055007_10_49,lags_only,20,2023-01-14,2023-01-21,7,historical_nan_block_numbering_divergence
21055007_10_49,lags_only,20,2023-01-15,2023-01-16,1,historical_nan_block_numbering_divergence
21055007_10_49,lags_only,20,2023-01-15,2023-01-17,2,historical_nan_block_numbering_divergence
21055007_10_49,lags_only,20,2023-01-15,2023-01-18,3,historical_nan_block_numbering_divergence
21055007_10_49,lags_only,20,2023-01-15,2023-01-19,4,historical_nan_block_numbering_divergence
21055007_10_49,lags_only,20,2023-01-15,2023-01-20,5,historical_nan_block_numbering_divergence
21055007_10_49,lags_only,20,2023-01-15,2023-01-21,6,historical_nan_block_numbering_divergence
21055007_10_49,lags_only,20,2023-01-15,2023-01-22,7,historical_nan_block_numbering_divergence
21055007_10_49,lags_only,20,2023-01-16,2023-01-17,1,historical_nan_block_numbering_divergence
21055007_10_49,lags_only,20,2023-01-16,2023-01-18,2,historical_nan_block_numbering_divergence
21055007_10_49,lags_only,20,2023-01-16,2023-01-19,3,historical_nan_block_numbering_divergence
21055007_10_49,lags_only,20,2023-01-16,2023-01-20,4,historical_nan_block_numbering_divergence
21055007_10_49,lags_only,20,2023-01-16,2023-01-21,5,historical_nan_block_numbering_divergence
21055007_10_49,lags_only,20,2023-01-16,2023-01-22,6,historical_nan_block_numbering_divergence
21055007_10_49,lags_only,20,2023-01-16,2023-01-23,7,historical_nan_block_numbering_divergence
21055007_10_49,lags_only,20,2023-01-17,2023-01-18,1,historical_nan_block_numbering_divergence
21055007_10_49,lags_only,20,2023-01-17,2023-01-19,2,historical_nan_block_numbering_divergence
21055007_10_49,lags_only,20,2023-01-17,2023-01-20,3,historical_nan_block_numbering_divergence
21055007_10_49,lags_only,20,2023-01-17,2023-01-21,4,historical_nan_block_numbering_divergence
21055007_10_49,lags_only,20,2023-01-17,2023-01-22,5,historical_nan_block_numbering_divergence
21055007_10_49,lags_only,20,2023-01-17,2023-01-23,6,historical_nan_block_numbering_divergence
21055007_10_49,lags_only,20,2023-01-17,2023-01-24,7,historical_nan_block_numbering_divergence
21055007_10_49,lags_only,20,2023-01-18,2023-01-19,1,historical_nan_block_numbering_divergence
21055007_10_49,lags_only,20,2023-01-18,2023-01-20,2,historical_nan_block_numbering_divergence
21055007_10_49,lags_only,20,2023-01-18,2023-01-21,3,historical_nan_block_numbering_divergence
21055007_10_49,lags_only,20,2023-01-18,2023-01-22,4,historical_nan_block_numbering_divergence
21055007_10_49,lags_only,20,2023-01-18,2023-01-23,5,historical_nan_block_numbering_divergence
21055007_10_49,lags_only,20,2023-01-18,2023-01-24,6,historical_nan_block_numbering_divergence
21055007_10_49,lags_only,20,2023-01-18,2023-01-25,7,historical_nan_block_numbering_divergence
21055007_10_49,lags_only,20,2023-01-19,2023-01-20,1,historical_nan_block_numbering_divergence
21055007_10_49,lags_only,20,2023-01-19,2023-01-21,2,historical_nan_block_numbering_divergence
21055007_10_49,lags_only,20,2023-01-19,2023-01-22,3,historical_nan_block_numbering_divergence
21055007_10_49,lags_only,20,2023-01-19,2023-01-23,4,historical_nan_block_numbering_divergence
21055007_10_49,lags_only,20,2023-01-19,2023-01-24,5,historical_nan_block_numbering_divergence
21055007_10_49,lags_only,20,2023-01-19,2023-01-25,6,historical_nan_block_numbering_divergence
21055007_10_49,lags_only,20,2023-01-19,2023-01-26,7,historical_nan_block_numbering_divergence
21055007_10_49,lags_only,20,2023-01-20,2023-01-21,1,historical_nan_block_numbering_divergence
21055007_10_49,lags_only,20,2023-01-20,2023-01-22,2,historical_nan_block_numbering_divergence
21055007_10_49,lags_only,20,2023-01-20,2023-01-23,3,historical_nan_block_numbering_divergence
21055007_10_49,lags_only,20,2023-01-20,2023-01-24,4,historical_nan_block_numbering_divergence
21055007_10_49,lags_only,20,2023-01-20,2023-01-25,5,historical_nan_block_numbering_divergence
21055007_10_49,lags_only,20,2023-01-20,2023-01-26,6,historical_nan_block_numbering_divergence
21055007_10_49,lags_only,20,2023-01-20,2023-01-27,7,historical_nan_block_numbering_divergence
21055007_10_49,lags_only,20,2023-01-21,2023-01-22,1,historical_nan_block_numbering_divergence
21055007_10_49,lags_only,20,2023-01-21,2023-01-23,2,historical_nan_block_numbering_divergence
21055007_10_49,lags_only,20,2023-01-21,2023-01-24,3,historical_nan_block_numbering_divergence
21055007_10_49,lags_only,20,2023-01-21,2023-01-25,4,historical_nan_block_numbering_divergence
21055007_10_49,lags_only,20,2023-01-21,2023-01-26,5,historical_nan_block_numbering_divergence
21055007_10_49,lags_only,20,2023-01-21,2023-01-27,6,historical_nan_block_numbering_divergence
21055007_10_49,lags_only,20,2023-01-21,2023-01-28,7,historical_nan_block_numbering_divergence
21055007_10_49,lags_only,20,2023-01-22,2023-01-23,1,historical_nan_block_numbering_divergence
21055007_10_49,lags_only,20,2023-01-22,2023-01-24,2,historical_nan_block_numbering_divergence
21055007_10_49,lags_only,20,2023-01-22,2023-01-25,3,historical_nan_block_numbering_divergence
21055007_10_49,lags_only,20,2023-01-22,2023-01-26,4,historical_nan_block_numbering_divergence
21055007_10_49,lags_only,20,2023-01-22,2023-01-27,5,historical_nan_block_numbering_divergence
21055007_10_49,lags_only,20,2023-01-22,2023-01-28,6,historical_nan_block_numbering_divergence
21055007_10_49,lags_only,20,2023-01-22,2023-01-29,7,historical_nan_block_numbering_divergence
21055007_10_49,lags_only,20,2023-01-23,2023-01-24,1,historical_nan_block_numbering_divergence
21055007_10_49,lags_only,20,2023-01-23,2023-01-25,2,historical_nan_block_numbering_divergence
21055007_10_49,lags_only,20,2023-01-23,2023-01-26,3,historical_nan_block_numbering_divergence
21055007_10_49,lags_only,20,2023-01-23,2023-01-27,4,historical_nan_block_numbering_divergence
21055007_10_49,lags_only,20,2023-01-23,2023-01-28,5,historical_nan_block_numbering_divergence
21055007_10_49,lags_only,20,2023-01-23,2023-01-29,6,historical_nan_block_numbering_divergence
21055007_10_49,lags_only,20,2023-01-23,2023-01-30,7,historical_nan_block_numbering_divergence
21055007_10_49,lags_only,20,2023-01-24,2023-01-25,1,historical_nan_block_numbering_divergence
21055007_10_49,lags_only,20,2023-01-24,2023-01-26,2,historical_nan_block_numbering_divergence
21055007_10_49,lags_only,20,2023-01-24,2023-01-27,3,historical_nan_block_numbering_divergence
21055007_10_49,lags_only,20,2023-01-24,2023-01-28,4,historical_nan_block_numbering_divergence
21055007_10_49,lags_only,20,2023-01-24,2023-01-29,5,historical_nan_block_numbering_divergence
21055007_10_49,lags_only,20,2023-01-24,2023-01-30,6,historical_nan_block_numbering_divergence
21055007_10_49,lags_only,20,2023-01-24,2023-01-31,7,historical_nan_block_numbering_divergence
21055007_10_49,lags_only,20,2023-01-25,2023-01-26,1,historical_nan_block_numbering_divergence
21055007_10_49,lags_only,20,2023-01-25,2023-01-27,2,historical_nan_block_numbering_divergence
21055007_10_49,lags_only,20,2023-01-25,2023-01-28,3,historical_nan_block_numbering_divergence
21055007_10_49,lags_only,20,2023-01-25,2023-01-29,4,historical_nan_block_numbering_divergence
21055007_10_49,lags_only,20,2023-01-25,2023-01-30,5,historical_nan_block_numbering_divergence
21055007_10_49,lags_only,20,2023-01-25,2023-01-31,6,historical_nan_block_numbering_divergence
21055007_10_49,lags_only,20,2023-01-25,2023-02-01,7,historical_nan_block_numbering_divergence
21055007_10_49,lags_only,20,2023-01-26,2023-01-27,1,historical_nan_block_numbering_divergence
21055007_10_49,lags_only,20,2023-01-26,2023-01-28,2,historical_nan_block_numbering_divergence
21055007_10_49,lags_only,20,2023-01-26,2023-01-29,3,historical_nan_block_numbering_divergence
21055007_10_49,lags_only,20,2023-01-26,2023-01-30,4,historical_nan_block_numbering_divergence
21055007_10_49,lags_only,20,2023-01-26,2023-01-31,5,historical_nan_block_numbering_divergence
21055007_10_49,lags_only,20,2023-01-26,2023-02-01,6,historical_nan_block_numbering_divergence
21055007_10_49,lags_only,20,2023-01-26,2023-02-02,7,historical_nan_block_numbering_divergence
21055007_10_49,lags_only,20,2023-01-27,2023-01-28,1,historical_nan_block_numbering_divergence
21055007_10_49,lags_only,20,2023-01-27,2023-01-29,2,historical_nan_block_numbering_divergence
21055007_10_49,lags_only,20,2023-01-27,2023-01-30,3,historical_nan_block_numbering_divergence
21055007_10_49,lags_only,20,2023-01-27,2023-01-31,4,historical_nan_block_numbering_divergence
21055007_10_49,lags_only,20,2023-01-27,2023-02-01,5,historical_nan_block_numbering_divergence
21055007_10_49,lags_only,20,2023-01-27,2023-02-02,6,historical_nan_block_numbering_divergence
21055007_10_49,lags_only,20,2023-01-27,2023-02-03,7,historical_nan_block_numbering_divergence
21055007_10_49,lags_only,20,2023-01-28,2023-01-29,1,historical_nan_block_numbering_divergence
21055007_10_49,lags_only,20,2023-01-28,2023-01-30,2,historical_nan_block_numbering_divergence
21055007_10_49,lags_only,20,2023-01-28,2023-01-31,3,historical_nan_block_numbering_divergence
21055007_10_49,lags_only,20,2023-01-28,2023-02-01,4,historical_nan_block_numbering_divergence
21055007_10_49,lags_only,20,2023-01-28,2023-02-02,5,historical_nan_block_numbering_divergence
21055007_10_49,lags_only,20,2023-01-28,2023-02-03,6,historical_nan_block_numbering_divergence
21055007_10_49,lags_only,20,2023-01-28,2023-02-04,7,historical_nan_block_numbering_divergence
21055007_10_49,lags_only,20,2023-01-29,2023-01-30,1,historical_nan_block_numbering_divergence
21055007_10_49,lags_only,20,2023-01-29,2023-01-31,2,historical_nan_block_numbering_divergence
21055007_10_49,lags_only,20,2023-01-29,2023-02-01,3,historical_nan_block_numbering_divergence
21055007_10_49,lags_only,20,2023-01-29,2023-02-02,4,historical_nan_block_numbering_divergence
21055007_10_49,lags_only,20,2023-01-29,2023-02-03,5,historical_nan_block_numbering_divergence
21055007_10_49,lags_only,20,2023-01-29,2023-02-04,6,historical_nan_block_numbering_divergence
21055007_10_49,lags_only,20,2023-01-29,2023-02-05,7,historical_nan_block_numbering_divergence
21055007_10_49,lags_only,20,2023-01-30,2023-01-31,1,historical_nan_block_numbering_divergence
21055007_10_49,lags_only,20,2023-01-30,2023-02-01,2,historical_nan_block_numbering_divergence
21055007_10_49,lags_only,20,2023-01-30,2023-02-02,3,historical_nan_block_numbering_divergence
21055007_10_49,lags_only,20,2023-01-30,2023-02-03,4,historical_nan_block_numbering_divergence
21055007_10_49,lags_only,20,2023-01-30,2023-02-04,5,historical_nan_block_numbering_divergence
21055007_10_49,lags_only,20,2023-01-30,2023-02-05,6,historical_nan_block_numbering_divergence
21055007_10_49,lags_only,20,2023-01-30,2023-02-06,7,historical_nan_block_numbering_divergence
21055007_10_49,lags_only,20,2023-01-31,2023-02-01,1,historical_nan_block_numbering_divergence
21055007_10_49,lags_only,20,2023-01-31,2023-02-02,2,historical_nan_block_numbering_divergence
21055007_10_49,lags_only,20,2023-01-31,2023-02-03,3,historical_nan_block_numbering_divergence
21055007_10_49,lags_only,20,2023-01-31,2023-02-04,4,historical_nan_block_numbering_divergence
21055007_10_49,lags_only,20,2023-01-31,2023-02-05,5,historical_nan_block_numbering_divergence
21055007_10_49,lags_only,20,2023-01-31,2023-02-06,6,historical_nan_block_numbering_divergence
21055007_10_49,lags_only,20,2023-01-31,2023-02-07,7,historical_nan_block_numbering_divergence
21055007_10_49,lags_only,20,2023-02-01,2023-02-02,1,historical_nan_block_numbering_divergence
21055007_10_49,lags_only,20,2023-02-01,2023-02-03,2,historical_nan_block_numbering_divergence
21055007_10_49,lags_only,20,2023-02-01,2023-02-04,3,historical_nan_block_numbering_divergence
21055007_10_49,lags_only,20,2023-02-01,2023-02-05,4,historical_nan_block_numbering_divergence
21055007_10_49,lags_only,20,2023-02-01,2023-02-06,5,historical_nan_block_numbering_divergence
21055007_10_49,lags_only,20,2023-02-01,2023-02-07,6,historical_nan_block_numbering_divergence
21055007_10_49,lags_only,20,2023-02-01,2023-02-08,7,historical_nan_block_numbering_divergence
21055007_10_49,lags_only,21,2023-02-02,2023-02-03,1,historical_nan_block_numbering_divergence
21055007_10_49,lags_only,21,2023-02-02,2023-02-04,2,historical_nan_block_numbering_divergence
21055007_10_49,lags_only,21,2023-02-02,2023-02-05,3,historical_nan_block_numbering_divergence
21055007_10_49,lags_only,21,2023-02-02,2023-02-06,4,historical_nan_block_numbering_divergence
21055007_10_49,lags_only,21,2023-02-02,2023-02-07,5,historical_nan_block_numbering_divergence
21055007_10_49,lags_only,21,2023-02-02,2023-02-08,6,historical_nan_block_numbering_divergence
21055007_10_49,lags_only,21,2023-02-02,2023-02-09,7,historical_nan_block_numbering_divergence
21055007_10_49,lags_only,21,2023-02-03,2023-02-04,1,historical_nan_block_numbering_divergence
21055007_10_49,lags_only,21,2023-02-03,2023-02-05,2,historical_nan_block_numbering_divergence
21055007_10_49,lags_only,21,2023-02-03,2023-02-06,3,historical_nan_block_numbering_divergence
21055007_10_49,lags_only,21,2023-02-03,2023-02-07,4,historical_nan_block_numbering_divergence
21055007_10_49,lags_only,21,2023-02-03,2023-02-08,5,historical_nan_block_numbering_divergence
21055007_10_49,lags_only,21,2023-02-03,2023-02-09,6,historical_nan_block_numbering_divergence
21055007_10_49,lags_only,21,2023-02-03,2023-02-10,7,historical_nan_block_numbering_divergence
21055007_10_49,lags_only,21,2023-02-04,2023-02-05,1,historical_nan_block_numbering_divergence
21055007_10_49,lags_only,21,2023-02-04,2023-02-06,2,historical_nan_block_numbering_divergence
21055007_10_49,lags_only,21,2023-02-04,2023-02-07,3,historical_nan_block_numbering_divergence
21055007_10_49,lags_only,21,2023-02-04,2023-02-08,4,historical_nan_block_numbering_divergence
21055007_10_49,lags_only,21,2023-02-04,2023-02-09,5,historical_nan_block_numbering_divergence
21055007_10_49,lags_only,21,2023-02-04,2023-02-10,6,historical_nan_block_numbering_divergence
21055007_10_49,lags_only,21,2023-02-04,2023-02-11,7,historical_nan_block_numbering_divergence
21055007_10_49,lags_only,21,2023-02-05,2023-02-06,1,historical_nan_block_numbering_divergence
21055007_10_49,lags_only,21,2023-02-05,2023-02-07,2,historical_nan_block_numbering_divergence
21055007_10_49,lags_only,21,2023-02-05,2023-02-08,3,historical_nan_block_numbering_divergence
21055007_10_49,lags_only,21,2023-02-05,2023-02-09,4,historical_nan_block_numbering_divergence
21055007_10_49,lags_only,21,2023-02-05,2023-02-10,5,historical_nan_block_numbering_divergence
21055007_10_49,lags_only,21,2023-02-05,2023-02-11,6,historical_nan_block_numbering_divergence
21055007_10_49,lags_only,21,2023-02-05,2023-02-12,7,historical_nan_block_numbering_divergence
21055007_10_49,lags_only,21,2023-02-06,2023-02-07,1,historical_nan_block_numbering_divergence
21055007_10_49,lags_only,21,2023-02-06,2023-02-08,2,historical_nan_block_numbering_divergence
21055007_10_49,lags_only,21,2023-02-06,2023-02-09,3,historical_nan_block_numbering_divergence
21055007_10_49,lags_only,21,2023-02-06,2023-02-10,4,historical_nan_block_numbering_divergence
21055007_10_49,lags_only,21,2023-02-06,2023-02-11,5,historical_nan_block_numbering_divergence
21055007_10_49,lags_only,21,2023-02-06,2023-02-12,6,historical_nan_block_numbering_divergence
21055007_10_49,lags_only,21,2023-02-06,2023-02-13,7,historical_nan_block_numbering_divergence
21055007_10_49,lags_only,21,2023-02-07,2023-02-08,1,historical_nan_block_numbering_divergence
21055007_10_49,lags_only,21,2023-02-07,2023-02-09,2,historical_nan_block_numbering_divergence
21055007_10_49,lags_only,21,2023-02-07,2023-02-10,3,historical_nan_block_numbering_divergence
21055007_10_49,lags_only,21,2023-02-07,2023-02-11,4,historical_nan_block_numbering_divergence
21055007_10_49,lags_only,21,2023-02-07,2023-02-12,5,historical_nan_block_numbering_divergence
21055007_10_49,lags_only,21,2023-02-07,2023-02-13,6,historical_nan_block_numbering_divergence
21055007_10_49,lags_only,21,2023-02-07,2023-02-14,7,historical_nan_block_numbering_divergence
21055007_10_49,lags_only,21,2023-02-08,2023-02-09,1,historical_nan_block_numbering_divergence
21055007_10_49,lags_only,21,2023-02-08,2023-02-10,2,historical_nan_block_numbering_divergence
21055007_10_49,lags_only,21,2023-02-08,2023-02-11,3,historical_nan_block_numbering_divergence
21055007_10_49,lags_only,21,2023-02-08,2023-02-12,4,historical_nan_block_numbering_divergence
21055007_10_49,lags_only,21,2023-02-08,2023-02-13,5,historical_nan_block_numbering_divergence
21055007_10_49,lags_only,21,2023-02-08,2023-02-14,6,historical_nan_block_numbering_divergence
21055007_10_49,lags_only,21,2023-02-08,2023-02-15,7,historical_nan_block_numbering_divergence
21055007_10_49,lags_only,21,2023-02-09,2023-02-10,1,historical_nan_block_numbering_divergence
21055007_10_49,lags_only,21,2023-02-09,2023-02-11,2,historical_nan_block_numbering_divergence
21055007_10_49,lags_only,21,2023-02-09,2023-02-12,3,historical_nan_block_numbering_divergence
21055007_10_49,lags_only,21,2023-02-09,2023-02-13,4,historical_nan_block_numbering_divergence
21055007_10_49,lags_only,21,2023-02-09,2023-02-14,5,historical_nan_block_numbering_divergence
21055007_10_49,lags_only,21,2023-02-09,2023-02-15,6,historical_nan_block_numbering_divergence
21055007_10_49,lags_only,21,2023-02-09,2023-02-16,7,historical_nan_block_numbering_divergence
21055007_10_49,lags_only,21,2023-02-10,2023-02-11,1,historical_nan_block_numbering_divergence
21055007_10_49,lags_only,21,2023-02-10,2023-02-12,2,historical_nan_block_numbering_divergence
21055007_10_49,lags_only,21,2023-02-10,2023-02-13,3,historical_nan_block_numbering_divergence
21055007_10_49,lags_only,21,2023-02-10,2023-02-14,4,historical_nan_block_numbering_divergence
21055007_10_49,lags_only,21,2023-02-10,2023-02-15,5,historical_nan_block_numbering_divergence
21055007_10_49,lags_only,21,2023-02-10,2023-02-16,6,historical_nan_block_numbering_divergence
21055007_10_49,lags_only,21,2023-02-10,2023-02-17,7,historical_nan_block_numbering_divergence
21055007_10_49,lags_only,21,2023-02-11,2023-02-12,1,historical_nan_block_numbering_divergence
21055007_10_49,lags_only,21,2023-02-11,2023-02-13,2,historical_nan_block_numbering_divergence
21055007_10_49,lags_only,21,2023-02-11,2023-02-14,3,historical_nan_block_numbering_divergence
21055007_10_49,lags_only,21,2023-02-11,2023-02-15,4,historical_nan_block_numbering_divergence
21055007_10_49,lags_only,21,2023-02-11,2023-02-16,5,historical_nan_block_numbering_divergence
21055007_10_49,lags_only,21,2023-02-11,2023-02-17,6,historical_nan_block_numbering_divergence
21055007_10_49,lags_only,21,2023-02-11,2023-02-18,7,historical_nan_block_numbering_divergence
21055007_10_49,lags_only,21,2023-02-12,2023-02-13,1,historical_nan_block_numbering_divergence
21055007_10_49,lags_only,21,2023-02-12,2023-02-14,2,historical_nan_block_numbering_divergence
21055007_10_49,lags_only,21,2023-02-12,2023-02-15,3,historical_nan_block_numbering_divergence
21055007_10_49,lags_only,21,2023-02-12,2023-02-16,4,historical_nan_block_numbering_divergence
21055007_10_49,lags_only,21,2023-02-12,2023-02-17,5,historical_nan_block_numbering_divergence
21055007_10_49,lags_only,21,2023-02-12,2023-02-18,6,historical_nan_block_numbering_divergence
21055007_10_49,lags_only,21,2023-02-12,2023-02-19,7,historical_nan_block_numbering_divergence
21055007_10_49,lags_only,21,2023-02-13,2023-02-14,1,historical_nan_block_numbering_divergence
21055007_10_49,lags_only,21,2023-02-13,2023-02-15,2,historical_nan_block_numbering_divergence
21055007_10_49,lags_only,21,2023-02-13,2023-02-16,3,historical_nan_block_numbering_divergence
21055007_10_49,lags_only,21,2023-02-13,2023-02-17,4,historical_nan_block_numbering_divergence
21055007_10_49,lags_only,21,2023-02-13,2023-02-18,5,historical_nan_block_numbering_divergence
21055007_10_49,lags_only,21,2023-02-13,2023-02-19,6,historical_nan_block_numbering_divergence
21055007_10_49,lags_only,21,2023-02-13,2023-02-20,7,historical_nan_block_numbering_divergence
21055007_10_49,lags_only,21,2023-02-14,2023-02-15,1,historical_nan_block_numbering_divergence
21055007_10_49,lags_only,21,2023-02-14,2023-02-16,2,historical_nan_block_numbering_divergence
21055007_10_49,lags_only,21,2023-02-14,2023-02-17,3,historical_nan_block_numbering_divergence
21055007_10_49,lags_only,21,2023-02-14,2023-02-18,4,historical_nan_block_numbering_divergence
21055007_10_49,lags_only,21,2023-02-14,2023-02-19,5,historical_nan_block_numbering_divergence
21055007_10_49,lags_only,21,2023-02-14,2023-02-20,6,historical_nan_block_numbering_divergence
21055007_10_49,lags_only,21,2023-02-14,2023-02-21,7,historical_nan_block_numbering_divergence
21055007_10_49,lags_only,21,2023-02-15,2023-02-16,1,historical_nan_block_numbering_divergence
21055007_10_49,lags_only,21,2023-02-15,2023-02-17,2,historical_nan_block_numbering_divergence
21055007_10_49,lags_only,21,2023-02-15,2023-02-18,3,historical_nan_block_numbering_divergence
21055007_10_49,lags_only,21,2023-02-15,2023-02-19,4,historical_nan_block_numbering_divergence
21055007_10_49,lags_only,21,2023-02-15,2023-02-20,5,historical_nan_block_numbering_divergence
21055007_10_49,lags_only,21,2023-02-15,2023-02-21,6,historical_nan_block_numbering_divergence
21055007_10_49,lags_only,21,2023-02-15,2023-02-22,7,historical_nan_block_numbering_divergence
21055007_10_49,lags_only,21,2023-02-16,2023-02-17,1,historical_nan_block_numbering_divergence
21055007_10_49,lags_only,21,2023-02-16,2023-02-18,2,historical_nan_block_numbering_divergence
21055007_10_49,lags_only,21,2023-02-16,2023-02-19,3,historical_nan_block_numbering_divergence
21055007_10_49,lags_only,21,2023-02-16,2023-02-20,4,historical_nan_block_numbering_divergence
21055007_10_49,lags_only,21,2023-02-16,2023-02-21,5,historical_nan_block_numbering_divergence
21055007_10_49,lags_only,21,2023-02-16,2023-02-22,6,historical_nan_block_numbering_divergence
21055007_10_49,lags_only,21,2023-02-16,2023-02-23,7,historical_nan_block_numbering_divergence
21055007_10_49,lags_only,21,2023-02-17,2023-02-18,1,historical_nan_block_numbering_divergence
21055007_10_49,lags_only,21,2023-02-17,2023-02-19,2,historical_nan_block_numbering_divergence
21055007_10_49,lags_only,21,2023-02-17,2023-02-20,3,historical_nan_block_numbering_divergence
21055007_10_49,lags_only,21,2023-02-17,2023-02-21,4,historical_nan_block_numbering_divergence
21055007_10_49,lags_only,21,2023-02-17,2023-02-22,5,historical_nan_block_numbering_divergence
21055007_10_49,lags_only,21,2023-02-17,2023-02-23,6,historical_nan_block_numbering_divergence
21055007_10_49,lags_only,21,2023-02-17,2023-02-24,7,historical_nan_block_numbering_divergence
21055007_10_49,lags_only,21,2023-02-18,2023-02-19,1,historical_nan_block_numbering_divergence
21055007_10_49,lags_only,21,2023-02-18,2023-02-20,2,historical_nan_block_numbering_divergence
21055007_10_49,lags_only,21,2023-02-18,2023-02-21,3,historical_nan_block_numbering_divergence
21055007_10_49,lags_only,21,2023-02-18,2023-02-22,4,historical_nan_block_numbering_divergence
21055007_10_49,lags_only,21,2023-02-18,2023-02-23,5,historical_nan_block_numbering_divergence
21055007_10_49,lags_only,21,2023-02-18,2023-02-24,6,historical_nan_block_numbering_divergence
21055007_10_49,lags_only,21,2023-02-18,2023-02-25,7,historical_nan_block_numbering_divergence
21055007_10_49,lags_only,21,2023-02-19,2023-02-20,1,historical_nan_block_numbering_divergence
21055007_10_49,lags_only,21,2023-02-19,2023-02-21,2,historical_nan_block_numbering_divergence
21055007_10_49,lags_only,21,2023-02-19,2023-02-22,3,historical_nan_block_numbering_divergence
21055007_10_49,lags_only,21,2023-02-19,2023-02-23,4,historical_nan_block_numbering_divergence
21055007_10_49,lags_only,21,2023-02-19,2023-02-24,5,historical_nan_block_numbering_divergence
21055007_10_49,lags_only,21,2023-02-19,2023-02-25,6,historical_nan_block_numbering_divergence
21055007_10_49,lags_only,21,2023-02-19,2023-02-26,7,historical_nan_block_numbering_divergence
21055007_10_49,lags_only,21,2023-02-20,2023-02-21,1,historical_nan_block_numbering_divergence
21055007_10_49,lags_only,21,2023-02-20,2023-02-22,2,historical_nan_block_numbering_divergence
21055007_10_49,lags_only,21,2023-02-20,2023-02-23,3,historical_nan_block_numbering_divergence
21055007_10_49,lags_only,21,2023-02-20,2023-02-24,4,historical_nan_block_numbering_divergence
21055007_10_49,lags_only,21,2023-02-20,2023-02-25,5,historical_nan_block_numbering_divergence
21055007_10_49,lags_only,21,2023-02-20,2023-02-26,6,historical_nan_block_numbering_divergence
21055007_10_49,lags_only,21,2023-02-20,2023-02-27,7,historical_nan_block_numbering_divergence
21055007_10_49,lags_only,21,2023-02-21,2023-02-22,1,historical_nan_block_numbering_divergence
21055007_10_49,lags_only,21,2023-02-21,2023-02-23,2,historical_nan_block_numbering_divergence
21055007_10_49,lags_only,21,2023-02-21,2023-02-24,3,historical_nan_block_numbering_divergence
21055007_10_49,lags_only,21,2023-02-21,2023-02-25,4,historical_nan_block_numbering_divergence
21055007_10_49,lags_only,21,2023-02-21,2023-02-26,5,historical_nan_block_numbering_divergence
21055007_10_49,lags_only,21,2023-02-21,2023-02-27,6,historical_nan_block_numbering_divergence
21055007_10_49,lags_only,21,2023-02-21,2023-02-28,7,historical_nan_block_numbering_divergence
21055007_10_49,lags_only,21,2023-02-22,2023-02-23,1,historical_nan_block_numbering_divergence
21055007_10_49,lags_only,21,2023-02-22,2023-02-24,2,historical_nan_block_numbering_divergence
21055007_10_49,lags_only,21,2023-02-22,2023-02-25,3,historical_nan_block_numbering_divergence
21055007_10_49,lags_only,21,2023-02-22,2023-02-26,4,historical_nan_block_numbering_divergence
21055007_10_49,lags_only,21,2023-02-22,2023-02-27,5,historical_nan_block_numbering_divergence
21055007_10_49,lags_only,21,2023-02-22,2023-02-28,6,historical_nan_block_numbering_divergence
21055007_10_49,lags_only,21,2023-02-22,2023-03-01,7,historical_nan_block_numbering_divergence
21055007_10_49,lags_only,21,2023-02-23,2023-02-24,1,historical_nan_block_numbering_divergence
21055007_10_49,lags_only,21,2023-02-23,2023-02-25,2,historical_nan_block_numbering_divergence
21055007_10_49,lags_only,21,2023-02-23,2023-02-26,3,historical_nan_block_numbering_divergence
21055007_10_49,lags_only,21,2023-02-23,2023-02-27,4,historical_nan_block_numbering_divergence
21055007_10_49,lags_only,21,2023-02-23,2023-02-28,5,historical_nan_block_numbering_divergence
21055007_10_49,lags_only,21,2023-02-23,2023-03-01,6,historical_nan_block_numbering_divergence
21055007_10_49,lags_only,21,2023-02-23,2023-03-02,7,historical_nan_block_numbering_divergence
21055007_10_49,lags_only,21,2023-02-24,2023-02-25,1,historical_nan_block_numbering_divergence
21055007_10_49,lags_only,21,2023-02-24,2023-02-26,2,historical_nan_block_numbering_divergence
21055007_10_49,lags_only,21,2023-02-24,2023-02-27,3,historical_nan_block_numbering_divergence
21055007_10_49,lags_only,21,2023-02-24,2023-02-28,4,historical_nan_block_numbering_divergence
21055007_10_49,lags_only,21,2023-02-24,2023-03-01,5,historical_nan_block_numbering_divergence
21055007_10_49,lags_only,21,2023-02-24,2023-03-02,6,historical_nan_block_numbering_divergence
21055007_10_49,lags_only,21,2023-02-24,2023-03-03,7,historical_nan_block_numbering_divergence
21055007_10_49,lags_only,21,2023-02-25,2023-02-26,1,historical_nan_block_numbering_divergence
21055007_10_49,lags_only,21,2023-02-25,2023-02-27,2,historical_nan_block_numbering_divergence
21055007_10_49,lags_only,21,2023-02-25,2023-02-28,3,historical_nan_block_numbering_divergence
21055007_10_49,lags_only,21,2023-02-25,2023-03-01,4,historical_nan_block_numbering_divergence
21055007_10_49,lags_only,21,2023-02-25,2023-03-02,5,historical_nan_block_numbering_divergence
21055007_10_49,lags_only,21,2023-02-25,2023-03-03,6,historical_nan_block_numbering_divergence
21055007_10_49,lags_only,21,2023-02-25,2023-03-04,7,historical_nan_block_numbering_divergence
21055007_10_49,lags_only,21,2023-02-26,2023-02-27,1,historical_nan_block_numbering_divergence
21055007_10_49,lags_only,21,2023-02-26,2023-02-28,2,historical_nan_block_numbering_divergence
21055007_10_49,lags_only,21,2023-02-26,2023-03-01,3,historical_nan_block_numbering_divergence
21055007_10_49,lags_only,21,2023-02-26,2023-03-02,4,historical_nan_block_numbering_divergence
21055007_10_49,lags_only,21,2023-02-26,2023-03-03,5,historical_nan_block_numbering_divergence
21055007_10_49,lags_only,21,2023-02-26,2023-03-04,6,historical_nan_block_numbering_divergence
21055007_10_49,lags_only,21,2023-02-26,2023-03-05,7,historical_nan_block_numbering_divergence
21055007_10_49,lags_only,21,2023-02-27,2023-02-28,1,historical_nan_block_numbering_divergence
21055007_10_49,lags_only,21,2023-02-27,2023-03-01,2,historical_nan_block_numbering_divergence
21055007_10_49,lags_only,21,2023-02-27,2023-03-02,3,historical_nan_block_numbering_divergence
21055007_10_49,lags_only,21,2023-02-27,2023-03-03,4,historical_nan_block_numbering_divergence
21055007_10_49,lags_only,21,2023-02-27,2023-03-04,5,historical_nan_block_numbering_divergence
21055007_10_49,lags_only,21,2023-02-27,2023-03-05,6,historical_nan_block_numbering_divergence
21055007_10_49,lags_only,21,2023-02-27,2023-03-06,7,historical_nan_block_numbering_divergence
21055007_10_49,lags_only,21,2023-02-28,2023-03-01,1,historical_nan_block_numbering_divergence
21055007_10_49,lags_only,21,2023-02-28,2023-03-02,2,historical_nan_block_numbering_divergence
21055007_10_49,lags_only,21,2023-02-28,2023-03-03,3,historical_nan_block_numbering_divergence
21055007_10_49,lags_only,21,2023-02-28,2023-03-04,4,historical_nan_block_numbering_divergence
21055007_10_49,lags_only,21,2023-02-28,2023-03-05,5,historical_nan_block_numbering_divergence
21055007_10_49,lags_only,21,2023-02-28,2023-03-06,6,historical_nan_block_numbering_divergence
21055007_10_49,lags_only,21,2023-02-28,2023-03-07,7,historical_nan_block_numbering_divergence
21055007_10_49,lags_only,21,2023-03-01,2023-03-02,1,historical_nan_block_numbering_divergence
21055007_10_49,lags_only,21,2023-03-01,2023-03-03,2,historical_nan_block_numbering_divergence
21055007_10_49,lags_only,21,2023-03-01,2023-03-04,3,historical_nan_block_numbering_divergence
21055007_10_49,lags_only,21,2023-03-01,2023-03-05,4,historical_nan_block_numbering_divergence
21055007_10_49,lags_only,21,2023-03-01,2023-03-06,5,historical_nan_block_numbering_divergence
21055007_10_49,lags_only,21,2023-03-01,2023-03-07,6,historical_nan_block_numbering_divergence
21055007_10_49,lags_only,21,2023-03-01,2023-03-08,7,historical_nan_block_numbering_divergence
21055007_10_49,lags_only,22,2023-03-02,2023-03-03,1,historical_nan_block_numbering_divergence
21055007_10_49,lags_only,22,2023-03-02,2023-03-04,2,historical_nan_block_numbering_divergence
21055007_10_49,lags_only,22,2023-03-02,2023-03-05,3,historical_nan_block_numbering_divergence
21055007_10_49,lags_only,22,2023-03-02,2023-03-06,4,historical_nan_block_numbering_divergence
21055007_10_49,lags_only,22,2023-03-02,2023-03-07,5,historical_nan_block_numbering_divergence
21055007_10_49,lags_only,22,2023-03-02,2023-03-08,6,historical_nan_block_numbering_divergence
21055007_10_49,lags_only,22,2023-03-02,2023-03-09,7,historical_nan_block_numbering_divergence
21055007_10_49,lags_only,22,2023-03-03,2023-03-04,1,historical_nan_block_numbering_divergence
21055007_10_49,lags_only,22,2023-03-03,2023-03-05,2,historical_nan_block_numbering_divergence
21055007_10_49,lags_only,22,2023-03-03,2023-03-06,3,historical_nan_block_numbering_divergence
21055007_10_49,lags_only,22,2023-03-03,2023-03-07,4,historical_nan_block_numbering_divergence
21055007_10_49,lags_only,22,2023-03-03,2023-03-08,5,historical_nan_block_numbering_divergence
21055007_10_49,lags_only,22,2023-03-03,2023-03-09,6,historical_nan_block_numbering_divergence
21055007_10_49,lags_only,22,2023-03-03,2023-03-10,7,historical_nan_block_numbering_divergence
21055007_10_49,lags_only,22,2023-03-04,2023-03-05,1,historical_nan_block_numbering_divergence
21055007_10_49,lags_only,22,2023-03-04,2023-03-06,2,historical_nan_block_numbering_divergence
21055007_10_49,lags_only,22,2023-03-04,2023-03-07,3,historical_nan_block_numbering_divergence
21055007_10_49,lags_only,22,2023-03-04,2023-03-08,4,historical_nan_block_numbering_divergence
21055007_10_49,lags_only,22,2023-03-04,2023-03-09,5,historical_nan_block_numbering_divergence
21055007_10_49,lags_only,22,2023-03-04,2023-03-10,6,historical_nan_block_numbering_divergence
21055007_10_49,lags_only,22,2023-03-04,2023-03-11,7,historical_nan_block_numbering_divergence
21055007_10_49,lags_only,22,2023-03-05,2023-03-06,1,historical_nan_block_numbering_divergence
21055007_10_49,lags_only,22,2023-03-05,2023-03-07,2,historical_nan_block_numbering_divergence
21055007_10_49,lags_only,22,2023-03-05,2023-03-08,3,historical_nan_block_numbering_divergence
21055007_10_49,lags_only,22,2023-03-05,2023-03-09,4,historical_nan_block_numbering_divergence
21055007_10_49,lags_only,22,2023-03-05,2023-03-10,5,historical_nan_block_numbering_divergence
21055007_10_49,lags_only,22,2023-03-05,2023-03-11,6,historical_nan_block_numbering_divergence
21055007_10_49,lags_only,22,2023-03-05,2023-03-12,7,historical_nan_block_numbering_divergence
21055007_10_49,lags_only,22,2023-03-06,2023-03-07,1,historical_nan_block_numbering_divergence
21055007_10_49,lags_only,22,2023-03-06,2023-03-08,2,historical_nan_block_numbering_divergence
21055007_10_49,lags_only,22,2023-03-06,2023-03-09,3,historical_nan_block_numbering_divergence
21055007_10_49,lags_only,22,2023-03-06,2023-03-10,4,historical_nan_block_numbering_divergence
21055007_10_49,lags_only,22,2023-03-06,2023-03-11,5,historical_nan_block_numbering_divergence
21055007_10_49,lags_only,22,2023-03-06,2023-03-12,6,historical_nan_block_numbering_divergence
21055007_10_49,lags_only,22,2023-03-06,2023-03-13,7,historical_nan_block_numbering_divergence
21055007_10_49,lags_only,22,2023-03-07,2023-03-08,1,historical_nan_block_numbering_divergence
21055007_10_49,lags_only,22,2023-03-07,2023-03-09,2,historical_nan_block_numbering_divergence
21055007_10_49,lags_only,22,2023-03-07,2023-03-10,3,historical_nan_block_numbering_divergence
21055007_10_49,lags_only,22,2023-03-07,2023-03-11,4,historical_nan_block_numbering_divergence
21055007_10_49,lags_only,22,2023-03-07,2023-03-12,5,historical_nan_block_numbering_divergence
21055007_10_49,lags_only,22,2023-03-07,2023-03-13,6,historical_nan_block_numbering_divergence
21055007_10_49,lags_only,22,2023-03-07,2023-03-14,7,historical_nan_block_numbering_divergence
21055007_10_49,lags_only,22,2023-03-08,2023-03-09,1,historical_nan_block_numbering_divergence
21055007_10_49,lags_only,22,2023-03-08,2023-03-10,2,historical_nan_block_numbering_divergence
21055007_10_49,lags_only,22,2023-03-08,2023-03-11,3,historical_nan_block_numbering_divergence
21055007_10_49,lags_only,22,2023-03-08,2023-03-12,4,historical_nan_block_numbering_divergence
21055007_10_49,lags_only,22,2023-03-08,2023-03-13,5,historical_nan_block_numbering_divergence
21055007_10_49,lags_only,22,2023-03-08,2023-03-14,6,historical_nan_block_numbering_divergence
21055007_10_49,lags_only,22,2023-03-08,2023-03-15,7,historical_nan_block_numbering_divergence
21055007_10_49,lags_only,22,2023-03-09,2023-03-10,1,historical_nan_block_numbering_divergence
21055007_10_49,lags_only,22,2023-03-09,2023-03-11,2,historical_nan_block_numbering_divergence
21055007_10_49,lags_only,22,2023-03-09,2023-03-12,3,historical_nan_block_numbering_divergence
21055007_10_49,lags_only,22,2023-03-09,2023-03-13,4,historical_nan_block_numbering_divergence
21055007_10_49,lags_only,22,2023-03-09,2023-03-14,5,historical_nan_block_numbering_divergence
21055007_10_49,lags_only,22,2023-03-09,2023-03-15,6,historical_nan_block_numbering_divergence
21055007_10_49,lags_only,22,2023-03-09,2023-03-16,7,historical_nan_block_numbering_divergence
21055007_10_49,lags_only,22,2023-03-10,2023-03-11,1,historical_nan_block_numbering_divergence
21055007_10_49,lags_only,22,2023-03-10,2023-03-12,2,historical_nan_block_numbering_divergence
21055007_10_49,lags_only,22,2023-03-10,2023-03-13,3,historical_nan_block_numbering_divergence
21055007_10_49,lags_only,22,2023-03-10,2023-03-14,4,historical_nan_block_numbering_divergence
21055007_10_49,lags_only,22,2023-03-10,2023-03-15,5,historical_nan_block_numbering_divergence
21055007_10_49,lags_only,22,2023-03-10,2023-03-16,6,historical_nan_block_numbering_divergence
21055007_10_49,lags_only,22,2023-03-10,2023-03-17,7,historical_nan_block_numbering_divergence
21055007_10_49,lags_only,22,2023-03-11,2023-03-12,1,historical_nan_block_numbering_divergence
21055007_10_49,lags_only,22,2023-03-11,2023-03-13,2,historical_nan_block_numbering_divergence
21055007_10_49,lags_only,22,2023-03-11,2023-03-14,3,historical_nan_block_numbering_divergence
21055007_10_49,lags_only,22,2023-03-11,2023-03-15,4,historical_nan_block_numbering_divergence
21055007_10_49,lags_only,22,2023-03-11,2023-03-16,5,historical_nan_block_numbering_divergence
21055007_10_49,lags_only,22,2023-03-11,2023-03-17,6,historical_nan_block_numbering_divergence
21055007_10_49,lags_only,22,2023-03-11,2023-03-18,7,historical_nan_block_numbering_divergence
21055007_10_49,lags_only,22,2023-03-12,2023-03-13,1,historical_nan_block_numbering_divergence
21055007_10_49,lags_only,22,2023-03-12,2023-03-14,2,historical_nan_block_numbering_divergence
21055007_10_49,lags_only,22,2023-03-12,2023-03-15,3,historical_nan_block_numbering_divergence
21055007_10_49,lags_only,22,2023-03-12,2023-03-16,4,historical_nan_block_numbering_divergence
21055007_10_49,lags_only,22,2023-03-12,2023-03-17,5,historical_nan_block_numbering_divergence
21055007_10_49,lags_only,22,2023-03-12,2023-03-18,6,historical_nan_block_numbering_divergence
21055007_10_49,lags_only,22,2023-03-12,2023-03-19,7,historical_nan_block_numbering_divergence
21055007_10_49,lags_only,22,2023-03-13,2023-03-14,1,historical_nan_block_numbering_divergence
21055007_10_49,lags_only,22,2023-03-13,2023-03-15,2,historical_nan_block_numbering_divergence
21055007_10_49,lags_only,22,2023-03-13,2023-03-16,3,historical_nan_block_numbering_divergence
21055007_10_49,lags_only,22,2023-03-13,2023-03-17,4,historical_nan_block_numbering_divergence
21055007_10_49,lags_only,22,2023-03-13,2023-03-18,5,historical_nan_block_numbering_divergence
21055007_10_49,lags_only,22,2023-03-13,2023-03-19,6,historical_nan_block_numbering_divergence
21055007_10_49,lags_only,22,2023-03-13,2023-03-20,7,historical_nan_block_numbering_divergence
21055007_10_49,lags_only,22,2023-03-14,2023-03-15,1,historical_nan_block_numbering_divergence
21055007_10_49,lags_only,22,2023-03-14,2023-03-16,2,historical_nan_block_numbering_divergence
21055007_10_49,lags_only,22,2023-03-14,2023-03-17,3,historical_nan_block_numbering_divergence
21055007_10_49,lags_only,22,2023-03-14,2023-03-18,4,historical_nan_block_numbering_divergence
21055007_10_49,lags_only,22,2023-03-14,2023-03-19,5,historical_nan_block_numbering_divergence
21055007_10_49,lags_only,22,2023-03-14,2023-03-20,6,historical_nan_block_numbering_divergence
21055007_10_49,lags_only,22,2023-03-14,2023-03-21,7,historical_nan_block_numbering_divergence
21055007_10_49,lags_only,22,2023-03-15,2023-03-16,1,historical_nan_block_numbering_divergence
21055007_10_49,lags_only,22,2023-03-15,2023-03-17,2,historical_nan_block_numbering_divergence
21055007_10_49,lags_only,22,2023-03-15,2023-03-18,3,historical_nan_block_numbering_divergence
21055007_10_49,lags_only,22,2023-03-15,2023-03-19,4,historical_nan_block_numbering_divergence
21055007_10_49,lags_only,22,2023-03-15,2023-03-20,5,historical_nan_block_numbering_divergence
21055007_10_49,lags_only,22,2023-03-15,2023-03-21,6,historical_nan_block_numbering_divergence
21055007_10_49,lags_only,22,2023-03-15,2023-03-22,7,historical_nan_block_numbering_divergence
21055007_10_49,lags_only,22,2023-03-16,2023-03-17,1,historical_nan_block_numbering_divergence
21055007_10_49,lags_only,22,2023-03-16,2023-03-18,2,historical_nan_block_numbering_divergence
21055007_10_49,lags_only,22,2023-03-16,2023-03-19,3,historical_nan_block_numbering_divergence
21055007_10_49,lags_only,22,2023-03-16,2023-03-20,4,historical_nan_block_numbering_divergence
21055007_10_49,lags_only,22,2023-03-16,2023-03-21,5,historical_nan_block_numbering_divergence
21055007_10_49,lags_only,22,2023-03-16,2023-03-22,6,historical_nan_block_numbering_divergence
21055007_10_49,lags_only,22,2023-03-16,2023-03-23,7,historical_nan_block_numbering_divergence
21055007_10_49,lags_only,22,2023-03-17,2023-03-18,1,historical_nan_block_numbering_divergence
21055007_10_49,lags_only,22,2023-03-17,2023-03-19,2,historical_nan_block_numbering_divergence
21055007_10_49,lags_only,22,2023-03-17,2023-03-20,3,historical_nan_block_numbering_divergence
21055007_10_49,lags_only,22,2023-03-17,2023-03-21,4,historical_nan_block_numbering_divergence
21055007_10_49,lags_only,22,2023-03-17,2023-03-22,5,historical_nan_block_numbering_divergence
21055007_10_49,lags_only,22,2023-03-17,2023-03-23,6,historical_nan_block_numbering_divergence
21055007_10_49,lags_only,22,2023-03-17,2023-03-24,7,historical_nan_block_numbering_divergence
21055007_10_49,lags_only,22,2023-03-18,2023-03-19,1,historical_nan_block_numbering_divergence
21055007_10_49,lags_only,22,2023-03-18,2023-03-20,2,historical_nan_block_numbering_divergence
21055007_10_49,lags_only,22,2023-03-18,2023-03-21,3,historical_nan_block_numbering_divergence
21055007_10_49,lags_only,22,2023-03-18,2023-03-22,4,historical_nan_block_numbering_divergence
21055007_10_49,lags_only,22,2023-03-18,2023-03-23,5,historical_nan_block_numbering_divergence
21055007_10_49,lags_only,22,2023-03-18,2023-03-24,6,historical_nan_block_numbering_divergence
21055007_10_49,lags_only,22,2023-03-19,2023-03-20,1,historical_nan_block_numbering_divergence
21055007_10_49,lags_only,22,2023-03-19,2023-03-21,2,historical_nan_block_numbering_divergence
21055007_10_49,lags_only,22,2023-03-19,2023-03-22,3,historical_nan_block_numbering_divergence
21055007_10_49,lags_only,22,2023-03-19,2023-03-23,4,historical_nan_block_numbering_divergence
21055007_10_49,lags_only,22,2023-03-19,2023-03-24,5,historical_nan_block_numbering_divergence
21055007_10_49,lags_only,22,2023-03-20,2023-03-21,1,historical_nan_block_numbering_divergence
21055007_10_49,lags_only,22,2023-03-20,2023-03-22,2,historical_nan_block_numbering_divergence
21055007_10_49,lags_only,22,2023-03-20,2023-03-23,3,historical_nan_block_numbering_divergence
21055007_10_49,lags_only,22,2023-03-20,2023-03-24,4,historical_nan_block_numbering_divergence
21055007_10_49,lags_only,22,2023-03-21,2023-03-22,1,historical_nan_block_numbering_divergence
21055007_10_49,lags_only,22,2023-03-21,2023-03-23,2,historical_nan_block_numbering_divergence
21055007_10_49,lags_only,22,2023-03-21,2023-03-24,3,historical_nan_block_numbering_divergence
21055007_10_49,lags_only,22,2023-03-22,2023-03-23,1,historical_nan_block_numbering_divergence
21055007_10_49,lags_only,22,2023-03-22,2023-03-24,2,historical_nan_block_numbering_divergence
21055007_10_49,lags_only,22,2023-03-23,2023-03-24,1,historical_nan_block_numbering_divergence
21055007_10_49,lags_only,23,2023-04-19,2023-04-20,1,historical_nan_block_numbering_divergence
21055007_10_49,lags_only,23,2023-04-19,2023-04-21,2,historical_nan_block_numbering_divergence
21055007_10_49,lags_only,23,2023-04-19,2023-04-22,3,historical_nan_block_numbering_divergence
21055007_10_49,lags_only,23,2023-04-19,2023-04-23,4,historical_nan_block_numbering_divergence
21055007_10_49,lags_only,23,2023-04-19,2023-04-24,5,historical_nan_block_numbering_divergence
21055007_10_49,lags_only,23,2023-04-19,2023-04-25,6,historical_nan_block_numbering_divergence
21055007_10_49,lags_only,23,2023-04-19,2023-04-26,7,historical_nan_block_numbering_divergence
21055007_10_49,lags_only,23,2023-04-20,2023-04-21,1,historical_nan_block_numbering_divergence
21055007_10_49,lags_only,23,2023-04-20,2023-04-22,2,historical_nan_block_numbering_divergence
21055007_10_49,lags_only,23,2023-04-20,2023-04-23,3,historical_nan_block_numbering_divergence
21055007_10_49,lags_only,23,2023-04-20,2023-04-24,4,historical_nan_block_numbering_divergence
21055007_10_49,lags_only,23,2023-04-20,2023-04-25,5,historical_nan_block_numbering_divergence
21055007_10_49,lags_only,23,2023-04-20,2023-04-26,6,historical_nan_block_numbering_divergence
21055007_10_49,lags_only,23,2023-04-20,2023-04-27,7,historical_nan_block_numbering_divergence
21055007_10_49,lags_only,23,2023-04-21,2023-04-22,1,historical_nan_block_numbering_divergence
21055007_10_49,lags_only,23,2023-04-21,2023-04-23,2,historical_nan_block_numbering_divergence
21055007_10_49,lags_only,23,2023-04-21,2023-04-24,3,historical_nan_block_numbering_divergence
21055007_10_49,lags_only,23,2023-04-21,2023-04-25,4,historical_nan_block_numbering_divergence
21055007_10_49,lags_only,23,2023-04-21,2023-04-26,5,historical_nan_block_numbering_divergence
21055007_10_49,lags_only,23,2023-04-21,2023-04-27,6,historical_nan_block_numbering_divergence
21055007_10_49,lags_only,23,2023-04-21,2023-04-28,7,historical_nan_block_numbering_divergence
21055007_10_49,lags_only,24,2023-05-03,2023-05-04,1,historical_nan_block_numbering_divergence
21055007_10_49,lags_only,24,2023-05-03,2023-05-05,2,historical_nan_block_numbering_divergence
21055007_10_49,lags_only,24,2023-05-03,2023-05-06,3,historical_nan_block_numbering_divergence
21055007_10_49,lags_only,24,2023-05-03,2023-05-07,4,historical_nan_block_numbering_divergence
21055007_10_49,lags_only,24,2023-05-03,2023-05-08,5,historical_nan_block_numbering_divergence
21055007_10_49,lags_only,24,2023-05-03,2023-05-09,6,historical_nan_block_numbering_divergence
21055007_10_49,lags_only,24,2023-05-03,2023-05-10,7,historical_nan_block_numbering_divergence
21055007_10_49,lags_only,24,2023-05-04,2023-05-05,1,historical_nan_block_numbering_divergence
21055007_10_49,lags_only,24,2023-05-04,2023-05-06,2,historical_nan_block_numbering_divergence
21055007_10_49,lags_only,24,2023-05-04,2023-05-07,3,historical_nan_block_numbering_divergence
21055007_10_49,lags_only,24,2023-05-04,2023-05-08,4,historical_nan_block_numbering_divergence
21055007_10_49,lags_only,24,2023-05-04,2023-05-09,5,historical_nan_block_numbering_divergence
21055007_10_49,lags_only,24,2023-05-04,2023-05-10,6,historical_nan_block_numbering_divergence
21055007_10_49,lags_only,24,2023-05-04,2023-05-11,7,historical_nan_block_numbering_divergence
21055007_10_49,lags_only,24,2023-05-05,2023-05-06,1,historical_nan_block_numbering_divergence
21055007_10_49,lags_only,24,2023-05-05,2023-05-07,2,historical_nan_block_numbering_divergence
21055007_10_49,lags_only,24,2023-05-05,2023-05-08,3,historical_nan_block_numbering_divergence
21055007_10_49,lags_only,24,2023-05-05,2023-05-09,4,historical_nan_block_numbering_divergence
21055007_10_49,lags_only,24,2023-05-05,2023-05-10,5,historical_nan_block_numbering_divergence
21055007_10_49,lags_only,24,2023-05-05,2023-05-11,6,historical_nan_block_numbering_divergence
21055007_10_49,lags_only,24,2023-05-05,2023-05-12,7,historical_nan_block_numbering_divergence
21055007_10_49,lags_only,24,2023-05-06,2023-05-07,1,historical_nan_block_numbering_divergence
21055007_10_49,lags_only,24,2023-05-06,2023-05-08,2,historical_nan_block_numbering_divergence
21055007_10_49,lags_only,24,2023-05-06,2023-05-09,3,historical_nan_block_numbering_divergence
21055007_10_49,lags_only,24,2023-05-06,2023-05-10,4,historical_nan_block_numbering_divergence
21055007_10_49,lags_only,24,2023-05-06,2023-05-11,5,historical_nan_block_numbering_divergence
21055007_10_49,lags_only,24,2023-05-06,2023-05-12,6,historical_nan_block_numbering_divergence
21055007_10_49,lags_only,24,2023-05-06,2023-05-13,7,historical_nan_block_numbering_divergence
21055007_10_49,lags_only,24,2023-05-07,2023-05-08,1,historical_nan_block_numbering_divergence
21055007_10_49,lags_only,24,2023-05-07,2023-05-09,2,historical_nan_block_numbering_divergence
21055007_10_49,lags_only,24,2023-05-07,2023-05-10,3,historical_nan_block_numbering_divergence
21055007_10_49,lags_only,24,2023-05-07,2023-05-11,4,historical_nan_block_numbering_divergence
21055007_10_49,lags_only,24,2023-05-07,2023-05-12,5,historical_nan_block_numbering_divergence
21055007_10_49,lags_only,24,2023-05-07,2023-05-13,6,historical_nan_block_numbering_divergence
21055007_10_49,lags_only,24,2023-05-07,2023-05-14,7,historical_nan_block_numbering_divergence
21055007_10_49,lags_only,24,2023-05-08,2023-05-09,1,historical_nan_block_numbering_divergence
21055007_10_49,lags_only,24,2023-05-08,2023-05-10,2,historical_nan_block_numbering_divergence
21055007_10_49,lags_only,24,2023-05-08,2023-05-11,3,historical_nan_block_numbering_divergence
21055007_10_49,lags_only,24,2023-05-08,2023-05-12,4,historical_nan_block_numbering_divergence
21055007_10_49,lags_only,24,2023-05-08,2023-05-13,5,historical_nan_block_numbering_divergence
21055007_10_49,lags_only,24,2023-05-08,2023-05-14,6,historical_nan_block_numbering_divergence
21055007_10_49,lags_only,24,2023-05-08,2023-05-15,7,historical_nan_block_numbering_divergence
21055007_10_49,lags_only,24,2023-05-09,2023-05-10,1,historical_nan_block_numbering_divergence
21055007_10_49,lags_only,24,2023-05-09,2023-05-11,2,historical_nan_block_numbering_divergence
21055007_10_49,lags_only,24,2023-05-09,2023-05-12,3,historical_nan_block_numbering_divergence
21055007_10_49,lags_only,24,2023-05-09,2023-05-13,4,historical_nan_block_numbering_divergence
21055007_10_49,lags_only,24,2023-05-09,2023-05-14,5,historical_nan_block_numbering_divergence
21055007_10_49,lags_only,24,2023-05-09,2023-05-15,6,historical_nan_block_numbering_divergence
21055007_10_49,lags_only,24,2023-05-09,2023-05-16,7,historical_nan_block_numbering_divergence
21055007_10_49,lags_only,24,2023-05-10,2023-05-11,1,historical_nan_block_numbering_divergence
21055007_10_49,lags_only,24,2023-05-10,2023-05-12,2,historical_nan_block_numbering_divergence
21055007_10_49,lags_only,24,2023-05-10,2023-05-13,3,historical_nan_block_numbering_divergence
21055007_10_49,lags_only,24,2023-05-10,2023-05-14,4,historical_nan_block_numbering_divergence
21055007_10_49,lags_only,24,2023-05-10,2023-05-15,5,historical_nan_block_numbering_divergence
21055007_10_49,lags_only,24,2023-05-10,2023-05-16,6,historical_nan_block_numbering_divergence
21055007_10_49,lags_only,24,2023-05-10,2023-05-17,7,historical_nan_block_numbering_divergence
21055007_10_49,lags_only,24,2023-05-11,2023-05-12,1,historical_nan_block_numbering_divergence
21055007_10_49,lags_only,24,2023-05-11,2023-05-13,2,historical_nan_block_numbering_divergence
21055007_10_49,lags_only,24,2023-05-11,2023-05-14,3,historical_nan_block_numbering_divergence
21055007_10_49,lags_only,24,2023-05-11,2023-05-15,4,historical_nan_block_numbering_divergence
21055007_10_49,lags_only,24,2023-05-11,2023-05-16,5,historical_nan_block_numbering_divergence
21055007_10_49,lags_only,24,2023-05-11,2023-05-17,6,historical_nan_block_numbering_divergence
21055007_10_49,lags_only,24,2023-05-11,2023-05-18,7,historical_nan_block_numbering_divergence
21055007_10_49,lags_only,24,2023-05-12,2023-05-13,1,historical_nan_block_numbering_divergence
21055007_10_49,lags_only,24,2023-05-12,2023-05-14,2,historical_nan_block_numbering_divergence
21055007_10_49,lags_only,24,2023-05-12,2023-05-15,3,historical_nan_block_numbering_divergence
21055007_10_49,lags_only,24,2023-05-12,2023-05-16,4,historical_nan_block_numbering_divergence
21055007_10_49,lags_only,24,2023-05-12,2023-05-17,5,historical_nan_block_numbering_divergence
21055007_10_49,lags_only,24,2023-05-12,2023-05-18,6,historical_nan_block_numbering_divergence
21055007_10_49,lags_only,24,2023-05-12,2023-05-19,7,historical_nan_block_numbering_divergence
21055007_10_49,lags_only,24,2023-05-13,2023-05-14,1,historical_nan_block_numbering_divergence
21055007_10_49,lags_only,24,2023-05-13,2023-05-15,2,historical_nan_block_numbering_divergence
21055007_10_49,lags_only,24,2023-05-13,2023-05-16,3,historical_nan_block_numbering_divergence
21055007_10_49,lags_only,24,2023-05-13,2023-05-17,4,historical_nan_block_numbering_divergence
21055007_10_49,lags_only,24,2023-05-13,2023-05-18,5,historical_nan_block_numbering_divergence
21055007_10_49,lags_only,24,2023-05-13,2023-05-19,6,historical_nan_block_numbering_divergence
21055007_10_49,lags_only,24,2023-05-13,2023-05-20,7,historical_nan_block_numbering_divergence
21055007_10_49,lags_only,24,2023-05-14,2023-05-15,1,historical_nan_block_numbering_divergence
21055007_10_49,lags_only,24,2023-05-14,2023-05-16,2,historical_nan_block_numbering_divergence
21055007_10_49,lags_only,24,2023-05-14,2023-05-17,3,historical_nan_block_numbering_divergence
21055007_10_49,lags_only,24,2023-05-14,2023-05-18,4,historical_nan_block_numbering_divergence
21055007_10_49,lags_only,24,2023-05-14,2023-05-19,5,historical_nan_block_numbering_divergence
21055007_10_49,lags_only,24,2023-05-14,2023-05-20,6,historical_nan_block_numbering_divergence
21055007_10_49,lags_only,24,2023-05-14,2023-05-21,7,historical_nan_block_numbering_divergence
21055007_10_49,lags_only,24,2023-05-15,2023-05-16,1,historical_nan_block_numbering_divergence
21055007_10_49,lags_only,24,2023-05-15,2023-05-17,2,historical_nan_block_numbering_divergence
21055007_10_49,lags_only,24,2023-05-15,2023-05-18,3,historical_nan_block_numbering_divergence
21055007_10_49,lags_only,24,2023-05-15,2023-05-19,4,historical_nan_block_numbering_divergence
21055007_10_49,lags_only,24,2023-05-15,2023-05-20,5,historical_nan_block_numbering_divergence
21055007_10_49,lags_only,24,2023-05-15,2023-05-21,6,historical_nan_block_numbering_divergence
21055007_10_49,lags_only,24,2023-05-15,2023-05-22,7,historical_nan_block_numbering_divergence
21055007_10_49,lags_only,24,2023-05-16,2023-05-17,1,historical_nan_block_numbering_divergence
21055007_10_49,lags_only,24,2023-05-16,2023-05-18,2,historical_nan_block_numbering_divergence
21055007_10_49,lags_only,24,2023-05-16,2023-05-19,3,historical_nan_block_numbering_divergence
21055007_10_49,lags_only,24,2023-05-16,2023-05-20,4,historical_nan_block_numbering_divergence
21055007_10_49,lags_only,24,2023-05-16,2023-05-21,5,historical_nan_block_numbering_divergence
21055007_10_49,lags_only,24,2023-05-16,2023-05-22,6,historical_nan_block_numbering_divergence
21055007_10_49,lags_only,24,2023-05-16,2023-05-23,7,historical_nan_block_numbering_divergence
21055007_10_49,lags_only,24,2023-05-17,2023-05-18,1,historical_nan_block_numbering_divergence
21055007_10_49,lags_only,24,2023-05-17,2023-05-19,2,historical_nan_block_numbering_divergence
21055007_10_49,lags_only,24,2023-05-17,2023-05-20,3,historical_nan_block_numbering_divergence
21055007_10_49,lags_only,24,2023-05-17,2023-05-21,4,historical_nan_block_numbering_divergence
21055007_10_49,lags_only,24,2023-05-17,2023-05-22,5,historical_nan_block_numbering_divergence
21055007_10_49,lags_only,24,2023-05-17,2023-05-23,6,historical_nan_block_numbering_divergence
21055007_10_49,lags_only,24,2023-05-17,2023-05-24,7,historical_nan_block_numbering_divergence
21055007_10_49,lags_only,24,2023-05-18,2023-05-19,1,historical_nan_block_numbering_divergence
21055007_10_49,lags_only,24,2023-05-18,2023-05-20,2,historical_nan_block_numbering_divergence
21055007_10_49,lags_only,24,2023-05-18,2023-05-21,3,historical_nan_block_numbering_divergence
21055007_10_49,lags_only,24,2023-05-18,2023-05-22,4,historical_nan_block_numbering_divergence
21055007_10_49,lags_only,24,2023-05-18,2023-05-23,5,historical_nan_block_numbering_divergence
21055007_10_49,lags_only,24,2023-05-18,2023-05-24,6,historical_nan_block_numbering_divergence
21055007_10_49,lags_only,24,2023-05-18,2023-05-25,7,historical_nan_block_numbering_divergence
21055007_10_49,lags_only,24,2023-05-19,2023-05-20,1,historical_nan_block_numbering_divergence
21055007_10_49,lags_only,24,2023-05-19,2023-05-21,2,historical_nan_block_numbering_divergence
21055007_10_49,lags_only,24,2023-05-19,2023-05-22,3,historical_nan_block_numbering_divergence
21055007_10_49,lags_only,24,2023-05-19,2023-05-23,4,historical_nan_block_numbering_divergence
21055007_10_49,lags_only,24,2023-05-19,2023-05-24,5,historical_nan_block_numbering_divergence
21055007_10_49,lags_only,24,2023-05-19,2023-05-25,6,historical_nan_block_numbering_divergence
21055007_10_49,lags_only,24,2023-05-19,2023-05-26,7,historical_nan_block_numbering_divergence
21055007_10_49,lags_only,24,2023-05-20,2023-05-21,1,historical_nan_block_numbering_divergence
21055007_10_49,lags_only,24,2023-05-20,2023-05-22,2,historical_nan_block_numbering_divergence
21055007_10_49,lags_only,24,2023-05-20,2023-05-23,3,historical_nan_block_numbering_divergence
21055007_10_49,lags_only,24,2023-05-20,2023-05-24,4,historical_nan_block_numbering_divergence
21055007_10_49,lags_only,24,2023-05-20,2023-05-25,5,historical_nan_block_numbering_divergence
21055007_10_49,lags_only,24,2023-05-20,2023-05-26,6,historical_nan_block_numbering_divergence
21055007_10_49,lags_only,24,2023-05-20,2023-05-27,7,historical_nan_block_numbering_divergence
21055007_10_49,lags_only,24,2023-05-21,2023-05-22,1,historical_nan_block_numbering_divergence
21055007_10_49,lags_only,24,2023-05-21,2023-05-23,2,historical_nan_block_numbering_divergence
21055007_10_49,lags_only,24,2023-05-21,2023-05-24,3,historical_nan_block_numbering_divergence
21055007_10_49,lags_only,24,2023-05-21,2023-05-25,4,historical_nan_block_numbering_divergence
21055007_10_49,lags_only,24,2023-05-21,2023-05-26,5,historical_nan_block_numbering_divergence
21055007_10_49,lags_only,24,2023-05-21,2023-05-27,6,historical_nan_block_numbering_divergence
21055007_10_49,lags_only,24,2023-05-21,2023-05-28,7,historical_nan_block_numbering_divergence
21055007_10_49,lags_only,24,2023-05-22,2023-05-23,1,historical_nan_block_numbering_divergence
21055007_10_49,lags_only,24,2023-05-22,2023-05-24,2,historical_nan_block_numbering_divergence
21055007_10_49,lags_only,24,2023-05-22,2023-05-25,3,historical_nan_block_numbering_divergence
21055007_10_49,lags_only,24,2023-05-22,2023-05-26,4,historical_nan_block_numbering_divergence
21055007_10_49,lags_only,24,2023-05-22,2023-05-27,5,historical_nan_block_numbering_divergence
21055007_10_49,lags_only,24,2023-05-22,2023-05-28,6,historical_nan_block_numbering_divergence
21055007_10_49,lags_only,24,2023-05-22,2023-05-29,7,historical_nan_block_numbering_divergence
21055007_10_49,lags_only,24,2023-05-23,2023-05-24,1,historical_nan_block_numbering_divergence
21055007_10_49,lags_only,24,2023-05-23,2023-05-25,2,historical_nan_block_numbering_divergence
21055007_10_49,lags_only,24,2023-05-23,2023-05-26,3,historical_nan_block_numbering_divergence
21055007_10_49,lags_only,24,2023-05-23,2023-05-27,4,historical_nan_block_numbering_divergence
21055007_10_49,lags_only,24,2023-05-23,2023-05-28,5,historical_nan_block_numbering_divergence
21055007_10_49,lags_only,24,2023-05-23,2023-05-29,6,historical_nan_block_numbering_divergence
21055007_10_49,lags_only,24,2023-05-23,2023-05-30,7,historical_nan_block_numbering_divergence
21055007_10_49,lags_only,24,2023-05-24,2023-05-25,1,historical_nan_block_numbering_divergence
21055007_10_49,lags_only,24,2023-05-24,2023-05-26,2,historical_nan_block_numbering_divergence
21055007_10_49,lags_only,24,2023-05-24,2023-05-27,3,historical_nan_block_numbering_divergence
21055007_10_49,lags_only,24,2023-05-24,2023-05-28,4,historical_nan_block_numbering_divergence
21055007_10_49,lags_only,24,2023-05-24,2023-05-29,5,historical_nan_block_numbering_divergence
21055007_10_49,lags_only,24,2023-05-24,2023-05-30,6,historical_nan_block_numbering_divergence
21055007_10_49,lags_only,24,2023-05-24,2023-05-31,7,historical_nan_block_numbering_divergence
21055007_10_49,lags_only,25,2023-05-25,2023-05-26,1,historical_nan_block_numbering_divergence
21055007_10_49,lags_only,25,2023-05-25,2023-05-27,2,historical_nan_block_numbering_divergence
21055007_10_49,lags_only,25,2023-05-25,2023-05-28,3,historical_nan_block_numbering_divergence
21055007_10_49,lags_only,25,2023-05-25,2023-05-29,4,historical_nan_block_numbering_divergence
21055007_10_49,lags_only,25,2023-05-25,2023-05-30,5,historical_nan_block_numbering_divergence
21055007_10_49,lags_only,25,2023-05-25,2023-05-31,6,historical_nan_block_numbering_divergence
21055007_10_49,lags_only,25,2023-05-25,2023-06-01,7,historical_nan_block_numbering_divergence
21055007_10_49,lags_only,25,2023-05-26,2023-05-27,1,historical_nan_block_numbering_divergence
21055007_10_49,lags_only,25,2023-05-26,2023-05-28,2,historical_nan_block_numbering_divergence
21055007_10_49,lags_only,25,2023-05-26,2023-05-29,3,historical_nan_block_numbering_divergence
21055007_10_49,lags_only,25,2023-05-26,2023-05-30,4,historical_nan_block_numbering_divergence
21055007_10_49,lags_only,25,2023-05-26,2023-05-31,5,historical_nan_block_numbering_divergence
21055007_10_49,lags_only,25,2023-05-26,2023-06-01,6,historical_nan_block_numbering_divergence
21055007_10_49,lags_only,25,2023-05-26,2023-06-02,7,historical_nan_block_numbering_divergence
21055007_10_49,lags_only,25,2023-05-27,2023-05-28,1,historical_nan_block_numbering_divergence
21055007_10_49,lags_only,25,2023-05-27,2023-05-29,2,historical_nan_block_numbering_divergence
21055007_10_49,lags_only,25,2023-05-27,2023-05-30,3,historical_nan_block_numbering_divergence
21055007_10_49,lags_only,25,2023-05-27,2023-05-31,4,historical_nan_block_numbering_divergence
21055007_10_49,lags_only,25,2023-05-27,2023-06-01,5,historical_nan_block_numbering_divergence
21055007_10_49,lags_only,25,2023-05-27,2023-06-02,6,historical_nan_block_numbering_divergence
21055007_10_49,lags_only,25,2023-05-27,2023-06-03,7,historical_nan_block_numbering_divergence
21055007_10_49,lags_only,25,2023-05-28,2023-05-29,1,historical_nan_block_numbering_divergence
21055007_10_49,lags_only,25,2023-05-28,2023-05-30,2,historical_nan_block_numbering_divergence
21055007_10_49,lags_only,25,2023-05-28,2023-05-31,3,historical_nan_block_numbering_divergence
21055007_10_49,lags_only,25,2023-05-28,2023-06-01,4,historical_nan_block_numbering_divergence
21055007_10_49,lags_only,25,2023-05-28,2023-06-02,5,historical_nan_block_numbering_divergence
21055007_10_49,lags_only,25,2023-05-28,2023-06-03,6,historical_nan_block_numbering_divergence
21055007_10_49,lags_only,25,2023-05-28,2023-06-04,7,historical_nan_block_numbering_divergence
21055007_10_49,lags_only,25,2023-05-29,2023-05-30,1,historical_nan_block_numbering_divergence
21055007_10_49,lags_only,25,2023-05-29,2023-05-31,2,historical_nan_block_numbering_divergence
21055007_10_49,lags_only,25,2023-05-29,2023-06-01,3,historical_nan_block_numbering_divergence
21055007_10_49,lags_only,25,2023-05-29,2023-06-02,4,historical_nan_block_numbering_divergence
21055007_10_49,lags_only,25,2023-05-29,2023-06-03,5,historical_nan_block_numbering_divergence
21055007_10_49,lags_only,25,2023-05-29,2023-06-04,6,historical_nan_block_numbering_divergence
21055007_10_49,lags_only,25,2023-05-29,2023-06-05,7,historical_nan_block_numbering_divergence
21055007_10_49,lags_only,25,2023-05-30,2023-05-31,1,historical_nan_block_numbering_divergence
21055007_10_49,lags_only,25,2023-05-30,2023-06-01,2,historical_nan_block_numbering_divergence
21055007_10_49,lags_only,25,2023-05-30,2023-06-02,3,historical_nan_block_numbering_divergence
21055007_10_49,lags_only,25,2023-05-30,2023-06-03,4,historical_nan_block_numbering_divergence
21055007_10_49,lags_only,25,2023-05-30,2023-06-04,5,historical_nan_block_numbering_divergence
21055007_10_49,lags_only,25,2023-05-30,2023-06-05,6,historical_nan_block_numbering_divergence
21055007_10_49,lags_only,25,2023-05-31,2023-06-01,1,historical_nan_block_numbering_divergence
21055007_10_49,lags_only,25,2023-05-31,2023-06-02,2,historical_nan_block_numbering_divergence
21055007_10_49,lags_only,25,2023-05-31,2023-06-03,3,historical_nan_block_numbering_divergence
21055007_10_49,lags_only,25,2023-05-31,2023-06-04,4,historical_nan_block_numbering_divergence
21055007_10_49,lags_only,25,2023-05-31,2023-06-05,5,historical_nan_block_numbering_divergence
21055007_10_49,lags_only,25,2023-06-01,2023-06-02,1,historical_nan_block_numbering_divergence
21055007_10_49,lags_only,25,2023-06-01,2023-06-03,2,historical_nan_block_numbering_divergence
21055007_10_49,lags_only,25,2023-06-01,2023-06-04,3,historical_nan_block_numbering_divergence
21055007_10_49,lags_only,25,2023-06-01,2023-06-05,4,historical_nan_block_numbering_divergence
21055007_10_49,lags_only,25,2023-06-02,2023-06-03,1,historical_nan_block_numbering_divergence
21055007_10_49,lags_only,25,2023-06-02,2023-06-04,2,historical_nan_block_numbering_divergence
21055007_10_49,lags_only,25,2023-06-02,2023-06-05,3,historical_nan_block_numbering_divergence
21055007_10_49,lags_only,25,2023-06-02,2023-06-09,7,historical_nan_block_numbering_divergence
21055007_10_49,lags_only,25,2023-06-03,2023-06-04,1,historical_nan_block_numbering_divergence
21055007_10_49,lags_only,25,2023-06-03,2023-06-05,2,historical_nan_block_numbering_divergence
21055007_10_49,lags_only,25,2023-06-03,2023-06-09,6,historical_nan_block_numbering_divergence
21055007_10_49,lags_only,25,2023-06-03,2023-06-10,7,historical_nan_block_numbering_divergence
21055007_10_49,lags_only,25,2023-06-04,2023-06-05,1,historical_nan_block_numbering_divergence
21055007_10_49,lags_only,25,2023-06-04,2023-06-09,5,historical_nan_block_numbering_divergence
21055007_10_49,lags_only,25,2023-06-04,2023-06-10,6,historical_nan_block_numbering_divergence
21055007_10_49,lags_only,25,2023-06-04,2023-06-11,7,historical_nan_block_numbering_divergence
21055007_10_49,lags_only,25,2023-06-05,2023-06-09,4,historical_nan_block_numbering_divergence
21055007_10_49,lags_only,25,2023-06-05,2023-06-10,5,historical_nan_block_numbering_divergence
21055007_10_49,lags_only,25,2023-06-05,2023-06-11,6,historical_nan_block_numbering_divergence
21055007_10_49,lags_only,25,2023-06-05,2023-06-12,7,historical_nan_block_numbering_divergence
21055007_10_49,lags_only,25,2023-06-06,2023-06-09,3,historical_nan_block_numbering_divergence
21055007_10_49,lags_only,25,2023-06-06,2023-06-10,4,historical_nan_block_numbering_divergence
21055007_10_49,lags_only,25,2023-06-06,2023-06-11,5,historical_nan_block_numbering_divergence
21055007_10_49,lags_only,25,2023-06-06,2023-06-12,6,historical_nan_block_numbering_divergence
21055007_10_49,lags_only,25,2023-06-06,2023-06-13,7,historical_nan_block_numbering_divergence
21055007_10_49,lags_only,25,2023-06-16,2023-06-17,1,historical_nan_block_numbering_divergence
21055007_10_49,lags_only,25,2023-06-16,2023-06-18,2,historical_nan_block_numbering_divergence
21055007_10_49,lags_only,25,2023-06-16,2023-06-19,3,historical_nan_block_numbering_divergence
21055007_10_49,lags_only,25,2023-06-16,2023-06-20,4,historical_nan_block_numbering_divergence
21055007_10_49,lags_only,25,2023-06-16,2023-06-21,5,historical_nan_block_numbering_divergence
21055007_10_49,lags_only,25,2023-06-16,2023-06-22,6,historical_nan_block_numbering_divergence
21055007_10_49,lags_only,25,2023-06-16,2023-06-23,7,historical_nan_block_numbering_divergence
21055007_10_49,lags_only,25,2023-06-17,2023-06-18,1,historical_nan_block_numbering_divergence
21055007_10_49,lags_only,25,2023-06-17,2023-06-19,2,historical_nan_block_numbering_divergence
21055007_10_49,lags_only,25,2023-06-17,2023-06-20,3,historical_nan_block_numbering_divergence
21055007_10_49,lags_only,25,2023-06-17,2023-06-21,4,historical_nan_block_numbering_divergence
21055007_10_49,lags_only,25,2023-06-17,2023-06-22,5,historical_nan_block_numbering_divergence
21055007_10_49,lags_only,25,2023-06-17,2023-06-23,6,historical_nan_block_numbering_divergence
21055007_10_49,lags_only,25,2023-06-17,2023-06-24,7,historical_nan_block_numbering_divergence
21055007_10_49,lags_only,25,2023-06-18,2023-06-19,1,historical_nan_block_numbering_divergence
21055007_10_49,lags_only,25,2023-06-18,2023-06-20,2,historical_nan_block_numbering_divergence
21055007_10_49,lags_only,25,2023-06-18,2023-06-21,3,historical_nan_block_numbering_divergence
21055007_10_49,lags_only,25,2023-06-18,2023-06-22,4,historical_nan_block_numbering_divergence
21055007_10_49,lags_only,25,2023-06-18,2023-06-23,5,historical_nan_block_numbering_divergence
21055007_10_49,lags_only,25,2023-06-18,2023-06-24,6,historical_nan_block_numbering_divergence
21055007_10_49,lags_only,25,2023-06-18,2023-06-25,7,historical_nan_block_numbering_divergence
21055007_10_49,lags_only,25,2023-06-19,2023-06-20,1,historical_nan_block_numbering_divergence
21055007_10_49,lags_only,25,2023-06-19,2023-06-21,2,historical_nan_block_numbering_divergence
21055007_10_49,lags_only,25,2023-06-19,2023-06-22,3,historical_nan_block_numbering_divergence
21055007_10_49,lags_only,25,2023-06-19,2023-06-23,4,historical_nan_block_numbering_divergence
21055007_10_49,lags_only,25,2023-06-19,2023-06-24,5,historical_nan_block_numbering_divergence
21055007_10_49,lags_only,25,2023-06-19,2023-06-25,6,historical_nan_block_numbering_divergence
21055007_10_49,lags_only,25,2023-06-19,2023-06-26,7,historical_nan_block_numbering_divergence
21055007_10_49,lags_only,26,2023-06-23,2023-06-24,1,historical_nan_block_numbering_divergence
21055007_10_49,lags_only,26,2023-06-23,2023-06-25,2,historical_nan_block_numbering_divergence
21055007_10_49,lags_only,26,2023-06-23,2023-06-26,3,historical_nan_block_numbering_divergence
21055007_10_49,lags_only,26,2023-06-23,2023-06-27,4,historical_nan_block_numbering_divergence
21055007_10_49,lags_only,26,2023-06-23,2023-06-28,5,historical_nan_block_numbering_divergence
21055007_10_49,lags_only,26,2023-06-23,2023-06-29,6,historical_nan_block_numbering_divergence
21055007_10_49,lags_only,26,2023-06-23,2023-06-30,7,historical_nan_block_numbering_divergence
21055007_10_49,lags_only,26,2023-06-24,2023-06-25,1,historical_nan_block_numbering_divergence
21055007_10_49,lags_only,26,2023-06-24,2023-06-26,2,historical_nan_block_numbering_divergence
21055007_10_49,lags_only,26,2023-06-24,2023-06-27,3,historical_nan_block_numbering_divergence
21055007_10_49,lags_only,26,2023-06-24,2023-06-28,4,historical_nan_block_numbering_divergence
21055007_10_49,lags_only,26,2023-06-24,2023-06-29,5,historical_nan_block_numbering_divergence
21055007_10_49,lags_only,26,2023-06-24,2023-06-30,6,historical_nan_block_numbering_divergence
21055007_10_49,lags_only,26,2023-06-24,2023-07-01,7,historical_nan_block_numbering_divergence
21055007_10_49,lags_only,26,2023-06-25,2023-06-26,1,historical_nan_block_numbering_divergence
21055007_10_49,lags_only,26,2023-06-25,2023-06-27,2,historical_nan_block_numbering_divergence
21055007_10_49,lags_only,26,2023-06-25,2023-06-28,3,historical_nan_block_numbering_divergence
21055007_10_49,lags_only,26,2023-06-25,2023-06-29,4,historical_nan_block_numbering_divergence
21055007_10_49,lags_only,26,2023-06-25,2023-06-30,5,historical_nan_block_numbering_divergence
21055007_10_49,lags_only,26,2023-06-25,2023-07-01,6,historical_nan_block_numbering_divergence
21055007_10_49,lags_only,26,2023-06-25,2023-07-02,7,historical_nan_block_numbering_divergence
21055007_10_49,lags_only,26,2023-06-26,2023-06-27,1,historical_nan_block_numbering_divergence
21055007_10_49,lags_only,26,2023-06-26,2023-06-28,2,historical_nan_block_numbering_divergence
21055007_10_49,lags_only,26,2023-06-26,2023-06-29,3,historical_nan_block_numbering_divergence
21055007_10_49,lags_only,26,2023-06-26,2023-06-30,4,historical_nan_block_numbering_divergence
21055007_10_49,lags_only,26,2023-06-26,2023-07-01,5,historical_nan_block_numbering_divergence
21055007_10_49,lags_only,26,2023-06-26,2023-07-02,6,historical_nan_block_numbering_divergence
21055007_10_49,lags_only,26,2023-06-26,2023-07-03,7,historical_nan_block_numbering_divergence
21055007_10_49,lags_only,26,2023-06-27,2023-06-28,1,historical_nan_block_numbering_divergence
21055007_10_49,lags_only,26,2023-06-27,2023-06-29,2,historical_nan_block_numbering_divergence
21055007_10_49,lags_only,26,2023-06-27,2023-06-30,3,historical_nan_block_numbering_divergence
21055007_10_49,lags_only,26,2023-06-27,2023-07-01,4,historical_nan_block_numbering_divergence
21055007_10_49,lags_only,26,2023-06-27,2023-07-02,5,historical_nan_block_numbering_divergence
21055007_10_49,lags_only,26,2023-06-27,2023-07-03,6,historical_nan_block_numbering_divergence
21055007_10_49,lags_only,26,2023-06-27,2023-07-04,7,historical_nan_block_numbering_divergence
21055007_10_49,lags_only,26,2023-06-28,2023-06-29,1,historical_nan_block_numbering_divergence
21055007_10_49,lags_only,26,2023-06-28,2023-06-30,2,historical_nan_block_numbering_divergence
21055007_10_49,lags_only,26,2023-06-28,2023-07-01,3,historical_nan_block_numbering_divergence
21055007_10_49,lags_only,26,2023-06-28,2023-07-02,4,historical_nan_block_numbering_divergence
21055007_10_49,lags_only,26,2023-06-28,2023-07-03,5,historical_nan_block_numbering_divergence
21055007_10_49,lags_only,26,2023-06-28,2023-07-04,6,historical_nan_block_numbering_divergence
21055007_10_49,lags_only,26,2023-06-28,2023-07-05,7,historical_nan_block_numbering_divergence
21055007_10_49,lags_only,26,2023-06-29,2023-06-30,1,historical_nan_block_numbering_divergence
21055007_10_49,lags_only,26,2023-06-29,2023-07-01,2,historical_nan_block_numbering_divergence
21055007_10_49,lags_only,26,2023-06-29,2023-07-02,3,historical_nan_block_numbering_divergence
21055007_10_49,lags_only,26,2023-06-29,2023-07-03,4,historical_nan_block_numbering_divergence
21055007_10_49,lags_only,26,2023-06-29,2023-07-04,5,historical_nan_block_numbering_divergence
21055007_10_49,lags_only,26,2023-06-29,2023-07-05,6,historical_nan_block_numbering_divergence
21055007_10_49,lags_only,26,2023-06-29,2023-07-06,7,historical_nan_block_numbering_divergence
21055007_10_49,lags_only,26,2023-06-30,2023-07-01,1,historical_nan_block_numbering_divergence
21055007_10_49,lags_only,26,2023-06-30,2023-07-02,2,historical_nan_block_numbering_divergence
21055007_10_49,lags_only,26,2023-06-30,2023-07-03,3,historical_nan_block_numbering_divergence
21055007_10_49,lags_only,26,2023-06-30,2023-07-04,4,historical_nan_block_numbering_divergence
21055007_10_49,lags_only,26,2023-06-30,2023-07-05,5,historical_nan_block_numbering_divergence
21055007_10_49,lags_only,26,2023-06-30,2023-07-06,6,historical_nan_block_numbering_divergence
21055007_10_49,lags_only,26,2023-06-30,2023-07-07,7,historical_nan_block_numbering_divergence
21055007_10_49,lags_only,26,2023-07-01,2023-07-02,1,historical_nan_block_numbering_divergence
21055007_10_49,lags_only,26,2023-07-01,2023-07-03,2,historical_nan_block_numbering_divergence
21055007_10_49,lags_only,26,2023-07-01,2023-07-04,3,historical_nan_block_numbering_divergence
21055007_10_49,lags_only,26,2023-07-01,2023-07-05,4,historical_nan_block_numbering_divergence
21055007_10_49,lags_only,26,2023-07-01,2023-07-06,5,historical_nan_block_numbering_divergence
21055007_10_49,lags_only,26,2023-07-01,2023-07-07,6,historical_nan_block_numbering_divergence
21055007_10_49,lags_only,26,2023-07-01,2023-07-08,7,historical_nan_block_numbering_divergence
21055007_10_49,lags_only,26,2023-07-02,2023-07-03,1,historical_nan_block_numbering_divergence
21055007_10_49,lags_only,26,2023-07-02,2023-07-04,2,historical_nan_block_numbering_divergence
21055007_10_49,lags_only,26,2023-07-02,2023-07-05,3,historical_nan_block_numbering_divergence
21055007_10_49,lags_only,26,2023-07-02,2023-07-06,4,historical_nan_block_numbering_divergence
21055007_10_49,lags_only,26,2023-07-02,2023-07-07,5,historical_nan_block_numbering_divergence
21055007_10_49,lags_only,26,2023-07-02,2023-07-08,6,historical_nan_block_numbering_divergence
21055007_10_49,lags_only,26,2023-07-02,2023-07-09,7,historical_nan_block_numbering_divergence
21055007_10_49,lags_only,26,2023-07-03,2023-07-04,1,historical_nan_block_numbering_divergence
21055007_10_49,lags_only,26,2023-07-03,2023-07-05,2,historical_nan_block_numbering_divergence
21055007_10_49,lags_only,26,2023-07-03,2023-07-06,3,historical_nan_block_numbering_divergence
21055007_10_49,lags_only,26,2023-07-03,2023-07-07,4,historical_nan_block_numbering_divergence
21055007_10_49,lags_only,26,2023-07-03,2023-07-08,5,historical_nan_block_numbering_divergence
21055007_10_49,lags_only,26,2023-07-03,2023-07-09,6,historical_nan_block_numbering_divergence
21055007_10_49,lags_only,26,2023-07-03,2023-07-10,7,historical_nan_block_numbering_divergence
21055007_10_49,lags_only,26,2023-07-07,2023-07-08,1,historical_nan_block_numbering_divergence
21055007_10_49,lags_only,26,2023-07-07,2023-07-09,2,historical_nan_block_numbering_divergence
21055007_10_49,lags_only,26,2023-07-07,2023-07-10,3,historical_nan_block_numbering_divergence
21055007_10_49,lags_only,26,2023-07-07,2023-07-11,4,historical_nan_block_numbering_divergence
21055007_10_49,lags_only,26,2023-07-07,2023-07-12,5,historical_nan_block_numbering_divergence
21055007_10_49,lags_only,26,2023-07-07,2023-07-13,6,historical_nan_block_numbering_divergence
21055007_10_49,lags_only,26,2023-07-07,2023-07-14,7,historical_nan_block_numbering_divergence
21055007_10_49,lags_only,26,2023-07-08,2023-07-09,1,historical_nan_block_numbering_divergence
21055007_10_49,lags_only,26,2023-07-08,2023-07-10,2,historical_nan_block_numbering_divergence
21055007_10_49,lags_only,26,2023-07-08,2023-07-11,3,historical_nan_block_numbering_divergence
21055007_10_49,lags_only,26,2023-07-08,2023-07-12,4,historical_nan_block_numbering_divergence
21055007_10_49,lags_only,26,2023-07-08,2023-07-13,5,historical_nan_block_numbering_divergence
21055007_10_49,lags_only,26,2023-07-08,2023-07-14,6,historical_nan_block_numbering_divergence
21055007_10_49,lags_only,26,2023-07-08,2023-07-15,7,historical_nan_block_numbering_divergence
21055007_10_49,lags_only,26,2023-07-09,2023-07-10,1,historical_nan_block_numbering_divergence
21055007_10_49,lags_only,26,2023-07-09,2023-07-11,2,historical_nan_block_numbering_divergence
21055007_10_49,lags_only,26,2023-07-09,2023-07-12,3,historical_nan_block_numbering_divergence
21055007_10_49,lags_only,26,2023-07-09,2023-07-13,4,historical_nan_block_numbering_divergence
21055007_10_49,lags_only,26,2023-07-09,2023-07-14,5,historical_nan_block_numbering_divergence
21055007_10_49,lags_only,26,2023-07-09,2023-07-15,6,historical_nan_block_numbering_divergence
21055007_10_49,lags_only,26,2023-07-09,2023-07-16,7,historical_nan_block_numbering_divergence
21055007_10_49,lags_only,26,2023-07-10,2023-07-11,1,historical_nan_block_numbering_divergence
21055007_10_49,lags_only,26,2023-07-10,2023-07-12,2,historical_nan_block_numbering_divergence
21055007_10_49,lags_only,26,2023-07-10,2023-07-13,3,historical_nan_block_numbering_divergence
21055007_10_49,lags_only,26,2023-07-10,2023-07-14,4,historical_nan_block_numbering_divergence
21055007_10_49,lags_only,26,2023-07-10,2023-07-15,5,historical_nan_block_numbering_divergence
21055007_10_49,lags_only,26,2023-07-10,2023-07-16,6,historical_nan_block_numbering_divergence
21055007_10_49,lags_only,26,2023-07-10,2023-07-17,7,historical_nan_block_numbering_divergence
21055007_10_49,lags_only,26,2023-07-11,2023-07-12,1,historical_nan_block_numbering_divergence
21055007_10_49,lags_only,26,2023-07-11,2023-07-13,2,historical_nan_block_numbering_divergence
21055007_10_49,lags_only,26,2023-07-11,2023-07-14,3,historical_nan_block_numbering_divergence
21055007_10_49,lags_only,26,2023-07-11,2023-07-15,4,historical_nan_block_numbering_divergence
21055007_10_49,lags_only,26,2023-07-11,2023-07-16,5,historical_nan_block_numbering_divergence
21055007_10_49,lags_only,26,2023-07-11,2023-07-17,6,historical_nan_block_numbering_divergence
21055007_10_49,lags_only,26,2023-07-11,2023-07-18,7,historical_nan_block_numbering_divergence
21055007_10_49,lags_only,26,2023-07-12,2023-07-13,1,historical_nan_block_numbering_divergence
21055007_10_49,lags_only,26,2023-07-12,2023-07-14,2,historical_nan_block_numbering_divergence
21055007_10_49,lags_only,26,2023-07-12,2023-07-15,3,historical_nan_block_numbering_divergence
21055007_10_49,lags_only,26,2023-07-12,2023-07-16,4,historical_nan_block_numbering_divergence
21055007_10_49,lags_only,26,2023-07-12,2023-07-17,5,historical_nan_block_numbering_divergence
21055007_10_49,lags_only,26,2023-07-12,2023-07-18,6,historical_nan_block_numbering_divergence
21055007_10_49,lags_only,26,2023-07-12,2023-07-19,7,historical_nan_block_numbering_divergence
21055007_10_49,lags_only,26,2023-07-13,2023-07-14,1,historical_nan_block_numbering_divergence
21055007_10_49,lags_only,26,2023-07-13,2023-07-15,2,historical_nan_block_numbering_divergence
21055007_10_49,lags_only,26,2023-07-13,2023-07-16,3,historical_nan_block_numbering_divergence
21055007_10_49,lags_only,26,2023-07-13,2023-07-17,4,historical_nan_block_numbering_divergence
21055007_10_49,lags_only,26,2023-07-13,2023-07-18,5,historical_nan_block_numbering_divergence
21055007_10_49,lags_only,26,2023-07-13,2023-07-19,6,historical_nan_block_numbering_divergence
21055007_10_49,lags_only,26,2023-07-13,2023-07-20,7,historical_nan_block_numbering_divergence
21055007_10_49,lags_only,26,2023-07-14,2023-07-15,1,historical_nan_block_numbering_divergence
21055007_10_49,lags_only,26,2023-07-14,2023-07-16,2,historical_nan_block_numbering_divergence
21055007_10_49,lags_only,26,2023-07-14,2023-07-17,3,historical_nan_block_numbering_divergence
21055007_10_49,lags_only,26,2023-07-14,2023-07-18,4,historical_nan_block_numbering_divergence
21055007_10_49,lags_only,26,2023-07-14,2023-07-19,5,historical_nan_block_numbering_divergence
21055007_10_49,lags_only,26,2023-07-14,2023-07-20,6,historical_nan_block_numbering_divergence
21055007_10_49,lags_only,26,2023-07-14,2023-07-21,7,historical_nan_block_numbering_divergence
21055007_10_49,lags_only,26,2023-07-15,2023-07-16,1,historical_nan_block_numbering_divergence
21055007_10_49,lags_only,26,2023-07-15,2023-07-17,2,historical_nan_block_numbering_divergence
21055007_10_49,lags_only,26,2023-07-15,2023-07-18,3,historical_nan_block_numbering_divergence
21055007_10_49,lags_only,26,2023-07-15,2023-07-19,4,historical_nan_block_numbering_divergence
21055007_10_49,lags_only,26,2023-07-15,2023-07-20,5,historical_nan_block_numbering_divergence
21055007_10_49,lags_only,26,2023-07-15,2023-07-21,6,historical_nan_block_numbering_divergence
21055007_10_49,lags_only,26,2023-07-15,2023-07-22,7,historical_nan_block_numbering_divergence
21055007_10_49,lags_only,26,2023-07-16,2023-07-17,1,historical_nan_block_numbering_divergence
21055007_10_49,lags_only,26,2023-07-16,2023-07-18,2,historical_nan_block_numbering_divergence
21055007_10_49,lags_only,26,2023-07-16,2023-07-19,3,historical_nan_block_numbering_divergence
21055007_10_49,lags_only,26,2023-07-16,2023-07-20,4,historical_nan_block_numbering_divergence
21055007_10_49,lags_only,26,2023-07-16,2023-07-21,5,historical_nan_block_numbering_divergence
21055007_10_49,lags_only,26,2023-07-16,2023-07-22,6,historical_nan_block_numbering_divergence
21055007_10_49,lags_only,26,2023-07-16,2023-07-23,7,historical_nan_block_numbering_divergence
21055007_10_49,lags_only,26,2023-07-17,2023-07-18,1,historical_nan_block_numbering_divergence
21055007_10_49,lags_only,26,2023-07-17,2023-07-19,2,historical_nan_block_numbering_divergence
21055007_10_49,lags_only,26,2023-07-17,2023-07-20,3,historical_nan_block_numbering_divergence
21055007_10_49,lags_only,26,2023-07-17,2023-07-21,4,historical_nan_block_numbering_divergence
21055007_10_49,lags_only,26,2023-07-17,2023-07-22,5,historical_nan_block_numbering_divergence
21055007_10_49,lags_only,26,2023-07-17,2023-07-23,6,historical_nan_block_numbering_divergence
21055007_10_49,lags_only,26,2023-07-17,2023-07-24,7,historical_nan_block_numbering_divergence
21055007_10_49,lags_only,26,2023-07-18,2023-07-19,1,historical_nan_block_numbering_divergence
21055007_10_49,lags_only,26,2023-07-18,2023-07-20,2,historical_nan_block_numbering_divergence
21055007_10_49,lags_only,26,2023-07-18,2023-07-21,3,historical_nan_block_numbering_divergence
21055007_10_49,lags_only,26,2023-07-18,2023-07-22,4,historical_nan_block_numbering_divergence
21055007_10_49,lags_only,26,2023-07-18,2023-07-23,5,historical_nan_block_numbering_divergence
21055007_10_49,lags_only,26,2023-07-18,2023-07-24,6,historical_nan_block_numbering_divergence
21055007_10_49,lags_only,26,2023-07-18,2023-07-25,7,historical_nan_block_numbering_divergence
21055007_10_49,lags_only,26,2023-07-19,2023-07-20,1,historical_nan_block_numbering_divergence
21055007_10_49,lags_only,26,2023-07-19,2023-07-21,2,historical_nan_block_numbering_divergence
21055007_10_49,lags_only,26,2023-07-19,2023-07-22,3,historical_nan_block_numbering_divergence
21055007_10_49,lags_only,26,2023-07-19,2023-07-23,4,historical_nan_block_numbering_divergence
21055007_10_49,lags_only,26,2023-07-19,2023-07-24,5,historical_nan_block_numbering_divergence
21055007_10_49,lags_only,26,2023-07-19,2023-07-25,6,historical_nan_block_numbering_divergence
21055007_10_49,lags_only,26,2023-07-19,2023-07-26,7,historical_nan_block_numbering_divergence
21055007_10_49,lags_only,27,2023-07-20,2023-07-21,1,historical_nan_block_numbering_divergence
21055007_10_49,lags_only,27,2023-07-20,2023-07-22,2,historical_nan_block_numbering_divergence
21055007_10_49,lags_only,27,2023-07-20,2023-07-23,3,historical_nan_block_numbering_divergence
21055007_10_49,lags_only,27,2023-07-20,2023-07-24,4,historical_nan_block_numbering_divergence
21055007_10_49,lags_only,27,2023-07-20,2023-07-25,5,historical_nan_block_numbering_divergence
21055007_10_49,lags_only,27,2023-07-20,2023-07-26,6,historical_nan_block_numbering_divergence
21055007_10_49,lags_only,27,2023-07-20,2023-07-27,7,historical_nan_block_numbering_divergence
21055007_10_49,lags_only,27,2023-07-21,2023-07-22,1,historical_nan_block_numbering_divergence
21055007_10_49,lags_only,27,2023-07-21,2023-07-23,2,historical_nan_block_numbering_divergence
21055007_10_49,lags_only,27,2023-07-21,2023-07-24,3,historical_nan_block_numbering_divergence
21055007_10_49,lags_only,27,2023-07-21,2023-07-25,4,historical_nan_block_numbering_divergence
21055007_10_49,lags_only,27,2023-07-21,2023-07-26,5,historical_nan_block_numbering_divergence
21055007_10_49,lags_only,27,2023-07-21,2023-07-27,6,historical_nan_block_numbering_divergence
21055007_10_49,lags_only,27,2023-07-21,2023-07-28,7,historical_nan_block_numbering_divergence
21055007_10_49,lags_only,27,2023-07-22,2023-07-23,1,historical_nan_block_numbering_divergence
21055007_10_49,lags_only,27,2023-07-22,2023-07-24,2,historical_nan_block_numbering_divergence
21055007_10_49,lags_only,27,2023-07-22,2023-07-25,3,historical_nan_block_numbering_divergence
21055007_10_49,lags_only,27,2023-07-22,2023-07-26,4,historical_nan_block_numbering_divergence
21055007_10_49,lags_only,27,2023-07-22,2023-07-27,5,historical_nan_block_numbering_divergence
21055007_10_49,lags_only,27,2023-07-22,2023-07-28,6,historical_nan_block_numbering_divergence
21055007_10_49,lags_only,27,2023-07-22,2023-07-29,7,historical_nan_block_numbering_divergence
21055007_10_49,lags_only,27,2023-07-23,2023-07-24,1,historical_nan_block_numbering_divergence
21055007_10_49,lags_only,27,2023-07-23,2023-07-25,2,historical_nan_block_numbering_divergence
21055007_10_49,lags_only,27,2023-07-23,2023-07-26,3,historical_nan_block_numbering_divergence
21055007_10_49,lags_only,27,2023-07-23,2023-07-27,4,historical_nan_block_numbering_divergence
21055007_10_49,lags_only,27,2023-07-23,2023-07-28,5,historical_nan_block_numbering_divergence
21055007_10_49,lags_only,27,2023-07-23,2023-07-29,6,historical_nan_block_numbering_divergence
21055007_10_49,lags_only,27,2023-07-23,2023-07-30,7,historical_nan_block_numbering_divergence
21055007_10_49,lags_only,27,2023-07-24,2023-07-25,1,historical_nan_block_numbering_divergence
21055007_10_49,lags_only,27,2023-07-24,2023-07-26,2,historical_nan_block_numbering_divergence
21055007_10_49,lags_only,27,2023-07-24,2023-07-27,3,historical_nan_block_numbering_divergence
21055007_10_49,lags_only,27,2023-07-24,2023-07-28,4,historical_nan_block_numbering_divergence
21055007_10_49,lags_only,27,2023-07-24,2023-07-29,5,historical_nan_block_numbering_divergence
21055007_10_49,lags_only,27,2023-07-24,2023-07-30,6,historical_nan_block_numbering_divergence
21055007_10_49,lags_only,27,2023-07-24,2023-07-31,7,historical_nan_block_numbering_divergence
21055007_10_49,lags_only,27,2023-07-25,2023-07-26,1,historical_nan_block_numbering_divergence
21055007_10_49,lags_only,27,2023-07-25,2023-07-27,2,historical_nan_block_numbering_divergence
21055007_10_49,lags_only,27,2023-07-25,2023-07-28,3,historical_nan_block_numbering_divergence
21055007_10_49,lags_only,27,2023-07-25,2023-07-29,4,historical_nan_block_numbering_divergence
21055007_10_49,lags_only,27,2023-07-25,2023-07-30,5,historical_nan_block_numbering_divergence
21055007_10_49,lags_only,27,2023-07-25,2023-07-31,6,historical_nan_block_numbering_divergence
21055007_10_49,lags_only,27,2023-07-25,2023-08-01,7,historical_nan_block_numbering_divergence
21055007_10_49,lags_only,27,2023-07-26,2023-07-27,1,historical_nan_block_numbering_divergence
21055007_10_49,lags_only,27,2023-07-26,2023-07-28,2,historical_nan_block_numbering_divergence
21055007_10_49,lags_only,27,2023-07-26,2023-07-29,3,historical_nan_block_numbering_divergence
21055007_10_49,lags_only,27,2023-07-26,2023-07-30,4,historical_nan_block_numbering_divergence
21055007_10_49,lags_only,27,2023-07-26,2023-07-31,5,historical_nan_block_numbering_divergence
21055007_10_49,lags_only,27,2023-07-26,2023-08-01,6,historical_nan_block_numbering_divergence
21055007_10_49,lags_only,27,2023-07-26,2023-08-02,7,historical_nan_block_numbering_divergence
21055007_10_49,lags_only,27,2023-07-27,2023-07-28,1,historical_nan_block_numbering_divergence
21055007_10_49,lags_only,27,2023-07-27,2023-07-29,2,historical_nan_block_numbering_divergence
21055007_10_49,lags_only,27,2023-07-27,2023-07-30,3,historical_nan_block_numbering_divergence
21055007_10_49,lags_only,27,2023-07-27,2023-07-31,4,historical_nan_block_numbering_divergence
21055007_10_49,lags_only,27,2023-07-27,2023-08-01,5,historical_nan_block_numbering_divergence
21055007_10_49,lags_only,27,2023-07-27,2023-08-02,6,historical_nan_block_numbering_divergence
21055007_10_49,lags_only,27,2023-07-27,2023-08-03,7,historical_nan_block_numbering_divergence
21055007_10_49,lags_only,27,2023-07-28,2023-07-29,1,historical_nan_block_numbering_divergence
21055007_10_49,lags_only,27,2023-07-28,2023-07-30,2,historical_nan_block_numbering_divergence
21055007_10_49,lags_only,27,2023-07-28,2023-07-31,3,historical_nan_block_numbering_divergence
21055007_10_49,lags_only,27,2023-07-28,2023-08-01,4,historical_nan_block_numbering_divergence
21055007_10_49,lags_only,27,2023-07-28,2023-08-02,5,historical_nan_block_numbering_divergence
21055007_10_49,lags_only,27,2023-07-28,2023-08-03,6,historical_nan_block_numbering_divergence
21055007_10_49,lags_only,27,2023-07-28,2023-08-04,7,historical_nan_block_numbering_divergence
21055007_10_49,lags_only,27,2023-07-29,2023-07-30,1,historical_nan_block_numbering_divergence
21055007_10_49,lags_only,27,2023-07-29,2023-07-31,2,historical_nan_block_numbering_divergence
21055007_10_49,lags_only,27,2023-07-29,2023-08-01,3,historical_nan_block_numbering_divergence
21055007_10_49,lags_only,27,2023-07-29,2023-08-02,4,historical_nan_block_numbering_divergence
21055007_10_49,lags_only,27,2023-07-29,2023-08-03,5,historical_nan_block_numbering_divergence
21055007_10_49,lags_only,27,2023-07-29,2023-08-04,6,historical_nan_block_numbering_divergence
21055007_10_49,lags_only,27,2023-07-29,2023-08-05,7,historical_nan_block_numbering_divergence
21055007_10_49,lags_only,27,2023-07-30,2023-07-31,1,historical_nan_block_numbering_divergence
21055007_10_49,lags_only,27,2023-07-30,2023-08-01,2,historical_nan_block_numbering_divergence
21055007_10_49,lags_only,27,2023-07-30,2023-08-02,3,historical_nan_block_numbering_divergence
21055007_10_49,lags_only,27,2023-07-30,2023-08-03,4,historical_nan_block_numbering_divergence
21055007_10_49,lags_only,27,2023-07-30,2023-08-04,5,historical_nan_block_numbering_divergence
21055007_10_49,lags_only,27,2023-07-30,2023-08-05,6,historical_nan_block_numbering_divergence
21055007_10_49,lags_only,27,2023-07-30,2023-08-06,7,historical_nan_block_numbering_divergence
21055007_10_49,lags_only,27,2023-07-31,2023-08-01,1,historical_nan_block_numbering_divergence
21055007_10_49,lags_only,27,2023-07-31,2023-08-02,2,historical_nan_block_numbering_divergence
21055007_10_49,lags_only,27,2023-07-31,2023-08-03,3,historical_nan_block_numbering_divergence
21055007_10_49,lags_only,27,2023-07-31,2023-08-04,4,historical_nan_block_numbering_divergence
21055007_10_49,lags_only,27,2023-07-31,2023-08-05,5,historical_nan_block_numbering_divergence
21055007_10_49,lags_only,27,2023-07-31,2023-08-06,6,historical_nan_block_numbering_divergence
21055007_10_49,lags_only,27,2023-07-31,2023-08-07,7,historical_nan_block_numbering_divergence
21055007_10_49,lags_only,27,2023-08-01,2023-08-02,1,historical_nan_block_numbering_divergence
21055007_10_49,lags_only,27,2023-08-01,2023-08-03,2,historical_nan_block_numbering_divergence
21055007_10_49,lags_only,27,2023-08-01,2023-08-04,3,historical_nan_block_numbering_divergence
21055007_10_49,lags_only,27,2023-08-01,2023-08-05,4,historical_nan_block_numbering_divergence
21055007_10_49,lags_only,27,2023-08-01,2023-08-06,5,historical_nan_block_numbering_divergence
21055007_10_49,lags_only,27,2023-08-01,2023-08-07,6,historical_nan_block_numbering_divergence
21055007_10_49,lags_only,27,2023-08-01,2023-08-08,7,historical_nan_block_numbering_divergence
21055007_10_49,lags_only,27,2023-08-02,2023-08-03,1,historical_nan_block_numbering_divergence
21055007_10_49,lags_only,27,2023-08-02,2023-08-04,2,historical_nan_block_numbering_divergence
21055007_10_49,lags_only,27,2023-08-02,2023-08-05,3,historical_nan_block_numbering_divergence
21055007_10_49,lags_only,27,2023-08-02,2023-08-06,4,historical_nan_block_numbering_divergence
21055007_10_49,lags_only,27,2023-08-02,2023-08-07,5,historical_nan_block_numbering_divergence
21055007_10_49,lags_only,27,2023-08-02,2023-08-08,6,historical_nan_block_numbering_divergence
21055007_10_49,lags_only,27,2023-08-02,2023-08-09,7,historical_nan_block_numbering_divergence
21055007_10_49,lags_only,27,2023-08-03,2023-08-04,1,historical_nan_block_numbering_divergence
21055007_10_49,lags_only,27,2023-08-03,2023-08-05,2,historical_nan_block_numbering_divergence
21055007_10_49,lags_only,27,2023-08-03,2023-08-06,3,historical_nan_block_numbering_divergence
21055007_10_49,lags_only,27,2023-08-03,2023-08-07,4,historical_nan_block_numbering_divergence
21055007_10_49,lags_only,27,2023-08-03,2023-08-08,5,historical_nan_block_numbering_divergence
21055007_10_49,lags_only,27,2023-08-03,2023-08-09,6,historical_nan_block_numbering_divergence
21055007_10_49,lags_only,27,2023-08-04,2023-08-05,1,historical_nan_block_numbering_divergence
21055007_10_49,lags_only,27,2023-08-04,2023-08-06,2,historical_nan_block_numbering_divergence
21055007_10_49,lags_only,27,2023-08-04,2023-08-07,3,historical_nan_block_numbering_divergence
21055007_10_49,lags_only,27,2023-08-04,2023-08-08,4,historical_nan_block_numbering_divergence
21055007_10_49,lags_only,27,2023-08-04,2023-08-09,5,historical_nan_block_numbering_divergence
21055007_10_49,lags_only,27,2023-08-05,2023-08-06,1,historical_nan_block_numbering_divergence
21055007_10_49,lags_only,27,2023-08-05,2023-08-07,2,historical_nan_block_numbering_divergence
21055007_10_49,lags_only,27,2023-08-05,2023-08-08,3,historical_nan_block_numbering_divergence
21055007_10_49,lags_only,27,2023-08-05,2023-08-09,4,historical_nan_block_numbering_divergence
21055007_10_49,lags_only,27,2023-08-06,2023-08-07,1,historical_nan_block_numbering_divergence
21055007_10_49,lags_only,27,2023-08-06,2023-08-08,2,historical_nan_block_numbering_divergence
21055007_10_49,lags_only,27,2023-08-06,2023-08-09,3,historical_nan_block_numbering_divergence
21055007_10_49,lags_only,27,2023-08-07,2023-08-08,1,historical_nan_block_numbering_divergence
21055007_10_49,lags_only,27,2023-08-07,2023-08-09,2,historical_nan_block_numbering_divergence
21055007_10_49,lags_only,27,2023-08-08,2023-08-09,1,historical_nan_block_numbering_divergence
21055007_10_49,lags_only,27,2023-08-10,2023-08-17,7,historical_nan_block_numbering_divergence
21055007_10_49,lags_only,28,2023-08-31,2023-09-01,1,historical_nan_block_numbering_divergence
21055007_10_49,lags_only,28,2023-08-31,2023-09-02,2,historical_nan_block_numbering_divergence
21055007_10_49,lags_only,28,2023-08-31,2023-09-03,3,historical_nan_block_numbering_divergence
21055007_10_49,lags_only,28,2023-08-31,2023-09-04,4,historical_nan_block_numbering_divergence
21055007_10_49,lags_only,28,2023-08-31,2023-09-05,5,historical_nan_block_numbering_divergence
21055007_10_49,lags_only,28,2023-08-31,2023-09-06,6,historical_nan_block_numbering_divergence
21055007_10_49,lags_only,28,2023-08-31,2023-09-07,7,historical_nan_block_numbering_divergence
21055007_10_49,lags_only,28,2023-09-01,2023-09-02,1,historical_nan_block_numbering_divergence
21055007_10_49,lags_only,28,2023-09-01,2023-09-03,2,historical_nan_block_numbering_divergence
21055007_10_49,lags_only,28,2023-09-01,2023-09-04,3,historical_nan_block_numbering_divergence
21055007_10_49,lags_only,28,2023-09-01,2023-09-05,4,historical_nan_block_numbering_divergence
21055007_10_49,lags_only,28,2023-09-01,2023-09-06,5,historical_nan_block_numbering_divergence
21055007_10_49,lags_only,28,2023-09-01,2023-09-07,6,historical_nan_block_numbering_divergence
21055007_10_49,lags_only,28,2023-09-01,2023-09-08,7,historical_nan_block_numbering_divergence
21055007_10_49,lags_only,28,2023-09-02,2023-09-03,1,historical_nan_block_numbering_divergence
21055007_10_49,lags_only,28,2023-09-02,2023-09-04,2,historical_nan_block_numbering_divergence
21055007_10_49,lags_only,28,2023-09-02,2023-09-05,3,historical_nan_block_numbering_divergence
21055007_10_49,lags_only,28,2023-09-02,2023-09-06,4,historical_nan_block_numbering_divergence
21055007_10_49,lags_only,28,2023-09-02,2023-09-07,5,historical_nan_block_numbering_divergence
21055007_10_49,lags_only,28,2023-09-02,2023-09-08,6,historical_nan_block_numbering_divergence
21055007_10_49,lags_only,28,2023-09-02,2023-09-09,7,historical_nan_block_numbering_divergence
21055007_10_49,lags_only,28,2023-09-03,2023-09-04,1,historical_nan_block_numbering_divergence
21055007_10_49,lags_only,28,2023-09-03,2023-09-05,2,historical_nan_block_numbering_divergence
21055007_10_49,lags_only,28,2023-09-03,2023-09-06,3,historical_nan_block_numbering_divergence
21055007_10_49,lags_only,28,2023-09-03,2023-09-07,4,historical_nan_block_numbering_divergence
21055007_10_49,lags_only,28,2023-09-03,2023-09-08,5,historical_nan_block_numbering_divergence
21055007_10_49,lags_only,28,2023-09-03,2023-09-09,6,historical_nan_block_numbering_divergence
21055007_10_49,lags_only,28,2023-09-03,2023-09-10,7,historical_nan_block_numbering_divergence
21055007_10_49,lags_only,28,2023-09-04,2023-09-05,1,historical_nan_block_numbering_divergence
21055007_10_49,lags_only,28,2023-09-04,2023-09-06,2,historical_nan_block_numbering_divergence
21055007_10_49,lags_only,28,2023-09-04,2023-09-07,3,historical_nan_block_numbering_divergence
21055007_10_49,lags_only,28,2023-09-04,2023-09-08,4,historical_nan_block_numbering_divergence
21055007_10_49,lags_only,28,2023-09-04,2023-09-09,5,historical_nan_block_numbering_divergence
21055007_10_49,lags_only,28,2023-09-04,2023-09-10,6,historical_nan_block_numbering_divergence
21055007_10_49,lags_only,28,2023-09-04,2023-09-11,7,historical_nan_block_numbering_divergence
21055007_10_49,lags_only,28,2023-09-05,2023-09-06,1,historical_nan_block_numbering_divergence
21055007_10_49,lags_only,28,2023-09-05,2023-09-07,2,historical_nan_block_numbering_divergence
21055007_10_49,lags_only,28,2023-09-05,2023-09-08,3,historical_nan_block_numbering_divergence
21055007_10_49,lags_only,28,2023-09-05,2023-09-09,4,historical_nan_block_numbering_divergence
21055007_10_49,lags_only,28,2023-09-05,2023-09-10,5,historical_nan_block_numbering_divergence
21055007_10_49,lags_only,28,2023-09-05,2023-09-11,6,historical_nan_block_numbering_divergence
21055007_10_49,lags_only,28,2023-09-05,2023-09-12,7,historical_nan_block_numbering_divergence
21055007_10_49,lags_only,28,2023-09-06,2023-09-07,1,historical_nan_block_numbering_divergence
21055007_10_49,lags_only,28,2023-09-06,2023-09-08,2,historical_nan_block_numbering_divergence
21055007_10_49,lags_only,28,2023-09-06,2023-09-09,3,historical_nan_block_numbering_divergence
21055007_10_49,lags_only,28,2023-09-06,2023-09-10,4,historical_nan_block_numbering_divergence
21055007_10_49,lags_only,28,2023-09-06,2023-09-11,5,historical_nan_block_numbering_divergence
21055007_10_49,lags_only,28,2023-09-06,2023-09-12,6,historical_nan_block_numbering_divergence
21055007_10_49,lags_only,28,2023-09-06,2023-09-13,7,historical_nan_block_numbering_divergence
21055007_10_49,lags_only,29,2023-09-14,2023-09-15,1,historical_nan_block_numbering_divergence
21055007_10_49,lags_only,29,2023-09-14,2023-09-16,2,historical_nan_block_numbering_divergence
21055007_10_49,lags_only,29,2023-09-14,2023-09-17,3,historical_nan_block_numbering_divergence
21055007_10_49,lags_only,29,2023-09-14,2023-09-18,4,historical_nan_block_numbering_divergence
21055007_10_49,lags_only,29,2023-09-14,2023-09-19,5,historical_nan_block_numbering_divergence
21055007_10_49,lags_only,29,2023-09-14,2023-09-20,6,historical_nan_block_numbering_divergence
21055007_10_49,lags_only,29,2023-09-14,2023-09-21,7,historical_nan_block_numbering_divergence
21055007_10_49,lags_only,29,2023-09-15,2023-09-16,1,historical_nan_block_numbering_divergence
21055007_10_49,lags_only,29,2023-09-15,2023-09-17,2,historical_nan_block_numbering_divergence
21055007_10_49,lags_only,29,2023-09-15,2023-09-18,3,historical_nan_block_numbering_divergence
21055007_10_49,lags_only,29,2023-09-15,2023-09-19,4,historical_nan_block_numbering_divergence
21055007_10_49,lags_only,29,2023-09-15,2023-09-20,5,historical_nan_block_numbering_divergence
21055007_10_49,lags_only,29,2023-09-15,2023-09-21,6,historical_nan_block_numbering_divergence
21055007_10_49,lags_only,29,2023-09-15,2023-09-22,7,historical_nan_block_numbering_divergence
21055007_10_49,lags_only,29,2023-09-16,2023-09-17,1,historical_nan_block_numbering_divergence
21055007_10_49,lags_only,29,2023-09-16,2023-09-18,2,historical_nan_block_numbering_divergence
21055007_10_49,lags_only,29,2023-09-16,2023-09-19,3,historical_nan_block_numbering_divergence
21055007_10_49,lags_only,29,2023-09-16,2023-09-20,4,historical_nan_block_numbering_divergence
21055007_10_49,lags_only,29,2023-09-16,2023-09-21,5,historical_nan_block_numbering_divergence
21055007_10_49,lags_only,29,2023-09-16,2023-09-22,6,historical_nan_block_numbering_divergence
21055007_10_49,lags_only,29,2023-09-16,2023-09-23,7,historical_nan_block_numbering_divergence
21055007_10_49,lags_only,29,2023-09-17,2023-09-18,1,historical_nan_block_numbering_divergence
21055007_10_49,lags_only,29,2023-09-17,2023-09-19,2,historical_nan_block_numbering_divergence
21055007_10_49,lags_only,29,2023-09-17,2023-09-20,3,historical_nan_block_numbering_divergence
21055007_10_49,lags_only,29,2023-09-17,2023-09-21,4,historical_nan_block_numbering_divergence
21055007_10_49,lags_only,29,2023-09-17,2023-09-22,5,historical_nan_block_numbering_divergence
21055007_10_49,lags_only,29,2023-09-17,2023-09-23,6,historical_nan_block_numbering_divergence
21055007_10_49,lags_only,29,2023-09-17,2023-09-24,7,historical_nan_block_numbering_divergence
21055007_10_49,lags_only,29,2023-09-18,2023-09-19,1,historical_nan_block_numbering_divergence
21055007_10_49,lags_only,29,2023-09-18,2023-09-20,2,historical_nan_block_numbering_divergence
21055007_10_49,lags_only,29,2023-09-18,2023-09-21,3,historical_nan_block_numbering_divergence
21055007_10_49,lags_only,29,2023-09-18,2023-09-22,4,historical_nan_block_numbering_divergence
21055007_10_49,lags_only,29,2023-09-18,2023-09-23,5,historical_nan_block_numbering_divergence
21055007_10_49,lags_only,29,2023-09-18,2023-09-24,6,historical_nan_block_numbering_divergence
21055007_10_49,lags_only,29,2023-09-18,2023-09-25,7,historical_nan_block_numbering_divergence
21055007_10_49,lags_only,29,2023-09-19,2023-09-20,1,historical_nan_block_numbering_divergence
21055007_10_49,lags_only,29,2023-09-19,2023-09-21,2,historical_nan_block_numbering_divergence
21055007_10_49,lags_only,29,2023-09-19,2023-09-22,3,historical_nan_block_numbering_divergence
21055007_10_49,lags_only,29,2023-09-19,2023-09-23,4,historical_nan_block_numbering_divergence
21055007_10_49,lags_only,29,2023-09-19,2023-09-24,5,historical_nan_block_numbering_divergence
21055007_10_49,lags_only,29,2023-09-19,2023-09-25,6,historical_nan_block_numbering_divergence
21055007_10_49,lags_only,29,2023-09-19,2023-09-26,7,historical_nan_block_numbering_divergence
21055007_10_49,lags_only,29,2023-09-20,2023-09-21,1,historical_nan_block_numbering_divergence
21055007_10_49,lags_only,29,2023-09-20,2023-09-22,2,historical_nan_block_numbering_divergence
21055007_10_49,lags_only,29,2023-09-20,2023-09-23,3,historical_nan_block_numbering_divergence
21055007_10_49,lags_only,29,2023-09-20,2023-09-24,4,historical_nan_block_numbering_divergence
21055007_10_49,lags_only,29,2023-09-20,2023-09-25,5,historical_nan_block_numbering_divergence
21055007_10_49,lags_only,29,2023-09-20,2023-09-26,6,historical_nan_block_numbering_divergence
21055007_10_49,lags_only,29,2023-09-20,2023-09-27,7,historical_nan_block_numbering_divergence
21055007_10_49,lags_only,29,2023-09-21,2023-09-22,1,historical_nan_block_numbering_divergence
21055007_10_49,lags_only,29,2023-09-21,2023-09-23,2,historical_nan_block_numbering_divergence
21055007_10_49,lags_only,29,2023-09-21,2023-09-24,3,historical_nan_block_numbering_divergence
21055007_10_49,lags_only,29,2023-09-21,2023-09-25,4,historical_nan_block_numbering_divergence
21055007_10_49,lags_only,29,2023-09-21,2023-09-26,5,historical_nan_block_numbering_divergence
21055007_10_49,lags_only,29,2023-09-21,2023-09-27,6,historical_nan_block_numbering_divergence
21055007_10_49,lags_only,29,2023-09-21,2023-09-28,7,historical_nan_block_numbering_divergence
21055007_10_49,lags_only,29,2023-09-22,2023-09-23,1,historical_nan_block_numbering_divergence
21055007_10_49,lags_only,29,2023-09-22,2023-09-24,2,historical_nan_block_numbering_divergence
21055007_10_49,lags_only,29,2023-09-22,2023-09-25,3,historical_nan_block_numbering_divergence
21055007_10_49,lags_only,29,2023-09-22,2023-09-26,4,historical_nan_block_numbering_divergence
21055007_10_49,lags_only,29,2023-09-22,2023-09-27,5,historical_nan_block_numbering_divergence
21055007_10_49,lags_only,29,2023-09-22,2023-09-28,6,historical_nan_block_numbering_divergence
21055007_10_49,lags_only,29,2023-09-22,2023-09-29,7,historical_nan_block_numbering_divergence
21055007_10_49,lags_only,29,2023-09-23,2023-09-24,1,historical_nan_block_numbering_divergence
21055007_10_49,lags_only,29,2023-09-23,2023-09-25,2,historical_nan_block_numbering_divergence
21055007_10_49,lags_only,29,2023-09-23,2023-09-26,3,historical_nan_block_numbering_divergence
21055007_10_49,lags_only,29,2023-09-23,2023-09-27,4,historical_nan_block_numbering_divergence
21055007_10_49,lags_only,29,2023-09-23,2023-09-28,5,historical_nan_block_numbering_divergence
21055007_10_49,lags_only,29,2023-09-23,2023-09-29,6,historical_nan_block_numbering_divergence
21055007_10_49,lags_only,29,2023-09-23,2023-09-30,7,historical_nan_block_numbering_divergence
21055007_10_49,lags_only,29,2023-09-24,2023-09-25,1,historical_nan_block_numbering_divergence
21055007_10_49,lags_only,29,2023-09-24,2023-09-26,2,historical_nan_block_numbering_divergence
21055007_10_49,lags_only,29,2023-09-24,2023-09-27,3,historical_nan_block_numbering_divergence
21055007_10_49,lags_only,29,2023-09-24,2023-09-28,4,historical_nan_block_numbering_divergence
21055007_10_49,lags_only,29,2023-09-24,2023-09-29,5,historical_nan_block_numbering_divergence
21055007_10_49,lags_only,29,2023-09-24,2023-09-30,6,historical_nan_block_numbering_divergence
21055007_10_49,lags_only,29,2023-09-24,2023-10-01,7,historical_nan_block_numbering_divergence
21055007_10_49,lags_only,29,2023-09-25,2023-09-26,1,historical_nan_block_numbering_divergence
21055007_10_49,lags_only,29,2023-09-25,2023-09-27,2,historical_nan_block_numbering_divergence
21055007_10_49,lags_only,29,2023-09-25,2023-09-28,3,historical_nan_block_numbering_divergence
21055007_10_49,lags_only,29,2023-09-25,2023-09-29,4,historical_nan_block_numbering_divergence
21055007_10_49,lags_only,29,2023-09-25,2023-09-30,5,historical_nan_block_numbering_divergence
21055007_10_49,lags_only,29,2023-09-25,2023-10-01,6,historical_nan_block_numbering_divergence
21055007_10_49,lags_only,29,2023-09-25,2023-10-02,7,historical_nan_block_numbering_divergence
21055007_10_49,lags_only,29,2023-09-26,2023-09-27,1,historical_nan_block_numbering_divergence
21055007_10_49,lags_only,29,2023-09-26,2023-09-28,2,historical_nan_block_numbering_divergence
21055007_10_49,lags_only,29,2023-09-26,2023-09-29,3,historical_nan_block_numbering_divergence
21055007_10_49,lags_only,29,2023-09-26,2023-09-30,4,historical_nan_block_numbering_divergence
21055007_10_49,lags_only,29,2023-09-26,2023-10-01,5,historical_nan_block_numbering_divergence
21055007_10_49,lags_only,29,2023-09-26,2023-10-02,6,historical_nan_block_numbering_divergence
21055007_10_49,lags_only,29,2023-09-26,2023-10-03,7,historical_nan_block_numbering_divergence
21055007_10_49,lags_only,29,2023-09-27,2023-09-28,1,historical_nan_block_numbering_divergence
21055007_10_49,lags_only,29,2023-09-27,2023-09-29,2,historical_nan_block_numbering_divergence
21055007_10_49,lags_only,29,2023-09-27,2023-09-30,3,historical_nan_block_numbering_divergence
21055007_10_49,lags_only,29,2023-09-27,2023-10-01,4,historical_nan_block_numbering_divergence
21055007_10_49,lags_only,29,2023-09-27,2023-10-02,5,historical_nan_block_numbering_divergence
21055007_10_49,lags_only,29,2023-09-27,2023-10-03,6,historical_nan_block_numbering_divergence
21055007_10_49,lags_only,29,2023-09-27,2023-10-04,7,historical_nan_block_numbering_divergence
21055007_10_49,lags_only,29,2023-09-28,2023-09-29,1,historical_nan_block_numbering_divergence
21055007_10_49,lags_only,29,2023-09-28,2023-09-30,2,historical_nan_block_numbering_divergence
21055007_10_49,lags_only,29,2023-09-28,2023-10-01,3,historical_nan_block_numbering_divergence
21055007_10_49,lags_only,29,2023-09-28,2023-10-02,4,historical_nan_block_numbering_divergence
21055007_10_49,lags_only,29,2023-09-28,2023-10-03,5,historical_nan_block_numbering_divergence
21055007_10_49,lags_only,29,2023-09-28,2023-10-04,6,historical_nan_block_numbering_divergence
21055007_10_49,lags_only,29,2023-09-28,2023-10-05,7,historical_nan_block_numbering_divergence
21055007_10_49,lags_only,29,2023-09-29,2023-09-30,1,historical_nan_block_numbering_divergence
21055007_10_49,lags_only,29,2023-09-29,2023-10-01,2,historical_nan_block_numbering_divergence
21055007_10_49,lags_only,29,2023-09-29,2023-10-02,3,historical_nan_block_numbering_divergence
21055007_10_49,lags_only,29,2023-09-29,2023-10-03,4,historical_nan_block_numbering_divergence
21055007_10_49,lags_only,29,2023-09-29,2023-10-04,5,historical_nan_block_numbering_divergence
21055007_10_49,lags_only,29,2023-09-29,2023-10-05,6,historical_nan_block_numbering_divergence
21055007_10_49,lags_only,29,2023-09-29,2023-10-06,7,historical_nan_block_numbering_divergence
21055007_10_49,lags_only,29,2023-09-30,2023-10-01,1,historical_nan_block_numbering_divergence
21055007_10_49,lags_only,29,2023-09-30,2023-10-02,2,historical_nan_block_numbering_divergence
21055007_10_49,lags_only,29,2023-09-30,2023-10-03,3,historical_nan_block_numbering_divergence
21055007_10_49,lags_only,29,2023-09-30,2023-10-04,4,historical_nan_block_numbering_divergence
21055007_10_49,lags_only,29,2023-09-30,2023-10-05,5,historical_nan_block_numbering_divergence
21055007_10_49,lags_only,29,2023-09-30,2023-10-06,6,historical_nan_block_numbering_divergence
21055007_10_49,lags_only,29,2023-09-30,2023-10-07,7,historical_nan_block_numbering_divergence
21055007_10_49,lags_only,29,2023-10-01,2023-10-02,1,historical_nan_block_numbering_divergence
21055007_10_49,lags_only,29,2023-10-01,2023-10-03,2,historical_nan_block_numbering_divergence
21055007_10_49,lags_only,29,2023-10-01,2023-10-04,3,historical_nan_block_numbering_divergence
21055007_10_49,lags_only,29,2023-10-01,2023-10-05,4,historical_nan_block_numbering_divergence
21055007_10_49,lags_only,29,2023-10-01,2023-10-06,5,historical_nan_block_numbering_divergence
21055007_10_49,lags_only,29,2023-10-01,2023-10-07,6,historical_nan_block_numbering_divergence
21055007_10_49,lags_only,29,2023-10-01,2023-10-08,7,historical_nan_block_numbering_divergence
21055007_10_49,lags_only,29,2023-10-02,2023-10-03,1,historical_nan_block_numbering_divergence
21055007_10_49,lags_only,29,2023-10-02,2023-10-04,2,historical_nan_block_numbering_divergence
21055007_10_49,lags_only,29,2023-10-02,2023-10-05,3,historical_nan_block_numbering_divergence
21055007_10_49,lags_only,29,2023-10-02,2023-10-06,4,historical_nan_block_numbering_divergence
21055007_10_49,lags_only,29,2023-10-02,2023-10-07,5,historical_nan_block_numbering_divergence
21055007_10_49,lags_only,29,2023-10-02,2023-10-08,6,historical_nan_block_numbering_divergence
21055007_10_49,lags_only,29,2023-10-02,2023-10-09,7,historical_nan_block_numbering_divergence
21055007_10_49,lags_only,29,2023-10-03,2023-10-04,1,historical_nan_block_numbering_divergence
21055007_10_49,lags_only,29,2023-10-03,2023-10-05,2,historical_nan_block_numbering_divergence
21055007_10_49,lags_only,29,2023-10-03,2023-10-06,3,historical_nan_block_numbering_divergence
21055007_10_49,lags_only,29,2023-10-03,2023-10-07,4,historical_nan_block_numbering_divergence
21055007_10_49,lags_only,29,2023-10-03,2023-10-08,5,historical_nan_block_numbering_divergence
21055007_10_49,lags_only,29,2023-10-03,2023-10-09,6,historical_nan_block_numbering_divergence
21055007_10_49,lags_only,29,2023-10-03,2023-10-10,7,historical_nan_block_numbering_divergence
21055007_10_49,lags_only,29,2023-10-04,2023-10-05,1,historical_nan_block_numbering_divergence
21055007_10_49,lags_only,29,2023-10-04,2023-10-06,2,historical_nan_block_numbering_divergence
21055007_10_49,lags_only,29,2023-10-04,2023-10-07,3,historical_nan_block_numbering_divergence
21055007_10_49,lags_only,29,2023-10-04,2023-10-08,4,historical_nan_block_numbering_divergence
21055007_10_49,lags_only,29,2023-10-04,2023-10-09,5,historical_nan_block_numbering_divergence
21055007_10_49,lags_only,29,2023-10-04,2023-10-10,6,historical_nan_block_numbering_divergence
21055007_10_49,lags_only,29,2023-10-04,2023-10-11,7,historical_nan_block_numbering_divergence
21055007_10_49,lags_only,29,2023-10-05,2023-10-06,1,historical_nan_block_numbering_divergence
21055007_10_49,lags_only,29,2023-10-05,2023-10-07,2,historical_nan_block_numbering_divergence
21055007_10_49,lags_only,29,2023-10-05,2023-10-08,3,historical_nan_block_numbering_divergence
21055007_10_49,lags_only,29,2023-10-05,2023-10-09,4,historical_nan_block_numbering_divergence
21055007_10_49,lags_only,29,2023-10-05,2023-10-10,5,historical_nan_block_numbering_divergence
21055007_10_49,lags_only,29,2023-10-05,2023-10-11,6,historical_nan_block_numbering_divergence
21055007_10_49,lags_only,29,2023-10-05,2023-10-12,7,historical_nan_block_numbering_divergence
21055007_10_49,lags_only,29,2023-10-06,2023-10-07,1,historical_nan_block_numbering_divergence
21055007_10_49,lags_only,29,2023-10-06,2023-10-08,2,historical_nan_block_numbering_divergence
21055007_10_49,lags_only,29,2023-10-06,2023-10-09,3,historical_nan_block_numbering_divergence
21055007_10_49,lags_only,29,2023-10-06,2023-10-10,4,historical_nan_block_numbering_divergence
21055007_10_49,lags_only,29,2023-10-06,2023-10-11,5,historical_nan_block_numbering_divergence
21055007_10_49,lags_only,29,2023-10-06,2023-10-12,6,historical_nan_block_numbering_divergence
21055007_10_49,lags_only,29,2023-10-06,2023-10-13,7,historical_nan_block_numbering_divergence
21055007_10_49,lags_only,29,2023-10-07,2023-10-08,1,historical_nan_block_numbering_divergence
21055007_10_49,lags_only,29,2023-10-07,2023-10-09,2,historical_nan_block_numbering_divergence
21055007_10_49,lags_only,29,2023-10-07,2023-10-10,3,historical_nan_block_numbering_divergence
21055007_10_49,lags_only,29,2023-10-07,2023-10-11,4,historical_nan_block_numbering_divergence
21055007_10_49,lags_only,29,2023-10-07,2023-10-12,5,historical_nan_block_numbering_divergence
21055007_10_49,lags_only,29,2023-10-07,2023-10-13,6,historical_nan_block_numbering_divergence
21055007_10_49,lags_only,29,2023-10-07,2023-10-14,7,historical_nan_block_numbering_divergence
21055007_10_49,lags_only,29,2023-10-08,2023-10-09,1,historical_nan_block_numbering_divergence
21055007_10_49,lags_only,29,2023-10-08,2023-10-10,2,historical_nan_block_numbering_divergence
21055007_10_49,lags_only,29,2023-10-08,2023-10-11,3,historical_nan_block_numbering_divergence
21055007_10_49,lags_only,29,2023-10-08,2023-10-12,4,historical_nan_block_numbering_divergence
21055007_10_49,lags_only,29,2023-10-08,2023-10-13,5,historical_nan_block_numbering_divergence
21055007_10_49,lags_only,29,2023-10-08,2023-10-14,6,historical_nan_block_numbering_divergence
21055007_10_49,lags_only,29,2023-10-08,2023-10-15,7,historical_nan_block_numbering_divergence
21055007_10_49,lags_only,29,2023-10-09,2023-10-10,1,historical_nan_block_numbering_divergence
21055007_10_49,lags_only,29,2023-10-09,2023-10-11,2,historical_nan_block_numbering_divergence
21055007_10_49,lags_only,29,2023-10-09,2023-10-12,3,historical_nan_block_numbering_divergence
21055007_10_49,lags_only,29,2023-10-09,2023-10-13,4,historical_nan_block_numbering_divergence
21055007_10_49,lags_only,29,2023-10-09,2023-10-14,5,historical_nan_block_numbering_divergence
21055007_10_49,lags_only,29,2023-10-09,2023-10-15,6,historical_nan_block_numbering_divergence
21055007_10_49,lags_only,29,2023-10-09,2023-10-16,7,historical_nan_block_numbering_divergence
21055007_10_49,lags_only,29,2023-10-10,2023-10-11,1,historical_nan_block_numbering_divergence
21055007_10_49,lags_only,29,2023-10-10,2023-10-12,2,historical_nan_block_numbering_divergence
21055007_10_49,lags_only,29,2023-10-10,2023-10-13,3,historical_nan_block_numbering_divergence
21055007_10_49,lags_only,29,2023-10-10,2023-10-14,4,historical_nan_block_numbering_divergence
21055007_10_49,lags_only,29,2023-10-10,2023-10-15,5,historical_nan_block_numbering_divergence
21055007_10_49,lags_only,29,2023-10-10,2023-10-16,6,historical_nan_block_numbering_divergence
21055007_10_49,lags_only,29,2023-10-10,2023-10-17,7,historical_nan_block_numbering_divergence
21055007_10_49,lags_only,29,2023-10-11,2023-10-12,1,historical_nan_block_numbering_divergence
21055007_10_49,lags_only,29,2023-10-11,2023-10-13,2,historical_nan_block_numbering_divergence
21055007_10_49,lags_only,29,2023-10-11,2023-10-14,3,historical_nan_block_numbering_divergence
21055007_10_49,lags_only,29,2023-10-11,2023-10-15,4,historical_nan_block_numbering_divergence
21055007_10_49,lags_only,29,2023-10-11,2023-10-16,5,historical_nan_block_numbering_divergence
21055007_10_49,lags_only,29,2023-10-11,2023-10-17,6,historical_nan_block_numbering_divergence
21055007_10_49,lags_only,30,2023-10-12,2023-10-13,1,historical_nan_block_numbering_divergence
21055007_10_49,lags_only,30,2023-10-12,2023-10-14,2,historical_nan_block_numbering_divergence
21055007_10_49,lags_only,30,2023-10-12,2023-10-15,3,historical_nan_block_numbering_divergence
21055007_10_49,lags_only,30,2023-10-12,2023-10-16,4,historical_nan_block_numbering_divergence
21055007_10_49,lags_only,30,2023-10-12,2023-10-17,5,historical_nan_block_numbering_divergence
21055007_10_49,lags_only,30,2023-10-13,2023-10-14,1,historical_nan_block_numbering_divergence
21055007_10_49,lags_only,30,2023-10-13,2023-10-15,2,historical_nan_block_numbering_divergence
21055007_10_49,lags_only,30,2023-10-13,2023-10-16,3,historical_nan_block_numbering_divergence
21055007_10_49,lags_only,30,2023-10-13,2023-10-17,4,historical_nan_block_numbering_divergence
21055007_10_49,lags_only,30,2023-10-13,2023-10-20,7,historical_nan_block_numbering_divergence
21055007_10_49,lags_only,30,2023-10-14,2023-10-15,1,historical_nan_block_numbering_divergence
21055007_10_49,lags_only,30,2023-10-14,2023-10-16,2,historical_nan_block_numbering_divergence
21055007_10_49,lags_only,30,2023-10-14,2023-10-17,3,historical_nan_block_numbering_divergence
21055007_10_49,lags_only,30,2023-10-14,2023-10-20,6,historical_nan_block_numbering_divergence
21055007_10_49,lags_only,30,2023-10-14,2023-10-21,7,historical_nan_block_numbering_divergence
21055007_10_49,lags_only,30,2023-10-15,2023-10-16,1,historical_nan_block_numbering_divergence
21055007_10_49,lags_only,30,2023-10-15,2023-10-17,2,historical_nan_block_numbering_divergence
21055007_10_49,lags_only,30,2023-10-15,2023-10-20,5,historical_nan_block_numbering_divergence
21055007_10_49,lags_only,30,2023-10-15,2023-10-21,6,historical_nan_block_numbering_divergence
21055007_10_49,lags_only,30,2023-10-15,2023-10-22,7,historical_nan_block_numbering_divergence
21055007_10_49,lags_only,30,2023-10-16,2023-10-17,1,historical_nan_block_numbering_divergence
21055007_10_49,lags_only,30,2023-10-16,2023-10-20,4,historical_nan_block_numbering_divergence
21055007_10_49,lags_only,30,2023-10-16,2023-10-21,5,historical_nan_block_numbering_divergence
21055007_10_49,lags_only,30,2023-10-16,2023-10-22,6,historical_nan_block_numbering_divergence
21055007_10_49,lags_only,30,2023-10-16,2023-10-23,7,historical_nan_block_numbering_divergence
21055007_10_49,lags_only,30,2023-10-17,2023-10-20,3,historical_nan_block_numbering_divergence
21055007_10_49,lags_only,30,2023-10-17,2023-10-21,4,historical_nan_block_numbering_divergence
21055007_10_49,lags_only,30,2023-10-17,2023-10-22,5,historical_nan_block_numbering_divergence
21055007_10_49,lags_only,30,2023-10-17,2023-10-23,6,historical_nan_block_numbering_divergence
21055007_10_49,lags_only,30,2023-10-17,2023-10-24,7,historical_nan_block_numbering_divergence
21055007_10_49,lags_only,30,2023-10-18,2023-10-20,2,historical_nan_block_numbering_divergence
21055007_10_49,lags_only,30,2023-10-18,2023-10-21,3,historical_nan_block_numbering_divergence
21055007_10_49,lags_only,30,2023-10-18,2023-10-22,4,historical_nan_block_numbering_divergence
21055007_10_49,lags_only,30,2023-10-18,2023-10-23,5,historical_nan_block_numbering_divergence
21055007_10_49,lags_only,30,2023-10-18,2023-10-24,6,historical_nan_block_numbering_divergence
21055007_10_49,lags_only,30,2023-10-18,2023-10-25,7,historical_nan_block_numbering_divergence
21055007_10_49,lags_only,30,2023-10-23,2023-10-24,1,historical_nan_block_numbering_divergence
21055007_10_49,lags_only,30,2023-10-23,2023-10-25,2,historical_nan_block_numbering_divergence
21055007_10_49,lags_only,30,2023-10-23,2023-10-26,3,historical_nan_block_numbering_divergence
21055007_10_49,lags_only,30,2023-10-23,2023-10-27,4,historical_nan_block_numbering_divergence
21055007_10_49,lags_only,30,2023-10-23,2023-10-28,5,historical_nan_block_numbering_divergence
21055007_10_49,lags_only,30,2023-10-23,2023-10-29,6,historical_nan_block_numbering_divergence
21055007_10_49,lags_only,30,2023-10-23,2023-10-30,7,historical_nan_block_numbering_divergence
21055007_10_49,lags_only,30,2023-10-27,2023-10-28,1,historical_nan_block_numbering_divergence
21055007_10_49,lags_only,30,2023-10-27,2023-10-29,2,historical_nan_block_numbering_divergence
21055007_10_49,lags_only,30,2023-10-27,2023-10-30,3,historical_nan_block_numbering_divergence
21055007_10_49,lags_only,30,2023-10-27,2023-10-31,4,historical_nan_block_numbering_divergence
21055007_10_49,lags_only,30,2023-10-27,2023-11-01,5,historical_nan_block_numbering_divergence
21055007_10_49,lags_only,30,2023-10-27,2023-11-02,6,historical_nan_block_numbering_divergence
21055007_10_49,lags_only,30,2023-10-27,2023-11-03,7,historical_nan_block_numbering_divergence
21055007_10_49,lags_only,30,2023-10-28,2023-10-29,1,historical_nan_block_numbering_divergence
21055007_10_49,lags_only,30,2023-10-28,2023-10-30,2,historical_nan_block_numbering_divergence
21055007_10_49,lags_only,30,2023-10-28,2023-10-31,3,historical_nan_block_numbering_divergence
21055007_10_49,lags_only,30,2023-10-28,2023-11-01,4,historical_nan_block_numbering_divergence
21055007_10_49,lags_only,30,2023-10-28,2023-11-02,5,historical_nan_block_numbering_divergence
21055007_10_49,lags_only,30,2023-10-28,2023-11-03,6,historical_nan_block_numbering_divergence
21055007_10_49,lags_only,30,2023-10-28,2023-11-04,7,historical_nan_block_numbering_divergence
21055007_10_49,lags_only,30,2023-10-29,2023-10-30,1,historical_nan_block_numbering_divergence
21055007_10_49,lags_only,30,2023-10-29,2023-10-31,2,historical_nan_block_numbering_divergence
21055007_10_49,lags_only,30,2023-10-29,2023-11-01,3,historical_nan_block_numbering_divergence
21055007_10_49,lags_only,30,2023-10-29,2023-11-02,4,historical_nan_block_numbering_divergence
21055007_10_49,lags_only,30,2023-10-29,2023-11-03,5,historical_nan_block_numbering_divergence
21055007_10_49,lags_only,30,2023-10-29,2023-11-04,6,historical_nan_block_numbering_divergence
21055007_10_49,lags_only,30,2023-10-29,2023-11-05,7,historical_nan_block_numbering_divergence
21055007_10_49,lags_only,30,2023-10-30,2023-10-31,1,historical_nan_block_numbering_divergence
21055007_10_49,lags_only,30,2023-10-30,2023-11-01,2,historical_nan_block_numbering_divergence
21055007_10_49,lags_only,30,2023-10-30,2023-11-02,3,historical_nan_block_numbering_divergence
21055007_10_49,lags_only,30,2023-10-30,2023-11-03,4,historical_nan_block_numbering_divergence
21055007_10_49,lags_only,30,2023-10-30,2023-11-04,5,historical_nan_block_numbering_divergence
21055007_10_49,lags_only,30,2023-10-30,2023-11-05,6,historical_nan_block_numbering_divergence
21055007_10_49,lags_only,30,2023-10-30,2023-11-06,7,historical_nan_block_numbering_divergence
21055007_10_49,lags_only,30,2023-10-31,2023-11-01,1,historical_nan_block_numbering_divergence
21055007_10_49,lags_only,30,2023-10-31,2023-11-02,2,historical_nan_block_numbering_divergence
21055007_10_49,lags_only,30,2023-10-31,2023-11-03,3,historical_nan_block_numbering_divergence
21055007_10_49,lags_only,30,2023-10-31,2023-11-04,4,historical_nan_block_numbering_divergence
21055007_10_49,lags_only,30,2023-10-31,2023-11-05,5,historical_nan_block_numbering_divergence
21055007_10_49,lags_only,30,2023-10-31,2023-11-06,6,historical_nan_block_numbering_divergence
21055007_10_49,lags_only,30,2023-10-31,2023-11-07,7,historical_nan_block_numbering_divergence
21055007_10_49,lags_only,30,2023-11-03,2023-11-04,1,historical_nan_block_numbering_divergence
21055007_10_49,lags_only,30,2023-11-03,2023-11-05,2,historical_nan_block_numbering_divergence
21055007_10_49,lags_only,30,2023-11-03,2023-11-06,3,historical_nan_block_numbering_divergence
21055007_10_49,lags_only,30,2023-11-03,2023-11-07,4,historical_nan_block_numbering_divergence
21055007_10_49,lags_only,30,2023-11-03,2023-11-08,5,historical_nan_block_numbering_divergence
21055007_10_49,lags_only,30,2023-11-03,2023-11-09,6,historical_nan_block_numbering_divergence
21055007_10_49,lags_only,30,2023-11-03,2023-11-10,7,historical_nan_block_numbering_divergence
21055007_10_49,lags_only,30,2023-11-04,2023-11-05,1,historical_nan_block_numbering_divergence
21055007_10_49,lags_only,30,2023-11-04,2023-11-06,2,historical_nan_block_numbering_divergence
21055007_10_49,lags_only,30,2023-11-04,2023-11-07,3,historical_nan_block_numbering_divergence
21055007_10_49,lags_only,30,2023-11-04,2023-11-08,4,historical_nan_block_numbering_divergence
21055007_10_49,lags_only,30,2023-11-04,2023-11-09,5,historical_nan_block_numbering_divergence
21055007_10_49,lags_only,30,2023-11-04,2023-11-10,6,historical_nan_block_numbering_divergence
21055007_10_49,lags_only,30,2023-11-04,2023-11-11,7,historical_nan_block_numbering_divergence
21055007_10_49,lags_only,30,2023-11-05,2023-11-06,1,historical_nan_block_numbering_divergence
21055007_10_49,lags_only,30,2023-11-05,2023-11-07,2,historical_nan_block_numbering_divergence
21055007_10_49,lags_only,30,2023-11-05,2023-11-08,3,historical_nan_block_numbering_divergence
21055007_10_49,lags_only,30,2023-11-05,2023-11-09,4,historical_nan_block_numbering_divergence
21055007_10_49,lags_only,30,2023-11-05,2023-11-10,5,historical_nan_block_numbering_divergence
21055007_10_49,lags_only,30,2023-11-05,2023-11-11,6,historical_nan_block_numbering_divergence
21055007_10_49,lags_only,30,2023-11-05,2023-11-12,7,historical_nan_block_numbering_divergence
21055007_10_49,lags_only,30,2023-11-06,2023-11-07,1,historical_nan_block_numbering_divergence
21055007_10_49,lags_only,30,2023-11-06,2023-11-08,2,historical_nan_block_numbering_divergence
21055007_10_49,lags_only,30,2023-11-06,2023-11-09,3,historical_nan_block_numbering_divergence
21055007_10_49,lags_only,30,2023-11-06,2023-11-10,4,historical_nan_block_numbering_divergence
21055007_10_49,lags_only,30,2023-11-06,2023-11-11,5,historical_nan_block_numbering_divergence
21055007_10_49,lags_only,30,2023-11-06,2023-11-12,6,historical_nan_block_numbering_divergence
21055007_10_49,lags_only,30,2023-11-06,2023-11-13,7,historical_nan_block_numbering_divergence
21055007_10_49,lags_only,30,2023-11-07,2023-11-08,1,historical_nan_block_numbering_divergence
21055007_10_49,lags_only,30,2023-11-07,2023-11-09,2,historical_nan_block_numbering_divergence
21055007_10_49,lags_only,30,2023-11-07,2023-11-10,3,historical_nan_block_numbering_divergence
21055007_10_49,lags_only,30,2023-11-07,2023-11-11,4,historical_nan_block_numbering_divergence
21055007_10_49,lags_only,30,2023-11-07,2023-11-12,5,historical_nan_block_numbering_divergence
21055007_10_49,lags_only,30,2023-11-07,2023-11-13,6,historical_nan_block_numbering_divergence
21055007_10_49,lags_only,30,2023-11-07,2023-11-14,7,historical_nan_block_numbering_divergence
21055007_10_49,lags_only,30,2023-11-08,2023-11-09,1,historical_nan_block_numbering_divergence
21055007_10_49,lags_only,30,2023-11-08,2023-11-10,2,historical_nan_block_numbering_divergence
21055007_10_49,lags_only,30,2023-11-08,2023-11-11,3,historical_nan_block_numbering_divergence
21055007_10_49,lags_only,30,2023-11-08,2023-11-12,4,historical_nan_block_numbering_divergence
21055007_10_49,lags_only,30,2023-11-08,2023-11-13,5,historical_nan_block_numbering_divergence
21055007_10_49,lags_only,30,2023-11-08,2023-11-14,6,historical_nan_block_numbering_divergence
21055007_10_49,lags_only,30,2023-11-08,2023-11-15,7,historical_nan_block_numbering_divergence
21055007_10_49,lags_only,31,2023-11-09,2023-11-10,1,historical_nan_block_numbering_divergence
21055007_10_49,lags_only,31,2023-11-09,2023-11-11,2,historical_nan_block_numbering_divergence
21055007_10_49,lags_only,31,2023-11-09,2023-11-12,3,historical_nan_block_numbering_divergence
21055007_10_49,lags_only,31,2023-11-09,2023-11-13,4,historical_nan_block_numbering_divergence
21055007_10_49,lags_only,31,2023-11-09,2023-11-14,5,historical_nan_block_numbering_divergence
21055007_10_49,lags_only,31,2023-11-09,2023-11-15,6,historical_nan_block_numbering_divergence
21055007_10_49,lags_only,31,2023-11-09,2023-11-16,7,historical_nan_block_numbering_divergence
21055007_10_49,lags_only,31,2023-11-10,2023-11-11,1,historical_nan_block_numbering_divergence
21055007_10_49,lags_only,31,2023-11-10,2023-11-12,2,historical_nan_block_numbering_divergence
21055007_10_49,lags_only,31,2023-11-10,2023-11-13,3,historical_nan_block_numbering_divergence
21055007_10_49,lags_only,31,2023-11-10,2023-11-14,4,historical_nan_block_numbering_divergence
21055007_10_49,lags_only,31,2023-11-10,2023-11-15,5,historical_nan_block_numbering_divergence
21055007_10_49,lags_only,31,2023-11-10,2023-11-16,6,historical_nan_block_numbering_divergence
21055007_10_49,lags_only,31,2023-11-10,2023-11-17,7,historical_nan_block_numbering_divergence
21055007_10_49,lags_only,31,2023-11-11,2023-11-12,1,historical_nan_block_numbering_divergence
21055007_10_49,lags_only,31,2023-11-11,2023-11-13,2,historical_nan_block_numbering_divergence
21055007_10_49,lags_only,31,2023-11-11,2023-11-14,3,historical_nan_block_numbering_divergence
21055007_10_49,lags_only,31,2023-11-11,2023-11-15,4,historical_nan_block_numbering_divergence
21055007_10_49,lags_only,31,2023-11-11,2023-11-16,5,historical_nan_block_numbering_divergence
21055007_10_49,lags_only,31,2023-11-11,2023-11-17,6,historical_nan_block_numbering_divergence
21055007_10_49,lags_only,31,2023-11-11,2023-11-18,7,historical_nan_block_numbering_divergence
21055007_10_49,lags_only,31,2023-11-12,2023-11-13,1,historical_nan_block_numbering_divergence
21055007_10_49,lags_only,31,2023-11-12,2023-11-14,2,historical_nan_block_numbering_divergence
21055007_10_49,lags_only,31,2023-11-12,2023-11-15,3,historical_nan_block_numbering_divergence
21055007_10_49,lags_only,31,2023-11-12,2023-11-16,4,historical_nan_block_numbering_divergence
21055007_10_49,lags_only,31,2023-11-12,2023-11-17,5,historical_nan_block_numbering_divergence
21055007_10_49,lags_only,31,2023-11-12,2023-11-18,6,historical_nan_block_numbering_divergence
21055007_10_49,lags_only,31,2023-11-12,2023-11-19,7,historical_nan_block_numbering_divergence
21055007_10_49,lags_only,31,2023-11-13,2023-11-14,1,historical_nan_block_numbering_divergence
21055007_10_49,lags_only,31,2023-11-13,2023-11-15,2,historical_nan_block_numbering_divergence
21055007_10_49,lags_only,31,2023-11-13,2023-11-16,3,historical_nan_block_numbering_divergence
21055007_10_49,lags_only,31,2023-11-13,2023-11-17,4,historical_nan_block_numbering_divergence
21055007_10_49,lags_only,31,2023-11-13,2023-11-18,5,historical_nan_block_numbering_divergence
21055007_10_49,lags_only,31,2023-11-13,2023-11-19,6,historical_nan_block_numbering_divergence
21055007_10_49,lags_only,31,2023-11-13,2023-11-20,7,historical_nan_block_numbering_divergence
21055007_10_49,lags_only,31,2023-11-14,2023-11-15,1,historical_nan_block_numbering_divergence
21055007_10_49,lags_only,31,2023-11-14,2023-11-16,2,historical_nan_block_numbering_divergence
21055007_10_49,lags_only,31,2023-11-14,2023-11-17,3,historical_nan_block_numbering_divergence
21055007_10_49,lags_only,31,2023-11-14,2023-11-18,4,historical_nan_block_numbering_divergence
21055007_10_49,lags_only,31,2023-11-14,2023-11-19,5,historical_nan_block_numbering_divergence
21055007_10_49,lags_only,31,2023-11-14,2023-11-20,6,historical_nan_block_numbering_divergence
21055007_10_49,lags_only,31,2023-11-14,2023-11-21,7,historical_nan_block_numbering_divergence
21055007_10_49,lags_only,31,2023-11-17,2023-11-18,1,historical_nan_block_numbering_divergence
21055007_10_49,lags_only,31,2023-11-17,2023-11-19,2,historical_nan_block_numbering_divergence
21055007_10_49,lags_only,31,2023-11-17,2023-11-20,3,historical_nan_block_numbering_divergence
21055007_10_49,lags_only,31,2023-11-17,2023-11-21,4,historical_nan_block_numbering_divergence
21055007_10_49,lags_only,31,2023-11-17,2023-11-22,5,historical_nan_block_numbering_divergence
21055007_10_49,lags_only,31,2023-11-17,2023-11-23,6,historical_nan_block_numbering_divergence
21055007_10_49,lags_only,31,2023-11-17,2023-11-24,7,historical_nan_block_numbering_divergence
21055007_10_49,lags_only,31,2023-11-18,2023-11-19,1,historical_nan_block_numbering_divergence
21055007_10_49,lags_only,31,2023-11-18,2023-11-20,2,historical_nan_block_numbering_divergence
21055007_10_49,lags_only,31,2023-11-18,2023-11-21,3,historical_nan_block_numbering_divergence
21055007_10_49,lags_only,31,2023-11-18,2023-11-22,4,historical_nan_block_numbering_divergence
21055007_10_49,lags_only,31,2023-11-18,2023-11-23,5,historical_nan_block_numbering_divergence
21055007_10_49,lags_only,31,2023-11-18,2023-11-24,6,historical_nan_block_numbering_divergence
21055007_10_49,lags_only,31,2023-11-18,2023-11-25,7,historical_nan_block_numbering_divergence
21055007_10_49,lags_only,31,2023-11-19,2023-11-20,1,historical_nan_block_numbering_divergence
21055007_10_49,lags_only,31,2023-11-19,2023-11-21,2,historical_nan_block_numbering_divergence
21055007_10_49,lags_only,31,2023-11-19,2023-11-22,3,historical_nan_block_numbering_divergence
21055007_10_49,lags_only,31,2023-11-19,2023-11-23,4,historical_nan_block_numbering_divergence
21055007_10_49,lags_only,31,2023-11-19,2023-11-24,5,historical_nan_block_numbering_divergence
21055007_10_49,lags_only,31,2023-11-19,2023-11-25,6,historical_nan_block_numbering_divergence
21055007_10_49,lags_only,31,2023-11-19,2023-11-26,7,historical_nan_block_numbering_divergence
21055007_10_49,lags_only,31,2023-11-20,2023-11-21,1,historical_nan_block_numbering_divergence
21055007_10_49,lags_only,31,2023-11-20,2023-11-22,2,historical_nan_block_numbering_divergence
21055007_10_49,lags_only,31,2023-11-20,2023-11-23,3,historical_nan_block_numbering_divergence
21055007_10_49,lags_only,31,2023-11-20,2023-11-24,4,historical_nan_block_numbering_divergence
21055007_10_49,lags_only,31,2023-11-20,2023-11-25,5,historical_nan_block_numbering_divergence
21055007_10_49,lags_only,31,2023-11-20,2023-11-26,6,historical_nan_block_numbering_divergence
21055007_10_49,lags_only,31,2023-11-20,2023-11-27,7,historical_nan_block_numbering_divergence
21055007_10_49,lags_only,31,2023-11-21,2023-11-22,1,historical_nan_block_numbering_divergence
21055007_10_49,lags_only,31,2023-11-21,2023-11-23,2,historical_nan_block_numbering_divergence
21055007_10_49,lags_only,31,2023-11-21,2023-11-24,3,historical_nan_block_numbering_divergence
21055007_10_49,lags_only,31,2023-11-21,2023-11-25,4,historical_nan_block_numbering_divergence
21055007_10_49,lags_only,31,2023-11-21,2023-11-26,5,historical_nan_block_numbering_divergence
21055007_10_49,lags_only,31,2023-11-21,2023-11-27,6,historical_nan_block_numbering_divergence
21055007_10_49,lags_only,31,2023-11-21,2023-11-28,7,historical_nan_block_numbering_divergence
21055007_10_49,lags_only,31,2023-11-22,2023-11-23,1,historical_nan_block_numbering_divergence
21055007_10_49,lags_only,31,2023-11-22,2023-11-24,2,historical_nan_block_numbering_divergence
21055007_10_49,lags_only,31,2023-11-22,2023-11-25,3,historical_nan_block_numbering_divergence
21055007_10_49,lags_only,31,2023-11-22,2023-11-26,4,historical_nan_block_numbering_divergence
21055007_10_49,lags_only,31,2023-11-22,2023-11-27,5,historical_nan_block_numbering_divergence
21055007_10_49,lags_only,31,2023-11-22,2023-11-28,6,historical_nan_block_numbering_divergence
21055007_10_49,lags_only,31,2023-11-22,2023-11-29,7,historical_nan_block_numbering_divergence
21055007_10_49,lags_only,31,2023-11-23,2023-11-24,1,historical_nan_block_numbering_divergence
21055007_10_49,lags_only,31,2023-11-23,2023-11-25,2,historical_nan_block_numbering_divergence
21055007_10_49,lags_only,31,2023-11-23,2023-11-26,3,historical_nan_block_numbering_divergence
21055007_10_49,lags_only,31,2023-11-23,2023-11-27,4,historical_nan_block_numbering_divergence
21055007_10_49,lags_only,31,2023-11-23,2023-11-28,5,historical_nan_block_numbering_divergence
21055007_10_49,lags_only,31,2023-11-23,2023-11-29,6,historical_nan_block_numbering_divergence
21055007_10_49,lags_only,31,2023-11-23,2023-11-30,7,historical_nan_block_numbering_divergence
21055007_10_49,lags_only,31,2023-11-24,2023-11-25,1,historical_nan_block_numbering_divergence
21055007_10_49,lags_only,31,2023-11-24,2023-11-26,2,historical_nan_block_numbering_divergence
21055007_10_49,lags_only,31,2023-11-24,2023-11-27,3,historical_nan_block_numbering_divergence
21055007_10_49,lags_only,31,2023-11-24,2023-11-28,4,historical_nan_block_numbering_divergence
21055007_10_49,lags_only,31,2023-11-24,2023-11-29,5,historical_nan_block_numbering_divergence
21055007_10_49,lags_only,31,2023-11-24,2023-11-30,6,historical_nan_block_numbering_divergence
21055007_10_49,lags_only,31,2023-11-24,2023-12-01,7,historical_nan_block_numbering_divergence
21055007_10_49,lags_only,31,2023-11-25,2023-11-26,1,historical_nan_block_numbering_divergence
21055007_10_49,lags_only,31,2023-11-25,2023-11-27,2,historical_nan_block_numbering_divergence
21055007_10_49,lags_only,31,2023-11-25,2023-11-28,3,historical_nan_block_numbering_divergence
21055007_10_49,lags_only,31,2023-11-25,2023-11-29,4,historical_nan_block_numbering_divergence
21055007_10_49,lags_only,31,2023-11-25,2023-11-30,5,historical_nan_block_numbering_divergence
21055007_10_49,lags_only,31,2023-11-25,2023-12-01,6,historical_nan_block_numbering_divergence
21055007_10_49,lags_only,31,2023-11-25,2023-12-02,7,historical_nan_block_numbering_divergence
21055007_10_49,lags_only,31,2023-11-26,2023-11-27,1,historical_nan_block_numbering_divergence
21055007_10_49,lags_only,31,2023-11-26,2023-11-28,2,historical_nan_block_numbering_divergence
21055007_10_49,lags_only,31,2023-11-26,2023-11-29,3,historical_nan_block_numbering_divergence
21055007_10_49,lags_only,31,2023-11-26,2023-11-30,4,historical_nan_block_numbering_divergence
21055007_10_49,lags_only,31,2023-11-26,2023-12-01,5,historical_nan_block_numbering_divergence
21055007_10_49,lags_only,31,2023-11-26,2023-12-02,6,historical_nan_block_numbering_divergence
21055007_10_49,lags_only,31,2023-11-26,2023-12-03,7,historical_nan_block_numbering_divergence
21055007_10_49,lags_only,31,2023-11-27,2023-11-28,1,historical_nan_block_numbering_divergence
21055007_10_49,lags_only,31,2023-11-27,2023-11-29,2,historical_nan_block_numbering_divergence
21055007_10_49,lags_only,31,2023-11-27,2023-11-30,3,historical_nan_block_numbering_divergence
21055007_10_49,lags_only,31,2023-11-27,2023-12-01,4,historical_nan_block_numbering_divergence
21055007_10_49,lags_only,31,2023-11-27,2023-12-02,5,historical_nan_block_numbering_divergence
21055007_10_49,lags_only,31,2023-11-27,2023-12-03,6,historical_nan_block_numbering_divergence
21055007_10_49,lags_only,31,2023-11-27,2023-12-04,7,historical_nan_block_numbering_divergence
21055007_10_49,lags_only,31,2023-11-28,2023-11-29,1,historical_nan_block_numbering_divergence
21055007_10_49,lags_only,31,2023-11-28,2023-11-30,2,historical_nan_block_numbering_divergence
21055007_10_49,lags_only,31,2023-11-28,2023-12-01,3,historical_nan_block_numbering_divergence
21055007_10_49,lags_only,31,2023-11-28,2023-12-02,4,historical_nan_block_numbering_divergence
21055007_10_49,lags_only,31,2023-11-28,2023-12-03,5,historical_nan_block_numbering_divergence
21055007_10_49,lags_only,31,2023-11-28,2023-12-04,6,historical_nan_block_numbering_divergence
21055007_10_49,lags_only,31,2023-11-28,2023-12-05,7,historical_nan_block_numbering_divergence
21055007_10_49,lags_only,31,2023-11-29,2023-11-30,1,historical_nan_block_numbering_divergence
21055007_10_49,lags_only,31,2023-11-29,2023-12-01,2,historical_nan_block_numbering_divergence
21055007_10_49,lags_only,31,2023-11-29,2023-12-02,3,historical_nan_block_numbering_divergence
21055007_10_49,lags_only,31,2023-11-29,2023-12-03,4,historical_nan_block_numbering_divergence
21055007_10_49,lags_only,31,2023-11-29,2023-12-04,5,historical_nan_block_numbering_divergence
21055007_10_49,lags_only,31,2023-11-29,2023-12-05,6,historical_nan_block_numbering_divergence
21055007_10_49,lags_only,31,2023-11-29,2023-12-06,7,historical_nan_block_numbering_divergence
21055007_10_49,lags_only,31,2023-11-30,2023-12-01,1,historical_nan_block_numbering_divergence
21055007_10_49,lags_only,31,2023-11-30,2023-12-02,2,historical_nan_block_numbering_divergence
21055007_10_49,lags_only,31,2023-11-30,2023-12-03,3,historical_nan_block_numbering_divergence
21055007_10_49,lags_only,31,2023-11-30,2023-12-04,4,historical_nan_block_numbering_divergence
21055007_10_49,lags_only,31,2023-11-30,2023-12-05,5,historical_nan_block_numbering_divergence
21055007_10_49,lags_only,31,2023-11-30,2023-12-06,6,historical_nan_block_numbering_divergence
21055007_10_49,lags_only,31,2023-11-30,2023-12-07,7,historical_nan_block_numbering_divergence
21055007_10_49,lags_only,31,2023-12-01,2023-12-02,1,historical_nan_block_numbering_divergence
21055007_10_49,lags_only,31,2023-12-01,2023-12-03,2,historical_nan_block_numbering_divergence
21055007_10_49,lags_only,31,2023-12-01,2023-12-04,3,historical_nan_block_numbering_divergence
21055007_10_49,lags_only,31,2023-12-01,2023-12-05,4,historical_nan_block_numbering_divergence
21055007_10_49,lags_only,31,2023-12-01,2023-12-06,5,historical_nan_block_numbering_divergence
21055007_10_49,lags_only,31,2023-12-01,2023-12-07,6,historical_nan_block_numbering_divergence
21055007_10_49,lags_only,31,2023-12-01,2023-12-08,7,historical_nan_block_numbering_divergence
21055007_10_49,lags_only,31,2023-12-02,2023-12-03,1,historical_nan_block_numbering_divergence
21055007_10_49,lags_only,31,2023-12-02,2023-12-04,2,historical_nan_block_numbering_divergence
21055007_10_49,lags_only,31,2023-12-02,2023-12-05,3,historical_nan_block_numbering_divergence
21055007_10_49,lags_only,31,2023-12-02,2023-12-06,4,historical_nan_block_numbering_divergence
21055007_10_49,lags_only,31,2023-12-02,2023-12-07,5,historical_nan_block_numbering_divergence
21055007_10_49,lags_only,31,2023-12-02,2023-12-08,6,historical_nan_block_numbering_divergence
21055007_10_49,lags_only,31,2023-12-02,2023-12-09,7,historical_nan_block_numbering_divergence
21055007_10_49,lags_only,31,2023-12-03,2023-12-04,1,historical_nan_block_numbering_divergence
21055007_10_49,lags_only,31,2023-12-03,2023-12-05,2,historical_nan_block_numbering_divergence
21055007_10_49,lags_only,31,2023-12-03,2023-12-06,3,historical_nan_block_numbering_divergence
21055007_10_49,lags_only,31,2023-12-03,2023-12-07,4,historical_nan_block_numbering_divergence
21055007_10_49,lags_only,31,2023-12-03,2023-12-08,5,historical_nan_block_numbering_divergence
21055007_10_49,lags_only,31,2023-12-03,2023-12-09,6,historical_nan_block_numbering_divergence
21055007_10_49,lags_only,31,2023-12-03,2023-12-10,7,historical_nan_block_numbering_divergence
21055007_10_49,lags_only,31,2023-12-04,2023-12-05,1,historical_nan_block_numbering_divergence
21055007_10_49,lags_only,31,2023-12-04,2023-12-06,2,historical_nan_block_numbering_divergence
21055007_10_49,lags_only,31,2023-12-04,2023-12-07,3,historical_nan_block_numbering_divergence
21055007_10_49,lags_only,31,2023-12-04,2023-12-08,4,historical_nan_block_numbering_divergence
21055007_10_49,lags_only,31,2023-12-04,2023-12-09,5,historical_nan_block_numbering_divergence
21055007_10_49,lags_only,31,2023-12-04,2023-12-10,6,historical_nan_block_numbering_divergence
21055007_10_49,lags_only,31,2023-12-04,2023-12-11,7,historical_nan_block_numbering_divergence
21055007_10_49,lags_only,31,2023-12-05,2023-12-06,1,historical_nan_block_numbering_divergence
21055007_10_49,lags_only,31,2023-12-05,2023-12-07,2,historical_nan_block_numbering_divergence
21055007_10_49,lags_only,31,2023-12-05,2023-12-08,3,historical_nan_block_numbering_divergence
21055007_10_49,lags_only,31,2023-12-05,2023-12-09,4,historical_nan_block_numbering_divergence
21055007_10_49,lags_only,31,2023-12-05,2023-12-10,5,historical_nan_block_numbering_divergence
21055007_10_49,lags_only,31,2023-12-05,2023-12-11,6,historical_nan_block_numbering_divergence
21055007_10_49,lags_only,31,2023-12-05,2023-12-12,7,historical_nan_block_numbering_divergence
21055007_10_49,lags_only,31,2023-12-06,2023-12-07,1,historical_nan_block_numbering_divergence
21055007_10_49,lags_only,31,2023-12-06,2023-12-08,2,historical_nan_block_numbering_divergence
21055007_10_49,lags_only,31,2023-12-06,2023-12-09,3,historical_nan_block_numbering_divergence
21055007_10_49,lags_only,31,2023-12-06,2023-12-10,4,historical_nan_block_numbering_divergence
21055007_10_49,lags_only,31,2023-12-06,2023-12-11,5,historical_nan_block_numbering_divergence
21055007_10_49,lags_only,31,2023-12-06,2023-12-12,6,historical_nan_block_numbering_divergence
21055007_10_49,lags_only,31,2023-12-06,2023-12-13,7,historical_nan_block_numbering_divergence
21055007_10_49,lags_only,32,2023-12-07,2023-12-08,1,historical_nan_block_numbering_divergence
21055007_10_49,lags_only,32,2023-12-07,2023-12-09,2,historical_nan_block_numbering_divergence
21055007_10_49,lags_only,32,2023-12-07,2023-12-10,3,historical_nan_block_numbering_divergence
21055007_10_49,lags_only,32,2023-12-07,2023-12-11,4,historical_nan_block_numbering_divergence
21055007_10_49,lags_only,32,2023-12-07,2023-12-12,5,historical_nan_block_numbering_divergence
21055007_10_49,lags_only,32,2023-12-07,2023-12-13,6,historical_nan_block_numbering_divergence
21055007_10_49,lags_only,32,2023-12-07,2023-12-14,7,historical_nan_block_numbering_divergence
21055007_10_49,lags_only,32,2023-12-08,2023-12-09,1,historical_nan_block_numbering_divergence
21055007_10_49,lags_only,32,2023-12-08,2023-12-10,2,historical_nan_block_numbering_divergence
21055007_10_49,lags_only,32,2023-12-08,2023-12-11,3,historical_nan_block_numbering_divergence
21055007_10_49,lags_only,32,2023-12-08,2023-12-12,4,historical_nan_block_numbering_divergence
21055007_10_49,lags_only,32,2023-12-08,2023-12-13,5,historical_nan_block_numbering_divergence
21055007_10_49,lags_only,32,2023-12-08,2023-12-14,6,historical_nan_block_numbering_divergence
21055007_10_49,lags_only,32,2023-12-08,2023-12-15,7,historical_nan_block_numbering_divergence
21055007_10_49,lags_only,32,2023-12-09,2023-12-10,1,historical_nan_block_numbering_divergence
21055007_10_49,lags_only,32,2023-12-09,2023-12-11,2,historical_nan_block_numbering_divergence
21055007_10_49,lags_only,32,2023-12-09,2023-12-12,3,historical_nan_block_numbering_divergence
21055007_10_49,lags_only,32,2023-12-09,2023-12-13,4,historical_nan_block_numbering_divergence
21055007_10_49,lags_only,32,2023-12-09,2023-12-14,5,historical_nan_block_numbering_divergence
21055007_10_49,lags_only,32,2023-12-09,2023-12-15,6,historical_nan_block_numbering_divergence
21055007_10_49,lags_only,32,2023-12-09,2023-12-16,7,historical_nan_block_numbering_divergence
21055007_10_49,lags_only,32,2023-12-10,2023-12-11,1,historical_nan_block_numbering_divergence
21055007_10_49,lags_only,32,2023-12-10,2023-12-12,2,historical_nan_block_numbering_divergence
21055007_10_49,lags_only,32,2023-12-10,2023-12-13,3,historical_nan_block_numbering_divergence
21055007_10_49,lags_only,32,2023-12-10,2023-12-14,4,historical_nan_block_numbering_divergence
21055007_10_49,lags_only,32,2023-12-10,2023-12-15,5,historical_nan_block_numbering_divergence
21055007_10_49,lags_only,32,2023-12-10,2023-12-16,6,historical_nan_block_numbering_divergence
21055007_10_49,lags_only,32,2023-12-10,2023-12-17,7,historical_nan_block_numbering_divergence
21055007_10_49,lags_only,32,2023-12-11,2023-12-12,1,historical_nan_block_numbering_divergence
21055007_10_49,lags_only,32,2023-12-11,2023-12-13,2,historical_nan_block_numbering_divergence
21055007_10_49,lags_only,32,2023-12-11,2023-12-14,3,historical_nan_block_numbering_divergence
21055007_10_49,lags_only,32,2023-12-11,2023-12-15,4,historical_nan_block_numbering_divergence
21055007_10_49,lags_only,32,2023-12-11,2023-12-16,5,historical_nan_block_numbering_divergence
21055007_10_49,lags_only,32,2023-12-11,2023-12-17,6,historical_nan_block_numbering_divergence
21055007_10_49,lags_only,32,2023-12-11,2023-12-18,7,historical_nan_block_numbering_divergence
21055007_10_49,lags_only,32,2023-12-12,2023-12-13,1,historical_nan_block_numbering_divergence
21055007_10_49,lags_only,32,2023-12-12,2023-12-14,2,historical_nan_block_numbering_divergence
21055007_10_49,lags_only,32,2023-12-12,2023-12-15,3,historical_nan_block_numbering_divergence
21055007_10_49,lags_only,32,2023-12-12,2023-12-16,4,historical_nan_block_numbering_divergence
21055007_10_49,lags_only,32,2023-12-12,2023-12-17,5,historical_nan_block_numbering_divergence
21055007_10_49,lags_only,32,2023-12-12,2023-12-18,6,historical_nan_block_numbering_divergence
21055007_10_49,lags_only,32,2023-12-12,2023-12-19,7,historical_nan_block_numbering_divergence
21055007_10_49,lags_only,32,2023-12-13,2023-12-14,1,historical_nan_block_numbering_divergence
21055007_10_49,lags_only,32,2023-12-13,2023-12-15,2,historical_nan_block_numbering_divergence
21055007_10_49,lags_only,32,2023-12-13,2023-12-16,3,historical_nan_block_numbering_divergence
21055007_10_49,lags_only,32,2023-12-13,2023-12-17,4,historical_nan_block_numbering_divergence
21055007_10_49,lags_only,32,2023-12-13,2023-12-18,5,historical_nan_block_numbering_divergence
21055007_10_49,lags_only,32,2023-12-13,2023-12-19,6,historical_nan_block_numbering_divergence
21055007_10_49,lags_only,32,2023-12-13,2023-12-20,7,historical_nan_block_numbering_divergence
21055007_10_49,lags_only,32,2023-12-14,2023-12-15,1,historical_nan_block_numbering_divergence
21055007_10_49,lags_only,32,2023-12-14,2023-12-16,2,historical_nan_block_numbering_divergence
21055007_10_49,lags_only,32,2023-12-14,2023-12-17,3,historical_nan_block_numbering_divergence
21055007_10_49,lags_only,32,2023-12-14,2023-12-18,4,historical_nan_block_numbering_divergence
21055007_10_49,lags_only,32,2023-12-14,2023-12-19,5,historical_nan_block_numbering_divergence
21055007_10_49,lags_only,32,2023-12-14,2023-12-20,6,historical_nan_block_numbering_divergence
21055007_10_49,lags_only,32,2023-12-15,2023-12-16,1,historical_nan_block_numbering_divergence
21055007_10_49,lags_only,32,2023-12-15,2023-12-17,2,historical_nan_block_numbering_divergence
21055007_10_49,lags_only,32,2023-12-15,2023-12-18,3,historical_nan_block_numbering_divergence
21055007_10_49,lags_only,32,2023-12-15,2023-12-19,4,historical_nan_block_numbering_divergence
21055007_10_49,lags_only,32,2023-12-15,2023-12-20,5,historical_nan_block_numbering_divergence
21055007_10_49,lags_only,32,2023-12-16,2023-12-17,1,historical_nan_block_numbering_divergence
21055007_10_49,lags_only,32,2023-12-16,2023-12-18,2,historical_nan_block_numbering_divergence
21055007_10_49,lags_only,32,2023-12-16,2023-12-19,3,historical_nan_block_numbering_divergence
21055007_10_49,lags_only,32,2023-12-16,2023-12-20,4,historical_nan_block_numbering_divergence
21055007_10_49,lags_only,32,2023-12-17,2023-12-18,1,historical_nan_block_numbering_divergence
21055007_10_49,lags_only,32,2023-12-17,2023-12-19,2,historical_nan_block_numbering_divergence
21055007_10_49,lags_only,32,2023-12-17,2023-12-20,3,historical_nan_block_numbering_divergence
21055007_10_49,lags_only,32,2023-12-18,2023-12-19,1,historical_nan_block_numbering_divergence
21055007_10_49,lags_only,32,2023-12-18,2023-12-20,2,historical_nan_block_numbering_divergence
21055007_10_49,lags_only,32,2023-12-19,2023-12-20,1,historical_nan_block_numbering_divergence
21055007_10_49,lags_only,32,2023-12-21,2023-12-28,7,historical_nan_block_numbering_divergence
